occ_code,sector_code,emp_share,source_tag
11-1011,11,0.0008319060435527281,real:OEWS_May2025_industry
11-1011,21,0.0033276241742109126,real:OEWS_May2025_industry
11-1011,22,0.006312698801076585,real:OEWS_May2025_industry
11-1011,23,0.03156349400538292,real:OEWS_May2025_industry
11-1011,31-33,0.053780278933202835,real:OEWS_May2025_industry
11-1011,42,0.04707609493516027,real:OEWS_May2025_industry
11-1011,44-45,0.020504037191093713,real:OEWS_May2025_industry
11-1011,48-49,0.013653046244188892,real:OEWS_May2025_industry
11-1011,51,0.04316124296550037,real:OEWS_May2025_industry
11-1011,52,0.08451186689503302,real:OEWS_May2025_industry
11-1011,53,0.029067775874724738,real:OEWS_May2025_industry
11-1011,54,0.19662344017616834,real:OEWS_May2025_industry
11-1011,55,0.07570344996329827,real:OEWS_May2025_industry
11-1011,56,0.04418889160753609,real:OEWS_May2025_industry
11-1011,61,0.08480548079275753,real:OEWS_May2025_industry
11-1011,62,0.09009053095179838,real:OEWS_May2025_industry
11-1011,71,0.0171764130168828,real:OEWS_May2025_industry
11-1011,72,0.004844629312454123,real:OEWS_May2025_industry
11-1011,81,0.04448250550526058,real:OEWS_May2025_industry
11-1011,92,0.1082945926107169,real:OEWS_May2025_industry
11-1021,11,0.001615753309296862,real:OEWS_May2025_industry
11-1021,21,0.006037664751171136,real:OEWS_May2025_industry
11-1021,22,0.00484155055223936,real:OEWS_May2025_industry
11-1021,23,0.07508114450144304,real:OEWS_May2025_industry
11-1021,31-33,0.07109885498471315,real:OEWS_May2025_industry
11-1021,42,0.07241201138449505,real:OEWS_May2025_industry
11-1021,44-45,0.12672530195460474,real:OEWS_May2025_industry
11-1021,48-49,0.03435045860559918,real:OEWS_May2025_industry
11-1021,51,0.02642869988952358,real:OEWS_May2025_industry
11-1021,52,0.0583840754094336,real:OEWS_May2025_industry
11-1021,53,0.030136939374994648,real:OEWS_May2025_industry
11-1021,54,0.12524086428528608,real:OEWS_May2025_industry
11-1021,55,0.03560937593669444,real:OEWS_May2025_industry
11-1021,56,0.07134150344989024,real:OEWS_May2025_industry
11-1021,61,0.018983674040325322,real:OEWS_May2025_industry
11-1021,62,0.051972446553107184,real:OEWS_May2025_industry
11-1021,71,0.02425913714205783,real:OEWS_May2025_industry
11-1021,72,0.0618782133079837,real:OEWS_May2025_industry
11-1021,81,0.062297852418348794,real:OEWS_May2025_industry
11-1021,92,0.04130447814879204,real:OEWS_May2025_industry
11-1031,11,0.0010807412369463931,derived: major-group average (not published by OEWS by industry)
11-1031,21,0.004267351713001419,derived: major-group average (not published by OEWS by industry)
11-1031,22,0.005032872177192015,derived: major-group average (not published by OEWS by industry)
11-1031,23,0.0609782234574071,derived: major-group average (not published by OEWS by industry)
11-1031,31-33,0.078985708650009,derived: major-group average (not published by OEWS by industry)
11-1031,42,0.05788269140575512,derived: major-group average (not published by OEWS by industry)
11-1031,44-45,0.05762725299670658,derived: major-group average (not published by OEWS by industry)
11-1031,48-49,0.02545841421412526,derived: major-group average (not published by OEWS by industry)
11-1031,51,0.03439519791790052,derived: major-group average (not published by OEWS by industry)
11-1031,52,0.07178329370301119,derived: major-group average (not published by OEWS by industry)
11-1031,53,0.04047476749709376,derived: major-group average (not published by OEWS by industry)
11-1031,54,0.12519941191396203,derived: major-group average (not published by OEWS by industry)
11-1031,55,0.05774303265134887,derived: major-group average (not published by OEWS by industry)
11-1031,56,0.04382130602613804,derived: major-group average (not published by OEWS by industry)
11-1031,61,0.07817184966866643,derived: major-group average (not published by OEWS by industry)
11-1031,62,0.09856187138489687,derived: major-group average (not published by OEWS by industry)
11-1031,71,0.015855433139776547,derived: major-group average (not published by OEWS by industry)
11-1031,72,0.04620176194497139,derived: major-group average (not published by OEWS by industry)
11-1031,81,0.03507631104639552,derived: major-group average (not published by OEWS by industry)
11-1031,92,0.06140250725469592,derived: major-group average (not published by OEWS by industry)
11-2011,23,0.003399708596406022,real:OEWS_May2025_industry
11-2011,31-33,0.016027197668771247,real:OEWS_May2025_industry
11-2011,42,0.06070908207867897,real:OEWS_May2025_industry
11-2011,44-45,0.03205439533754249,real:OEWS_May2025_industry
11-2011,48-49,0.0029140359397765905,real:OEWS_May2025_industry
11-2011,51,0.14813016027197667,real:OEWS_May2025_industry
11-2011,52,0.02428363283147159,real:OEWS_May2025_industry
11-2011,53,0.003885381253035454,real:OEWS_May2025_industry
11-2011,54,0.519669742593492,real:OEWS_May2025_industry
11-2011,55,0.10684798445847499,real:OEWS_May2025_industry
11-2011,61,0.014570179698882952,real:OEWS_May2025_industry
11-2011,62,0.003885381253035454,real:OEWS_May2025_industry
11-2011,71,0.029140359397765905,real:OEWS_May2025_industry
11-2011,72,0.016027197668771247,real:OEWS_May2025_industry
11-2011,81,0.011170471102476931,real:OEWS_May2025_industry
11-2011,92,0.007285089849441476,real:OEWS_May2025_industry
11-2021,11,0.00017710309930423784,real:OEWS_May2025_industry
11-2021,21,0.001366223908918406,real:OEWS_May2025_industry
11-2021,22,0.0031878557874762807,real:OEWS_May2025_industry
11-2021,23,0.013864642631246047,real:OEWS_May2025_industry
11-2021,31-33,0.07959519291587602,real:OEWS_May2025_industry
11-2021,42,0.10411132194813409,real:OEWS_May2025_industry
11-2021,44-45,0.02588235294117647,real:OEWS_May2025_industry
11-2021,48-49,0.013004427577482606,real:OEWS_May2025_industry
11-2021,51,0.10790638836179633,real:OEWS_May2025_industry
11-2021,52,0.09895003162555345,real:OEWS_May2025_industry
11-2021,53,0.016369386464263124,real:OEWS_May2025_industry
11-2021,54,0.2445540796963947,real:OEWS_May2025_industry
11-2021,55,0.13265022137887414,real:OEWS_May2025_industry
11-2021,56,0.04564199873497786,real:OEWS_May2025_industry
11-2021,61,0.026869070208728654,real:OEWS_May2025_industry
11-2021,62,0.03235926628716002,real:OEWS_May2025_industry
11-2021,71,0.017710309930423784,real:OEWS_May2025_industry
11-2021,72,0.00888045540796964,real:OEWS_May2025_industry
11-2021,81,0.021277672359266288,real:OEWS_May2025_industry
11-2021,92,0.005641998734977862,real:OEWS_May2025_industry
11-2022,11,0.0005179720609009575,real:OEWS_May2025_industry
11-2022,21,0.00138125882906922,real:OEWS_May2025_industry
11-2022,22,0.002888086642599278,real:OEWS_May2025_industry
11-2022,23,0.018898132161356145,real:OEWS_May2025_industry
11-2022,31-33,0.10271542928896563,real:OEWS_May2025_industry
11-2022,42,0.2088683095275467,real:OEWS_May2025_industry
11-2022,44-45,0.16757180976298855,real:OEWS_May2025_industry
11-2022,48-49,0.01960445769894836,real:OEWS_May2025_industry
11-2022,51,0.07284570711034374,real:OEWS_May2025_industry
11-2022,52,0.09657824517344216,real:OEWS_May2025_industry
11-2022,53,0.014974101396954952,real:OEWS_May2025_industry
11-2022,54,0.13379375294302306,real:OEWS_May2025_industry
11-2022,55,0.05925286454245801,real:OEWS_May2025_industry
11-2022,56,0.04664887772720138,real:OEWS_May2025_industry
11-2022,61,0.004426306702244546,real:OEWS_May2025_industry
11-2022,62,0.009606027311254121,real:OEWS_May2025_industry
11-2022,71,0.008899701773661905,real:OEWS_May2025_industry
11-2022,72,0.018929524407471355,real:OEWS_May2025_industry
11-2022,81,0.010139695495212682,real:OEWS_May2025_industry
11-2022,92,0.0014597394443572438,real:OEWS_May2025_industry
11-2032,21,0.0020034726859890477,real:OEWS_May2025_industry
11-2032,22,0.009349539201282222,real:OEWS_May2025_industry
11-2032,23,0.004274075063443301,real:OEWS_May2025_industry
11-2032,31-33,0.023640977694670762,real:OEWS_May2025_industry
11-2032,42,0.02858287698677708,real:OEWS_May2025_industry
11-2032,44-45,0.007078936823827969,real:OEWS_May2025_industry
11-2032,48-49,0.009883798584212636,real:OEWS_May2025_industry
11-2032,51,0.060772004808334446,real:OEWS_May2025_industry
11-2032,52,0.06424469079738213,real:OEWS_May2025_industry
11-2032,53,0.007880325898223588,real:OEWS_May2025_industry
11-2032,54,0.20649125150260453,real:OEWS_May2025_industry
11-2032,55,0.10297849605983705,real:OEWS_May2025_industry
11-2032,56,0.029250701215440097,real:OEWS_May2025_industry
11-2032,61,0.12795512221183383,real:OEWS_May2025_industry
11-2032,62,0.05542941097903032,real:OEWS_May2025_industry
11-2032,71,0.02858287698677708,real:OEWS_May2025_industry
11-2032,72,0.004274075063443301,real:OEWS_May2025_industry
11-2032,81,0.14598637638573528,real:OEWS_May2025_industry
11-2032,92,0.08134099105115533,real:OEWS_May2025_industry
11-2033,23,0.002336448598130841,real:OEWS_May2025_industry
11-2033,31-33,0.0010384215991692627,real:OEWS_May2025_industry
11-2033,44-45,0.001557632398753894,real:OEWS_May2025_industry
11-2033,51,0.015316718587746626,real:OEWS_May2025_industry
11-2033,52,0.004932502596053998,real:OEWS_May2025_industry
11-2033,54,0.031931464174454825,real:OEWS_May2025_industry
11-2033,55,0.03997923156801662,real:OEWS_May2025_industry
11-2033,56,0.021287642782969886,real:OEWS_May2025_industry
11-2033,61,0.3312564901349948,real:OEWS_May2025_industry
11-2033,62,0.1770508826583593,real:OEWS_May2025_industry
11-2033,71,0.06230529595015576,real:OEWS_May2025_industry
11-2033,81,0.3032191069574247,real:OEWS_May2025_industry
11-2033,92,0.00778816199376947,real:OEWS_May2025_industry
11-3012,11,0.0005682679193817245,real:OEWS_May2025_industry
11-3012,21,0.0026140324291559327,real:OEWS_May2025_industry
11-3012,22,0.007008637672374602,real:OEWS_May2025_industry
11-3012,23,0.04849219578724049,real:OEWS_May2025_industry
11-3012,31-33,0.04383239884831035,real:OEWS_May2025_industry
11-3012,42,0.050424306713138356,real:OEWS_May2025_industry
11-3012,44-45,0.019358993786937416,real:OEWS_May2025_industry
11-3012,48-49,0.019321109258978633,real:OEWS_May2025_industry
11-3012,51,0.030951659342324595,real:OEWS_May2025_industry
11-3012,52,0.08899075617517806,real:OEWS_May2025_industry
11-3012,53,0.014055159872707987,real:OEWS_May2025_industry
11-3012,54,0.11547204121836642,real:OEWS_May2025_industry
11-3012,55,0.05599333232307926,real:OEWS_May2025_industry
11-3012,56,0.05159872707986059,real:OEWS_May2025_industry
11-3012,61,0.09702227610243977,real:OEWS_May2025_industry
11-3012,62,0.1388089104409759,real:OEWS_May2025_industry
11-3012,71,0.011251704803758145,real:OEWS_May2025_industry
11-3012,72,0.014396120624337021,real:OEWS_May2025_industry
11-3012,81,0.02549628731626004,real:OEWS_May2025_industry
11-3012,92,0.16434308228519473,real:OEWS_May2025_industry
11-3013,11,0.001920860545524395,real:OEWS_May2025_industry
11-3013,21,0.005570495582020745,real:OEWS_May2025_industry
11-3013,22,0.0073632987578435135,real:OEWS_May2025_industry
11-3013,23,0.013638109873223205,real:OEWS_May2025_industry
11-3013,31-33,0.11902932513766168,real:OEWS_May2025_industry
11-3013,42,0.03700857984377001,real:OEWS_May2025_industry
11-3013,44-45,0.019272634140094762,real:OEWS_May2025_industry
11-3013,48-49,0.04289921885004482,real:OEWS_May2025_industry
11-3013,51,0.01536688436419516,real:OEWS_May2025_industry
11-3013,52,0.025419387885772825,real:OEWS_May2025_industry
11-3013,53,0.04878985785631963,real:OEWS_May2025_industry
11-3013,54,0.052247406838263545,real:OEWS_May2025_industry
11-3013,55,0.057369701626328595,real:OEWS_May2025_industry
11-3013,56,0.07158406966320911,real:OEWS_May2025_industry
11-3013,61,0.13125880394416697,real:OEWS_May2025_industry
11-3013,62,0.11345882955564093,real:OEWS_May2025_industry
11-3013,71,0.057369701626328595,real:OEWS_May2025_industry
11-3013,72,0.046804968625944424,real:OEWS_May2025_industry
11-3013,81,0.03643232168011269,real:OEWS_May2025_industry
11-3013,92,0.09719554360353438,real:OEWS_May2025_industry
11-3021,11,0.00020876826722338206,real:OEWS_May2025_industry
11-3021,21,0.001521025946913212,real:OEWS_May2025_industry
11-3021,22,0.004756934088875633,real:OEWS_May2025_industry
11-3021,23,0.006531464360274381,real:OEWS_May2025_industry
11-3021,31-33,0.0646436027438115,real:OEWS_May2025_industry
11-3021,42,0.04181330152102595,real:OEWS_May2025_industry
11-3021,44-45,0.006859528780196839,real:OEWS_May2025_industry
11-3021,48-49,0.012108559498956159,real:OEWS_May2025_industry
11-3021,51,0.1335073068893528,real:OEWS_May2025_industry
11-3021,52,0.12151804354309574,real:OEWS_May2025_industry
11-3021,53,0.006620936474798687,real:OEWS_May2025_industry
11-3021,54,0.31279451237697586,real:OEWS_May2025_industry
11-3021,55,0.1090963316433045,real:OEWS_May2025_industry
11-3021,56,0.033626603042051895,real:OEWS_May2025_industry
11-3021,61,0.04797196540411572,real:OEWS_May2025_industry
11-3021,62,0.03316433045034298,real:OEWS_May2025_industry
11-3021,71,0.004041157172681181,real:OEWS_May2025_industry
11-3021,72,0.001998210557709514,real:OEWS_May2025_industry
11-3021,81,0.010035788845809723,real:OEWS_May2025_industry
11-3021,92,0.04718162839248434,real:OEWS_May2025_industry
11-3031,11,0.0005465065164961804,real:OEWS_May2025_industry
11-3031,21,0.004585902507989688,real:OEWS_May2025_industry
11-3031,22,0.0053462594005061126,real:OEWS_May2025_industry
11-3031,23,0.023487899632890188,real:OEWS_May2025_industry
11-3031,31-33,0.055814948141283814,real:OEWS_May2025_industry
11-3031,42,0.04047712395005406,real:OEWS_May2025_industry
11-3031,44-45,0.02234736429411555,real:OEWS_May2025_industry
11-3031,48-49,0.01103705551793373,real:OEWS_May2025_industry
11-3031,51,0.02801439925865203,real:OEWS_May2025_industry
11-3031,52,0.317294555131815,real:OEWS_May2025_industry
11-3031,53,0.02749165389504699,real:OEWS_May2025_industry
11-3031,54,0.14597664278670802,real:OEWS_May2025_industry
11-3031,55,0.11187938838792458,real:OEWS_May2025_industry
11-3031,56,0.03558232645447957,real:OEWS_May2025_industry
11-3031,61,0.03669910064036307,real:OEWS_May2025_industry
11-3031,62,0.04142757006569959,real:OEWS_May2025_industry
11-3031,71,0.007413479702035142,real:OEWS_May2025_industry
11-3031,72,0.007651091230946525,real:OEWS_May2025_industry
11-3031,81,0.016062539354409475,real:OEWS_May2025_industry
11-3031,92,0.0608641931306507,real:OEWS_May2025_industry
11-3051,11,0.0023553299492385786,real:OEWS_May2025_industry
11-3051,21,0.012873096446700507,real:OEWS_May2025_industry
11-3051,22,0.015106598984771574,real:OEWS_May2025_industry
11-3051,23,0.012304568527918782,real:OEWS_May2025_industry
11-3051,31-33,0.7522842639593909,real:OEWS_May2025_industry
11-3051,42,0.06781725888324873,real:OEWS_May2025_industry
11-3051,44-45,0.009583756345177665,real:OEWS_May2025_industry
11-3051,48-49,0.01084263959390863,real:OEWS_May2025_industry
11-3051,51,0.0057258883248730965,real:OEWS_May2025_industry
11-3051,52,0.000649746192893401,real:OEWS_May2025_industry
11-3051,53,0.0005685279187817259,real:OEWS_May2025_industry
11-3051,54,0.03784771573604061,real:OEWS_May2025_industry
11-3051,55,0.028913705583756347,real:OEWS_May2025_industry
11-3051,56,0.015228426395939087,real:OEWS_May2025_industry
11-3051,61,0.0006903553299492385,real:OEWS_May2025_industry
11-3051,62,0.003736040609137056,real:OEWS_May2025_industry
11-3051,71,0.00024365482233502537,real:OEWS_May2025_industry
11-3051,72,0.0008527918781725888,real:OEWS_May2025_industry
11-3051,81,0.009868020304568528,real:OEWS_May2025_industry
11-3051,92,0.01250761421319797,real:OEWS_May2025_industry
11-3061,11,0.0005929088106249259,real:OEWS_May2025_industry
11-3061,21,0.004387525198624452,real:OEWS_May2025_industry
11-3061,22,0.007114905727499111,real:OEWS_May2025_industry
11-3061,23,0.034863038064745645,real:OEWS_May2025_industry
11-3061,31-33,0.2383493418712202,real:OEWS_May2025_industry
11-3061,42,0.11941183445986008,real:OEWS_May2025_industry
11-3061,44-45,0.030831258152496144,real:OEWS_May2025_industry
11-3061,48-49,0.017905846080872763,real:OEWS_May2025_industry
11-3061,51,0.012095339736748489,real:OEWS_May2025_industry
11-3061,52,0.022767698327997153,real:OEWS_May2025_industry
11-3061,53,0.006759160441124155,real:OEWS_May2025_industry
11-3061,54,0.08775050397248903,real:OEWS_May2025_industry
11-3061,55,0.19862445155935018,real:OEWS_May2025_industry
11-3061,56,0.026918060002371635,real:OEWS_May2025_industry
11-3061,61,0.02407209771137199,real:OEWS_May2025_industry
11-3061,62,0.03296572987074588,real:OEWS_May2025_industry
11-3061,71,0.003320289339499585,real:OEWS_May2025_industry
11-3061,72,0.005691924581999288,real:OEWS_May2025_industry
11-3061,81,0.004506106960749437,real:OEWS_May2025_industry
11-3061,92,0.12107197912960986,real:OEWS_May2025_industry
11-3071,11,0.0014468508387213456,real:OEWS_May2025_industry
11-3071,21,0.004340552516164037,real:OEWS_May2025_industry
11-3071,22,0.007008183750056517,real:OEWS_May2025_industry
11-3071,23,0.024641678346972916,real:OEWS_May2025_industry
11-3071,31-33,0.13559705204141612,real:OEWS_May2025_industry
11-3071,42,0.15531039471899444,real:OEWS_May2025_industry
11-3071,44-45,0.05140841886331781,real:OEWS_May2025_industry
11-3071,48-49,0.32133652846226884,real:OEWS_May2025_industry
11-3071,51,0.007776823258127233,real:OEWS_May2025_industry
11-3071,52,0.0012207803951711353,real:OEWS_May2025_industry
11-3071,53,0.01722656779852602,real:OEWS_May2025_industry
11-3071,54,0.038205904959985534,real:OEWS_May2025_industry
11-3071,55,0.07971243839580414,real:OEWS_May2025_industry
11-3071,56,0.031740290274449516,real:OEWS_May2025_industry
11-3071,61,0.016412714201745265,real:OEWS_May2025_industry
11-3071,62,0.016638784645295474,real:OEWS_May2025_industry
11-3071,71,0.0023059185242121443,real:OEWS_May2025_industry
11-3071,72,0.0034362707419631957,real:OEWS_May2025_industry
11-3071,81,0.008726319121038115,real:OEWS_May2025_industry
11-3071,92,0.07550752814577022,real:OEWS_May2025_industry
11-3111,21,0.002179598953792502,real:OEWS_May2025_industry
11-3111,22,0.0052310374891020054,real:OEWS_May2025_industry
11-3111,23,0.008282476024411508,real:OEWS_May2025_industry
11-3111,31-33,0.042720139494333044,real:OEWS_May2025_industry
11-3111,42,0.03182214472537053,real:OEWS_May2025_industry
11-3111,44-45,0.006538796861377506,real:OEWS_May2025_industry
11-3111,48-49,0.015693112467306015,real:OEWS_May2025_industry
11-3111,51,0.042720139494333044,real:OEWS_May2025_industry
11-3111,52,0.1861377506538797,real:OEWS_May2025_industry
11-3111,53,0.01002615518744551,real:OEWS_May2025_industry
11-3111,54,0.13775065387968613,real:OEWS_May2025_industry
11-3111,55,0.23975588491717523,real:OEWS_May2025_industry
11-3111,56,0.05536181342632956,real:OEWS_May2025_industry
11-3111,61,0.05492589363557106,real:OEWS_May2025_industry
11-3111,62,0.06146469049694856,real:OEWS_May2025_industry
11-3111,71,0.008282476024411508,real:OEWS_May2025_industry
11-3111,72,0.013513513513513514,real:OEWS_May2025_industry
11-3111,81,0.017000871839581516,real:OEWS_May2025_industry
11-3111,92,0.06059285091543156,real:OEWS_May2025_industry
11-3121,11,0.00045314482508609753,real:OEWS_May2025_industry
11-3121,21,0.00367047308319739,real:OEWS_May2025_industry
11-3121,22,0.005347108936015951,real:OEWS_May2025_industry
11-3121,23,0.015724125430487585,real:OEWS_May2025_industry
11-3121,31-33,0.09207902845749502,real:OEWS_May2025_industry
11-3121,42,0.044997281131049484,real:OEWS_May2025_industry
11-3121,44-45,0.011691136487221317,real:OEWS_May2025_industry
11-3121,48-49,0.026282399854993657,real:OEWS_May2025_industry
11-3121,51,0.041689323907920975,real:OEWS_May2025_industry
11-3121,52,0.07368134855899945,real:OEWS_May2025_industry
11-3121,53,0.012370853724850462,real:OEWS_May2025_industry
11-3121,54,0.14908464745332609,real:OEWS_May2025_industry
11-3121,55,0.15021750951604132,real:OEWS_May2025_industry
11-3121,56,0.09094616639477977,real:OEWS_May2025_industry
11-3121,61,0.06760920790284575,real:OEWS_May2025_industry
11-3121,62,0.08886170019938372,real:OEWS_May2025_industry
11-3121,71,0.011600507522204097,real:OEWS_May2025_industry
11-3121,72,0.015044408192858438,real:OEWS_May2025_industry
11-3121,81,0.019394598513684972,real:OEWS_May2025_industry
11-3121,92,0.07925502990755845,real:OEWS_May2025_industry
11-3131,21,0.0020807324178110697,real:OEWS_May2025_industry
11-3131,22,0.010403662089055347,real:OEWS_May2025_industry
11-3131,23,0.011860174781523096,real:OEWS_May2025_industry
11-3131,31-33,0.051394090719933415,real:OEWS_May2025_industry
11-3131,42,0.06408655846858094,real:OEWS_May2025_industry
11-3131,44-45,0.01227632126508531,real:OEWS_May2025_industry
11-3131,48-49,0.037037037037037035,real:OEWS_May2025_industry
11-3131,51,0.06928838951310862,real:OEWS_May2025_industry
11-3131,52,0.09446525176862255,real:OEWS_May2025_industry
11-3131,53,0.01435705368289638,real:OEWS_May2025_industry
11-3131,54,0.13961714523512275,real:OEWS_May2025_industry
11-3131,55,0.13545568039950062,real:OEWS_May2025_industry
11-3131,56,0.05659592176446109,real:OEWS_May2025_industry
11-3131,61,0.08218893050353725,real:OEWS_May2025_industry
11-3131,62,0.0957136912193092,real:OEWS_May2025_industry
11-3131,71,0.01227632126508531,real:OEWS_May2025_industry
11-3131,72,0.014148980441115273,real:OEWS_May2025_industry
11-3131,81,0.04577611319184353,real:OEWS_May2025_industry
11-3131,92,0.050977944236371205,real:OEWS_May2025_industry
11-9013,11,0.4872611464968153,real:OEWS_May2025_industry
11-9013,31-33,0.07165605095541401,real:OEWS_May2025_industry
11-9013,42,0.08598726114649681,real:OEWS_May2025_industry
11-9013,44-45,0.014331210191082803,real:OEWS_May2025_industry
11-9013,54,0.08439490445859872,real:OEWS_May2025_industry
11-9013,55,0.042993630573248405,real:OEWS_May2025_industry
11-9013,56,0.03343949044585987,real:OEWS_May2025_industry
11-9013,61,0.054140127388535034,real:OEWS_May2025_industry
11-9013,62,0.01751592356687898,real:OEWS_May2025_industry
11-9013,71,0.007961783439490446,real:OEWS_May2025_industry
11-9013,81,0.028662420382165606,real:OEWS_May2025_industry
11-9013,92,0.07165605095541401,real:OEWS_May2025_industry
11-9021,21,0.00946521533364884,real:OEWS_May2025_industry
11-9021,22,0.010201398748488195,real:OEWS_May2025_industry
11-9021,23,0.8023610453804491,real:OEWS_May2025_industry
11-9021,31-33,0.008886785507703634,real:OEWS_May2025_industry
11-9021,42,0.004364515959404743,real:OEWS_May2025_industry
11-9021,44-45,0.0018141662722826945,real:OEWS_May2025_industry
11-9021,48-49,0.003023610453804491,real:OEWS_May2025_industry
11-9021,51,0.004916653520534259,real:OEWS_May2025_industry
11-9021,52,0.0015775358889414735,real:OEWS_May2025_industry
11-9021,53,0.023925960982279015,real:OEWS_May2025_industry
11-9021,54,0.043198191092180684,real:OEWS_May2025_industry
11-9021,55,0.01716884892464637,real:OEWS_May2025_industry
11-9021,56,0.017694694220960195,real:OEWS_May2025_industry
11-9021,61,0.004837776726087185,real:OEWS_May2025_industry
11-9021,62,0.004469685018667508,real:OEWS_May2025_industry
11-9021,71,0.0009202292685491928,real:OEWS_May2025_industry
11-9021,72,0.0005521375611295156,real:OEWS_May2025_industry
11-9021,81,0.0028132723352789608,real:OEWS_May2025_industry
11-9021,92,0.03780827680496398,real:OEWS_May2025_industry
11-9031,55,0.007879364216818367,real:OEWS_May2025_industry
11-9031,56,0.0005434044287460942,real:OEWS_May2025_industry
11-9031,61,0.0881673685640538,real:OEWS_May2025_industry
11-9031,62,0.8583072952044559,real:OEWS_May2025_industry
11-9031,71,0.0032604265724765656,real:OEWS_May2025_industry
11-9031,81,0.030294796902594755,real:OEWS_May2025_industry
11-9031,92,0.011547344110854504,real:OEWS_May2025_industry
11-9032,55,0.0006402634226653251,real:OEWS_May2025_industry
11-9032,61,0.9867069117960914,real:OEWS_May2025_industry
11-9032,62,0.002530564956248666,real:OEWS_May2025_industry
11-9032,81,0.0018598127991707064,real:OEWS_May2025_industry
11-9032,92,0.008262447025823958,real:OEWS_May2025_industry
11-9033,54,0.000277069710739222,real:OEWS_May2025_industry
11-9033,55,0.0017732461487310208,real:OEWS_May2025_industry
11-9033,56,0.000277069710739222,real:OEWS_May2025_industry
11-9033,61,0.986478998115926,real:OEWS_May2025_industry
11-9033,62,0.007702537958550372,real:OEWS_May2025_industry
11-9033,81,0.0006095533636262884,real:OEWS_May2025_industry
11-9033,92,0.0028815249916879088,real:OEWS_May2025_industry
11-9039,51,0.0023619186046511626,real:OEWS_May2025_industry
11-9039,54,0.014171511627906976,real:OEWS_May2025_industry
11-9039,55,0.009811046511627907,real:OEWS_May2025_industry
11-9039,56,0.00436046511627907,real:OEWS_May2025_industry
11-9039,61,0.6627906976744186,real:OEWS_May2025_industry
11-9039,62,0.0612281976744186,real:OEWS_May2025_industry
11-9039,71,0.03470203488372093,real:OEWS_May2025_industry
11-9039,81,0.0345203488372093,real:OEWS_May2025_industry
11-9039,92,0.17605377906976744,real:OEWS_May2025_industry
11-9041,21,0.006855534368473622,real:OEWS_May2025_industry
11-9041,22,0.023109052937437573,real:OEWS_May2025_industry
11-9041,23,0.019113774629982747,real:OEWS_May2025_industry
11-9041,31-33,0.35085807681830566,real:OEWS_May2025_industry
11-9041,42,0.038182148370108054,real:OEWS_May2025_industry
11-9041,44-45,0.0007264142377190593,real:OEWS_May2025_industry
11-9041,48-49,0.010760010896213566,real:OEWS_May2025_industry
11-9041,51,0.014074275855806773,real:OEWS_May2025_industry
11-9041,52,0.0034504676291655318,real:OEWS_May2025_industry
11-9041,53,0.003087260510306002,real:OEWS_May2025_industry
11-9041,54,0.360982475256515,real:OEWS_May2025_industry
11-9041,55,0.06787433033687461,real:OEWS_May2025_industry
11-9041,56,0.012757650049940979,real:OEWS_May2025_industry
11-9041,61,0.0032234631798783255,real:OEWS_May2025_industry
11-9041,62,0.0016798329247253246,real:OEWS_May2025_industry
11-9041,71,0.0014982293652955599,real:OEWS_May2025_industry
11-9041,72,0.0005448106782892945,real:OEWS_May2025_industry
11-9041,81,0.0034958685190229727,real:OEWS_May2025_industry
11-9041,92,0.07772632343593934,real:OEWS_May2025_industry
11-9051,31-33,0.004320651034019883,real:OEWS_May2025_industry
11-9051,42,0.0006711690926632829,real:OEWS_May2025_industry
11-9051,44-45,0.007424808087587566,real:OEWS_May2025_industry
11-9051,48-49,0.0005453248877889173,real:OEWS_May2025_industry
11-9051,51,0.0007550652292461932,real:OEWS_May2025_industry
11-9051,53,0.002600780234070221,real:OEWS_May2025_industry
11-9051,54,0.00478207978522589,real:OEWS_May2025_industry
11-9051,55,0.0323839087210034,real:OEWS_May2025_industry
11-9051,56,0.010235328663115063,real:OEWS_May2025_industry
11-9051,61,0.026133646545576577,real:OEWS_May2025_industry
11-9051,62,0.02890221905281262,real:OEWS_May2025_industry
11-9051,71,0.026678971433365492,real:OEWS_May2025_industry
11-9051,72,0.8459666932337766,real:OEWS_May2025_industry
11-9051,81,0.0036494819413566007,real:OEWS_May2025_industry
11-9051,92,0.004949872058391711,real:OEWS_May2025_industry
11-9071,55,0.01609657947686117,real:OEWS_May2025_industry
11-9071,56,0.008048289738430584,real:OEWS_May2025_industry
11-9071,71,0.5352112676056338,real:OEWS_May2025_industry
11-9071,72,0.4084507042253521,real:OEWS_May2025_industry
11-9071,92,0.03219315895372234,real:OEWS_May2025_industry
11-9072,44-45,0.0026343519494204425,real:OEWS_May2025_industry
11-9072,48-49,0.0018440463645943098,real:OEWS_May2025_industry
11-9072,51,0.013435194942044258,real:OEWS_May2025_industry
11-9072,53,0.00684931506849315,real:OEWS_May2025_industry
11-9072,54,0.0015806111696522655,real:OEWS_May2025_industry
11-9072,55,0.008429926238145416,real:OEWS_May2025_industry
11-9072,56,0.009483667017913594,real:OEWS_May2025_industry
11-9072,61,0.07903055848261328,real:OEWS_May2025_industry
11-9072,62,0.01791359325605901,real:OEWS_May2025_industry
11-9072,71,0.4886722866174921,real:OEWS_May2025_industry
11-9072,72,0.06875658587987356,real:OEWS_May2025_industry
11-9072,81,0.06059009483667018,real:OEWS_May2025_industry
11-9072,92,0.24077976817702845,real:OEWS_May2025_industry
11-9081,23,0.0007227174174897615,real:OEWS_May2025_industry
11-9081,48-49,0.0012045290291496024,real:OEWS_May2025_industry
11-9081,55,0.01927246446639364,real:OEWS_May2025_industry
11-9081,56,0.023367863165502288,real:OEWS_May2025_industry
11-9081,61,0.004336304504938569,real:OEWS_May2025_industry
11-9081,62,0.00481811611659841,real:OEWS_May2025_industry
11-9081,71,0.016381594796434595,real:OEWS_May2025_industry
11-9081,72,0.9229101421344255,real:OEWS_May2025_industry
11-9081,81,0.004336304504938569,real:OEWS_May2025_industry
11-9081,92,0.0026499638641291254,real:OEWS_May2025_industry
11-9111,31-33,0.003885706629149499,real:OEWS_May2025_industry
11-9111,42,0.006582253039895488,real:OEWS_May2025_industry
11-9111,44-45,0.010702441965631596,real:OEWS_May2025_industry
11-9111,48-49,0.0000837436773523599,real:OEWS_May2025_industry
11-9111,51,0.0007201956252302951,real:OEWS_May2025_industry
11-9111,52,0.022644290356078116,real:OEWS_May2025_industry
11-9111,53,0.00026797976752755166,real:OEWS_May2025_industry
11-9111,54,0.029209794660503132,real:OEWS_May2025_industry
11-9111,55,0.03175560245201487,real:OEWS_May2025_industry
11-9111,56,0.01800489063075738,real:OEWS_May2025_industry
11-9111,61,0.018105383043580208,real:OEWS_May2025_industry
11-9111,62,0.77998861085988,real:OEWS_May2025_industry
11-9111,71,0.00021773356111613574,real:OEWS_May2025_industry
11-9111,72,0.00030147723846849563,real:OEWS_May2025_industry
11-9111,81,0.004053193983854219,real:OEWS_May2025_industry
11-9111,92,0.07347670250896057,real:OEWS_May2025_industry
11-9121,11,0.00046151006091932806,real:OEWS_May2025_industry
11-9121,21,0.0024921543289643713,real:OEWS_May2025_industry
11-9121,22,0.0014768321949418497,real:OEWS_May2025_industry
11-9121,31-33,0.08556396529444342,real:OEWS_May2025_industry
11-9121,42,0.04467417389699095,real:OEWS_May2025_industry
11-9121,44-45,0.0002769060365515968,real:OEWS_May2025_industry
11-9121,48-49,0.00046151006091932806,real:OEWS_May2025_industry
11-9121,51,0.0010153221340225217,real:OEWS_May2025_industry
11-9121,52,0.0034151744508030277,real:OEWS_May2025_industry
11-9121,54,0.4821857116485139,real:OEWS_May2025_industry
11-9121,55,0.04688942218940373,real:OEWS_May2025_industry
11-9121,56,0.010153221340225217,real:OEWS_May2025_industry
11-9121,61,0.05436588517629684,real:OEWS_May2025_industry
11-9121,62,0.07144175743031198,real:OEWS_May2025_industry
11-9121,71,0.004153590548273953,real:OEWS_May2025_industry
11-9121,81,0.012645375669189588,real:OEWS_May2025_industry
11-9121,92,0.17832748753922836,real:OEWS_May2025_industry
11-9131,48-49,1.0,real:OEWS_May2025_industry
11-9141,21,0.0065239748039593775,real:OEWS_May2025_industry
11-9141,22,0.0012212366628101298,real:OEWS_May2025_industry
11-9141,23,0.022560740455071344,real:OEWS_May2025_industry
11-9141,31-33,0.001253374469726186,real:OEWS_May2025_industry
11-9141,42,0.0008355829798174573,real:OEWS_May2025_industry
11-9141,44-45,0.0007713073659853452,real:OEWS_May2025_industry
11-9141,48-49,0.002056819642627587,real:OEWS_May2025_industry
11-9141,51,0.001992544028795475,real:OEWS_May2025_industry
11-9141,52,0.010187684792389767,real:OEWS_May2025_industry
11-9141,53,0.8137614089214552,real:OEWS_May2025_industry
11-9141,54,0.023139220979560355,real:OEWS_May2025_industry
11-9141,55,0.028666923769121996,real:OEWS_May2025_industry
11-9141,56,0.017097313279341816,real:OEWS_May2025_industry
11-9141,61,0.002828127008612932,real:OEWS_May2025_industry
11-9141,62,0.010701889703046663,real:OEWS_May2025_industry
11-9141,71,0.0024424733256202596,real:OEWS_May2025_industry
11-9141,72,0.004081501478339118,real:OEWS_May2025_industry
11-9141,81,0.024906800359943436,real:OEWS_May2025_industry
11-9141,92,0.02497107597377555,real:OEWS_May2025_industry
11-9151,23,0.00043002532371350755,real:OEWS_May2025_industry
11-9151,44-45,0.0005255865067609537,real:OEWS_May2025_industry
11-9151,51,0.0003822447321897845,real:OEWS_May2025_industry
11-9151,52,0.0028668354914233836,real:OEWS_May2025_industry
11-9151,53,0.006020354531989106,real:OEWS_May2025_industry
11-9151,54,0.005733670982846767,real:OEWS_May2025_industry
11-9151,55,0.025610397056715563,real:OEWS_May2025_industry
11-9151,56,0.007071527545511013,real:OEWS_May2025_industry
11-9151,61,0.030579578575182762,real:OEWS_May2025_industry
11-9151,62,0.6268335801997229,real:OEWS_May2025_industry
11-9151,71,0.0033446414066606147,real:OEWS_May2025_industry
11-9151,72,0.0005255865067609537,real:OEWS_May2025_industry
11-9151,81,0.09890582445410674,real:OEWS_May2025_industry
11-9151,92,0.19117014668641596,real:OEWS_May2025_industry
11-9161,22,0.02393418100224383,real:OEWS_May2025_industry
11-9161,31-33,0.011967090501121914,real:OEWS_May2025_industry
11-9161,48-49,0.0037397157816005983,real:OEWS_May2025_industry
11-9161,54,0.04487658937920718,real:OEWS_May2025_industry
11-9161,55,0.02393418100224383,real:OEWS_May2025_industry
11-9161,56,0.014958863126402393,real:OEWS_May2025_industry
11-9161,61,0.04338070306656694,real:OEWS_May2025_industry
11-9161,62,0.0987284966342558,real:OEWS_May2025_industry
11-9161,81,0.005983545250560957,real:OEWS_May2025_industry
11-9161,92,0.7284966342557966,real:OEWS_May2025_industry
11-9171,81,1.0,real:OEWS_May2025_industry
11-9179,31-33,0.003956478733926805,real:OEWS_May2025_industry
11-9179,42,0.025717111770524232,real:OEWS_May2025_industry
11-9179,44-45,0.027695351137487636,real:OEWS_May2025_industry
11-9179,51,0.006923837784371909,real:OEWS_May2025_industry
11-9179,52,0.008902077151335312,real:OEWS_May2025_industry
11-9179,53,0.003956478733926805,real:OEWS_May2025_industry
11-9179,55,0.020771513353115726,real:OEWS_May2025_industry
11-9179,61,0.05341246290801187,real:OEWS_May2025_industry
11-9179,62,0.2205736894164194,real:OEWS_May2025_industry
11-9179,71,0.19090009891196835,real:OEWS_May2025_industry
11-9179,72,0.07319485657764589,real:OEWS_May2025_industry
11-9179,81,0.3273986152324431,real:OEWS_May2025_industry
11-9179,92,0.036597428288822946,real:OEWS_May2025_industry
11-9199,11,0.0007553962615921182,real:OEWS_May2025_industry
11-9199,21,0.007618251659460937,real:OEWS_May2025_industry
11-9199,22,0.009193333226184928,real:OEWS_May2025_industry
11-9199,23,0.031051608029701538,real:OEWS_May2025_industry
11-9199,31-33,0.07267876372169273,real:OEWS_May2025_industry
11-9199,42,0.04263970812774233,real:OEWS_May2025_industry
11-9199,44-45,0.021472540542278082,real:OEWS_May2025_industry
11-9199,48-49,0.017293752712194025,real:OEWS_May2025_industry
11-9199,51,0.056638647358523926,real:OEWS_May2025_industry
11-9199,52,0.07666468442115752,real:OEWS_May2025_industry
11-9199,53,0.015172214275382118,real:OEWS_May2025_industry
11-9199,54,0.13973223613365693,real:OEWS_May2025_industry
11-9199,55,0.08225783120911619,real:OEWS_May2025_industry
11-9199,56,0.048827528568443725,real:OEWS_May2025_industry
11-9199,61,0.05078834439640624,real:OEWS_May2025_industry
11-9199,62,0.04913290152525756,real:OEWS_May2025_industry
11-9199,71,0.015525804014850769,real:OEWS_May2025_industry
11-9199,72,0.010848776097333613,real:OEWS_May2025_industry
11-9199,81,0.03331779681447789,real:OEWS_May2025_industry
11-9199,92,0.21838988090454683,real:OEWS_May2025_industry
13-1011,51,0.05373635600335852,real:OEWS_May2025_industry
13-1011,71,0.9462636439966414,real:OEWS_May2025_industry
13-1020,11,0.0010660106601066012,real:OEWS_May2025_industry
13-1020,21,0.0034030340303403033,real:OEWS_May2025_industry
13-1020,22,0.00865108651086511,real:OEWS_May2025_industry
13-1020,23,0.04751947519475195,real:OEWS_May2025_industry
13-1020,31-33,0.23001230012300122,real:OEWS_May2025_industry
13-1020,42,0.1445059450594506,real:OEWS_May2025_industry
13-1020,44-45,0.07884378843788438,real:OEWS_May2025_industry
13-1020,48-49,0.023308733087330873,real:OEWS_May2025_industry
13-1020,51,0.013550635506355064,real:OEWS_May2025_industry
13-1020,52,0.01927019270192702,real:OEWS_May2025_industry
13-1020,54,0.08120131201312013,real:OEWS_May2025_industry
13-1020,55,0.09446494464944649,real:OEWS_May2025_industry
13-1020,56,0.03665436654366544,real:OEWS_May2025_industry
13-1020,61,0.023329233292332923,real:OEWS_May2025_industry
13-1020,62,0.03794587945879459,real:OEWS_May2025_industry
13-1020,71,0.005207052070520705,real:OEWS_May2025_industry
13-1020,72,0.008856088560885609,real:OEWS_May2025_industry
13-1020,81,0.011869618696186962,real:OEWS_May2025_industry
13-1020,92,0.13034030340303404,real:OEWS_May2025_industry
13-1031,22,0.0006797466398887688,real:OEWS_May2025_industry
13-1031,23,0.00037077089448478293,real:OEWS_May2025_industry
13-1031,31-33,0.0003398733199443844,real:OEWS_May2025_industry
13-1031,48-49,0.0022555229414490965,real:OEWS_May2025_industry
13-1031,51,0.0012359029816159431,real:OEWS_May2025_industry
13-1031,52,0.7562490344507956,real:OEWS_May2025_industry
13-1031,53,0.0007106442144291673,real:OEWS_May2025_industry
13-1031,54,0.013347752201452186,real:OEWS_May2025_industry
13-1031,55,0.02017611617488027,real:OEWS_May2025_industry
13-1031,56,0.01065966321643751,real:OEWS_May2025_industry
13-1031,61,0.0004634636181059787,real:OEWS_May2025_industry
13-1031,62,0.007569905762397652,real:OEWS_May2025_industry
13-1031,81,0.002039239919666306,real:OEWS_May2025_industry
13-1031,92,0.18390236366445234,real:OEWS_May2025_industry
13-1032,44-45,0.009674582233948988,real:OEWS_May2025_industry
13-1032,52,0.9727352682497801,real:OEWS_May2025_industry
13-1032,56,0.01759014951627089,real:OEWS_May2025_industry
13-1041,11,0.00014988758431176618,real:OEWS_May2025_industry
13-1041,21,0.005021234074444167,real:OEWS_May2025_industry
13-1041,22,0.011766175368473644,real:OEWS_May2025_industry
13-1041,23,0.016087934049462904,real:OEWS_May2025_industry
13-1041,31-33,0.04938795903072696,real:OEWS_May2025_industry
13-1041,44-45,0.008618536097926555,real:OEWS_May2025_industry
13-1041,48-49,0.0336497626779915,real:OEWS_May2025_industry
13-1041,51,0.018760929303022734,real:OEWS_May2025_industry
13-1041,52,0.11606295278541094,real:OEWS_May2025_industry
13-1041,53,0.017087184611541344,real:OEWS_May2025_industry
13-1041,54,0.1037222083437422,real:OEWS_May2025_industry
13-1041,55,0.05883087684236822,real:OEWS_May2025_industry
13-1041,56,0.05226080439670247,real:OEWS_May2025_industry
13-1041,61,0.04079440419685236,real:OEWS_May2025_industry
13-1041,62,0.09023232575568324,real:OEWS_May2025_industry
13-1041,71,0.0026729952535598303,real:OEWS_May2025_industry
13-1041,72,0.0030227329502872844,real:OEWS_May2025_industry
13-1041,81,0.014938795903072696,real:OEWS_May2025_industry
13-1041,92,0.3569323007744192,real:OEWS_May2025_industry
13-1051,21,0.0012937764889582868,real:OEWS_May2025_industry
13-1051,22,0.007138077180459514,real:OEWS_May2025_industry
13-1051,23,0.5484720053535579,real:OEWS_May2025_industry
13-1051,31-33,0.12023198750836493,real:OEWS_May2025_industry
13-1051,42,0.051795672540709346,real:OEWS_May2025_industry
13-1051,44-45,0.04974347535132723,real:OEWS_May2025_industry
13-1051,48-49,0.005755074726745483,real:OEWS_May2025_industry
13-1051,51,0.003167521748828909,real:OEWS_May2025_industry
13-1051,52,0.0028106178898059334,real:OEWS_May2025_industry
13-1051,53,0.0038813294668748606,real:OEWS_May2025_industry
13-1051,54,0.04265001115324559,real:OEWS_May2025_industry
13-1051,55,0.016239125585545394,real:OEWS_May2025_industry
13-1051,56,0.044568369395494085,real:OEWS_May2025_industry
13-1051,61,0.0005799687709123355,real:OEWS_May2025_industry
13-1051,62,0.0008922596475574393,real:OEWS_May2025_industry
13-1051,71,0.00031229087664510374,real:OEWS_May2025_industry
13-1051,81,0.09837162614320767,real:OEWS_May2025_industry
13-1051,92,0.0020968101717599823,real:OEWS_May2025_industry
13-1071,11,0.000767198956609419,real:OEWS_May2025_industry
13-1071,21,0.0024002367356780394,real:OEWS_May2025_industry
13-1071,22,0.003112635766815357,real:OEWS_May2025_industry
13-1071,23,0.02423252704376322,real:OEWS_May2025_industry
13-1071,31-33,0.07356341995374886,real:OEWS_May2025_industry
13-1071,42,0.033658114224964654,real:OEWS_May2025_industry
13-1071,44-45,0.030885237996076325,real:OEWS_May2025_industry
13-1071,48-49,0.03063315833890466,real:OEWS_May2025_industry
13-1071,51,0.029504279874179373,real:OEWS_May2025_industry
13-1071,52,0.05602744380267643,real:OEWS_May2025_industry
13-1071,53,0.013919181069913744,real:OEWS_May2025_industry
13-1071,54,0.13698885369515898,real:OEWS_May2025_industry
13-1071,55,0.08051205050361132,real:OEWS_May2025_industry
13-1071,56,0.1758639208250677,real:OEWS_May2025_industry
13-1071,61,0.05165440975000274,real:OEWS_May2025_industry
13-1071,62,0.11540864304424546,real:OEWS_May2025_industry
13-1071,71,0.010357185914227157,real:OEWS_May2025_industry
13-1071,72,0.013195822053682006,real:OEWS_May2025_industry
13-1071,81,0.01775517585296084,real:OEWS_May2025_industry
13-1071,92,0.09956050459771375,real:OEWS_May2025_industry
13-1074,11,1.0,real:OEWS_May2025_industry
13-1075,22,0.0033950617283950617,real:OEWS_May2025_industry
13-1075,23,0.006172839506172839,real:OEWS_May2025_industry
13-1075,31-33,0.013888888888888888,real:OEWS_May2025_industry
13-1075,42,0.004166666666666667,real:OEWS_May2025_industry
13-1075,44-45,0.0035493827160493828,real:OEWS_May2025_industry
13-1075,48-49,0.017901234567901235,real:OEWS_May2025_industry
13-1075,51,0.006172839506172839,real:OEWS_May2025_industry
13-1075,52,0.030555555555555555,real:OEWS_May2025_industry
13-1075,53,0.0010802469135802468,real:OEWS_May2025_industry
13-1075,54,0.009104938271604938,real:OEWS_May2025_industry
13-1075,55,0.033796296296296297,real:OEWS_May2025_industry
13-1075,56,0.010648148148148148,real:OEWS_May2025_industry
13-1075,61,0.018518518518518517,real:OEWS_May2025_industry
13-1075,62,0.021604938271604937,real:OEWS_May2025_industry
13-1075,71,0.001851851851851852,real:OEWS_May2025_industry
13-1075,72,0.001388888888888889,real:OEWS_May2025_industry
13-1075,81,0.7804012345679012,real:OEWS_May2025_industry
13-1075,92,0.03580246913580247,real:OEWS_May2025_industry
13-1081,11,0.00099589690475242,real:OEWS_May2025_industry
13-1081,21,0.004899812771381906,real:OEWS_May2025_industry
13-1081,22,0.007568816476118392,real:OEWS_May2025_industry
13-1081,23,0.01071585069513604,real:OEWS_May2025_industry
13-1081,31-33,0.22439549057881528,real:OEWS_May2025_industry
13-1081,42,0.10899095725610485,real:OEWS_May2025_industry
13-1081,44-45,0.013424690276062622,real:OEWS_May2025_industry
13-1081,48-49,0.12102139186551408,real:OEWS_May2025_industry
13-1081,51,0.015974186352228817,real:OEWS_May2025_industry
13-1081,52,0.0033462135999681314,real:OEWS_May2025_industry
13-1081,53,0.00697127833326694,real:OEWS_May2025_industry
13-1081,54,0.15376648209377367,real:OEWS_May2025_industry
13-1081,55,0.11671911723698362,real:OEWS_May2025_industry
13-1081,56,0.0398757120662869,real:OEWS_May2025_industry
13-1081,61,0.005178663904712584,real:OEWS_May2025_industry
13-1081,62,0.019718758714097916,real:OEWS_May2025_industry
13-1081,71,0.00043819463809106484,real:OEWS_May2025_industry
13-1081,72,0.0007170457714217424,real:OEWS_May2025_industry
13-1081,81,0.004780305142811616,real:OEWS_May2025_industry
13-1081,92,0.1405011353224714,real:OEWS_May2025_industry
13-1082,11,0.00012187804695117378,real:OEWS_May2025_industry
13-1082,21,0.0023906847671191778,real:OEWS_May2025_industry
13-1082,22,0.0117659191479787,real:OEWS_May2025_industry
13-1082,23,0.22453686342158555,real:OEWS_May2025_industry
13-1082,31-33,0.07482374559363984,real:OEWS_May2025_industry
13-1082,42,0.04471049276231906,real:OEWS_May2025_industry
13-1082,44-45,0.009384609615240382,real:OEWS_May2025_industry
13-1082,48-49,0.010678391959798994,real:OEWS_May2025_industry
13-1082,51,0.046904297607440186,real:OEWS_May2025_industry
13-1082,52,0.045291757293932346,real:OEWS_May2025_industry
13-1082,53,0.016734793369834244,real:OEWS_May2025_industry
13-1082,54,0.28614152853821345,real:OEWS_May2025_industry
13-1082,55,0.0474105602640066,real:OEWS_May2025_industry
13-1082,56,0.06553288832220805,real:OEWS_May2025_industry
13-1082,61,0.028500712517812946,real:OEWS_May2025_industry
13-1082,62,0.028172579314482863,real:OEWS_May2025_industry
13-1082,71,0.003684467111677792,real:OEWS_May2025_industry
13-1082,72,0.0011250281257031425,real:OEWS_May2025_industry
13-1082,81,0.015019125478136953,real:OEWS_May2025_industry
13-1082,92,0.03706967674191855,real:OEWS_May2025_industry
13-1111,11,0.0001337270853067365,real:OEWS_May2025_industry
13-1111,21,0.000713211121635928,real:OEWS_May2025_industry
13-1111,22,0.0068200813506435615,real:OEWS_May2025_industry
13-1111,23,0.0025965342397058005,real:OEWS_May2025_industry
13-1111,31-33,0.024672647239092883,real:OEWS_May2025_industry
13-1111,42,0.023435671700005573,real:OEWS_May2025_industry
13-1111,44-45,0.003476904217975149,real:OEWS_May2025_industry
13-1111,48-49,0.007811890566668524,real:OEWS_May2025_industry
13-1111,51,0.023636262327965677,real:OEWS_May2025_industry
13-1111,52,0.13500863654092607,real:OEWS_May2025_industry
13-1111,53,0.003744358388588622,real:OEWS_May2025_industry
13-1111,54,0.40173845210898756,real:OEWS_May2025_industry
13-1111,55,0.05837187273639048,real:OEWS_May2025_industry
13-1111,56,0.0465370256867443,real:OEWS_May2025_industry
13-1111,61,0.024460912687357218,real:OEWS_May2025_industry
13-1111,62,0.028160695380843596,real:OEWS_May2025_industry
13-1111,71,0.0014487100908229787,real:OEWS_May2025_industry
13-1111,81,0.009650637989636151,real:OEWS_May2025_industry
13-1111,92,0.1975817685407032,real:OEWS_May2025_industry
13-1121,11,0.00035001750087504374,real:OEWS_May2025_industry
13-1121,22,0.00035001750087504374,real:OEWS_May2025_industry
13-1121,23,0.0032201610080504024,real:OEWS_May2025_industry
13-1121,31-33,0.021211060553027652,real:OEWS_May2025_industry
13-1121,42,0.016100805040252013,real:OEWS_May2025_industry
13-1121,44-45,0.013300665033251663,real:OEWS_May2025_industry
13-1121,48-49,0.0026601330066503325,real:OEWS_May2025_industry
13-1121,51,0.03451172558627932,real:OEWS_May2025_industry
13-1121,52,0.023311165558277915,real:OEWS_May2025_industry
13-1121,53,0.03486174308715436,real:OEWS_May2025_industry
13-1121,54,0.09163458172908645,real:OEWS_May2025_industry
13-1121,55,0.024711235561778087,real:OEWS_May2025_industry
13-1121,56,0.1288064403220161,real:OEWS_May2025_industry
13-1121,61,0.09471473573678683,real:OEWS_May2025_industry
13-1121,62,0.03150157507875394,real:OEWS_May2025_industry
13-1121,71,0.14861743087154358,real:OEWS_May2025_industry
13-1121,72,0.1456072803640182,real:OEWS_May2025_industry
13-1121,81,0.1423171158557928,real:OEWS_May2025_industry
13-1121,92,0.042212110605530276,real:OEWS_May2025_industry
13-1131,23,0.003243243243243243,real:OEWS_May2025_industry
13-1131,31-33,0.0009009009009009009,real:OEWS_May2025_industry
13-1131,42,0.0011711711711711711,real:OEWS_May2025_industry
13-1131,44-45,0.005675675675675676,real:OEWS_May2025_industry
13-1131,48-49,0.0006306306306306306,real:OEWS_May2025_industry
13-1131,51,0.01981981981981982,real:OEWS_May2025_industry
13-1131,52,0.006846846846846847,real:OEWS_May2025_industry
13-1131,53,0.004774774774774775,real:OEWS_May2025_industry
13-1131,54,0.033963963963963964,real:OEWS_May2025_industry
13-1131,55,0.025855855855855855,real:OEWS_May2025_industry
13-1131,56,0.02108108108108108,real:OEWS_May2025_industry
13-1131,61,0.2609009009009009,real:OEWS_May2025_industry
13-1131,62,0.2009009009009009,real:OEWS_May2025_industry
13-1131,71,0.07072072072072072,real:OEWS_May2025_industry
13-1131,72,0.0033333333333333335,real:OEWS_May2025_industry
13-1131,81,0.32414414414414416,real:OEWS_May2025_industry
13-1131,92,0.016036036036036035,real:OEWS_May2025_industry
13-1141,11,0.000266998932004272,real:OEWS_May2025_industry
13-1141,21,0.000978996084015664,real:OEWS_May2025_industry
13-1141,22,0.003648985404058384,real:OEWS_May2025_industry
13-1141,23,0.0077429690281238875,real:OEWS_May2025_industry
13-1141,31-33,0.034709861160555355,real:OEWS_May2025_industry
13-1141,42,0.0200249199003204,real:OEWS_May2025_industry
13-1141,44-45,0.012370950516197935,real:OEWS_May2025_industry
13-1141,48-49,0.013349946600213599,real:OEWS_May2025_industry
13-1141,51,0.021982912068351727,real:OEWS_May2025_industry
13-1141,52,0.255250978996084,real:OEWS_May2025_industry
13-1141,53,0.00711997152011392,real:OEWS_May2025_industry
13-1141,54,0.14008543965824136,real:OEWS_May2025_industry
13-1141,55,0.1238875044499822,real:OEWS_May2025_industry
13-1141,56,0.06906372374510501,real:OEWS_May2025_industry
13-1141,61,0.06283374866500534,real:OEWS_May2025_industry
13-1141,62,0.0760056959772161,real:OEWS_May2025_industry
13-1141,71,0.004627981488074048,real:OEWS_May2025_industry
13-1141,72,0.002491990032039872,real:OEWS_May2025_industry
13-1141,81,0.018511925952296192,real:OEWS_May2025_industry
13-1141,92,0.12504449982200072,real:OEWS_May2025_industry
13-1151,11,0.00021820244823146916,real:OEWS_May2025_industry
13-1151,21,0.002072923258198957,real:OEWS_May2025_industry
13-1151,22,0.009600907722184642,real:OEWS_May2025_industry
13-1151,23,0.008400794256911563,real:OEWS_May2025_industry
13-1151,31-33,0.07133038032686727,real:OEWS_May2025_industry
13-1151,42,0.03901459774378668,real:OEWS_May2025_industry
13-1151,44-45,0.04477514237709747,real:OEWS_May2025_industry
13-1151,48-49,0.062034956032206684,real:OEWS_May2025_industry
13-1151,51,0.030373780793820505,real:OEWS_May2025_industry
13-1151,52,0.07519256366056427,real:OEWS_May2025_industry
13-1151,53,0.010102773353117022,real:OEWS_May2025_industry
13-1151,54,0.1180911649828711,real:OEWS_May2025_industry
13-1151,55,0.053525060551179386,real:OEWS_May2025_industry
13-1151,56,0.0697593226996007,real:OEWS_May2025_industry
13-1151,61,0.10334067948242379,real:OEWS_May2025_industry
13-1151,62,0.12129874097187371,real:OEWS_May2025_industry
13-1151,71,0.009077221846429118,real:OEWS_May2025_industry
13-1151,72,0.07757097034628728,real:OEWS_May2025_industry
13-1151,81,0.03290492919330555,real:OEWS_May2025_industry
13-1151,92,0.06131488795304283,real:OEWS_May2025_industry
13-1161,11,0.00023343708314806582,real:OEWS_May2025_industry
13-1161,21,0.0005224544241885283,real:OEWS_May2025_industry
13-1161,22,0.0028568252556691862,real:OEWS_May2025_industry
13-1161,23,0.021253890618052468,real:OEWS_May2025_industry
13-1161,31-33,0.05909293019119609,real:OEWS_May2025_industry
13-1161,42,0.07411071587372166,real:OEWS_May2025_industry
13-1161,44-45,0.05164517563361494,real:OEWS_May2025_industry
13-1161,48-49,0.012105380168963984,real:OEWS_May2025_industry
13-1161,51,0.09270787016451756,real:OEWS_May2025_industry
13-1161,52,0.09518674966651845,real:OEWS_May2025_industry
13-1161,53,0.023921742996887506,real:OEWS_May2025_industry
13-1161,54,0.27658959537572253,real:OEWS_May2025_industry
13-1161,55,0.08278123610493553,real:OEWS_May2025_industry
13-1161,56,0.05130057803468208,real:OEWS_May2025_industry
13-1161,61,0.03041351711871943,real:OEWS_May2025_industry
13-1161,62,0.050733659404179635,real:OEWS_May2025_industry
13-1161,71,0.022343263672743443,real:OEWS_May2025_industry
13-1161,72,0.013706091596265006,real:OEWS_May2025_industry
13-1161,81,0.029357492218763895,real:OEWS_May2025_industry
13-1161,92,0.009137394397510004,real:OEWS_May2025_industry
13-1199,11,0.0006071366149374006,real:OEWS_May2025_industry
13-1199,21,0.0027045176483575114,real:OEWS_May2025_industry
13-1199,22,0.007809984637603834,real:OEWS_May2025_industry
13-1199,23,0.015298002888498441,real:OEWS_May2025_industry
13-1199,31-33,0.06143118658412062,real:OEWS_May2025_industry
13-1199,42,0.035204724626748965,real:OEWS_May2025_industry
13-1199,44-45,0.019455968796857608,real:OEWS_May2025_industry
13-1199,48-49,0.019400774559136025,real:OEWS_May2025_industry
13-1199,51,0.03161709917484615,real:OEWS_May2025_industry
13-1199,52,0.0690755885085597,real:OEWS_May2025_industry
13-1199,53,0.016530674197613768,real:OEWS_May2025_industry
13-1199,54,0.13748884616446044,real:OEWS_May2025_industry
13-1199,55,0.059103829560193916,real:OEWS_May2025_industry
13-1199,56,0.052995667252338854,real:OEWS_May2025_industry
13-1199,61,0.09158563845934485,real:OEWS_May2025_industry
13-1199,62,0.05765038130019226,real:OEWS_May2025_industry
13-1199,71,0.009870569512542891,real:OEWS_May2025_industry
13-1199,72,0.0044983303743089224,real:OEWS_May2025_industry
13-1199,81,0.043410267968024135,real:OEWS_May2025_industry
13-1199,92,0.2642608111713137,real:OEWS_May2025_industry
13-2011,11,0.0007657813038978958,real:OEWS_May2025_industry
13-2011,21,0.005298378751293549,real:OEWS_May2025_industry
13-2011,22,0.005629527423249396,real:OEWS_May2025_industry
13-2011,23,0.046167644015177645,real:OEWS_May2025_industry
13-2011,31-33,0.062352535357019664,real:OEWS_May2025_industry
13-2011,42,0.04745084511900655,real:OEWS_May2025_industry
13-2011,44-45,0.01961365988271818,real:OEWS_May2025_industry
13-2011,48-49,0.016364263539151432,real:OEWS_May2025_industry
13-2011,51,0.02395998620213867,real:OEWS_May2025_industry
13-2011,52,0.08240772680234563,real:OEWS_May2025_industry
13-2011,53,0.03511555708865126,real:OEWS_May2025_industry
13-2011,54,0.327030010348396,real:OEWS_May2025_industry
13-2011,55,0.07252155915833046,real:OEWS_May2025_industry
13-2011,56,0.048789237668161435,real:OEWS_May2025_industry
13-2011,61,0.03573646084856847,real:OEWS_May2025_industry
13-2011,62,0.04342186961021042,real:OEWS_May2025_industry
13-2011,71,0.010727837185236289,real:OEWS_May2025_industry
13-2011,72,0.01126595377716454,real:OEWS_May2025_industry
13-2011,81,0.02384960331148672,real:OEWS_May2025_industry
13-2011,92,0.08153156260779579,real:OEWS_May2025_industry
13-2020,22,0.0010559662090813093,real:OEWS_May2025_industry
13-2020,31-33,0.0005279831045406547,real:OEWS_May2025_industry
13-2020,44-45,0.015135515663498769,real:OEWS_May2025_industry
13-2020,48-49,0.0014079549454417458,real:OEWS_May2025_industry
13-2020,51,0.003695881731784583,real:OEWS_May2025_industry
13-2020,52,0.10841253079901443,real:OEWS_May2025_industry
13-2020,53,0.24604012671594508,real:OEWS_May2025_industry
13-2020,54,0.06230200633579725,real:OEWS_May2025_industry
13-2020,55,0.015311510031678986,real:OEWS_May2025_industry
13-2020,56,0.007391763463569166,real:OEWS_May2025_industry
13-2020,61,0.00897571277719113,real:OEWS_May2025_industry
13-2020,62,0.0028159098908834917,real:OEWS_May2025_industry
13-2020,81,0.0019359380499824005,real:OEWS_May2025_industry
13-2020,92,0.524991200281591,real:OEWS_May2025_industry
13-2031,22,0.007212558336868901,real:OEWS_May2025_industry
13-2031,23,0.007212558336868901,real:OEWS_May2025_industry
13-2031,31-33,0.03860840050912177,real:OEWS_May2025_industry
13-2031,42,0.009970301230377598,real:OEWS_May2025_industry
13-2031,44-45,0.0008485362749257531,real:OEWS_May2025_industry
13-2031,48-49,0.008909630886720407,real:OEWS_May2025_industry
13-2031,51,0.009121764955451845,real:OEWS_May2025_industry
13-2031,52,0.02333474756045821,real:OEWS_May2025_industry
13-2031,53,0.004242681374628765,real:OEWS_May2025_industry
13-2031,54,0.09185405176071278,real:OEWS_May2025_industry
13-2031,55,0.07170131523122614,real:OEWS_May2025_industry
13-2031,56,0.025668222316504032,real:OEWS_May2025_industry
13-2031,61,0.13173525668222316,real:OEWS_May2025_industry
13-2031,62,0.048366567670767927,real:OEWS_May2025_industry
13-2031,71,0.0033941450997030122,real:OEWS_May2025_industry
13-2031,72,0.002969876962240136,real:OEWS_May2025_industry
13-2031,81,0.008909630886720407,real:OEWS_May2025_industry
13-2031,92,0.5059397539244803,real:OEWS_May2025_industry
13-2041,22,0.0013988187752564502,real:OEWS_May2025_industry
13-2041,23,0.0017096673919801057,real:OEWS_May2025_industry
13-2041,31-33,0.017407522536524712,real:OEWS_May2025_industry
13-2041,42,0.0458501709667392,real:OEWS_May2025_industry
13-2041,44-45,0.013988187752564501,real:OEWS_May2025_industry
13-2041,48-49,0.0032639104755983837,real:OEWS_May2025_industry
13-2041,51,0.011345974510413429,real:OEWS_May2025_industry
13-2041,52,0.7199253963319864,real:OEWS_May2025_industry
13-2041,53,0.007149518184644078,real:OEWS_May2025_industry
13-2041,54,0.013988187752564501,real:OEWS_May2025_industry
13-2041,55,0.12169723344731116,real:OEWS_May2025_industry
13-2041,56,0.034037923531240286,real:OEWS_May2025_industry
13-2041,61,0.0012433944668946222,real:OEWS_May2025_industry
13-2041,62,0.0012433944668946222,real:OEWS_May2025_industry
13-2041,72,0.0013988187752564502,real:OEWS_May2025_industry
13-2041,92,0.004351880634131178,real:OEWS_May2025_industry
13-2051,21,0.002956699549586891,real:OEWS_May2025_industry
13-2051,22,0.006880543811655476,real:OEWS_May2025_industry
13-2051,23,0.005581806626322916,real:OEWS_May2025_industry
13-2051,31-33,0.044737351128796045,real:OEWS_May2025_industry
13-2051,42,0.02337726933598607,real:OEWS_May2025_industry
13-2051,44-45,0.0035646190831468126,real:OEWS_May2025_industry
13-2051,48-49,0.00914642570946973,real:OEWS_May2025_industry
13-2051,51,0.03437508635220647,real:OEWS_May2025_industry
13-2051,52,0.42894249633866643,real:OEWS_May2025_industry
13-2051,53,0.0315012849208323,real:OEWS_May2025_industry
13-2051,54,0.14990743043466245,real:OEWS_May2025_industry
13-2051,55,0.12393268672801128,real:OEWS_May2025_industry
13-2051,56,0.031998673630108596,real:OEWS_May2025_industry
13-2051,61,0.028378789134819973,real:OEWS_May2025_industry
13-2051,62,0.02937356655337257,real:OEWS_May2025_industry
13-2051,71,0.001630329658183426,real:OEWS_May2025_industry
13-2051,72,0.0026527397828069303,real:OEWS_May2025_industry
13-2051,81,0.006742380281300948,real:OEWS_May2025_industry
13-2051,92,0.03431982094006466,real:OEWS_May2025_industry
13-2052,51,0.0006053039760904929,real:OEWS_May2025_industry
13-2052,52,0.939658759883479,real:OEWS_May2025_industry
13-2052,54,0.03283774070290924,real:OEWS_May2025_industry
13-2052,55,0.017705141300646918,real:OEWS_May2025_industry
13-2052,61,0.000794461468618772,real:OEWS_May2025_industry
13-2052,62,0.006507017742972799,real:OEWS_May2025_industry
13-2052,81,0.0007187984716074604,real:OEWS_May2025_industry
13-2052,92,0.00117277645367533,real:OEWS_May2025_industry
13-2053,52,0.9517678708685626,real:OEWS_May2025_industry
13-2053,54,0.009415833973866257,real:OEWS_May2025_industry
13-2053,55,0.02824750192159877,real:OEWS_May2025_industry
13-2053,62,0.0014411990776325902,real:OEWS_May2025_industry
13-2053,81,0.0006725595695618755,real:OEWS_May2025_industry
13-2053,92,0.008455034588777863,real:OEWS_May2025_industry
13-2054,22,0.0036027568922305762,real:OEWS_May2025_industry
13-2054,23,0.005639097744360902,real:OEWS_May2025_industry
13-2054,31-33,0.007048872180451127,real:OEWS_May2025_industry
13-2054,42,0.015037593984962405,real:OEWS_May2025_industry
13-2054,44-45,0.0021929824561403508,real:OEWS_May2025_industry
13-2054,48-49,0.005169172932330827,real:OEWS_May2025_industry
13-2054,51,0.028352130325814535,real:OEWS_May2025_industry
13-2054,52,0.6422305764411027,real:OEWS_May2025_industry
13-2054,53,0.006578947368421052,real:OEWS_May2025_industry
13-2054,54,0.09038220551378447,real:OEWS_May2025_industry
13-2054,55,0.1049498746867168,real:OEWS_May2025_industry
13-2054,56,0.021459899749373432,real:OEWS_May2025_industry
13-2054,61,0.010181704260651629,real:OEWS_May2025_industry
13-2054,62,0.015664160401002505,real:OEWS_May2025_industry
13-2054,71,0.006892230576441102,real:OEWS_May2025_industry
13-2054,72,0.0014097744360902255,real:OEWS_May2025_industry
13-2054,81,0.005325814536340852,real:OEWS_May2025_industry
13-2054,92,0.02788220551378446,real:OEWS_May2025_industry
13-2061,31-33,0.0004431314623338257,real:OEWS_May2025_industry
13-2061,42,0.0005908419497784342,real:OEWS_May2025_industry
13-2061,51,0.002658788774002954,real:OEWS_May2025_industry
13-2061,52,0.6816838995568686,real:OEWS_May2025_industry
13-2061,53,0.005022156573116691,real:OEWS_May2025_industry
13-2061,54,0.03589364844903988,real:OEWS_May2025_industry
13-2061,55,0.07429837518463811,real:OEWS_May2025_industry
13-2061,56,0.015952732644017725,real:OEWS_May2025_industry
13-2061,61,0.0007385524372230429,real:OEWS_May2025_industry
13-2061,62,0.0008862629246676514,real:OEWS_May2025_industry
13-2061,81,0.005465288035450517,real:OEWS_May2025_industry
13-2061,92,0.17636632200886262,real:OEWS_May2025_industry
13-2071,23,0.0018539117538005192,real:OEWS_May2025_industry
13-2071,44-45,0.010381905821282907,real:OEWS_May2025_industry
13-2071,51,0.0018539117538005192,real:OEWS_May2025_industry
13-2071,52,0.135706340378198,real:OEWS_May2025_industry
13-2071,53,0.004449388209121246,real:OEWS_May2025_industry
13-2071,54,0.10863922877271041,real:OEWS_May2025_industry
13-2071,55,0.03337041156840934,real:OEWS_May2025_industry
13-2071,61,0.5528364849833148,real:OEWS_May2025_industry
13-2071,62,0.13014460511679643,real:OEWS_May2025_industry
13-2071,81,0.014831294030404153,real:OEWS_May2025_industry
13-2071,92,0.005932517612161661,real:OEWS_May2025_industry
13-2072,23,0.002151478685774715,real:OEWS_May2025_industry
13-2072,42,0.001021040732232068,real:OEWS_May2025_industry
13-2072,44-45,0.04481639499690041,real:OEWS_May2025_industry
13-2072,51,0.0014221638770375233,real:OEWS_May2025_industry
13-2072,52,0.8409729059548554,real:OEWS_May2025_industry
13-2072,53,0.012216023046347956,real:OEWS_May2025_industry
13-2072,54,0.015680268387849614,real:OEWS_May2025_industry
13-2072,55,0.04492579221821099,real:OEWS_May2025_industry
13-2072,56,0.004448820333296868,real:OEWS_May2025_industry
13-2072,61,0.007767202713051089,real:OEWS_May2025_industry
13-2072,62,0.001093972213105787,real:OEWS_May2025_industry
13-2072,81,0.002042081464464136,real:OEWS_May2025_industry
13-2072,92,0.021441855376873428,real:OEWS_May2025_industry
13-2081,92,1.0,real:OEWS_May2025_industry
13-2082,51,0.016655737704918034,real:OEWS_May2025_industry
13-2082,52,0.007213114754098361,real:OEWS_May2025_industry
13-2082,54,0.9710163934426229,real:OEWS_May2025_industry
13-2082,55,0.0005245901639344263,real:OEWS_May2025_industry
13-2082,56,0.003934426229508197,real:OEWS_May2025_industry
13-2082,62,0.0006557377049180328,real:OEWS_May2025_industry
13-2099,21,0.002194475974271661,real:OEWS_May2025_industry
13-2099,22,0.004313280363223609,real:OEWS_May2025_industry
13-2099,23,0.0040105940219447595,real:OEWS_May2025_industry
13-2099,31-33,0.016799091940976164,real:OEWS_May2025_industry
13-2099,42,0.015664018161180477,real:OEWS_May2025_industry
13-2099,44-45,0.011577752553916005,real:OEWS_May2025_industry
13-2099,48-49,0.003253878168747635,real:OEWS_May2025_industry
13-2099,51,0.01732879303821415,real:OEWS_May2025_industry
13-2099,52,0.33749527052591755,real:OEWS_May2025_industry
13-2099,53,0.005826712069617859,real:OEWS_May2025_industry
13-2099,54,0.07393113885735907,real:OEWS_May2025_industry
13-2099,55,0.07045024593265228,real:OEWS_May2025_industry
13-2099,56,0.03185773741959894,real:OEWS_May2025_industry
13-2099,61,0.051456678017404466,real:OEWS_May2025_industry
13-2099,62,0.05501324252743095,real:OEWS_May2025_industry
13-2099,71,0.0020431328036322363,real:OEWS_May2025_industry
13-2099,72,0.0009080590238365494,real:OEWS_May2025_industry
13-2099,81,0.04146802875520242,real:OEWS_May2025_industry
13-2099,92,0.25440786984487324,real:OEWS_May2025_industry
15-1211,11,0.0000769941484447182,real:OEWS_May2025_industry
15-1211,21,0.0008469356328919002,real:OEWS_May2025_industry
15-1211,22,0.007737911918694179,real:OEWS_May2025_industry
15-1211,23,0.003253002771789344,real:OEWS_May2025_industry
15-1211,31-33,0.045946258084385586,real:OEWS_May2025_industry
15-1211,42,0.027140437326763165,real:OEWS_May2025_industry
15-1211,44-45,0.0030412688635663688,real:OEWS_May2025_industry
15-1211,48-49,0.008296119494918387,real:OEWS_May2025_industry
15-1211,51,0.06996843239913766,real:OEWS_May2025_industry
15-1211,52,0.12428780412688635,real:OEWS_May2025_industry
15-1211,53,0.0026755466584539576,real:OEWS_May2025_industry
15-1211,54,0.3476863258392362,real:OEWS_May2025_industry
15-1211,55,0.11660763781952571,real:OEWS_May2025_industry
15-1211,56,0.04500307976593779,real:OEWS_May2025_industry
15-1211,61,0.04044117647058824,real:OEWS_May2025_industry
15-1211,62,0.0760509701262704,real:OEWS_May2025_industry
15-1211,71,0.0014821373575608255,real:OEWS_May2025_industry
15-1211,72,0.0010009239297813367,real:OEWS_May2025_industry
15-1211,81,0.004812134277794888,real:OEWS_May2025_industry
15-1211,92,0.07364490298737296,real:OEWS_May2025_industry
15-1212,21,0.0005770340450086555,real:OEWS_May2025_industry
15-1212,22,0.007396527304201857,real:OEWS_May2025_industry
15-1212,23,0.003776950112783927,real:OEWS_May2025_industry
15-1212,31-33,0.051775691129413,real:OEWS_May2025_industry
15-1212,42,0.02260924303624823,real:OEWS_May2025_industry
15-1212,44-45,0.004091695955515921,real:OEWS_May2025_industry
15-1212,48-49,0.008183391911031842,real:OEWS_May2025_industry
15-1212,51,0.09395163405550018,real:OEWS_May2025_industry
15-1212,52,0.155169700466873,real:OEWS_May2025_industry
15-1212,53,0.0033048313486859363,real:OEWS_May2025_industry
15-1212,54,0.4132088338666527,real:OEWS_May2025_industry
15-1212,55,0.10171536484288937,real:OEWS_May2025_industry
15-1212,56,0.04731679169070975,real:OEWS_May2025_industry
15-1212,61,0.0258091591040235,real:OEWS_May2025_industry
15-1212,62,0.024969836856738183,real:OEWS_May2025_industry
15-1212,71,0.0015212715732046372,real:OEWS_May2025_industry
15-1212,72,0.0005770340450086555,real:OEWS_May2025_industry
15-1212,81,0.004668730000524576,real:OEWS_May2025_industry
15-1212,92,0.0293762786549861,real:OEWS_May2025_industry
15-1221,31-33,0.04522207267833109,real:OEWS_May2025_industry
15-1221,42,0.02180349932705249,real:OEWS_May2025_industry
15-1221,48-49,0.0008075370121130552,real:OEWS_May2025_industry
15-1221,51,0.10605652759084791,real:OEWS_May2025_industry
15-1221,52,0.004306864064602961,real:OEWS_May2025_industry
15-1221,54,0.41507402422611034,real:OEWS_May2025_industry
15-1221,55,0.014266487213997309,real:OEWS_May2025_industry
15-1221,56,0.013728129205921938,real:OEWS_May2025_industry
15-1221,61,0.0759084791386272,real:OEWS_May2025_industry
15-1221,62,0.003230148048452221,real:OEWS_May2025_industry
15-1221,81,0.0008075370121130552,real:OEWS_May2025_industry
15-1221,92,0.29878869448183043,real:OEWS_May2025_industry
15-1231,21,0.0013156983588394156,real:OEWS_May2025_industry
15-1231,22,0.005678277127622741,real:OEWS_May2025_industry
15-1231,31-33,0.042794820303303095,real:OEWS_May2025_industry
15-1231,42,0.04591094799529118,real:OEWS_May2025_industry
15-1231,44-45,0.014057198254968492,real:OEWS_May2025_industry
15-1231,48-49,0.013364725434526695,real:OEWS_May2025_industry
15-1231,51,0.16847863721348938,real:OEWS_May2025_industry
15-1231,52,0.05581330932760889,real:OEWS_May2025_industry
15-1231,53,0.006578491794197078,real:OEWS_May2025_industry
15-1231,54,0.2936777231493664,real:OEWS_May2025_industry
15-1231,55,0.0598988989682155,real:OEWS_May2025_industry
15-1231,56,0.048334602866837474,real:OEWS_May2025_industry
15-1231,61,0.10490963229693234,real:OEWS_May2025_industry
15-1231,62,0.04258707845717056,real:OEWS_May2025_industry
15-1231,71,0.004501073332871685,real:OEWS_May2025_industry
15-1231,72,0.0027698912817671908,real:OEWS_May2025_industry
15-1231,81,0.014195692819056851,real:OEWS_May2025_industry
15-1231,92,0.07513330101793504,real:OEWS_May2025_industry
15-1232,11,0.00032070052148693495,real:OEWS_May2025_industry
15-1232,21,0.001115480074737165,real:OEWS_May2025_industry
15-1232,22,0.0037508017513037174,real:OEWS_May2025_industry
15-1232,23,0.012730416352937896,real:OEWS_May2025_industry
15-1232,31-33,0.044200897961460164,real:OEWS_May2025_industry
15-1232,42,0.059887336512451546,real:OEWS_May2025_industry
15-1232,44-45,0.01882372626118966,real:OEWS_May2025_industry
15-1232,48-49,0.011377896762319083,real:OEWS_May2025_industry
15-1232,51,0.10520371454864888,real:OEWS_May2025_industry
15-1232,52,0.05531386820602917,real:OEWS_May2025_industry
15-1232,53,0.00733428149139686,real:OEWS_May2025_industry
15-1232,54,0.2952257452801249,real:OEWS_May2025_industry
15-1232,55,0.054533032153713155,real:OEWS_May2025_industry
15-1232,56,0.07429097297749519,real:OEWS_May2025_industry
15-1232,61,0.1139462896344014,real:OEWS_May2025_industry
15-1232,62,0.05482584567333166,real:OEWS_May2025_industry
15-1232,71,0.005340360857804177,real:OEWS_May2025_industry
15-1232,72,0.004629242310159235,real:OEWS_May2025_industry
15-1232,81,0.013943500934214563,real:OEWS_May2025_industry
15-1232,92,0.06320588973479462,real:OEWS_May2025_industry
15-1241,21,0.0022255605630668225,real:OEWS_May2025_industry
15-1241,22,0.008679686195960608,real:OEWS_May2025_industry
15-1241,23,0.007233071829967173,real:OEWS_May2025_industry
15-1241,31-33,0.04161798252934958,real:OEWS_May2025_industry
15-1241,42,0.03972625605074278,real:OEWS_May2025_industry
15-1241,44-45,0.004395482112056974,real:OEWS_May2025_industry
15-1241,48-49,0.007066154787737161,real:OEWS_May2025_industry
15-1241,51,0.17487342124297559,real:OEWS_May2025_industry
15-1241,52,0.10482390252044733,real:OEWS_May2025_industry
15-1241,53,0.0024481166193735045,real:OEWS_May2025_industry
15-1241,54,0.3634340399488121,real:OEWS_May2025_industry
15-1241,55,0.09408557280364992,real:OEWS_May2025_industry
15-1241,56,0.057808935625660716,real:OEWS_May2025_industry
15-1241,61,0.026261614644188504,real:OEWS_May2025_industry
15-1241,62,0.030323262671785457,real:OEWS_May2025_industry
15-1241,71,0.0015578923941467757,real:OEWS_May2025_industry
15-1241,72,0.001780448450453458,real:OEWS_May2025_industry
15-1241,81,0.004172926055750292,real:OEWS_May2025_industry
15-1241,92,0.027485672953875256,real:OEWS_May2025_industry
15-1242,21,0.002288002288002288,real:OEWS_May2025_industry
15-1242,22,0.006006006006006006,real:OEWS_May2025_industry
15-1242,23,0.0037180037180037182,real:OEWS_May2025_industry
15-1242,31-33,0.04175604175604176,real:OEWS_May2025_industry
15-1242,42,0.02717002717002717,real:OEWS_May2025_industry
15-1242,44-45,0.011154011154011155,real:OEWS_May2025_industry
15-1242,48-49,0.016874016874016875,real:OEWS_May2025_industry
15-1242,51,0.08408408408408409,real:OEWS_May2025_industry
15-1242,52,0.11525811525811526,real:OEWS_May2025_industry
15-1242,53,0.010153010153010154,real:OEWS_May2025_industry
15-1242,54,0.24853424853424855,real:OEWS_May2025_industry
15-1242,55,0.07607607607607608,real:OEWS_May2025_industry
15-1242,56,0.05805805805805806,real:OEWS_May2025_industry
15-1242,61,0.10153010153010153,real:OEWS_May2025_industry
15-1242,62,0.059917059917059916,real:OEWS_May2025_industry
15-1242,71,0.00958100958100958,real:OEWS_May2025_industry
15-1242,72,0.003146003146003146,real:OEWS_May2025_industry
15-1242,81,0.03546403546403546,real:OEWS_May2025_industry
15-1242,92,0.08923208923208924,real:OEWS_May2025_industry
15-1243,21,0.000894054537326777,real:OEWS_May2025_industry
15-1243,22,0.004321263597079422,real:OEWS_May2025_industry
15-1243,23,0.004172254507524959,real:OEWS_May2025_industry
15-1243,31-33,0.02428848159737744,real:OEWS_May2025_industry
15-1243,42,0.034123081507971983,real:OEWS_May2025_industry
15-1243,44-45,0.011175681716584712,real:OEWS_May2025_industry
15-1243,48-49,0.005662345403069587,real:OEWS_May2025_industry
15-1243,51,0.15705558039040382,real:OEWS_May2025_industry
15-1243,52,0.13962151691253166,real:OEWS_May2025_industry
15-1243,53,0.007152436298614216,real:OEWS_May2025_industry
15-1243,54,0.3623901057964536,real:OEWS_May2025_industry
15-1243,55,0.10177320816569811,real:OEWS_May2025_industry
15-1243,56,0.06034868126955744,real:OEWS_May2025_industry
15-1243,61,0.023990463418268514,real:OEWS_May2025_industry
15-1243,62,0.03442109968708091,real:OEWS_May2025_industry
15-1243,71,0.002682163611980331,real:OEWS_May2025_industry
15-1243,81,0.007599463567277604,real:OEWS_May2025_industry
15-1243,92,0.018328118015198926,real:OEWS_May2025_industry
15-1244,11,0.0002545014951962843,real:OEWS_May2025_industry
15-1244,21,0.002449576891264236,real:OEWS_May2025_industry
15-1244,22,0.007316917986893173,real:OEWS_May2025_industry
15-1244,23,0.01132531653623465,real:OEWS_May2025_industry
15-1244,31-33,0.06712476935801998,real:OEWS_May2025_industry
15-1244,42,0.04612839600432653,real:OEWS_May2025_industry
15-1244,44-45,0.013424953871603995,real:OEWS_May2025_industry
15-1244,48-49,0.016542597187758478,real:OEWS_May2025_industry
15-1244,51,0.0760005090029904,real:OEWS_May2025_industry
15-1244,52,0.08443087103136732,real:OEWS_May2025_industry
15-1244,53,0.011166253101736972,real:OEWS_May2025_industry
15-1244,54,0.26048228033339693,real:OEWS_May2025_industry
15-1244,55,0.07472800152700897,real:OEWS_May2025_industry
15-1244,56,0.04714640198511166,real:OEWS_May2025_industry
15-1244,61,0.12044283260164153,real:OEWS_May2025_industry
15-1244,62,0.055513138639689506,real:OEWS_May2025_industry
15-1244,71,0.007030603804797354,real:OEWS_May2025_industry
15-1244,72,0.003976585862441942,real:OEWS_May2025_industry
15-1244,81,0.012534198638417001,real:OEWS_May2025_industry
15-1244,92,0.08198129414010308,real:OEWS_May2025_industry
15-1251,21,0.001843817787418655,real:OEWS_May2025_industry
15-1251,22,0.004880694143167028,real:OEWS_May2025_industry
15-1251,23,0.01594360086767896,real:OEWS_May2025_industry
15-1251,31-33,0.07982646420824295,real:OEWS_May2025_industry
15-1251,42,0.03188720173535792,real:OEWS_May2025_industry
15-1251,44-45,0.0057483731019522775,real:OEWS_May2025_industry
15-1251,48-49,0.009327548806941432,real:OEWS_May2025_industry
15-1251,51,0.0938177874186551,real:OEWS_May2025_industry
15-1251,52,0.05433839479392625,real:OEWS_May2025_industry
15-1251,53,0.0010845986984815619,real:OEWS_May2025_industry
15-1251,54,0.4197396963123644,real:OEWS_May2025_industry
15-1251,55,0.035683297180043386,real:OEWS_May2025_industry
15-1251,56,0.03524945770065076,real:OEWS_May2025_industry
15-1251,61,0.09793926247288504,real:OEWS_May2025_industry
15-1251,62,0.019414316702819956,real:OEWS_May2025_industry
15-1251,71,0.0026030368763557484,real:OEWS_May2025_industry
15-1251,72,0.0005422993492407809,real:OEWS_May2025_industry
15-1251,81,0.008676789587852495,real:OEWS_May2025_industry
15-1251,92,0.08145336225596529,real:OEWS_May2025_industry
15-1252,11,0.00005332101025540764,real:OEWS_May2025_industry
15-1252,21,0.00047988909229866876,real:OEWS_May2025_industry
15-1252,22,0.001617403977747365,real:OEWS_May2025_industry
15-1252,23,0.0031163168215938243,real:OEWS_May2025_industry
15-1252,31-33,0.08080502876372275,real:OEWS_May2025_industry
15-1252,42,0.03591466268536457,real:OEWS_May2025_industry
15-1252,44-45,0.004508587644929468,real:OEWS_May2025_industry
15-1252,48-49,0.01067605116447162,real:OEWS_May2025_industry
15-1252,51,0.20580725047248338,real:OEWS_May2025_industry
15-1252,52,0.09952662792006588,real:OEWS_May2025_industry
15-1252,53,0.003051146697948326,real:OEWS_May2025_industry
15-1252,54,0.41378288869535335,real:OEWS_May2025_industry
15-1252,55,0.06128953901024356,real:OEWS_May2025_industry
15-1252,56,0.037064026684203354,real:OEWS_May2025_industry
15-1252,61,0.01243564450290007,real:OEWS_May2025_industry
15-1252,62,0.011866887060175722,real:OEWS_May2025_industry
15-1252,71,0.0014811391737613233,real:OEWS_May2025_industry
15-1252,72,0.00013626480398604173,real:OEWS_May2025_industry
15-1252,81,0.0038924337486447576,real:OEWS_May2025_industry
15-1252,92,0.012494890069850523,real:OEWS_May2025_industry
15-1253,21,0.00021421303486317142,real:OEWS_May2025_industry
15-1253,22,0.0013388314678948214,real:OEWS_May2025_industry
15-1253,23,0.0016065977614737857,real:OEWS_May2025_industry
15-1253,31-33,0.08691693889573181,real:OEWS_May2025_industry
15-1253,42,0.03213195522947571,real:OEWS_May2025_industry
15-1253,44-45,0.0058908584587372146,real:OEWS_May2025_industry
15-1253,48-49,0.005301772612863492,real:OEWS_May2025_industry
15-1253,51,0.16842499866116853,real:OEWS_May2025_industry
15-1253,52,0.11910244738392331,real:OEWS_May2025_industry
15-1253,53,0.0032131955229475714,real:OEWS_May2025_industry
15-1253,54,0.41958978203823705,real:OEWS_May2025_industry
15-1253,55,0.055106303218550846,real:OEWS_May2025_industry
15-1253,56,0.05853371177636159,real:OEWS_May2025_industry
15-1253,61,0.012210142987200771,real:OEWS_May2025_industry
15-1253,62,0.014352273335832486,real:OEWS_May2025_industry
15-1253,71,0.001820810796336957,real:OEWS_May2025_industry
15-1253,72,0.00016065977614737858,real:OEWS_May2025_industry
15-1253,81,0.004444920473410807,real:OEWS_May2025_industry
15-1253,92,0.009639586568842715,real:OEWS_May2025_industry
15-1254,22,0.0007125552230297848,real:OEWS_May2025_industry
15-1254,23,0.005130397605814451,real:OEWS_May2025_industry
15-1254,31-33,0.036340316374519024,real:OEWS_May2025_industry
15-1254,42,0.045318512184694314,real:OEWS_May2025_industry
15-1254,44-45,0.025081943850648426,real:OEWS_May2025_industry
15-1254,48-49,0.006412997007268063,real:OEWS_May2025_industry
15-1254,51,0.1348154481972353,real:OEWS_May2025_industry
15-1254,52,0.045603534273906225,real:OEWS_May2025_industry
15-1254,53,0.003990309248966795,real:OEWS_May2025_industry
15-1254,54,0.4385064842525296,real:OEWS_May2025_industry
15-1254,55,0.04132820293572752,real:OEWS_May2025_industry
15-1254,56,0.04845375516602537,real:OEWS_May2025_industry
15-1254,61,0.10189539689325923,real:OEWS_May2025_industry
15-1254,62,0.01638877012968505,real:OEWS_May2025_industry
15-1254,71,0.008835684765569332,real:OEWS_May2025_industry
15-1254,72,0.0007125552230297848,real:OEWS_May2025_industry
15-1254,81,0.023371811315376943,real:OEWS_May2025_industry
15-1254,92,0.017101325352714837,real:OEWS_May2025_industry
15-1255,22,0.0010587612493382743,real:OEWS_May2025_industry
15-1255,23,0.002911593435680254,real:OEWS_May2025_industry
15-1255,31-33,0.03211575789659432,real:OEWS_May2025_industry
15-1255,42,0.054261514028586554,real:OEWS_May2025_industry
15-1255,44-45,0.029557084877360154,real:OEWS_May2025_industry
15-1255,48-49,0.006793718016587259,real:OEWS_May2025_industry
15-1255,51,0.3125992588671255,real:OEWS_May2025_industry
15-1255,52,0.06599611787541909,real:OEWS_May2025_industry
15-1255,53,0.004499735309687666,real:OEWS_May2025_industry
15-1255,54,0.2949532380448209,real:OEWS_May2025_industry
15-1255,55,0.05540850538203635,real:OEWS_May2025_industry
15-1255,56,0.050555849655902596,real:OEWS_May2025_industry
15-1255,61,0.03740956414328569,real:OEWS_May2025_industry
15-1255,62,0.01049938238927122,real:OEWS_May2025_industry
15-1255,71,0.009440621139932945,real:OEWS_May2025_industry
15-1255,72,0.003970354685018529,real:OEWS_May2025_industry
15-1255,81,0.020204693841538734,real:OEWS_May2025_industry
15-1255,92,0.007764249161814011,real:OEWS_May2025_industry
15-1299,11,0.00011484748254318265,real:OEWS_May2025_industry
15-1299,21,0.002388827636898199,real:OEWS_May2025_industry
15-1299,22,0.005857221609702316,real:OEWS_May2025_industry
15-1299,23,0.005443770672546858,real:OEWS_May2025_industry
15-1299,31-33,0.05365674384417494,real:OEWS_May2025_industry
15-1299,42,0.029423925027563396,real:OEWS_May2025_industry
15-1299,44-45,0.008039323778022786,real:OEWS_May2025_industry
15-1299,48-49,0.01669882396177876,real:OEWS_May2025_industry
15-1299,51,0.11133314957736126,real:OEWS_May2025_industry
15-1299,52,0.0620635795663359,real:OEWS_May2025_industry
15-1299,53,0.0049843807423741275,real:OEWS_May2025_industry
15-1299,54,0.2847528482175671,real:OEWS_May2025_industry
15-1299,55,0.05760749724366042,real:OEWS_May2025_industry
15-1299,56,0.05386346931275266,real:OEWS_May2025_industry
15-1299,61,0.03976019845644983,real:OEWS_May2025_industry
15-1299,62,0.02409500183755972,real:OEWS_May2025_industry
15-1299,71,0.0024807056229327455,real:OEWS_May2025_industry
15-1299,72,0.002595553105475928,real:OEWS_May2025_industry
15-1299,81,0.010037669974274164,real:OEWS_May2025_industry
15-1299,92,0.22480246233002574,real:OEWS_May2025_industry
15-2011,52,0.7552261497529457,real:OEWS_May2025_industry
15-2011,54,0.14861269479285444,real:OEWS_May2025_industry
15-2011,55,0.04370961611554542,real:OEWS_May2025_industry
15-2011,56,0.014063093880653743,real:OEWS_May2025_industry
15-2011,62,0.004180919802356519,real:OEWS_May2025_industry
15-2011,81,0.0019004180919802356,real:OEWS_May2025_industry
15-2011,92,0.032307107563664006,real:OEWS_May2025_industry
15-2021,31-33,0.08227848101265822,real:OEWS_May2025_industry
15-2021,54,0.17088607594936708,real:OEWS_May2025_industry
15-2021,55,0.0189873417721519,real:OEWS_May2025_industry
15-2021,92,0.7278481012658228,real:OEWS_May2025_industry
15-2031,21,0.003870967741935484,real:OEWS_May2025_industry
15-2031,22,0.010046082949308756,real:OEWS_May2025_industry
15-2031,23,0.0013824884792626728,real:OEWS_May2025_industry
15-2031,31-33,0.038986175115207376,real:OEWS_May2025_industry
15-2031,42,0.027373271889400922,real:OEWS_May2025_industry
15-2031,44-45,0.003870967741935484,real:OEWS_May2025_industry
15-2031,48-49,0.011797235023041475,real:OEWS_May2025_industry
15-2031,51,0.05751152073732719,real:OEWS_May2025_industry
15-2031,52,0.24211981566820276,real:OEWS_May2025_industry
15-2031,53,0.0025806451612903226,real:OEWS_May2025_industry
15-2031,54,0.23096774193548386,real:OEWS_May2025_industry
15-2031,55,0.09723502304147466,real:OEWS_May2025_industry
15-2031,56,0.04294930875576037,real:OEWS_May2025_industry
15-2031,61,0.07253456221198157,real:OEWS_May2025_industry
15-2031,62,0.03087557603686636,real:OEWS_May2025_industry
15-2031,71,0.0012903225806451613,real:OEWS_May2025_industry
15-2031,72,0.0004608294930875576,real:OEWS_May2025_industry
15-2031,81,0.008018433179723502,real:OEWS_May2025_industry
15-2031,92,0.11612903225806452,real:OEWS_May2025_industry
15-2041,31-33,0.019668737060041408,real:OEWS_May2025_industry
15-2041,42,0.026915113871635612,real:OEWS_May2025_industry
15-2041,44-45,0.003795721187025535,real:OEWS_May2025_industry
15-2041,48-49,0.006211180124223602,real:OEWS_May2025_industry
15-2041,51,0.015873015873015872,real:OEWS_May2025_industry
15-2041,52,0.04520358868184955,real:OEWS_May2025_industry
15-2041,54,0.32574189095928224,real:OEWS_May2025_industry
15-2041,55,0.04796411318150449,real:OEWS_May2025_industry
15-2041,56,0.01621808143547274,real:OEWS_May2025_industry
15-2041,61,0.1290545203588682,real:OEWS_May2025_industry
15-2041,62,0.0841959972394755,real:OEWS_May2025_industry
15-2041,71,0.011042097998619738,real:OEWS_May2025_industry
15-2041,81,0.012767425810904072,real:OEWS_May2025_industry
15-2041,92,0.2553485162180814,real:OEWS_May2025_industry
15-2051,21,0.002095956708966884,real:OEWS_May2025_industry
15-2051,22,0.0056781372661102855,real:OEWS_May2025_industry
15-2051,23,0.0029343393925536374,real:OEWS_May2025_industry
15-2051,31-33,0.039632635951373806,real:OEWS_May2025_industry
15-2051,42,0.044624823749094926,real:OEWS_May2025_industry
15-2051,44-45,0.0070500362028886095,real:OEWS_May2025_industry
15-2051,48-49,0.01695819519073206,real:OEWS_May2025_industry
15-2051,51,0.12350901261384856,real:OEWS_May2025_industry
15-2051,52,0.17808010365458635,real:OEWS_May2025_industry
15-2051,53,0.006554628253496437,real:OEWS_May2025_industry
15-2051,54,0.26572920239320147,real:OEWS_May2025_industry
15-2051,55,0.10906596547387676,real:OEWS_May2025_industry
15-2051,56,0.05933462901566251,real:OEWS_May2025_industry
15-2051,61,0.03944209443237681,real:OEWS_May2025_industry
15-2051,62,0.05872489615487215,real:OEWS_May2025_industry
15-2051,71,0.00487786288632293,real:OEWS_May2025_industry
15-2051,72,0.0005716245569909683,real:OEWS_May2025_industry
15-2051,81,0.012499523646202507,real:OEWS_May2025_industry
15-2051,92,0.022636332456842347,real:OEWS_May2025_industry
15-2099,31-33,0.03184713375796178,real:OEWS_May2025_industry
15-2099,42,0.028662420382165606,real:OEWS_May2025_industry
15-2099,54,0.4554140127388535,real:OEWS_May2025_industry
15-2099,55,0.041401273885350316,real:OEWS_May2025_industry
15-2099,56,0.06369426751592357,real:OEWS_May2025_industry
15-2099,61,0.12101910828025478,real:OEWS_May2025_industry
15-2099,62,0.028662420382165606,real:OEWS_May2025_industry
15-2099,81,0.022292993630573247,real:OEWS_May2025_industry
15-2099,92,0.2070063694267516,real:OEWS_May2025_industry
17-1011,22,0.0005625879043600563,real:OEWS_May2025_industry
17-1011,23,0.04106891701828411,real:OEWS_May2025_industry
17-1011,31-33,0.0032817627754336614,real:OEWS_May2025_industry
17-1011,42,0.0012189404594467885,real:OEWS_May2025_industry
17-1011,44-45,0.0011251758087201125,real:OEWS_May2025_industry
17-1011,48-49,0.0009376465072667605,real:OEWS_May2025_industry
17-1011,51,0.0011251758087201125,real:OEWS_May2025_industry
17-1011,52,0.0007501172058134083,real:OEWS_May2025_industry
17-1011,53,0.005063291139240506,real:OEWS_May2025_industry
17-1011,54,0.8903891233005157,real:OEWS_May2025_industry
17-1011,55,0.007876230661040788,real:OEWS_May2025_industry
17-1011,56,0.006282231598687295,real:OEWS_May2025_industry
17-1011,61,0.006188466947960619,real:OEWS_May2025_industry
17-1011,62,0.0015939990623534928,real:OEWS_May2025_industry
17-1011,71,0.00037505860290670416,real:OEWS_May2025_industry
17-1011,92,0.032161275199249884,real:OEWS_May2025_industry
17-1012,23,0.01800411522633745,real:OEWS_May2025_industry
17-1012,42,0.00205761316872428,real:OEWS_May2025_industry
17-1012,44-45,0.009259259259259259,real:OEWS_May2025_industry
17-1012,54,0.6188271604938271,real:OEWS_May2025_industry
17-1012,55,0.00205761316872428,real:OEWS_May2025_industry
17-1012,56,0.25308641975308643,real:OEWS_May2025_industry
17-1012,61,0.004629629629629629,real:OEWS_May2025_industry
17-1012,71,0.004629629629629629,real:OEWS_May2025_industry
17-1012,92,0.0874485596707819,real:OEWS_May2025_industry
17-1021,21,0.011315417256011316,real:OEWS_May2025_industry
17-1021,22,0.06506364922206506,real:OEWS_May2025_industry
17-1021,23,0.005657708628005658,real:OEWS_May2025_industry
17-1021,31-33,0.0049504950495049506,real:OEWS_May2025_industry
17-1021,51,0.02545968882602546,real:OEWS_May2025_industry
17-1021,54,0.35289957567185287,real:OEWS_May2025_industry
17-1021,55,0.021216407355021217,real:OEWS_May2025_industry
17-1021,56,0.009900990099009901,real:OEWS_May2025_industry
17-1021,61,0.012022630834512023,real:OEWS_May2025_industry
17-1021,81,0.008486562942008486,real:OEWS_May2025_industry
17-1021,92,0.48302687411598305,real:OEWS_May2025_industry
17-1022,21,0.012830635609948677,real:OEWS_May2025_industry
17-1022,22,0.013028030003947888,real:OEWS_May2025_industry
17-1022,23,0.10185550730359258,real:OEWS_May2025_industry
17-1022,31-33,0.0017765495459928938,real:OEWS_May2025_industry
17-1022,42,0.0005921831819976313,real:OEWS_May2025_industry
17-1022,48-49,0.0017765495459928938,real:OEWS_May2025_industry
17-1022,51,0.0041452822739834186,real:OEWS_May2025_industry
17-1022,52,0.0013817607579944729,real:OEWS_May2025_industry
17-1022,54,0.7534544018949861,real:OEWS_May2025_industry
17-1022,55,0.005921831819976312,real:OEWS_May2025_industry
17-1022,56,0.012633241215949467,real:OEWS_May2025_industry
17-1022,92,0.09060402684563758,real:OEWS_May2025_industry
17-2011,31-33,0.48633798633798636,real:OEWS_May2025_industry
17-2011,48-49,0.02598752598752599,real:OEWS_May2025_industry
17-2011,51,0.003861003861003861,real:OEWS_May2025_industry
17-2011,54,0.29922779922779924,real:OEWS_May2025_industry
17-2011,55,0.012771012771012771,real:OEWS_May2025_industry
17-2011,56,0.014404514404514405,real:OEWS_May2025_industry
17-2011,61,0.014998514998514999,real:OEWS_May2025_industry
17-2011,71,0.000891000891000891,real:OEWS_May2025_industry
17-2011,92,0.14152064152064153,real:OEWS_May2025_industry
17-2021,22,0.02127659574468085,real:OEWS_May2025_industry
17-2021,31-33,0.12056737588652482,real:OEWS_May2025_industry
17-2021,42,0.05673758865248227,real:OEWS_May2025_industry
17-2021,54,0.2907801418439716,real:OEWS_May2025_industry
17-2021,55,0.0851063829787234,real:OEWS_May2025_industry
17-2021,61,0.14184397163120568,real:OEWS_May2025_industry
17-2021,92,0.28368794326241137,real:OEWS_May2025_industry
17-2031,31-33,0.3286290322580645,real:OEWS_May2025_industry
17-2031,54,0.3276209677419355,real:OEWS_May2025_industry
17-2031,55,0.061995967741935484,real:OEWS_May2025_industry
17-2031,56,0.012096774193548387,real:OEWS_May2025_industry
17-2031,61,0.08165322580645161,real:OEWS_May2025_industry
17-2031,62,0.11743951612903226,real:OEWS_May2025_industry
17-2031,81,0.03377016129032258,real:OEWS_May2025_industry
17-2031,92,0.03679435483870968,real:OEWS_May2025_industry
17-2041,21,0.0042796005706134095,real:OEWS_May2025_industry
17-2041,22,0.00903471231573942,real:OEWS_May2025_industry
17-2041,23,0.019020446980504042,real:OEWS_May2025_industry
17-2041,31-33,0.5164051355206848,real:OEWS_May2025_industry
17-2041,42,0.02710413694721826,real:OEWS_May2025_industry
17-2041,54,0.25106990014265335,real:OEWS_May2025_industry
17-2041,55,0.06466951973371374,real:OEWS_May2025_industry
17-2041,56,0.030908226343319068,real:OEWS_May2025_industry
17-2041,61,0.029006181645268664,real:OEWS_May2025_industry
17-2041,92,0.04850213980028531,real:OEWS_May2025_industry
17-2051,21,0.0026114632354941377,real:OEWS_May2025_industry
17-2051,22,0.006066211474116591,real:OEWS_May2025_industry
17-2051,23,0.13291259758983706,real:OEWS_May2025_industry
17-2051,31-33,0.012078017464160387,real:OEWS_May2025_industry
17-2051,42,0.003672370174913631,real:OEWS_May2025_industry
17-2051,48-49,0.0027746796877125214,real:OEWS_May2025_industry
17-2051,51,0.002312233073093768,real:OEWS_May2025_industry
17-2051,52,0.001632164522183836,real:OEWS_May2025_industry
17-2051,53,0.007915997932591606,real:OEWS_May2025_industry
17-2051,54,0.5666331166181551,real:OEWS_May2025_industry
17-2051,55,0.00826963357906477,real:OEWS_May2025_industry
17-2051,56,0.014063817632817388,real:OEWS_May2025_industry
17-2051,61,0.005522156633388646,real:OEWS_May2025_industry
17-2051,71,0.00013601371018198634,real:OEWS_May2025_industry
17-2051,72,0.0009520959712739044,real:OEWS_May2025_industry
17-2051,81,0.000816082261091918,real:OEWS_May2025_industry
17-2051,92,0.23163134843992275,real:OEWS_May2025_industry
17-2061,22,0.0007862665443585375,real:OEWS_May2025_industry
17-2061,23,0.0006552221202987813,real:OEWS_May2025_industry
17-2061,31-33,0.3442537020049797,real:OEWS_May2025_industry
17-2061,42,0.04691390381339274,real:OEWS_May2025_industry
17-2061,48-49,0.0020967107849561,real:OEWS_May2025_industry
17-2061,51,0.07233652208098545,real:OEWS_May2025_industry
17-2061,52,0.0038002882977329314,real:OEWS_May2025_industry
17-2061,54,0.39732669374918095,real:OEWS_May2025_industry
17-2061,55,0.05150045865548421,real:OEWS_May2025_industry
17-2061,56,0.0146769754946927,real:OEWS_May2025_industry
17-2061,61,0.0019656663608963437,real:OEWS_May2025_industry
17-2061,62,0.0014414886646573189,real:OEWS_May2025_industry
17-2061,92,0.06224610142838422,real:OEWS_May2025_industry
17-2071,21,0.003624282694050136,real:OEWS_May2025_industry
17-2071,22,0.11210107721735629,real:OEWS_May2025_industry
17-2071,23,0.055320648343904155,real:OEWS_May2025_industry
17-2071,31-33,0.28762710158058996,real:OEWS_May2025_industry
17-2071,42,0.031209100976542836,real:OEWS_May2025_industry
17-2071,48-49,0.004329004329004329,real:OEWS_May2025_industry
17-2071,51,0.01620859760394644,real:OEWS_May2025_industry
17-2071,53,0.0008053961542333635,real:OEWS_May2025_industry
17-2071,54,0.35366958622772576,real:OEWS_May2025_industry
17-2071,55,0.051646028390214434,real:OEWS_May2025_industry
17-2071,56,0.01927917044196114,real:OEWS_May2025_industry
17-2071,61,0.004731702406121011,real:OEWS_May2025_industry
17-2071,62,0.0014597805295479714,real:OEWS_May2025_industry
17-2071,71,0.0008053961542333635,real:OEWS_May2025_industry
17-2071,81,0.006543843753146079,real:OEWS_May2025_industry
17-2071,92,0.05063928319742273,real:OEWS_May2025_industry
17-2072,21,0.0007237386269644334,real:OEWS_May2025_industry
17-2072,22,0.0028949545078577337,real:OEWS_May2025_industry
17-2072,23,0.00858147229114971,real:OEWS_May2025_industry
17-2072,31-33,0.3588709677419355,real:OEWS_May2025_industry
17-2072,42,0.033602150537634407,real:OEWS_May2025_industry
17-2072,48-49,0.005272952853598015,real:OEWS_May2025_industry
17-2072,51,0.15260545905707196,real:OEWS_May2025_industry
17-2072,52,0.00031017369727047146,real:OEWS_May2025_industry
17-2072,53,0.0025847808105872623,real:OEWS_May2025_industry
17-2072,54,0.23325062034739455,real:OEWS_May2025_industry
17-2072,55,0.030397022332506202,real:OEWS_May2025_industry
17-2072,56,0.012923904052936312,real:OEWS_May2025_industry
17-2072,61,0.005066170388751034,real:OEWS_May2025_industry
17-2072,62,0.0010339123242349049,real:OEWS_May2025_industry
17-2072,81,0.005893300248138958,real:OEWS_May2025_industry
17-2072,92,0.14598842018196856,real:OEWS_May2025_industry
17-2081,21,0.01164021164021164,real:OEWS_May2025_industry
17-2081,22,0.01455026455026455,real:OEWS_May2025_industry
17-2081,23,0.004761904761904762,real:OEWS_May2025_industry
17-2081,31-33,0.07063492063492063,real:OEWS_May2025_industry
17-2081,48-49,0.006084656084656085,real:OEWS_May2025_industry
17-2081,54,0.4828042328042328,real:OEWS_May2025_industry
17-2081,55,0.027513227513227514,real:OEWS_May2025_industry
17-2081,56,0.04417989417989418,real:OEWS_May2025_industry
17-2081,61,0.00873015873015873,real:OEWS_May2025_industry
17-2081,62,0.0010582010582010583,real:OEWS_May2025_industry
17-2081,81,0.004232804232804233,real:OEWS_May2025_industry
17-2081,92,0.3238095238095238,real:OEWS_May2025_industry
17-2111,21,0.035620743844945,real:OEWS_May2025_industry
17-2111,22,0.026191723415400735,real:OEWS_May2025_industry
17-2111,23,0.10267155578837088,real:OEWS_May2025_industry
17-2111,31-33,0.2535358826610791,real:OEWS_May2025_industry
17-2111,42,0.03352540597171294,real:OEWS_May2025_industry
17-2111,48-49,0.022524882137244632,real:OEWS_May2025_industry
17-2111,54,0.2613933996856993,real:OEWS_May2025_industry
17-2111,55,0.05500261917234154,real:OEWS_May2025_industry
17-2111,56,0.04714510214772132,real:OEWS_May2025_industry
17-2111,61,0.008381351492928235,real:OEWS_May2025_industry
17-2111,62,0.00995285489785228,real:OEWS_May2025_industry
17-2111,71,0.0026191723415400735,real:OEWS_May2025_industry
17-2111,81,0.004714510214772132,real:OEWS_May2025_industry
17-2111,92,0.13672079622839184,real:OEWS_May2025_industry
17-2112,11,0.00027343322760581864,real:OEWS_May2025_industry
17-2112,21,0.004921798096904736,real:OEWS_May2025_industry
17-2112,22,0.003828065186481461,real:OEWS_May2025_industry
17-2112,23,0.006453024171497321,real:OEWS_May2025_industry
17-2112,31-33,0.6804659302198404,real:OEWS_May2025_industry
17-2112,42,0.05441321229355792,real:OEWS_May2025_industry
17-2112,44-45,0.0022694957891282947,real:OEWS_May2025_industry
17-2112,48-49,0.019523132451055452,real:OEWS_May2025_industry
17-2112,51,0.004785081483101827,real:OEWS_May2025_industry
17-2112,52,0.0017499726566772395,real:OEWS_May2025_industry
17-2112,53,0.00027343322760581864,real:OEWS_May2025_industry
17-2112,54,0.14327901126544898,real:OEWS_May2025_industry
17-2112,55,0.04205403040577491,real:OEWS_May2025_industry
17-2112,56,0.023980094061030296,real:OEWS_May2025_industry
17-2112,61,0.001421852783550257,real:OEWS_May2025_industry
17-2112,62,0.0012577928469867659,real:OEWS_May2025_industry
17-2112,71,0.0009570162966203653,real:OEWS_May2025_industry
17-2112,81,0.004320244996171935,real:OEWS_May2025_industry
17-2112,92,0.0037733785409602974,real:OEWS_May2025_industry
17-2121,31-33,0.5202952029520295,real:OEWS_May2025_industry
17-2121,42,0.007380073800738007,real:OEWS_May2025_industry
17-2121,48-49,0.1070110701107011,real:OEWS_May2025_industry
17-2121,54,0.22263222632226323,real:OEWS_May2025_industry
17-2121,55,0.007380073800738007,real:OEWS_May2025_industry
17-2121,92,0.13530135301353013,real:OEWS_May2025_industry
17-2131,21,0.01802990325417766,real:OEWS_May2025_industry
17-2131,22,0.004837291116974494,real:OEWS_May2025_industry
17-2131,23,0.004837291116974494,real:OEWS_May2025_industry
17-2131,31-33,0.5013192612137203,real:OEWS_May2025_industry
17-2131,42,0.026385224274406333,real:OEWS_May2025_industry
17-2131,48-49,0.005716798592788039,real:OEWS_May2025_industry
17-2131,54,0.2537379067722076,real:OEWS_May2025_industry
17-2131,55,0.07651715039577836,real:OEWS_May2025_industry
17-2131,56,0.0158311345646438,real:OEWS_May2025_industry
17-2131,61,0.019349164467897976,real:OEWS_May2025_industry
17-2131,81,0.0030782761653474055,real:OEWS_May2025_industry
17-2131,92,0.07036059806508356,real:OEWS_May2025_industry
17-2141,21,0.004784850220709641,real:OEWS_May2025_industry
17-2141,22,0.0063011759948781885,real:OEWS_May2025_industry
17-2141,23,0.025979714930754457,real:OEWS_May2025_industry
17-2141,31-33,0.44118340802641776,real:OEWS_May2025_industry
17-2141,42,0.05607035751592142,real:OEWS_May2025_industry
17-2141,44-45,0.0005054419247228493,real:OEWS_May2025_industry
17-2141,48-49,0.005997910840044479,real:OEWS_May2025_industry
17-2141,51,0.0038076624995787983,real:OEWS_May2025_industry
17-2141,52,0.0003369612831485662,real:OEWS_May2025_industry
17-2141,53,0.001415237389223978,real:OEWS_May2025_industry
17-2141,54,0.3199784344778785,real:OEWS_May2025_industry
17-2141,55,0.040266873336253665,real:OEWS_May2025_industry
17-2141,56,0.02604710718738417,real:OEWS_May2025_industry
17-2141,61,0.005627253428581056,real:OEWS_May2025_industry
17-2141,62,0.001516325774168548,real:OEWS_May2025_industry
17-2141,71,0.0032348283182262356,real:OEWS_May2025_industry
17-2141,81,0.005694645685210769,real:OEWS_May2025_industry
17-2141,92,0.05125181116689692,real:OEWS_May2025_industry
17-2151,21,0.43645484949832775,real:OEWS_May2025_industry
17-2151,23,0.006688963210702341,real:OEWS_May2025_industry
17-2151,31-33,0.010033444816053512,real:OEWS_May2025_industry
17-2151,54,0.3963210702341137,real:OEWS_May2025_industry
17-2151,55,0.05852842809364549,real:OEWS_May2025_industry
17-2151,92,0.09197324414715718,real:OEWS_May2025_industry
17-2161,22,0.24589086127547666,real:OEWS_May2025_industry
17-2161,31-33,0.05128205128205128,real:OEWS_May2025_industry
17-2161,54,0.42143326758711375,real:OEWS_May2025_industry
17-2161,55,0.022353714661406968,real:OEWS_May2025_industry
17-2161,56,0.062458908612754764,real:OEWS_May2025_industry
17-2161,61,0.011176857330703484,real:OEWS_May2025_industry
17-2161,92,0.1854043392504931,real:OEWS_May2025_industry
17-2171,21,0.5171830985915493,real:OEWS_May2025_industry
17-2171,22,0.02140845070422535,real:OEWS_May2025_industry
17-2171,31-33,0.07774647887323943,real:OEWS_May2025_industry
17-2171,48-49,0.05577464788732395,real:OEWS_May2025_industry
17-2171,52,0.0033802816901408453,real:OEWS_May2025_industry
17-2171,54,0.19436619718309858,real:OEWS_May2025_industry
17-2171,55,0.09408450704225352,real:OEWS_May2025_industry
17-2171,61,0.0016901408450704226,real:OEWS_May2025_industry
17-2171,92,0.03436619718309859,real:OEWS_May2025_industry
17-2199,21,0.007862248213125407,real:OEWS_May2025_industry
17-2199,22,0.018323586744639377,real:OEWS_May2025_industry
17-2199,23,0.02521117608836907,real:OEWS_May2025_industry
17-2199,31-33,0.2235217673814165,real:OEWS_May2025_industry
17-2199,42,0.040415854450942174,real:OEWS_May2025_industry
17-2199,44-45,0.002599090318388564,real:OEWS_May2025_industry
17-2199,48-49,0.007732293697205978,real:OEWS_May2025_industry
17-2199,51,0.01871345029239766,real:OEWS_May2025_industry
17-2199,52,0.003703703703703704,real:OEWS_May2025_industry
17-2199,53,0.0042884990253411305,real:OEWS_May2025_industry
17-2199,54,0.2777777777777778,real:OEWS_May2025_industry
17-2199,55,0.054126055880441844,real:OEWS_May2025_industry
17-2199,56,0.038011695906432746,real:OEWS_May2025_industry
17-2199,61,0.0152046783625731,real:OEWS_May2025_industry
17-2199,62,0.0028589993502274205,real:OEWS_May2025_industry
17-2199,71,0.0023391812865497076,real:OEWS_May2025_industry
17-2199,81,0.005328135152696556,real:OEWS_May2025_industry
17-2199,92,0.2519818063677713,real:OEWS_May2025_industry
17-3011,22,0.002895473409902519,real:OEWS_May2025_industry
17-3011,23,0.12045169385194479,real:OEWS_May2025_industry
17-3011,31-33,0.06572724640478718,real:OEWS_May2025_industry
17-3011,42,0.01660071421677444,real:OEWS_May2025_industry
17-3011,44-45,0.0072386835247562975,real:OEWS_May2025_industry
17-3011,51,0.003957146993533443,real:OEWS_May2025_industry
17-3011,53,0.002991989190232603,real:OEWS_May2025_industry
17-3011,54,0.7251230576199209,real:OEWS_May2025_industry
17-3011,55,0.020750892770968053,real:OEWS_May2025_industry
17-3011,56,0.012643567223241,real:OEWS_May2025_industry
17-3011,61,0.002798957629572435,real:OEWS_May2025_industry
17-3011,62,0.0007721262426406717,real:OEWS_May2025_industry
17-3011,71,0.0002895473409902519,real:OEWS_May2025_industry
17-3011,81,0.0002895473409902519,real:OEWS_May2025_industry
17-3011,92,0.017469356239745198,real:OEWS_May2025_industry
17-3012,22,0.11497476163768929,real:OEWS_May2025_industry
17-3012,23,0.21648906337633203,real:OEWS_May2025_industry
17-3012,31-33,0.22994952327537857,real:OEWS_May2025_industry
17-3012,42,0.014021312394840156,real:OEWS_May2025_industry
17-3012,48-49,0.002243409983174425,real:OEWS_May2025_industry
17-3012,51,0.012899607403252944,real:OEWS_May2025_industry
17-3012,54,0.35053280987100394,real:OEWS_May2025_industry
17-3012,55,0.01682557487380819,real:OEWS_May2025_industry
17-3012,56,0.030846887268648347,real:OEWS_May2025_industry
17-3012,92,0.011217049915872126,real:OEWS_May2025_industry
17-3013,21,0.0022550739163117012,real:OEWS_May2025_industry
17-3013,22,0.00601353044349787,real:OEWS_May2025_industry
17-3013,23,0.10473565522425457,real:OEWS_May2025_industry
17-3013,31-33,0.5301929341017289,real:OEWS_May2025_industry
17-3013,42,0.06213981458281133,real:OEWS_May2025_industry
17-3013,44-45,0.005011275369581559,real:OEWS_May2025_industry
17-3013,48-49,0.00476071160110248,real:OEWS_May2025_industry
17-3013,53,0.0010022550739163117,real:OEWS_May2025_industry
17-3013,54,0.22876472062139813,real:OEWS_May2025_industry
17-3013,55,0.015534953645702832,real:OEWS_May2025_industry
17-3013,56,0.032072162365321975,real:OEWS_May2025_industry
17-3013,61,0.0010022550739163117,real:OEWS_May2025_industry
17-3013,81,0.0037584565271861687,real:OEWS_May2025_industry
17-3013,92,0.002756201453269857,real:OEWS_May2025_industry
17-3019,21,0.009728978457261988,real:OEWS_May2025_industry
17-3019,22,0.009728978457261988,real:OEWS_May2025_industry
17-3019,23,0.14246004169562196,real:OEWS_May2025_industry
17-3019,31-33,0.4440583738707436,real:OEWS_May2025_industry
17-3019,42,0.046560111188325225,real:OEWS_May2025_industry
17-3019,44-45,0.009728978457261988,real:OEWS_May2025_industry
17-3019,48-49,0.004169562195969423,real:OEWS_May2025_industry
17-3019,51,0.006254343293954135,real:OEWS_May2025_industry
17-3019,53,0.011118832522585128,real:OEWS_May2025_industry
17-3019,54,0.21195274496177902,real:OEWS_May2025_industry
17-3019,55,0.020847810979847115,real:OEWS_May2025_industry
17-3019,56,0.05559416261292564,real:OEWS_May2025_industry
17-3019,61,0.006949270326615705,real:OEWS_May2025_industry
17-3019,81,0.009728978457261988,real:OEWS_May2025_industry
17-3019,92,0.011118832522585128,real:OEWS_May2025_industry
17-3021,31-33,0.5700090334236676,real:OEWS_May2025_industry
17-3021,48-49,0.018970189701897018,real:OEWS_May2025_industry
17-3021,54,0.3640469738030714,real:OEWS_May2025_industry
17-3021,56,0.007226738934056007,real:OEWS_May2025_industry
17-3021,61,0.03974706413730804,real:OEWS_May2025_industry
17-3022,21,0.0007303534910896875,real:OEWS_May2025_industry
17-3022,22,0.006719252118025124,real:OEWS_May2025_industry
17-3022,23,0.03418054338299737,real:OEWS_May2025_industry
17-3022,31-33,0.0052585451358457495,real:OEWS_May2025_industry
17-3022,42,0.0005842827928717499,real:OEWS_May2025_industry
17-3022,51,0.00043821209465381246,real:OEWS_May2025_industry
17-3022,54,0.530382705229331,real:OEWS_May2025_industry
17-3022,55,0.0032135553607946245,real:OEWS_May2025_industry
17-3022,56,0.004528191644756062,real:OEWS_May2025_industry
17-3022,61,0.005112474437627812,real:OEWS_May2025_industry
17-3022,92,0.40885188431200703,real:OEWS_May2025_industry
17-3023,21,0.008306171801072442,real:OEWS_May2025_industry
17-3023,22,0.06634423299337609,real:OEWS_May2025_industry
17-3023,23,0.033540111449900115,real:OEWS_May2025_industry
17-3023,31-33,0.40048365050993584,real:OEWS_May2025_industry
17-3023,42,0.03101671748501735,real:OEWS_May2025_industry
17-3023,48-49,0.045946798443907054,real:OEWS_May2025_industry
17-3023,51,0.036484071075596675,real:OEWS_May2025_industry
17-3023,53,0.0012616969824413838,real:OEWS_May2025_industry
17-3023,54,0.217011880979918,real:OEWS_May2025_industry
17-3023,55,0.023236252759962148,real:OEWS_May2025_industry
17-3023,56,0.022500262853538008,real:OEWS_May2025_industry
17-3023,61,0.008621596046682788,real:OEWS_May2025_industry
17-3023,62,0.0009462727368310378,real:OEWS_May2025_industry
17-3023,71,0.0006308484912206919,real:OEWS_May2025_industry
17-3023,81,0.004415939438544843,real:OEWS_May2025_industry
17-3023,92,0.09925349595205551,real:OEWS_May2025_industry
17-3024,21,0.013671875,real:OEWS_May2025_industry
17-3024,22,0.0078125,real:OEWS_May2025_industry
17-3024,23,0.011067708333333334,real:OEWS_May2025_industry
17-3024,31-33,0.509765625,real:OEWS_May2025_industry
17-3024,42,0.048828125,real:OEWS_May2025_industry
17-3024,48-49,0.033854166666666664,real:OEWS_May2025_industry
17-3024,51,0.0032552083333333335,real:OEWS_May2025_industry
17-3024,54,0.2766927083333333,real:OEWS_May2025_industry
17-3024,55,0.0032552083333333335,real:OEWS_May2025_industry
17-3024,56,0.038411458333333336,real:OEWS_May2025_industry
17-3024,61,0.013671875,real:OEWS_May2025_industry
17-3024,81,0.017578125,real:OEWS_May2025_industry
17-3024,92,0.022135416666666668,real:OEWS_May2025_industry
17-3025,21,0.01729818780889621,real:OEWS_May2025_industry
17-3025,22,0.006589785831960461,real:OEWS_May2025_industry
17-3025,23,0.004942339373970346,real:OEWS_May2025_industry
17-3025,31-33,0.08072487644151564,real:OEWS_May2025_industry
17-3025,54,0.5601317957166392,real:OEWS_May2025_industry
17-3025,55,0.008237232289950576,real:OEWS_May2025_industry
17-3025,56,0.13591433278418452,real:OEWS_May2025_industry
17-3025,61,0.009884678747940691,real:OEWS_May2025_industry
17-3025,62,0.004118616144975288,real:OEWS_May2025_industry
17-3025,92,0.17215815485996705,real:OEWS_May2025_industry
17-3026,21,0.0035790031813361612,real:OEWS_May2025_industry
17-3026,22,0.0029162248144220574,real:OEWS_May2025_industry
17-3026,23,0.003181336161187699,real:OEWS_May2025_industry
17-3026,31-33,0.772136797454931,real:OEWS_May2025_industry
17-3026,42,0.02704135737009544,real:OEWS_May2025_industry
17-3026,48-49,0.005567338282078473,real:OEWS_May2025_industry
17-3026,51,0.000662778366914104,real:OEWS_May2025_industry
17-3026,54,0.10856309650053023,real:OEWS_May2025_industry
17-3026,55,0.03366914103923648,real:OEWS_May2025_industry
17-3026,56,0.02372746553552492,real:OEWS_May2025_industry
17-3026,61,0.0009278897136797455,real:OEWS_May2025_industry
17-3026,62,0.00039766702014846237,real:OEWS_May2025_industry
17-3026,81,0.0007953340402969247,real:OEWS_May2025_industry
17-3026,92,0.01683457051961824,real:OEWS_May2025_industry
17-3027,21,0.015503875968992248,real:OEWS_May2025_industry
17-3027,22,0.009966777408637873,real:OEWS_May2025_industry
17-3027,23,0.013289036544850499,real:OEWS_May2025_industry
17-3027,31-33,0.5182724252491694,real:OEWS_May2025_industry
17-3027,42,0.039313399778516056,real:OEWS_May2025_industry
17-3027,48-49,0.0049833887043189366,real:OEWS_May2025_industry
17-3027,51,0.0008305647840531562,real:OEWS_May2025_industry
17-3027,54,0.30398671096345514,real:OEWS_May2025_industry
17-3027,55,0.017995570321151715,real:OEWS_May2025_industry
17-3027,56,0.04318936877076412,real:OEWS_May2025_industry
17-3027,61,0.01273532668881506,real:OEWS_May2025_industry
17-3027,71,0.0013842746400885937,real:OEWS_May2025_industry
17-3027,81,0.004429678848283499,real:OEWS_May2025_industry
17-3027,92,0.014119601328903655,real:OEWS_May2025_industry
17-3028,21,0.03395997574287447,real:OEWS_May2025_industry
17-3028,22,0.01879927228623408,real:OEWS_May2025_industry
17-3028,23,0.03759854457246816,real:OEWS_May2025_industry
17-3028,31-33,0.36082474226804123,real:OEWS_May2025_industry
17-3028,42,0.08853850818677987,real:OEWS_May2025_industry
17-3028,48-49,0.03941782898726501,real:OEWS_May2025_industry
17-3028,53,0.013947847180109158,real:OEWS_May2025_industry
17-3028,54,0.25955124317768347,real:OEWS_May2025_industry
17-3028,55,0.0030321406913280777,real:OEWS_May2025_industry
17-3028,56,0.012734990903577926,real:OEWS_May2025_industry
17-3028,61,0.009096422073984234,real:OEWS_May2025_industry
17-3028,62,0.013341419041843541,real:OEWS_May2025_industry
17-3028,81,0.10066707095209218,real:OEWS_May2025_industry
17-3028,92,0.008489993935718617,real:OEWS_May2025_industry
17-3029,21,0.01068982796058126,real:OEWS_May2025_industry
17-3029,22,0.010522799398697177,real:OEWS_May2025_industry
17-3029,23,0.00534491398029063,real:OEWS_May2025_industry
17-3029,31-33,0.2754300985468515,real:OEWS_May2025_industry
17-3029,42,0.014030399198262903,real:OEWS_May2025_industry
17-3029,48-49,0.010856856522465342,real:OEWS_May2025_industry
17-3029,51,0.001837314180724904,real:OEWS_May2025_industry
17-3029,52,0.0031735426757975613,real:OEWS_May2025_industry
17-3029,54,0.2729246701185903,real:OEWS_May2025_industry
17-3029,55,0.02221479873058293,real:OEWS_May2025_industry
17-3029,56,0.02839485552029397,real:OEWS_May2025_industry
17-3029,61,0.02371805578753967,real:OEWS_May2025_industry
17-3029,62,0.006514113913479205,real:OEWS_May2025_industry
17-3029,81,0.004676799732754301,real:OEWS_May2025_industry
17-3029,92,0.30967095373308834,real:OEWS_May2025_industry
17-3031,21,0.0060911938739993034,real:OEWS_May2025_industry
17-3031,22,0.03880960668290985,real:OEWS_May2025_industry
17-3031,23,0.03445875391576749,real:OEWS_May2025_industry
17-3031,31-33,0.0027845457709711106,real:OEWS_May2025_industry
17-3031,48-49,0.0006961364427427776,real:OEWS_May2025_industry
17-3031,51,0.011660285415941524,real:OEWS_May2025_industry
17-3031,52,0.0024364775495997215,real:OEWS_May2025_industry
17-3031,53,0.00435085276714236,real:OEWS_May2025_industry
17-3031,54,0.6644622345979811,real:OEWS_May2025_industry
17-3031,56,0.09676296554124608,real:OEWS_May2025_industry
17-3031,61,0.002610511660285416,real:OEWS_May2025_industry
17-3031,81,0.000870170553428472,real:OEWS_May2025_industry
17-3031,92,0.13400626522798467,real:OEWS_May2025_industry
19-1011,11,0.0718954248366013,real:OEWS_May2025_industry
19-1011,31-33,0.10457516339869281,real:OEWS_May2025_industry
19-1011,42,0.07516339869281045,real:OEWS_May2025_industry
19-1011,54,0.477124183006536,real:OEWS_May2025_industry
19-1011,55,0.029411764705882353,real:OEWS_May2025_industry
19-1011,61,0.19281045751633988,real:OEWS_May2025_industry
19-1011,71,0.013071895424836602,real:OEWS_May2025_industry
19-1011,92,0.03594771241830065,real:OEWS_May2025_industry
19-1012,11,0.01770592763664357,real:OEWS_May2025_industry
19-1012,31-33,0.5696689761354888,real:OEWS_May2025_industry
19-1012,42,0.07544264819091609,real:OEWS_May2025_industry
19-1012,48-49,0.007698229407236336,real:OEWS_May2025_industry
19-1012,54,0.14395688991531946,real:OEWS_May2025_industry
19-1012,55,0.123941493456505,real:OEWS_May2025_industry
19-1012,56,0.009237875288683603,real:OEWS_May2025_industry
19-1012,61,0.03002309468822171,real:OEWS_May2025_industry
19-1012,62,0.0023094688221709007,real:OEWS_May2025_industry
19-1012,92,0.020015396458814474,real:OEWS_May2025_industry
19-1013,11,0.049232736572890026,real:OEWS_May2025_industry
19-1013,31-33,0.04283887468030691,real:OEWS_May2025_industry
19-1013,42,0.1432225063938619,real:OEWS_May2025_industry
19-1013,44-45,0.0159846547314578,real:OEWS_May2025_industry
19-1013,48-49,0.0019181585677749361,real:OEWS_May2025_industry
19-1013,54,0.33695652173913043,real:OEWS_May2025_industry
19-1013,55,0.01918158567774936,real:OEWS_May2025_industry
19-1013,56,0.00959079283887468,real:OEWS_May2025_industry
19-1013,61,0.14194373401534527,real:OEWS_May2025_industry
19-1013,71,0.05370843989769821,real:OEWS_May2025_industry
19-1013,81,0.012148337595907928,real:OEWS_May2025_industry
19-1013,92,0.17327365728900257,real:OEWS_May2025_industry
19-1021,31-33,0.20810810810810812,real:OEWS_May2025_industry
19-1021,42,0.02192192192192192,real:OEWS_May2025_industry
19-1021,54,0.7021021021021021,real:OEWS_May2025_industry
19-1021,56,0.008708708708708709,real:OEWS_May2025_industry
19-1021,61,0.04924924924924925,real:OEWS_May2025_industry
19-1021,62,0.006306306306306306,real:OEWS_May2025_industry
19-1021,92,0.0036036036036036037,real:OEWS_May2025_industry
19-1022,31-33,0.2525145579671784,real:OEWS_May2025_industry
19-1022,42,0.015352038115404976,real:OEWS_May2025_industry
19-1022,54,0.3594494441503441,real:OEWS_May2025_industry
19-1022,55,0.01694017998941239,real:OEWS_May2025_industry
19-1022,56,0.015352038115404976,real:OEWS_May2025_industry
19-1022,61,0.08311275807305453,real:OEWS_May2025_industry
19-1022,62,0.0555849655902594,real:OEWS_May2025_industry
19-1022,81,0.0026469031233456856,real:OEWS_May2025_industry
19-1022,92,0.19904711487559557,real:OEWS_May2025_industry
19-1023,22,0.002807411566535654,real:OEWS_May2025_industry
19-1023,54,0.1622683885457608,real:OEWS_May2025_industry
19-1023,61,0.03256597417181359,real:OEWS_May2025_industry
19-1023,71,0.044918585064570464,real:OEWS_May2025_industry
19-1023,81,0.08590679393599102,real:OEWS_May2025_industry
19-1023,92,0.6715328467153284,real:OEWS_May2025_industry
19-1029,11,0.0037661406025824963,real:OEWS_May2025_industry
19-1029,31-33,0.06151362984218078,real:OEWS_May2025_industry
19-1029,42,0.01093974175035868,real:OEWS_May2025_industry
19-1029,51,0.0016140602582496414,real:OEWS_May2025_industry
19-1029,54,0.36423959827833574,real:OEWS_May2025_industry
19-1029,55,0.012374461979913917,real:OEWS_May2025_industry
19-1029,56,0.016140602582496413,real:OEWS_May2025_industry
19-1029,61,0.0898493543758967,real:OEWS_May2025_industry
19-1029,62,0.043220946915351506,real:OEWS_May2025_industry
19-1029,71,0.0028694404591104736,real:OEWS_May2025_industry
19-1029,81,0.0044835007173601145,real:OEWS_May2025_industry
19-1029,92,0.38898852223816355,real:OEWS_May2025_industry
19-1031,54,0.05542635658914729,real:OEWS_May2025_industry
19-1031,56,0.006589147286821705,real:OEWS_May2025_industry
19-1031,61,0.03255813953488372,real:OEWS_May2025_industry
19-1031,71,0.01821705426356589,real:OEWS_May2025_industry
19-1031,81,0.20775193798449612,real:OEWS_May2025_industry
19-1031,92,0.6794573643410853,real:OEWS_May2025_industry
19-1032,11,0.06316812439261418,real:OEWS_May2025_industry
19-1032,22,0.08843537414965986,real:OEWS_May2025_industry
19-1032,31-33,0.05830903790087463,real:OEWS_May2025_industry
19-1032,42,0.025267249757045675,real:OEWS_May2025_industry
19-1032,54,0.06608357628765792,real:OEWS_May2025_industry
19-1032,55,0.026239067055393587,real:OEWS_May2025_industry
19-1032,61,0.03595724003887269,real:OEWS_May2025_industry
19-1032,81,0.03984450923226433,real:OEWS_May2025_industry
19-1032,92,0.5966958211856171,real:OEWS_May2025_industry
19-1041,31-33,0.0033085194375516956,real:OEWS_May2025_industry
19-1041,42,0.005789909015715467,real:OEWS_May2025_industry
19-1041,54,0.13895781637717122,real:OEWS_May2025_industry
19-1041,55,0.017369727047146403,real:OEWS_May2025_industry
19-1041,56,0.023986765922249794,real:OEWS_May2025_industry
19-1041,61,0.07278742762613731,real:OEWS_May2025_industry
19-1041,62,0.15053763440860216,real:OEWS_May2025_industry
19-1041,81,0.03391232423490488,real:OEWS_May2025_industry
19-1041,92,0.5533498759305211,real:OEWS_May2025_industry
19-1042,31-33,0.048031130212568246,real:OEWS_May2025_industry
19-1042,42,0.037635033104890234,real:OEWS_May2025_industry
19-1042,54,0.36694157277267975,real:OEWS_May2025_industry
19-1042,55,0.014577767452665815,real:OEWS_May2025_industry
19-1042,56,0.007608316877686142,real:OEWS_May2025_industry
19-1042,61,0.1681379951213846,real:OEWS_May2025_industry
19-1042,62,0.3422000232315019,real:OEWS_May2025_industry
19-1042,81,0.0011615750958299453,real:OEWS_May2025_industry
19-1042,92,0.013706586130793355,real:OEWS_May2025_industry
19-1099,31-33,0.0723055934515689,real:OEWS_May2025_industry
19-1099,42,0.03274215552523874,real:OEWS_May2025_industry
19-1099,54,0.3519781718963165,real:OEWS_May2025_industry
19-1099,56,0.09822646657571624,real:OEWS_May2025_industry
19-1099,61,0.20463847203274216,real:OEWS_May2025_industry
19-1099,62,0.040927694406548434,real:OEWS_May2025_industry
19-1099,92,0.19918144611186903,real:OEWS_May2025_industry
19-2011,54,0.5428571428571428,real:OEWS_May2025_industry
19-2011,61,0.22380952380952382,real:OEWS_May2025_industry
19-2011,92,0.23333333333333334,real:OEWS_May2025_industry
19-2012,22,0.0024987506246876563,real:OEWS_May2025_industry
19-2012,31-33,0.0399800099950025,real:OEWS_May2025_industry
19-2012,54,0.495752123938031,real:OEWS_May2025_industry
19-2012,61,0.15792103948025987,real:OEWS_May2025_industry
19-2012,62,0.1374312843578211,real:OEWS_May2025_industry
19-2012,81,0.0024987506246876563,real:OEWS_May2025_industry
19-2012,92,0.16391804097951024,real:OEWS_May2025_industry
19-2021,22,0.004098360655737705,real:OEWS_May2025_industry
19-2021,48-49,0.011270491803278689,real:OEWS_May2025_industry
19-2021,51,0.16290983606557377,real:OEWS_May2025_industry
19-2021,54,0.3719262295081967,real:OEWS_May2025_industry
19-2021,55,0.010245901639344262,real:OEWS_May2025_industry
19-2021,61,0.1403688524590164,real:OEWS_May2025_industry
19-2021,92,0.29918032786885246,real:OEWS_May2025_industry
19-2031,21,0.002304706453178069,real:OEWS_May2025_industry
19-2031,22,0.007399320718098011,real:OEWS_May2025_industry
19-2031,23,0.001091703056768559,real:OEWS_May2025_industry
19-2031,31-33,0.4205482775351771,real:OEWS_May2025_industry
19-2031,42,0.04196991751576904,real:OEWS_May2025_industry
19-2031,44-45,0.002062105773896167,real:OEWS_May2025_industry
19-2031,48-49,0.0019408054342552159,real:OEWS_May2025_industry
19-2031,54,0.2993692382338671,real:OEWS_May2025_industry
19-2031,55,0.03262979136341582,real:OEWS_May2025_industry
19-2031,56,0.03275109170305677,real:OEWS_May2025_industry
19-2031,61,0.02826297913634158,real:OEWS_May2025_industry
19-2031,62,0.009218825812712276,real:OEWS_May2025_industry
19-2031,81,0.0009704027171276079,real:OEWS_May2025_industry
19-2031,92,0.11948083454633673,real:OEWS_May2025_industry
19-2032,31-33,0.3617539585870889,real:OEWS_May2025_industry
19-2032,42,0.031668696711327646,real:OEWS_May2025_industry
19-2032,54,0.4579780755176614,real:OEWS_May2025_industry
19-2032,55,0.07186358099878197,real:OEWS_May2025_industry
19-2032,61,0.07064555420219244,real:OEWS_May2025_industry
19-2032,92,0.0060901339829476245,real:OEWS_May2025_industry
19-2041,21,0.006727211570803902,real:OEWS_May2025_industry
19-2041,22,0.013005942370220876,real:OEWS_May2025_industry
19-2041,23,0.0020181634712411706,real:OEWS_May2025_industry
19-2041,31-33,0.012445341405987218,real:OEWS_May2025_industry
19-2041,42,0.002130283664087902,real:OEWS_May2025_industry
19-2041,48-49,0.0023545240497813654,real:OEWS_May2025_industry
19-2041,52,0.0012333221213140487,real:OEWS_May2025_industry
19-2041,54,0.3868146653212243,real:OEWS_May2025_industry
19-2041,55,0.01580894719138917,real:OEWS_May2025_industry
19-2041,56,0.02186343760511268,real:OEWS_May2025_industry
19-2041,61,0.03251485592555219,real:OEWS_May2025_industry
19-2041,62,0.002242403856934634,real:OEWS_May2025_industry
19-2041,71,0.0013454423141607804,real:OEWS_May2025_industry
19-2041,81,0.026348245318981948,real:OEWS_May2025_industry
19-2041,92,0.47314721381320773,real:OEWS_May2025_industry
19-2042,21,0.18573868488471393,real:OEWS_May2025_industry
19-2042,22,0.005123825789923143,real:OEWS_May2025_industry
19-2042,23,0.0029888983774551663,real:OEWS_May2025_industry
19-2042,31-33,0.004696840307429547,real:OEWS_May2025_industry
19-2042,42,0.0012809564474807857,real:OEWS_May2025_industry
19-2042,48-49,0.0012809564474807857,real:OEWS_May2025_industry
19-2042,54,0.4961571306575576,real:OEWS_May2025_industry
19-2042,55,0.038855678906917164,real:OEWS_May2025_industry
19-2042,56,0.015798462852263023,real:OEWS_May2025_industry
19-2042,61,0.05550811272416738,real:OEWS_May2025_industry
19-2042,71,0.0017079419299743809,real:OEWS_May2025_industry
19-2042,92,0.19086251067463705,real:OEWS_May2025_industry
19-2043,54,0.30017452006980805,real:OEWS_May2025_industry
19-2043,61,0.029668411867364748,real:OEWS_May2025_industry
19-2043,81,0.008726003490401396,real:OEWS_May2025_industry
19-2043,92,0.6614310645724258,real:OEWS_May2025_industry
19-2099,22,0.0027039206849932404,real:OEWS_May2025_industry
19-2099,31-33,0.06219017575484453,real:OEWS_May2025_industry
19-2099,42,0.00405588102748986,real:OEWS_May2025_industry
19-2099,54,0.19828751689950427,real:OEWS_May2025_industry
19-2099,55,0.018026137899954935,real:OEWS_May2025_industry
19-2099,56,0.00946372239747634,real:OEWS_May2025_industry
19-2099,61,0.18251464623704372,real:OEWS_May2025_industry
19-2099,92,0.5227579990986931,real:OEWS_May2025_industry
19-3011,21,0.001692047377326565,real:OEWS_May2025_industry
19-3011,22,0.009588268471517203,real:OEWS_May2025_industry
19-3011,31-33,0.005076142131979695,real:OEWS_May2025_industry
19-3011,42,0.0022560631697687537,real:OEWS_May2025_industry
19-3011,48-49,0.0022560631697687537,real:OEWS_May2025_industry
19-3011,51,0.0045121263395375075,real:OEWS_May2025_industry
19-3011,52,0.09193457416807671,real:OEWS_May2025_industry
19-3011,54,0.32769317540891146,real:OEWS_May2025_industry
19-3011,55,0.009588268471517203,real:OEWS_May2025_industry
19-3011,56,0.0045121263395375075,real:OEWS_May2025_industry
19-3011,61,0.02086858432036097,real:OEWS_May2025_industry
19-3011,62,0.006204173716864072,real:OEWS_May2025_industry
19-3011,81,0.02820078962210942,real:OEWS_May2025_industry
19-3011,92,0.4856175972927242,real:OEWS_May2025_industry
19-3022,51,0.012165450121654502,real:OEWS_May2025_industry
19-3022,54,0.5802919708029197,real:OEWS_May2025_industry
19-3022,55,0.0072992700729927005,real:OEWS_May2025_industry
19-3022,56,0.014598540145985401,real:OEWS_May2025_industry
19-3022,61,0.18369829683698297,real:OEWS_May2025_industry
19-3022,62,0.04866180048661801,real:OEWS_May2025_industry
19-3022,81,0.04744525547445255,real:OEWS_May2025_industry
19-3022,92,0.10583941605839416,real:OEWS_May2025_industry
19-3032,54,0.8939393939393939,real:OEWS_May2025_industry
19-3032,55,0.045454545454545456,real:OEWS_May2025_industry
19-3032,61,0.06060606060606061,real:OEWS_May2025_industry
19-3033,52,0.002529623219278392,real:OEWS_May2025_industry
19-3033,54,0.027559579283717214,real:OEWS_May2025_industry
19-3033,55,0.007722007722007722,real:OEWS_May2025_industry
19-3033,61,0.04579949407535614,real:OEWS_May2025_industry
19-3033,62,0.8415657036346692,real:OEWS_May2025_industry
19-3033,81,0.0035947277326587672,real:OEWS_May2025_industry
19-3033,92,0.07122886433231261,real:OEWS_May2025_industry
19-3034,55,0.0023485204321277596,real:OEWS_May2025_industry
19-3034,56,0.018161891341788007,real:OEWS_May2025_industry
19-3034,61,0.9023015500234852,real:OEWS_May2025_industry
19-3034,62,0.06544543604196024,real:OEWS_May2025_industry
19-3034,92,0.011742602160638797,real:OEWS_May2025_industry
19-3039,54,0.023617820719269995,real:OEWS_May2025_industry
19-3039,55,0.0042941492216854536,real:OEWS_May2025_industry
19-3039,61,0.05099302200751476,real:OEWS_May2025_industry
19-3039,62,0.43800322061191627,real:OEWS_May2025_industry
19-3039,81,0.001610305958132045,real:OEWS_May2025_industry
19-3039,92,0.48148148148148145,real:OEWS_May2025_industry
19-3041,54,0.38181818181818183,real:OEWS_May2025_industry
19-3041,61,0.2909090909090909,real:OEWS_May2025_industry
19-3041,81,0.022727272727272728,real:OEWS_May2025_industry
19-3041,92,0.30454545454545456,real:OEWS_May2025_industry
19-3051,22,0.004320145520691224,real:OEWS_May2025_industry
19-3051,23,0.0020463847203274215,real:OEWS_May2025_industry
19-3051,54,0.11414279217826284,real:OEWS_May2025_industry
19-3051,61,0.003865393360618463,real:OEWS_May2025_industry
19-3051,62,0.0015916325602546612,real:OEWS_May2025_industry
19-3051,81,0.0031832651205093224,real:OEWS_May2025_industry
19-3051,92,0.8708503865393361,real:OEWS_May2025_industry
19-3091,54,0.6734234234234234,real:OEWS_May2025_industry
19-3091,61,0.04842342342342342,real:OEWS_May2025_industry
19-3091,71,0.016891891891891893,real:OEWS_May2025_industry
19-3091,81,0.0033783783783783786,real:OEWS_May2025_industry
19-3091,92,0.25788288288288286,real:OEWS_May2025_industry
19-3092,54,0.06766917293233082,real:OEWS_May2025_industry
19-3092,61,0.11278195488721804,real:OEWS_May2025_industry
19-3092,92,0.8195488721804511,real:OEWS_May2025_industry
19-3093,54,0.2692307692307692,real:OEWS_May2025_industry
19-3093,61,0.023668639053254437,real:OEWS_May2025_industry
19-3093,71,0.03550295857988166,real:OEWS_May2025_industry
19-3093,81,0.10355029585798817,real:OEWS_May2025_industry
19-3093,92,0.5680473372781065,real:OEWS_May2025_industry
19-3094,54,0.12338858195211787,real:OEWS_May2025_industry
19-3094,61,0.07366482504604052,real:OEWS_May2025_industry
19-3094,81,0.029465930018416207,real:OEWS_May2025_industry
19-3094,92,0.7734806629834254,real:OEWS_May2025_industry
19-3099,31-33,0.0010790396547073105,real:OEWS_May2025_industry
19-3099,42,0.0016185594820609657,real:OEWS_May2025_industry
19-3099,51,0.0010790396547073105,real:OEWS_May2025_industry
19-3099,54,0.14540059347181009,real:OEWS_May2025_industry
19-3099,55,0.021041273266792556,real:OEWS_May2025_industry
19-3099,56,0.006743997841920691,real:OEWS_May2025_industry
19-3099,61,0.1348799568384138,real:OEWS_May2025_industry
19-3099,62,0.02940383059077421,real:OEWS_May2025_industry
19-3099,81,0.01807391421634745,real:OEWS_May2025_industry
19-3099,92,0.6406797949824656,real:OEWS_May2025_industry
19-4012,11,0.08455392809587217,real:OEWS_May2025_industry
19-4012,31-33,0.04727030625832224,real:OEWS_May2025_industry
19-4012,42,0.17576564580559254,real:OEWS_May2025_industry
19-4012,44-45,0.019973368841544607,real:OEWS_May2025_industry
19-4012,54,0.3002663115845539,real:OEWS_May2025_industry
19-4012,55,0.02729693741677763,real:OEWS_May2025_industry
19-4012,56,0.019973368841544607,real:OEWS_May2025_industry
19-4012,61,0.2536617842876165,real:OEWS_May2025_industry
19-4012,71,0.0019973368841544607,real:OEWS_May2025_industry
19-4012,81,0.007989347536617843,real:OEWS_May2025_industry
19-4012,92,0.06125166444740346,real:OEWS_May2025_industry
19-4013,31-33,0.7739872068230277,real:OEWS_May2025_industry
19-4013,42,0.05828002842928216,real:OEWS_May2025_industry
19-4013,44-45,0.0021321961620469083,real:OEWS_May2025_industry
19-4013,48-49,0.008528784648187633,real:OEWS_May2025_industry
19-4013,54,0.06112295664534471,real:OEWS_May2025_industry
19-4013,55,0.046908315565031986,real:OEWS_May2025_industry
19-4013,56,0.014214641080312722,real:OEWS_May2025_industry
19-4013,61,0.03482587064676617,real:OEWS_May2025_industry
19-4021,11,0.0007261109497531223,real:OEWS_May2025_industry
19-4021,31-33,0.1015103107754865,real:OEWS_May2025_industry
19-4021,42,0.0033401103688643625,real:OEWS_May2025_industry
19-4021,54,0.4227417949462678,real:OEWS_May2025_industry
19-4021,55,0.0036305547487656114,real:OEWS_May2025_industry
19-4021,61,0.1977926227127505,real:OEWS_May2025_industry
19-4021,62,0.12227708393842579,real:OEWS_May2025_industry
19-4021,71,0.0008713331397037467,real:OEWS_May2025_industry
19-4021,81,0.002468777229160616,real:OEWS_May2025_industry
19-4021,92,0.14464130119082197,real:OEWS_May2025_industry
19-4031,21,0.018102697998259355,real:OEWS_May2025_industry
19-4031,22,0.013751087902523934,real:OEWS_May2025_industry
19-4031,23,0.006440382941688425,real:OEWS_May2025_industry
19-4031,31-33,0.4475195822454308,real:OEWS_May2025_industry
19-4031,42,0.06353350739773717,real:OEWS_May2025_industry
19-4031,48-49,0.004699738903394256,real:OEWS_May2025_industry
19-4031,54,0.31314186248912096,real:OEWS_May2025_industry
19-4031,55,0.02019147084421236,real:OEWS_May2025_industry
19-4031,56,0.038990426457789384,real:OEWS_May2025_industry
19-4031,61,0.03359442993907746,real:OEWS_May2025_industry
19-4031,62,0.012358572671888599,real:OEWS_May2025_industry
19-4031,92,0.027676240208877285,real:OEWS_May2025_industry
19-4042,21,0.010416666666666666,real:OEWS_May2025_industry
19-4042,22,0.017361111111111112,real:OEWS_May2025_industry
19-4042,23,0.00318287037037037,real:OEWS_May2025_industry
19-4042,31-33,0.027199074074074073,real:OEWS_May2025_industry
19-4042,48-49,0.001736111111111111,real:OEWS_May2025_industry
19-4042,53,0.0008680555555555555,real:OEWS_May2025_industry
19-4042,54,0.4742476851851852,real:OEWS_May2025_industry
19-4042,55,0.008969907407407407,real:OEWS_May2025_industry
19-4042,56,0.0931712962962963,real:OEWS_May2025_industry
19-4042,61,0.04079861111111111,real:OEWS_May2025_industry
19-4042,62,0.01273148148148148,real:OEWS_May2025_industry
19-4042,71,0.0023148148148148147,real:OEWS_May2025_industry
19-4042,81,0.01765046296296296,real:OEWS_May2025_industry
19-4042,92,0.28935185185185186,real:OEWS_May2025_industry
19-4043,21,0.33779761904761907,real:OEWS_May2025_industry
19-4043,22,0.008928571428571428,real:OEWS_May2025_industry
19-4043,31-33,0.020833333333333332,real:OEWS_May2025_industry
19-4043,42,0.010416666666666666,real:OEWS_May2025_industry
19-4043,48-49,0.008928571428571428,real:OEWS_May2025_industry
19-4043,54,0.5565476190476191,real:OEWS_May2025_industry
19-4043,55,0.013392857142857142,real:OEWS_May2025_industry
19-4043,61,0.019345238095238096,real:OEWS_May2025_industry
19-4043,92,0.023809523809523808,real:OEWS_May2025_industry
19-4044,21,0.07169811320754717,real:OEWS_May2025_industry
19-4044,22,0.03773584905660377,real:OEWS_May2025_industry
19-4044,54,0.12452830188679245,real:OEWS_May2025_industry
19-4044,61,0.018867924528301886,real:OEWS_May2025_industry
19-4044,71,0.04150943396226415,real:OEWS_May2025_industry
19-4044,92,0.7056603773584905,real:OEWS_May2025_industry
19-4051,22,0.5901639344262295,real:OEWS_May2025_industry
19-4051,54,0.2901639344262295,real:OEWS_May2025_industry
19-4051,55,0.014754098360655738,real:OEWS_May2025_industry
19-4051,56,0.06557377049180328,real:OEWS_May2025_industry
19-4051,61,0.00819672131147541,real:OEWS_May2025_industry
19-4051,62,0.014754098360655738,real:OEWS_May2025_industry
19-4051,92,0.01639344262295082,real:OEWS_May2025_industry
19-4061,31-33,0.00491320013101867,real:OEWS_May2025_industry
19-4061,51,0.001965280052407468,real:OEWS_May2025_industry
19-4061,52,0.00491320013101867,real:OEWS_May2025_industry
19-4061,54,0.35800851621356045,real:OEWS_May2025_industry
19-4061,55,0.006223386832623649,real:OEWS_May2025_industry
19-4061,56,0.006550933508024894,real:OEWS_May2025_industry
19-4061,61,0.46380609236816245,real:OEWS_May2025_industry
19-4061,62,0.07730101539469375,real:OEWS_May2025_industry
19-4061,71,0.0026203734032099572,real:OEWS_May2025_industry
19-4061,81,0.041925974451359316,real:OEWS_May2025_industry
19-4061,92,0.031772027513920734,real:OEWS_May2025_industry
19-4071,22,0.012845849802371542,real:OEWS_May2025_industry
19-4071,54,0.0266798418972332,real:OEWS_May2025_industry
19-4071,61,0.011857707509881422,real:OEWS_May2025_industry
19-4071,71,0.004940711462450593,real:OEWS_May2025_industry
19-4071,81,0.029644268774703556,real:OEWS_May2025_industry
19-4071,92,0.9140316205533597,real:OEWS_May2025_industry
19-4092,48-49,0.004217185028993147,real:OEWS_May2025_industry
19-4092,52,0.0031628887717448603,real:OEWS_May2025_industry
19-4092,54,0.025830258302583026,real:OEWS_May2025_industry
19-4092,61,0.013178703215603585,real:OEWS_May2025_industry
19-4092,62,0.020031628887717447,real:OEWS_May2025_industry
19-4092,92,0.933579335793358,real:OEWS_May2025_industry
19-4099,21,0.0018983050847457628,real:OEWS_May2025_industry
19-4099,22,0.0014915254237288136,real:OEWS_May2025_industry
19-4099,23,0.002711864406779661,real:OEWS_May2025_industry
19-4099,31-33,0.11403389830508474,real:OEWS_May2025_industry
19-4099,42,0.0168135593220339,real:OEWS_May2025_industry
19-4099,51,0.0044745762711864406,real:OEWS_May2025_industry
19-4099,52,0.010847457627118645,real:OEWS_May2025_industry
19-4099,54,0.21708474576271186,real:OEWS_May2025_industry
19-4099,55,0.010847457627118645,real:OEWS_May2025_industry
19-4099,56,0.07633898305084746,real:OEWS_May2025_industry
19-4099,61,0.3593220338983051,real:OEWS_May2025_industry
19-4099,62,0.05938983050847458,real:OEWS_May2025_industry
19-4099,71,0.003525423728813559,real:OEWS_May2025_industry
19-4099,81,0.005830508474576271,real:OEWS_May2025_industry
19-4099,92,0.11538983050847458,real:OEWS_May2025_industry
19-5011,11,0.002346917004480478,real:OEWS_May2025_industry
19-5011,21,0.02851859753929308,real:OEWS_May2025_industry
19-5011,22,0.02048218476637508,real:OEWS_May2025_industry
19-5011,23,0.16933361780812176,real:OEWS_May2025_industry
19-5011,31-33,0.17623213142735225,real:OEWS_May2025_industry
19-5011,42,0.03356802503378138,real:OEWS_May2025_industry
19-5011,44-45,0.0039826470379062655,real:OEWS_May2025_industry
19-5011,48-49,0.08534243652656283,real:OEWS_May2025_industry
19-5011,51,0.007965294075812531,real:OEWS_May2025_industry
19-5011,52,0.010596685868714885,real:OEWS_May2025_industry
19-5011,53,0.004622715311855487,real:OEWS_May2025_industry
19-5011,54,0.10376217907687932,real:OEWS_May2025_industry
19-5011,55,0.0431690491430197,real:OEWS_May2025_industry
19-5011,56,0.04608491572434393,real:OEWS_May2025_industry
19-5011,61,0.038332977739847805,real:OEWS_May2025_industry
19-5011,62,0.04395135481117986,real:OEWS_May2025_industry
19-5011,71,0.004907190100277363,real:OEWS_May2025_industry
19-5011,72,0.0019913235189531328,real:OEWS_May2025_industry
19-5011,81,0.007894175378707062,real:OEWS_May2025_industry
19-5011,92,0.16691558210653581,real:OEWS_May2025_industry
19-5012,21,0.025204582651391163,real:OEWS_May2025_industry
19-5012,22,0.0088379705400982,real:OEWS_May2025_industry
19-5012,23,0.0939443535188216,real:OEWS_May2025_industry
19-5012,31-33,0.17708674304418986,real:OEWS_May2025_industry
19-5012,42,0.023567921440261867,real:OEWS_May2025_industry
19-5012,44-45,0.011129296235679214,real:OEWS_May2025_industry
19-5012,48-49,0.3004909983633388,real:OEWS_May2025_industry
19-5012,51,0.0032733224222585926,real:OEWS_May2025_industry
19-5012,52,0.0022913256955810145,real:OEWS_May2025_industry
19-5012,53,0.001309328968903437,real:OEWS_May2025_industry
19-5012,54,0.11849427168576104,real:OEWS_May2025_industry
19-5012,55,0.029787234042553193,real:OEWS_May2025_industry
19-5012,56,0.03764320785597381,real:OEWS_May2025_industry
19-5012,61,0.033060556464811784,real:OEWS_May2025_industry
19-5012,62,0.05008183306055646,real:OEWS_May2025_industry
19-5012,71,0.005891980360065467,real:OEWS_May2025_industry
19-5012,72,0.0022913256955810145,real:OEWS_May2025_industry
19-5012,81,0.005237315875613748,real:OEWS_May2025_industry
19-5012,92,0.07037643207855974,real:OEWS_May2025_industry
21-1012,44-45,0.00016985138004246286,real:OEWS_May2025_industry
21-1012,51,0.0003963198867657466,real:OEWS_May2025_industry
21-1012,52,0.00025477707006369424,real:OEWS_May2025_industry
21-1012,54,0.004501061571125266,real:OEWS_May2025_industry
21-1012,55,0.0030007077140835102,real:OEWS_May2025_industry
21-1012,56,0.006482661004953999,real:OEWS_May2025_industry
21-1012,61,0.9032130219391366,real:OEWS_May2025_industry
21-1012,62,0.04662420382165605,real:OEWS_May2025_industry
21-1012,71,0.000537862703467799,real:OEWS_May2025_industry
21-1012,81,0.011804670912951168,real:OEWS_May2025_industry
21-1012,92,0.023014861995753717,real:OEWS_May2025_industry
21-1013,55,0.005244231345519928,real:OEWS_May2025_industry
21-1013,56,0.003146538807311957,real:OEWS_May2025_industry
21-1013,61,0.01947857356907402,real:OEWS_May2025_industry
21-1013,62,0.8981120767156128,real:OEWS_May2025_industry
21-1013,81,0.001648186994306263,real:OEWS_May2025_industry
21-1013,92,0.07237039256817501,real:OEWS_May2025_industry
21-1015,44-45,0.0027577428935086977,real:OEWS_May2025_industry
21-1015,52,0.005515485787017395,real:OEWS_May2025_industry
21-1015,55,0.011349172677131947,real:OEWS_May2025_industry
21-1015,56,0.006364022061943148,real:OEWS_May2025_industry
21-1015,61,0.015379719983029274,real:OEWS_May2025_industry
21-1015,62,0.753394145099703,real:OEWS_May2025_industry
21-1015,81,0.011349172677131947,real:OEWS_May2025_industry
21-1015,92,0.19389053882053459,real:OEWS_May2025_industry
21-1018,52,0.0029886553084210953,real:OEWS_May2025_industry
21-1018,54,0.008234050339527508,real:OEWS_May2025_industry
21-1018,55,0.005794331720408246,real:OEWS_May2025_industry
21-1018,56,0.009352254706623837,real:OEWS_May2025_industry
21-1018,61,0.07168706542512097,real:OEWS_May2025_industry
21-1018,62,0.8230187451713903,real:OEWS_May2025_industry
21-1018,71,0.00020330988492660513,real:OEWS_May2025_industry
21-1018,81,0.006932867075997235,real:OEWS_May2025_industry
21-1018,92,0.07178872036758427,real:OEWS_May2025_industry
21-1019,52,0.007771105616389968,real:OEWS_May2025_industry
21-1019,53,0.001412928293889085,real:OEWS_May2025_industry
21-1019,55,0.006711409395973154,real:OEWS_May2025_industry
21-1019,56,0.03002472624514306,real:OEWS_May2025_industry
21-1019,61,0.09113387495584599,real:OEWS_May2025_industry
21-1019,62,0.5757682797598022,real:OEWS_May2025_industry
21-1019,71,0.0017661603673613563,real:OEWS_May2025_industry
21-1019,81,0.0639350052984811,real:OEWS_May2025_industry
21-1019,92,0.2214765100671141,real:OEWS_May2025_industry
21-1021,53,0.0007909172088276566,real:OEWS_May2025_industry
21-1021,54,0.0018369690011481056,real:OEWS_May2025_industry
21-1021,55,0.007475443296338819,real:OEWS_May2025_industry
21-1021,56,0.00538333971169792,real:OEWS_May2025_industry
21-1021,61,0.182548794489093,real:OEWS_May2025_industry
21-1021,62,0.3873453246587575,real:OEWS_May2025_industry
21-1021,71,0.0002296211251435132,real:OEWS_May2025_industry
21-1021,81,0.019977037887485647,real:OEWS_May2025_industry
21-1021,92,0.3944125526215079,real:OEWS_May2025_industry
21-1022,44-45,0.00112059765208111,real:OEWS_May2025_industry
21-1022,52,0.0323906083244397,real:OEWS_May2025_industry
21-1022,54,0.006296691568836713,real:OEWS_May2025_industry
21-1022,55,0.021344717182497332,real:OEWS_May2025_industry
21-1022,56,0.0208110992529349,real:OEWS_May2025_industry
21-1022,61,0.013607257203842048,real:OEWS_May2025_industry
21-1022,62,0.8278014941302028,real:OEWS_May2025_industry
21-1022,81,0.01392742796157951,real:OEWS_May2025_industry
21-1022,92,0.06270010672358592,real:OEWS_May2025_industry
21-1023,52,0.004141566265060241,real:OEWS_May2025_industry
21-1023,54,0.015060240963855422,real:OEWS_May2025_industry
21-1023,55,0.012048192771084338,real:OEWS_May2025_industry
21-1023,56,0.011069277108433735,real:OEWS_May2025_industry
21-1023,61,0.0151355421686747,real:OEWS_May2025_industry
21-1023,62,0.7847138554216867,real:OEWS_May2025_industry
21-1023,81,0.010918674698795181,real:OEWS_May2025_industry
21-1023,92,0.14691265060240963,real:OEWS_May2025_industry
21-1029,52,0.0023851168707266657,real:OEWS_May2025_industry
21-1029,53,0.0031801558276355543,real:OEWS_May2025_industry
21-1029,54,0.01876291938304977,real:OEWS_May2025_industry
21-1029,55,0.011448560979487994,real:OEWS_May2025_industry
21-1029,56,0.006042296072507553,real:OEWS_May2025_industry
21-1029,61,0.0192399427571951,real:OEWS_May2025_industry
21-1029,62,0.2302432819208141,real:OEWS_May2025_industry
21-1029,71,0.0007950389569088886,real:OEWS_May2025_industry
21-1029,81,0.031483542693591986,real:OEWS_May2025_industry
21-1029,92,0.6764191445380824,real:OEWS_May2025_industry
21-1091,42,0.0182459368291935,real:OEWS_May2025_industry
21-1091,52,0.046304814474087706,real:OEWS_May2025_industry
21-1091,54,0.032812020852499235,real:OEWS_May2025_industry
21-1091,55,0.021005826433609324,real:OEWS_May2025_industry
21-1091,56,0.016865992026985587,real:OEWS_May2025_industry
21-1091,61,0.11867525298988041,real:OEWS_May2025_industry
21-1091,62,0.46166819993866914,real:OEWS_May2025_industry
21-1091,71,0.0027598896044158236,real:OEWS_May2025_industry
21-1091,81,0.035878564857405704,real:OEWS_May2025_industry
21-1091,92,0.2457835019932536,real:OEWS_May2025_industry
21-1092,56,0.005931065353625783,real:OEWS_May2025_industry
21-1092,62,0.022381378692927483,real:OEWS_May2025_industry
21-1092,81,0.0012309758281110117,real:OEWS_May2025_industry
21-1092,92,0.9704565801253358,real:OEWS_May2025_industry
21-1093,23,0.00022840958406614742,real:OEWS_May2025_industry
21-1093,44-45,0.0013019346291770404,real:OEWS_May2025_industry
21-1093,52,0.010849455243142002,real:OEWS_May2025_industry
21-1093,53,0.004522509764509719,real:OEWS_May2025_industry
21-1093,54,0.004568191681322949,real:OEWS_May2025_industry
21-1093,55,0.01724492359699413,real:OEWS_May2025_industry
21-1093,56,0.009067860487426053,real:OEWS_May2025_industry
21-1093,61,0.04047417829652132,real:OEWS_May2025_industry
21-1093,62,0.6436125259815901,real:OEWS_May2025_industry
21-1093,71,0.0003882962929124506,real:OEWS_May2025_industry
21-1093,72,0.00009136383362645897,real:OEWS_May2025_industry
21-1093,81,0.07411891002946483,real:OEWS_May2025_industry
21-1093,92,0.1935314405792467,real:OEWS_May2025_industry
21-1094,52,0.031234748657881894,real:OEWS_May2025_industry
21-1094,54,0.020172441841548722,real:OEWS_May2025_industry
21-1094,55,0.02407678542378396,real:OEWS_May2025_industry
21-1094,56,0.016268098259313486,real:OEWS_May2025_industry
21-1094,61,0.0424597364568082,real:OEWS_May2025_industry
21-1094,62,0.5791442980315601,real:OEWS_May2025_industry
21-1094,71,0.002440214738897023,real:OEWS_May2025_industry
21-1094,81,0.06913941760208232,real:OEWS_May2025_industry
21-1094,92,0.21506425898812428,real:OEWS_May2025_industry
21-1099,23,0.0007448096080439438,real:OEWS_May2025_industry
21-1099,44-45,0.0013965180150823946,real:OEWS_May2025_industry
21-1099,51,0.00046550600502746485,real:OEWS_May2025_industry
21-1099,52,0.003724048040219719,real:OEWS_May2025_industry
21-1099,53,0.012754864537752536,real:OEWS_May2025_industry
21-1099,54,0.015920305371939298,real:OEWS_May2025_industry
21-1099,55,0.015175495763895354,real:OEWS_May2025_industry
21-1099,56,0.011451447723675635,real:OEWS_May2025_industry
21-1099,61,0.13946559910622847,real:OEWS_May2025_industry
21-1099,62,0.3561120938460106,real:OEWS_May2025_industry
21-1099,71,0.003910250442230705,real:OEWS_May2025_industry
21-1099,81,0.11470067963876734,real:OEWS_May2025_industry
21-1099,92,0.3241783819011265,real:OEWS_May2025_industry
21-2011,31-33,0.002985598876009835,real:OEWS_May2025_industry
21-2011,51,0.0008781173164734809,real:OEWS_May2025_industry
21-2011,53,0.0007024938531787847,real:OEWS_May2025_industry
21-2011,55,0.010713031260976466,real:OEWS_May2025_industry
21-2011,56,0.004214963119072708,real:OEWS_May2025_industry
21-2011,61,0.056199508254302775,real:OEWS_May2025_industry
21-2011,62,0.430628731998595,real:OEWS_May2025_industry
21-2011,81,0.442746750965929,real:OEWS_May2025_industry
21-2011,92,0.05093080435546189,real:OEWS_May2025_industry
21-2021,55,0.003176043557168784,real:OEWS_May2025_industry
21-2021,61,0.14382940108892922,real:OEWS_May2025_industry
21-2021,62,0.04401088929219601,real:OEWS_May2025_industry
21-2021,81,0.8012704174228675,real:OEWS_May2025_industry
21-2021,92,0.007713248638838476,real:OEWS_May2025_industry
21-2099,61,0.039278815196394076,real:OEWS_May2025_industry
21-2099,62,0.05795235028976175,real:OEWS_May2025_industry
21-2099,81,0.9027688345138442,real:OEWS_May2025_industry
23-1011,21,0.0009410330156794656,real:OEWS_May2025_industry
23-1011,22,0.002041113864994897,real:OEWS_May2025_industry
23-1011,23,0.0028761149915837187,real:OEWS_May2025_industry
23-1011,31-33,0.006746278943392225,real:OEWS_May2025_industry
23-1011,42,0.007011358666118835,real:OEWS_May2025_industry
23-1011,44-45,0.0011133348354517621,real:OEWS_May2025_industry
23-1011,48-49,0.0024784954074938037,real:OEWS_May2025_industry
23-1011,51,0.013929939429283358,real:OEWS_May2025_industry
23-1011,52,0.04560696629511325,real:OEWS_May2025_industry
23-1011,53,0.005593182149531472,real:OEWS_May2025_industry
23-1011,54,0.6251110021338918,real:OEWS_May2025_industry
23-1011,55,0.03310845736855359,real:OEWS_May2025_industry
23-1011,56,0.015414385876552373,real:OEWS_May2025_industry
23-1011,61,0.006547469151347267,real:OEWS_May2025_industry
23-1011,62,0.006401675303847632,real:OEWS_May2025_industry
23-1011,71,0.0015904783363596602,real:OEWS_May2025_industry
23-1011,72,0.00022531776431761853,real:OEWS_May2025_industry
23-1011,81,0.010961046534745325,real:OEWS_May2025_industry
23-1011,92,0.21230234993174196,real:OEWS_May2025_industry
23-1012,92,1.0,real:OEWS_May2025_industry
23-1021,92,1.0,real:OEWS_May2025_industry
23-1022,42,0.026143790849673203,real:OEWS_May2025_industry
23-1022,52,0.026143790849673203,real:OEWS_May2025_industry
23-1022,54,0.4869281045751634,real:OEWS_May2025_industry
23-1022,55,0.007625272331154684,real:OEWS_May2025_industry
23-1022,56,0.004357298474945534,real:OEWS_May2025_industry
23-1022,61,0.032679738562091505,real:OEWS_May2025_industry
23-1022,62,0.05991285403050109,real:OEWS_May2025_industry
23-1022,81,0.03812636165577342,real:OEWS_May2025_industry
23-1022,92,0.31808278867102396,real:OEWS_May2025_industry
23-1023,92,1.0,real:OEWS_May2025_industry
23-2011,21,0.00027998371003868863,real:OEWS_May2025_industry
23-2011,22,0.0007126858073712074,real:OEWS_May2025_industry
23-2011,23,0.0009926695174098962,real:OEWS_May2025_industry
23-2011,31-33,0.002596212583995113,real:OEWS_May2025_industry
23-2011,42,0.0018071675829769904,real:OEWS_May2025_industry
23-2011,44-45,0.0004327020973325188,real:OEWS_May2025_industry
23-2011,48-49,0.0007635919364691509,real:OEWS_May2025_industry
23-2011,51,0.004403380166972104,real:OEWS_May2025_industry
23-2011,52,0.02807473019751578,real:OEWS_May2025_industry
23-2011,53,0.003181633068621462,real:OEWS_May2025_industry
23-2011,54,0.7902922011810222,real:OEWS_May2025_industry
23-2011,55,0.017740785990633272,real:OEWS_May2025_industry
23-2011,56,0.012879250661779678,real:OEWS_May2025_industry
23-2011,61,0.00300346161677866,real:OEWS_May2025_industry
23-2011,62,0.005956017104459377,real:OEWS_May2025_industry
23-2011,71,0.00040724903278354713,real:OEWS_May2025_industry
23-2011,72,0.00007635919364691509,real:OEWS_May2025_industry
23-2011,81,0.005065159845245367,real:OEWS_May2025_industry
23-2011,92,0.12133475870494807,real:OEWS_May2025_industry
23-2093,21,0.02184948135069521,real:OEWS_May2025_industry
23-2093,22,0.0022070183182520413,real:OEWS_May2025_industry
23-2093,23,0.007062458618406533,real:OEWS_May2025_industry
23-2093,42,0.01169719708673582,real:OEWS_May2025_industry
23-2093,44-45,0.03332597660560583,real:OEWS_May2025_industry
23-2093,52,0.352460825424851,real:OEWS_May2025_industry
23-2093,53,0.07261090267049217,real:OEWS_May2025_industry
23-2093,54,0.4623703376738027,real:OEWS_May2025_industry
23-2093,55,0.012359302582211433,real:OEWS_May2025_industry
23-2093,62,0.001544912822776429,real:OEWS_May2025_industry
23-2093,92,0.022511586846170824,real:OEWS_May2025_industry
23-2099,21,0.004469273743016759,real:OEWS_May2025_industry
23-2099,23,0.000670391061452514,real:OEWS_May2025_industry
23-2099,31-33,0.005810055865921788,real:OEWS_May2025_industry
23-2099,42,0.004245810055865922,real:OEWS_May2025_industry
23-2099,44-45,0.006480446927374301,real:OEWS_May2025_industry
23-2099,48-49,0.001340782122905028,real:OEWS_May2025_industry
23-2099,51,0.023687150837988828,real:OEWS_May2025_industry
23-2099,52,0.025921787709497206,real:OEWS_May2025_industry
23-2099,54,0.27262569832402234,real:OEWS_May2025_industry
23-2099,55,0.018100558659217877,real:OEWS_May2025_industry
23-2099,61,0.03329608938547486,real:OEWS_May2025_industry
23-2099,62,0.016312849162011173,real:OEWS_May2025_industry
23-2099,81,0.014078212290502793,real:OEWS_May2025_industry
23-2099,92,0.5729608938547486,real:OEWS_May2025_industry
25-1011,61,1.0,real:OEWS_May2025_industry
25-1021,61,1.0,real:OEWS_May2025_industry
25-1022,61,1.0,real:OEWS_May2025_industry
25-1031,61,1.0,real:OEWS_May2025_industry
25-1032,61,1.0,real:OEWS_May2025_industry
25-1041,61,1.0,real:OEWS_May2025_industry
25-1042,54,0.00979216626698641,real:OEWS_May2025_industry
25-1042,61,0.9902078337330136,real:OEWS_May2025_industry
25-1043,61,1.0,real:OEWS_May2025_industry
25-1051,61,1.0,real:OEWS_May2025_industry
25-1052,61,1.0,real:OEWS_May2025_industry
25-1053,61,1.0,real:OEWS_May2025_industry
25-1054,61,1.0,real:OEWS_May2025_industry
25-1061,61,1.0,real:OEWS_May2025_industry
25-1062,61,1.0,real:OEWS_May2025_industry
25-1063,61,1.0,real:OEWS_May2025_industry
25-1064,61,1.0,real:OEWS_May2025_industry
25-1065,61,1.0,real:OEWS_May2025_industry
25-1066,61,1.0,real:OEWS_May2025_industry
25-1067,61,1.0,real:OEWS_May2025_industry
25-1069,61,1.0,real:OEWS_May2025_industry
25-1071,54,0.006056770927499548,real:OEWS_May2025_industry
25-1071,61,0.9415114807448924,real:OEWS_May2025_industry
25-1071,62,0.052431748327608024,real:OEWS_May2025_industry
25-1072,56,0.000513347022587269,real:OEWS_May2025_industry
25-1072,61,0.9611139630390144,real:OEWS_May2025_industry
25-1072,62,0.03773100616016427,real:OEWS_May2025_industry
25-1072,92,0.0006416837782340862,real:OEWS_May2025_industry
25-1081,61,1.0,real:OEWS_May2025_industry
25-1082,61,1.0,real:OEWS_May2025_industry
25-1111,61,0.9961919268849961,real:OEWS_May2025_industry
25-1111,92,0.003808073115003808,real:OEWS_May2025_industry
25-1112,61,1.0,real:OEWS_May2025_industry
25-1113,61,1.0,real:OEWS_May2025_industry
25-1121,61,0.9975414216996259,real:OEWS_May2025_industry
25-1121,71,0.0024585783003741313,real:OEWS_May2025_industry
25-1122,61,1.0,real:OEWS_May2025_industry
25-1123,61,1.0,real:OEWS_May2025_industry
25-1124,61,0.9964664310954063,real:OEWS_May2025_industry
25-1124,92,0.0035335689045936395,real:OEWS_May2025_industry
25-1125,61,1.0,real:OEWS_May2025_industry
25-1126,61,1.0,real:OEWS_May2025_industry
25-1192,61,1.0,real:OEWS_May2025_industry
25-1193,61,1.0,real:OEWS_May2025_industry
25-1194,61,0.9376325088339222,real:OEWS_May2025_industry
25-1194,62,0.012014134275618375,real:OEWS_May2025_industry
25-1194,81,0.0035335689045936395,real:OEWS_May2025_industry
25-1194,92,0.046819787985865724,real:OEWS_May2025_industry
25-1199,54,0.0012091898428053204,real:OEWS_May2025_industry
25-1199,61,0.9899234179766223,real:OEWS_May2025_industry
25-1199,62,0.0068520757758968156,real:OEWS_May2025_industry
25-1199,81,0.002015316404675534,real:OEWS_May2025_industry
25-2011,54,0.00027159152634437803,real:OEWS_May2025_industry
25-2011,55,0.0011490410729954456,real:OEWS_May2025_industry
25-2011,56,0.002820373542807003,real:OEWS_May2025_industry
25-2011,61,0.18499561275226675,real:OEWS_May2025_industry
25-2011,62,0.7602473572055322,real:OEWS_May2025_industry
25-2011,71,0.004512597668491204,real:OEWS_May2025_industry
25-2011,81,0.03334308277274057,real:OEWS_May2025_industry
25-2011,92,0.012660343458822547,real:OEWS_May2025_industry
25-2012,61,0.9848233995584988,real:OEWS_May2025_industry
25-2012,62,0.013245033112582781,real:OEWS_May2025_industry
25-2012,81,0.0019315673289183224,real:OEWS_May2025_industry
25-2021,61,0.9968798639534213,real:OEWS_May2025_industry
25-2021,62,0.0011024961088372629,real:OEWS_May2025_industry
25-2021,81,0.001628523664034127,real:OEWS_May2025_industry
25-2021,92,0.00038911627370726926,real:OEWS_May2025_industry
25-2022,61,0.9986289216872328,real:OEWS_May2025_industry
25-2022,62,0.0004677796596499718,real:OEWS_May2025_industry
25-2022,81,0.0009032986531171868,real:OEWS_May2025_industry
25-2023,61,1.0,real:OEWS_May2025_industry
25-2031,56,0.0005164270758021051,real:OEWS_May2025_industry
25-2031,61,0.9955493375649055,real:OEWS_May2025_industry
25-2031,62,0.0009483479028365931,real:OEWS_May2025_industry
25-2031,81,0.0008168937380869663,real:OEWS_May2025_industry
25-2031,92,0.0021689937183688415,real:OEWS_May2025_industry
25-2032,61,0.994967196908421,real:OEWS_May2025_industry
25-2032,62,0.0007189718702255775,real:OEWS_May2025_industry
25-2032,92,0.004313831221353465,real:OEWS_May2025_industry
25-2051,61,0.663842765164351,real:OEWS_May2025_industry
25-2051,62,0.3100643849542528,real:OEWS_May2025_industry
25-2051,81,0.0010166045408336157,real:OEWS_May2025_industry
25-2051,92,0.02507624534056252,real:OEWS_May2025_industry
25-2052,56,0.0011500421682128345,real:OEWS_May2025_industry
25-2052,61,0.9934447596411868,real:OEWS_May2025_industry
25-2052,62,0.0034501265046385033,real:OEWS_May2025_industry
25-2052,81,0.00011500421682128345,real:OEWS_May2025_industry
25-2052,92,0.0018400674691405351,real:OEWS_May2025_industry
25-2057,61,0.9988433228180862,real:OEWS_May2025_industry
25-2057,62,0.001156677181913775,real:OEWS_May2025_industry
25-2058,61,0.9840083328227437,real:OEWS_May2025_industry
25-2058,62,0.0075363029226150355,real:OEWS_May2025_industry
25-2058,92,0.00845536425464126,real:OEWS_May2025_industry
25-2059,55,0.002694610778443114,real:OEWS_May2025_industry
25-2059,61,0.8083832335329342,real:OEWS_May2025_industry
25-2059,62,0.13203592814371257,real:OEWS_May2025_industry
25-2059,92,0.05688622754491018,real:OEWS_May2025_industry
25-3011,51,0.00646900269541779,real:OEWS_May2025_industry
25-3011,56,0.005660377358490566,real:OEWS_May2025_industry
25-3011,61,0.8299191374663073,real:OEWS_May2025_industry
25-3011,62,0.08328840970350404,real:OEWS_May2025_industry
25-3011,81,0.007277628032345013,real:OEWS_May2025_industry
25-3011,92,0.0673854447439353,real:OEWS_May2025_industry
25-3021,11,0.000966504575795101,real:OEWS_May2025_industry
25-3021,31-33,0.00030203267993596906,real:OEWS_May2025_industry
25-3021,44-45,0.031139569301398412,real:OEWS_May2025_industry
25-3021,48-49,0.0031713431393276753,real:OEWS_May2025_industry
25-3021,53,0.0008758947718143103,real:OEWS_May2025_industry
25-3021,54,0.0015101633996798453,real:OEWS_May2025_industry
25-3021,55,0.001359147059711861,real:OEWS_May2025_industry
25-3021,56,0.004168050983116373,real:OEWS_May2025_industry
25-3021,61,0.6452928206831979,real:OEWS_May2025_industry
25-3021,62,0.05439608565646803,real:OEWS_May2025_industry
25-3021,71,0.15322117853151712,real:OEWS_May2025_industry
25-3021,72,0.00459089673502673,real:OEWS_May2025_industry
25-3021,81,0.06526926213416291,real:OEWS_May2025_industry
25-3021,92,0.03373705034884775,real:OEWS_May2025_industry
25-3031,55,0.00011433580425710312,real:OEWS_May2025_industry
25-3031,56,0.1694837738437792,real:OEWS_May2025_industry
25-3031,61,0.800788917049374,real:OEWS_May2025_industry
25-3031,62,0.02113306782018789,real:OEWS_May2025_industry
25-3031,71,0.00011433580425710312,real:OEWS_May2025_industry
25-3031,81,0.0018484288354898336,real:OEWS_May2025_industry
25-3031,92,0.0065171408426548776,real:OEWS_May2025_industry
25-3041,51,0.001901688468852648,real:OEWS_May2025_industry
25-3041,55,0.0006338961562842159,real:OEWS_May2025_industry
25-3041,56,0.007376246182216332,real:OEWS_May2025_industry
25-3041,61,0.9150002881346165,real:OEWS_May2025_industry
25-3041,62,0.046908315565031986,real:OEWS_May2025_industry
25-3041,81,0.021552469313663343,real:OEWS_May2025_industry
25-3041,92,0.006627096179334985,real:OEWS_May2025_industry
25-3099,48-49,0.0032590504712410816,real:OEWS_May2025_industry
25-3099,51,0.0019378137937109134,real:OEWS_May2025_industry
25-3099,54,0.013476614110807717,real:OEWS_May2025_industry
25-3099,55,0.0019378137937109134,real:OEWS_May2025_industry
25-3099,56,0.0175284065885669,real:OEWS_May2025_industry
25-3099,61,0.651633929357879,real:OEWS_May2025_industry
25-3099,62,0.0665022461023518,real:OEWS_May2025_industry
25-3099,71,0.00502069937461464,real:OEWS_May2025_industry
25-3099,81,0.03259050471241082,real:OEWS_May2025_industry
25-3099,92,0.20611292169470624,real:OEWS_May2025_industry
25-4011,44-45,0.02040816326530612,real:OEWS_May2025_industry
25-4011,51,0.08928571428571429,real:OEWS_May2025_industry
25-4011,54,0.10076530612244898,real:OEWS_May2025_industry
25-4011,55,0.025510204081632654,real:OEWS_May2025_industry
25-4011,56,0.021683673469387755,real:OEWS_May2025_industry
25-4011,61,0.1913265306122449,real:OEWS_May2025_industry
25-4011,62,0.025510204081632654,real:OEWS_May2025_industry
25-4011,71,0.18494897959183673,real:OEWS_May2025_industry
25-4011,81,0.05357142857142857,real:OEWS_May2025_industry
25-4011,92,0.2869897959183674,real:OEWS_May2025_industry
25-4012,42,0.002508361204013378,real:OEWS_May2025_industry
25-4012,44-45,0.006688963210702341,real:OEWS_May2025_industry
25-4012,51,0.016722408026755852,real:OEWS_May2025_industry
25-4012,54,0.005852842809364548,real:OEWS_May2025_industry
25-4012,55,0.002508361204013378,real:OEWS_May2025_industry
25-4012,56,0.002508361204013378,real:OEWS_May2025_industry
25-4012,61,0.15802675585284282,real:OEWS_May2025_industry
25-4012,71,0.5735785953177257,real:OEWS_May2025_industry
25-4012,81,0.023411371237458192,real:OEWS_May2025_industry
25-4012,92,0.20819397993311037,real:OEWS_May2025_industry
25-4013,51,0.00989282769991756,real:OEWS_May2025_industry
25-4013,54,0.018961253091508656,real:OEWS_May2025_industry
25-4013,61,0.12036273701566365,real:OEWS_May2025_industry
25-4013,71,0.5309150865622424,real:OEWS_May2025_industry
25-4013,81,0.0247320692497939,real:OEWS_May2025_industry
25-4013,92,0.2951360263808739,real:OEWS_May2025_industry
25-4022,31-33,0.0002990430622009569,real:OEWS_May2025_industry
25-4022,42,0.00097188995215311,real:OEWS_May2025_industry
25-4022,44-45,0.0002242822966507177,real:OEWS_May2025_industry
25-4022,48-49,0.002168062200956938,real:OEWS_May2025_industry
25-4022,51,0.05554724880382775,real:OEWS_May2025_industry
25-4022,52,0.0002242822966507177,real:OEWS_May2025_industry
25-4022,54,0.009569377990430622,real:OEWS_May2025_industry
25-4022,55,0.00097188995215311,real:OEWS_May2025_industry
25-4022,56,0.0037380382775119617,real:OEWS_May2025_industry
25-4022,61,0.5475478468899522,real:OEWS_May2025_industry
25-4022,62,0.008298444976076555,real:OEWS_May2025_industry
25-4022,71,0.008223684210526315,real:OEWS_May2025_industry
25-4022,81,0.003214712918660287,real:OEWS_May2025_industry
25-4022,92,0.3590011961722488,real:OEWS_May2025_industry
25-4031,51,0.056451612903225805,real:OEWS_May2025_industry
25-4031,61,0.32947214076246334,real:OEWS_May2025_industry
25-4031,62,0.001466275659824047,real:OEWS_May2025_industry
25-4031,71,0.0013196480938416422,real:OEWS_May2025_industry
25-4031,81,0.0035190615835777126,real:OEWS_May2025_industry
25-4031,92,0.6077712609970675,real:OEWS_May2025_industry
25-9021,61,0.7146464646464646,real:OEWS_May2025_industry
25-9021,62,0.015151515151515152,real:OEWS_May2025_industry
25-9021,81,0.020202020202020204,real:OEWS_May2025_industry
25-9021,92,0.25,real:OEWS_May2025_industry
25-9031,31-33,0.0004433803316484881,real:OEWS_May2025_industry
25-9031,42,0.0017735213265939523,real:OEWS_May2025_industry
25-9031,51,0.009089296798794005,real:OEWS_May2025_industry
25-9031,52,0.0015074931276048593,real:OEWS_May2025_industry
25-9031,53,0.00035470426531879044,real:OEWS_May2025_industry
25-9031,54,0.01374479028110313,real:OEWS_May2025_industry
25-9031,55,0.006650704974727321,real:OEWS_May2025_industry
25-9031,61,0.8188347964884277,real:OEWS_May2025_industry
25-9031,62,0.05245189323401614,real:OEWS_May2025_industry
25-9031,71,0.011394874523366143,real:OEWS_May2025_industry
25-9031,72,0.00022169016582424404,real:OEWS_May2025_industry
25-9031,81,0.01667110046998315,real:OEWS_May2025_industry
25-9031,92,0.066861754012592,real:OEWS_May2025_industry
25-9044,56,0.00048759675748156274,real:OEWS_May2025_industry
25-9044,61,0.9911623087706467,real:OEWS_May2025_industry
25-9044,62,0.002803681355518986,real:OEWS_May2025_industry
25-9044,81,0.005302614737611995,real:OEWS_May2025_industry
25-9044,92,0.00024379837874078137,real:OEWS_May2025_industry
25-9045,54,0.0001971581067188666,real:OEWS_May2025_industry
25-9045,55,0.0005210607106141476,real:OEWS_May2025_industry
25-9045,56,0.017490740610345168,real:OEWS_May2025_industry
25-9045,61,0.8525257361742877,real:OEWS_May2025_industry
25-9045,62,0.11375318621583179,real:OEWS_May2025_industry
25-9045,71,0.000802715148783957,real:OEWS_May2025_industry
25-9045,81,0.006654086101761748,real:OEWS_May2025_industry
25-9045,92,0.00805531693165655,real:OEWS_May2025_industry
25-9099,51,0.005086038823429686,real:OEWS_May2025_industry
25-9099,54,0.011358820038992964,real:OEWS_May2025_industry
25-9099,55,0.0021191828430957025,real:OEWS_May2025_industry
25-9099,56,0.0022887174705433586,real:OEWS_May2025_industry
25-9099,61,0.8854793591591082,real:OEWS_May2025_industry
25-9099,62,0.007374756293973044,real:OEWS_May2025_industry
25-9099,71,0.006442315843010935,real:OEWS_May2025_industry
25-9099,81,0.00983300839196406,real:OEWS_May2025_industry
25-9099,92,0.070017801135882,real:OEWS_May2025_industry
27-1011,31-33,0.034911242603550295,real:OEWS_May2025_industry
27-1011,42,0.041025641025641026,real:OEWS_May2025_industry
27-1011,44-45,0.03254437869822485,real:OEWS_May2025_industry
27-1011,48-49,0.001183431952662722,real:OEWS_May2025_industry
27-1011,51,0.17633136094674556,real:OEWS_May2025_industry
27-1011,52,0.010848126232741617,real:OEWS_May2025_industry
27-1011,53,0.0126232741617357,real:OEWS_May2025_industry
27-1011,54,0.5408284023668639,real:OEWS_May2025_industry
27-1011,55,0.06390532544378698,real:OEWS_May2025_industry
27-1011,56,0.029980276134122286,real:OEWS_May2025_industry
27-1011,61,0.029783037475345168,real:OEWS_May2025_industry
27-1011,62,0.004142011834319527,real:OEWS_May2025_industry
27-1011,81,0.015581854043392506,real:OEWS_May2025_industry
27-1011,92,0.00631163708086785,real:OEWS_May2025_industry
27-1012,31-33,0.1509433962264151,real:OEWS_May2025_industry
27-1012,42,0.01179245283018868,real:OEWS_May2025_industry
27-1012,44-45,0.25,real:OEWS_May2025_industry
27-1012,51,0.03773584905660377,real:OEWS_May2025_industry
27-1012,54,0.02122641509433962,real:OEWS_May2025_industry
27-1012,62,0.049528301886792456,real:OEWS_May2025_industry
27-1012,71,0.45990566037735847,real:OEWS_May2025_industry
27-1012,92,0.018867924528301886,real:OEWS_May2025_industry
27-1013,31-33,0.05162523900573614,real:OEWS_May2025_industry
27-1013,42,0.04206500956022945,real:OEWS_May2025_industry
27-1013,44-45,0.0841300191204589,real:OEWS_May2025_industry
27-1013,51,0.15296367112810708,real:OEWS_May2025_industry
27-1013,54,0.0745697896749522,real:OEWS_May2025_industry
27-1013,56,0.018164435946462717,real:OEWS_May2025_industry
27-1013,61,0.0841300191204589,real:OEWS_May2025_industry
27-1013,62,0.028680688336520075,real:OEWS_May2025_industry
27-1013,71,0.4435946462715105,real:OEWS_May2025_industry
27-1013,92,0.020076481835564052,real:OEWS_May2025_industry
27-1014,31-33,0.0291897332662305,real:OEWS_May2025_industry
27-1014,42,0.01560140915953699,real:OEWS_May2025_industry
27-1014,51,0.5395067941620534,real:OEWS_May2025_industry
27-1014,52,0.001509813789632612,real:OEWS_May2025_industry
27-1014,54,0.22949169602415703,real:OEWS_May2025_industry
27-1014,55,0.03069954705586311,real:OEWS_May2025_industry
27-1014,56,0.019627579265223957,real:OEWS_May2025_industry
27-1014,61,0.027176648213387014,real:OEWS_May2025_industry
27-1014,62,0.001509813789632612,real:OEWS_May2025_industry
27-1014,71,0.09813789632611977,real:OEWS_May2025_industry
27-1014,81,0.0020130850528434826,real:OEWS_May2025_industry
27-1014,92,0.0055359838953195776,real:OEWS_May2025_industry
27-1019,31-33,0.005847953216374269,real:OEWS_May2025_industry
27-1019,42,0.005847953216374269,real:OEWS_May2025_industry
27-1019,44-45,0.04532163742690058,real:OEWS_May2025_industry
27-1019,51,0.03654970760233918,real:OEWS_May2025_industry
27-1019,54,0.05701754385964912,real:OEWS_May2025_industry
27-1019,55,0.005847953216374269,real:OEWS_May2025_industry
27-1019,56,0.013157894736842105,real:OEWS_May2025_industry
27-1019,61,0.09941520467836257,real:OEWS_May2025_industry
27-1019,71,0.03654970760233918,real:OEWS_May2025_industry
27-1019,81,0.25292397660818716,real:OEWS_May2025_industry
27-1019,92,0.4415204678362573,real:OEWS_May2025_industry
27-1021,23,0.02748930971288943,real:OEWS_May2025_industry
27-1021,31-33,0.36255345143555284,real:OEWS_May2025_industry
27-1021,42,0.13989004276114844,real:OEWS_May2025_industry
27-1021,44-45,0.049175320708613315,real:OEWS_May2025_industry
27-1021,48-49,0.002443494196701283,real:OEWS_May2025_industry
27-1021,51,0.020158827122785584,real:OEWS_May2025_industry
27-1021,52,0.0012217470983506415,real:OEWS_May2025_industry
27-1021,54,0.24648747709224192,real:OEWS_May2025_industry
27-1021,55,0.11667684789248625,real:OEWS_May2025_industry
27-1021,56,0.02718387293830177,real:OEWS_May2025_industry
27-1021,92,0.006719609040928528,real:OEWS_May2025_industry
27-1022,31-33,0.12077067669172932,real:OEWS_May2025_industry
27-1022,42,0.25892857142857145,real:OEWS_May2025_industry
27-1022,44-45,0.30545112781954886,real:OEWS_May2025_industry
27-1022,51,0.052161654135338346,real:OEWS_May2025_industry
27-1022,54,0.04887218045112782,real:OEWS_May2025_industry
27-1022,55,0.18280075187969924,real:OEWS_May2025_industry
27-1022,56,0.003289473684210526,real:OEWS_May2025_industry
27-1022,61,0.007048872180451127,real:OEWS_May2025_industry
27-1022,71,0.020676691729323307,real:OEWS_May2025_industry
27-1023,31-33,0.004702970297029703,real:OEWS_May2025_industry
27-1023,42,0.041831683168316834,real:OEWS_May2025_industry
27-1023,44-45,0.8992574257425743,real:OEWS_May2025_industry
27-1023,54,0.007920792079207921,real:OEWS_May2025_industry
27-1023,55,0.0022277227722772275,real:OEWS_May2025_industry
27-1023,56,0.017326732673267328,real:OEWS_May2025_industry
27-1023,62,0.0007425742574257426,real:OEWS_May2025_industry
27-1023,71,0.005198019801980198,real:OEWS_May2025_industry
27-1023,72,0.007673267326732673,real:OEWS_May2025_industry
27-1023,81,0.013118811881188118,real:OEWS_May2025_industry
27-1024,22,0.0006571962994792983,real:OEWS_May2025_industry
27-1024,23,0.005661998887821647,real:OEWS_May2025_industry
27-1024,31-33,0.18816035589707295,real:OEWS_May2025_industry
27-1024,42,0.07749860977705879,real:OEWS_May2025_industry
27-1024,44-45,0.04226277741266872,real:OEWS_May2025_industry
27-1024,48-49,0.003690409989383752,real:OEWS_May2025_industry
27-1024,51,0.08942925029068298,real:OEWS_May2025_industry
27-1024,52,0.01931146049239169,real:OEWS_May2025_industry
27-1024,53,0.011425104898640109,real:OEWS_May2025_industry
27-1024,54,0.3537232698043577,real:OEWS_May2025_industry
27-1024,55,0.04342550932713209,real:OEWS_May2025_industry
27-1024,56,0.0407967241292149,real:OEWS_May2025_industry
27-1024,61,0.041605581113189426,real:OEWS_May2025_industry
27-1024,62,0.008846873262221323,real:OEWS_May2025_industry
27-1024,71,0.023305191850765888,real:OEWS_May2025_industry
27-1024,72,0.006571962994792983,real:OEWS_May2025_industry
27-1024,81,0.020474192406855062,real:OEWS_May2025_industry
27-1024,92,0.023153531166270665,real:OEWS_May2025_industry
27-1025,23,0.08836879432624113,real:OEWS_May2025_industry
27-1025,31-33,0.011063829787234043,real:OEWS_May2025_industry
27-1025,42,0.04397163120567376,real:OEWS_May2025_industry
27-1025,44-45,0.16907801418439716,real:OEWS_May2025_industry
27-1025,48-49,0.000851063829787234,real:OEWS_May2025_industry
27-1025,52,0.0005673758865248227,real:OEWS_May2025_industry
27-1025,53,0.013333333333333334,real:OEWS_May2025_industry
27-1025,54,0.6285106382978723,real:OEWS_May2025_industry
27-1025,55,0.02652482269503546,real:OEWS_May2025_industry
27-1025,61,0.0035460992907801418,real:OEWS_May2025_industry
27-1025,62,0.004113475177304964,real:OEWS_May2025_industry
27-1025,71,0.0009929078014184398,real:OEWS_May2025_industry
27-1025,72,0.0018439716312056737,real:OEWS_May2025_industry
27-1025,92,0.00723404255319149,real:OEWS_May2025_industry
27-1026,31-33,0.051807813637466636,real:OEWS_May2025_industry
27-1026,42,0.34439456442611016,real:OEWS_May2025_industry
27-1026,44-45,0.35046105314244114,real:OEWS_May2025_industry
27-1026,48-49,0.011283669012375637,real:OEWS_May2025_industry
27-1026,51,0.0018806115020626062,real:OEWS_May2025_industry
27-1026,54,0.13006551807813638,real:OEWS_May2025_industry
27-1026,55,0.028633826741082263,real:OEWS_May2025_industry
27-1026,56,0.07698374181024023,real:OEWS_May2025_industry
27-1026,71,0.002305265712205775,real:OEWS_May2025_industry
27-1026,72,0.0021839359378791555,real:OEWS_May2025_industry
27-1027,51,0.33365664403491757,real:OEWS_May2025_industry
27-1027,54,0.05140640155189137,real:OEWS_May2025_industry
27-1027,55,0.004849660523763337,real:OEWS_May2025_industry
27-1027,56,0.07856450048496605,real:OEWS_May2025_industry
27-1027,61,0.06207565470417071,real:OEWS_May2025_industry
27-1027,71,0.4209505334626576,real:OEWS_May2025_industry
27-1027,92,0.04849660523763336,real:OEWS_May2025_industry
27-1029,23,0.10426008968609865,real:OEWS_May2025_industry
27-1029,31-33,0.17937219730941703,real:OEWS_May2025_industry
27-1029,42,0.10762331838565023,real:OEWS_May2025_industry
27-1029,44-45,0.08520179372197309,real:OEWS_May2025_industry
27-1029,51,0.06726457399103139,real:OEWS_May2025_industry
27-1029,54,0.2242152466367713,real:OEWS_May2025_industry
27-1029,55,0.0773542600896861,real:OEWS_May2025_industry
27-1029,56,0.06726457399103139,real:OEWS_May2025_industry
27-1029,61,0.021300448430493273,real:OEWS_May2025_industry
27-1029,71,0.05493273542600897,real:OEWS_May2025_industry
27-1029,72,0.004484304932735426,real:OEWS_May2025_industry
27-1029,92,0.006726457399103139,real:OEWS_May2025_industry
27-2011,48-49,0.007292445774121167,real:OEWS_May2025_industry
27-2011,51,0.36705310396409874,real:OEWS_May2025_industry
27-2011,54,0.10340314136125654,real:OEWS_May2025_industry
27-2011,61,0.037584143605086016,real:OEWS_May2025_industry
27-2011,62,0.004674644727000748,real:OEWS_May2025_industry
27-2011,71,0.47887060583395663,real:OEWS_May2025_industry
27-2011,92,0.0011219147344801795,real:OEWS_May2025_industry
27-2012,23,0.00035308240943436196,real:OEWS_May2025_industry
27-2012,31-33,0.0014123296377374478,real:OEWS_May2025_industry
27-2012,42,0.003742673540004237,real:OEWS_May2025_industry
27-2012,44-45,0.0019066450109455548,real:OEWS_May2025_industry
27-2012,48-49,0.0002824659275474896,real:OEWS_May2025_industry
27-2012,51,0.6188122307746629,real:OEWS_May2025_industry
27-2012,52,0.001977261492832427,real:OEWS_May2025_industry
27-2012,53,0.0031071252030223854,real:OEWS_May2025_industry
27-2012,54,0.12703905091448345,real:OEWS_May2025_industry
27-2012,55,0.016594873243415013,real:OEWS_May2025_industry
27-2012,56,0.02739919497210649,real:OEWS_May2025_industry
27-2012,61,0.044488383588729606,real:OEWS_May2025_industry
27-2012,71,0.12562672127674598,real:OEWS_May2025_industry
27-2012,81,0.011369253583786456,real:OEWS_May2025_industry
27-2012,92,0.01588870842454629,real:OEWS_May2025_industry
27-2021,61,0.012056262558606833,real:OEWS_May2025_industry
27-2021,71,0.9879437374413932,real:OEWS_May2025_industry
27-2022,44-45,0.000401977730433734,real:OEWS_May2025_industry
27-2022,56,0.003457008481730112,real:OEWS_May2025_industry
27-2022,61,0.6940949471399285,real:OEWS_May2025_industry
27-2022,62,0.0032962173895566185,real:OEWS_May2025_industry
27-2022,71,0.2597580094062789,real:OEWS_May2025_industry
27-2022,72,0.0018490975599951762,real:OEWS_May2025_industry
27-2022,81,0.023395103911243317,real:OEWS_May2025_industry
27-2022,92,0.013747638380833703,real:OEWS_May2025_industry
27-2023,61,0.0872093023255814,real:OEWS_May2025_industry
27-2023,71,0.41472868217054265,real:OEWS_May2025_industry
27-2023,81,0.11886304909560723,real:OEWS_May2025_industry
27-2023,92,0.3791989664082687,real:OEWS_May2025_industry
27-2031,51,0.013597033374536464,real:OEWS_May2025_industry
27-2031,56,0.00865265760197775,real:OEWS_May2025_industry
27-2031,61,0.07787391841779975,real:OEWS_May2025_industry
27-2031,71,0.6291718170580964,real:OEWS_May2025_industry
27-2031,72,0.27070457354758964,real:OEWS_May2025_industry
27-2032,61,0.4858156028368794,real:OEWS_May2025_industry
27-2032,71,0.48936170212765956,real:OEWS_May2025_industry
27-2032,92,0.024822695035460994,real:OEWS_May2025_industry
27-2041,51,0.0770478507704785,real:OEWS_May2025_industry
27-2041,61,0.1711273317112733,real:OEWS_May2025_industry
27-2041,71,0.43471208434712083,real:OEWS_May2025_industry
27-2041,81,0.3146796431467964,real:OEWS_May2025_industry
27-2041,92,0.0024330900243309003,real:OEWS_May2025_industry
27-2042,44-45,0.004312823461759632,real:OEWS_May2025_industry
27-2042,51,0.010350776308223116,real:OEWS_May2025_industry
27-2042,54,0.001437607820586544,real:OEWS_May2025_industry
27-2042,56,0.0011500862564692352,real:OEWS_May2025_industry
27-2042,61,0.12794709603220242,real:OEWS_May2025_industry
27-2042,62,0.0034502587694077054,real:OEWS_May2025_industry
27-2042,71,0.6279470960322024,real:OEWS_May2025_industry
27-2042,81,0.22340425531914893,real:OEWS_May2025_industry
27-2091,51,0.026170798898071626,real:OEWS_May2025_industry
27-2091,71,0.6377410468319559,real:OEWS_May2025_industry
27-2091,72,0.33608815426997246,real:OEWS_May2025_industry
27-2099,31-33,0.0024968789013732834,real:OEWS_May2025_industry
27-2099,51,0.08302122347066167,real:OEWS_May2025_industry
27-2099,56,0.006242197253433208,real:OEWS_May2025_industry
27-2099,61,0.09425717852684144,real:OEWS_May2025_industry
27-2099,71,0.702247191011236,real:OEWS_May2025_industry
27-2099,72,0.09488139825218476,real:OEWS_May2025_industry
27-2099,81,0.016853932584269662,real:OEWS_May2025_industry
27-3011,51,0.844137273593899,real:OEWS_May2025_industry
27-3011,54,0.010009532888465206,real:OEWS_May2025_industry
27-3011,61,0.06959008579599618,real:OEWS_May2025_industry
27-3011,71,0.07006673021925644,real:OEWS_May2025_industry
27-3011,81,0.0023832221163012394,real:OEWS_May2025_industry
27-3011,92,0.0038131553860819827,real:OEWS_May2025_industry
27-3023,31-33,0.001534134492457172,real:OEWS_May2025_industry
27-3023,51,0.9491178726668371,real:OEWS_May2025_industry
27-3023,54,0.01866530299156226,real:OEWS_May2025_industry
27-3023,56,0.004858092559447712,real:OEWS_May2025_industry
27-3023,61,0.015341344924571721,real:OEWS_May2025_industry
27-3023,71,0.0033239580669905395,real:OEWS_May2025_industry
27-3023,81,0.004858092559447712,real:OEWS_May2025_industry
27-3023,92,0.002301201738685758,real:OEWS_May2025_industry
27-3031,11,0.00021172236141007091,real:OEWS_May2025_industry
27-3031,21,0.0008468894456402837,real:OEWS_May2025_industry
27-3031,22,0.006633967324182222,real:OEWS_May2025_industry
27-3031,23,0.0070574120470023646,real:OEWS_May2025_industry
27-3031,31-33,0.019901901972546668,real:OEWS_May2025_industry
27-3031,42,0.019690179611136595,real:OEWS_May2025_industry
27-3031,44-45,0.024277497441688133,real:OEWS_May2025_industry
27-3031,48-49,0.004128586047496383,real:OEWS_May2025_industry
27-3031,51,0.0465789195102156,real:OEWS_May2025_industry
27-3031,52,0.04809626310032111,real:OEWS_May2025_industry
27-3031,53,0.013020925226719361,real:OEWS_May2025_industry
27-3031,54,0.2188150605173083,real:OEWS_May2025_industry
27-3031,55,0.04735523483538586,real:OEWS_May2025_industry
27-3031,56,0.029147111754119763,real:OEWS_May2025_industry
27-3031,61,0.13380853241116483,real:OEWS_May2025_industry
27-3031,62,0.07847842196266629,real:OEWS_May2025_industry
27-3031,71,0.035992801439712056,real:OEWS_May2025_industry
27-3031,72,0.010339108648858463,real:OEWS_May2025_industry
27-3031,81,0.1447828081442535,real:OEWS_May2025_industry
27-3031,92,0.11083665619817214,real:OEWS_May2025_industry
27-3041,31-33,0.005237315875613748,real:OEWS_May2025_industry
27-3041,42,0.010583742498636115,real:OEWS_May2025_industry
27-3041,44-45,0.004037097654118931,real:OEWS_May2025_industry
27-3041,48-49,0.0005455537370430987,real:OEWS_May2025_industry
27-3041,51,0.5850518276050191,real:OEWS_May2025_industry
27-3041,52,0.0165848336061102,real:OEWS_May2025_industry
27-3041,54,0.19923622476813965,real:OEWS_May2025_industry
27-3041,55,0.01276595744680851,real:OEWS_May2025_industry
27-3041,56,0.03567921440261866,real:OEWS_May2025_industry
27-3041,61,0.05477359519912711,real:OEWS_May2025_industry
27-3041,62,0.005237315875613748,real:OEWS_May2025_industry
27-3041,71,0.014075286415711947,real:OEWS_May2025_industry
27-3041,81,0.049099836333878884,real:OEWS_May2025_industry
27-3041,92,0.0070921985815602835,real:OEWS_May2025_industry
27-3042,22,0.00552242102937928,real:OEWS_May2025_industry
27-3042,31-33,0.13077092997570136,real:OEWS_May2025_industry
27-3042,42,0.043074884029158385,real:OEWS_May2025_industry
27-3042,44-45,0.0035343494588027393,real:OEWS_May2025_industry
27-3042,48-49,0.011707532582284073,real:OEWS_May2025_industry
27-3042,51,0.13055003313452618,real:OEWS_May2025_industry
27-3042,52,0.03887784404683013,real:OEWS_May2025_industry
27-3042,53,0.0008835873647006848,real:OEWS_May2025_industry
27-3042,54,0.40468301303291365,real:OEWS_May2025_industry
27-3042,55,0.03445990722332671,real:OEWS_May2025_industry
27-3042,56,0.09056770488182019,real:OEWS_May2025_industry
27-3042,61,0.029379279876297768,real:OEWS_May2025_industry
27-3042,62,0.018997128341064724,real:OEWS_May2025_industry
27-3042,71,0.006406008394079964,real:OEWS_May2025_industry
27-3042,81,0.014137397835210957,real:OEWS_May2025_industry
27-3042,92,0.03644797879390325,real:OEWS_May2025_industry
27-3043,22,0.0008587376556462001,real:OEWS_May2025_industry
27-3043,31-33,0.00794332331472735,real:OEWS_May2025_industry
27-3043,42,0.026835551738943753,real:OEWS_May2025_industry
27-3043,44-45,0.01953628166595105,real:OEWS_May2025_industry
27-3043,48-49,0.0032202662086732504,real:OEWS_May2025_industry
27-3043,51,0.2518248175182482,real:OEWS_May2025_industry
27-3043,52,0.025547445255474453,real:OEWS_May2025_industry
27-3043,53,0.0017174753112924003,real:OEWS_May2025_industry
27-3043,54,0.2840274796049807,real:OEWS_May2025_industry
27-3043,55,0.0347788750536711,real:OEWS_May2025_industry
27-3043,56,0.04701588664662946,real:OEWS_May2025_industry
27-3043,61,0.07170459424645771,real:OEWS_May2025_industry
27-3043,71,0.16058394160583941,real:OEWS_May2025_industry
27-3043,81,0.03198797767282095,real:OEWS_May2025_industry
27-3043,92,0.032417346500644054,real:OEWS_May2025_industry
27-3091,31-33,0.012795657231485071,real:OEWS_May2025_industry
27-3091,48-49,0.007561070182241178,real:OEWS_May2025_industry
27-3091,51,0.018611865063978286,real:OEWS_May2025_industry
27-3091,52,0.004846839860411012,real:OEWS_May2025_industry
27-3091,54,0.4191547111283443,real:OEWS_May2025_industry
27-3091,55,0.005622334238076774,real:OEWS_May2025_industry
27-3091,56,0.042070569988367584,real:OEWS_May2025_industry
27-3091,61,0.21384257464133385,real:OEWS_May2025_industry
27-3091,62,0.18980224893369524,real:OEWS_May2025_industry
27-3091,71,0.005622334238076774,real:OEWS_May2025_industry
27-3091,81,0.006979449398991857,real:OEWS_May2025_industry
27-3091,92,0.07309034509499807,real:OEWS_May2025_industry
27-3092,51,0.02021772939346812,real:OEWS_May2025_industry
27-3092,54,0.006220839813374806,real:OEWS_May2025_industry
27-3092,56,0.30171073094867806,real:OEWS_May2025_industry
27-3092,61,0.008553654743390357,real:OEWS_May2025_industry
27-3092,92,0.6632970451010887,real:OEWS_May2025_industry
27-3099,31-33,0.006838506049447659,real:OEWS_May2025_industry
27-3099,42,0.003156233561283535,real:OEWS_May2025_industry
27-3099,44-45,0.0052603892688058915,real:OEWS_May2025_industry
27-3099,51,0.5791688584955287,real:OEWS_May2025_industry
27-3099,52,0.004208311415044713,real:OEWS_May2025_industry
27-3099,54,0.06207259337190952,real:OEWS_May2025_industry
27-3099,55,0.022619673855865333,real:OEWS_May2025_industry
27-3099,56,0.027880063124671225,real:OEWS_May2025_industry
27-3099,61,0.12309310889005787,real:OEWS_May2025_industry
27-3099,62,0.015781167806417674,real:OEWS_May2025_industry
27-3099,71,0.06207259337190952,real:OEWS_May2025_industry
27-3099,72,0.005786428195686481,real:OEWS_May2025_industry
27-3099,81,0.03051025775907417,real:OEWS_May2025_industry
27-3099,92,0.051551814834297736,real:OEWS_May2025_industry
27-4011,23,0.017391304347826087,real:OEWS_May2025_industry
27-4011,31-33,0.0135424091233072,real:OEWS_May2025_industry
27-4011,42,0.008980755523877405,real:OEWS_May2025_industry
27-4011,44-45,0.005702066999287242,real:OEWS_May2025_industry
27-4011,51,0.18987883107626516,real:OEWS_May2025_industry
27-4011,52,0.003563791874554526,real:OEWS_May2025_industry
27-4011,53,0.17533856022808267,real:OEWS_May2025_industry
27-4011,54,0.0766928011404134,real:OEWS_May2025_industry
27-4011,55,0.008410548823948682,real:OEWS_May2025_industry
27-4011,56,0.09379900213827512,real:OEWS_May2025_industry
27-4011,61,0.11418389166072701,real:OEWS_May2025_industry
27-4011,62,0.007697790449037776,real:OEWS_May2025_industry
27-4011,71,0.18560228082679972,real:OEWS_May2025_industry
27-4011,72,0.033071988595866,real:OEWS_May2025_industry
27-4011,81,0.027655024946543122,real:OEWS_May2025_industry
27-4011,92,0.03848895224518888,real:OEWS_May2025_industry
27-4012,42,0.0023741690408357074,real:OEWS_May2025_industry
27-4012,51,0.8143399810066477,real:OEWS_May2025_industry
27-4012,54,0.0194681861348528,real:OEWS_May2025_industry
27-4012,55,0.002849002849002849,real:OEWS_May2025_industry
27-4012,56,0.007597340930674264,real:OEWS_May2025_industry
27-4012,61,0.056505223171889836,real:OEWS_May2025_industry
27-4012,62,0.0023741690408357074,real:OEWS_May2025_industry
27-4012,71,0.05887939221272555,real:OEWS_May2025_industry
27-4012,81,0.004748338081671415,real:OEWS_May2025_industry
27-4012,92,0.030864197530864196,real:OEWS_May2025_industry
27-4014,31-33,0.00676328502415459,real:OEWS_May2025_industry
27-4014,42,0.008695652173913044,real:OEWS_May2025_industry
27-4014,51,0.663768115942029,real:OEWS_May2025_industry
27-4014,53,0.043478260869565216,real:OEWS_May2025_industry
27-4014,54,0.09855072463768116,real:OEWS_May2025_industry
27-4014,55,0.00966183574879227,real:OEWS_May2025_industry
27-4014,56,0.057971014492753624,real:OEWS_May2025_industry
27-4014,61,0.05410628019323672,real:OEWS_May2025_industry
27-4014,72,0.05314009661835749,real:OEWS_May2025_industry
27-4014,92,0.003864734299516908,real:OEWS_May2025_industry
27-4015,23,0.0731981981981982,real:OEWS_May2025_industry
27-4015,31-33,0.028153153153153154,real:OEWS_May2025_industry
27-4015,42,0.012387387387387387,real:OEWS_May2025_industry
27-4015,44-45,0.006756756756756757,real:OEWS_May2025_industry
27-4015,51,0.24774774774774774,real:OEWS_May2025_industry
27-4015,53,0.0990990990990991,real:OEWS_May2025_industry
27-4015,54,0.11036036036036036,real:OEWS_May2025_industry
27-4015,56,0.0731981981981982,real:OEWS_May2025_industry
27-4015,61,0.02927927927927928,real:OEWS_May2025_industry
27-4015,71,0.25563063063063063,real:OEWS_May2025_industry
27-4015,72,0.05405405405405406,real:OEWS_May2025_industry
27-4015,92,0.010135135135135136,real:OEWS_May2025_industry
27-4021,23,0.0007736943907156673,real:OEWS_May2025_industry
27-4021,31-33,0.01218568665377176,real:OEWS_May2025_industry
27-4021,42,0.029400386847195356,real:OEWS_May2025_industry
27-4021,44-45,0.06808510638297872,real:OEWS_May2025_industry
27-4021,48-49,0.00425531914893617,real:OEWS_May2025_industry
27-4021,51,0.12359767891682785,real:OEWS_May2025_industry
27-4021,53,0.011411992263056094,real:OEWS_May2025_industry
27-4021,54,0.5967117988394585,real:OEWS_May2025_industry
27-4021,55,0.01160541586073501,real:OEWS_May2025_industry
27-4021,56,0.01218568665377176,real:OEWS_May2025_industry
27-4021,61,0.02147001934235977,real:OEWS_May2025_industry
27-4021,62,0.005415860735009671,real:OEWS_May2025_industry
27-4021,71,0.07504835589941973,real:OEWS_May2025_industry
27-4021,72,0.0032882011605415862,real:OEWS_May2025_industry
27-4021,81,0.017408123791102514,real:OEWS_May2025_industry
27-4021,92,0.007156673114119922,real:OEWS_May2025_industry
27-4031,23,0.002785515320334262,real:OEWS_May2025_industry
27-4031,31-33,0.011142061281337047,real:OEWS_May2025_industry
27-4031,42,0.012534818941504178,real:OEWS_May2025_industry
27-4031,44-45,0.010677808727948004,real:OEWS_May2025_industry
27-4031,48-49,0.0032497678737233053,real:OEWS_May2025_industry
27-4031,51,0.5701021355617456,real:OEWS_May2025_industry
27-4031,52,0.004642525533890436,real:OEWS_May2025_industry
27-4031,53,0.008820798514391829,real:OEWS_May2025_industry
27-4031,54,0.12859795728876508,real:OEWS_May2025_industry
27-4031,55,0.011142061281337047,real:OEWS_May2025_industry
27-4031,56,0.0807799442896936,real:OEWS_May2025_industry
27-4031,61,0.039925719591457756,real:OEWS_May2025_industry
27-4031,62,0.004178272980501393,real:OEWS_May2025_industry
27-4031,71,0.06081708449396472,real:OEWS_May2025_industry
27-4031,72,0.0018570102135561746,real:OEWS_May2025_industry
27-4031,81,0.012999071494893221,real:OEWS_May2025_industry
27-4031,92,0.03574744661095636,real:OEWS_May2025_industry
27-4032,31-33,0.006669282071400549,real:OEWS_May2025_industry
27-4032,42,0.017653981953707338,real:OEWS_May2025_industry
27-4032,44-45,0.009415457041977247,real:OEWS_May2025_industry
27-4032,51,0.6932130247155748,real:OEWS_May2025_industry
27-4032,52,0.003530796390741467,real:OEWS_May2025_industry
27-4032,54,0.12632404864652805,real:OEWS_May2025_industry
27-4032,55,0.016869360533542564,real:OEWS_May2025_industry
27-4032,56,0.03216947822675559,real:OEWS_May2025_industry
27-4032,61,0.03295409964692036,real:OEWS_May2025_industry
27-4032,62,0.0051000392310710085,real:OEWS_May2025_industry
27-4032,71,0.03923107100823853,real:OEWS_May2025_industry
27-4032,81,0.012553942722636328,real:OEWS_May2025_industry
27-4032,92,0.004315417810906237,real:OEWS_May2025_industry
27-4099,48-49,0.0052173913043478265,real:OEWS_May2025_industry
27-4099,51,0.29043478260869565,real:OEWS_May2025_industry
27-4099,53,0.02608695652173913,real:OEWS_May2025_industry
27-4099,54,0.05565217391304348,real:OEWS_May2025_industry
27-4099,55,0.0052173913043478265,real:OEWS_May2025_industry
27-4099,61,0.0808695652173913,real:OEWS_May2025_industry
27-4099,71,0.14608695652173914,real:OEWS_May2025_industry
27-4099,72,0.025217391304347827,real:OEWS_May2025_industry
27-4099,92,0.3652173913043478,real:OEWS_May2025_industry
29-1011,55,0.005077430820005078,real:OEWS_May2025_industry
29-1011,56,0.00456968773800457,real:OEWS_May2025_industry
29-1011,61,0.0010154861640010156,real:OEWS_May2025_industry
29-1011,62,0.9893373952779894,real:OEWS_May2025_industry
29-1021,31-33,0.0007239964604617489,real:OEWS_May2025_industry
29-1021,52,0.0011262167162738315,real:OEWS_May2025_industry
29-1021,55,0.0011262167162738315,real:OEWS_May2025_industry
29-1021,56,0.004907087120907409,real:OEWS_May2025_industry
29-1021,61,0.0043439787627704935,real:OEWS_May2025_industry
29-1021,62,0.976832113265224,real:OEWS_May2025_industry
29-1021,81,0.00024133215348724963,real:OEWS_May2025_industry
29-1021,92,0.0106990588046014,real:OEWS_May2025_industry
29-1022,61,0.0102880658436214,real:OEWS_May2025_industry
29-1022,62,0.9897119341563786,real:OEWS_May2025_industry
29-1023,62,1.0,real:OEWS_May2025_industry
29-1024,31-33,0.047058823529411764,real:OEWS_May2025_industry
29-1024,62,0.9529411764705882,real:OEWS_May2025_industry
29-1029,61,0.011583011583011582,real:OEWS_May2025_industry
29-1029,62,0.5328185328185329,real:OEWS_May2025_industry
29-1029,92,0.4555984555984556,real:OEWS_May2025_industry
29-1031,31-33,0.0015475883415011606,real:OEWS_May2025_industry
29-1031,42,0.0011606912561258704,real:OEWS_May2025_industry
29-1031,44-45,0.006964147536755223,real:OEWS_May2025_industry
29-1031,52,0.001934485426876451,real:OEWS_May2025_industry
29-1031,53,0.0009027598658756771,real:OEWS_May2025_industry
29-1031,54,0.012767603817384576,real:OEWS_May2025_industry
29-1031,55,0.010317255610007738,real:OEWS_May2025_industry
29-1031,56,0.013541397988135155,real:OEWS_May2025_industry
29-1031,61,0.029662109878772245,real:OEWS_May2025_industry
29-1031,62,0.6845499097240134,real:OEWS_May2025_industry
29-1031,71,0.007222078927005417,real:OEWS_May2025_industry
29-1031,72,0.10085117358782564,real:OEWS_May2025_industry
29-1031,81,0.016249677585762186,real:OEWS_May2025_industry
29-1031,92,0.11232912045395925,real:OEWS_May2025_industry
29-1041,44-45,0.14148061104582843,real:OEWS_May2025_industry
29-1041,55,0.001410105757931845,real:OEWS_May2025_industry
29-1041,61,0.0025851938895417154,real:OEWS_May2025_industry
29-1041,62,0.8415981198589895,real:OEWS_May2025_industry
29-1041,92,0.012925969447708578,real:OEWS_May2025_industry
29-1051,31-33,0.004412952949219964,real:OEWS_May2025_industry
29-1051,42,0.02023121387283237,real:OEWS_May2025_industry
29-1051,44-45,0.5065572751569395,real:OEWS_May2025_industry
29-1051,48-49,0.0014606252719249176,real:OEWS_May2025_industry
29-1051,52,0.02234445894710672,real:OEWS_May2025_industry
29-1051,53,0.00012430853378084405,real:OEWS_May2025_industry
29-1051,54,0.005873578221144882,real:OEWS_May2025_industry
29-1051,55,0.014637329852694388,real:OEWS_May2025_industry
29-1051,56,0.010566225371371744,real:OEWS_May2025_industry
29-1051,61,0.006028963888370937,real:OEWS_May2025_industry
29-1051,62,0.37808440549443717,real:OEWS_May2025_industry
29-1051,92,0.029678662440176518,real:OEWS_May2025_industry
29-1071,52,0.0003085086690936015,real:OEWS_May2025_industry
29-1071,54,0.0031467884247547355,real:OEWS_May2025_industry
29-1071,55,0.0021595606836552106,real:OEWS_May2025_industry
29-1071,56,0.014253100512124391,real:OEWS_May2025_industry
29-1071,61,0.022644536311470353,real:OEWS_May2025_industry
29-1071,62,0.9261430246189918,real:OEWS_May2025_industry
29-1071,81,0.0017893502807428889,real:OEWS_May2025_industry
29-1071,92,0.029555130499167026,real:OEWS_May2025_industry
29-1081,55,0.004145077720207254,real:OEWS_May2025_industry
29-1081,61,0.0062176165803108805,real:OEWS_May2025_industry
29-1081,62,0.894300518134715,real:OEWS_May2025_industry
29-1081,92,0.09533678756476684,real:OEWS_May2025_industry
29-1122,52,0.0002463357556349304,real:OEWS_May2025_industry
29-1122,54,0.001231678778174652,real:OEWS_May2025_industry
29-1122,55,0.0035102845177977585,real:OEWS_May2025_industry
29-1122,56,0.01656607956644907,real:OEWS_May2025_industry
29-1122,61,0.13954920556718808,real:OEWS_May2025_industry
29-1122,62,0.8175267890134253,real:OEWS_May2025_industry
29-1122,81,0.0004310875723611282,real:OEWS_May2025_industry
29-1122,92,0.020938539228969086,real:OEWS_May2025_industry
29-1123,51,0.0001122334455667789,real:OEWS_May2025_industry
29-1123,52,0.0002244668911335578,real:OEWS_May2025_industry
29-1123,54,0.0011971567527123083,real:OEWS_May2025_industry
29-1123,55,0.0025065469509913956,real:OEWS_May2025_industry
29-1123,56,0.016947250280583612,real:OEWS_May2025_industry
29-1123,61,0.031313131313131314,real:OEWS_May2025_industry
29-1123,62,0.9312008978675645,real:OEWS_May2025_industry
29-1123,71,0.001945379723157501,real:OEWS_May2025_industry
29-1123,81,0.0002244668911335578,real:OEWS_May2025_industry
29-1123,92,0.01432846988402544,real:OEWS_May2025_industry
29-1124,56,0.020685579196217493,real:OEWS_May2025_industry
29-1124,61,0.013002364066193853,real:OEWS_May2025_industry
29-1124,62,0.9663120567375887,real:OEWS_May2025_industry
29-1125,56,0.012768817204301076,real:OEWS_May2025_industry
29-1125,61,0.02486559139784946,real:OEWS_May2025_industry
29-1125,62,0.7452956989247311,real:OEWS_May2025_industry
29-1125,81,0.006720430107526882,real:OEWS_May2025_industry
29-1125,92,0.2103494623655914,real:OEWS_May2025_industry
29-1126,42,0.013808399513486442,real:OEWS_May2025_industry
29-1126,44-45,0.0103026400515132,real:OEWS_May2025_industry
29-1126,53,0.012234385061171926,real:OEWS_May2025_industry
29-1126,54,0.00035773055734420833,real:OEWS_May2025_industry
29-1126,55,0.0014309222293768333,real:OEWS_May2025_industry
29-1126,56,0.02532732345996995,real:OEWS_May2025_industry
29-1126,61,0.005723688917507333,real:OEWS_May2025_industry
29-1126,62,0.9264505974100308,real:OEWS_May2025_industry
29-1126,92,0.004364312799599342,real:OEWS_May2025_industry
29-1127,55,0.002895541958041958,real:OEWS_May2025_industry
29-1127,56,0.021689248251748252,real:OEWS_May2025_industry
29-1127,61,0.41679414335664333,real:OEWS_May2025_industry
29-1127,62,0.5346918706293706,real:OEWS_May2025_industry
29-1127,92,0.023929195804195804,real:OEWS_May2025_industry
29-1128,61,0.02544529262086514,real:OEWS_May2025_industry
29-1128,62,0.9274809160305344,real:OEWS_May2025_industry
29-1128,71,0.013994910941475827,real:OEWS_May2025_industry
29-1128,92,0.03307888040712468,real:OEWS_May2025_industry
29-1129,52,0.006690454950936664,real:OEWS_May2025_industry
29-1129,55,0.0044603033006244425,real:OEWS_May2025_industry
29-1129,56,0.013380909901873328,real:OEWS_May2025_industry
29-1129,61,0.08429973238180197,real:OEWS_May2025_industry
29-1129,62,0.8572702943800179,real:OEWS_May2025_industry
29-1129,81,0.0053523639607493305,real:OEWS_May2025_industry
29-1129,92,0.028545941123996433,real:OEWS_May2025_industry
29-1131,11,0.0018105009052504525,real:OEWS_May2025_industry
29-1131,31-33,0.0016898008449004224,real:OEWS_May2025_industry
29-1131,42,0.0059143029571514785,real:OEWS_May2025_industry
29-1131,44-45,0.007724803862401931,real:OEWS_May2025_industry
29-1131,54,0.9136994568497284,real:OEWS_May2025_industry
29-1131,55,0.0008449004224502112,real:OEWS_May2025_industry
29-1131,61,0.013156306578153289,real:OEWS_May2025_industry
29-1131,62,0.0006035003017501509,real:OEWS_May2025_industry
29-1131,71,0.004103802051901026,real:OEWS_May2025_industry
29-1131,81,0.02739891369945685,real:OEWS_May2025_industry
29-1131,92,0.023053711526855765,real:OEWS_May2025_industry
29-1141,22,0.000020714349125558546,real:OEWS_May2025_industry
29-1141,31-33,0.00059183854644453,real:OEWS_May2025_industry
29-1141,42,0.00046163406622673334,real:OEWS_May2025_industry
29-1141,44-45,0.0012813304530524072,real:OEWS_May2025_industry
29-1141,48-49,0.00009173497469890214,real:OEWS_May2025_industry
29-1141,51,0.00017459237120113634,real:OEWS_May2025_industry
29-1141,52,0.01612760039061344,real:OEWS_May2025_industry
29-1141,54,0.003988991803036131,real:OEWS_May2025_industry
29-1141,55,0.006776551356789868,real:OEWS_May2025_industry
29-1141,56,0.03319030568460924,real:OEWS_May2025_industry
29-1141,61,0.028183351581688516,real:OEWS_May2025_industry
29-1141,62,0.8568697659278549,real:OEWS_May2025_industry
29-1141,71,0.00009765336016334744,real:OEWS_May2025_industry
29-1141,72,0.00005030627644778504,real:OEWS_May2025_industry
29-1141,81,0.0018938833486224957,real:OEWS_May2025_industry
29-1141,92,0.05019974550942503,real:OEWS_May2025_industry
29-1151,56,0.005646417445482866,real:OEWS_May2025_industry
29-1151,61,0.01732866043613707,real:OEWS_May2025_industry
29-1151,62,0.9770249221183801,real:OEWS_May2025_industry
29-1161,61,0.0140485312899106,real:OEWS_May2025_industry
29-1161,62,0.9859514687100894,real:OEWS_May2025_industry
29-1171,31-33,0.00027869816988201776,real:OEWS_May2025_industry
29-1171,42,0.00034063109652246617,real:OEWS_May2025_industry
29-1171,44-45,0.0012696249961291922,real:OEWS_May2025_industry
29-1171,52,0.006255225590685288,real:OEWS_May2025_industry
29-1171,54,0.005264298764438113,real:OEWS_May2025_industry
29-1171,55,0.0056049298609605796,real:OEWS_May2025_industry
29-1171,56,0.018765676772055862,real:OEWS_May2025_industry
29-1171,61,0.02443253955965689,real:OEWS_May2025_industry
29-1171,62,0.9172576100083609,real:OEWS_May2025_industry
29-1171,81,0.006007493884123494,real:OEWS_May2025_industry
29-1171,92,0.014523271297185149,real:OEWS_May2025_industry
29-1181,44-45,0.10140636565507032,real:OEWS_May2025_industry
29-1181,56,0.01628423390081421,real:OEWS_May2025_industry
29-1181,61,0.09548482605477424,real:OEWS_May2025_industry
29-1181,62,0.7786824574389342,real:OEWS_May2025_industry
29-1181,92,0.008142116950407105,real:OEWS_May2025_industry
29-1211,61,0.03373994290163509,real:OEWS_May2025_industry
29-1211,62,0.9662600570983649,real:OEWS_May2025_industry
29-1212,55,0.01633605600933489,real:OEWS_May2025_industry
29-1212,61,0.051341890315052506,real:OEWS_May2025_industry
29-1212,62,0.9323220536756126,real:OEWS_May2025_industry
29-1213,61,0.020353982300884955,real:OEWS_May2025_industry
29-1213,62,0.9796460176991151,real:OEWS_May2025_industry
29-1214,55,0.009879592466810744,real:OEWS_May2025_industry
29-1214,61,0.03828342080889163,real:OEWS_May2025_industry
29-1214,62,0.9518369867242976,real:OEWS_May2025_industry
29-1215,55,0.010821905028454147,real:OEWS_May2025_industry
29-1215,56,0.0015859688403769008,real:OEWS_May2025_industry
29-1215,61,0.01651273439686538,real:OEWS_May2025_industry
29-1215,62,0.9510215505177722,real:OEWS_May2025_industry
29-1215,92,0.020057841216531393,real:OEWS_May2025_industry
29-1216,54,0.0016405667412378823,real:OEWS_May2025_industry
29-1216,55,0.0023862788963460104,real:OEWS_May2025_industry
29-1216,56,0.0011931394481730052,real:OEWS_May2025_industry
29-1216,61,0.10007457121551082,real:OEWS_May2025_industry
29-1216,62,0.8897837434750187,real:OEWS_May2025_industry
29-1216,92,0.004921700223713647,real:OEWS_May2025_industry
29-1217,42,0.003798670465337132,real:OEWS_May2025_industry
29-1217,61,0.06172839506172839,real:OEWS_May2025_industry
29-1217,62,0.9344729344729344,real:OEWS_May2025_industry
29-1218,55,0.002364066193853428,real:OEWS_May2025_industry
29-1218,61,0.0524822695035461,real:OEWS_May2025_industry
29-1218,62,0.9451536643026005,real:OEWS_May2025_industry
29-1221,54,0.001015744032503809,real:OEWS_May2025_industry
29-1221,55,0.0007618080243778568,real:OEWS_May2025_industry
29-1221,61,0.0452006094464195,real:OEWS_May2025_industry
29-1221,62,0.9512442864398172,real:OEWS_May2025_industry
29-1221,92,0.0017775520568816658,real:OEWS_May2025_industry
29-1222,42,0.0036496350364963502,real:OEWS_May2025_industry
29-1222,54,0.02737226277372263,real:OEWS_May2025_industry
29-1222,61,0.05291970802919708,real:OEWS_May2025_industry
29-1222,62,0.8540145985401459,real:OEWS_May2025_industry
29-1222,81,0.002737226277372263,real:OEWS_May2025_industry
29-1222,92,0.05930656934306569,real:OEWS_May2025_industry
29-1223,54,0.008589835361488905,real:OEWS_May2025_industry
29-1223,55,0.0032211882605583395,real:OEWS_May2025_industry
29-1223,56,0.0025053686471009306,real:OEWS_May2025_industry
29-1223,61,0.05547602004294918,real:OEWS_May2025_industry
29-1223,62,0.8342877594846099,real:OEWS_May2025_industry
29-1223,92,0.09591982820329277,real:OEWS_May2025_industry
29-1224,54,0.0033987915407854984,real:OEWS_May2025_industry
29-1224,61,0.04607250755287009,real:OEWS_May2025_industry
29-1224,62,0.9505287009063444,real:OEWS_May2025_industry
29-1229,31-33,0.0005546311702717693,real:OEWS_May2025_industry
29-1229,42,0.0006713956271710891,real:OEWS_May2025_industry
29-1229,52,0.0016055112823656478,real:OEWS_May2025_industry
29-1229,54,0.004904107189771433,real:OEWS_May2025_industry
29-1229,55,0.004728960504422453,real:OEWS_May2025_industry
29-1229,56,0.006159325101439122,real:OEWS_May2025_industry
29-1229,61,0.04796100067139563,real:OEWS_May2025_industry
29-1229,62,0.8208833231164434,real:OEWS_May2025_industry
29-1229,71,0.0002335289137986397,real:OEWS_May2025_industry
29-1229,81,0.0010800712263187085,real:OEWS_May2025_industry
29-1229,92,0.11121814519660216,real:OEWS_May2025_industry
29-1241,44-45,0.012471655328798186,real:OEWS_May2025_industry
29-1241,61,0.02947845804988662,real:OEWS_May2025_industry
29-1241,62,0.9580498866213152,real:OEWS_May2025_industry
29-1242,61,0.047619047619047616,real:OEWS_May2025_industry
29-1242,62,0.9523809523809523,real:OEWS_May2025_industry
29-1243,61,0.08403361344537816,real:OEWS_May2025_industry
29-1243,62,0.9159663865546218,real:OEWS_May2025_industry
29-1249,54,0.002390438247011952,real:OEWS_May2025_industry
29-1249,61,0.07171314741035857,real:OEWS_May2025_industry
29-1249,62,0.9243027888446215,real:OEWS_May2025_industry
29-1249,92,0.0015936254980079682,real:OEWS_May2025_industry
29-1291,56,0.006702412868632708,real:OEWS_May2025_industry
29-1291,61,0.040214477211796246,real:OEWS_May2025_industry
29-1291,62,0.953083109919571,real:OEWS_May2025_industry
29-1292,31-33,0.00017979144192736425,real:OEWS_May2025_industry
29-1292,52,0.00017979144192736425,real:OEWS_May2025_industry
29-1292,54,0.00017979144192736425,real:OEWS_May2025_industry
29-1292,55,0.0005393743257820927,real:OEWS_May2025_industry
29-1292,56,0.009259259259259259,real:OEWS_May2025_industry
29-1292,61,0.003011506652283351,real:OEWS_May2025_industry
29-1292,62,0.9774811218985976,real:OEWS_May2025_industry
29-1292,92,0.009169363538295576,real:OEWS_May2025_industry
29-1299,44-45,0.004228329809725159,real:OEWS_May2025_industry
29-1299,52,0.003171247357293869,real:OEWS_May2025_industry
29-1299,55,0.0024665257223396757,real:OEWS_May2025_industry
29-1299,56,0.004228329809725159,real:OEWS_May2025_industry
29-1299,61,0.03136011275546159,real:OEWS_May2025_industry
29-1299,62,0.26990838618745594,real:OEWS_May2025_industry
29-1299,81,0.0017618040873854828,real:OEWS_May2025_industry
29-1299,92,0.6828752642706131,real:OEWS_May2025_industry
29-2010,31-33,0.0027960674664020925,real:OEWS_May2025_industry
29-2010,42,0.0009320224888006975,real:OEWS_May2025_industry
29-2010,52,0.00009019572472264814,real:OEWS_May2025_industry
29-2010,54,0.03758155196777006,real:OEWS_May2025_industry
29-2010,55,0.006764679354198611,real:OEWS_May2025_industry
29-2010,56,0.03469528877664532,real:OEWS_May2025_industry
29-2010,61,0.03547698505757494,real:OEWS_May2025_industry
29-2010,62,0.8489522263311385,real:OEWS_May2025_industry
29-2010,81,0.00039084814046480863,real:OEWS_May2025_industry
29-2010,92,0.03232013469228225,real:OEWS_May2025_industry
29-2031,42,0.0027147876077930374,real:OEWS_May2025_industry
29-2031,55,0.002235707441711913,real:OEWS_May2025_industry
29-2031,56,0.013573938038965188,real:OEWS_May2025_industry
29-2031,61,0.00910252315554136,real:OEWS_May2025_industry
29-2031,62,0.9712551900351325,real:OEWS_May2025_industry
29-2031,92,0.0011178537208559566,real:OEWS_May2025_industry
29-2032,55,0.0020013342228152103,real:OEWS_May2025_industry
29-2032,56,0.019235045585946187,real:OEWS_May2025_industry
29-2032,61,0.009339559706470981,real:OEWS_May2025_industry
29-2032,62,0.9680898376695575,real:OEWS_May2025_industry
29-2032,92,0.00133422281521014,real:OEWS_May2025_industry
29-2033,54,0.004169148302561048,real:OEWS_May2025_industry
29-2033,56,0.004764740917212627,real:OEWS_May2025_industry
29-2033,61,0.006551518761167362,real:OEWS_May2025_industry
29-2033,62,0.9791542584871947,real:OEWS_May2025_industry
29-2033,92,0.005360333531864205,real:OEWS_May2025_industry
29-2034,31-33,0.00021707041764348355,real:OEWS_May2025_industry
29-2034,54,0.004601892854041851,real:OEWS_May2025_industry
29-2034,55,0.0029521576799513764,real:OEWS_May2025_industry
29-2034,56,0.03377615698532604,real:OEWS_May2025_industry
29-2034,61,0.007988191369280195,real:OEWS_May2025_industry
29-2034,62,0.9196405313883824,real:OEWS_May2025_industry
29-2034,92,0.030823999305374664,real:OEWS_May2025_industry
29-2035,55,0.0023228803716608595,real:OEWS_May2025_industry
29-2035,56,0.030894308943089432,real:OEWS_May2025_industry
29-2035,61,0.013008130081300813,real:OEWS_May2025_industry
29-2035,62,0.9537746806039489,real:OEWS_May2025_industry
29-2036,56,0.012345679012345678,real:OEWS_May2025_industry
29-2036,61,0.037037037037037035,real:OEWS_May2025_industry
29-2036,62,0.9506172839506173,real:OEWS_May2025_industry
29-2042,21,0.0003418024381907258,real:OEWS_May2025_industry
29-2042,31-33,0.000911473168508602,real:OEWS_May2025_industry
29-2042,48-49,0.0023926170673350803,real:OEWS_May2025_industry
29-2042,55,0.0002278682921271505,real:OEWS_May2025_industry
29-2042,61,0.005468839011051612,real:OEWS_May2025_industry
29-2042,62,0.7328813945539479,real:OEWS_May2025_industry
29-2042,71,0.012133986555770764,real:OEWS_May2025_industry
29-2042,72,0.0014241768257946907,real:OEWS_May2025_industry
29-2042,81,0.0015950780448900535,real:OEWS_May2025_industry
29-2042,92,0.2426227640423835,real:OEWS_May2025_industry
29-2043,31-33,0.0004978096375945838,real:OEWS_May2025_industry
29-2043,54,0.002190362405416169,real:OEWS_May2025_industry
29-2043,55,0.0013938669852648347,real:OEWS_May2025_industry
29-2043,56,0.01045400238948626,real:OEWS_May2025_industry
29-2043,61,0.0013938669852648347,real:OEWS_May2025_industry
29-2043,62,0.5952807646356033,real:OEWS_May2025_industry
29-2043,71,0.006869772998805257,real:OEWS_May2025_industry
29-2043,81,0.0009956192751891676,real:OEWS_May2025_industry
29-2043,92,0.38092393468737556,real:OEWS_May2025_industry
29-2051,56,0.04957102001906578,real:OEWS_May2025_industry
29-2051,61,0.009532888465204958,real:OEWS_May2025_industry
29-2051,62,0.8579599618684461,real:OEWS_May2025_industry
29-2051,72,0.0292341912932952,real:OEWS_May2025_industry
29-2051,81,0.0009532888465204957,real:OEWS_May2025_industry
29-2051,92,0.05274864950746743,real:OEWS_May2025_industry
29-2052,31-33,0.004347641669494401,real:OEWS_May2025_industry
29-2052,42,0.019256871394638615,real:OEWS_May2025_industry
29-2052,44-45,0.6946895147607737,real:OEWS_May2025_industry
29-2052,48-49,0.002205632846963013,real:OEWS_May2025_industry
29-2052,52,0.013848829317950458,real:OEWS_May2025_industry
29-2052,53,0.00006362402443162538,real:OEWS_May2025_industry
29-2052,54,0.002672209026128266,real:OEWS_May2025_industry
29-2052,55,0.006086698337292162,real:OEWS_May2025_industry
29-2052,56,0.007083474720054292,real:OEWS_May2025_industry
29-2052,61,0.0023752969121140144,real:OEWS_May2025_industry
29-2052,62,0.22720139124533423,real:OEWS_May2025_industry
29-2052,92,0.020168815744825246,real:OEWS_May2025_industry
29-2053,56,0.011752682677567705,real:OEWS_May2025_industry
29-2053,61,0.029253960143076137,real:OEWS_May2025_industry
29-2053,62,0.9144736842105263,real:OEWS_May2025_industry
29-2053,92,0.04451967296882984,real:OEWS_May2025_industry
29-2055,54,0.0011077027948193593,real:OEWS_May2025_industry
29-2055,55,0.0034935241990456715,real:OEWS_May2025_industry
29-2055,56,0.039195637355146556,real:OEWS_May2025_industry
29-2055,61,0.006134969325153374,real:OEWS_May2025_industry
29-2055,62,0.9489604635310157,real:OEWS_May2025_industry
29-2055,92,0.0011077027948193593,real:OEWS_May2025_industry
29-2056,11,0.0016482222745467388,real:OEWS_May2025_industry
29-2056,31-33,0.001726709049525155,real:OEWS_May2025_industry
29-2056,44-45,0.0015697354995683227,real:OEWS_May2025_industry
29-2056,54,0.9207283572717997,real:OEWS_May2025_industry
29-2056,55,0.00031394709991366455,real:OEWS_May2025_industry
29-2056,61,0.031159249666431205,real:OEWS_May2025_industry
29-2056,62,0.0014127619496114904,real:OEWS_May2025_industry
29-2056,71,0.0029824974491798133,real:OEWS_May2025_industry
29-2056,81,0.02762734479240248,real:OEWS_May2025_industry
29-2056,92,0.010831174947021427,real:OEWS_May2025_industry
29-2057,44-45,0.03721522569690109,real:OEWS_May2025_industry
29-2057,56,0.004811093816329419,real:OEWS_May2025_industry
29-2057,61,0.012310740059431158,real:OEWS_May2025_industry
29-2057,62,0.9449554266308193,real:OEWS_May2025_industry
29-2057,92,0.0007075137965190322,real:OEWS_May2025_industry
29-2061,31-33,0.0004320454264905567,real:OEWS_May2025_industry
29-2061,42,0.00023145290704851252,real:OEWS_May2025_industry
29-2061,44-45,0.001188124922849031,real:OEWS_May2025_industry
29-2061,48-49,0.00006172077521293668,real:OEWS_May2025_industry
29-2061,52,0.0020367855820269103,real:OEWS_May2025_industry
29-2061,54,0.0018824836439945685,real:OEWS_May2025_industry
29-2061,55,0.0029625972102209604,real:OEWS_May2025_industry
29-2061,56,0.04596654733983459,real:OEWS_May2025_industry
29-2061,61,0.021648561905937537,real:OEWS_May2025_industry
29-2061,62,0.865448710035798,real:OEWS_May2025_industry
29-2061,81,0.0015584495741266511,real:OEWS_May2025_industry
29-2061,92,0.0565825206764597,real:OEWS_May2025_industry
29-2072,31-33,0.0006164594677899928,real:OEWS_May2025_industry
29-2072,42,0.004006986540634953,real:OEWS_May2025_industry
29-2072,44-45,0.0024658378711599712,real:OEWS_May2025_industry
29-2072,48-49,0.00020548648926333094,real:OEWS_May2025_industry
29-2072,51,0.010274324463166546,real:OEWS_May2025_industry
29-2072,52,0.03174766259118463,real:OEWS_May2025_industry
29-2072,54,0.09935271755882051,real:OEWS_May2025_industry
29-2072,55,0.07638960238364327,real:OEWS_May2025_industry
29-2072,56,0.0824000821945957,real:OEWS_May2025_industry
29-2072,61,0.01351073666906401,real:OEWS_May2025_industry
29-2072,62,0.6360834275146409,real:OEWS_May2025_industry
29-2072,81,0.0008733175793691565,real:OEWS_May2025_industry
29-2072,92,0.04207335867666701,real:OEWS_May2025_industry
29-2081,31-33,0.0004085523627944982,real:OEWS_May2025_industry
29-2081,42,0.0036769712651504834,real:OEWS_May2025_industry
29-2081,44-45,0.4487266784692905,real:OEWS_May2025_industry
29-2081,56,0.0013618412093149939,real:OEWS_May2025_industry
29-2081,61,0.0032684189023559854,real:OEWS_May2025_industry
29-2081,62,0.5414680648236415,real:OEWS_May2025_industry
29-2081,92,0.001089472967451995,real:OEWS_May2025_industry
29-2091,31-33,0.256989247311828,real:OEWS_May2025_industry
29-2091,42,0.03225806451612903,real:OEWS_May2025_industry
29-2091,44-45,0.13548387096774195,real:OEWS_May2025_industry
29-2091,56,0.015053763440860216,real:OEWS_May2025_industry
29-2091,61,0.005376344086021506,real:OEWS_May2025_industry
29-2091,62,0.45268817204301076,real:OEWS_May2025_industry
29-2091,92,0.10215053763440861,real:OEWS_May2025_industry
29-2092,31-33,0.0036068530207394047,real:OEWS_May2025_industry
29-2092,44-45,0.6735798016230838,real:OEWS_May2025_industry
29-2092,61,0.004508566275924256,real:OEWS_May2025_industry
29-2092,62,0.3128944995491434,real:OEWS_May2025_industry
29-2092,92,0.005410279531109108,real:OEWS_May2025_industry
29-2099,31-33,0.00021916607309188538,real:OEWS_May2025_industry
29-2099,42,0.003232699578105309,real:OEWS_May2025_industry
29-2099,44-45,0.005807900936934962,real:OEWS_May2025_industry
29-2099,52,0.006465399156210618,real:OEWS_May2025_industry
29-2099,53,0.0007122897375486275,real:OEWS_May2025_industry
29-2099,54,0.0074516464851241025,real:OEWS_May2025_industry
29-2099,55,0.01265684072105638,real:OEWS_May2025_industry
29-2099,56,0.022957646156374995,real:OEWS_May2025_industry
29-2099,61,0.017094953701167058,real:OEWS_May2025_industry
29-2099,62,0.8945811188428031,real:OEWS_May2025_industry
29-2099,81,0.0003835406279107994,real:OEWS_May2025_industry
29-2099,92,0.028436797983672126,real:OEWS_May2025_industry
29-9021,31-33,0.0007913479293062516,real:OEWS_May2025_industry
29-9021,42,0.0015826958586125032,real:OEWS_May2025_industry
29-9021,51,0.03983117910841467,real:OEWS_May2025_industry
29-9021,52,0.023476655236085466,real:OEWS_May2025_industry
29-9021,54,0.05776839883935637,real:OEWS_May2025_industry
29-9021,55,0.07095753099446056,real:OEWS_May2025_industry
29-9021,56,0.03772091796359799,real:OEWS_May2025_industry
29-9021,61,0.03666578739118966,real:OEWS_May2025_industry
29-9021,62,0.7029807438670536,real:OEWS_May2025_industry
29-9021,81,0.0029016090741229225,real:OEWS_May2025_industry
29-9021,92,0.02532313373780005,real:OEWS_May2025_industry
29-9091,55,0.001322314049586777,real:OEWS_May2025_industry
29-9091,56,0.004628099173553719,real:OEWS_May2025_industry
29-9091,61,0.39636363636363636,real:OEWS_May2025_industry
29-9091,62,0.515702479338843,real:OEWS_May2025_industry
29-9091,71,0.07239669421487603,real:OEWS_May2025_industry
29-9091,81,0.007272727272727273,real:OEWS_May2025_industry
29-9091,92,0.0023140495867768596,real:OEWS_May2025_industry
29-9092,52,0.013850415512465374,real:OEWS_May2025_industry
29-9092,54,0.0221606648199446,real:OEWS_May2025_industry
29-9092,55,0.01662049861495845,real:OEWS_May2025_industry
29-9092,61,0.07479224376731301,real:OEWS_May2025_industry
29-9092,62,0.8725761772853186,real:OEWS_May2025_industry
29-9093,55,0.013982859720342805,real:OEWS_May2025_industry
29-9093,56,0.015336039693279206,real:OEWS_May2025_industry
29-9093,61,0.0036084799278304014,real:OEWS_May2025_industry
29-9093,62,0.9670726206585476,real:OEWS_May2025_industry
29-9099,31-33,0.0037474776592678004,real:OEWS_May2025_industry
29-9099,42,0.010665897953300663,real:OEWS_May2025_industry
29-9099,44-45,0.009801095416546555,real:OEWS_May2025_industry
29-9099,48-49,0.002017872585759585,real:OEWS_May2025_industry
29-9099,52,0.029403286249639667,real:OEWS_May2025_industry
29-9099,53,0.005477082732776016,real:OEWS_May2025_industry
29-9099,54,0.01614298068607668,real:OEWS_May2025_industry
29-9099,55,0.018160853271836263,real:OEWS_May2025_industry
29-9099,56,0.02392620351686365,real:OEWS_May2025_industry
29-9099,61,0.106947247045258,real:OEWS_May2025_industry
29-9099,62,0.6243874315364658,real:OEWS_May2025_industry
29-9099,81,0.006918420294032862,real:OEWS_May2025_industry
29-9099,92,0.1424041510521764,real:OEWS_May2025_industry
31-1120,23,0.00003951384030365224,real:OEWS_May2025_industry
31-1120,42,0.000013946061283641968,real:OEWS_May2025_industry
31-1120,48-49,0.00003718949675637858,real:OEWS_May2025_industry
31-1120,52,0.00022546132408554515,real:OEWS_May2025_industry
31-1120,54,0.0006647622545202671,real:OEWS_May2025_industry
31-1120,55,0.0015549858331260795,real:OEWS_May2025_industry
31-1120,56,0.0084629348556234,real:OEWS_May2025_industry
31-1120,61,0.0014527147170460383,real:OEWS_May2025_industry
31-1120,62,0.9761545595485195,real:OEWS_May2025_industry
31-1120,71,0.000030216466114557596,real:OEWS_May2025_industry
31-1120,81,0.0021430447505863155,real:OEWS_May2025_industry
31-1120,92,0.009220670852034613,real:OEWS_May2025_industry
31-1131,44-45,0.00008285004142502072,real:OEWS_May2025_industry
31-1131,52,0.000027616680475006903,real:OEWS_May2025_industry
31-1131,54,0.00029687931510632423,real:OEWS_May2025_industry
31-1131,55,0.0015327257663628833,real:OEWS_May2025_industry
31-1131,56,0.03358878762772715,real:OEWS_May2025_industry
31-1131,61,0.008713062689864678,real:OEWS_May2025_industry
31-1131,62,0.9225559237779619,real:OEWS_May2025_industry
31-1131,81,0.0008354045843689588,real:OEWS_May2025_industry
31-1131,92,0.03236674951670809,real:OEWS_May2025_industry
31-1132,55,0.0030516879649055886,real:OEWS_May2025_industry
31-1132,56,0.020026702269692925,real:OEWS_May2025_industry
31-1132,61,0.006103375929811177,real:OEWS_May2025_industry
31-1132,62,0.9473583826053786,real:OEWS_May2025_industry
31-1132,72,0.019073049780659927,real:OEWS_May2025_industry
31-1132,92,0.004386801449551783,real:OEWS_May2025_industry
31-1133,52,0.001125809175344779,real:OEWS_May2025_industry
31-1133,55,0.0053475935828877,real:OEWS_May2025_industry
31-1133,56,0.007599211933577259,real:OEWS_May2025_industry
31-1133,61,0.01238390092879257,real:OEWS_May2025_industry
31-1133,62,0.7680833098789756,real:OEWS_May2025_industry
31-1133,92,0.20546017450042217,real:OEWS_May2025_industry
31-2011,61,0.07012256379344987,real:OEWS_May2025_industry
31-2011,62,0.9212376933895922,real:OEWS_May2025_industry
31-2011,92,0.008639742816958007,real:OEWS_May2025_industry
31-2012,61,0.027972027972027972,real:OEWS_May2025_industry
31-2012,62,0.965034965034965,real:OEWS_May2025_industry
31-2012,92,0.006993006993006993,real:OEWS_May2025_industry
31-2021,54,0.0007149240393208221,real:OEWS_May2025_industry
31-2021,56,0.010277033065236819,real:OEWS_May2025_industry
31-2021,61,0.007864164432529044,real:OEWS_May2025_industry
31-2021,62,0.9768543342269884,real:OEWS_May2025_industry
31-2021,92,0.004289544235924933,real:OEWS_May2025_industry
31-2022,56,0.005612138848472251,real:OEWS_May2025_industry
31-2022,61,0.0016628559551028891,real:OEWS_May2025_industry
31-2022,62,0.976096445645396,real:OEWS_May2025_industry
31-2022,92,0.016628559551028894,real:OEWS_May2025_industry
31-9011,44-45,0.0057107893126657145,real:OEWS_May2025_industry
31-9011,61,0.0057107893126657145,real:OEWS_May2025_industry
31-9011,62,0.3395880073424434,real:OEWS_May2025_industry
31-9011,71,0.03650826024882725,real:OEWS_May2025_industry
31-9011,72,0.09585967774831736,real:OEWS_May2025_industry
31-9011,81,0.516112584132164,real:OEWS_May2025_industry
31-9011,92,0.0005098919029165817,real:OEWS_May2025_industry
31-9091,31-33,0.00033541462407760976,real:OEWS_May2025_industry
31-9091,52,0.00012900562464523453,real:OEWS_May2025_industry
31-9091,55,0.0005160224985809381,real:OEWS_May2025_industry
31-9091,56,0.010552660095980184,real:OEWS_May2025_industry
31-9091,61,0.0079209453532174,real:OEWS_May2025_industry
31-9091,62,0.9651684813457867,real:OEWS_May2025_industry
31-9091,81,0.00023221012436142215,real:OEWS_May2025_industry
31-9091,92,0.015145260333350534,real:OEWS_May2025_industry
31-9092,31-33,0.00026909998287545563,real:OEWS_May2025_industry
31-9092,42,0.00031802725248917483,real:OEWS_May2025_industry
31-9092,44-45,0.0014922817232184357,real:OEWS_May2025_industry
31-9092,52,0.0006482863223817795,real:OEWS_May2025_industry
31-9092,54,0.00431783154341072,real:OEWS_May2025_industry
31-9092,55,0.00618929960613548,real:OEWS_May2025_industry
31-9092,56,0.01842111700956528,real:OEWS_May2025_industry
31-9092,61,0.012036108324974924,real:OEWS_May2025_industry
31-9092,62,0.9461922352423123,real:OEWS_May2025_industry
31-9092,81,0.001614599897252734,real:OEWS_May2025_industry
31-9092,92,0.008501113095383712,real:OEWS_May2025_industry
31-9093,31-33,0.0024605024605024606,real:OEWS_May2025_industry
31-9093,42,0.008288008288008289,real:OEWS_May2025_industry
31-9093,44-45,0.005309505309505309,real:OEWS_May2025_industry
31-9093,54,0.006604506604506605,real:OEWS_May2025_industry
31-9093,55,0.005050505050505051,real:OEWS_May2025_industry
31-9093,56,0.023828023828023827,real:OEWS_May2025_industry
31-9093,61,0.01074851074851075,real:OEWS_May2025_industry
31-9093,62,0.9357679357679358,real:OEWS_May2025_industry
31-9093,81,0.000518000518000518,real:OEWS_May2025_industry
31-9093,92,0.0014245014245014246,real:OEWS_May2025_industry
31-9094,52,0.000963623223319682,real:OEWS_May2025_industry
31-9094,54,0.055890146952541554,real:OEWS_May2025_industry
31-9094,55,0.013249819320645628,real:OEWS_May2025_industry
31-9094,56,0.3028185979282101,real:OEWS_May2025_industry
31-9094,61,0.0055408335340881715,real:OEWS_May2025_industry
31-9094,62,0.618405203565406,real:OEWS_May2025_industry
31-9094,92,0.0031317754757889667,real:OEWS_May2025_industry
31-9095,42,0.03267477203647416,real:OEWS_May2025_industry
31-9095,44-45,0.8391590678824722,real:OEWS_May2025_industry
31-9095,52,0.011144883485309016,real:OEWS_May2025_industry
31-9095,55,0.0035460992907801418,real:OEWS_May2025_industry
31-9095,56,0.0017730496453900709,real:OEWS_May2025_industry
31-9095,61,0.0007598784194528875,real:OEWS_May2025_industry
31-9095,62,0.10790273556231003,real:OEWS_May2025_industry
31-9095,92,0.00303951367781155,real:OEWS_May2025_industry
31-9096,31-33,0.0018317935648295635,real:OEWS_May2025_industry
31-9096,44-45,0.02126473399171711,real:OEWS_May2025_industry
31-9096,54,0.9119146224912392,real:OEWS_May2025_industry
31-9096,61,0.03870659445683339,real:OEWS_May2025_industry
31-9096,62,0.002867155144950621,real:OEWS_May2025_industry
31-9096,71,0.0007964319847085059,real:OEWS_May2025_industry
31-9096,81,0.019990442816183496,real:OEWS_May2025_industry
31-9096,92,0.0026282255495380697,real:OEWS_May2025_industry
31-9097,44-45,0.0003497971176717504,real:OEWS_May2025_industry
31-9097,54,0.006576185812228907,real:OEWS_May2025_industry
31-9097,55,0.0023086609766335524,real:OEWS_May2025_industry
31-9097,56,0.015670910871694418,real:OEWS_May2025_industry
31-9097,61,0.004337484259129705,real:OEWS_May2025_industry
31-9097,62,0.9670491115153211,real:OEWS_May2025_industry
31-9097,81,0.0005596753882748006,real:OEWS_May2025_industry
31-9097,92,0.0031481740590457536,real:OEWS_May2025_industry
31-9099,31-33,0.0037167252636865896,real:OEWS_May2025_industry
31-9099,42,0.0009040683073832245,real:OEWS_May2025_industry
31-9099,44-45,0.014063284781516826,real:OEWS_May2025_industry
31-9099,52,0.004018081366147665,real:OEWS_May2025_industry
31-9099,53,0.0025113008538422904,real:OEWS_May2025_industry
31-9099,54,0.005022601707684581,real:OEWS_May2025_industry
31-9099,55,0.008638874937217478,real:OEWS_May2025_industry
31-9099,61,0.1268709191361125,real:OEWS_May2025_industry
31-9099,62,0.6262179809141135,real:OEWS_May2025_industry
31-9099,72,0.00311401305876444,real:OEWS_May2025_industry
31-9099,81,0.013058764439979909,real:OEWS_May2025_industry
31-9099,92,0.19186338523355098,real:OEWS_May2025_industry
33-1011,56,0.02004120621839296,real:OEWS_May2025_industry
33-1011,62,0.002622213897733658,real:OEWS_May2025_industry
33-1011,92,0.9773365798838733,real:OEWS_May2025_industry
33-1012,48-49,0.0009701830412004398,real:OEWS_May2025_industry
33-1012,61,0.027876592717159303,real:OEWS_May2025_industry
33-1012,62,0.0021344026906409677,real:OEWS_May2025_industry
33-1012,92,0.9690188215509993,real:OEWS_May2025_industry
33-1021,22,0.0004037141703673799,real:OEWS_May2025_industry
33-1021,23,0.0004037141703673799,real:OEWS_May2025_industry
33-1021,31-33,0.0010092854259184498,real:OEWS_May2025_industry
33-1021,48-49,0.0003027856277755349,real:OEWS_May2025_industry
33-1021,56,0.03350827614049253,real:OEWS_May2025_industry
33-1021,61,0.0008074283407347598,real:OEWS_May2025_industry
33-1021,62,0.0011102139685102946,real:OEWS_May2025_industry
33-1021,92,0.9624545821558337,real:OEWS_May2025_industry
33-1091,21,0.00036814333046999634,real:OEWS_May2025_industry
33-1091,22,0.007731009939869923,real:OEWS_May2025_industry
33-1091,23,0.00036814333046999634,real:OEWS_May2025_industry
33-1091,31-33,0.00699472327892993,real:OEWS_May2025_industry
33-1091,42,0.0019634310958399803,real:OEWS_May2025_industry
33-1091,44-45,0.03558718861209965,real:OEWS_May2025_industry
33-1091,48-49,0.015584734323229843,real:OEWS_May2025_industry
33-1091,51,0.0030678610872499693,real:OEWS_May2025_industry
33-1091,52,0.006749294391949933,real:OEWS_May2025_industry
33-1091,53,0.01092158547060989,real:OEWS_May2025_industry
33-1091,54,0.010676156583629894,real:OEWS_May2025_industry
33-1091,55,0.018652595410479814,real:OEWS_May2025_industry
33-1091,56,0.5758988832985642,real:OEWS_May2025_industry
33-1091,61,0.04945392072646951,real:OEWS_May2025_industry
33-1091,62,0.07191066388513928,real:OEWS_May2025_industry
33-1091,71,0.07829181494661921,real:OEWS_May2025_industry
33-1091,72,0.06675665725855934,real:OEWS_May2025_industry
33-1091,81,0.006749294391949933,real:OEWS_May2025_industry
33-1091,92,0.032273898637869676,real:OEWS_May2025_industry
33-1099,22,0.001949317738791423,real:OEWS_May2025_industry
33-1099,23,0.016569200779727095,real:OEWS_May2025_industry
33-1099,31-33,0.007309941520467836,real:OEWS_May2025_industry
33-1099,44-45,0.013157894736842105,real:OEWS_May2025_industry
33-1099,48-49,0.014619883040935672,real:OEWS_May2025_industry
33-1099,52,0.010721247563352826,real:OEWS_May2025_industry
33-1099,54,0.005847953216374269,real:OEWS_May2025_industry
33-1099,55,0.01023391812865497,real:OEWS_May2025_industry
33-1099,56,0.12231968810916179,real:OEWS_May2025_industry
33-1099,61,0.027777777777777776,real:OEWS_May2025_industry
33-1099,62,0.018031189083820662,real:OEWS_May2025_industry
33-1099,71,0.11062378167641325,real:OEWS_May2025_industry
33-1099,72,0.03070175438596491,real:OEWS_May2025_industry
33-1099,81,0.018031189083820662,real:OEWS_May2025_industry
33-1099,92,0.5921052631578947,real:OEWS_May2025_industry
33-2011,22,0.0002023823291314907,real:OEWS_May2025_industry
33-2011,31-33,0.0017057939169654215,real:OEWS_May2025_industry
33-2011,48-49,0.0003180293743494854,real:OEWS_May2025_industry
33-2011,54,0.0006938822713079681,real:OEWS_May2025_industry
33-2011,56,0.057100728576384874,real:OEWS_May2025_industry
33-2011,61,0.0017925292008789176,real:OEWS_May2025_industry
33-2011,62,0.0023129409043598937,real:OEWS_May2025_industry
33-2011,71,0.0006649705100034694,real:OEWS_May2025_industry
33-2011,81,0.0004047646582629814,real:OEWS_May2025_industry
33-2011,92,0.9348039782583555,real:OEWS_May2025_industry
33-2021,31-33,0.008160237388724036,real:OEWS_May2025_industry
33-2021,52,0.03338278931750742,real:OEWS_May2025_industry
33-2021,54,0.028931750741839762,real:OEWS_May2025_industry
33-2021,56,0.057863501483679525,real:OEWS_May2025_industry
33-2021,61,0.015578635014836795,real:OEWS_May2025_industry
33-2021,62,0.002225519287833828,real:OEWS_May2025_industry
33-2021,92,0.8538575667655787,real:OEWS_May2025_industry
33-2022,81,0.02040816326530612,real:OEWS_May2025_industry
33-2022,92,0.9795918367346939,real:OEWS_May2025_industry
33-3011,92,1.0,real:OEWS_May2025_industry
33-3012,56,0.043050883095037844,real:OEWS_May2025_industry
33-3012,62,0.002969932716568545,real:OEWS_May2025_industry
33-3012,92,0.9539791841883936,real:OEWS_May2025_industry
33-3021,48-49,0.0034958923265163435,real:OEWS_May2025_industry
33-3021,61,0.002272330012235623,real:OEWS_May2025_industry
33-3021,62,0.0005243838489774515,real:OEWS_May2025_industry
33-3021,92,0.9937073938122706,real:OEWS_May2025_industry
33-3031,92,1.0,real:OEWS_May2025_industry
33-3041,61,0.09655172413793103,real:OEWS_May2025_industry
33-3041,62,0.006896551724137931,real:OEWS_May2025_industry
33-3041,71,0.009195402298850575,real:OEWS_May2025_industry
33-3041,81,0.016091954022988506,real:OEWS_May2025_industry
33-3041,92,0.871264367816092,real:OEWS_May2025_industry
33-3051,48-49,0.0005521399152390616,real:OEWS_May2025_industry
33-3051,61,0.035933862591774605,real:OEWS_May2025_industry
33-3051,62,0.004790186832209157,real:OEWS_May2025_industry
33-3051,92,0.9587238106607772,real:OEWS_May2025_industry
33-3052,48-49,0.13211845102505695,real:OEWS_May2025_industry
33-3052,92,0.8678815489749431,real:OEWS_May2025_industry
33-9011,81,0.055790363482671176,real:OEWS_May2025_industry
33-9011,92,0.9442096365173288,real:OEWS_May2025_industry
33-9021,31-33,0.0028360748723766306,real:OEWS_May2025_industry
33-9021,42,0.0008508224617129892,real:OEWS_May2025_industry
33-9021,44-45,0.38513896766874645,real:OEWS_May2025_industry
33-9021,48-49,0.03119682359614294,real:OEWS_May2025_industry
33-9021,51,0.017016449234259785,real:OEWS_May2025_industry
33-9021,52,0.11571185479296653,real:OEWS_May2025_industry
33-9021,54,0.07231990924560408,real:OEWS_May2025_industry
33-9021,55,0.03601815087918321,real:OEWS_May2025_industry
33-9021,56,0.20986954055587068,real:OEWS_May2025_industry
33-9021,61,0.00737379466817924,real:OEWS_May2025_industry
33-9021,62,0.003403289846851957,real:OEWS_May2025_industry
33-9021,71,0.0017016449234259785,real:OEWS_May2025_industry
33-9021,81,0.028077141236528644,real:OEWS_May2025_industry
33-9021,92,0.08848553601815087,real:OEWS_May2025_industry
33-9031,56,0.006355932203389831,real:OEWS_May2025_industry
33-9031,71,0.5169491525423728,real:OEWS_May2025_industry
33-9031,72,0.3358050847457627,real:OEWS_May2025_industry
33-9031,92,0.1408898305084746,real:OEWS_May2025_industry
33-9032,11,0.00037398323308505,real:OEWS_May2025_industry
33-9032,21,0.0007245925141022844,real:OEWS_May2025_industry
33-9032,22,0.003693084426714869,real:OEWS_May2025_industry
33-9032,23,0.0011842802381026585,real:OEWS_May2025_industry
33-9032,31-33,0.00806401346339639,real:OEWS_May2025_industry
33-9032,42,0.002547760775391903,real:OEWS_May2025_industry
33-9032,44-45,0.05477296101224795,real:OEWS_May2025_industry
33-9032,48-49,0.010292330227194814,real:OEWS_May2025_industry
33-9032,51,0.002368560476205317,real:OEWS_May2025_industry
33-9032,52,0.0031399008944432323,real:OEWS_May2025_industry
33-9032,53,0.0208417739271356,real:OEWS_May2025_industry
33-9032,54,0.010946800885093652,real:OEWS_May2025_industry
33-9032,55,0.007557577835260386,real:OEWS_May2025_industry
33-9032,56,0.621326393866675,real:OEWS_May2025_industry
33-9032,61,0.06441861189889987,real:OEWS_May2025_industry
33-9032,62,0.059307507713404185,real:OEWS_May2025_industry
33-9032,71,0.04454296132390065,real:OEWS_May2025_industry
33-9032,72,0.0470206002430891,real:OEWS_May2025_industry
33-9032,81,0.010915635615669897,real:OEWS_May2025_industry
33-9032,92,0.02596066942998722,real:OEWS_May2025_industry
33-9091,23,0.06496569468267581,real:OEWS_May2025_industry
33-9091,31-33,0.002465694682675815,real:OEWS_May2025_industry
33-9091,48-49,0.005467409948542024,real:OEWS_May2025_industry
33-9091,53,0.005681818181818182,real:OEWS_May2025_industry
33-9091,56,0.47545025728987994,real:OEWS_May2025_industry
33-9091,61,0.07300600343053174,real:OEWS_May2025_industry
33-9091,71,0.002036878216123499,real:OEWS_May2025_industry
33-9091,81,0.005789022298456261,real:OEWS_May2025_industry
33-9091,92,0.36513722126929676,real:OEWS_May2025_industry
33-9092,53,0.010798032074627819,real:OEWS_May2025_industry
33-9092,56,0.022235000958405214,real:OEWS_May2025_industry
33-9092,61,0.05469299086320363,real:OEWS_May2025_industry
33-9092,62,0.018018018018018018,real:OEWS_May2025_industry
33-9092,71,0.35978531723212576,real:OEWS_May2025_industry
33-9092,72,0.042425404127531784,real:OEWS_May2025_industry
33-9092,81,0.12957638489553383,real:OEWS_May2025_industry
33-9092,92,0.36246885183055394,real:OEWS_May2025_industry
33-9093,48-49,0.0636826042726348,real:OEWS_May2025_industry
33-9093,92,0.9363173957273652,real:OEWS_May2025_industry
33-9094,48-49,0.47442275800484757,real:OEWS_May2025_industry
33-9094,56,0.006123230003827019,real:OEWS_May2025_industry
33-9094,61,0.4087256027554535,real:OEWS_May2025_industry
33-9094,62,0.02436535272356168,real:OEWS_May2025_industry
33-9094,81,0.0005102691669855849,real:OEWS_May2025_industry
33-9094,92,0.08585278734532466,real:OEWS_May2025_industry
33-9099,22,0.0015820281601012498,real:OEWS_May2025_industry
33-9099,23,0.00047460844803037496,real:OEWS_May2025_industry
33-9099,31-33,0.0034804619522227497,real:OEWS_May2025_industry
33-9099,42,0.0017402309761113748,real:OEWS_May2025_industry
33-9099,44-45,0.051574118019300744,real:OEWS_May2025_industry
33-9099,48-49,0.018826135105204873,real:OEWS_May2025_industry
33-9099,51,0.0015820281601012498,real:OEWS_May2025_industry
33-9099,52,0.005378895744344249,real:OEWS_May2025_industry
33-9099,54,0.01692770131308337,real:OEWS_May2025_industry
33-9099,55,0.022306597057427623,real:OEWS_May2025_industry
33-9099,61,0.45815535516532196,real:OEWS_May2025_industry
33-9099,62,0.02293940832146812,real:OEWS_May2025_industry
33-9099,71,0.021515582977376997,real:OEWS_May2025_industry
33-9099,72,0.009333966144597373,real:OEWS_May2025_industry
33-9099,81,0.014712861888941622,real:OEWS_May2025_industry
33-9099,92,0.34947002056636606,real:OEWS_May2025_industry
35-1011,23,0.0006998950157476379,real:OEWS_May2025_industry
35-1011,31-33,0.00984852272159176,real:OEWS_May2025_industry
35-1011,42,0.002299655051742239,real:OEWS_May2025_industry
35-1011,44-45,0.014397840323951408,real:OEWS_May2025_industry
35-1011,48-49,0.0013997900314952757,real:OEWS_May2025_industry
35-1011,51,0.0011498275258711194,real:OEWS_May2025_industry
35-1011,52,0.0005999100134979754,real:OEWS_May2025_industry
35-1011,53,0.0047492876068589715,real:OEWS_May2025_industry
35-1011,54,0.001649752537119432,real:OEWS_May2025_industry
35-1011,55,0.008298755186721992,real:OEWS_May2025_industry
35-1011,56,0.008548717692346148,real:OEWS_May2025_industry
35-1011,61,0.012698095285707143,real:OEWS_May2025_industry
35-1011,62,0.0461930710393441,real:OEWS_May2025_industry
35-1011,71,0.06319052142178673,real:OEWS_May2025_industry
35-1011,72,0.8021796730490427,real:OEWS_May2025_industry
35-1011,81,0.012448132780082987,real:OEWS_May2025_industry
35-1011,92,0.009648552717092437,real:OEWS_May2025_industry
35-1012,23,0.00008214092096400585,real:OEWS_May2025_industry
35-1012,31-33,0.0069326937293620935,real:OEWS_May2025_industry
35-1012,42,0.0007228401044832515,real:OEWS_May2025_industry
35-1012,44-45,0.03872944423452876,real:OEWS_May2025_industry
35-1012,48-49,0.00026285094708481874,real:OEWS_May2025_industry
35-1012,51,0.001700317063954921,real:OEWS_May2025_industry
35-1012,52,0.000024642276289201755,real:OEWS_May2025_industry
35-1012,53,0.0011253306172068801,real:OEWS_May2025_industry
35-1012,54,0.0009939051436644707,real:OEWS_May2025_industry
35-1012,55,0.0035320596014522514,real:OEWS_May2025_industry
35-1012,61,0.03320957434574756,real:OEWS_May2025_industry
35-1012,62,0.02965287246800611,real:OEWS_May2025_industry
35-1012,71,0.018736344071889736,real:OEWS_May2025_industry
35-1012,72,0.8524502636723563,real:OEWS_May2025_industry
35-1012,81,0.0050434525471899595,real:OEWS_May2025_industry
35-1012,92,0.006801268255819684,real:OEWS_May2025_industry
35-2011,31-33,0.0012793709239554405,real:OEWS_May2025_industry
35-2011,42,0.0005148687864698723,real:OEWS_May2025_industry
35-2011,44-45,0.023496739164352357,real:OEWS_May2025_industry
35-2011,51,0.00028083751989265766,real:OEWS_May2025_industry
35-2011,56,0.0013105750928324024,real:OEWS_May2025_industry
35-2011,61,0.00021842918213873375,real:OEWS_May2025_industry
35-2011,62,0.00021842918213873375,real:OEWS_May2025_industry
35-2011,71,0.003276437732081006,real:OEWS_May2025_industry
35-2011,72,0.968858239460792,real:OEWS_May2025_industry
35-2011,81,0.00029643960433113864,real:OEWS_May2025_industry
35-2011,92,0.0002496333510156957,real:OEWS_May2025_industry
35-2012,23,0.0018366097544384736,real:OEWS_May2025_industry
35-2012,31-33,0.0019273065324354353,real:OEWS_May2025_industry
35-2012,42,0.0008162710019726549,real:OEWS_May2025_industry
35-2012,44-45,0.007437135795750856,real:OEWS_May2025_industry
35-2012,48-49,0.0020860258939301183,real:OEWS_May2025_industry
35-2012,51,0.0007029000294764529,real:OEWS_May2025_industry
35-2012,52,0.0001587193614946829,real:OEWS_May2025_industry
35-2012,53,0.004013332426365554,real:OEWS_May2025_industry
35-2012,54,0.0014511484479513865,real:OEWS_May2025_industry
35-2012,55,0.0016098678094460695,real:OEWS_May2025_industry
35-2012,56,0.02074688796680498,real:OEWS_May2025_industry
35-2012,61,0.3098428678321203,real:OEWS_May2025_industry
35-2012,62,0.3992925651316237,real:OEWS_May2025_industry
35-2012,71,0.008933632632700724,real:OEWS_May2025_industry
35-2012,72,0.19386436296850554,real:OEWS_May2025_industry
35-2012,81,0.007799922907738703,real:OEWS_May2025_industry
35-2012,92,0.03748044350724441,real:OEWS_May2025_industry
35-2013,72,0.313953488372093,real:OEWS_May2025_industry
35-2013,81,0.686046511627907,real:OEWS_May2025_industry
35-2014,23,0.00007101970086501996,real:OEWS_May2025_industry
35-2014,31-33,0.0071942956976265215,real:OEWS_May2025_industry
35-2014,44-45,0.008735423206397454,real:OEWS_May2025_industry
35-2014,48-49,0.00025567092311407183,real:OEWS_May2025_industry
35-2014,51,0.0004971379060551397,real:OEWS_May2025_industry
35-2014,53,0.0008948482308992515,real:OEWS_May2025_industry
35-2014,54,0.0002982827436330838,real:OEWS_May2025_industry
35-2014,55,0.0004332201752766217,real:OEWS_May2025_industry
35-2014,56,0.005156030282800449,real:OEWS_May2025_industry
35-2014,61,0.00009942758121102794,real:OEWS_May2025_industry
35-2014,62,0.001683166910500973,real:OEWS_May2025_industry
35-2014,71,0.0363052710821982,real:OEWS_May2025_industry
35-2014,72,0.9318210871695809,real:OEWS_May2025_industry
35-2014,81,0.005951450932488673,real:OEWS_May2025_industry
35-2014,92,0.0006036674573526696,real:OEWS_May2025_industry
35-2015,31-33,0.009377479622015437,real:OEWS_May2025_industry
35-2015,42,0.002452571593450191,real:OEWS_May2025_industry
35-2015,44-45,0.13568491668470029,real:OEWS_May2025_industry
35-2015,48-49,0.0005049412104162159,real:OEWS_May2025_industry
35-2015,51,0.0018754959244030873,real:OEWS_May2025_industry
35-2015,53,0.00043280675178532783,real:OEWS_May2025_industry
35-2015,56,0.003967395224698839,real:OEWS_May2025_industry
35-2015,61,0.0008656135035706557,real:OEWS_May2025_industry
35-2015,62,0.00714131140445791,real:OEWS_May2025_industry
35-2015,71,0.042487196133593017,real:OEWS_May2025_industry
35-2015,72,0.7866262713698333,real:OEWS_May2025_industry
35-2015,81,0.00714131140445791,real:OEWS_May2025_industry
35-2015,92,0.0014426891726177595,real:OEWS_May2025_industry
35-2019,31-33,0.0945945945945946,real:OEWS_May2025_industry
35-2019,42,0.014553014553014554,real:OEWS_May2025_industry
35-2019,44-45,0.2079002079002079,real:OEWS_May2025_industry
35-2019,48-49,0.012993762993762994,real:OEWS_May2025_industry
35-2019,51,0.04521829521829522,real:OEWS_May2025_industry
35-2019,53,0.005197505197505198,real:OEWS_May2025_industry
35-2019,55,0.002598752598752599,real:OEWS_May2025_industry
35-2019,56,0.04106029106029106,real:OEWS_May2025_industry
35-2019,61,0.004158004158004158,real:OEWS_May2025_industry
35-2019,62,0.036382536382536385,real:OEWS_May2025_industry
35-2019,71,0.05197505197505198,real:OEWS_May2025_industry
35-2019,72,0.4386694386694387,real:OEWS_May2025_industry
35-2019,81,0.035862785862785865,real:OEWS_May2025_industry
35-2019,92,0.008835758835758836,real:OEWS_May2025_industry
35-2021,23,0.00012324515702553417,real:OEWS_May2025_industry
35-2021,31-33,0.018587610500487378,real:OEWS_May2025_industry
35-2021,42,0.0023304538783010093,real:OEWS_May2025_industry
35-2021,44-45,0.2645625357130853,real:OEWS_May2025_industry
35-2021,48-49,0.0010083694665725521,real:OEWS_May2025_industry
35-2021,51,0.0008403078888104601,real:OEWS_May2025_industry
35-2021,52,0.00013444926220967362,real:OEWS_May2025_industry
35-2021,54,0.0002128779984986499,real:OEWS_May2025_industry
35-2021,55,0.001411717253201573,real:OEWS_May2025_industry
35-2021,56,0.009669142773912362,real:OEWS_May2025_industry
35-2021,61,0.03867657109564945,real:OEWS_May2025_industry
35-2021,62,0.05859747011304942,real:OEWS_May2025_industry
35-2021,71,0.010946410764904262,real:OEWS_May2025_industry
35-2021,72,0.5821092848419661,real:OEWS_May2025_industry
35-2021,81,0.003686150605581885,real:OEWS_May2025_industry
35-2021,92,0.0071034026867444235,real:OEWS_May2025_industry
35-3011,31-33,0.05028117763810784,real:OEWS_May2025_industry
35-3011,44-45,0.008044988422097254,real:OEWS_May2025_industry
35-3011,48-49,0.0006615944426066821,real:OEWS_May2025_industry
35-3011,51,0.004591465431690374,real:OEWS_May2025_industry
35-3011,53,0.00530598742970559,real:OEWS_May2025_industry
35-3011,54,0.00042342044326827656,real:OEWS_May2025_industry
35-3011,55,0.0003175653324512074,real:OEWS_May2025_industry
35-3011,56,0.00501488587495865,real:OEWS_May2025_industry
35-3011,61,0.0006615944426066821,real:OEWS_May2025_industry
35-3011,62,0.0007145219980152167,real:OEWS_May2025_industry
35-3011,71,0.07210056235527622,real:OEWS_May2025_industry
35-3011,72,0.7946807806814423,real:OEWS_May2025_industry
35-3011,81,0.054991730069467414,real:OEWS_May2025_industry
35-3011,92,0.0022097254383063184,real:OEWS_May2025_industry
35-3023,31-33,0.006991262869925099,real:OEWS_May2025_industry
35-3023,42,0.0011067551031542521,real:OEWS_May2025_industry
35-3023,44-45,0.057369404196836137,real:OEWS_May2025_industry
35-3023,48-49,0.00010132265028876956,real:OEWS_May2025_industry
35-3023,51,0.003489136393277372,real:OEWS_May2025_industry
35-3023,52,0.00004936231680734927,real:OEWS_May2025_industry
35-3023,53,0.000366320351044013,real:OEWS_May2025_industry
35-3023,54,0.0006027398683844753,real:OEWS_May2025_industry
35-3023,56,0.002353803106708339,real:OEWS_May2025_industry
35-3023,61,0.03045914748680857,real:OEWS_May2025_industry
35-3023,62,0.004437412479313292,real:OEWS_May2025_industry
35-3023,71,0.0121717081180227,real:OEWS_May2025_industry
35-3023,72,0.8748223606099104,real:OEWS_May2025_industry
35-3023,81,0.0009716582361025593,real:OEWS_May2025_industry
35-3023,92,0.004707606213416678,real:OEWS_May2025_industry
35-3031,23,0.000017620834875156385,real:OEWS_May2025_industry
35-3031,31-33,0.007880918397913694,real:OEWS_May2025_industry
35-3031,42,0.000229070853377033,real:OEWS_May2025_industry
35-3031,44-45,0.0029999471374953747,real:OEWS_May2025_industry
35-3031,48-49,0.0003568219062219168,real:OEWS_May2025_industry
35-3031,51,0.002334760620958221,real:OEWS_May2025_industry
35-3031,53,0.0024801325086782613,real:OEWS_May2025_industry
35-3031,55,0.000365632323659495,real:OEWS_May2025_industry
35-3031,56,0.007105601663406813,real:OEWS_May2025_industry
35-3031,61,0.0003436062800655495,real:OEWS_May2025_industry
35-3031,62,0.007246568342408063,real:OEWS_May2025_industry
35-3031,71,0.043025673556413103,real:OEWS_May2025_industry
35-3031,72,0.9193670596112844,real:OEWS_May2025_industry
35-3031,81,0.005268629627671759,real:OEWS_May2025_industry
35-3031,92,0.0009779563355711794,real:OEWS_May2025_industry
35-3041,31-33,0.0038570149459329155,real:OEWS_May2025_industry
35-3041,44-45,0.005578896618224396,real:OEWS_May2025_industry
35-3041,48-49,0.0006887526689165921,real:OEWS_May2025_industry
35-3041,51,0.01577243611818996,real:OEWS_May2025_industry
35-3041,55,0.002238446173978924,real:OEWS_May2025_industry
35-3041,56,0.03347337970934637,real:OEWS_May2025_industry
35-3041,61,0.01036572766719471,real:OEWS_May2025_industry
35-3041,62,0.6618568771953991,real:OEWS_May2025_industry
35-3041,71,0.03436875817893794,real:OEWS_May2025_industry
35-3041,72,0.2173359046766306,real:OEWS_May2025_industry
35-3041,81,0.0051312073834286105,real:OEWS_May2025_industry
35-3041,92,0.009332598663819823,real:OEWS_May2025_industry
35-9011,31-33,0.006209234624313668,real:OEWS_May2025_industry
35-9011,42,0.00014740022847035413,real:OEWS_May2025_industry
35-9011,44-45,0.005932859195931754,real:OEWS_May2025_industry
35-9011,48-49,0.00047905074252865094,real:OEWS_May2025_industry
35-9011,51,0.0021188782842613404,real:OEWS_May2025_industry
35-9011,52,0.00020267531414673692,real:OEWS_May2025_industry
35-9011,53,0.0029111545122894942,real:OEWS_May2025_industry
35-9011,54,0.0004422006854110624,real:OEWS_May2025_industry
35-9011,55,0.0005343258282050337,real:OEWS_May2025_industry
35-9011,56,0.013376570733684636,real:OEWS_May2025_industry
35-9011,61,0.06015771824446328,real:OEWS_May2025_industry
35-9011,62,0.02997752146515827,real:OEWS_May2025_industry
35-9011,71,0.03736595791723477,real:OEWS_May2025_industry
35-9011,72,0.8324243652577662,real:OEWS_May2025_industry
35-9011,81,0.0045141319969045956,real:OEWS_May2025_industry
35-9011,92,0.003205954969230202,real:OEWS_May2025_industry
35-9021,31-33,0.01288227901131127,real:OEWS_May2025_industry
35-9021,42,0.0006074570590699623,real:OEWS_May2025_industry
35-9021,44-45,0.016945957268537915,real:OEWS_May2025_industry
35-9021,48-49,0.0004398826979472141,real:OEWS_May2025_industry
35-9021,51,0.0006702974444909929,real:OEWS_May2025_industry
35-9021,53,0.004964390448261416,real:OEWS_May2025_industry
35-9021,54,0.000397989107666527,real:OEWS_May2025_industry
35-9021,55,0.00033514872224549644,real:OEWS_May2025_industry
35-9021,56,0.019669040636782573,real:OEWS_May2025_industry
35-9021,61,0.003875157100963553,real:OEWS_May2025_industry
35-9021,62,0.035421030582320906,real:OEWS_May2025_industry
35-9021,71,0.033326351068286554,real:OEWS_May2025_industry
35-9021,72,0.8638458315877671,real:OEWS_May2025_industry
35-9021,81,0.005613741097612065,real:OEWS_May2025_industry
35-9021,92,0.0010054461667364893,real:OEWS_May2025_industry
35-9031,31-33,0.005833198305594778,real:OEWS_May2025_industry
35-9031,42,0.0001388856739427328,real:OEWS_May2025_industry
35-9031,44-45,0.0019443994351982592,real:OEWS_May2025_industry
35-9031,48-49,0.0010184949422467073,real:OEWS_May2025_industry
35-9031,51,0.0005555426957709312,real:OEWS_May2025_industry
35-9031,55,0.0004860998587995648,real:OEWS_May2025_industry
35-9031,56,0.0029860419897687553,real:OEWS_May2025_industry
35-9031,61,0.0000925904492951552,real:OEWS_May2025_industry
35-9031,62,0.008634059396773223,real:OEWS_May2025_industry
35-9031,71,0.025809587741024514,real:OEWS_May2025_industry
35-9031,72,0.9499548621559686,real:OEWS_May2025_industry
35-9031,81,0.0017823661489317377,real:OEWS_May2025_industry
35-9031,92,0.0007638712066850305,real:OEWS_May2025_industry
35-9099,31-33,0.013159454653230587,real:OEWS_May2025_industry
35-9099,42,0.0024896265560165973,real:OEWS_May2025_industry
35-9099,44-45,0.015767634854771784,real:OEWS_May2025_industry
35-9099,48-49,0.0014226437462951985,real:OEWS_May2025_industry
35-9099,51,0.0023710729104919974,real:OEWS_May2025_industry
35-9099,54,0.0004742145820983995,real:OEWS_May2025_industry
35-9099,56,0.04991108476585655,real:OEWS_May2025_industry
35-9099,61,0.02999407231772377,real:OEWS_May2025_industry
35-9099,62,0.04457617071724956,real:OEWS_May2025_industry
35-9099,71,0.03568464730290456,real:OEWS_May2025_industry
35-9099,72,0.7862477771191464,real:OEWS_May2025_industry
35-9099,81,0.0067575577949021935,real:OEWS_May2025_industry
35-9099,92,0.01114404267931239,real:OEWS_May2025_industry
37-1011,11,0.00044755244755244756,real:OEWS_May2025_industry
37-1011,21,0.00016783216783216784,real:OEWS_May2025_industry
37-1011,23,0.006153846153846154,real:OEWS_May2025_industry
37-1011,31-33,0.009678321678321678,real:OEWS_May2025_industry
37-1011,42,0.0016223776223776225,real:OEWS_May2025_industry
37-1011,44-45,0.0036923076923076922,real:OEWS_May2025_industry
37-1011,48-49,0.002629370629370629,real:OEWS_May2025_industry
37-1011,51,0.0007272727272727272,real:OEWS_May2025_industry
37-1011,52,0.00044755244755244756,real:OEWS_May2025_industry
37-1011,53,0.01902097902097902,real:OEWS_May2025_industry
37-1011,54,0.0048111888111888115,real:OEWS_May2025_industry
37-1011,55,0.0025174825174825175,real:OEWS_May2025_industry
37-1011,56,0.40587412587412586,real:OEWS_May2025_industry
37-1011,61,0.12570629370629371,real:OEWS_May2025_industry
37-1011,62,0.11770629370629371,real:OEWS_May2025_industry
37-1011,71,0.02344055944055944,real:OEWS_May2025_industry
37-1011,72,0.23720279720279722,real:OEWS_May2025_industry
37-1011,81,0.009566433566433566,real:OEWS_May2025_industry
37-1011,92,0.028587412587412587,real:OEWS_May2025_industry
37-1012,11,0.001377094330961671,real:OEWS_May2025_industry
37-1012,22,0.00221865197766047,real:OEWS_May2025_industry
37-1012,23,0.013158901384744855,real:OEWS_May2025_industry
37-1012,31-33,0.0009945681279167624,real:OEWS_May2025_industry
37-1012,42,0.0028306939025323236,real:OEWS_May2025_industry
37-1012,44-45,0.007344503098462245,real:OEWS_May2025_industry
37-1012,48-49,0.000535536684262872,real:OEWS_May2025_industry
37-1012,53,0.012087828016219111,real:OEWS_May2025_industry
37-1012,54,0.006808966414199372,real:OEWS_May2025_industry
37-1012,55,0.0007650524060898172,real:OEWS_May2025_industry
37-1012,56,0.7048427817305486,real:OEWS_May2025_industry
37-1012,61,0.022110014535995717,real:OEWS_May2025_industry
37-1012,62,0.0071149873766353,real:OEWS_May2025_industry
37-1012,71,0.09188279397138704,real:OEWS_May2025_industry
37-1012,72,0.011705301813174203,real:OEWS_May2025_industry
37-1012,81,0.0221865197766047,real:OEWS_May2025_industry
37-1012,92,0.09203580445260501,real:OEWS_May2025_industry
37-2011,11,0.0011992198283079234,real:OEWS_May2025_industry
37-2011,21,0.00036202862741371275,real:OEWS_May2025_industry
37-2011,22,0.00028057218624562736,real:OEWS_May2025_industry
37-2011,23,0.008435267018739506,real:OEWS_May2025_industry
37-2011,31-33,0.030048376075338157,real:OEWS_May2025_industry
37-2011,42,0.008697737773614449,real:OEWS_May2025_industry
37-2011,44-45,0.05118179720061364,real:OEWS_May2025_industry
37-2011,48-49,0.019721509478362,real:OEWS_May2025_industry
37-2011,51,0.0019866320929327486,real:OEWS_May2025_industry
37-2011,52,0.002402965014458518,real:OEWS_May2025_industry
37-2011,53,0.03105753087425388,real:OEWS_May2025_industry
37-2011,54,0.008620806690289034,real:OEWS_May2025_industry
37-2011,55,0.0031360729849712866,real:OEWS_May2025_industry
37-2011,56,0.42472293496608243,real:OEWS_May2025_industry
37-2011,61,0.18458029568688145,real:OEWS_May2025_industry
37-2011,62,0.07913040723695226,real:OEWS_May2025_industry
37-2011,71,0.02507953316408495,real:OEWS_May2025_industry
37-2011,72,0.053367545038623926,real:OEWS_May2025_industry
37-2011,81,0.023672146875014143,real:OEWS_May2025_industry
37-2011,92,0.04231662118682035,real:OEWS_May2025_industry
37-2012,11,0.00016305233980107615,real:OEWS_May2025_industry
37-2012,21,0.00009317276560061494,real:OEWS_May2025_industry
37-2012,23,0.0006289161678041509,real:OEWS_May2025_industry
37-2012,31-33,0.0004658638280030747,real:OEWS_May2025_industry
37-2012,42,0.00023293191400153735,real:OEWS_May2025_industry
37-2012,44-45,0.0011064265915073023,real:OEWS_May2025_industry
37-2012,48-49,0.00019799212690130673,real:OEWS_May2025_industry
37-2012,51,0.00011646595700076867,real:OEWS_May2025_industry
37-2012,53,0.031445808390207546,real:OEWS_May2025_industry
37-2012,54,0.0028767091379189864,real:OEWS_May2025_industry
37-2012,56,0.1659989285131956,real:OEWS_May2025_industry
37-2012,61,0.004227714239127903,real:OEWS_May2025_industry
37-2012,62,0.2584379585847057,real:OEWS_May2025_industry
37-2012,71,0.013614870373389858,real:OEWS_May2025_industry
37-2012,72,0.5011180731872074,real:OEWS_May2025_industry
37-2012,81,0.012100812932379865,real:OEWS_May2025_industry
37-2012,92,0.0071743029512473504,real:OEWS_May2025_industry
37-2019,23,0.049910873440285206,real:OEWS_May2025_industry
37-2019,31-33,0.0041592394533571005,real:OEWS_May2025_industry
37-2019,44-45,0.011883541295306001,real:OEWS_May2025_industry
37-2019,53,0.0071301247771836,real:OEWS_May2025_industry
37-2019,54,0.0059417706476530005,real:OEWS_May2025_industry
37-2019,56,0.7540106951871658,real:OEWS_May2025_industry
37-2019,61,0.0041592394533571005,real:OEWS_May2025_industry
37-2019,62,0.0225787284610814,real:OEWS_May2025_industry
37-2019,71,0.008912655971479501,real:OEWS_May2025_industry
37-2019,72,0.0915032679738562,real:OEWS_May2025_industry
37-2019,81,0.021984551396316103,real:OEWS_May2025_industry
37-2019,92,0.017825311942959002,real:OEWS_May2025_industry
37-2021,11,0.0006958250497017893,real:OEWS_May2025_industry
37-2021,23,0.0017892644135188867,real:OEWS_May2025_industry
37-2021,31-33,0.0012922465208747515,real:OEWS_May2025_industry
37-2021,42,0.0014910536779324055,real:OEWS_May2025_industry
37-2021,48-49,0.00039761431411530816,real:OEWS_May2025_industry
37-2021,53,0.0008946322067594434,real:OEWS_May2025_industry
37-2021,55,0.0017892644135188867,real:OEWS_May2025_industry
37-2021,56,0.964910536779324,real:OEWS_May2025_industry
37-2021,61,0.00268389662027833,real:OEWS_May2025_industry
37-2021,71,0.0007952286282306163,real:OEWS_May2025_industry
37-2021,72,0.00029821073558648114,real:OEWS_May2025_industry
37-2021,92,0.022962226640159046,real:OEWS_May2025_industry
37-3011,11,0.0011441767700624574,real:OEWS_May2025_industry
37-3011,21,0.0000944733112895607,real:OEWS_May2025_industry
37-3011,22,0.0016480344302734478,real:OEWS_May2025_industry
37-3011,23,0.019178082191780823,real:OEWS_May2025_industry
37-3011,31-33,0.0031071222379677743,real:OEWS_May2025_industry
37-3011,42,0.0029181756153886526,real:OEWS_May2025_industry
37-3011,44-45,0.008345142497244528,real:OEWS_May2025_industry
37-3011,48-49,0.0017215136723875506,real:OEWS_May2025_industry
37-3011,51,0.0001889466225791214,real:OEWS_May2025_industry
37-3011,52,0.000997218285834252,real:OEWS_May2025_industry
37-3011,53,0.030231459612659425,real:OEWS_May2025_industry
37-3011,54,0.011011389282527685,real:OEWS_May2025_industry
37-3011,55,0.0014485907731065974,real:OEWS_May2025_industry
37-3011,56,0.6290557917388337,real:OEWS_May2025_industry
37-3011,61,0.031113210518028657,real:OEWS_May2025_industry
37-3011,62,0.009898703616228416,real:OEWS_May2025_industry
37-3011,71,0.10779404818138875,real:OEWS_May2025_industry
37-3011,72,0.017603527003621475,real:OEWS_May2025_industry
37-3011,81,0.026547000472366557,real:OEWS_May2025_industry
37-3011,92,0.09595339316643048,real:OEWS_May2025_industry
37-3012,11,0.07594463150018706,real:OEWS_May2025_industry
37-3012,23,0.0014964459408903852,real:OEWS_May2025_industry
37-3012,42,0.18817807706696596,real:OEWS_May2025_industry
37-3012,44-45,0.0205761316872428,real:OEWS_May2025_industry
37-3012,48-49,0.002618780396558174,real:OEWS_May2025_industry
37-3012,54,0.010101010101010102,real:OEWS_May2025_industry
37-3012,56,0.5899738121960344,real:OEWS_May2025_industry
37-3012,61,0.0029928918817807705,real:OEWS_May2025_industry
37-3012,71,0.019827908716797606,real:OEWS_May2025_industry
37-3012,72,0.006359895248784137,real:OEWS_May2025_industry
37-3012,81,0.002618780396558174,real:OEWS_May2025_industry
37-3012,92,0.07931163486719042,real:OEWS_May2025_industry
37-3013,22,0.019019751280175568,real:OEWS_May2025_industry
37-3013,23,0.008595464520848573,real:OEWS_May2025_industry
37-3013,56,0.9153255303584492,real:OEWS_May2025_industry
37-3013,61,0.002377468910021946,real:OEWS_May2025_industry
37-3013,71,0.002011704462326262,real:OEWS_May2025_industry
37-3013,92,0.05267008046817849,real:OEWS_May2025_industry
37-3019,22,0.0022624434389140274,real:OEWS_May2025_industry
37-3019,23,0.0392156862745098,real:OEWS_May2025_industry
37-3019,31-33,0.01885369532428356,real:OEWS_May2025_industry
37-3019,42,0.0022624434389140274,real:OEWS_May2025_industry
37-3019,44-45,0.006787330316742082,real:OEWS_May2025_industry
37-3019,48-49,0.10105580693815988,real:OEWS_May2025_industry
37-3019,53,0.016591251885369532,real:OEWS_May2025_industry
37-3019,56,0.3680241327300151,real:OEWS_May2025_industry
37-3019,61,0.021116138763197588,real:OEWS_May2025_industry
37-3019,62,0.00980392156862745,real:OEWS_May2025_industry
37-3019,71,0.08672699849170437,real:OEWS_May2025_industry
37-3019,72,0.06862745098039216,real:OEWS_May2025_industry
37-3019,81,0.06862745098039216,real:OEWS_May2025_industry
37-3019,92,0.19004524886877827,real:OEWS_May2025_industry
39-1013,56,0.003869969040247678,real:OEWS_May2025_industry
39-1013,71,0.41911764705882354,real:OEWS_May2025_industry
39-1013,72,0.5537925696594427,real:OEWS_May2025_industry
39-1013,81,0.01741486068111455,real:OEWS_May2025_industry
39-1013,92,0.005804953560371517,real:OEWS_May2025_industry
39-1014,11,0.0002909231962761831,real:OEWS_May2025_industry
39-1014,31-33,0.0006788207913110939,real:OEWS_May2025_industry
39-1014,44-45,0.00126066718386346,real:OEWS_May2025_industry
39-1014,48-49,0.002133436772692009,real:OEWS_May2025_industry
39-1014,51,0.09784716834755625,real:OEWS_May2025_industry
39-1014,53,0.0068851823118696665,real:OEWS_May2025_industry
39-1014,55,0.0023273855702094647,real:OEWS_May2025_industry
39-1014,56,0.009212567882079132,real:OEWS_May2025_industry
39-1014,61,0.042765709852598914,real:OEWS_May2025_industry
39-1014,62,0.10288983708301008,real:OEWS_May2025_industry
39-1014,71,0.4257176105508146,real:OEWS_May2025_industry
39-1014,72,0.03985647788983708,real:OEWS_May2025_industry
39-1014,81,0.058669511249030255,real:OEWS_May2025_industry
39-1014,92,0.20946470131885184,real:OEWS_May2025_industry
39-1022,11,0.0021037868162692847,real:OEWS_May2025_industry
39-1022,31-33,0.0002629733520336606,real:OEWS_May2025_industry
39-1022,42,0.0006136044880785414,real:OEWS_May2025_industry
39-1022,44-45,0.03707924263674614,real:OEWS_May2025_industry
39-1022,48-49,0.0034186535764375876,real:OEWS_May2025_industry
39-1022,51,0.009554698457223001,real:OEWS_May2025_industry
39-1022,53,0.00447054698457223,real:OEWS_May2025_industry
39-1022,54,0.008502805049088359,real:OEWS_May2025_industry
39-1022,55,0.006048387096774193,real:OEWS_May2025_industry
39-1022,56,0.005873071528751753,real:OEWS_May2025_industry
39-1022,61,0.05417251051893408,real:OEWS_May2025_industry
39-1022,62,0.31407784011220197,real:OEWS_May2025_industry
39-1022,71,0.08704417952314165,real:OEWS_May2025_industry
39-1022,72,0.02279102384291725,real:OEWS_May2025_industry
39-1022,81,0.4119039270687237,real:OEWS_May2025_industry
39-1022,92,0.032082748948106594,real:OEWS_May2025_industry
39-2011,11,0.07993292342090554,real:OEWS_May2025_industry
39-2011,44-45,0.18613750698714365,real:OEWS_May2025_industry
39-2011,54,0.024035774175517048,real:OEWS_May2025_industry
39-2011,61,0.020122973728339856,real:OEWS_May2025_industry
39-2011,62,0.010061486864169928,real:OEWS_May2025_industry
39-2011,71,0.1335941866964785,real:OEWS_May2025_industry
39-2011,72,0.002794857462269424,real:OEWS_May2025_industry
39-2011,81,0.5405254332029067,real:OEWS_May2025_industry
39-2011,92,0.002794857462269424,real:OEWS_May2025_industry
39-2021,11,0.02202048242487902,real:OEWS_May2025_industry
39-2021,31-33,0.001162921559065161,real:OEWS_May2025_industry
39-2021,42,0.004464118242863038,real:OEWS_May2025_industry
39-2021,44-45,0.12255692688599618,real:OEWS_May2025_industry
39-2021,48-49,0.0007127583749109052,real:OEWS_May2025_industry
39-2021,54,0.13572420002250815,real:OEWS_May2025_industry
39-2021,56,0.0058146077953258055,real:OEWS_May2025_industry
39-2021,61,0.009903590051393631,real:OEWS_May2025_industry
39-2021,62,0.005176876617773943,real:OEWS_May2025_industry
39-2021,71,0.06962523914919158,real:OEWS_May2025_industry
39-2021,72,0.002963574295682185,real:OEWS_May2025_industry
39-2021,81,0.5878005777094196,real:OEWS_May2025_industry
39-2021,92,0.03207412687099073,real:OEWS_May2025_industry
39-3011,53,0.0025173819228002875,real:OEWS_May2025_industry
39-3011,71,0.42903380484296333,real:OEWS_May2025_industry
39-3011,72,0.5606569168065212,real:OEWS_May2025_industry
39-3011,81,0.005754015823543515,real:OEWS_May2025_industry
39-3011,92,0.0020378806041716616,real:OEWS_May2025_industry
39-3012,71,0.7468926553672316,real:OEWS_May2025_industry
39-3012,72,0.18192090395480226,real:OEWS_May2025_industry
39-3012,81,0.0711864406779661,real:OEWS_May2025_industry
39-3019,56,0.00684931506849315,real:OEWS_May2025_industry
39-3019,71,0.5144596651445966,real:OEWS_May2025_industry
39-3019,72,0.2899543378995434,real:OEWS_May2025_industry
39-3019,81,0.1887366818873668,real:OEWS_May2025_industry
39-3021,51,0.7910447761194029,real:OEWS_May2025_industry
39-3021,61,0.022388059701492536,real:OEWS_May2025_industry
39-3021,71,0.1865671641791045,real:OEWS_May2025_industry
39-3031,44-45,0.00032967938679634055,real:OEWS_May2025_industry
39-3031,48-49,0.0018956564740789583,real:OEWS_May2025_industry
39-3031,51,0.4355064699579659,real:OEWS_May2025_industry
39-3031,53,0.004615511415148768,real:OEWS_May2025_industry
39-3031,54,0.0012362977004862772,real:OEWS_May2025_industry
39-3031,56,0.14019615923514384,real:OEWS_May2025_industry
39-3031,61,0.027610648644193523,real:OEWS_May2025_industry
39-3031,71,0.31624495178438966,real:OEWS_May2025_industry
39-3031,72,0.038737327948570016,real:OEWS_May2025_industry
39-3031,81,0.006016648809033215,real:OEWS_May2025_industry
39-3031,92,0.027610648644193523,real:OEWS_May2025_industry
39-3091,23,0.00045263660824301555,real:OEWS_May2025_industry
39-3091,31-33,0.00045263660824301555,real:OEWS_May2025_industry
39-3091,44-45,0.0027158196494580936,real:OEWS_May2025_industry
39-3091,48-49,0.0005029295647144618,real:OEWS_May2025_industry
39-3091,51,0.0056076646465662485,real:OEWS_May2025_industry
39-3091,53,0.010108884250760682,real:OEWS_May2025_industry
39-3091,55,0.0010561520859003696,real:OEWS_May2025_industry
39-3091,56,0.013830563029647698,real:OEWS_May2025_industry
39-3091,61,0.027585686624588227,real:OEWS_May2025_industry
39-3091,62,0.0032941886488797242,real:OEWS_May2025_industry
39-3091,71,0.7498931274674981,real:OEWS_May2025_industry
39-3091,72,0.055372545075062236,real:OEWS_May2025_industry
39-3091,81,0.020670405109764377,real:OEWS_May2025_industry
39-3091,92,0.10845676063067368,real:OEWS_May2025_industry
39-3092,51,0.18518518518518517,real:OEWS_May2025_industry
39-3092,54,0.016975308641975308,real:OEWS_May2025_industry
39-3092,56,0.012345679012345678,real:OEWS_May2025_industry
39-3092,61,0.09722222222222222,real:OEWS_May2025_industry
39-3092,71,0.6095679012345679,real:OEWS_May2025_industry
39-3092,72,0.0787037037037037,real:OEWS_May2025_industry
39-3093,44-45,0.012969283276450512,real:OEWS_May2025_industry
39-3093,53,0.0061433447098976105,real:OEWS_May2025_industry
39-3093,61,0.09215017064846416,real:OEWS_May2025_industry
39-3093,62,0.00477815699658703,real:OEWS_May2025_industry
39-3093,71,0.40341296928327647,real:OEWS_May2025_industry
39-3093,72,0.24573378839590443,real:OEWS_May2025_industry
39-3093,81,0.22457337883959044,real:OEWS_May2025_industry
39-3093,92,0.010238907849829351,real:OEWS_May2025_industry
39-3099,51,0.16690442225392296,real:OEWS_May2025_industry
39-3099,53,0.029957203994293864,real:OEWS_May2025_industry
39-3099,54,0.012838801711840228,real:OEWS_May2025_industry
39-3099,56,0.03566333808844508,real:OEWS_May2025_industry
39-3099,61,0.1340941512125535,real:OEWS_May2025_industry
39-3099,71,0.4165477888730385,real:OEWS_May2025_industry
39-3099,72,0.09272467902995721,real:OEWS_May2025_industry
39-3099,81,0.028530670470756064,real:OEWS_May2025_industry
39-3099,92,0.08273894436519258,real:OEWS_May2025_industry
39-4011,61,0.010416666666666666,real:OEWS_May2025_industry
39-4011,81,0.9895833333333334,real:OEWS_May2025_industry
39-4012,54,0.047619047619047616,real:OEWS_May2025_industry
39-4012,81,0.9523809523809523,real:OEWS_May2025_industry
39-4021,81,0.9990306946688207,real:OEWS_May2025_industry
39-4021,92,0.0009693053311793214,real:OEWS_May2025_industry
39-4031,61,0.0012014417300760913,real:OEWS_May2025_industry
39-4031,81,0.9927913496195434,real:OEWS_May2025_industry
39-4031,92,0.006007208650380457,real:OEWS_May2025_industry
39-5011,62,0.003360215053763441,real:OEWS_May2025_industry
39-5011,81,0.991263440860215,real:OEWS_May2025_industry
39-5011,92,0.005376344086021506,real:OEWS_May2025_industry
39-5012,31-33,0.00026244136075845553,real:OEWS_May2025_industry
39-5012,44-45,0.10481251845290818,real:OEWS_May2025_industry
39-5012,51,0.005872125446970442,real:OEWS_May2025_industry
39-5012,53,0.0002296361906636486,real:OEWS_May2025_industry
39-5012,54,0.0007873240822753666,real:OEWS_May2025_industry
39-5012,56,0.0031821014991962734,real:OEWS_May2025_industry
39-5012,61,0.0007873240822753666,real:OEWS_May2025_industry
39-5012,62,0.004920775514221041,real:OEWS_May2025_industry
39-5012,71,0.0024275825870157136,real:OEWS_May2025_industry
39-5012,72,0.002755634287963783,real:OEWS_May2025_industry
39-5012,81,0.8735032641144245,real:OEWS_May2025_industry
39-5012,92,0.0004592723813272972,real:OEWS_May2025_industry
39-5091,51,0.6850828729281768,real:OEWS_May2025_industry
39-5091,54,0.11602209944751381,real:OEWS_May2025_industry
39-5091,56,0.04419889502762431,real:OEWS_May2025_industry
39-5091,61,0.03314917127071823,real:OEWS_May2025_industry
39-5091,71,0.12154696132596685,real:OEWS_May2025_industry
39-5092,44-45,0.0009171306911234851,real:OEWS_May2025_industry
39-5092,62,0.000982640026203734,real:OEWS_May2025_industry
39-5092,71,0.002751392073370455,real:OEWS_May2025_industry
39-5092,72,0.007599082869308877,real:OEWS_May2025_industry
39-5092,81,0.9877497543399935,real:OEWS_May2025_industry
39-5093,81,1.0,real:OEWS_May2025_industry
39-5094,42,0.003434065934065934,real:OEWS_May2025_industry
39-5094,44-45,0.049587912087912085,real:OEWS_May2025_industry
39-5094,56,0.005494505494505495,real:OEWS_May2025_industry
39-5094,61,0.001098901098901099,real:OEWS_May2025_industry
39-5094,62,0.1493131868131868,real:OEWS_May2025_industry
39-5094,71,0.010576923076923078,real:OEWS_May2025_industry
39-5094,72,0.036401098901098904,real:OEWS_May2025_industry
39-5094,81,0.7440934065934066,real:OEWS_May2025_industry
39-6011,44-45,0.003163444639718805,real:OEWS_May2025_industry
39-6011,48-49,0.17223198594024605,real:OEWS_May2025_industry
39-6011,53,0.0492091388400703,real:OEWS_May2025_industry
39-6011,56,0.029876977152899824,real:OEWS_May2025_industry
39-6011,62,0.00492091388400703,real:OEWS_May2025_industry
39-6011,71,0.022847100175746926,real:OEWS_May2025_industry
39-6011,72,0.5908611599297012,real:OEWS_May2025_industry
39-6011,81,0.12478031634446397,real:OEWS_May2025_industry
39-6011,92,0.00210896309314587,real:OEWS_May2025_industry
39-6012,23,0.002438528754318228,real:OEWS_May2025_industry
39-6012,31-33,0.002844950213371266,real:OEWS_May2025_industry
39-6012,42,0.001422475106685633,real:OEWS_May2025_industry
39-6012,44-45,0.00203210729526519,real:OEWS_May2025_industry
39-6012,48-49,0.019711440764072344,real:OEWS_May2025_industry
39-6012,51,0.012395854501117659,real:OEWS_May2025_industry
39-6012,52,0.001219264377159114,real:OEWS_May2025_industry
39-6012,53,0.2223125381020118,real:OEWS_May2025_industry
39-6012,55,0.013615118878276773,real:OEWS_May2025_industry
39-6012,56,0.10404389351757773,real:OEWS_May2025_industry
39-6012,61,0.001422475106685633,real:OEWS_May2025_industry
39-6012,62,0.26600284495021337,real:OEWS_May2025_industry
39-6012,71,0.05628937207884576,real:OEWS_May2025_industry
39-6012,72,0.16195895143263564,real:OEWS_May2025_industry
39-6012,81,0.13086770981507823,real:OEWS_May2025_industry
39-6012,92,0.001422475106685633,real:OEWS_May2025_industry
39-7010,31-33,0.01792598303777949,real:OEWS_May2025_industry
39-7010,42,0.001156515034695451,real:OEWS_May2025_industry
39-7010,44-45,0.010601387818041635,real:OEWS_May2025_industry
39-7010,48-49,0.07806476484194294,real:OEWS_May2025_industry
39-7010,51,0.0015420200462606013,real:OEWS_May2025_industry
39-7010,53,0.008673862760215882,real:OEWS_May2025_industry
39-7010,54,0.01117964533538936,real:OEWS_May2025_industry
39-7010,56,0.1653816499614495,real:OEWS_May2025_industry
39-7010,61,0.03469545104086353,real:OEWS_May2025_industry
39-7010,62,0.005975327679259831,real:OEWS_May2025_industry
39-7010,71,0.531804163454125,real:OEWS_May2025_industry
39-7010,72,0.04394757131842714,real:OEWS_May2025_industry
39-7010,81,0.01966075558982267,real:OEWS_May2025_industry
39-7010,92,0.06939090208172706,real:OEWS_May2025_industry
39-9011,23,0.00017394329448599757,real:OEWS_May2025_industry
39-9011,31-33,0.00034788658897199514,real:OEWS_May2025_industry
39-9011,44-45,0.00042519471985466074,real:OEWS_May2025_industry
39-9011,51,0.00009663516360333198,real:OEWS_May2025_industry
39-9011,54,0.0013142382250053149,real:OEWS_May2025_industry
39-9011,55,0.0017201059121393092,real:OEWS_May2025_industry
39-9011,56,0.013470941806304478,real:OEWS_May2025_industry
39-9011,61,0.24112406022303395,real:OEWS_May2025_industry
39-9011,62,0.5901122900601071,real:OEWS_May2025_industry
39-9011,71,0.058908795732591175,real:OEWS_May2025_industry
39-9011,72,0.0010629867996366517,real:OEWS_May2025_industry
39-9011,81,0.06725807386791906,real:OEWS_May2025_industry
39-9011,92,0.023984847606346997,real:OEWS_May2025_industry
39-9031,23,0.0001239771881973717,real:OEWS_May2025_industry
39-9031,44-45,0.0002479543763947434,real:OEWS_May2025_industry
39-9031,51,0.0004339201586908009,real:OEWS_May2025_industry
39-9031,52,0.0001239771881973717,real:OEWS_May2025_industry
39-9031,53,0.001239771881973717,real:OEWS_May2025_industry
39-9031,54,0.00034093726754277215,real:OEWS_May2025_industry
39-9031,56,0.003254401190181007,real:OEWS_May2025_industry
39-9031,61,0.08377758492437391,real:OEWS_May2025_industry
39-9031,62,0.03598437887428713,real:OEWS_May2025_industry
39-9031,71,0.6789300768658567,real:OEWS_May2025_industry
39-9031,72,0.008864368956112076,real:OEWS_May2025_industry
39-9031,81,0.14207785767418796,real:OEWS_May2025_industry
39-9031,92,0.044600793454004466,real:OEWS_May2025_industry
39-9032,31-33,0.00024150943396226415,real:OEWS_May2025_industry
39-9032,44-45,0.0036830188679245284,real:OEWS_May2025_industry
39-9032,48-49,0.00021132075471698113,real:OEWS_May2025_industry
39-9032,53,0.009116981132075472,real:OEWS_May2025_industry
39-9032,55,0.0018113207547169811,real:OEWS_May2025_industry
39-9032,56,0.008935849056603773,real:OEWS_May2025_industry
39-9032,61,0.08854339622641509,real:OEWS_May2025_industry
39-9032,62,0.29735849056603775,real:OEWS_May2025_industry
39-9032,71,0.12449811320754717,real:OEWS_May2025_industry
39-9032,72,0.03426415094339623,real:OEWS_May2025_industry
39-9032,81,0.09002264150943397,real:OEWS_May2025_industry
39-9032,92,0.3413132075471698,real:OEWS_May2025_industry
39-9041,31-33,0.00047208780833234983,real:OEWS_May2025_industry
39-9041,53,0.021834061135371178,real:OEWS_May2025_industry
39-9041,55,0.007435382981234509,real:OEWS_May2025_industry
39-9041,56,0.0041307683229080605,real:OEWS_May2025_industry
39-9041,61,0.18966127699752153,real:OEWS_May2025_industry
39-9041,62,0.6912545733506432,real:OEWS_May2025_industry
39-9041,71,0.0005901097604154372,real:OEWS_May2025_industry
39-9041,72,0.015342853770801369,real:OEWS_May2025_industry
39-9041,81,0.02041779771037413,real:OEWS_May2025_industry
39-9041,92,0.0488610881623982,real:OEWS_May2025_industry
39-9099,44-45,0.030116472545757073,real:OEWS_May2025_industry
39-9099,48-49,0.031281198003327786,real:OEWS_May2025_industry
39-9099,53,0.004658901830282862,real:OEWS_May2025_industry
39-9099,54,0.0026622296173044926,real:OEWS_May2025_industry
39-9099,56,0.017970049916805324,real:OEWS_May2025_industry
39-9099,61,0.016638935108153077,real:OEWS_May2025_industry
39-9099,62,0.45640599001663895,real:OEWS_May2025_industry
39-9099,71,0.0475873544093178,real:OEWS_May2025_industry
39-9099,72,0.05124792013311148,real:OEWS_May2025_industry
39-9099,81,0.3123128119800333,real:OEWS_May2025_industry
39-9099,92,0.029118136439267885,real:OEWS_May2025_industry
41-1011,11,0.00003565729771169292,real:OEWS_May2025_industry
41-1011,22,0.00005348594656753938,real:OEWS_May2025_industry
41-1011,23,0.0010251473092111713,real:OEWS_May2025_industry
41-1011,31-33,0.005152479519339627,real:OEWS_May2025_industry
41-1011,42,0.02241952593622692,real:OEWS_May2025_industry
41-1011,44-45,0.889337576551761,real:OEWS_May2025_industry
41-1011,48-49,0.0016313213703099511,real:OEWS_May2025_industry
41-1011,51,0.001978980022998957,real:OEWS_May2025_industry
41-1011,52,0.004136246534556379,real:OEWS_May2025_industry
41-1011,53,0.019700656985710337,real:OEWS_May2025_industry
41-1011,54,0.002834755168079587,real:OEWS_May2025_industry
41-1011,55,0.0038599024772907587,real:OEWS_May2025_industry
41-1011,56,0.00662334304994696,real:OEWS_May2025_industry
41-1011,61,0.001666978668021644,real:OEWS_May2025_industry
41-1011,62,0.0046711060002317725,real:OEWS_May2025_industry
41-1011,71,0.01040301660738641,real:OEWS_May2025_industry
41-1011,72,0.012453311225808752,real:OEWS_May2025_industry
41-1011,81,0.007318660355324972,real:OEWS_May2025_industry
41-1011,92,0.004697848973515542,real:OEWS_May2025_industry
41-1012,11,0.00023321983301459955,real:OEWS_May2025_industry
41-1012,21,0.001072811231867158,real:OEWS_May2025_industry
41-1012,22,0.001072811231867158,real:OEWS_May2025_industry
41-1012,23,0.019637109939829284,real:OEWS_May2025_industry
41-1012,31-33,0.05214795466206446,real:OEWS_May2025_industry
41-1012,42,0.28028359531694574,real:OEWS_May2025_industry
41-1012,44-45,0.11702971220672606,real:OEWS_May2025_industry
41-1012,48-49,0.0103083166192453,real:OEWS_May2025_industry
41-1012,51,0.08470544335090256,real:OEWS_May2025_industry
41-1012,52,0.21227669200988852,real:OEWS_May2025_industry
41-1012,53,0.02672699286347311,real:OEWS_May2025_industry
41-1012,54,0.07304445170017258,real:OEWS_May2025_industry
41-1012,55,0.03148467745697094,real:OEWS_May2025_industry
41-1012,56,0.05018890806474183,real:OEWS_May2025_industry
41-1012,61,0.004151313027659872,real:OEWS_May2025_industry
41-1012,62,0.0046643966602919916,real:OEWS_May2025_industry
41-1012,71,0.009655301086804421,real:OEWS_May2025_industry
41-1012,72,0.006576799291011707,real:OEWS_May2025_industry
41-1012,81,0.012034143383553337,real:OEWS_May2025_industry
41-1012,92,0.002705350062969355,real:OEWS_May2025_industry
41-2011,22,0.00015537500404622407,real:OEWS_May2025_industry
41-2011,23,0.0002362994853202991,real:OEWS_May2025_industry
41-2011,31-33,0.008668630434078917,real:OEWS_May2025_industry
41-2011,42,0.0061729194315864435,real:OEWS_May2025_industry
41-2011,44-45,0.8263101673518273,real:OEWS_May2025_industry
41-2011,48-49,0.0007283203314666753,real:OEWS_May2025_industry
41-2011,51,0.0013757161816592756,real:OEWS_May2025_industry
41-2011,52,0.0009872786715437155,real:OEWS_May2025_industry
41-2011,53,0.0013142135758909786,real:OEWS_May2025_industry
41-2011,54,0.0010423073188100865,real:OEWS_May2025_industry
41-2011,55,0.0006635807464474153,real:OEWS_May2025_industry
41-2011,56,0.0036577865535881915,real:OEWS_May2025_industry
41-2011,61,0.002596057359272327,real:OEWS_May2025_industry
41-2011,62,0.0038681902049007865,real:OEWS_May2025_industry
41-2011,71,0.015990677499757227,real:OEWS_May2025_industry
41-2011,72,0.11079208882271065,real:OEWS_May2025_industry
41-2011,81,0.008047130417894021,real:OEWS_May2025_industry
41-2011,92,0.007393260609199495,real:OEWS_May2025_industry
41-2012,71,0.5726296123306865,real:OEWS_May2025_industry
41-2012,72,0.4044838860345633,real:OEWS_May2025_industry
41-2012,81,0.014479215319943952,real:OEWS_May2025_industry
41-2012,92,0.008407286314806165,real:OEWS_May2025_industry
41-2021,23,0.0028967411661880386,real:OEWS_May2025_industry
41-2021,31-33,0.0034960669247097015,real:OEWS_May2025_industry
41-2021,42,0.07786240479460607,real:OEWS_May2025_industry
41-2021,44-45,0.22352353602197528,real:OEWS_May2025_industry
41-2021,48-49,0.00641777999750281,real:OEWS_May2025_industry
41-2021,53,0.4466475215382694,real:OEWS_May2025_industry
41-2021,54,0.002072668248220752,real:OEWS_May2025_industry
41-2021,55,0.001997752528405544,real:OEWS_May2025_industry
41-2021,56,0.054888250717942316,real:OEWS_May2025_industry
41-2021,61,0.00044949431889124733,real:OEWS_May2025_industry
41-2021,62,0.0007491571981520789,real:OEWS_May2025_industry
41-2021,71,0.026570108627793732,real:OEWS_May2025_industry
41-2021,72,0.005019353227618929,real:OEWS_May2025_industry
41-2021,81,0.14221500811586965,real:OEWS_May2025_industry
41-2021,92,0.005194156573854414,real:OEWS_May2025_industry
41-2022,23,0.0030369245583496906,real:OEWS_May2025_industry
41-2022,31-33,0.008888559682974705,real:OEWS_May2025_industry
41-2022,42,0.18777082330284064,real:OEWS_May2025_industry
41-2022,44-45,0.7442687307877486,real:OEWS_May2025_industry
41-2022,48-49,0.003370245546461242,real:OEWS_May2025_industry
41-2022,53,0.005518314136513463,real:OEWS_May2025_industry
41-2022,54,0.000629606310877375,real:OEWS_May2025_industry
41-2022,55,0.0018888189326321247,real:OEWS_May2025_industry
41-2022,56,0.002740639235583867,real:OEWS_May2025_industry
41-2022,71,0.0005184993148401911,real:OEWS_May2025_industry
41-2022,81,0.040813303210992184,real:OEWS_May2025_industry
41-2022,92,0.0005555349801859191,real:OEWS_May2025_industry
41-2031,11,0.00008722914069034168,real:OEWS_May2025_industry
41-2031,22,0.0000205245036918451,real:OEWS_May2025_industry
41-2031,23,0.0022192119616807515,real:OEWS_May2025_industry
41-2031,31-33,0.010672741919759452,real:OEWS_May2025_industry
41-2031,42,0.015647368502070408,real:OEWS_May2025_industry
41-2031,44-45,0.9108723427181626,real:OEWS_May2025_industry
41-2031,48-49,0.00269640667251615,real:OEWS_May2025_industry
41-2031,51,0.0020139669247623004,real:OEWS_May2025_industry
41-2031,52,0.0037790742422609794,real:OEWS_May2025_industry
41-2031,53,0.0024398503763680864,real:OEWS_May2025_industry
41-2031,54,0.0041023351754075395,real:OEWS_May2025_industry
41-2031,55,0.0020421881173385875,real:OEWS_May2025_industry
41-2031,56,0.008912765728183735,real:OEWS_May2025_industry
41-2031,61,0.0009543894216707972,real:OEWS_May2025_industry
41-2031,62,0.005782778915177357,real:OEWS_May2025_industry
41-2031,71,0.012584086326062527,real:OEWS_May2025_industry
41-2031,72,0.00703990476630287,real:OEWS_May2025_industry
41-2031,81,0.00506955241188574,real:OEWS_May2025_industry
41-2031,92,0.0030632821760078815,real:OEWS_May2025_industry
41-3011,31-33,0.0031920748486516234,real:OEWS_May2025_industry
41-3011,42,0.008145294441386902,real:OEWS_May2025_industry
41-3011,44-45,0.001651073197578426,real:OEWS_May2025_industry
41-3011,48-49,0.0035222894881673087,real:OEWS_May2025_industry
41-3011,51,0.42839845899834894,real:OEWS_May2025_industry
41-3011,52,0.002201430930104568,real:OEWS_May2025_industry
41-3011,54,0.5304347826086957,real:OEWS_May2025_industry
41-3011,55,0.008145294441386902,real:OEWS_May2025_industry
41-3011,61,0.0013208585580627408,real:OEWS_May2025_industry
41-3011,71,0.006824435883324161,real:OEWS_May2025_industry
41-3011,81,0.005613648871766648,real:OEWS_May2025_industry
41-3011,92,0.000550357732526142,real:OEWS_May2025_industry
41-3021,23,0.00012599218848431397,real:OEWS_May2025_industry
41-3021,52,0.9750325479820251,real:OEWS_May2025_industry
41-3021,53,0.0009239427155516358,real:OEWS_May2025_industry
41-3021,54,0.00354877997564151,real:OEWS_May2025_industry
41-3021,55,0.006803578178152954,real:OEWS_May2025_industry
41-3021,56,0.010898324303893158,real:OEWS_May2025_industry
41-3021,62,0.0007559531309058839,real:OEWS_May2025_industry
41-3021,81,0.00037797656545294193,real:OEWS_May2025_industry
41-3021,92,0.0015329049598924868,real:OEWS_May2025_industry
41-3031,21,0.00032948929159802305,real:OEWS_May2025_industry
41-3031,22,0.0006795716639209226,real:OEWS_May2025_industry
41-3031,31-33,0.00020593080724876442,real:OEWS_May2025_industry
41-3031,42,0.0025947281713344316,real:OEWS_May2025_industry
41-3031,44-45,0.0043245469522240525,real:OEWS_May2025_industry
41-3031,51,0.00121499176276771,real:OEWS_May2025_industry
41-3031,52,0.9530271828665569,real:OEWS_May2025_industry
41-3031,53,0.0009472817133443164,real:OEWS_May2025_industry
41-3031,54,0.010028830313014827,real:OEWS_May2025_industry
41-3031,55,0.025967874794069194,real:OEWS_May2025_industry
41-3031,81,0.00041186161449752884,real:OEWS_May2025_industry
41-3031,92,0.00026771004942339376,real:OEWS_May2025_industry
41-3041,48-49,0.038996704503844744,real:OEWS_May2025_industry
41-3041,52,0.038996704503844744,real:OEWS_May2025_industry
41-3041,54,0.003661662394727206,real:OEWS_May2025_industry
41-3041,55,0.049249359209080926,real:OEWS_May2025_industry
41-3041,56,0.8436470157451483,real:OEWS_May2025_industry
41-3041,71,0.015012815818381545,real:OEWS_May2025_industry
41-3041,72,0.008421823507872574,real:OEWS_May2025_industry
41-3041,81,0.0014646649578908824,real:OEWS_May2025_industry
41-3041,92,0.0005492493592090809,real:OEWS_May2025_industry
41-3091,11,0.0005334309963217146,real:OEWS_May2025_industry
41-3091,21,0.0036942086909444115,real:OEWS_May2025_industry
41-3091,22,0.004912342160156686,real:OEWS_May2025_industry
41-3091,23,0.10312733873664433,real:OEWS_May2025_industry
41-3091,31-33,0.01267495740513686,real:OEWS_May2025_industry
41-3091,42,0.03265871562554736,real:OEWS_May2025_industry
41-3091,44-45,0.09574688301141701,real:OEWS_May2025_industry
41-3091,48-49,0.04679861785640356,real:OEWS_May2025_industry
41-3091,51,0.1551567650196653,real:OEWS_May2025_industry
41-3091,52,0.01689463543574147,real:OEWS_May2025_industry
41-3091,53,0.01808092227830767,real:OEWS_May2025_industry
41-3091,54,0.23331634846578875,real:OEWS_May2025_industry
41-3091,55,0.022587219948726932,real:OEWS_May2025_industry
41-3091,56,0.12939284406299262,real:OEWS_May2025_industry
41-3091,61,0.012268912915399437,real:OEWS_May2025_industry
41-3091,62,0.027937453225267115,real:OEWS_May2025_industry
41-3091,71,0.025843537523287847,real:OEWS_May2025_industry
41-3091,72,0.023884969984554385,real:OEWS_May2025_industry
41-3091,81,0.03317622330854604,real:OEWS_May2025_industry
41-3091,92,0.0013136733491504913,real:OEWS_May2025_industry
41-4011,21,0.0006336689431810181,real:OEWS_May2025_industry
41-4011,22,0.002640287263254242,real:OEWS_May2025_industry
41-4011,23,0.009892276279659227,real:OEWS_May2025_industry
41-4011,31-33,0.11011758079279026,real:OEWS_May2025_industry
41-4011,42,0.6179328310920228,real:OEWS_May2025_industry
41-4011,44-45,0.017848341899598677,real:OEWS_May2025_industry
41-4011,48-49,0.0028515102443145814,real:OEWS_May2025_industry
41-4011,51,0.06822502288248962,real:OEWS_May2025_industry
41-4011,53,0.004013236640146448,real:OEWS_May2025_industry
41-4011,54,0.1235302400901218,real:OEWS_May2025_industry
41-4011,55,0.021720763219038233,real:OEWS_May2025_industry
41-4011,56,0.00883616137435753,real:OEWS_May2025_industry
41-4011,61,0.0010561149053016968,real:OEWS_May2025_industry
41-4011,62,0.006407097092163627,real:OEWS_May2025_industry
41-4011,81,0.004294867281560233,real:OEWS_May2025_industry
41-4012,11,0.0012921983524471006,real:OEWS_May2025_industry
41-4012,21,0.0012760458730415119,real:OEWS_May2025_industry
41-4012,22,0.0008803101276045873,real:OEWS_May2025_industry
41-4012,23,0.015029882086900339,real:OEWS_May2025_industry
41-4012,31-33,0.18459861088677113,real:OEWS_May2025_industry
41-4012,42,0.6459053464706832,real:OEWS_May2025_industry
41-4012,44-45,0.058948473590696174,real:OEWS_May2025_industry
41-4012,48-49,0.007914714908738492,real:OEWS_May2025_industry
41-4012,51,0.011169439508964625,real:OEWS_May2025_industry
41-4012,52,0.0018252301728315296,real:OEWS_May2025_industry
41-4012,53,0.008035858504280407,real:OEWS_May2025_industry
41-4012,54,0.017089323211112905,real:OEWS_May2025_industry
41-4012,55,0.02448715877887256,real:OEWS_May2025_industry
41-4012,56,0.013576158940397352,real:OEWS_May2025_industry
41-4012,61,0.0007268615732514941,real:OEWS_May2025_industry
41-4012,62,0.00033112582781456954,real:OEWS_May2025_industry
41-4012,71,0.0008076239702794379,real:OEWS_May2025_industry
41-4012,72,0.0006622516556291391,real:OEWS_May2025_industry
41-4012,81,0.005152640930382814,real:OEWS_May2025_industry
41-4012,92,0.00029074462930059764,real:OEWS_May2025_industry
41-9011,23,0.022914757103574702,real:OEWS_May2025_industry
41-9011,31-33,0.2229147571035747,real:OEWS_May2025_industry
41-9011,42,0.06416131989000917,real:OEWS_May2025_industry
41-9011,44-45,0.18771769019248397,real:OEWS_May2025_industry
41-9011,48-49,0.0005499541704857929,real:OEWS_May2025_industry
41-9011,54,0.4324472960586618,real:OEWS_May2025_industry
41-9011,55,0.01228230980751604,real:OEWS_May2025_industry
41-9011,61,0.0036663611365719525,real:OEWS_May2025_industry
41-9011,71,0.043263061411549036,real:OEWS_May2025_industry
41-9011,72,0.01008249312557287,real:OEWS_May2025_industry
41-9012,51,0.17032967032967034,real:OEWS_May2025_industry
41-9012,55,0.038461538461538464,real:OEWS_May2025_industry
41-9012,61,0.5769230769230769,real:OEWS_May2025_industry
41-9012,71,0.21428571428571427,real:OEWS_May2025_industry
41-9021,23,0.02289740202553941,real:OEWS_May2025_industry
41-9021,52,0.04645530603258476,real:OEWS_May2025_industry
41-9021,53,0.9055482166446499,real:OEWS_May2025_industry
41-9021,54,0.011668868339938352,real:OEWS_May2025_industry
41-9021,55,0.007705856450902686,real:OEWS_May2025_industry
41-9021,56,0.0030823425803610744,real:OEWS_May2025_industry
41-9021,62,0.0015411712901805372,real:OEWS_May2025_industry
41-9021,71,0.001100836635843241,real:OEWS_May2025_industry
41-9022,21,0.008029582673005811,real:OEWS_May2025_industry
41-9022,22,0.002694136291600634,real:OEWS_May2025_industry
41-9022,23,0.07258320126782884,real:OEWS_May2025_industry
41-9022,42,0.00021130480718436345,real:OEWS_May2025_industry
41-9022,44-45,0.0021130480718436345,real:OEWS_May2025_industry
41-9022,48-49,0.0005810882197569995,real:OEWS_May2025_industry
41-9022,51,0.0011093502377179081,real:OEWS_May2025_industry
41-9022,52,0.009033280507131538,real:OEWS_May2025_industry
41-9022,53,0.8338087691494982,real:OEWS_May2025_industry
41-9022,54,0.01658742736397253,real:OEWS_May2025_industry
41-9022,55,0.012361331220285262,real:OEWS_May2025_industry
41-9022,61,0.0003169572107765452,real:OEWS_May2025_industry
41-9022,62,0.0017960908610670893,real:OEWS_May2025_industry
41-9022,71,0.0004226096143687269,real:OEWS_May2025_industry
41-9022,81,0.001901743264659271,real:OEWS_May2025_industry
41-9022,92,0.03645007923930269,real:OEWS_May2025_industry
41-9031,22,0.004672897196261682,real:OEWS_May2025_industry
41-9031,23,0.029010903426791277,real:OEWS_May2025_industry
41-9031,31-33,0.21144859813084113,real:OEWS_May2025_industry
41-9031,42,0.27511682242990654,real:OEWS_May2025_industry
41-9031,44-45,0.014213395638629283,real:OEWS_May2025_industry
41-9031,48-49,0.005841121495327103,real:OEWS_May2025_industry
41-9031,51,0.1557632398753894,real:OEWS_May2025_industry
41-9031,52,0.006425233644859813,real:OEWS_May2025_industry
41-9031,54,0.25136292834890966,real:OEWS_May2025_industry
41-9031,55,0.023559190031152647,real:OEWS_May2025_industry
41-9031,56,0.01732866043613707,real:OEWS_May2025_industry
41-9031,81,0.004478193146417445,real:OEWS_May2025_industry
41-9031,92,0.000778816199376947,real:OEWS_May2025_industry
41-9041,23,0.03918169209431346,real:OEWS_May2025_industry
41-9041,31-33,0.0034674063800277394,real:OEWS_May2025_industry
41-9041,42,0.04022191400832178,real:OEWS_May2025_industry
41-9041,44-45,0.015603328710124827,real:OEWS_May2025_industry
41-9041,48-49,0.0074549237170596395,real:OEWS_May2025_industry
41-9041,51,0.03311373092926491,real:OEWS_May2025_industry
41-9041,52,0.09414008321775312,real:OEWS_May2025_industry
41-9041,53,0.0022538141470180304,real:OEWS_May2025_industry
41-9041,54,0.044382801664355064,real:OEWS_May2025_industry
41-9041,56,0.690880721220527,real:OEWS_May2025_industry
41-9041,61,0.009708737864077669,real:OEWS_May2025_industry
41-9041,62,0.009188626907073508,real:OEWS_May2025_industry
41-9041,71,0.0017337031900138697,real:OEWS_May2025_industry
41-9041,72,0.0006934812760055479,real:OEWS_May2025_industry
41-9041,81,0.0079750346740638,real:OEWS_May2025_industry
41-9091,23,0.6236559139784946,real:OEWS_May2025_industry
41-9091,42,0.043010752688172046,real:OEWS_May2025_industry
41-9091,51,0.08602150537634409,real:OEWS_May2025_industry
41-9091,54,0.08602150537634409,real:OEWS_May2025_industry
41-9091,72,0.16129032258064516,real:OEWS_May2025_industry
41-9099,11,0.0007624441781940966,real:OEWS_May2025_industry
41-9099,21,0.0007624441781940966,real:OEWS_May2025_industry
41-9099,22,0.0008713647750789674,real:OEWS_May2025_industry
41-9099,23,0.02908179936826054,real:OEWS_May2025_industry
41-9099,31-33,0.04934103038884653,real:OEWS_May2025_industry
41-9099,42,0.15314235922012853,real:OEWS_May2025_industry
41-9099,44-45,0.29953164143339506,real:OEWS_May2025_industry
41-9099,48-49,0.007406600588171223,real:OEWS_May2025_industry
41-9099,51,0.033656464437425114,real:OEWS_May2025_industry
41-9099,52,0.17056965472170788,real:OEWS_May2025_industry
41-9099,53,0.021784119376974186,real:OEWS_May2025_industry
41-9099,54,0.06393639037141924,real:OEWS_May2025_industry
41-9099,55,0.04487528591656682,real:OEWS_May2025_industry
41-9099,56,0.05729223396144211,real:OEWS_May2025_industry
41-9099,61,0.007624441781940965,real:OEWS_May2025_industry
41-9099,62,0.012199106851105545,real:OEWS_May2025_industry
41-9099,71,0.02243764295828341,real:OEWS_May2025_industry
41-9099,81,0.01993246922993138,real:OEWS_May2025_industry
41-9099,92,0.004792506262934321,real:OEWS_May2025_industry
43-1011,11,0.0011276075925577898,real:OEWS_May2025_industry
43-1011,21,0.00201855680149234,real:OEWS_May2025_industry
43-1011,22,0.0055614720151461365,real:OEWS_May2025_industry
43-1011,23,0.03857531653058809,real:OEWS_May2025_industry
43-1011,31-33,0.048549771346238176,real:OEWS_May2025_industry
43-1011,42,0.04672610968420027,real:OEWS_May2025_industry
43-1011,44-45,0.06723882311177933,real:OEWS_May2025_industry
43-1011,48-49,0.06680030904800685,real:OEWS_May2025_industry
43-1011,51,0.019684409084897714,real:OEWS_May2025_industry
43-1011,52,0.12261688487961744,real:OEWS_May2025_industry
43-1011,53,0.018591604195813932,real:OEWS_May2025_industry
43-1011,54,0.07842441200832481,real:OEWS_May2025_industry
43-1011,55,0.038756290588652924,real:OEWS_May2025_industry
43-1011,56,0.06966109127357013,real:OEWS_May2025_industry
43-1011,61,0.05092331572316538,real:OEWS_May2025_industry
43-1011,62,0.16674671288465687,real:OEWS_May2025_industry
43-1011,71,0.013092777046921005,real:OEWS_May2025_industry
43-1011,72,0.032533567207500676,real:OEWS_May2025_industry
43-1011,81,0.025754000570764338,real:OEWS_May2025_industry
43-1011,92,0.08661696840610579,real:OEWS_May2025_industry
43-2011,31-33,0.0024052916416115455,real:OEWS_May2025_industry
43-2011,44-45,0.023752254960914012,real:OEWS_May2025_industry
43-2011,48-49,0.004209260372820205,real:OEWS_May2025_industry
43-2011,51,0.012026458208057728,real:OEWS_May2025_industry
43-2011,52,0.01984365604329525,real:OEWS_May2025_industry
43-2011,54,0.02555622369212267,real:OEWS_May2025_industry
43-2011,55,0.02164762477450391,real:OEWS_May2025_industry
43-2011,56,0.2269993986770896,real:OEWS_May2025_industry
43-2011,61,0.020444978953698137,real:OEWS_May2025_industry
43-2011,62,0.5252555622369213,real:OEWS_May2025_industry
43-2011,71,0.00751653638003608,real:OEWS_May2025_industry
43-2011,72,0.06524353577871317,real:OEWS_May2025_industry
43-2011,81,0.005712567648827421,real:OEWS_May2025_industry
43-2011,92,0.039386650631389054,real:OEWS_May2025_industry
43-2021,44-45,0.022082018927444796,real:OEWS_May2025_industry
43-2021,51,0.0914826498422713,real:OEWS_May2025_industry
43-2021,52,0.01892744479495268,real:OEWS_May2025_industry
43-2021,55,0.01892744479495268,real:OEWS_May2025_industry
43-2021,61,0.08832807570977919,real:OEWS_May2025_industry
43-2021,62,0.5678233438485805,real:OEWS_May2025_industry
43-2021,72,0.11041009463722397,real:OEWS_May2025_industry
43-2021,92,0.08201892744479496,real:OEWS_May2025_industry
43-2099,52,0.08974358974358974,real:OEWS_May2025_industry
43-2099,56,0.038461538461538464,real:OEWS_May2025_industry
43-2099,62,0.08974358974358974,real:OEWS_May2025_industry
43-2099,72,0.05128205128205128,real:OEWS_May2025_industry
43-2099,92,0.7307692307692307,real:OEWS_May2025_industry
43-3011,22,0.008374787481896606,real:OEWS_May2025_industry
43-3011,23,0.007934009193375733,real:OEWS_May2025_industry
43-3011,31-33,0.019016434733329136,real:OEWS_May2025_industry
43-3011,42,0.033184308292928656,real:OEWS_May2025_industry
43-3011,44-45,0.0275801271960204,real:OEWS_May2025_industry
43-3011,48-49,0.020779547887412632,real:OEWS_May2025_industry
43-3011,51,0.021409231156728166,real:OEWS_May2025_industry
43-3011,52,0.23279390466595304,real:OEWS_May2025_industry
43-3011,53,0.01542724009823059,real:OEWS_May2025_industry
43-3011,54,0.07770291543353693,real:OEWS_May2025_industry
43-3011,55,0.072476544298218,real:OEWS_May2025_industry
43-3011,56,0.30180719098293557,real:OEWS_May2025_industry
43-3011,61,0.009571185693596121,real:OEWS_May2025_industry
43-3011,62,0.11000566714942384,real:OEWS_May2025_industry
43-3011,71,0.0021409231156728167,real:OEWS_May2025_industry
43-3011,72,0.0008185882501101946,real:OEWS_May2025_industry
43-3011,81,0.0054782444430451485,real:OEWS_May2025_industry
43-3011,92,0.03349914992758642,real:OEWS_May2025_industry
43-3021,11,0.00012374706100730108,real:OEWS_May2025_industry
43-3021,21,0.0014354659076846925,real:OEWS_May2025_industry
43-3021,22,0.0069793342408117805,real:OEWS_May2025_industry
43-3021,23,0.023734686301200347,real:OEWS_May2025_industry
43-3021,31-33,0.01843831209008786,real:OEWS_May2025_industry
43-3021,42,0.03878232891968816,real:OEWS_May2025_industry
43-3021,44-45,0.030813018190817967,real:OEWS_May2025_industry
43-3021,48-49,0.02727385224600916,real:OEWS_May2025_industry
43-3021,51,0.020962752134636803,real:OEWS_May2025_industry
43-3021,52,0.04222249721569113,real:OEWS_May2025_industry
43-3021,53,0.009726518995173865,real:OEWS_May2025_industry
43-3021,54,0.15443633213711175,real:OEWS_May2025_industry
43-3021,55,0.06811038237841852,real:OEWS_May2025_industry
43-3021,56,0.07046157653755723,real:OEWS_May2025_industry
43-3021,61,0.012795446108154931,real:OEWS_May2025_industry
43-3021,62,0.43504516767726764,real:OEWS_May2025_industry
43-3021,71,0.0013117188466773913,real:OEWS_May2025_industry
43-3021,72,0.0009404776636554882,real:OEWS_May2025_industry
43-3021,81,0.009305778987749041,real:OEWS_May2025_industry
43-3021,92,0.027100606360598935,real:OEWS_May2025_industry
43-3031,11,0.0029846617504677183,real:OEWS_May2025_industry
43-3031,21,0.004207645101878881,real:OEWS_May2025_industry
43-3031,22,0.0034505601700529232,real:OEWS_May2025_industry
43-3031,23,0.08493910562062765,real:OEWS_May2025_industry
43-3031,31-33,0.06676178759399864,real:OEWS_May2025_industry
43-3031,42,0.07334260277063967,real:OEWS_May2025_industry
43-3031,44-45,0.07522075577459252,real:OEWS_May2025_industry
43-3031,48-49,0.028842024037446585,real:OEWS_May2025_industry
43-3031,51,0.016211809069003925,real:OEWS_May2025_industry
43-3031,52,0.06069782847658496,real:OEWS_May2025_industry
43-3031,53,0.0422293239377152,real:OEWS_May2025_industry
43-3031,54,0.1493495621282822,real:OEWS_May2025_industry
43-3031,55,0.05189671614410821,real:OEWS_May2025_industry
43-3031,56,0.06405375303015964,real:OEWS_May2025_industry
43-3031,61,0.05065189380427899,real:OEWS_May2025_industry
43-3031,62,0.07111502595199791,real:OEWS_May2025_industry
43-3031,71,0.0139987915759742,real:OEWS_May2025_industry
43-3031,72,0.026323260706564072,real:OEWS_May2025_industry
43-3031,81,0.04723773194825616,real:OEWS_May2025_industry
43-3031,92,0.06648516040736993,real:OEWS_May2025_industry
43-3041,71,0.5720250521920668,real:OEWS_May2025_industry
43-3041,72,0.41892832289492,real:OEWS_May2025_industry
43-3041,92,0.009046624913013222,real:OEWS_May2025_industry
43-3051,11,0.00770385845792257,real:OEWS_May2025_industry
43-3051,21,0.0031337729320362996,real:OEWS_May2025_industry
43-3051,22,0.003199059868120389,real:OEWS_May2025_industry
43-3051,23,0.1040020891819547,real:OEWS_May2025_industry
43-3051,31-33,0.05066266240125351,real:OEWS_May2025_industry
43-3051,42,0.02742051315531762,real:OEWS_May2025_industry
43-3051,44-45,0.03982503101129464,real:OEWS_May2025_industry
43-3051,48-49,0.03532023242149246,real:OEWS_May2025_industry
43-3051,51,0.014428412874583796,real:OEWS_May2025_industry
43-3051,52,0.030293138343017563,real:OEWS_May2025_industry
43-3051,53,0.019063785336554156,real:OEWS_May2025_industry
43-3051,54,0.15538290788013318,real:OEWS_May2025_industry
43-3051,55,0.09283802311157538,real:OEWS_May2025_industry
43-3051,56,0.12097669256381798,real:OEWS_May2025_industry
43-3051,61,0.07756088006789841,real:OEWS_May2025_industry
43-3051,62,0.08931252856303454,real:OEWS_May2025_industry
43-3051,71,0.010184762029117974,real:OEWS_May2025_industry
43-3051,72,0.02637592217797219,real:OEWS_May2025_industry
43-3051,81,0.016321734021022393,real:OEWS_May2025_industry
43-3051,92,0.07599399360188026,real:OEWS_May2025_industry
43-3061,11,0.0010748835542816195,real:OEWS_May2025_industry
43-3061,21,0.0023289143676101754,real:OEWS_May2025_industry
43-3061,22,0.0035829451809387316,real:OEWS_May2025_industry
43-3061,23,0.04639914009315658,real:OEWS_May2025_industry
43-3061,31-33,0.13937656753851665,real:OEWS_May2025_industry
43-3061,42,0.14707989967753493,real:OEWS_May2025_industry
43-3061,44-45,0.07255463991400932,real:OEWS_May2025_industry
43-3061,48-49,0.032246506628448586,real:OEWS_May2025_industry
43-3061,51,0.006270154066642781,real:OEWS_May2025_industry
43-3061,52,0.009315657470440702,real:OEWS_May2025_industry
43-3061,53,0.00841992117520602,real:OEWS_May2025_industry
43-3061,54,0.050519527051236114,real:OEWS_May2025_industry
43-3061,55,0.05446076675026872,real:OEWS_May2025_industry
43-3061,56,0.034933715514152634,real:OEWS_May2025_industry
43-3061,61,0.036008599068434254,real:OEWS_May2025_industry
43-3061,62,0.08545324256538875,real:OEWS_May2025_industry
43-3061,71,0.0066284485847366535,real:OEWS_May2025_industry
43-3061,72,0.016123253314224293,real:OEWS_May2025_industry
43-3061,81,0.029738445001791472,real:OEWS_May2025_industry
43-3061,92,0.217484772482981,real:OEWS_May2025_industry
43-3071,52,0.9769824860131355,real:OEWS_May2025_industry
43-3071,55,0.013196302602773049,real:OEWS_May2025_industry
43-3071,56,0.008331306251520312,real:OEWS_May2025_industry
43-3071,61,0.00036487472634395525,real:OEWS_May2025_industry
43-3071,62,0.00015203113597664803,real:OEWS_May2025_industry
43-3071,71,0.00021284359036730723,real:OEWS_May2025_industry
43-3071,81,0.00030406227195329605,real:OEWS_May2025_industry
43-3071,92,0.00045609340792994403,real:OEWS_May2025_industry
43-3099,22,0.002206896551724138,real:OEWS_May2025_industry
43-3099,23,0.0038620689655172414,real:OEWS_May2025_industry
43-3099,31-33,0.004689655172413793,real:OEWS_May2025_industry
43-3099,42,0.00910344827586207,real:OEWS_May2025_industry
43-3099,44-45,0.017379310344827585,real:OEWS_May2025_industry
43-3099,48-49,0.007172413793103448,real:OEWS_May2025_industry
43-3099,51,0.008275862068965517,real:OEWS_May2025_industry
43-3099,52,0.6358620689655172,real:OEWS_May2025_industry
43-3099,53,0.0074482758620689656,real:OEWS_May2025_industry
43-3099,54,0.06179310344827586,real:OEWS_May2025_industry
43-3099,55,0.0736551724137931,real:OEWS_May2025_industry
43-3099,56,0.04220689655172414,real:OEWS_May2025_industry
43-3099,61,0.021793103448275862,real:OEWS_May2025_industry
43-3099,62,0.05489655172413793,real:OEWS_May2025_industry
43-3099,71,0.004137931034482759,real:OEWS_May2025_industry
43-3099,72,0.012413793103448275,real:OEWS_May2025_industry
43-3099,81,0.006620689655172414,real:OEWS_May2025_industry
43-3099,92,0.026482758620689655,real:OEWS_May2025_industry
43-4011,48-49,0.025771736052109882,real:OEWS_May2025_industry
43-4011,52,0.8861512319456245,real:OEWS_May2025_industry
43-4011,54,0.013027470971396206,real:OEWS_May2025_industry
43-4011,55,0.040498442367601244,real:OEWS_May2025_industry
43-4011,56,0.0118946474086661,real:OEWS_May2025_industry
43-4011,61,0.02010761823845936,real:OEWS_May2025_industry
43-4011,92,0.002548853016142736,real:OEWS_May2025_industry
43-4021,31-33,0.03291139240506329,real:OEWS_May2025_industry
43-4021,42,0.06329113924050633,real:OEWS_May2025_industry
43-4021,44-45,0.10886075949367088,real:OEWS_May2025_industry
43-4021,48-49,0.012658227848101266,real:OEWS_May2025_industry
43-4021,51,0.0379746835443038,real:OEWS_May2025_industry
43-4021,52,0.20759493670886076,real:OEWS_May2025_industry
43-4021,54,0.1518987341772152,real:OEWS_May2025_industry
43-4021,55,0.06582278481012659,real:OEWS_May2025_industry
43-4021,56,0.13670886075949368,real:OEWS_May2025_industry
43-4021,61,0.015189873417721518,real:OEWS_May2025_industry
43-4021,62,0.10632911392405063,real:OEWS_May2025_industry
43-4021,92,0.060759493670886074,real:OEWS_May2025_industry
43-4031,44-45,0.000946126447016919,real:OEWS_May2025_industry
43-4031,54,0.001613980409617097,real:OEWS_May2025_industry
43-4031,56,0.014303205699020482,real:OEWS_May2025_industry
43-4031,62,0.0008904719501335708,real:OEWS_May2025_industry
43-4031,81,0.00027827248441674086,real:OEWS_May2025_industry
43-4031,92,0.9819679430097952,real:OEWS_May2025_industry
43-4041,23,0.0033472803347280333,real:OEWS_May2025_industry
43-4041,31-33,0.024267782426778243,real:OEWS_May2025_industry
43-4041,42,0.14560669456066946,real:OEWS_May2025_industry
43-4041,44-45,0.17573221757322174,real:OEWS_May2025_industry
43-4041,48-49,0.0100418410041841,real:OEWS_May2025_industry
43-4041,51,0.0200836820083682,real:OEWS_May2025_industry
43-4041,52,0.27531380753138074,real:OEWS_May2025_industry
43-4041,53,0.06108786610878661,real:OEWS_May2025_industry
43-4041,54,0.022594142259414227,real:OEWS_May2025_industry
43-4041,55,0.11631799163179916,real:OEWS_May2025_industry
43-4041,56,0.10627615062761506,real:OEWS_May2025_industry
43-4041,62,0.03096234309623431,real:OEWS_May2025_industry
43-4041,72,0.0033472803347280333,real:OEWS_May2025_industry
43-4041,92,0.00502092050209205,real:OEWS_May2025_industry
43-4051,11,0.00019647349341428555,real:OEWS_May2025_industry
43-4051,21,0.00019647349341428555,real:OEWS_May2025_industry
43-4051,22,0.01047088147254957,real:OEWS_May2025_industry
43-4051,23,0.01533648975063276,real:OEWS_May2025_industry
43-4051,31-33,0.0492878798969092,real:OEWS_May2025_industry
43-4051,42,0.06326446487939995,real:OEWS_May2025_industry
43-4051,44-45,0.15866197698563433,real:OEWS_May2025_industry
43-4051,48-49,0.03831233121578568,real:OEWS_May2025_industry
43-4051,51,0.04127484330275795,real:OEWS_May2025_industry
43-4051,52,0.18537081482565868,real:OEWS_May2025_industry
43-4051,53,0.016322709639143684,real:OEWS_May2025_industry
43-4051,54,0.07076898184353776,real:OEWS_May2025_industry
43-4051,55,0.04173328145405795,real:OEWS_May2025_industry
43-4051,56,0.14407285699426375,real:OEWS_May2025_industry
43-4051,61,0.011426281989544528,real:OEWS_May2025_industry
43-4051,62,0.06320667855780751,real:OEWS_May2025_industry
43-4051,71,0.024512957619511742,real:OEWS_May2025_industry
43-4051,72,0.011391610196589066,real:OEWS_May2025_industry
43-4051,81,0.026828262904648716,real:OEWS_May2025_industry
43-4051,92,0.02736374948473863,real:OEWS_May2025_industry
43-4061,52,0.00264960579035802,real:OEWS_May2025_industry
43-4061,53,0.0013571151609150834,real:OEWS_May2025_industry
43-4061,54,0.016479255525397443,real:OEWS_May2025_industry
43-4061,55,0.0020679850071086987,real:OEWS_May2025_industry
43-4061,56,0.01344190254620654,real:OEWS_May2025_industry
43-4061,61,0.0037482228253845158,real:OEWS_May2025_industry
43-4061,62,0.04032570763861962,real:OEWS_May2025_industry
43-4061,81,0.0013571151609150834,real:OEWS_May2025_industry
43-4061,92,0.918573090345095,real:OEWS_May2025_industry
43-4071,11,0.0006805498843065196,real:OEWS_May2025_industry
43-4071,21,0.002449979583503471,real:OEWS_May2025_industry
43-4071,22,0.002449979583503471,real:OEWS_May2025_industry
43-4071,23,0.018510956853137334,real:OEWS_May2025_industry
43-4071,31-33,0.038246903498026404,real:OEWS_May2025_industry
43-4071,42,0.020552606506056895,real:OEWS_May2025_industry
43-4071,44-45,0.040696883081529876,real:OEWS_May2025_industry
43-4071,48-49,0.03538859398393902,real:OEWS_May2025_industry
43-4071,51,0.02599700558050905,real:OEWS_May2025_industry
43-4071,52,0.08016877637130802,real:OEWS_May2025_industry
43-4071,53,0.020688716482918198,real:OEWS_May2025_industry
43-4071,54,0.18238736899414726,real:OEWS_May2025_industry
43-4071,55,0.026813665441676876,real:OEWS_May2025_industry
43-4071,56,0.0692799782224037,real:OEWS_May2025_industry
43-4071,61,0.08180209609364367,real:OEWS_May2025_industry
43-4071,62,0.10534912209064924,real:OEWS_May2025_industry
43-4071,71,0.0025860895603647747,real:OEWS_May2025_industry
43-4071,72,0.002177759629780863,real:OEWS_May2025_industry
43-4071,81,0.01769429699196951,real:OEWS_May2025_industry
43-4071,92,0.22607867156662584,real:OEWS_May2025_industry
43-4081,48-49,0.00035212645252161666,real:OEWS_May2025_industry
43-4081,54,0.000899878711999687,real:OEWS_May2025_industry
43-4081,55,0.002347509683477444,real:OEWS_May2025_industry
43-4081,56,0.005321021949215541,real:OEWS_May2025_industry
43-4081,61,0.0013693806486951758,real:OEWS_May2025_industry
43-4081,62,0.0009781290347822685,real:OEWS_May2025_industry
43-4081,71,0.010798544543996244,real:OEWS_May2025_industry
43-4081,72,0.9712430063774014,real:OEWS_May2025_industry
43-4081,81,0.004538518721389726,real:OEWS_May2025_industry
43-4081,92,0.0021518838765209906,real:OEWS_May2025_industry
43-4111,31-33,0.0006102522375915378,real:OEWS_May2025_industry
43-4111,42,0.000881475454298888,real:OEWS_May2025_industry
43-4111,44-45,0.0019663683211282885,real:OEWS_May2025_industry
43-4111,52,0.011730404122592894,real:OEWS_May2025_industry
43-4111,53,0.001762950908597776,real:OEWS_May2025_industry
43-4111,54,0.11167615947925143,real:OEWS_May2025_industry
43-4111,55,0.03159750474640629,real:OEWS_May2025_industry
43-4111,56,0.04203959858963927,real:OEWS_May2025_industry
43-4111,61,0.09533496067263358,real:OEWS_May2025_industry
43-4111,62,0.6712096555465148,real:OEWS_May2025_industry
43-4111,71,0.0010848928668294006,real:OEWS_May2025_industry
43-4111,81,0.012069433143477082,real:OEWS_May2025_industry
43-4111,92,0.018036343911038786,real:OEWS_May2025_industry
43-4121,51,0.09033391915641477,real:OEWS_May2025_industry
43-4121,54,0.0008201523140011716,real:OEWS_May2025_industry
43-4121,56,0.0025776215582893965,real:OEWS_May2025_industry
43-4121,61,0.24803749267721148,real:OEWS_May2025_industry
43-4121,62,0.0023432923257176333,real:OEWS_May2025_industry
43-4121,71,0.0008201523140011716,real:OEWS_May2025_industry
43-4121,81,0.0009373169302870533,real:OEWS_May2025_industry
43-4121,92,0.6541300527240773,real:OEWS_May2025_industry
43-4131,23,0.003461888855147282,real:OEWS_May2025_industry
43-4131,44-45,0.002550865472213787,real:OEWS_May2025_industry
43-4131,51,0.00036440935317339813,real:OEWS_May2025_industry
43-4131,52,0.8582447616155481,real:OEWS_May2025_industry
43-4131,53,0.018706346796234438,real:OEWS_May2025_industry
43-4131,54,0.03984208928029153,real:OEWS_May2025_industry
43-4131,55,0.05684785909505011,real:OEWS_May2025_industry
43-4131,56,0.011296689948375342,real:OEWS_May2025_industry
43-4131,61,0.005223200728818707,real:OEWS_May2025_industry
43-4131,62,0.0010324931673246279,real:OEWS_May2025_industry
43-4131,81,0.0010324931673246279,real:OEWS_May2025_industry
43-4131,92,0.0013969025204980262,real:OEWS_May2025_industry
43-4141,52,0.9752313554708765,real:OEWS_May2025_industry
43-4141,54,0.0010887316276537834,real:OEWS_May2025_industry
43-4141,55,0.021230266739248774,real:OEWS_May2025_industry
43-4141,56,0.0024496461622210124,real:OEWS_May2025_industry
43-4151,11,0.0005318441696582901,real:OEWS_May2025_industry
43-4151,22,0.0023932987634623054,real:OEWS_May2025_industry
43-4151,23,0.013296104241457253,real:OEWS_May2025_industry
43-4151,31-33,0.15862252360058504,real:OEWS_May2025_industry
43-4151,42,0.2955723972875947,real:OEWS_May2025_industry
43-4151,44-45,0.21087621326951203,real:OEWS_May2025_industry
43-4151,48-49,0.07246376811594203,real:OEWS_May2025_industry
43-4151,51,0.02153968887116075,real:OEWS_May2025_industry
43-4151,52,0.004653636484510039,real:OEWS_May2025_industry
43-4151,53,0.013429065283871826,real:OEWS_May2025_industry
43-4151,54,0.04653636484510038,real:OEWS_May2025_industry
43-4151,55,0.02792181890706023,real:OEWS_May2025_industry
43-4151,56,0.07605371626113548,real:OEWS_May2025_industry
43-4151,61,0.0031910650179497405,real:OEWS_May2025_industry
43-4151,62,0.011168727562824093,real:OEWS_May2025_industry
43-4151,71,0.0013296104241457252,real:OEWS_May2025_industry
43-4151,72,0.010238000265922085,real:OEWS_May2025_industry
43-4151,81,0.027522935779816515,real:OEWS_May2025_industry
43-4151,92,0.0026592208482914504,real:OEWS_May2025_industry
43-4161,11,0.0035468853912657946,real:OEWS_May2025_industry
43-4161,21,0.00254932387497229,real:OEWS_May2025_industry
43-4161,22,0.002438483706495234,real:OEWS_May2025_industry
43-4161,23,0.017845267124806028,real:OEWS_May2025_industry
43-4161,31-33,0.07104854799379295,real:OEWS_May2025_industry
43-4161,42,0.027045001108401686,real:OEWS_May2025_industry
43-4161,44-45,0.02915096430946575,real:OEWS_May2025_industry
43-4161,48-49,0.055198403901573934,real:OEWS_May2025_industry
43-4161,51,0.008978053646641542,real:OEWS_May2025_industry
43-4161,52,0.049767235646198185,real:OEWS_May2025_industry
43-4161,53,0.008091332298825095,real:OEWS_May2025_industry
43-4161,54,0.06982930614054533,real:OEWS_May2025_industry
43-4161,55,0.08390600753713146,real:OEWS_May2025_industry
43-4161,56,0.1065174019064509,real:OEWS_May2025_industry
43-4161,61,0.07526047439592108,real:OEWS_May2025_industry
43-4161,62,0.1673686544003547,real:OEWS_May2025_industry
43-4161,71,0.012968299711815562,real:OEWS_May2025_industry
43-4161,72,0.02405231655952117,real:OEWS_May2025_industry
43-4161,81,0.011749057858567944,real:OEWS_May2025_industry
43-4161,92,0.17268898248725337,real:OEWS_May2025_industry
43-4171,11,0.00037354838000856966,real:OEWS_May2025_industry
43-4171,21,0.000494402267658401,real:OEWS_May2025_industry
43-4171,22,0.0007361100429580638,real:OEWS_May2025_industry
43-4171,23,0.019347608741032092,real:OEWS_May2025_industry
43-4171,31-33,0.013711422889726321,real:OEWS_May2025_industry
43-4171,42,0.013447741680308507,real:OEWS_May2025_industry
43-4171,44-45,0.04479284544985113,real:OEWS_May2025_industry
43-4171,48-49,0.004878102374229557,real:OEWS_May2025_industry
43-4171,51,0.0030213471912457837,real:OEWS_May2025_industry
43-4171,52,0.023291840165240225,real:OEWS_May2025_industry
43-4171,53,0.02960920247420868,real:OEWS_May2025_industry
43-4171,54,0.11362462782495962,real:OEWS_May2025_industry
43-4171,55,0.008130170623715927,real:OEWS_May2025_industry
43-4171,56,0.03677254199672596,real:OEWS_May2025_industry
43-4171,61,0.03249870906074556,real:OEWS_May2025_industry
43-4171,62,0.4329865192981685,real:OEWS_May2025_industry
43-4171,71,0.07555565321526275,real:OEWS_May2025_industry
43-4171,72,0.009371669651391468,real:OEWS_May2025_industry
43-4171,81,0.12006284402157791,real:OEWS_May2025_industry
43-4171,92,0.01729309265098496,real:OEWS_May2025_industry
43-4181,48-49,0.7837381916329285,real:OEWS_May2025_industry
43-4181,51,0.00033738191632928474,real:OEWS_May2025_industry
43-4181,53,0.00354251012145749,real:OEWS_May2025_industry
43-4181,54,0.000927800269905533,real:OEWS_May2025_industry
43-4181,55,0.006157219973009447,real:OEWS_May2025_industry
43-4181,56,0.1524966261808367,real:OEWS_May2025_industry
43-4181,62,0.0005904183535762484,real:OEWS_May2025_industry
43-4181,71,0.008265856950067476,real:OEWS_May2025_industry
43-4181,72,0.03744939271255061,real:OEWS_May2025_industry
43-4181,92,0.006494601889338731,real:OEWS_May2025_industry
43-4199,21,0.00066711140760507,real:OEWS_May2025_industry
43-4199,22,0.00177896375361352,real:OEWS_May2025_industry
43-4199,23,0.00578163219924394,real:OEWS_May2025_industry
43-4199,31-33,0.004447409384033801,real:OEWS_May2025_industry
43-4199,42,0.0076347194425913575,real:OEWS_May2025_industry
43-4199,44-45,0.035579275072270405,real:OEWS_May2025_industry
43-4199,48-49,0.01512119190571492,real:OEWS_May2025_industry
43-4199,51,0.009636053665406567,real:OEWS_May2025_industry
43-4199,52,0.018456748943740272,real:OEWS_May2025_industry
43-4199,53,0.02268178785857238,real:OEWS_May2025_industry
43-4199,54,0.027129197242606182,real:OEWS_May2025_industry
43-4199,55,0.016010673782521682,real:OEWS_May2025_industry
43-4199,56,0.03743236231561782,real:OEWS_May2025_industry
43-4199,61,0.19168334445185678,real:OEWS_May2025_industry
43-4199,62,0.06589578237343414,real:OEWS_May2025_industry
43-4199,71,0.004076791935364317,real:OEWS_May2025_industry
43-4199,72,0.0020013342228152103,real:OEWS_May2025_industry
43-4199,81,0.014379957008375955,real:OEWS_May2025_industry
43-4199,92,0.5196056630346156,real:OEWS_May2025_industry
43-5011,31-33,0.0016420361247947454,real:OEWS_May2025_industry
43-5011,42,0.008004926108374385,real:OEWS_May2025_industry
43-5011,44-45,0.0008210180623973727,real:OEWS_May2025_industry
43-5011,48-49,0.9193349753694581,real:OEWS_May2025_industry
43-5011,54,0.03407224958949097,real:OEWS_May2025_industry
43-5011,55,0.024835796387520526,real:OEWS_May2025_industry
43-5011,56,0.008210180623973728,real:OEWS_May2025_industry
43-5011,92,0.003078817733990148,real:OEWS_May2025_industry
43-5021,22,0.0005897965202005308,real:OEWS_May2025_industry
43-5021,23,0.008257151282807431,real:OEWS_May2025_industry
43-5021,31-33,0.01150103214391035,real:OEWS_May2025_industry
43-5021,44-45,0.040401061633736364,real:OEWS_May2025_industry
43-5021,48-49,0.2959304040106163,real:OEWS_May2025_industry
43-5021,51,0.005013270421704512,real:OEWS_May2025_industry
43-5021,52,0.02993217340017694,real:OEWS_May2025_industry
43-5021,53,0.01312297257446181,real:OEWS_May2025_industry
43-5021,54,0.08493069890887643,real:OEWS_May2025_industry
43-5021,55,0.029342376879976408,real:OEWS_May2025_industry
43-5021,56,0.05322913594809791,real:OEWS_May2025_industry
43-5021,61,0.017693895606015926,real:OEWS_May2025_industry
43-5021,62,0.36832792686523147,real:OEWS_May2025_industry
43-5021,71,0.0026540843409023885,real:OEWS_May2025_industry
43-5021,72,0.003538779121203185,real:OEWS_May2025_industry
43-5021,81,0.006192863462105573,real:OEWS_May2025_industry
43-5021,92,0.029342376879976408,real:OEWS_May2025_industry
43-5031,55,0.007230799296462771,real:OEWS_May2025_industry
43-5031,56,0.03146374829001368,real:OEWS_May2025_industry
43-5031,61,0.033515731874145006,real:OEWS_May2025_industry
43-5031,62,0.07944107875708423,real:OEWS_May2025_industry
43-5031,92,0.8483486417822943,real:OEWS_May2025_industry
43-5032,11,0.0009368836291913214,real:OEWS_May2025_industry
43-5032,21,0.009763313609467455,real:OEWS_May2025_industry
43-5032,22,0.013362919132149901,real:OEWS_May2025_industry
43-5032,23,0.09314595660749507,real:OEWS_May2025_industry
43-5032,31-33,0.03727810650887574,real:OEWS_May2025_industry
43-5032,42,0.060009861932938856,real:OEWS_May2025_industry
43-5032,44-45,0.03604536489151874,real:OEWS_May2025_industry
43-5032,48-49,0.42021696252465485,real:OEWS_May2025_industry
43-5032,51,0.013658777120315583,real:OEWS_May2025_industry
43-5032,52,0.0013806706114398422,real:OEWS_May2025_industry
43-5032,53,0.016370808678500985,real:OEWS_May2025_industry
43-5032,54,0.028007889546351084,real:OEWS_May2025_industry
43-5032,55,0.019230769230769232,real:OEWS_May2025_industry
43-5032,56,0.1019723865877712,real:OEWS_May2025_industry
43-5032,61,0.01982248520710059,real:OEWS_May2025_industry
43-5032,62,0.028254437869822485,real:OEWS_May2025_industry
43-5032,71,0.005078895463510848,real:OEWS_May2025_industry
43-5032,72,0.010059171597633136,real:OEWS_May2025_industry
43-5032,81,0.025,real:OEWS_May2025_industry
43-5032,92,0.0604043392504931,real:OEWS_May2025_industry
43-5041,22,0.3399894902785076,real:OEWS_May2025_industry
43-5041,23,0.019442984760903836,real:OEWS_May2025_industry
43-5041,56,0.1487125591171834,real:OEWS_May2025_industry
43-5041,92,0.49185496584340516,real:OEWS_May2025_industry
43-5051,48-49,1.0,real:OEWS_May2025_industry
43-5052,48-49,1.0,real:OEWS_May2025_industry
43-5053,48-49,1.0,real:OEWS_May2025_industry
43-5061,11,0.0013071225363303176,real:OEWS_May2025_industry
43-5061,21,0.004895302047825307,real:OEWS_May2025_industry
43-5061,22,0.012661147704846606,real:OEWS_May2025_industry
43-5061,23,0.060512084475997645,real:OEWS_May2025_industry
43-5061,31-33,0.3156572775969449,real:OEWS_May2025_industry
43-5061,42,0.07284004408334828,real:OEWS_May2025_industry
43-5061,44-45,0.03677883999282364,real:OEWS_May2025_industry
43-5061,48-49,0.09575313324960914,real:OEWS_May2025_industry
43-5061,51,0.03677883999282364,real:OEWS_May2025_industry
43-5061,52,0.010533869851603147,real:OEWS_May2025_industry
43-5061,53,0.011764102826972858,real:OEWS_May2025_industry
43-5061,54,0.06571494476766537,real:OEWS_May2025_industry
43-5061,55,0.058256657354486506,real:OEWS_May2025_industry
43-5061,56,0.055616782428172334,real:OEWS_May2025_industry
43-5061,61,0.02809031960427506,real:OEWS_May2025_industry
43-5061,62,0.06320321910961889,real:OEWS_May2025_industry
43-5061,71,0.006920060486454623,real:OEWS_May2025_industry
43-5061,72,0.00904733833969808,real:OEWS_May2025_industry
43-5061,81,0.013968270241176924,real:OEWS_May2025_industry
43-5061,92,0.039700643309326704,real:OEWS_May2025_industry
43-5071,11,0.0024850347047950154,real:OEWS_May2025_industry
43-5071,21,0.00186071564102878,real:OEWS_May2025_industry
43-5071,22,0.0017383001383295181,real:OEWS_May2025_industry
43-5071,23,0.01437158001689334,real:OEWS_May2025_industry
43-5071,31-33,0.2816903132612714,real:OEWS_May2025_industry
43-5071,42,0.15295817062272765,real:OEWS_May2025_industry
43-5071,44-45,0.18941350732656784,real:OEWS_May2025_industry
43-5071,48-49,0.16362056090783336,real:OEWS_May2025_industry
43-5071,51,0.00801821542680165,real:OEWS_May2025_industry
43-5071,52,0.0017015754875197395,real:OEWS_May2025_industry
43-5071,53,0.005055760261479514,real:OEWS_May2025_industry
43-5071,54,0.02498500410091934,real:OEWS_May2025_industry
43-5071,55,0.012033443915337439,real:OEWS_May2025_industry
43-5071,56,0.06333778109659807,real:OEWS_May2025_industry
43-5071,61,0.0060595673836134605,real:OEWS_May2025_industry
43-5071,62,0.03215855255909608,real:OEWS_May2025_industry
43-5071,71,0.0029134889642424317,real:OEWS_May2025_industry
43-5071,72,0.007259239310066227,real:OEWS_May2025_industry
43-5071,81,0.012804661582342789,real:OEWS_May2025_industry
43-5071,92,0.015534527292536326,real:OEWS_May2025_industry
43-5111,11,0.006192531431788328,real:OEWS_May2025_industry
43-5111,21,0.045974854569337587,real:OEWS_May2025_industry
43-5111,22,0.0009382623381497466,real:OEWS_May2025_industry
43-5111,23,0.010320885719647213,real:OEWS_May2025_industry
43-5111,31-33,0.15049727903921936,real:OEWS_May2025_industry
43-5111,42,0.14167761306061175,real:OEWS_May2025_industry
43-5111,44-45,0.08782135485081628,real:OEWS_May2025_industry
43-5111,48-49,0.29311315443798086,real:OEWS_May2025_industry
43-5111,51,0.0030024394820791895,real:OEWS_May2025_industry
43-5111,53,0.0009382623381497466,real:OEWS_May2025_industry
43-5111,54,0.024957778194783262,real:OEWS_May2025_industry
43-5111,55,0.00881966597860762,real:OEWS_May2025_industry
43-5111,56,0.15931694501782698,real:OEWS_May2025_industry
43-5111,61,0.0009382623381497466,real:OEWS_May2025_industry
43-5111,62,0.0069431413023081255,real:OEWS_May2025_industry
43-5111,71,0.000562957402889848,real:OEWS_May2025_industry
43-5111,72,0.0037530493525989865,real:OEWS_May2025_industry
43-5111,81,0.005066616626008632,real:OEWS_May2025_industry
43-5111,92,0.04916494651904672,real:OEWS_May2025_industry
43-6011,11,0.0006740595781691672,real:OEWS_May2025_industry
43-6011,21,0.0031528593172428787,real:OEWS_May2025_industry
43-6011,22,0.006718851924331377,real:OEWS_May2025_industry
43-6011,23,0.040117416829745595,real:OEWS_May2025_industry
43-6011,31-33,0.03385518590998043,real:OEWS_May2025_industry
43-6011,42,0.02939769515111981,real:OEWS_May2025_industry
43-6011,44-45,0.012046096977603827,real:OEWS_May2025_industry
43-6011,48-49,0.010393563818221353,real:OEWS_May2025_industry
43-6011,51,0.024809741248097414,real:OEWS_May2025_industry
43-6011,52,0.12876712328767123,real:OEWS_May2025_industry
43-6011,53,0.03039791258969341,real:OEWS_May2025_industry
43-6011,54,0.12981082844096542,real:OEWS_May2025_industry
43-6011,55,0.06336160034790171,real:OEWS_May2025_industry
43-6011,56,0.0426179604261796,real:OEWS_May2025_industry
43-6011,61,0.14553163731245922,real:OEWS_May2025_industry
43-6011,62,0.09469449880408784,real:OEWS_May2025_industry
43-6011,71,0.01289410741465536,real:OEWS_May2025_industry
43-6011,72,0.01030658838878017,real:OEWS_May2025_industry
43-6011,81,0.03685583822570124,real:OEWS_May2025_industry
43-6011,92,0.14359643400739291,real:OEWS_May2025_industry
43-6012,22,0.0002559508574353724,real:OEWS_May2025_industry
43-6012,23,0.001151778858459176,real:OEWS_May2025_industry
43-6012,31-33,0.0008318402866649604,real:OEWS_May2025_industry
43-6012,42,0.0004479140005119017,real:OEWS_May2025_industry
43-6012,48-49,0.0005119017148707448,real:OEWS_May2025_industry
43-6012,51,0.001919631430765293,real:OEWS_May2025_industry
43-6012,52,0.012029690299462503,real:OEWS_May2025_industry
43-6012,53,0.001983619145124136,real:OEWS_May2025_industry
43-6012,54,0.8166751983619145,real:OEWS_May2025_industry
43-6012,55,0.007038648579472741,real:OEWS_May2025_industry
43-6012,56,0.015229076017404659,real:OEWS_May2025_industry
43-6012,61,0.002559508574353724,real:OEWS_May2025_industry
43-6012,62,0.003839262861530586,real:OEWS_May2025_industry
43-6012,71,0.0003839262861530586,real:OEWS_May2025_industry
43-6012,81,0.005183004863066291,real:OEWS_May2025_industry
43-6012,92,0.12995904786281035,real:OEWS_May2025_industry
43-6013,31-33,0.0005357424234466096,real:OEWS_May2025_industry
43-6013,42,0.001197541887704186,real:OEWS_May2025_industry
43-6013,44-45,0.0021219601869846105,real:OEWS_May2025_industry
43-6013,51,0.0007878565050685435,real:OEWS_May2025_industry
43-6013,52,0.006376385314354745,real:OEWS_May2025_industry
43-6013,53,0.0003571616156310731,real:OEWS_May2025_industry
43-6013,54,0.014528073953463942,real:OEWS_May2025_industry
43-6013,55,0.017416881138715267,real:OEWS_May2025_industry
43-6013,56,0.022291086716739326,real:OEWS_May2025_industry
43-6013,61,0.010903934030148643,real:OEWS_May2025_industry
43-6013,62,0.922149272545827,real:OEWS_May2025_industry
43-6013,72,0.000042019013603655656,real:OEWS_May2025_industry
43-6013,81,0.0012920846683124115,real:OEWS_May2025_industry
43-6014,11,0.0018280036091353309,real:OEWS_May2025_industry
43-6014,21,0.00353296851380963,real:OEWS_May2025_industry
43-6014,22,0.00298808282262506,real:OEWS_May2025_industry
43-6014,23,0.07951815699738689,real:OEWS_May2025_industry
43-6014,31-33,0.039718065597206434,real:OEWS_May2025_industry
43-6014,42,0.035399992969216885,real:OEWS_May2025_industry
43-6014,44-45,0.03078897104489155,real:OEWS_May2025_industry
43-6014,48-49,0.021918466351843822,real:OEWS_May2025_industry
43-6014,51,0.013329192983278454,real:OEWS_May2025_industry
43-6014,52,0.0495670209400157,real:OEWS_May2025_industry
43-6014,53,0.03341379674006023,real:OEWS_May2025_industry
43-6014,54,0.11030712804227845,real:OEWS_May2025_industry
43-6014,55,0.01911787107887367,real:OEWS_May2025_industry
43-6014,56,0.0641734728553182,real:OEWS_May2025_industry
43-6014,61,0.20311346512145678,real:OEWS_May2025_industry
43-6014,62,0.1033232168176332,real:OEWS_May2025_industry
43-6014,71,0.013534257490713507,real:OEWS_May2025_industry
43-6014,72,0.011647664022311018,real:OEWS_May2025_industry
43-6014,81,0.05612322619201068,real:OEWS_May2025_industry
43-6014,92,0.1066569798099345,real:OEWS_May2025_industry
43-9021,11,0.0014953565244766253,real:OEWS_May2025_industry
43-9021,21,0.0013379505745317172,real:OEWS_May2025_industry
43-9021,22,0.0015740594994490791,real:OEWS_May2025_industry
43-9021,23,0.0158980009444357,real:OEWS_May2025_industry
43-9021,31-33,0.05099952778215017,real:OEWS_May2025_industry
43-9021,42,0.05650873603022194,real:OEWS_May2025_industry
43-9021,44-45,0.051550448606957344,real:OEWS_May2025_industry
43-9021,48-49,0.04493939870927121,real:OEWS_May2025_industry
43-9021,51,0.054619864630883044,real:OEWS_May2025_industry
43-9021,52,0.06382811270266016,real:OEWS_May2025_industry
43-9021,53,0.014166535495041713,real:OEWS_May2025_industry
43-9021,54,0.20045647725484023,real:OEWS_May2025_industry
43-9021,55,0.02841177396505588,real:OEWS_May2025_industry
43-9021,56,0.16559105934204313,real:OEWS_May2025_industry
43-9021,61,0.05635133008027703,real:OEWS_May2025_industry
43-9021,62,0.10231386746419015,real:OEWS_May2025_industry
43-9021,71,0.005273099323154415,real:OEWS_May2025_industry
43-9021,72,0.0028333070990083425,real:OEWS_May2025_industry
43-9021,81,0.028883991814890604,real:OEWS_May2025_industry
43-9021,92,0.05296710215646151,real:OEWS_May2025_industry
43-9022,42,0.002874389192296637,real:OEWS_May2025_industry
43-9022,44-45,0.0011497556769186547,real:OEWS_May2025_industry
43-9022,48-49,0.0011497556769186547,real:OEWS_May2025_industry
43-9022,51,0.01609657947686117,real:OEWS_May2025_industry
43-9022,52,0.012647312446105202,real:OEWS_May2025_industry
43-9022,53,0.002874389192296637,real:OEWS_May2025_industry
43-9022,54,0.054038516815176775,real:OEWS_May2025_industry
43-9022,56,0.06007473411899971,real:OEWS_May2025_industry
43-9022,61,0.3452141419948261,real:OEWS_May2025_industry
43-9022,62,0.04397815464213854,real:OEWS_May2025_industry
43-9022,92,0.45990227076746193,real:OEWS_May2025_industry
43-9031,31-33,0.04281345565749235,real:OEWS_May2025_industry
43-9031,42,0.039755351681957186,real:OEWS_May2025_industry
43-9031,51,0.5045871559633027,real:OEWS_May2025_industry
43-9031,52,0.03669724770642202,real:OEWS_May2025_industry
43-9031,53,0.01834862385321101,real:OEWS_May2025_industry
43-9031,54,0.11009174311926606,real:OEWS_May2025_industry
43-9031,55,0.03058103975535168,real:OEWS_May2025_industry
43-9031,56,0.045871559633027525,real:OEWS_May2025_industry
43-9031,61,0.07033639143730887,real:OEWS_May2025_industry
43-9031,81,0.06422018348623854,real:OEWS_May2025_industry
43-9031,92,0.03669724770642202,real:OEWS_May2025_industry
43-9041,23,0.0003268126429805313,real:OEWS_May2025_industry
43-9041,31-33,0.000747000326812643,real:OEWS_May2025_industry
43-9041,42,0.0033615014706568935,real:OEWS_May2025_industry
43-9041,44-45,0.00994444185069331,real:OEWS_May2025_industry
43-9041,48-49,0.0007936878472384331,real:OEWS_May2025_industry
43-9041,51,0.0021009384191605584,real:OEWS_May2025_industry
43-9041,52,0.7966758485456837,real:OEWS_May2025_industry
43-9041,53,0.0021476259395863486,real:OEWS_May2025_industry
43-9041,54,0.026751949203977776,real:OEWS_May2025_industry
43-9041,55,0.03132732620570521,real:OEWS_May2025_industry
43-9041,56,0.05214996031560764,real:OEWS_May2025_industry
43-9041,61,0.002007563378308978,real:OEWS_May2025_industry
43-9041,62,0.059246463420327744,real:OEWS_May2025_industry
43-9041,81,0.002287688500863719,real:OEWS_May2025_industry
43-9041,92,0.01013119193239647,real:OEWS_May2025_industry
43-9051,22,0.002175095160413268,real:OEWS_May2025_industry
43-9051,31-33,0.08772883813666849,real:OEWS_May2025_industry
43-9051,42,0.012325539242341853,real:OEWS_May2025_industry
43-9051,44-45,0.010331702011963024,real:OEWS_May2025_industry
43-9051,48-49,0.018488308863512777,real:OEWS_May2025_industry
43-9051,51,0.06634040239260468,real:OEWS_May2025_industry
43-9051,52,0.09588544498821823,real:OEWS_May2025_industry
43-9051,53,0.0038064165307232192,real:OEWS_May2025_industry
43-9051,54,0.14065615370672466,real:OEWS_May2025_industry
43-9051,55,0.029907558455682437,real:OEWS_May2025_industry
43-9051,56,0.32318288925140476,real:OEWS_May2025_industry
43-9051,61,0.07449700924415444,real:OEWS_May2025_industry
43-9051,62,0.030813848105854632,real:OEWS_May2025_industry
43-9051,71,0.0034439006706543413,real:OEWS_May2025_industry
43-9051,72,0.00561899583106761,real:OEWS_May2025_industry
43-9051,81,0.011781765452238536,real:OEWS_May2025_industry
43-9051,92,0.08301613195577306,real:OEWS_May2025_industry
43-9061,11,0.002714062005566058,real:OEWS_May2025_industry
43-9061,21,0.003817537140863469,real:OEWS_May2025_industry
43-9061,22,0.0037607406265466907,real:OEWS_May2025_industry
43-9061,23,0.10577133723336064,real:OEWS_May2025_industry
43-9061,31-33,0.049798372374175434,real:OEWS_May2025_industry
43-9061,42,0.053250789065859616,real:OEWS_May2025_industry
43-9061,44-45,0.06028138615950084,real:OEWS_May2025_industry
43-9061,48-49,0.03525440781520037,real:OEWS_May2025_industry
43-9061,51,0.012661565798761836,real:OEWS_May2025_industry
43-9061,52,0.041222098712341886,real:OEWS_May2025_industry
43-9061,53,0.039169310409178315,real:OEWS_May2025_industry
43-9061,54,0.07906480482283544,real:OEWS_May2025_industry
43-9061,55,0.013517570407393284,real:OEWS_May2025_industry
43-9061,56,0.08235088886544906,real:OEWS_May2025_industry
43-9061,61,0.13204783889263025,real:OEWS_May2025_industry
43-9061,62,0.11154835411815298,real:OEWS_May2025_industry
43-9061,71,0.013489172150234895,real:OEWS_May2025_industry
43-9061,72,0.015598756967715238,real:OEWS_May2025_industry
43-9061,81,0.04776992543429049,real:OEWS_May2025_industry
43-9061,92,0.09691108099994321,real:OEWS_May2025_industry
43-9071,22,0.001996805111821086,real:OEWS_May2025_industry
43-9071,23,0.003993610223642172,real:OEWS_May2025_industry
43-9071,31-33,0.048722044728434506,real:OEWS_May2025_industry
43-9071,42,0.10023961661341853,real:OEWS_May2025_industry
43-9071,44-45,0.04153354632587859,real:OEWS_May2025_industry
43-9071,48-49,0.019568690095846646,real:OEWS_May2025_industry
43-9071,51,0.10303514376996806,real:OEWS_May2025_industry
43-9071,52,0.09145367412140575,real:OEWS_May2025_industry
43-9071,53,0.010383386581469648,real:OEWS_May2025_industry
43-9071,54,0.08146964856230032,real:OEWS_May2025_industry
43-9071,55,0.02476038338658147,real:OEWS_May2025_industry
43-9071,56,0.2639776357827476,real:OEWS_May2025_industry
43-9071,61,0.06988817891373802,real:OEWS_May2025_industry
43-9071,62,0.07547923322683706,real:OEWS_May2025_industry
43-9071,71,0.0011980830670926517,real:OEWS_May2025_industry
43-9071,81,0.011182108626198083,real:OEWS_May2025_industry
43-9071,92,0.051118210862619806,real:OEWS_May2025_industry
43-9081,31-33,0.04491725768321513,real:OEWS_May2025_industry
43-9081,42,0.030732860520094562,real:OEWS_May2025_industry
43-9081,44-45,0.02127659574468085,real:OEWS_May2025_industry
43-9081,51,0.3475177304964539,real:OEWS_May2025_industry
43-9081,52,0.016548463356973995,real:OEWS_May2025_industry
43-9081,54,0.2576832151300236,real:OEWS_May2025_industry
43-9081,55,0.04728132387706856,real:OEWS_May2025_industry
43-9081,56,0.12529550827423167,real:OEWS_May2025_industry
43-9081,61,0.061465721040189124,real:OEWS_May2025_industry
43-9081,62,0.014184397163120567,real:OEWS_May2025_industry
43-9081,92,0.03309692671394799,real:OEWS_May2025_industry
43-9111,48-49,0.024456521739130436,real:OEWS_May2025_industry
43-9111,52,0.18206521739130435,real:OEWS_May2025_industry
43-9111,54,0.21739130434782608,real:OEWS_May2025_industry
43-9111,55,0.01358695652173913,real:OEWS_May2025_industry
43-9111,61,0.21195652173913043,real:OEWS_May2025_industry
43-9111,62,0.07880434782608696,real:OEWS_May2025_industry
43-9111,71,0.01358695652173913,real:OEWS_May2025_industry
43-9111,92,0.25815217391304346,real:OEWS_May2025_industry
43-9199,21,0.000780274656679151,real:OEWS_May2025_industry
43-9199,22,0.0016645859342488557,real:OEWS_May2025_industry
43-9199,23,0.018570536828963796,real:OEWS_May2025_industry
43-9199,31-33,0.017114024136496046,real:OEWS_May2025_industry
43-9199,42,0.01690595089471494,real:OEWS_May2025_industry
43-9199,44-45,0.03625676238035789,real:OEWS_May2025_industry
43-9199,48-49,0.01180815647107782,real:OEWS_May2025_industry
43-9199,51,0.012744486059092801,real:OEWS_May2025_industry
43-9199,52,0.07282563462338744,real:OEWS_May2025_industry
43-9199,53,0.01420099875156055,real:OEWS_May2025_industry
43-9199,54,0.056335830212234705,real:OEWS_May2025_industry
43-9199,55,0.027049521431543905,real:OEWS_May2025_industry
43-9199,56,0.055919683728672495,real:OEWS_May2025_industry
43-9199,61,0.2743965875988348,real:OEWS_May2025_industry
43-9199,62,0.08426966292134831,real:OEWS_May2025_industry
43-9199,71,0.008791094465251769,real:OEWS_May2025_industry
43-9199,72,0.009623387432376196,real:OEWS_May2025_industry
43-9199,81,0.019090719933416562,real:OEWS_May2025_industry
43-9199,92,0.261652101539742,real:OEWS_May2025_industry
45-1011,11,0.5485034258925352,real:OEWS_May2025_industry
45-1011,21,0.0025243418680129825,real:OEWS_May2025_industry
45-1011,23,0.00288496213487198,real:OEWS_May2025_industry
45-1011,31-33,0.05914172376487559,real:OEWS_May2025_industry
45-1011,42,0.11972592859718716,real:OEWS_May2025_industry
45-1011,44-45,0.06599350883519654,real:OEWS_May2025_industry
45-1011,48-49,0.006130544536602957,real:OEWS_May2025_industry
45-1011,52,0.0025243418680129825,real:OEWS_May2025_industry
45-1011,54,0.01694915254237288,real:OEWS_May2025_industry
45-1011,55,0.00865488640461594,real:OEWS_May2025_industry
45-1011,56,0.03317706455102777,real:OEWS_May2025_industry
45-1011,61,0.02271907681211684,real:OEWS_May2025_industry
45-1011,62,0.005048683736025965,real:OEWS_May2025_industry
45-1011,71,0.01875225387666787,real:OEWS_May2025_industry
45-1011,72,0.006130544536602957,real:OEWS_May2025_industry
45-1011,81,0.020915975477821855,real:OEWS_May2025_industry
45-1011,92,0.06022358456545258,real:OEWS_May2025_industry
45-2011,11,0.022932592077831826,real:OEWS_May2025_industry
45-2011,31-33,0.24391938846421127,real:OEWS_May2025_industry
45-2011,42,0.04378040305767894,real:OEWS_May2025_industry
45-2011,48-49,0.007644197359277276,real:OEWS_May2025_industry
45-2011,54,0.06462821403752605,real:OEWS_May2025_industry
45-2011,56,0.005559416261292564,real:OEWS_May2025_industry
45-2011,61,0.005559416261292564,real:OEWS_May2025_industry
45-2011,81,0.004864489228630994,real:OEWS_May2025_industry
45-2011,92,0.6011118832522585,real:OEWS_May2025_industry
45-2021,11,0.8426966292134831,real:OEWS_May2025_industry
45-2021,31-33,0.12359550561797752,real:OEWS_May2025_industry
45-2021,42,0.033707865168539325,real:OEWS_May2025_industry
45-2041,11,0.3431528662420382,real:OEWS_May2025_industry
45-2041,31-33,0.46735668789808915,real:OEWS_May2025_industry
45-2041,42,0.10111464968152867,real:OEWS_May2025_industry
45-2041,44-45,0.01393312101910828,real:OEWS_May2025_industry
45-2041,48-49,0.014331210191082803,real:OEWS_May2025_industry
45-2041,54,0.01552547770700637,real:OEWS_May2025_industry
45-2041,56,0.009952229299363057,real:OEWS_May2025_industry
45-2041,92,0.03463375796178344,real:OEWS_May2025_industry
45-2091,11,0.5292857142857142,real:OEWS_May2025_industry
45-2091,31-33,0.06321428571428571,real:OEWS_May2025_industry
45-2091,42,0.31285714285714283,real:OEWS_May2025_industry
45-2091,44-45,0.015714285714285715,real:OEWS_May2025_industry
45-2091,48-49,0.03428571428571429,real:OEWS_May2025_industry
45-2091,54,0.004285714285714286,real:OEWS_May2025_industry
45-2091,55,0.0014285714285714286,real:OEWS_May2025_industry
45-2091,56,0.017857142857142856,real:OEWS_May2025_industry
45-2091,61,0.019285714285714285,real:OEWS_May2025_industry
45-2091,71,0.0017857142857142857,real:OEWS_May2025_industry
45-2092,11,0.7754972910981928,real:OEWS_May2025_industry
45-2092,21,0.0009491042828330763,real:OEWS_May2025_industry
45-2092,22,0.00027682208249298057,real:OEWS_May2025_industry
45-2092,23,0.0013445644006801914,real:OEWS_May2025_industry
45-2092,31-33,0.027603116225728634,real:OEWS_May2025_industry
45-2092,42,0.07786609720409697,real:OEWS_May2025_industry
45-2092,44-45,0.08680349586744177,real:OEWS_May2025_industry
45-2092,48-49,0.001858662553881441,real:OEWS_May2025_industry
45-2092,52,0.00023727607070826907,real:OEWS_May2025_industry
45-2092,54,0.006169177838414996,real:OEWS_May2025_industry
45-2092,55,0.0019377545774508641,real:OEWS_May2025_industry
45-2092,61,0.0041523312373947085,real:OEWS_May2025_industry
45-2092,62,0.0035195950488393244,real:OEWS_May2025_industry
45-2092,71,0.0036777790959781707,real:OEWS_May2025_industry
45-2092,81,0.004310515284533555,real:OEWS_May2025_industry
45-2092,92,0.003796417131332305,real:OEWS_May2025_industry
45-2093,11,0.39968701095461656,real:OEWS_May2025_industry
45-2093,21,0.0034428794992175274,real:OEWS_May2025_industry
45-2093,23,0.012832550860719875,real:OEWS_May2025_industry
45-2093,31-33,0.07198748043818466,real:OEWS_May2025_industry
45-2093,42,0.2056338028169014,real:OEWS_May2025_industry
45-2093,44-45,0.004068857589984351,real:OEWS_May2025_industry
45-2093,48-49,0.012832550860719875,real:OEWS_May2025_industry
45-2093,52,0.005007824726134585,real:OEWS_May2025_industry
45-2093,54,0.020970266040688575,real:OEWS_May2025_industry
45-2093,56,0.048826291079812206,real:OEWS_May2025_industry
45-2093,61,0.021283255086071987,real:OEWS_May2025_industry
45-2093,62,0.028794992175273867,real:OEWS_May2025_industry
45-2093,71,0.05696400625978091,real:OEWS_May2025_industry
45-2093,72,0.044131455399061034,real:OEWS_May2025_industry
45-2093,81,0.016588419405320815,real:OEWS_May2025_industry
45-2093,92,0.046948356807511735,real:OEWS_May2025_industry
45-2099,11,0.12941176470588237,real:OEWS_May2025_industry
45-2099,22,0.01764705882352941,real:OEWS_May2025_industry
45-2099,31-33,0.07352941176470588,real:OEWS_May2025_industry
45-2099,42,0.18235294117647058,real:OEWS_May2025_industry
45-2099,44-45,0.09411764705882353,real:OEWS_May2025_industry
45-2099,54,0.10882352941176471,real:OEWS_May2025_industry
45-2099,56,0.08235294117647059,real:OEWS_May2025_industry
45-2099,61,0.047058823529411764,real:OEWS_May2025_industry
45-2099,92,0.2647058823529412,real:OEWS_May2025_industry
45-4011,54,0.008771929824561403,real:OEWS_May2025_industry
45-4011,61,0.005263157894736842,real:OEWS_May2025_industry
45-4011,71,0.017543859649122806,real:OEWS_May2025_industry
45-4011,81,0.28771929824561404,real:OEWS_May2025_industry
45-4011,92,0.6807017543859649,real:OEWS_May2025_industry
45-4021,11,0.8327645051194539,real:OEWS_May2025_industry
45-4021,56,0.16723549488054607,real:OEWS_May2025_industry
45-4022,11,0.8403022670025189,real:OEWS_May2025_industry
45-4022,23,0.0025188916876574307,real:OEWS_May2025_industry
45-4022,31-33,0.1491183879093199,real:OEWS_May2025_industry
45-4022,48-49,0.008060453400503778,real:OEWS_May2025_industry
45-4023,11,0.03986710963455149,real:OEWS_May2025_industry
45-4023,31-33,0.867109634551495,real:OEWS_May2025_industry
45-4023,42,0.04983388704318937,real:OEWS_May2025_industry
45-4023,56,0.04318936877076412,real:OEWS_May2025_industry
45-4029,11,0.8987341772151899,real:OEWS_May2025_industry
45-4029,31-33,0.10126582278481013,real:OEWS_May2025_industry
47-1011,21,0.03773398161550928,real:OEWS_May2025_industry
47-1011,22,0.006866347474297591,real:OEWS_May2025_industry
47-1011,23,0.7839389328087691,real:OEWS_May2025_industry
47-1011,31-33,0.019930965371339496,real:OEWS_May2025_industry
47-1011,42,0.00494871890039466,real:OEWS_May2025_industry
47-1011,44-45,0.003662051986292049,real:OEWS_May2025_industry
47-1011,48-49,0.00779423226812159,real:OEWS_May2025_industry
47-1011,51,0.0012619233196006384,real:OEWS_May2025_industry
47-1011,52,0.00009897437800789321,real:OEWS_May2025_industry
47-1011,53,0.005443590790434126,real:OEWS_May2025_industry
47-1011,54,0.012656348587759344,real:OEWS_May2025_industry
47-1011,56,0.032117185663561344,real:OEWS_May2025_industry
47-1011,61,0.0034888468247782356,real:OEWS_May2025_industry
47-1011,62,0.0027465389897190365,real:OEWS_May2025_industry
47-1011,71,0.0010144873745809055,real:OEWS_May2025_industry
47-1011,72,0.0010887181580868253,real:OEWS_May2025_industry
47-1011,81,0.002338269680436477,real:OEWS_May2025_industry
47-1011,92,0.07286988580831137,real:OEWS_May2025_industry
47-2011,21,0.06018054162487462,real:OEWS_May2025_industry
47-2011,22,0.0050150451354062184,real:OEWS_May2025_industry
47-2011,23,0.6178535606820461,real:OEWS_May2025_industry
47-2011,31-33,0.14543630892678033,real:OEWS_May2025_industry
47-2011,48-49,0.010030090270812437,real:OEWS_May2025_industry
47-2011,56,0.03911735205616851,real:OEWS_May2025_industry
47-2011,61,0.015045135406218655,real:OEWS_May2025_industry
47-2011,62,0.003009027081243731,real:OEWS_May2025_industry
47-2011,81,0.07422266800401203,real:OEWS_May2025_industry
47-2011,92,0.03009027081243731,real:OEWS_May2025_industry
47-2021,23,0.9507445589919816,real:OEWS_May2025_industry
47-2021,31-33,0.010691103474608629,real:OEWS_May2025_industry
47-2021,42,0.001718213058419244,real:OEWS_May2025_industry
47-2021,44-45,0.0032455135547919053,real:OEWS_May2025_industry
47-2021,56,0.016991218022145857,real:OEWS_May2025_industry
47-2021,61,0.0030546009927453228,real:OEWS_May2025_industry
47-2021,92,0.013554791905307369,real:OEWS_May2025_industry
47-2022,23,0.8854314002828855,real:OEWS_May2025_industry
47-2022,31-33,0.07637906647807638,real:OEWS_May2025_industry
47-2022,44-45,0.03253182461103253,real:OEWS_May2025_industry
47-2022,81,0.005657708628005658,real:OEWS_May2025_industry
47-2031,11,0.00014923368502738437,real:OEWS_May2025_industry
47-2031,21,0.0006864749511259682,real:OEWS_May2025_industry
47-2031,22,0.00010446357951916907,real:OEWS_May2025_industry
47-2031,23,0.8520944947693594,real:OEWS_May2025_industry
47-2031,31-33,0.043546389290990764,real:OEWS_May2025_industry
47-2031,42,0.009565879210255339,real:OEWS_May2025_industry
47-2031,44-45,0.01022250742437583,real:OEWS_May2025_industry
47-2031,48-49,0.0024474324344491037,real:OEWS_May2025_industry
47-2031,51,0.002014654747869689,real:OEWS_May2025_industry
47-2031,52,0.00008954021101643063,real:OEWS_May2025_industry
47-2031,53,0.006924442985270635,real:OEWS_May2025_industry
47-2031,54,0.00764076467340208,real:OEWS_May2025_industry
47-2031,55,0.002044501484875166,real:OEWS_May2025_industry
47-2031,56,0.02569804056171559,real:OEWS_May2025_industry
47-2031,61,0.009386798788222477,real:OEWS_May2025_industry
47-2031,62,0.004939634974406423,real:OEWS_May2025_industry
47-2031,71,0.006193197928636452,real:OEWS_May2025_industry
47-2031,72,0.0019251145368532586,real:OEWS_May2025_industry
47-2031,81,0.0029100568580339953,real:OEWS_May2025_industry
47-2031,92,0.011416376904594905,real:OEWS_May2025_industry
47-2041,23,0.586764705882353,real:OEWS_May2025_industry
47-2041,31-33,0.006617647058823529,real:OEWS_May2025_industry
47-2041,44-45,0.3977941176470588,real:OEWS_May2025_industry
47-2041,56,0.005147058823529412,real:OEWS_May2025_industry
47-2041,72,0.003676470588235294,real:OEWS_May2025_industry
47-2042,23,0.8716738197424893,real:OEWS_May2025_industry
47-2042,31-33,0.034334763948497854,real:OEWS_May2025_industry
47-2042,44-45,0.08969957081545064,real:OEWS_May2025_industry
47-2042,56,0.002575107296137339,real:OEWS_May2025_industry
47-2042,61,0.0017167381974248926,real:OEWS_May2025_industry
47-2043,23,0.9320652173913043,real:OEWS_May2025_industry
47-2043,31-33,0.016304347826086956,real:OEWS_May2025_industry
47-2043,44-45,0.02717391304347826,real:OEWS_May2025_industry
47-2043,56,0.024456521739130436,real:OEWS_May2025_industry
47-2044,23,0.8214589838206074,real:OEWS_May2025_industry
47-2044,31-33,0.13738291229066138,real:OEWS_May2025_industry
47-2044,44-45,0.03917116094237866,real:OEWS_May2025_industry
47-2044,92,0.0019869429463525404,real:OEWS_May2025_industry
47-2051,21,0.001117861482381531,real:OEWS_May2025_industry
47-2051,23,0.9437667071688943,real:OEWS_May2025_industry
47-2051,31-33,0.017399756986634266,real:OEWS_May2025_industry
47-2051,42,0.000534629404617254,real:OEWS_May2025_industry
47-2051,44-45,0.0009720534629404617,real:OEWS_May2025_industry
47-2051,53,0.00014580801944106926,real:OEWS_May2025_industry
47-2051,55,0.00043742405832320776,real:OEWS_May2025_industry
47-2051,56,0.02551640340218712,real:OEWS_May2025_industry
47-2051,61,0.0012636695018226002,real:OEWS_May2025_industry
47-2051,81,0.000534629404617254,real:OEWS_May2025_industry
47-2051,92,0.008311057108140948,real:OEWS_May2025_industry
47-2053,23,1.0,real:OEWS_May2025_industry
47-2061,21,0.00885464161955134,real:OEWS_May2025_industry
47-2061,22,0.002480393944920664,real:OEWS_May2025_industry
47-2061,23,0.8478570125843516,real:OEWS_May2025_industry
47-2061,31-33,0.014982673718767098,real:OEWS_May2025_industry
47-2061,42,0.0038300200620098486,real:OEWS_May2025_industry
47-2061,44-45,0.0019697246033193506,real:OEWS_May2025_industry
47-2061,48-49,0.0020517964617909903,real:OEWS_May2025_industry
47-2061,51,0.001477293452489513,real:OEWS_May2025_industry
47-2061,53,0.0063468903884734635,real:OEWS_May2025_industry
47-2061,54,0.0077512310778770745,real:OEWS_May2025_industry
47-2061,55,0.0013222688309319716,real:OEWS_May2025_industry
47-2061,56,0.06552981944191136,real:OEWS_May2025_industry
47-2061,61,0.003510851723509028,real:OEWS_May2025_industry
47-2061,62,0.0009666241108881999,real:OEWS_May2025_industry
47-2061,71,0.0002826919569578698,real:OEWS_May2025_industry
47-2061,72,0.0008845522524165602,real:OEWS_May2025_industry
47-2061,81,0.0017508663140616452,real:OEWS_May2025_industry
47-2061,92,0.028150647455772386,real:OEWS_May2025_industry
47-2071,21,0.004087521038711229,real:OEWS_May2025_industry
47-2071,22,0.000721327242125511,real:OEWS_May2025_industry
47-2071,23,0.7650877614811252,real:OEWS_May2025_industry
47-2071,31-33,0.0553017552296225,real:OEWS_May2025_industry
47-2071,42,0.0036066362106275548,real:OEWS_May2025_industry
47-2071,48-49,0.006251502765087761,real:OEWS_May2025_industry
47-2071,55,0.001683096898292859,real:OEWS_May2025_industry
47-2071,56,0.010579466217840828,real:OEWS_May2025_industry
47-2071,81,0.0024044241404183697,real:OEWS_May2025_industry
47-2071,92,0.15027650877614812,real:OEWS_May2025_industry
47-2072,23,0.9590909090909091,real:OEWS_May2025_industry
47-2072,92,0.04090909090909091,real:OEWS_May2025_industry
47-2073,11,0.0011714255830980022,real:OEWS_May2025_industry
47-2073,21,0.052525886413555066,real:OEWS_May2025_industry
47-2073,22,0.009245894780880662,real:OEWS_May2025_industry
47-2073,23,0.6323397134190984,real:OEWS_May2025_industry
47-2073,31-33,0.019956071540633825,real:OEWS_May2025_industry
47-2073,42,0.01604434682564585,real:OEWS_May2025_industry
47-2073,44-45,0.0007530593034201443,real:OEWS_May2025_industry
47-2073,48-49,0.015144859324338459,real:OEWS_May2025_industry
47-2073,51,0.001840811630582575,real:OEWS_May2025_industry
47-2073,52,0.00020918313983892898,real:OEWS_May2025_industry
47-2073,53,0.004434682564585294,real:OEWS_May2025_industry
47-2073,54,0.005710699717602762,real:OEWS_May2025_industry
47-2073,55,0.0020081581424537184,real:OEWS_May2025_industry
47-2073,56,0.05982637799393369,real:OEWS_May2025_industry
47-2073,61,0.0020081581424537184,real:OEWS_May2025_industry
47-2073,62,0.0001255098839033574,real:OEWS_May2025_industry
47-2073,71,0.0017989750026147892,real:OEWS_May2025_industry
47-2073,72,0.0018198933165986821,real:OEWS_May2025_industry
47-2073,81,0.001652546804727539,real:OEWS_May2025_industry
47-2073,92,0.17138374647003451,real:OEWS_May2025_industry
47-2081,23,0.9729860106126387,real:OEWS_May2025_industry
47-2081,31-33,0.009527255185721176,real:OEWS_May2025_industry
47-2081,56,0.017124939700916546,real:OEWS_May2025_industry
47-2081,61,0.000361794500723589,real:OEWS_May2025_industry
47-2082,23,0.9945098039215686,real:OEWS_May2025_industry
47-2082,31-33,0.005490196078431373,real:OEWS_May2025_industry
47-2111,11,0.00013206201632286522,real:OEWS_May2025_industry
47-2111,21,0.009033041916483981,real:OEWS_May2025_industry
47-2111,22,0.011859169065793297,real:OEWS_May2025_industry
47-2111,23,0.7919759118882227,real:OEWS_May2025_industry
47-2111,31-33,0.06945141438419482,real:OEWS_May2025_industry
47-2111,42,0.005903172129632075,real:OEWS_May2025_industry
47-2111,44-45,0.0013338263648609387,real:OEWS_May2025_industry
47-2111,48-49,0.00728982330102216,real:OEWS_May2025_industry
47-2111,51,0.0015583317926098096,real:OEWS_May2025_industry
47-2111,52,0.00013206201632286522,real:OEWS_May2025_industry
47-2111,53,0.0015847441958743826,real:OEWS_May2025_industry
47-2111,54,0.008742505480573677,real:OEWS_May2025_industry
47-2111,55,0.00212619846279813,real:OEWS_May2025_industry
47-2111,56,0.03257969942685085,real:OEWS_May2025_industry
47-2111,61,0.012334592324555612,real:OEWS_May2025_industry
47-2111,62,0.005784316314941497,real:OEWS_May2025_industry
47-2111,71,0.0028261271493093157,real:OEWS_May2025_industry
47-2111,72,0.0011753519452735004,real:OEWS_May2025_industry
47-2111,81,0.0033279628113362034,real:OEWS_May2025_industry
47-2111,92,0.030849687013021314,real:OEWS_May2025_industry
47-2121,23,0.8033938978402468,real:OEWS_May2025_industry
47-2121,31-33,0.028796708947548853,real:OEWS_May2025_industry
47-2121,42,0.012512855673637299,real:OEWS_May2025_industry
47-2121,44-45,0.12084333219060679,real:OEWS_May2025_industry
47-2121,56,0.005142269454919438,real:OEWS_May2025_industry
47-2121,61,0.002571134727459719,real:OEWS_May2025_industry
47-2121,81,0.025711347274597188,real:OEWS_May2025_industry
47-2121,92,0.0010284538909838875,real:OEWS_May2025_industry
47-2131,21,0.0011625203441060219,real:OEWS_May2025_industry
47-2131,23,0.9820971867007673,real:OEWS_May2025_industry
47-2131,44-45,0.006975122064636131,real:OEWS_May2025_industry
47-2131,54,0.005580097651708905,real:OEWS_May2025_industry
47-2131,62,0.0041850732387816785,real:OEWS_May2025_industry
47-2132,22,0.002377179080824089,real:OEWS_May2025_industry
47-2132,23,0.9243264659270999,real:OEWS_May2025_industry
47-2132,31-33,0.032091917591125195,real:OEWS_May2025_industry
47-2132,54,0.001584786053882726,real:OEWS_May2025_industry
47-2132,56,0.01901743264659271,real:OEWS_May2025_industry
47-2132,92,0.020602218700475437,real:OEWS_May2025_industry
47-2141,21,0.001244057404363087,real:OEWS_May2025_industry
47-2141,23,0.8252099346869862,real:OEWS_May2025_industry
47-2141,31-33,0.02288177011596392,real:OEWS_May2025_industry
47-2141,42,0.0032878659972453016,real:OEWS_May2025_industry
47-2141,44-45,0.0016439329986226508,real:OEWS_May2025_industry
47-2141,48-49,0.001332918647531879,real:OEWS_May2025_industry
47-2141,51,0.0009330430532723153,real:OEWS_May2025_industry
47-2141,53,0.025903052383702847,real:OEWS_May2025_industry
47-2141,54,0.0029768516461545296,real:OEWS_May2025_industry
47-2141,55,0.0021326698360510064,real:OEWS_May2025_industry
47-2141,56,0.025814191140534057,real:OEWS_May2025_industry
47-2141,61,0.018660861065446305,real:OEWS_May2025_industry
47-2141,62,0.015106411338694628,real:OEWS_May2025_industry
47-2141,71,0.005642688941218288,real:OEWS_May2025_industry
47-2141,72,0.010396765450748656,real:OEWS_May2025_industry
47-2141,81,0.00484293775269916,real:OEWS_May2025_industry
47-2141,92,0.03199004754076509,real:OEWS_May2025_industry
47-2142,23,0.23684210526315788,real:OEWS_May2025_industry
47-2142,31-33,0.046052631578947366,real:OEWS_May2025_industry
47-2142,44-45,0.039473684210526314,real:OEWS_May2025_industry
47-2142,54,0.6776315789473685,real:OEWS_May2025_industry
47-2151,21,0.0030349013657056147,real:OEWS_May2025_industry
47-2151,22,0.01638846737481032,real:OEWS_May2025_industry
47-2151,23,0.7981790591805766,real:OEWS_May2025_industry
47-2151,31-33,0.0015174506828528073,real:OEWS_May2025_industry
47-2151,42,0.0018209408194233688,real:OEWS_May2025_industry
47-2151,56,0.0024279210925644916,real:OEWS_May2025_industry
47-2151,61,0.0012139605462822458,real:OEWS_May2025_industry
47-2151,92,0.17541729893778452,real:OEWS_May2025_industry
47-2152,21,0.003441856437786821,real:OEWS_May2025_industry
47-2152,22,0.016408347043034028,real:OEWS_May2025_industry
47-2152,23,0.8303749242358646,real:OEWS_May2025_industry
47-2152,31-33,0.034656680232054725,real:OEWS_May2025_industry
47-2152,42,0.007619707333968309,real:OEWS_May2025_industry
47-2152,44-45,0.0027491557710624297,real:OEWS_May2025_industry
47-2152,48-49,0.0035500909169625078,real:OEWS_May2025_industry
47-2152,53,0.0019049268334920772,real:OEWS_May2025_industry
47-2152,54,0.0072517101047709755,real:OEWS_May2025_industry
47-2152,56,0.02881201835656767,real:OEWS_May2025_industry
47-2152,61,0.014698242272058187,real:OEWS_May2025_industry
47-2152,62,0.00588795566715733,real:OEWS_May2025_industry
47-2152,71,0.001342107541778509,real:OEWS_May2025_industry
47-2152,72,0.00125551995843796,real:OEWS_May2025_industry
47-2152,81,0.003983028833665253,real:OEWS_May2025_industry
47-2152,92,0.036063728461338644,real:OEWS_May2025_industry
47-2161,23,0.9839142091152815,real:OEWS_May2025_industry
47-2161,61,0.00482573726541555,real:OEWS_May2025_industry
47-2161,62,0.0032171581769436996,real:OEWS_May2025_industry
47-2161,92,0.00804289544235925,real:OEWS_May2025_industry
47-2171,23,0.9192592592592592,real:OEWS_May2025_industry
47-2171,31-33,0.05703703703703704,real:OEWS_May2025_industry
47-2171,56,0.023703703703703703,real:OEWS_May2025_industry
47-2181,23,0.977943897564947,real:OEWS_May2025_industry
47-2181,31-33,0.009843830952557175,real:OEWS_May2025_industry
47-2181,44-45,0.0005180963659240619,real:OEWS_May2025_industry
47-2181,56,0.007475390422618607,real:OEWS_May2025_industry
47-2181,61,0.0028125231293020503,real:OEWS_May2025_industry
47-2181,92,0.0014062615646510252,real:OEWS_May2025_industry
47-2211,23,0.647702589807853,real:OEWS_May2025_industry
47-2211,31-33,0.2503759398496241,real:OEWS_May2025_industry
47-2211,42,0.006098579782790309,real:OEWS_May2025_industry
47-2211,44-45,0.0004177109440267335,real:OEWS_May2025_industry
47-2211,48-49,0.018462823725981622,real:OEWS_May2025_industry
47-2211,54,0.005346700083542189,real:OEWS_May2025_industry
47-2211,56,0.018629908103592312,real:OEWS_May2025_industry
47-2211,61,0.002255639097744361,real:OEWS_May2025_industry
47-2211,62,0.0003341687552213868,real:OEWS_May2025_industry
47-2211,71,0.0002506265664160401,real:OEWS_May2025_industry
47-2211,81,0.0018379281537176273,real:OEWS_May2025_industry
47-2211,92,0.04828738512949039,real:OEWS_May2025_industry
47-2221,21,0.0036485253876558225,real:OEWS_May2025_industry
47-2221,23,0.8668288233505624,real:OEWS_May2025_industry
47-2221,31-33,0.10763149893584677,real:OEWS_May2025_industry
47-2221,48-49,0.0013681970203709335,real:OEWS_May2025_industry
47-2221,53,0.002736394040741867,real:OEWS_May2025_industry
47-2221,54,0.006080875646093037,real:OEWS_May2025_industry
47-2221,81,0.0038005472788081485,real:OEWS_May2025_industry
47-2221,92,0.007905138339920948,real:OEWS_May2025_industry
47-2231,22,0.13100294021561582,real:OEWS_May2025_industry
47-2231,23,0.6671022541653054,real:OEWS_May2025_industry
47-2231,31-33,0.0013067624959163672,real:OEWS_May2025_industry
47-2231,55,0.012087553087226397,real:OEWS_May2025_industry
47-2231,56,0.18850049003593597,real:OEWS_May2025_industry
47-3011,23,0.9842293906810036,real:OEWS_May2025_industry
47-3011,31-33,0.015770609318996417,real:OEWS_May2025_industry
47-3012,23,0.9126491646778043,real:OEWS_May2025_industry
47-3012,31-33,0.03389021479713604,real:OEWS_May2025_industry
47-3012,44-45,0.007159904534606206,real:OEWS_May2025_industry
47-3012,53,0.013365155131264916,real:OEWS_May2025_industry
47-3012,56,0.0243436754176611,real:OEWS_May2025_industry
47-3012,61,0.001431980906921241,real:OEWS_May2025_industry
47-3012,62,0.0019093078758949881,real:OEWS_May2025_industry
47-3012,71,0.002386634844868735,real:OEWS_May2025_industry
47-3012,92,0.002863961813842482,real:OEWS_May2025_industry
47-3013,21,0.003462930898787974,real:OEWS_May2025_industry
47-3013,22,0.001731465449393987,real:OEWS_May2025_industry
47-3013,23,0.9123248858806863,real:OEWS_May2025_industry
47-3013,31-33,0.008814733196914844,real:OEWS_May2025_industry
47-3013,42,0.0014166535495041713,real:OEWS_May2025_industry
47-3013,48-49,0.0014166535495041713,real:OEWS_May2025_industry
47-3013,54,0.001888871399338895,real:OEWS_May2025_industry
47-3013,56,0.042971824334959864,real:OEWS_May2025_industry
47-3013,61,0.0012592475995592634,real:OEWS_May2025_industry
47-3013,62,0.0006296237997796317,real:OEWS_May2025_industry
47-3013,81,0.0028333070990083425,real:OEWS_May2025_industry
47-3013,92,0.02124980324256257,real:OEWS_May2025_industry
47-3014,23,0.9467213114754098,real:OEWS_May2025_industry
47-3014,31-33,0.00546448087431694,real:OEWS_May2025_industry
47-3014,56,0.04234972677595628,real:OEWS_May2025_industry
47-3014,92,0.00546448087431694,real:OEWS_May2025_industry
47-3015,21,0.004989793603991835,real:OEWS_May2025_industry
47-3015,22,0.004536176003628941,real:OEWS_May2025_industry
47-3015,23,0.9630301655704241,real:OEWS_May2025_industry
47-3015,31-33,0.0031753232025402587,real:OEWS_May2025_industry
47-3015,54,0.0036289408029031526,real:OEWS_May2025_industry
47-3015,56,0.015196189612156952,real:OEWS_May2025_industry
47-3015,61,0.0009072352007257881,real:OEWS_May2025_industry
47-3015,92,0.004536176003628941,real:OEWS_May2025_industry
47-3016,23,1.0,real:OEWS_May2025_industry
47-3019,21,0.0028653295128939827,real:OEWS_May2025_industry
47-3019,22,0.0057306590257879654,real:OEWS_May2025_industry
47-3019,23,0.8448628735161686,real:OEWS_May2025_industry
47-3019,31-33,0.029881293491608677,real:OEWS_May2025_industry
47-3019,44-45,0.019647973802701595,real:OEWS_May2025_industry
47-3019,54,0.0028653295128939827,real:OEWS_May2025_industry
47-3019,56,0.03929594760540319,real:OEWS_May2025_industry
47-3019,61,0.013098649201801064,real:OEWS_May2025_industry
47-3019,62,0.0012279983626688497,real:OEWS_May2025_industry
47-3019,81,0.0057306590257879654,real:OEWS_May2025_industry
47-3019,92,0.03479328694228408,real:OEWS_May2025_industry
47-4011,21,0.005801255801255801,real:OEWS_May2025_industry
47-4011,22,0.028323778323778324,real:OEWS_May2025_industry
47-4011,23,0.09404859404859404,real:OEWS_May2025_industry
47-4011,31-33,0.001638001638001638,real:OEWS_May2025_industry
47-4011,48-49,0.003617253617253617,real:OEWS_May2025_industry
47-4011,52,0.0026617526617526617,real:OEWS_May2025_industry
47-4011,53,0.015902265902265903,real:OEWS_May2025_industry
47-4011,54,0.3912093912093912,real:OEWS_May2025_industry
47-4011,55,0.00546000546000546,real:OEWS_May2025_industry
47-4011,56,0.015083265083265083,real:OEWS_May2025_industry
47-4011,61,0.004845754845754845,real:OEWS_May2025_industry
47-4011,62,0.006142506142506142,real:OEWS_May2025_industry
47-4011,71,0.0004777504777504777,real:OEWS_May2025_industry
47-4011,81,0.0040267540267540265,real:OEWS_May2025_industry
47-4011,92,0.42076167076167076,real:OEWS_May2025_industry
47-4021,23,0.9160568230736117,real:OEWS_May2025_industry
47-4021,31-33,0.045200172191132156,real:OEWS_May2025_industry
47-4021,42,0.009900990099009901,real:OEWS_May2025_industry
47-4021,54,0.008179078777442962,real:OEWS_May2025_industry
47-4021,56,0.003013344812742144,real:OEWS_May2025_industry
47-4021,61,0.006026689625484288,real:OEWS_May2025_industry
47-4021,92,0.01162290142057684,real:OEWS_May2025_industry
47-4031,21,0.002053388090349076,real:OEWS_May2025_industry
47-4031,23,0.8940451745379877,real:OEWS_May2025_industry
47-4031,31-33,0.01026694045174538,real:OEWS_May2025_industry
47-4031,44-45,0.04188911704312115,real:OEWS_May2025_industry
47-4031,53,0.016837782340862424,real:OEWS_May2025_industry
47-4031,56,0.03490759753593429,real:OEWS_May2025_industry
47-4041,22,0.0029285435376805937,real:OEWS_May2025_industry
47-4041,23,0.05486138227254979,real:OEWS_May2025_industry
47-4041,31-33,0.005661850839515814,real:OEWS_May2025_industry
47-4041,42,0.008199921905505662,real:OEWS_May2025_industry
47-4041,44-45,0.0013666536509176104,real:OEWS_May2025_industry
47-4041,48-49,0.005076142131979695,real:OEWS_May2025_industry
47-4041,54,0.031433033971105036,real:OEWS_May2025_industry
47-4041,55,0.004490433424443577,real:OEWS_May2025_industry
47-4041,56,0.840882467786021,real:OEWS_May2025_industry
47-4041,62,0.003709488481062085,real:OEWS_May2025_industry
47-4041,81,0.005857087075361187,real:OEWS_May2025_industry
47-4041,92,0.03553299492385787,real:OEWS_May2025_industry
47-4051,23,0.027732885125088886,real:OEWS_May2025_industry
47-4051,53,0.001810071756416058,real:OEWS_May2025_industry
47-4051,56,0.008727131682720279,real:OEWS_May2025_industry
47-4051,71,0.0005171633589760165,real:OEWS_May2025_industry
47-4051,92,0.9612127480767988,real:OEWS_May2025_industry
47-4061,21,0.005115089514066497,real:OEWS_May2025_industry
47-4061,23,0.0710997442455243,real:OEWS_May2025_industry
47-4061,48-49,0.7161125319693095,real:OEWS_May2025_industry
47-4061,92,0.20767263427109975,real:OEWS_May2025_industry
47-4071,22,0.004608294930875576,real:OEWS_May2025_industry
47-4071,23,0.15371955233706386,real:OEWS_May2025_industry
47-4071,31-33,0.0032916392363396972,real:OEWS_May2025_industry
47-4071,54,0.01053324555628703,real:OEWS_May2025_industry
47-4071,56,0.60862409479921,real:OEWS_May2025_industry
47-4071,92,0.21922317314022383,real:OEWS_May2025_industry
47-4090,21,0.0031701303275801338,real:OEWS_May2025_industry
47-4090,22,0.013032758013384995,real:OEWS_May2025_industry
47-4090,23,0.6671363156040859,real:OEWS_May2025_industry
47-4090,31-33,0.03592814371257485,real:OEWS_May2025_industry
47-4090,42,0.012328284607256075,real:OEWS_May2025_industry
47-4090,44-45,0.007749207467418105,real:OEWS_May2025_industry
47-4090,48-49,0.007044734061289186,real:OEWS_May2025_industry
47-4090,51,0.0031701303275801338,real:OEWS_May2025_industry
47-4090,53,0.007044734061289186,real:OEWS_May2025_industry
47-4090,54,0.03099682986967242,real:OEWS_May2025_industry
47-4090,55,0.005635787249031349,real:OEWS_May2025_industry
47-4090,56,0.0700951039098274,real:OEWS_May2025_industry
47-4090,61,0.02571327932370553,real:OEWS_May2025_industry
47-4090,62,0.029940119760479042,real:OEWS_May2025_industry
47-4090,71,0.0024656569214512153,real:OEWS_May2025_industry
47-4090,81,0.010919337794998239,real:OEWS_May2025_industry
47-4090,92,0.06762944698837618,real:OEWS_May2025_industry
47-5011,21,0.9922928709055877,real:OEWS_May2025_industry
47-5011,23,0.007707129094412331,real:OEWS_May2025_industry
47-5012,21,0.9404567699836868,real:OEWS_May2025_industry
47-5012,23,0.030179445350734094,real:OEWS_May2025_industry
47-5012,48-49,0.012234910277324634,real:OEWS_May2025_industry
47-5012,54,0.017128874388254486,real:OEWS_May2025_industry
47-5013,21,0.9120802238805971,real:OEWS_May2025_industry
47-5013,22,0.014458955223880597,real:OEWS_May2025_industry
47-5013,31-33,0.014458955223880597,real:OEWS_May2025_industry
47-5013,42,0.005597014925373134,real:OEWS_May2025_industry
47-5013,48-49,0.024720149253731342,real:OEWS_May2025_industry
47-5013,53,0.017723880597014924,real:OEWS_May2025_industry
47-5013,54,0.002798507462686567,real:OEWS_May2025_industry
47-5013,56,0.00816231343283582,real:OEWS_May2025_industry
47-5022,21,0.6615667074663403,real:OEWS_May2025_industry
47-5022,22,0.008261933904528763,real:OEWS_May2025_industry
47-5022,23,0.2402080783353733,real:OEWS_May2025_industry
47-5022,31-33,0.051407588739290085,real:OEWS_May2025_industry
47-5022,42,0.004589963280293758,real:OEWS_May2025_industry
47-5022,48-49,0.008261933904528763,real:OEWS_May2025_industry
47-5022,56,0.021113831089351286,real:OEWS_May2025_industry
47-5022,81,0.004589963280293758,real:OEWS_May2025_industry
47-5023,21,0.19375,real:OEWS_May2025_industry
47-5023,22,0.004166666666666667,real:OEWS_May2025_industry
47-5023,23,0.6760416666666667,real:OEWS_May2025_industry
47-5023,31-33,0.003125,real:OEWS_May2025_industry
47-5023,51,0.0015625,real:OEWS_May2025_industry
47-5023,54,0.09322916666666667,real:OEWS_May2025_industry
47-5023,56,0.0203125,real:OEWS_May2025_industry
47-5023,92,0.0078125,real:OEWS_May2025_industry
47-5032,21,0.27602905569007263,real:OEWS_May2025_industry
47-5032,23,0.16464891041162227,real:OEWS_May2025_industry
47-5032,31-33,0.1162227602905569,real:OEWS_May2025_industry
47-5032,42,0.14043583535108958,real:OEWS_May2025_industry
47-5032,48-49,0.009685230024213076,real:OEWS_May2025_industry
47-5032,92,0.2929782082324455,real:OEWS_May2025_industry
47-5041,21,0.9932381667918858,real:OEWS_May2025_industry
47-5041,31-33,0.0067618332081141996,real:OEWS_May2025_industry
47-5043,21,1.0,real:OEWS_May2025_industry
47-5044,21,0.9604810996563574,real:OEWS_May2025_industry
47-5044,23,0.022336769759450172,real:OEWS_May2025_industry
47-5044,31-33,0.01718213058419244,real:OEWS_May2025_industry
47-5049,21,1.0,real:OEWS_May2025_industry
47-5051,21,0.8957055214723927,real:OEWS_May2025_industry
47-5051,23,0.012269938650306749,real:OEWS_May2025_industry
47-5051,31-33,0.09202453987730061,real:OEWS_May2025_industry
47-5071,21,0.8674403035036822,real:OEWS_May2025_industry
47-5071,22,0.0060254407498326265,real:OEWS_May2025_industry
47-5071,23,0.07721490738674402,real:OEWS_May2025_industry
47-5071,31-33,0.008257085471992859,real:OEWS_May2025_industry
47-5071,48-49,0.003124302611024325,real:OEWS_May2025_industry
47-5071,53,0.01383619727739344,real:OEWS_May2025_industry
47-5071,54,0.004463289444320465,real:OEWS_May2025_industry
47-5071,56,0.00981923677750502,real:OEWS_May2025_industry
47-5071,81,0.00981923677750502,real:OEWS_May2025_industry
47-5081,21,0.4636363636363636,real:OEWS_May2025_industry
47-5081,23,0.4696969696969697,real:OEWS_May2025_industry
47-5081,54,0.05606060606060606,real:OEWS_May2025_industry
47-5081,56,0.010606060606060607,real:OEWS_May2025_industry
47-5099,21,0.8888888888888888,real:OEWS_May2025_industry
47-5099,54,0.041928721174004195,real:OEWS_May2025_industry
47-5099,56,0.05241090146750524,real:OEWS_May2025_industry
47-5099,92,0.016771488469601678,real:OEWS_May2025_industry
49-1011,11,0.001182205379844208,real:OEWS_May2025_industry
49-1011,21,0.010834183549531166,real:OEWS_May2025_industry
49-1011,22,0.03953100455068098,real:OEWS_May2025_industry
49-1011,23,0.1109491651686667,real:OEWS_May2025_industry
49-1011,31-33,0.1034834572219793,real:OEWS_May2025_industry
49-1011,42,0.0664626147791867,real:OEWS_May2025_industry
49-1011,44-45,0.12358094867933084,real:OEWS_May2025_industry
49-1011,48-49,0.0631589175533207,real:OEWS_May2025_industry
49-1011,51,0.023012518421350953,real:OEWS_May2025_industry
49-1011,52,0.002202464817244004,real:OEWS_May2025_industry
49-1011,53,0.09477076551846994,real:OEWS_May2025_industry
49-1011,54,0.01143338353657549,real:OEWS_May2025_industry
49-1011,55,0.011903026769664286,real:OEWS_May2025_industry
49-1011,56,0.03815446403990348,real:OEWS_May2025_industry
49-1011,61,0.028955934509060876,real:OEWS_May2025_industry
49-1011,62,0.03020291826588285,real:OEWS_May2025_industry
49-1011,71,0.015384864532219145,real:OEWS_May2025_industry
49-1011,72,0.022235177897617774,real:OEWS_May2025_industry
49-1011,81,0.10928112196148926,real:OEWS_May2025_industry
49-1011,92,0.09328086284798134,real:OEWS_May2025_industry
49-2011,23,0.012503812137846905,real:OEWS_May2025_industry
49-2011,31-33,0.018908203720646537,real:OEWS_May2025_industry
49-2011,42,0.3211344922232388,real:OEWS_May2025_industry
49-2011,44-45,0.3051235132662397,real:OEWS_May2025_industry
49-2011,48-49,0.004269594388533089,real:OEWS_May2025_industry
49-2011,51,0.004574565416285453,real:OEWS_May2025_industry
49-2011,52,0.006709362610551998,real:OEWS_May2025_industry
49-2011,53,0.015401036901494358,real:OEWS_May2025_industry
49-2011,54,0.05763952424519671,real:OEWS_May2025_industry
49-2011,55,0.0053369929856663615,real:OEWS_May2025_industry
49-2011,56,0.02958218969197926,real:OEWS_May2025_industry
49-2011,61,0.01799329063738945,real:OEWS_May2025_industry
49-2011,62,0.003354681305275999,real:OEWS_May2025_industry
49-2011,71,0.001219884111009454,real:OEWS_May2025_industry
49-2011,81,0.18511741384568467,real:OEWS_May2025_industry
49-2011,92,0.011131442512961269,real:OEWS_May2025_industry
49-2021,22,0.009017132551848512,real:OEWS_May2025_industry
49-2021,23,0.24797114517583407,real:OEWS_May2025_industry
49-2021,31-33,0.030658250676284943,real:OEWS_May2025_industry
49-2021,42,0.0703336339044184,real:OEWS_May2025_industry
49-2021,44-45,0.0405770964833183,real:OEWS_May2025_industry
49-2021,48-49,0.009918845807033363,real:OEWS_May2025_industry
49-2021,51,0.260595130748422,real:OEWS_May2025_industry
49-2021,54,0.0703336339044184,real:OEWS_May2025_industry
49-2021,55,0.019837691614066726,real:OEWS_May2025_industry
49-2021,56,0.008115419296663661,real:OEWS_May2025_industry
49-2021,81,0.09377817853922453,real:OEWS_May2025_industry
49-2021,92,0.1388638412984671,real:OEWS_May2025_industry
49-2022,22,0.0026994388008808696,real:OEWS_May2025_industry
49-2022,23,0.1424309156780564,real:OEWS_May2025_industry
49-2022,31-33,0.0012076436740782836,real:OEWS_May2025_industry
49-2022,42,0.040633657739575196,real:OEWS_May2025_industry
49-2022,48-49,0.0004262271790864531,real:OEWS_May2025_industry
49-2022,51,0.6687504439866448,real:OEWS_May2025_industry
49-2022,52,0.00021311358954322654,real:OEWS_May2025_industry
49-2022,53,0.0010655679477161327,real:OEWS_May2025_industry
49-2022,54,0.04290686936136961,real:OEWS_May2025_industry
49-2022,55,0.006322369823115721,real:OEWS_May2025_industry
49-2022,56,0.035376855864175605,real:OEWS_May2025_industry
49-2022,61,0.004759536833132059,real:OEWS_May2025_industry
49-2022,62,0.0018469844427079633,real:OEWS_May2025_industry
49-2022,71,0.00021311358954322654,real:OEWS_May2025_industry
49-2022,81,0.02692335014562762,real:OEWS_May2025_industry
49-2022,92,0.02422391134474675,real:OEWS_May2025_industry
49-2091,31-33,0.398068669527897,real:OEWS_May2025_industry
49-2091,48-49,0.3948497854077253,real:OEWS_May2025_industry
49-2091,54,0.09495708154506438,real:OEWS_May2025_industry
49-2091,55,0.0037553648068669528,real:OEWS_May2025_industry
49-2091,56,0.016630901287553648,real:OEWS_May2025_industry
49-2091,61,0.011266094420600859,real:OEWS_May2025_industry
49-2091,81,0.012875536480686695,real:OEWS_May2025_industry
49-2091,92,0.06759656652360516,real:OEWS_May2025_industry
49-2092,22,0.01060070671378092,real:OEWS_May2025_industry
49-2092,23,0.05441696113074205,real:OEWS_May2025_industry
49-2092,31-33,0.1519434628975265,real:OEWS_May2025_industry
49-2092,42,0.3809187279151943,real:OEWS_May2025_industry
49-2092,44-45,0.0607773851590106,real:OEWS_May2025_industry
49-2092,48-49,0.025441696113074206,real:OEWS_May2025_industry
49-2092,53,0.01696113074204947,real:OEWS_May2025_industry
49-2092,54,0.0035335689045936395,real:OEWS_May2025_industry
49-2092,56,0.014134275618374558,real:OEWS_May2025_industry
49-2092,71,0.02402826855123675,real:OEWS_May2025_industry
49-2092,81,0.2176678445229682,real:OEWS_May2025_industry
49-2092,92,0.039575971731448764,real:OEWS_May2025_industry
49-2093,22,0.006230529595015576,real:OEWS_May2025_industry
49-2093,23,0.02336448598130841,real:OEWS_May2025_industry
49-2093,31-33,0.08566978193146417,real:OEWS_May2025_industry
49-2093,42,0.03426791277258567,real:OEWS_May2025_industry
49-2093,44-45,0.037383177570093455,real:OEWS_May2025_industry
49-2093,48-49,0.4236760124610592,real:OEWS_May2025_industry
49-2093,81,0.08722741433021806,real:OEWS_May2025_industry
49-2093,92,0.30218068535825543,real:OEWS_May2025_industry
49-2094,21,0.050299953853253344,real:OEWS_May2025_industry
49-2094,22,0.01799723119520074,real:OEWS_May2025_industry
49-2094,23,0.06091370558375635,real:OEWS_May2025_industry
49-2094,31-33,0.23934779264728503,real:OEWS_May2025_industry
49-2094,42,0.10013844023996309,real:OEWS_May2025_industry
49-2094,44-45,0.01030610675280726,real:OEWS_May2025_industry
49-2094,48-49,0.081372096600523,real:OEWS_May2025_industry
49-2094,51,0.01369020150746039,real:OEWS_May2025_industry
49-2094,53,0.010613751730503,real:OEWS_May2025_industry
49-2094,54,0.07860329180126134,real:OEWS_May2025_industry
49-2094,55,0.007383479464697739,real:OEWS_May2025_industry
49-2094,56,0.03953237963390248,real:OEWS_May2025_industry
49-2094,61,0.018304876172896476,real:OEWS_May2025_industry
49-2094,62,0.005383787109675435,real:OEWS_May2025_industry
49-2094,71,0.0007691124442393477,real:OEWS_May2025_industry
49-2094,72,0.0006152899553914783,real:OEWS_May2025_industry
49-2094,81,0.08567912628826334,real:OEWS_May2025_industry
49-2094,92,0.17904937701892015,real:OEWS_May2025_industry
49-2095,22,0.6424770198355104,real:OEWS_May2025_industry
49-2095,23,0.061925495887760036,real:OEWS_May2025_industry
49-2095,31-33,0.008708272859216255,real:OEWS_May2025_industry
49-2095,42,0.00725689404934688,real:OEWS_May2025_industry
49-2095,48-49,0.00822447992259313,real:OEWS_May2025_industry
49-2095,54,0.027092404450895016,real:OEWS_May2025_industry
49-2095,55,0.045960328979196906,real:OEWS_May2025_industry
49-2095,61,0.0024189646831156266,real:OEWS_May2025_industry
49-2095,81,0.027576197387518143,real:OEWS_May2025_industry
49-2095,92,0.1683599419448476,real:OEWS_May2025_industry
49-2096,31-33,0.15587529976019185,real:OEWS_May2025_industry
49-2096,42,0.06354916067146282,real:OEWS_May2025_industry
49-2096,44-45,0.5047961630695443,real:OEWS_May2025_industry
49-2096,48-49,0.017985611510791366,real:OEWS_May2025_industry
49-2096,51,0.011990407673860911,real:OEWS_May2025_industry
49-2096,54,0.004796163069544364,real:OEWS_May2025_industry
49-2096,55,0.013189448441247002,real:OEWS_May2025_industry
49-2096,81,0.19784172661870503,real:OEWS_May2025_industry
49-2096,92,0.02997601918465228,real:OEWS_May2025_industry
49-2097,23,0.2841501564129301,real:OEWS_May2025_industry
49-2097,31-33,0.020855057351407715,real:OEWS_May2025_industry
49-2097,42,0.07090719499478623,real:OEWS_May2025_industry
49-2097,44-45,0.3967674661105318,real:OEWS_May2025_industry
49-2097,51,0.026590198123044837,real:OEWS_May2025_industry
49-2097,53,0.08029197080291971,real:OEWS_May2025_industry
49-2097,54,0.05578727841501564,real:OEWS_May2025_industry
49-2097,61,0.006256517205422315,real:OEWS_May2025_industry
49-2097,71,0.005735140771637122,real:OEWS_May2025_industry
49-2097,72,0.0026068821689259644,real:OEWS_May2025_industry
49-2097,81,0.0443169968717414,real:OEWS_May2025_industry
49-2097,92,0.005735140771637122,real:OEWS_May2025_industry
49-2098,23,0.24782255254906516,real:OEWS_May2025_industry
49-2098,31-33,0.002438741145047033,real:OEWS_May2025_industry
49-2098,42,0.05783300429682964,real:OEWS_May2025_industry
49-2098,44-45,0.0016258274300313552,real:OEWS_May2025_industry
49-2098,53,0.000929044245732203,real:OEWS_May2025_industry
49-2098,54,0.0063871791894088955,real:OEWS_May2025_industry
49-2098,55,0.0011613053071652538,real:OEWS_May2025_industry
49-2098,56,0.6610149808384624,real:OEWS_May2025_industry
49-2098,61,0.0068517013122749975,real:OEWS_May2025_industry
49-2098,62,0.001277435837881779,real:OEWS_May2025_industry
49-2098,71,0.0006967831842991523,real:OEWS_May2025_industry
49-2098,72,0.0008129137150156776,real:OEWS_May2025_industry
49-2098,81,0.0013935663685983046,real:OEWS_May2025_industry
49-2098,92,0.009754964580188132,real:OEWS_May2025_industry
49-3011,11,0.0015237265999129299,real:OEWS_May2025_industry
49-3011,22,0.00021767522855898998,real:OEWS_May2025_industry
49-3011,23,0.0005079088666376433,real:OEWS_May2025_industry
49-3011,31-33,0.188579306341605,real:OEWS_May2025_industry
49-3011,42,0.012117254389783776,real:OEWS_May2025_industry
49-3011,44-45,0.0007981425047162966,real:OEWS_May2025_industry
49-3011,48-49,0.6036134087940792,real:OEWS_May2025_industry
49-3011,52,0.01001306051371354,real:OEWS_May2025_industry
49-3011,53,0.0021767522855899,real:OEWS_May2025_industry
49-3011,54,0.02249310695109563,real:OEWS_May2025_industry
49-3011,55,0.0029748947903061964,real:OEWS_May2025_industry
49-3011,56,0.02249310695109563,real:OEWS_May2025_industry
49-3011,61,0.01922797852271078,real:OEWS_May2025_industry
49-3011,62,0.015092149180089972,real:OEWS_May2025_industry
49-3011,81,0.0021041938760702366,real:OEWS_May2025_industry
49-3011,92,0.09606733420403425,real:OEWS_May2025_industry
49-3021,23,0.0006035812487425391,real:OEWS_May2025_industry
49-3021,31-33,0.02843538327409295,real:OEWS_May2025_industry
49-3021,42,0.021863054121118636,real:OEWS_May2025_industry
49-3021,44-45,0.18355576420092548,real:OEWS_May2025_industry
49-3021,48-49,0.008852524981557239,real:OEWS_May2025_industry
49-3021,53,0.006035812487425391,real:OEWS_May2025_industry
49-3021,55,0.0012742270806786935,real:OEWS_May2025_industry
49-3021,56,0.003554422909261619,real:OEWS_May2025_industry
49-3021,61,0.0006035812487425391,real:OEWS_May2025_industry
49-3021,62,0.0002682583327744618,real:OEWS_May2025_industry
49-3021,71,0.0032190999932935416,real:OEWS_May2025_industry
49-3021,81,0.7345583797196701,real:OEWS_May2025_industry
49-3021,92,0.007175910401716853,real:OEWS_May2025_industry
49-3022,23,0.025653675382338433,real:OEWS_May2025_industry
49-3022,42,0.030093734583127776,real:OEWS_May2025_industry
49-3022,44-45,0.051307350764676865,real:OEWS_May2025_industry
49-3022,48-49,0.001973359644795264,real:OEWS_May2025_industry
49-3022,81,0.8909718796250616,real:OEWS_May2025_industry
49-3023,21,0.0005250982785291572,real:OEWS_May2025_industry
49-3023,22,0.0016178703716844302,real:OEWS_May2025_industry
49-3023,23,0.005917999517477257,real:OEWS_May2025_industry
49-3023,31-33,0.006130877197962051,real:OEWS_May2025_industry
49-3023,42,0.02484992123525822,real:OEWS_May2025_industry
49-3023,44-45,0.5045484864396917,real:OEWS_May2025_industry
49-3023,48-49,0.0205781757801967,real:OEWS_May2025_industry
49-3023,51,0.0003547961341413224,real:OEWS_May2025_industry
49-3023,52,0.0006386330414543803,real:OEWS_May2025_industry
49-3023,53,0.009664646694009621,real:OEWS_May2025_industry
49-3023,54,0.00259710770191448,real:OEWS_May2025_industry
49-3023,55,0.0027816016916679676,real:OEWS_May2025_industry
49-3023,56,0.012119835942267574,real:OEWS_May2025_industry
49-3023,61,0.003406042887756695,real:OEWS_May2025_industry
49-3023,62,0.002724834310205356,real:OEWS_May2025_industry
49-3023,71,0.005038105104806778,real:OEWS_May2025_industry
49-3023,72,0.0008798944126704796,real:OEWS_May2025_industry
49-3023,81,0.36128180747342575,real:OEWS_May2025_industry
49-3023,92,0.03434426578488001,real:OEWS_May2025_industry
49-3031,11,0.0011726159682703915,real:OEWS_May2025_industry
49-3031,21,0.010105190550094845,real:OEWS_May2025_industry
49-3031,22,0.010450077599586136,real:OEWS_May2025_industry
49-3031,23,0.03562683221245042,real:OEWS_May2025_industry
49-3031,31-33,0.05307811691670978,real:OEWS_May2025_industry
49-3031,42,0.14043800655285393,real:OEWS_May2025_industry
49-3031,44-45,0.03435075012933264,real:OEWS_May2025_industry
49-3031,48-49,0.29808587687532334,real:OEWS_May2025_industry
49-3031,51,0.0004138644593895499,real:OEWS_May2025_industry
49-3031,53,0.06563200551819279,real:OEWS_May2025_industry
49-3031,54,0.006276944300741507,real:OEWS_May2025_industry
49-3031,55,0.005725125021555441,real:OEWS_May2025_industry
49-3031,56,0.06980513881703743,real:OEWS_May2025_industry
49-3031,61,0.035488877392653904,real:OEWS_May2025_industry
49-3031,62,0.0020003448870494914,real:OEWS_May2025_industry
49-3031,71,0.001310570788066908,real:OEWS_May2025_industry
49-3031,72,0.0004138644593895499,real:OEWS_May2025_industry
49-3031,81,0.11536471805483704,real:OEWS_May2025_industry
49-3031,92,0.11426107949646491,real:OEWS_May2025_industry
49-3041,11,0.08847402597402597,real:OEWS_May2025_industry
49-3041,23,0.0021645021645021645,real:OEWS_May2025_industry
49-3041,31-33,0.03977272727272727,real:OEWS_May2025_industry
49-3041,42,0.7708333333333334,real:OEWS_May2025_industry
49-3041,44-45,0.03382034632034632,real:OEWS_May2025_industry
49-3041,48-49,0.0010822510822510823,real:OEWS_May2025_industry
49-3041,54,0.005952380952380952,real:OEWS_May2025_industry
49-3041,55,0.0045995670995671,real:OEWS_May2025_industry
49-3041,61,0.0045995670995671,real:OEWS_May2025_industry
49-3041,81,0.048701298701298704,real:OEWS_May2025_industry
49-3042,11,0.007362519114232316,real:OEWS_May2025_industry
49-3042,21,0.05833380528968681,real:OEWS_May2025_industry
49-3042,22,0.004247607181287874,real:OEWS_May2025_industry
49-3042,23,0.2504389194087331,real:OEWS_May2025_industry
49-3042,31-33,0.03788865605708784,real:OEWS_May2025_industry
49-3042,42,0.28119159540125727,real:OEWS_May2025_industry
49-3042,44-45,0.007135980064563629,real:OEWS_May2025_industry
49-3042,48-49,0.046950218043835305,real:OEWS_May2025_industry
49-3042,51,0.00022653904966868664,real:OEWS_May2025_industry
49-3042,53,0.1175171320156312,real:OEWS_May2025_industry
49-3042,54,0.00923146627399898,real:OEWS_May2025_industry
49-3042,55,0.005267032904796964,real:OEWS_May2025_industry
49-3042,56,0.031205754091861583,real:OEWS_May2025_industry
49-3042,61,0.0014158690604292915,real:OEWS_May2025_industry
49-3042,71,0.0014158690604292915,real:OEWS_May2025_industry
49-3042,72,0.00067961714900606,real:OEWS_May2025_industry
49-3042,81,0.052953502860055505,real:OEWS_May2025_industry
49-3042,92,0.0865379169734383,real:OEWS_May2025_industry
49-3043,31-33,0.03471552555448409,real:OEWS_May2025_industry
49-3043,48-49,0.8558341369334619,real:OEWS_May2025_industry
49-3043,71,0.0014464802314368371,real:OEWS_May2025_industry
49-3043,92,0.10800385728061716,real:OEWS_May2025_industry
49-3051,23,0.0017368649587494573,real:OEWS_May2025_industry
49-3051,31-33,0.06296135475466783,real:OEWS_May2025_industry
49-3051,42,0.027789839339991317,real:OEWS_May2025_industry
49-3051,44-45,0.36300477637863654,real:OEWS_May2025_industry
49-3051,48-49,0.07251411202778985,real:OEWS_May2025_industry
49-3051,53,0.0121580547112462,real:OEWS_May2025_industry
49-3051,54,0.006947459834997829,real:OEWS_May2025_industry
49-3051,56,0.004342162396873643,real:OEWS_May2025_industry
49-3051,61,0.0013026487190620929,real:OEWS_May2025_industry
49-3051,71,0.18063395570994356,real:OEWS_May2025_industry
49-3051,81,0.2613981762917933,real:OEWS_May2025_industry
49-3051,92,0.005210594876248371,real:OEWS_May2025_industry
49-3052,31-33,0.016356877323420074,real:OEWS_May2025_industry
49-3052,44-45,0.8676579925650557,real:OEWS_May2025_industry
49-3052,53,0.0052044609665427505,real:OEWS_May2025_industry
49-3052,81,0.11078066914498141,real:OEWS_May2025_industry
49-3053,23,0.009187082405345211,real:OEWS_May2025_industry
49-3053,31-33,0.0066815144766146995,real:OEWS_May2025_industry
49-3053,42,0.066815144766147,real:OEWS_May2025_industry
49-3053,44-45,0.405902004454343,real:OEWS_May2025_industry
49-3053,53,0.04120267260579064,real:OEWS_May2025_industry
49-3053,54,0.0022271714922048997,real:OEWS_May2025_industry
49-3053,55,0.003062360801781737,real:OEWS_May2025_industry
49-3053,56,0.1943207126948775,real:OEWS_May2025_industry
49-3053,61,0.007516703786191537,real:OEWS_May2025_industry
49-3053,62,0.0008351893095768374,real:OEWS_May2025_industry
49-3053,71,0.14699331848552338,real:OEWS_May2025_industry
49-3053,72,0.013641425389755012,real:OEWS_May2025_industry
49-3053,81,0.06653674832962138,real:OEWS_May2025_industry
49-3053,92,0.03507795100222717,real:OEWS_May2025_industry
49-3091,31-33,0.005823627287853577,real:OEWS_May2025_industry
49-3091,42,0.01747088186356073,real:OEWS_May2025_industry
49-3091,44-45,0.8386023294509152,real:OEWS_May2025_industry
49-3091,53,0.07570715474209651,real:OEWS_May2025_industry
49-3091,71,0.009983361064891847,real:OEWS_May2025_industry
49-3091,72,0.004159733777038269,real:OEWS_May2025_industry
49-3091,81,0.048252911813643926,real:OEWS_May2025_industry
49-3092,31-33,0.0587557603686636,real:OEWS_May2025_industry
49-3092,42,0.029953917050691243,real:OEWS_May2025_industry
49-3092,44-45,0.7027649769585254,real:OEWS_May2025_industry
49-3092,53,0.10138248847926268,real:OEWS_May2025_industry
49-3092,81,0.10714285714285714,real:OEWS_May2025_industry
49-3093,21,0.0012005910602142593,real:OEWS_May2025_industry
49-3093,23,0.0005541189508681197,real:OEWS_May2025_industry
49-3093,31-33,0.011174732175840413,real:OEWS_May2025_industry
49-3093,42,0.047654229774658295,real:OEWS_May2025_industry
49-3093,44-45,0.8200960472848171,real:OEWS_May2025_industry
49-3093,48-49,0.009881787957148135,real:OEWS_May2025_industry
49-3093,53,0.006464721093461396,real:OEWS_May2025_industry
49-3093,55,0.0033247137052087182,real:OEWS_May2025_industry
49-3093,56,0.005910602142593277,real:OEWS_May2025_industry
49-3093,81,0.09189139268562985,real:OEWS_May2025_industry
49-3093,92,0.001847063169560399,real:OEWS_May2025_industry
49-9011,23,0.7510173880873104,real:OEWS_May2025_industry
49-9011,31-33,0.016648168701442843,real:OEWS_May2025_industry
49-9011,42,0.02774694783573807,real:OEWS_May2025_industry
49-9011,44-45,0.18719940806511284,real:OEWS_May2025_industry
49-9011,81,0.017388087310395855,real:OEWS_May2025_industry
49-9012,21,0.08398268398268398,real:OEWS_May2025_industry
49-9012,22,0.48225108225108226,real:OEWS_May2025_industry
49-9012,23,0.0722943722943723,real:OEWS_May2025_industry
49-9012,31-33,0.04935064935064935,real:OEWS_May2025_industry
49-9012,42,0.06255411255411256,real:OEWS_May2025_industry
49-9012,44-45,0.006493506493506494,real:OEWS_May2025_industry
49-9012,48-49,0.02554112554112554,real:OEWS_May2025_industry
49-9012,54,0.007792207792207792,real:OEWS_May2025_industry
49-9012,55,0.015584415584415584,real:OEWS_May2025_industry
49-9012,61,0.003896103896103896,real:OEWS_May2025_industry
49-9012,81,0.023593073593073593,real:OEWS_May2025_industry
49-9012,92,0.16666666666666666,real:OEWS_May2025_industry
49-9021,11,0.0002196943807059513,real:OEWS_May2025_industry
49-9021,22,0.002978079382902895,real:OEWS_May2025_industry
49-9021,23,0.7567250890982766,real:OEWS_May2025_industry
49-9021,31-33,0.025264853781184395,real:OEWS_May2025_industry
49-9021,42,0.036591319630913444,real:OEWS_May2025_industry
49-9021,44-45,0.027364155641263488,real:OEWS_May2025_industry
49-9021,48-49,0.007274325050041498,real:OEWS_May2025_industry
49-9021,51,0.0014158082312161304,real:OEWS_May2025_industry
49-9021,52,0.0007567250890982766,real:OEWS_May2025_industry
49-9021,53,0.008885417175218473,real:OEWS_May2025_industry
49-9021,54,0.007079041156080652,real:OEWS_May2025_industry
49-9021,55,0.006029390226041108,real:OEWS_May2025_industry
49-9021,56,0.02333642532832105,real:OEWS_May2025_industry
49-9021,61,0.02677830395938095,real:OEWS_May2025_industry
49-9021,62,0.013376946736317922,real:OEWS_May2025_industry
49-9021,71,0.002074891373333984,real:OEWS_May2025_industry
49-9021,72,0.0035151100912952206,real:OEWS_May2025_industry
49-9021,81,0.024898696480007813,real:OEWS_May2025_industry
49-9021,92,0.025435727188400137,real:OEWS_May2025_industry
49-9031,23,0.03259493670886076,real:OEWS_May2025_industry
49-9031,31-33,0.011075949367088608,real:OEWS_May2025_industry
49-9031,42,0.11044303797468355,real:OEWS_May2025_industry
49-9031,44-45,0.3281645569620253,real:OEWS_May2025_industry
49-9031,48-49,0.037025316455696206,real:OEWS_May2025_industry
49-9031,53,0.007278481012658228,real:OEWS_May2025_industry
49-9031,55,0.013291139240506329,real:OEWS_May2025_industry
49-9031,56,0.006012658227848101,real:OEWS_May2025_industry
49-9031,61,0.002531645569620253,real:OEWS_May2025_industry
49-9031,72,0.0009493670886075949,real:OEWS_May2025_industry
49-9031,81,0.4506329113924051,real:OEWS_May2025_industry
49-9041,11,0.0025568441238243084,real:OEWS_May2025_industry
49-9041,21,0.044128390101360604,real:OEWS_May2025_industry
49-9041,22,0.023057255045201352,real:OEWS_May2025_industry
49-9041,23,0.016870605424162178,real:OEWS_May2025_industry
49-9041,31-33,0.5307734453474569,real:OEWS_May2025_industry
49-9041,42,0.145694457127203,real:OEWS_May2025_industry
49-9041,44-45,0.000981645511825404,real:OEWS_May2025_industry
49-9041,48-49,0.023696466076157427,real:OEWS_May2025_industry
49-9041,52,0.00022828965391288468,real:OEWS_May2025_industry
49-9041,53,0.013263628892338598,real:OEWS_May2025_industry
49-9041,54,0.009839284083645329,real:OEWS_May2025_industry
49-9041,55,0.003606976531823578,real:OEWS_May2025_industry
49-9041,56,0.02308008401059264,real:OEWS_May2025_industry
49-9041,61,0.000981645511825404,real:OEWS_May2025_industry
49-9041,62,0.0006163820655647886,real:OEWS_May2025_industry
49-9041,71,0.0008446717194776733,real:OEWS_May2025_industry
49-9041,72,0.0005022372386083463,real:OEWS_May2025_industry
49-9041,81,0.13039905031503973,real:OEWS_May2025_industry
49-9041,92,0.02887864121997991,real:OEWS_May2025_industry
49-9043,11,0.004166666666666667,real:OEWS_May2025_industry
49-9043,21,0.044833333333333336,real:OEWS_May2025_industry
49-9043,22,0.006333333333333333,real:OEWS_May2025_industry
49-9043,23,0.028166666666666666,real:OEWS_May2025_industry
49-9043,31-33,0.5411666666666667,real:OEWS_May2025_industry
49-9043,42,0.0955,real:OEWS_May2025_industry
49-9043,44-45,0.011,real:OEWS_May2025_industry
49-9043,48-49,0.0925,real:OEWS_May2025_industry
49-9043,53,0.012,real:OEWS_May2025_industry
49-9043,54,0.016,real:OEWS_May2025_industry
49-9043,55,0.009666666666666667,real:OEWS_May2025_industry
49-9043,56,0.034833333333333334,real:OEWS_May2025_industry
49-9043,61,0.0028333333333333335,real:OEWS_May2025_industry
49-9043,62,0.006,real:OEWS_May2025_industry
49-9043,71,0.030666666666666665,real:OEWS_May2025_industry
49-9043,72,0.0015,real:OEWS_May2025_industry
49-9043,81,0.03133333333333333,real:OEWS_May2025_industry
49-9043,92,0.0315,real:OEWS_May2025_industry
49-9044,21,0.013979031452820768,real:OEWS_May2025_industry
49-9044,22,0.0054917623564653024,real:OEWS_May2025_industry
49-9044,23,0.4403394907638542,real:OEWS_May2025_industry
49-9044,31-33,0.3642036944583125,real:OEWS_May2025_industry
49-9044,42,0.029955067398901646,real:OEWS_May2025_industry
49-9044,48-49,0.0032451323015476783,real:OEWS_May2025_industry
49-9044,54,0.012481278082875686,real:OEWS_May2025_industry
49-9044,56,0.042436345481777334,real:OEWS_May2025_industry
49-9044,81,0.0801298052920619,real:OEWS_May2025_industry
49-9044,92,0.007738392411382925,real:OEWS_May2025_industry
49-9045,23,0.2962962962962963,real:OEWS_May2025_industry
49-9045,31-33,0.5185185185185185,real:OEWS_May2025_industry
49-9045,81,0.18518518518518517,real:OEWS_May2025_industry
49-9051,22,0.5001914681779888,real:OEWS_May2025_industry
49-9051,23,0.3634831890939726,real:OEWS_May2025_industry
49-9051,48-49,0.002527379949452401,real:OEWS_May2025_industry
49-9051,51,0.0016849199663016006,real:OEWS_May2025_industry
49-9051,54,0.0019912690510837097,real:OEWS_May2025_industry
49-9051,55,0.009190472543463276,real:OEWS_May2025_industry
49-9051,56,0.003599601746189783,real:OEWS_May2025_industry
49-9051,81,0.0011488090679329095,real:OEWS_May2025_industry
49-9051,92,0.11618289040361492,real:OEWS_May2025_industry
49-9052,22,0.014561115668580805,real:OEWS_May2025_industry
49-9052,23,0.2967596390484003,real:OEWS_May2025_industry
49-9052,31-33,0.002973748974569319,real:OEWS_May2025_industry
49-9052,51,0.6259228876127974,real:OEWS_May2025_industry
49-9052,54,0.025533223954060706,real:OEWS_May2025_industry
49-9052,55,0.001435602953240361,real:OEWS_May2025_industry
49-9052,56,0.014253486464315013,real:OEWS_May2025_industry
49-9052,61,0.00041017227235438887,real:OEWS_May2025_industry
49-9052,62,0.0011279737489745694,real:OEWS_May2025_industry
49-9052,92,0.017022149302707137,real:OEWS_May2025_industry
49-9061,31-33,0.12871287128712872,real:OEWS_May2025_industry
49-9061,42,0.2376237623762376,real:OEWS_May2025_industry
49-9061,44-45,0.039603960396039604,real:OEWS_May2025_industry
49-9061,56,0.0297029702970297,real:OEWS_May2025_industry
49-9061,61,0.0594059405940594,real:OEWS_May2025_industry
49-9061,62,0.0891089108910891,real:OEWS_May2025_industry
49-9061,81,0.18811881188118812,real:OEWS_May2025_industry
49-9061,92,0.22772277227722773,real:OEWS_May2025_industry
49-9062,31-33,0.05683728036669213,real:OEWS_May2025_industry
49-9062,42,0.3732620320855615,real:OEWS_May2025_industry
49-9062,44-45,0.057754010695187166,real:OEWS_May2025_industry
49-9062,48-49,0.0012223071046600458,real:OEWS_May2025_industry
49-9062,53,0.1121466768525592,real:OEWS_May2025_industry
49-9062,54,0.015278838808250574,real:OEWS_May2025_industry
49-9062,55,0.013445378151260505,real:OEWS_May2025_industry
49-9062,61,0.0033613445378151263,real:OEWS_May2025_industry
49-9062,62,0.21543162719633308,real:OEWS_May2025_industry
49-9062,81,0.14835752482811307,real:OEWS_May2025_industry
49-9062,92,0.0029029793735676087,real:OEWS_May2025_industry
49-9063,31-33,0.08458646616541353,real:OEWS_May2025_industry
49-9063,44-45,0.6597744360902256,real:OEWS_May2025_industry
49-9063,61,0.05263157894736842,real:OEWS_May2025_industry
49-9063,71,0.03571428571428571,real:OEWS_May2025_industry
49-9063,81,0.16729323308270677,real:OEWS_May2025_industry
49-9064,44-45,0.5847457627118644,real:OEWS_May2025_industry
49-9064,81,0.4152542372881356,real:OEWS_May2025_industry
49-9069,21,0.031149301825993556,real:OEWS_May2025_industry
49-9069,22,0.013963480128893663,real:OEWS_May2025_industry
49-9069,23,0.00322234156820623,real:OEWS_May2025_industry
49-9069,31-33,0.10096670247046187,real:OEWS_May2025_industry
49-9069,42,0.21160042964554243,real:OEWS_May2025_industry
49-9069,48-49,0.018259935553168637,real:OEWS_May2025_industry
49-9069,53,0.008592910848549946,real:OEWS_May2025_industry
49-9069,54,0.09452201933404941,real:OEWS_May2025_industry
49-9069,55,0.0053705692803437165,real:OEWS_May2025_industry
49-9069,56,0.013963480128893663,real:OEWS_May2025_industry
49-9069,61,0.01933404940923738,real:OEWS_May2025_industry
49-9069,62,0.0053705692803437165,real:OEWS_May2025_industry
49-9069,81,0.2738990332975295,real:OEWS_May2025_industry
49-9069,92,0.19978517722878625,real:OEWS_May2025_industry
49-9071,11,0.002065764528992613,real:OEWS_May2025_industry
49-9071,21,0.00451068837026868,real:OEWS_May2025_industry
49-9071,22,0.0056612407661633,real:OEWS_May2025_industry
49-9071,23,0.022357324965679545,real:OEWS_May2025_industry
49-9071,31-33,0.1351637575995293,real:OEWS_May2025_industry
49-9071,42,0.027338693861541478,real:OEWS_May2025_industry
49-9071,44-45,0.025939726743805975,real:OEWS_May2025_industry
49-9071,48-49,0.03855657972151402,real:OEWS_May2025_industry
49-9071,51,0.005184023011047918,real:OEWS_May2025_industry
49-9071,52,0.005981565012747598,real:OEWS_May2025_industry
49-9071,53,0.21151859841799045,real:OEWS_May2025_industry
49-9071,54,0.01737595606981761,real:OEWS_May2025_industry
49-9071,55,0.015192521409426686,real:OEWS_May2025_industry
49-9071,56,0.056468588612146174,real:OEWS_May2025_industry
49-9071,61,0.07482512911028306,real:OEWS_May2025_industry
49-9071,62,0.08040138589265869,real:OEWS_May2025_industry
49-9071,71,0.03407204026933386,real:OEWS_May2025_industry
49-9071,72,0.08731777472707067,real:OEWS_May2025_industry
49-9071,81,0.03553637968229065,real:OEWS_May2025_industry
49-9071,92,0.11453226122769171,real:OEWS_May2025_industry
49-9081,22,0.5215562565720294,real:OEWS_May2025_industry
49-9081,23,0.21556256572029442,real:OEWS_May2025_industry
49-9081,31-33,0.0452155625657203,real:OEWS_May2025_industry
49-9081,42,0.00946372239747634,real:OEWS_May2025_industry
49-9081,48-49,0.008412197686645636,real:OEWS_May2025_industry
49-9081,54,0.03995793901156677,real:OEWS_May2025_industry
49-9081,55,0.008412197686645636,real:OEWS_May2025_industry
49-9081,81,0.15141955835962145,real:OEWS_May2025_industry
49-9091,23,0.0034469551895825352,real:OEWS_May2025_industry
49-9091,31-33,0.04940635771734968,real:OEWS_May2025_industry
49-9091,42,0.1623898889314439,real:OEWS_May2025_industry
49-9091,44-45,0.13596323247797779,real:OEWS_May2025_industry
49-9091,48-49,0.013021830716200689,real:OEWS_May2025_industry
49-9091,53,0.016468785905783226,real:OEWS_May2025_industry
49-9091,55,0.004595940252776714,real:OEWS_May2025_industry
49-9091,56,0.006127920337035618,real:OEWS_May2025_industry
49-9091,61,0.0015319800842589046,real:OEWS_May2025_industry
49-9091,71,0.35810034469551894,real:OEWS_May2025_industry
49-9091,72,0.18077364994255074,real:OEWS_May2025_industry
49-9091,81,0.045576407506702415,real:OEWS_May2025_industry
49-9091,92,0.022596706242818843,real:OEWS_May2025_industry
49-9092,23,0.30357142857142855,real:OEWS_May2025_industry
49-9092,48-49,0.06547619047619048,real:OEWS_May2025_industry
49-9092,54,0.07142857142857142,real:OEWS_May2025_industry
49-9092,56,0.4642857142857143,real:OEWS_May2025_industry
49-9092,71,0.08333333333333333,real:OEWS_May2025_industry
49-9092,92,0.011904761904761904,real:OEWS_May2025_industry
49-9094,23,0.01637107776261937,real:OEWS_May2025_industry
49-9094,31-33,0.008185538881309686,real:OEWS_May2025_industry
49-9094,42,0.021828103683492497,real:OEWS_May2025_industry
49-9094,55,0.0034106412005457027,real:OEWS_May2025_industry
49-9094,56,0.6971350613915416,real:OEWS_May2025_industry
49-9094,61,0.12210095497953616,real:OEWS_May2025_industry
49-9094,62,0.027285129604365622,real:OEWS_May2025_industry
49-9094,71,0.002728512960436562,real:OEWS_May2025_industry
49-9094,72,0.011596180081855388,real:OEWS_May2025_industry
49-9094,81,0.020463847203274217,real:OEWS_May2025_industry
49-9094,92,0.0688949522510232,real:OEWS_May2025_industry
49-9095,31-33,0.3018867924528302,real:OEWS_May2025_industry
49-9095,44-45,0.6556603773584906,real:OEWS_May2025_industry
49-9095,56,0.04245283018867924,real:OEWS_May2025_industry
49-9096,21,0.054959785522788206,real:OEWS_May2025_industry
49-9096,23,0.3436103663985702,real:OEWS_May2025_industry
49-9096,31-33,0.1778373547810545,real:OEWS_May2025_industry
49-9096,42,0.00804289544235925,real:OEWS_May2025_industry
49-9096,44-45,0.028150134048257374,real:OEWS_May2025_industry
49-9096,48-49,0.04736371760500447,real:OEWS_May2025_industry
49-9096,51,0.06836461126005362,real:OEWS_May2025_industry
49-9096,53,0.03932082216264522,real:OEWS_May2025_industry
49-9096,54,0.02680965147453083,real:OEWS_May2025_industry
49-9096,56,0.06747095621090259,real:OEWS_May2025_industry
49-9096,61,0.004021447721179625,real:OEWS_May2025_industry
49-9096,71,0.040214477211796246,real:OEWS_May2025_industry
49-9096,81,0.013404825737265416,real:OEWS_May2025_industry
49-9096,92,0.08042895442359249,real:OEWS_May2025_industry
49-9097,48-49,0.7794811320754716,real:OEWS_May2025_industry
49-9097,92,0.2205188679245283,real:OEWS_May2025_industry
49-9098,11,0.002301736765013601,real:OEWS_May2025_industry
49-9098,21,0.010880937434609751,real:OEWS_May2025_industry
49-9098,22,0.01349654739485248,real:OEWS_May2025_industry
49-9098,23,0.3605356769198577,real:OEWS_May2025_industry
49-9098,31-33,0.06601799539652647,real:OEWS_May2025_industry
49-9098,42,0.04498849131617493,real:OEWS_May2025_industry
49-9098,44-45,0.08328102113412848,real:OEWS_May2025_industry
49-9098,48-49,0.04770872567482737,real:OEWS_May2025_industry
49-9098,51,0.002197112366603892,real:OEWS_May2025_industry
49-9098,52,0.00031387319522912746,real:OEWS_May2025_industry
49-9098,53,0.03159656831973216,real:OEWS_May2025_industry
49-9098,54,0.008056078677547604,real:OEWS_May2025_industry
49-9098,55,0.0032433563507009836,real:OEWS_May2025_industry
49-9098,56,0.04603473530027202,real:OEWS_May2025_industry
49-9098,61,0.014438166980539862,real:OEWS_May2025_industry
49-9098,62,0.007532956685499058,real:OEWS_May2025_industry
49-9098,71,0.005649717514124294,real:OEWS_May2025_industry
49-9098,72,0.003452605147520402,real:OEWS_May2025_industry
49-9098,81,0.20077422054823185,real:OEWS_May2025_industry
49-9098,92,0.04749947687800795,real:OEWS_May2025_industry
49-9099,11,0.00034046416614651306,real:OEWS_May2025_industry
49-9099,21,0.005617658741417466,real:OEWS_May2025_industry
49-9099,22,0.009816716790557794,real:OEWS_May2025_industry
49-9099,23,0.10724621233615161,real:OEWS_May2025_industry
49-9099,31-33,0.13692333881858934,real:OEWS_May2025_industry
49-9099,42,0.11848152981898655,real:OEWS_May2025_industry
49-9099,44-45,0.12977359132951258,real:OEWS_May2025_industry
49-9099,48-49,0.02746410940248539,real:OEWS_May2025_industry
49-9099,51,0.0019292969414969074,real:OEWS_May2025_industry
49-9099,53,0.0321171196731544,real:OEWS_May2025_industry
49-9099,54,0.04511150201441298,real:OEWS_May2025_industry
49-9099,55,0.005901378879872893,real:OEWS_May2025_industry
49-9099,56,0.18941156443284343,real:OEWS_May2025_industry
49-9099,61,0.009249276513646938,real:OEWS_May2025_industry
49-9099,62,0.0022697611076434206,real:OEWS_May2025_industry
49-9099,71,0.037961754525336205,real:OEWS_May2025_industry
49-9099,72,0.008908812347500426,real:OEWS_May2025_industry
49-9099,81,0.04715428701129206,real:OEWS_May2025_industry
49-9099,92,0.08432162514895307,real:OEWS_May2025_industry
51-1011,11,0.0022274360725847166,real:OEWS_May2025_industry
51-1011,21,0.005583439755279023,real:OEWS_May2025_industry
51-1011,22,0.015562353360458555,real:OEWS_May2025_industry
51-1011,23,0.01242909328502272,real:OEWS_May2025_industry
51-1011,31-33,0.7294259154762258,real:OEWS_May2025_industry
51-1011,42,0.04933028422084286,real:OEWS_May2025_industry
51-1011,44-45,0.05244869472246146,real:OEWS_May2025_industry
51-1011,48-49,0.011760862463247305,real:OEWS_May2025_industry
51-1011,51,0.0035935968637700096,real:OEWS_May2025_industry
51-1011,52,0.00041578806688248045,real:OEWS_May2025_industry
51-1011,53,0.0015592052508093019,real:OEWS_May2025_industry
51-1011,54,0.018933206616970094,real:OEWS_May2025_industry
51-1011,55,0.0053903952956550144,real:OEWS_May2025_industry
51-1011,56,0.017299753497074633,real:OEWS_May2025_industry
51-1011,61,0.001767099284250542,real:OEWS_May2025_industry
51-1011,62,0.004291526833179887,real:OEWS_May2025_industry
51-1011,71,0.0006385316741409522,real:OEWS_May2025_industry
51-1011,72,0.006637759496302456,real:OEWS_May2025_industry
51-1011,81,0.022467405185471176,real:OEWS_May2025_industry
51-1011,92,0.03823765257937097,real:OEWS_May2025_industry
51-2011,31-33,0.9222583505764115,real:OEWS_May2025_industry
51-2011,48-49,0.04286136565178835,real:OEWS_May2025_industry
51-2011,54,0.01596216375997635,real:OEWS_May2025_industry
51-2011,56,0.018918120011823827,real:OEWS_May2025_industry
51-2021,31-33,0.9243369734789392,real:OEWS_May2025_industry
51-2021,42,0.0109204368174727,real:OEWS_May2025_industry
51-2021,56,0.01170046801872075,real:OEWS_May2025_industry
51-2021,81,0.0530421216848674,real:OEWS_May2025_industry
51-2028,22,0.0004876264781177618,real:OEWS_May2025_industry
51-2028,23,0.0014222438945101386,real:OEWS_May2025_industry
51-2028,31-33,0.889268153927425,real:OEWS_May2025_industry
51-2028,42,0.03242716079483116,real:OEWS_May2025_industry
51-2028,48-49,0.0014222438945101386,real:OEWS_May2025_industry
51-2028,51,0.000650168637490349,real:OEWS_May2025_industry
51-2028,54,0.026860091836320047,real:OEWS_May2025_industry
51-2028,55,0.002153683611686781,real:OEWS_May2025_industry
51-2028,56,0.040757446462676254,real:OEWS_May2025_industry
51-2028,81,0.004551180462432443,real:OEWS_May2025_industry
51-2031,31-33,0.9364144833676774,real:OEWS_May2025_industry
51-2031,42,0.015307624374448043,real:OEWS_May2025_industry
51-2031,44-45,0.001766264350897851,real:OEWS_May2025_industry
51-2031,48-49,0.0014718869590815426,real:OEWS_May2025_industry
51-2031,54,0.017073888725345893,real:OEWS_May2025_industry
51-2031,56,0.0173682661171622,real:OEWS_May2025_industry
51-2031,81,0.010597586105387106,real:OEWS_May2025_industry
51-2041,23,0.10463779225756994,real:OEWS_May2025_industry
51-2041,31-33,0.7970486776542737,real:OEWS_May2025_industry
51-2041,42,0.03545419701034879,real:OEWS_May2025_industry
51-2041,48-49,0.004791107704101188,real:OEWS_May2025_industry
51-2041,53,0.0009582215408202376,real:OEWS_May2025_industry
51-2041,54,0.007090839402069758,real:OEWS_May2025_industry
51-2041,56,0.040628593330778076,real:OEWS_May2025_industry
51-2041,81,0.009390571100038329,real:OEWS_May2025_industry
51-2051,31-33,0.9285270354257302,real:OEWS_May2025_industry
51-2051,42,0.00435052827843381,real:OEWS_May2025_industry
51-2051,44-45,0.014916096954630205,real:OEWS_May2025_industry
51-2051,56,0.018645121193287758,real:OEWS_May2025_industry
51-2051,71,0.00870105655686762,real:OEWS_May2025_industry
51-2051,81,0.024860161591050343,real:OEWS_May2025_industry
51-2061,31-33,1.0,real:OEWS_May2025_industry
51-2090,11,0.00003558718861209964,real:OEWS_May2025_industry
51-2090,21,0.00026334519572953735,real:OEWS_May2025_industry
51-2090,22,0.00003558718861209964,real:OEWS_May2025_industry
51-2090,23,0.007224199288256228,real:OEWS_May2025_industry
51-2090,31-33,0.7645836298932385,real:OEWS_May2025_industry
51-2090,42,0.05326690391459075,real:OEWS_May2025_industry
51-2090,44-45,0.014683274021352314,real:OEWS_May2025_industry
51-2090,48-49,0.0061779359430604985,real:OEWS_May2025_industry
51-2090,51,0.0003772241992882562,real:OEWS_May2025_industry
51-2090,53,0.000797153024911032,real:OEWS_May2025_industry
51-2090,54,0.011288256227758007,real:OEWS_May2025_industry
51-2090,55,0.0025195729537366546,real:OEWS_May2025_industry
51-2090,56,0.12827046263345196,real:OEWS_May2025_industry
51-2090,61,0.0002277580071174377,real:OEWS_May2025_industry
51-2090,62,0.005288256227758007,real:OEWS_May2025_industry
51-2090,71,0.0005124555160142349,real:OEWS_May2025_industry
51-2090,72,0.00025622775800711745,real:OEWS_May2025_industry
51-2090,81,0.003935943060498221,real:OEWS_May2025_industry
51-2090,92,0.00025622775800711745,real:OEWS_May2025_industry
51-3011,31-33,0.3543450064850843,real:OEWS_May2025_industry
51-3011,42,0.008127972330306961,real:OEWS_May2025_industry
51-3011,44-45,0.3245136186770428,real:OEWS_May2025_industry
51-3011,48-49,0.0008214440121054907,real:OEWS_May2025_industry
51-3011,53,0.0003458711629917856,real:OEWS_May2025_industry
51-3011,55,0.0008646779074794639,real:OEWS_May2025_industry
51-3011,61,0.004453091223519239,real:OEWS_May2025_industry
51-3011,62,0.0023778642455685255,real:OEWS_May2025_industry
51-3011,71,0.004020752269779507,real:OEWS_May2025_industry
51-3011,72,0.2990056204063986,real:OEWS_May2025_industry
51-3011,81,0.0009079118028534371,real:OEWS_May2025_industry
51-3011,92,0.00021616947686986597,real:OEWS_May2025_industry
51-3021,31-33,0.0925898752751284,real:OEWS_May2025_industry
51-3021,42,0.02817314746881878,real:OEWS_May2025_industry
51-3021,44-45,0.8527512839325019,real:OEWS_May2025_industry
51-3021,48-49,0.00036683785766691124,real:OEWS_May2025_industry
51-3021,56,0.0013939838591342628,real:OEWS_May2025_industry
51-3021,72,0.016801173881144535,real:OEWS_May2025_industry
51-3021,92,0.007923697725605283,real:OEWS_May2025_industry
51-3022,31-33,0.782249742002064,real:OEWS_May2025_industry
51-3022,42,0.04368765049879601,real:OEWS_May2025_industry
51-3022,44-45,0.13876848985208118,real:OEWS_May2025_industry
51-3022,48-49,0.0005503955968352253,real:OEWS_May2025_industry
51-3022,56,0.0347437220502236,real:OEWS_May2025_industry
51-3023,31-33,0.9075293444030919,real:OEWS_May2025_industry
51-3023,42,0.022759805324935586,real:OEWS_May2025_industry
51-3023,44-45,0.04480389350128829,real:OEWS_May2025_industry
51-3023,56,0.024906956770684226,real:OEWS_May2025_industry
51-3091,11,0.028542814221331998,real:OEWS_May2025_industry
51-3091,31-33,0.800701051577366,real:OEWS_May2025_industry
51-3091,42,0.06659989984977466,real:OEWS_May2025_industry
51-3091,44-45,0.024036054081121683,real:OEWS_May2025_industry
51-3091,56,0.03805708562844266,real:OEWS_May2025_industry
51-3091,72,0.04206309464196294,real:OEWS_May2025_industry
51-3092,31-33,0.8482137737255576,real:OEWS_May2025_industry
51-3092,42,0.03176787659842881,real:OEWS_May2025_industry
51-3092,44-45,0.026435002006995813,real:OEWS_May2025_industry
51-3092,48-49,0.011353862033373473,real:OEWS_May2025_industry
51-3092,55,0.0004013991627960319,real:OEWS_May2025_industry
51-3092,56,0.05344343138941453,real:OEWS_May2025_industry
51-3092,61,0.0007454555880497735,real:OEWS_May2025_industry
51-3092,72,0.02763919949538391,real:OEWS_May2025_industry
51-3093,31-33,0.809079201545396,real:OEWS_May2025_industry
51-3093,42,0.051513200257566,real:OEWS_May2025_industry
51-3093,44-45,0.015132002575660013,real:OEWS_May2025_industry
51-3093,56,0.028010302640051513,real:OEWS_May2025_industry
51-3093,72,0.09626529298132647,real:OEWS_May2025_industry
51-3099,11,0.00558659217877095,real:OEWS_May2025_industry
51-3099,31-33,0.7451893234016139,real:OEWS_May2025_industry
51-3099,42,0.048727498448168836,real:OEWS_May2025_industry
51-3099,44-45,0.1717877094972067,real:OEWS_May2025_industry
51-3099,48-49,0.006517690875232775,real:OEWS_May2025_industry
51-3099,56,0.02219118559900683,real:OEWS_May2025_industry
51-4021,23,0.001151315789473684,real:OEWS_May2025_industry
51-4021,31-33,0.9547697368421053,real:OEWS_May2025_industry
51-4021,42,0.021217105263157895,real:OEWS_May2025_industry
51-4021,55,0.008881578947368421,real:OEWS_May2025_industry
51-4021,56,0.013980263157894737,real:OEWS_May2025_industry
51-4022,31-33,0.9619047619047619,real:OEWS_May2025_industry
51-4022,92,0.0380952380952381,real:OEWS_May2025_industry
51-4023,23,0.004784688995215311,real:OEWS_May2025_industry
51-4023,31-33,0.9178628389154705,real:OEWS_May2025_industry
51-4023,42,0.06259968102073366,real:OEWS_May2025_industry
51-4023,56,0.014752791068580542,real:OEWS_May2025_industry
51-4031,23,0.00391583869082408,real:OEWS_May2025_industry
51-4031,31-33,0.8810637054354179,real:OEWS_May2025_industry
51-4031,42,0.06972530683810638,real:OEWS_May2025_industry
51-4031,44-45,0.0005260081823495032,real:OEWS_May2025_industry
51-4031,48-49,0.0016364699006428988,real:OEWS_May2025_industry
51-4031,51,0.000467562828755114,real:OEWS_May2025_industry
51-4031,54,0.0016364699006428988,real:OEWS_May2025_industry
51-4031,55,0.0022209234365867915,real:OEWS_May2025_industry
51-4031,56,0.03793103448275862,real:OEWS_May2025_industry
51-4031,81,0.0008766803039158387,real:OEWS_May2025_industry
51-4032,21,0.03532008830022075,real:OEWS_May2025_industry
51-4032,23,0.024282560706401765,real:OEWS_May2025_industry
51-4032,31-33,0.9006622516556292,real:OEWS_May2025_industry
51-4032,54,0.02207505518763797,real:OEWS_May2025_industry
51-4032,56,0.017660044150110375,real:OEWS_May2025_industry
51-4033,23,0.0012028266426101339,real:OEWS_May2025_industry
51-4033,31-33,0.9670726206585476,real:OEWS_May2025_industry
51-4033,42,0.010825439783491205,real:OEWS_May2025_industry
51-4033,44-45,0.0006014133213050669,real:OEWS_May2025_industry
51-4033,48-49,0.0010524733122838671,real:OEWS_May2025_industry
51-4033,56,0.019245226281762142,real:OEWS_May2025_industry
51-4034,31-33,0.9776570048309179,real:OEWS_May2025_industry
51-4034,42,0.010265700483091788,real:OEWS_May2025_industry
51-4034,56,0.012077294685990338,real:OEWS_May2025_industry
51-4035,21,0.013821138211382113,real:OEWS_May2025_industry
51-4035,23,0.026016260162601626,real:OEWS_May2025_industry
51-4035,31-33,0.8902439024390244,real:OEWS_May2025_industry
51-4035,42,0.03739837398373984,real:OEWS_May2025_industry
51-4035,56,0.026829268292682926,real:OEWS_May2025_industry
51-4035,81,0.005691056910569106,real:OEWS_May2025_industry
51-4041,21,0.001741917502787068,real:OEWS_May2025_industry
51-4041,22,0.001358695652173913,real:OEWS_May2025_industry
51-4041,23,0.008639910813823858,real:OEWS_May2025_industry
51-4041,31-33,0.8413113154960981,real:OEWS_May2025_industry
51-4041,42,0.037729933110367896,real:OEWS_May2025_industry
51-4041,44-45,0.00282190635451505,real:OEWS_May2025_industry
51-4041,48-49,0.016060479375696768,real:OEWS_May2025_industry
51-4041,51,0.0003483835005574136,real:OEWS_May2025_industry
51-4041,53,0.001358695652173913,real:OEWS_May2025_industry
51-4041,54,0.014283723522853958,real:OEWS_May2025_industry
51-4041,55,0.0009754738015607581,real:OEWS_May2025_industry
51-4041,56,0.02915969899665552,real:OEWS_May2025_industry
51-4041,61,0.0019509476031215162,real:OEWS_May2025_industry
51-4041,62,0.00013935340022296544,real:OEWS_May2025_industry
51-4041,71,0.0008012820512820513,real:OEWS_May2025_industry
51-4041,81,0.026024247491638796,real:OEWS_May2025_industry
51-4041,92,0.015294035674470458,real:OEWS_May2025_industry
51-4051,31-33,0.9790293588975434,real:OEWS_May2025_industry
51-4051,42,0.012582384661473937,real:OEWS_May2025_industry
51-4051,56,0.008388256440982624,real:OEWS_May2025_industry
51-4052,31-33,1.0,real:OEWS_May2025_industry
51-4061,31-33,0.6274509803921569,real:OEWS_May2025_industry
51-4061,42,0.027450980392156862,real:OEWS_May2025_industry
51-4061,54,0.3137254901960784,real:OEWS_May2025_industry
51-4061,55,0.01568627450980392,real:OEWS_May2025_industry
51-4061,56,0.01568627450980392,real:OEWS_May2025_industry
51-4062,31-33,1.0,real:OEWS_May2025_industry
51-4071,31-33,0.9733750978856696,real:OEWS_May2025_industry
51-4071,56,0.022709475332811275,real:OEWS_May2025_industry
51-4071,92,0.003915426781519186,real:OEWS_May2025_industry
51-4072,23,0.00026609898882384245,real:OEWS_May2025_industry
51-4072,31-33,0.9214342735497605,real:OEWS_May2025_industry
51-4072,42,0.008315593400745077,real:OEWS_May2025_industry
51-4072,54,0.0020622671633847792,real:OEWS_May2025_industry
51-4072,55,0.0004656732304417243,real:OEWS_May2025_industry
51-4072,56,0.05960617349654071,real:OEWS_May2025_industry
51-4072,92,0.007849920170303353,real:OEWS_May2025_industry
51-4081,23,0.00137484836231298,real:OEWS_May2025_industry
51-4081,31-33,0.8292761827739588,real:OEWS_May2025_industry
51-4081,42,0.047068338050950266,real:OEWS_May2025_industry
51-4081,48-49,0.0004043671653861706,real:OEWS_May2025_industry
51-4081,54,0.006631621512333198,real:OEWS_May2025_industry
51-4081,55,0.0015365952284674485,real:OEWS_May2025_industry
51-4081,56,0.1118479579458148,real:OEWS_May2025_industry
51-4081,62,0.0016174686615446825,real:OEWS_May2025_industry
51-4081,81,0.00024262029923170238,real:OEWS_May2025_industry
51-4111,23,0.0015853443720274794,real:OEWS_May2025_industry
51-4111,31-33,0.9455698432270565,real:OEWS_May2025_industry
51-4111,42,0.013563501849568433,real:OEWS_May2025_industry
51-4111,48-49,0.0010568962480183195,real:OEWS_May2025_industry
51-4111,54,0.005284481240091597,real:OEWS_May2025_industry
51-4111,55,0.0036991368680641184,real:OEWS_May2025_industry
51-4111,56,0.01972872996300863,real:OEWS_May2025_industry
51-4111,61,0.0007045974986788797,real:OEWS_May2025_industry
51-4111,81,0.002289941870706359,real:OEWS_May2025_industry
51-4111,92,0.006517526862779637,real:OEWS_May2025_industry
51-4121,11,0.000672931336970367,real:OEWS_May2025_industry
51-4121,21,0.013530726525511308,real:OEWS_May2025_industry
51-4121,22,0.004590353048619289,real:OEWS_May2025_industry
51-4121,23,0.1342498017255882,real:OEWS_May2025_industry
51-4121,31-33,0.660217741354034,real:OEWS_May2025_industry
51-4121,42,0.05155134706433704,real:OEWS_May2025_industry
51-4121,44-45,0.003364656684851835,real:OEWS_May2025_industry
51-4121,48-49,0.018121079574130596,real:OEWS_May2025_industry
51-4121,53,0.0037972554014756425,real:OEWS_May2025_industry
51-4121,54,0.009156672835203923,real:OEWS_May2025_industry
51-4121,55,0.0015381287702179818,real:OEWS_May2025_industry
51-4121,56,0.04426926866783629,real:OEWS_May2025_industry
51-4121,61,0.0007690643851089909,real:OEWS_May2025_industry
51-4121,62,0.00009613304813862386,real:OEWS_May2025_industry
51-4121,71,0.0015621620322526376,real:OEWS_May2025_industry
51-4121,81,0.04217837487082122,real:OEWS_May2025_industry
51-4121,92,0.010334302674902065,real:OEWS_May2025_industry
51-4122,21,0.0022335673261008296,real:OEWS_May2025_industry
51-4122,22,0.0038289725590299937,real:OEWS_May2025_industry
51-4122,23,0.026483726866624122,real:OEWS_May2025_industry
51-4122,31-33,0.8608806636885769,real:OEWS_May2025_industry
51-4122,42,0.05264837268666241,real:OEWS_May2025_industry
51-4122,54,0.007657945118059987,real:OEWS_May2025_industry
51-4122,56,0.03956604977664327,real:OEWS_May2025_industry
51-4122,81,0.006700701978302489,real:OEWS_May2025_industry
51-4191,23,0.003586800573888092,real:OEWS_May2025_industry
51-4191,31-33,0.9225251076040172,real:OEWS_May2025_industry
51-4191,42,0.04232424677187949,real:OEWS_May2025_industry
51-4191,56,0.024390243902439025,real:OEWS_May2025_industry
51-4191,81,0.003586800573888092,real:OEWS_May2025_industry
51-4191,92,0.003586800573888092,real:OEWS_May2025_industry
51-4192,23,0.05902192242833052,real:OEWS_May2025_industry
51-4192,31-33,0.6526138279932546,real:OEWS_May2025_industry
51-4192,56,0.11804384485666104,real:OEWS_May2025_industry
51-4192,92,0.1703204047217538,real:OEWS_May2025_industry
51-4193,31-33,0.9593798449612403,real:OEWS_May2025_industry
51-4193,42,0.00248062015503876,real:OEWS_May2025_industry
51-4193,54,0.0009302325581395349,real:OEWS_May2025_industry
51-4193,56,0.02666666666666667,real:OEWS_May2025_industry
51-4193,92,0.010542635658914728,real:OEWS_May2025_industry
51-4194,23,0.008976660682226212,real:OEWS_May2025_industry
51-4194,31-33,0.7594254937163375,real:OEWS_May2025_industry
51-4194,42,0.0466786355475763,real:OEWS_May2025_industry
51-4194,44-45,0.010771992818671455,real:OEWS_May2025_industry
51-4194,56,0.02872531418312388,real:OEWS_May2025_industry
51-4194,81,0.14542190305206462,real:OEWS_May2025_industry
51-4199,23,0.03408360128617363,real:OEWS_May2025_industry
51-4199,31-33,0.6829581993569132,real:OEWS_May2025_industry
51-4199,42,0.06752411575562701,real:OEWS_May2025_industry
51-4199,44-45,0.010932475884244373,real:OEWS_May2025_industry
51-4199,56,0.16913183279742766,real:OEWS_May2025_industry
51-4199,92,0.03536977491961415,real:OEWS_May2025_industry
51-5111,31-33,0.74212515749685,real:OEWS_May2025_industry
51-5111,42,0.01637967240655187,real:OEWS_May2025_industry
51-5111,44-45,0.00629987400251995,real:OEWS_May2025_industry
51-5111,48-49,0.0020999580008399833,real:OEWS_May2025_industry
51-5111,51,0.10289794204115918,real:OEWS_May2025_industry
51-5111,52,0.0020999580008399833,real:OEWS_May2025_industry
51-5111,54,0.05249895002099958,real:OEWS_May2025_industry
51-5111,55,0.023099538009239817,real:OEWS_May2025_industry
51-5111,56,0.03107937841243175,real:OEWS_May2025_industry
51-5111,61,0.01133977320453591,real:OEWS_May2025_industry
51-5111,92,0.01007979840403192,real:OEWS_May2025_industry
51-5112,31-33,0.7511268289300326,real:OEWS_May2025_industry
51-5112,42,0.029054850565148047,real:OEWS_May2025_industry
51-5112,44-45,0.023715415019762844,real:OEWS_May2025_industry
51-5112,48-49,0.0031204493447056377,real:OEWS_May2025_industry
51-5112,51,0.03474100270438943,real:OEWS_May2025_industry
51-5112,52,0.0033284793010193467,real:OEWS_May2025_industry
51-5112,54,0.0866791484640455,real:OEWS_May2025_industry
51-5112,55,0.007281048470979821,real:OEWS_May2025_industry
51-5112,56,0.03737604881769641,real:OEWS_May2025_industry
51-5112,61,0.009014631440260731,real:OEWS_May2025_industry
51-5112,62,0.0019416129255946189,real:OEWS_May2025_industry
51-5112,71,0.0006934331877123639,real:OEWS_May2025_industry
51-5112,81,0.0015255530129672007,real:OEWS_May2025_industry
51-5112,92,0.01040149781568546,real:OEWS_May2025_industry
51-5113,31-33,0.8834189066747207,real:OEWS_May2025_industry
51-5113,42,0.0024161884627000906,real:OEWS_May2025_industry
51-5113,48-49,0.004228329809725159,real:OEWS_May2025_industry
51-5113,51,0.02023557837511326,real:OEWS_May2025_industry
51-5113,54,0.03261854424645122,real:OEWS_May2025_industry
51-5113,55,0.002718212020537602,real:OEWS_May2025_industry
51-5113,56,0.03292056780428874,real:OEWS_May2025_industry
51-5113,61,0.005134400483237693,real:OEWS_May2025_industry
51-5113,62,0.003926306251887647,real:OEWS_May2025_industry
51-5113,92,0.012382965871337965,real:OEWS_May2025_industry
51-6011,23,0.000203593423932407,real:OEWS_May2025_industry
51-6011,31-33,0.003613783274800224,real:OEWS_May2025_industry
51-6011,42,0.0011706621876113401,real:OEWS_May2025_industry
51-6011,48-49,0.00030539013589861045,real:OEWS_May2025_industry
51-6011,53,0.01638927062655876,real:OEWS_May2025_industry
51-6011,55,0.0043772586145467505,real:OEWS_May2025_industry
51-6011,56,0.062299587723316535,real:OEWS_May2025_industry
51-6011,61,0.0018323408153916628,real:OEWS_May2025_industry
51-6011,62,0.17025500076347533,real:OEWS_May2025_industry
51-6011,71,0.007532956685499058,real:OEWS_May2025_industry
51-6011,72,0.2156563343004021,real:OEWS_May2025_industry
51-6011,81,0.49707334453097163,real:OEWS_May2025_industry
51-6011,92,0.019290476917595563,real:OEWS_May2025_industry
51-6021,31-33,0.06353484790142472,real:OEWS_May2025_industry
51-6021,42,0.006931074316519061,real:OEWS_May2025_industry
51-6021,44-45,0.01078167115902965,real:OEWS_May2025_industry
51-6021,53,0.007316134000770119,real:OEWS_May2025_industry
51-6021,56,0.007316134000770119,real:OEWS_May2025_industry
51-6021,72,0.0019252984212552945,real:OEWS_May2025_industry
51-6021,81,0.902194840200231,real:OEWS_May2025_industry
51-6031,23,0.0003825188868700392,real:OEWS_May2025_industry
51-6031,31-33,0.7340537439036052,real:OEWS_May2025_industry
51-6031,42,0.053743903605240506,real:OEWS_May2025_industry
51-6031,44-45,0.07392177488763507,real:OEWS_May2025_industry
51-6031,48-49,0.015683274361671606,real:OEWS_May2025_industry
51-6031,51,0.000478148608587549,real:OEWS_May2025_industry
51-6031,53,0.002486372764655255,real:OEWS_May2025_industry
51-6031,54,0.021899206273309744,real:OEWS_May2025_industry
51-6031,56,0.029262694845558,real:OEWS_May2025_industry
51-6031,61,0.0031557808166778234,real:OEWS_May2025_industry
51-6031,62,0.02868891651525294,real:OEWS_May2025_industry
51-6031,71,0.0015300755474801568,real:OEWS_May2025_industry
51-6031,72,0.0025820024863727645,real:OEWS_May2025_industry
51-6031,81,0.030792770393038155,real:OEWS_May2025_industry
51-6031,92,0.0013388161040451371,real:OEWS_May2025_industry
51-6041,31-33,0.7904761904761904,real:OEWS_May2025_industry
51-6041,42,0.047619047619047616,real:OEWS_May2025_industry
51-6041,44-45,0.06666666666666667,real:OEWS_May2025_industry
51-6041,56,0.005442176870748299,real:OEWS_May2025_industry
51-6041,81,0.08979591836734693,real:OEWS_May2025_industry
51-6042,31-33,1.0,real:OEWS_May2025_industry
51-6051,31-33,0.6051282051282051,real:OEWS_May2025_industry
51-6051,44-45,0.27692307692307694,real:OEWS_May2025_industry
51-6051,54,0.03076923076923077,real:OEWS_May2025_industry
51-6051,71,0.035897435897435895,real:OEWS_May2025_industry
51-6051,81,0.05128205128205128,real:OEWS_May2025_industry
51-6052,31-33,0.1280353200883002,real:OEWS_May2025_industry
51-6052,42,0.08241353936718175,real:OEWS_May2025_industry
51-6052,44-45,0.4194260485651214,real:OEWS_May2025_industry
51-6052,51,0.016188373804267846,real:OEWS_May2025_industry
51-6052,53,0.012509197939661517,real:OEWS_May2025_industry
51-6052,54,0.008094186902133923,real:OEWS_May2025_industry
51-6052,55,0.004415011037527594,real:OEWS_May2025_industry
51-6052,56,0.006622516556291391,real:OEWS_May2025_industry
51-6052,61,0.006622516556291391,real:OEWS_May2025_industry
51-6052,71,0.014716703458425313,real:OEWS_May2025_industry
51-6052,72,0.019867549668874173,real:OEWS_May2025_industry
51-6052,81,0.28108903605592345,real:OEWS_May2025_industry
51-6061,31-33,0.9751908396946565,real:OEWS_May2025_industry
51-6061,42,0.02480916030534351,real:OEWS_May2025_industry
51-6062,31-33,0.8530066815144766,real:OEWS_May2025_industry
51-6062,42,0.0556792873051225,real:OEWS_May2025_industry
51-6062,44-45,0.031180400890868598,real:OEWS_May2025_industry
51-6062,48-49,0.005567928730512249,real:OEWS_May2025_industry
51-6062,56,0.035634743875278395,real:OEWS_May2025_industry
51-6062,62,0.0033407572383073497,real:OEWS_May2025_industry
51-6062,81,0.015590200445434299,real:OEWS_May2025_industry
51-6063,31-33,0.9631336405529954,real:OEWS_May2025_industry
51-6063,42,0.013056835637480798,real:OEWS_May2025_industry
51-6063,44-45,0.0030721966205837174,real:OEWS_May2025_industry
51-6063,56,0.020737327188940093,real:OEWS_May2025_industry
51-6064,31-33,0.9763743752839619,real:OEWS_May2025_industry
51-6064,42,0.009541117673784643,real:OEWS_May2025_industry
51-6064,56,0.014084507042253521,real:OEWS_May2025_industry
51-6091,31-33,0.9952343129467831,real:OEWS_May2025_industry
51-6091,56,0.004765687053216839,real:OEWS_May2025_industry
51-6092,31-33,0.563573883161512,real:OEWS_May2025_industry
51-6092,42,0.13058419243986255,real:OEWS_May2025_industry
51-6092,44-45,0.14776632302405499,real:OEWS_May2025_industry
51-6092,54,0.024054982817869417,real:OEWS_May2025_industry
51-6092,55,0.13402061855670103,real:OEWS_May2025_industry
51-6093,23,0.002014098690835851,real:OEWS_May2025_industry
51-6093,31-33,0.6314199395770392,real:OEWS_May2025_industry
51-6093,42,0.022658610271903322,real:OEWS_May2025_industry
51-6093,44-45,0.03575025176233636,real:OEWS_May2025_industry
51-6093,48-49,0.0216515609264854,real:OEWS_May2025_industry
51-6093,56,0.0216515609264854,real:OEWS_May2025_industry
51-6093,61,0.0015105740181268882,real:OEWS_May2025_industry
51-6093,71,0.0025176233635448137,real:OEWS_May2025_industry
51-6093,72,0.008559919436052367,real:OEWS_May2025_industry
51-6093,81,0.24924471299093656,real:OEWS_May2025_industry
51-6093,92,0.0030211480362537764,real:OEWS_May2025_industry
51-6099,31-33,0.7419835943325876,real:OEWS_May2025_industry
51-6099,42,0.087248322147651,real:OEWS_May2025_industry
51-6099,44-45,0.07307979120059657,real:OEWS_May2025_industry
51-6099,54,0.008948545861297539,real:OEWS_May2025_industry
51-6099,56,0.03355704697986577,real:OEWS_May2025_industry
51-6099,62,0.005219985085756898,real:OEWS_May2025_industry
51-6099,81,0.015659955257270694,real:OEWS_May2025_industry
51-6099,92,0.0343027591349739,real:OEWS_May2025_industry
51-7011,23,0.09275664408546118,real:OEWS_May2025_industry
51-7011,31-33,0.8385878061490359,real:OEWS_May2025_industry
51-7011,42,0.014069828035435123,real:OEWS_May2025_industry
51-7011,44-45,0.024752475247524754,real:OEWS_May2025_industry
51-7011,48-49,0.0011724856696195935,real:OEWS_May2025_industry
51-7011,54,0.004559666492965086,real:OEWS_May2025_industry
51-7011,56,0.014590932777488274,real:OEWS_May2025_industry
51-7011,61,0.0006513809275664409,real:OEWS_May2025_industry
51-7011,81,0.0049504950495049506,real:OEWS_May2025_industry
51-7011,92,0.0039082855653986455,real:OEWS_May2025_industry
51-7021,23,0.007708479327259986,real:OEWS_May2025_industry
51-7021,31-33,0.7259985984583042,real:OEWS_May2025_industry
51-7021,42,0.020322354590049056,real:OEWS_May2025_industry
51-7021,44-45,0.06096706377014716,real:OEWS_May2025_industry
51-7021,48-49,0.06867554309740714,real:OEWS_May2025_industry
51-7021,56,0.006306937631394534,real:OEWS_May2025_industry
51-7021,81,0.11002102312543798,real:OEWS_May2025_industry
51-7031,31-33,0.7916666666666666,real:OEWS_May2025_industry
51-7031,92,0.20833333333333334,real:OEWS_May2025_industry
51-7032,31-33,1.0,real:OEWS_May2025_industry
51-7041,11,0.01055473735886107,real:OEWS_May2025_industry
51-7041,23,0.005154639175257732,real:OEWS_May2025_industry
51-7041,31-33,0.8451153657339224,real:OEWS_May2025_industry
51-7041,42,0.0817378497790869,real:OEWS_May2025_industry
51-7041,44-45,0.03313696612665685,real:OEWS_May2025_industry
51-7041,48-49,0.0029455081001472753,real:OEWS_May2025_industry
51-7041,56,0.020127638684339717,real:OEWS_May2025_industry
51-7041,81,0.0012272950417280314,real:OEWS_May2025_industry
51-7042,23,0.004575911096584409,real:OEWS_May2025_industry
51-7042,31-33,0.9076646510867789,real:OEWS_May2025_industry
51-7042,42,0.03726099035790162,real:OEWS_May2025_industry
51-7042,44-45,0.00784441902271613,real:OEWS_May2025_industry
51-7042,48-49,0.0006537015852263442,real:OEWS_May2025_industry
51-7042,56,0.041019774472953095,real:OEWS_May2025_industry
51-7042,62,0.0009805523778395162,real:OEWS_May2025_industry
51-7099,31-33,0.7398523985239852,real:OEWS_May2025_industry
51-7099,42,0.05719557195571956,real:OEWS_May2025_industry
51-7099,44-45,0.046125461254612546,real:OEWS_May2025_industry
51-7099,56,0.042435424354243544,real:OEWS_May2025_industry
51-7099,62,0.005535055350553505,real:OEWS_May2025_industry
51-7099,92,0.1088560885608856,real:OEWS_May2025_industry
51-8011,22,0.8629550321199143,real:OEWS_May2025_industry
51-8011,55,0.010706638115631691,real:OEWS_May2025_industry
51-8011,92,0.12633832976445397,real:OEWS_May2025_industry
51-8012,22,0.6678657074340527,real:OEWS_May2025_industry
51-8012,31-33,0.02038369304556355,real:OEWS_May2025_industry
51-8012,55,0.09832134292565947,real:OEWS_May2025_industry
51-8012,61,0.019184652278177457,real:OEWS_May2025_industry
51-8012,81,0.005995203836930456,real:OEWS_May2025_industry
51-8012,92,0.1882494004796163,real:OEWS_May2025_industry
51-8013,21,0.00515818431911967,real:OEWS_May2025_industry
51-8013,22,0.7015130674002751,real:OEWS_May2025_industry
51-8013,31-33,0.023383768913342505,real:OEWS_May2025_industry
51-8013,54,0.030261348005502064,real:OEWS_May2025_industry
51-8013,55,0.016506189821182942,real:OEWS_May2025_industry
51-8013,56,0.035419532324621736,real:OEWS_May2025_industry
51-8013,61,0.025103163686382393,real:OEWS_May2025_industry
51-8013,62,0.013755158184319119,real:OEWS_May2025_industry
51-8013,92,0.14889958734525446,real:OEWS_May2025_industry
51-8021,22,0.022411953041622197,real:OEWS_May2025_industry
51-8021,23,0.028459622909996443,real:OEWS_May2025_industry
51-8021,31-33,0.17395944503735325,real:OEWS_May2025_industry
51-8021,42,0.0024902170046246885,real:OEWS_May2025_industry
51-8021,48-49,0.003913198150124511,real:OEWS_May2025_industry
51-8021,52,0.001422981145499822,real:OEWS_May2025_industry
51-8021,53,0.028459622909996443,real:OEWS_May2025_industry
51-8021,54,0.012095339736748489,real:OEWS_May2025_industry
51-8021,55,0.005691924581999288,real:OEWS_May2025_industry
51-8021,56,0.048381358946993955,real:OEWS_May2025_industry
51-8021,61,0.15617218071860547,real:OEWS_May2025_industry
51-8021,62,0.21736036997509783,real:OEWS_May2025_industry
51-8021,71,0.01031661330487371,real:OEWS_May2025_industry
51-8021,72,0.0711490572749911,real:OEWS_May2025_industry
51-8021,81,0.007470651013874066,real:OEWS_May2025_industry
51-8021,92,0.2102454642475987,real:OEWS_May2025_industry
51-8031,21,0.0022709475332811277,real:OEWS_May2025_industry
51-8031,22,0.14001566170712607,real:OEWS_May2025_industry
51-8031,23,0.008065779169929522,real:OEWS_May2025_industry
51-8031,31-33,0.04259984338292874,real:OEWS_May2025_industry
51-8031,48-49,0.00031323414252153485,real:OEWS_May2025_industry
51-8031,53,0.0013312451057165232,real:OEWS_May2025_industry
51-8031,54,0.013938919342208301,real:OEWS_May2025_industry
51-8031,56,0.02717306186374315,real:OEWS_May2025_industry
51-8031,61,0.0028974158183241974,real:OEWS_May2025_industry
51-8031,62,0.0007047768206734534,real:OEWS_May2025_industry
51-8031,71,0.0020360219263899767,real:OEWS_May2025_industry
51-8031,72,0.0008613938919342208,real:OEWS_May2025_industry
51-8031,81,0.003758809710258418,real:OEWS_May2025_industry
51-8031,92,0.7540328895849647,real:OEWS_May2025_industry
51-8091,22,0.0030469226081657527,real:OEWS_May2025_industry
51-8091,31-33,0.8842169408897014,real:OEWS_May2025_industry
51-8091,42,0.04509445460085314,real:OEWS_May2025_industry
51-8091,54,0.049969530773918344,real:OEWS_May2025_industry
51-8091,56,0.017672151127361365,real:OEWS_May2025_industry
51-8092,21,0.07174887892376682,real:OEWS_May2025_industry
51-8092,22,0.4439461883408072,real:OEWS_May2025_industry
51-8092,31-33,0.05044843049327354,real:OEWS_May2025_industry
51-8092,42,0.010650224215246636,real:OEWS_May2025_industry
51-8092,48-49,0.32006726457399104,real:OEWS_May2025_industry
51-8092,55,0.023542600896860985,real:OEWS_May2025_industry
51-8092,56,0.023542600896860985,real:OEWS_May2025_industry
51-8092,92,0.05605381165919283,real:OEWS_May2025_industry
51-8093,21,0.06509234029669997,real:OEWS_May2025_industry
51-8093,22,0.006660611565243718,real:OEWS_May2025_industry
51-8093,23,0.003330305782621859,real:OEWS_May2025_industry
51-8093,31-33,0.5991522858007872,real:OEWS_May2025_industry
51-8093,42,0.098698153194066,real:OEWS_May2025_industry
51-8093,44-45,0.003330305782621859,real:OEWS_May2025_industry
51-8093,48-49,0.20284589766878594,real:OEWS_May2025_industry
51-8093,54,0.002119285498032092,real:OEWS_May2025_industry
51-8093,92,0.018770814411141385,real:OEWS_May2025_industry
51-8099,21,0.11191335740072202,real:OEWS_May2025_industry
51-8099,22,0.018772563176895306,real:OEWS_May2025_industry
51-8099,23,0.06931407942238267,real:OEWS_May2025_industry
51-8099,31-33,0.4375451263537906,real:OEWS_May2025_industry
51-8099,42,0.0664259927797834,real:OEWS_May2025_industry
51-8099,48-49,0.0021660649819494585,real:OEWS_May2025_industry
51-8099,54,0.005054151624548736,real:OEWS_May2025_industry
51-8099,56,0.07942238267148015,real:OEWS_May2025_industry
51-8099,61,0.005776173285198556,real:OEWS_May2025_industry
51-8099,62,0.0036101083032490976,real:OEWS_May2025_industry
51-8099,92,0.2,real:OEWS_May2025_industry
51-9011,31-33,0.9621478242167897,real:OEWS_May2025_industry
51-9011,42,0.012545702200874614,real:OEWS_May2025_industry
51-9011,44-45,0.0004301383611728439,real:OEWS_May2025_industry
51-9011,54,0.004803211699763424,real:OEWS_May2025_industry
51-9011,56,0.020073123521399384,real:OEWS_May2025_industry
51-9012,11,0.012339503084875771,real:OEWS_May2025_industry
51-9012,21,0.014007003501750876,real:OEWS_May2025_industry
51-9012,22,0.001167250291812573,real:OEWS_May2025_industry
51-9012,23,0.0021677505419376354,real:OEWS_May2025_industry
51-9012,31-33,0.8020677005169251,real:OEWS_May2025_industry
51-9012,42,0.0271802567950642,real:OEWS_May2025_industry
51-9012,44-45,0.0080040020010005,real:OEWS_May2025_industry
51-9012,48-49,0.0008337502084375521,real:OEWS_May2025_industry
51-9012,54,0.007337001834250459,real:OEWS_May2025_industry
51-9012,55,0.00416875104218776,real:OEWS_May2025_industry
51-9012,56,0.026680006670001668,real:OEWS_May2025_industry
51-9012,71,0.0015007503751875938,real:OEWS_May2025_industry
51-9012,72,0.09254627313656828,real:OEWS_May2025_industry
51-9021,11,0.005001923816852636,real:OEWS_May2025_industry
51-9021,21,0.12735667564447864,real:OEWS_May2025_industry
51-9021,22,0.005386687187379761,real:OEWS_May2025_industry
51-9021,23,0.041554444016929586,real:OEWS_May2025_industry
51-9021,31-33,0.6656406310119277,real:OEWS_May2025_industry
51-9021,42,0.08541746825702193,real:OEWS_May2025_industry
51-9021,44-45,0.015775298191612157,real:OEWS_May2025_industry
51-9021,48-49,0.005001923816852636,real:OEWS_May2025_industry
51-9021,54,0.00461716044632551,real:OEWS_May2025_industry
51-9021,56,0.026933435936898807,real:OEWS_May2025_industry
51-9021,81,0.00923432089265102,real:OEWS_May2025_industry
51-9021,92,0.008080030781069641,real:OEWS_May2025_industry
51-9022,23,0.02063983488132095,real:OEWS_May2025_industry
51-9022,31-33,0.8895768833849329,real:OEWS_May2025_industry
51-9022,56,0.03715170278637771,real:OEWS_May2025_industry
51-9022,81,0.05263157894736842,real:OEWS_May2025_industry
51-9023,11,0.002426416288638042,real:OEWS_May2025_industry
51-9023,21,0.009811161514927735,real:OEWS_May2025_industry
51-9023,23,0.013714526848823716,real:OEWS_May2025_industry
51-9023,31-33,0.8236100854520519,real:OEWS_May2025_industry
51-9023,42,0.09167633716636776,real:OEWS_May2025_industry
51-9023,44-45,0.009705665154552168,real:OEWS_May2025_industry
51-9023,48-49,0.0029538980905158773,real:OEWS_May2025_industry
51-9023,54,0.005380314379153919,real:OEWS_May2025_industry
51-9023,55,0.0029538980905158773,real:OEWS_May2025_industry
51-9023,56,0.037767697014453004,real:OEWS_May2025_industry
51-9031,23,0.044673539518900345,real:OEWS_May2025_industry
51-9031,31-33,0.6701030927835051,real:OEWS_May2025_industry
51-9031,42,0.07731958762886598,real:OEWS_May2025_industry
51-9031,44-45,0.06013745704467354,real:OEWS_May2025_industry
51-9031,48-49,0.012027491408934709,real:OEWS_May2025_industry
51-9031,56,0.13573883161512026,real:OEWS_May2025_industry
51-9032,11,0.002233638597274961,real:OEWS_May2025_industry
51-9032,21,0.0037971856153674335,real:OEWS_May2025_industry
51-9032,23,0.0341746705383069,real:OEWS_May2025_industry
51-9032,31-33,0.8356041992405628,real:OEWS_May2025_industry
51-9032,42,0.07259325441143623,real:OEWS_May2025_industry
51-9032,44-45,0.01250837614473978,real:OEWS_May2025_industry
51-9032,48-49,0.005360732633459906,real:OEWS_May2025_industry
51-9032,51,0.0015635470180924726,real:OEWS_May2025_industry
51-9032,54,0.0008934554389099843,real:OEWS_May2025_industry
51-9032,56,0.030154121063211973,real:OEWS_May2025_industry
51-9032,62,0.0011168192986374804,real:OEWS_May2025_industry
51-9041,11,0.001194131695667008,real:OEWS_May2025_industry
51-9041,23,0.001364721937905152,real:OEWS_May2025_industry
51-9041,31-33,0.9269873763220744,real:OEWS_May2025_industry
51-9041,42,0.02302968270214944,real:OEWS_May2025_industry
51-9041,44-45,0.0015353121801432957,real:OEWS_May2025_industry
51-9041,48-49,0.003923575571477311,real:OEWS_May2025_industry
51-9041,54,0.0010235414534288639,real:OEWS_May2025_industry
51-9041,56,0.04094165813715456,real:OEWS_May2025_industry
51-9051,21,0.03481481481481481,real:OEWS_May2025_industry
51-9051,31-33,0.9392592592592592,real:OEWS_May2025_industry
51-9051,42,0.025925925925925925,real:OEWS_May2025_industry
51-9061,11,0.0034819874112762823,real:OEWS_May2025_industry
51-9061,21,0.008035355564483728,real:OEWS_May2025_industry
51-9061,22,0.0028793357439400027,real:OEWS_May2025_industry
51-9061,23,0.012404580152671756,real:OEWS_May2025_industry
51-9061,31-33,0.6410204901566894,real:OEWS_May2025_industry
51-9061,42,0.05937792955671622,real:OEWS_May2025_industry
51-9061,44-45,0.014212535154680595,real:OEWS_May2025_industry
51-9061,48-49,0.038837551895004686,real:OEWS_May2025_industry
51-9061,51,0.0030969599571447704,real:OEWS_May2025_industry
51-9061,52,0.0004017677782241864,real:OEWS_May2025_industry
51-9061,53,0.0028625954198473282,real:OEWS_May2025_industry
51-9061,54,0.09685951520021428,real:OEWS_May2025_industry
51-9061,55,0.006528726396143029,real:OEWS_May2025_industry
51-9061,56,0.08085576536761752,real:OEWS_May2025_industry
51-9061,61,0.0005524306950582563,real:OEWS_May2025_industry
51-9061,62,0.0038502745413151198,real:OEWS_May2025_industry
51-9061,71,0.0001841435650194188,real:OEWS_May2025_industry
51-9061,72,0.0015233694924333735,real:OEWS_May2025_industry
51-9061,81,0.013609883487344316,real:OEWS_May2025_industry
51-9061,92,0.009424802464175706,real:OEWS_May2025_industry
51-9071,31-33,0.23508137432188064,real:OEWS_May2025_industry
51-9071,42,0.09584086799276673,real:OEWS_May2025_industry
51-9071,44-45,0.5637432188065099,real:OEWS_May2025_industry
51-9071,52,0.009041591320072333,real:OEWS_May2025_industry
51-9071,54,0.020795660036166366,real:OEWS_May2025_industry
51-9071,55,0.017179023508137433,real:OEWS_May2025_industry
51-9071,81,0.05831826401446655,real:OEWS_May2025_industry
51-9081,31-33,0.8124452234881683,real:OEWS_May2025_industry
51-9081,54,0.0008764241893076249,real:OEWS_May2025_industry
51-9081,61,0.0037978381536663743,real:OEWS_May2025_industry
51-9081,62,0.16973415132924335,real:OEWS_May2025_industry
51-9081,92,0.013146362839614373,real:OEWS_May2025_industry
51-9082,31-33,0.5387387387387388,real:OEWS_May2025_industry
51-9082,42,0.12522522522522522,real:OEWS_May2025_industry
51-9082,44-45,0.0972972972972973,real:OEWS_May2025_industry
51-9082,55,0.015315315315315315,real:OEWS_May2025_industry
51-9082,56,0.024324324324324326,real:OEWS_May2025_industry
51-9082,62,0.1990990990990991,real:OEWS_May2025_industry
51-9083,31-33,0.40938511326860844,real:OEWS_May2025_industry
51-9083,42,0.08036677454153182,real:OEWS_May2025_industry
51-9083,44-45,0.24271844660194175,real:OEWS_May2025_industry
51-9083,56,0.007551240560949299,real:OEWS_May2025_industry
51-9083,62,0.2540453074433657,real:OEWS_May2025_industry
51-9083,92,0.005933117583603021,real:OEWS_May2025_industry
51-9111,11,0.01251551237029018,real:OEWS_May2025_industry
51-9111,21,0.0012937976922873815,real:OEWS_May2025_industry
51-9111,23,0.0011353734850685184,real:OEWS_May2025_industry
51-9111,31-33,0.7885300873973543,real:OEWS_May2025_industry
51-9111,42,0.06255115781691442,real:OEWS_May2025_industry
51-9111,44-45,0.006152140046999182,real:OEWS_May2025_industry
51-9111,48-49,0.022469833390542076,real:OEWS_May2025_industry
51-9111,51,0.0012673936577509044,real:OEWS_May2025_industry
51-9111,54,0.00430385762944578,real:OEWS_May2025_industry
51-9111,55,0.0027988276608665805,real:OEWS_May2025_industry
51-9111,56,0.09135795949621102,real:OEWS_May2025_industry
51-9111,62,0.0036965648351068043,real:OEWS_May2025_industry
51-9111,72,0.001373009795896813,real:OEWS_May2025_industry
51-9111,81,0.0005544847252660207,real:OEWS_May2025_industry
51-9123,31-33,0.7447833065810594,real:OEWS_May2025_industry
51-9123,44-45,0.06741573033707865,real:OEWS_May2025_industry
51-9123,54,0.05778491171749599,real:OEWS_May2025_industry
51-9123,56,0.04333868378812199,real:OEWS_May2025_industry
51-9123,81,0.048154093097913325,real:OEWS_May2025_industry
51-9123,92,0.038523274478330656,real:OEWS_May2025_industry
51-9124,21,0.0013263437124992105,real:OEWS_May2025_industry
51-9124,22,0.0005684330196425188,real:OEWS_May2025_industry
51-9124,23,0.017684582833322807,real:OEWS_May2025_industry
51-9124,31-33,0.6768142487210257,real:OEWS_May2025_industry
51-9124,42,0.025011052864270827,real:OEWS_May2025_industry
51-9124,44-45,0.02621107812796059,real:OEWS_May2025_industry
51-9124,48-49,0.029369039348196804,real:OEWS_May2025_industry
51-9124,54,0.005494852523211015,real:OEWS_May2025_industry
51-9124,55,0.0006947514684519674,real:OEWS_May2025_industry
51-9124,56,0.027474262616055074,real:OEWS_May2025_industry
51-9124,71,0.0027158466494031455,real:OEWS_May2025_industry
51-9124,81,0.18493020905703278,real:OEWS_May2025_industry
51-9124,92,0.0017052990589275564,real:OEWS_May2025_industry
51-9141,31-33,0.983402489626556,real:OEWS_May2025_industry
51-9141,54,0.009575486753909991,real:OEWS_May2025_industry
51-9141,56,0.007022023619533993,real:OEWS_May2025_industry
51-9151,31-33,0.09565217391304348,real:OEWS_May2025_industry
51-9151,42,0.021739130434782608,real:OEWS_May2025_industry
51-9151,44-45,0.09347826086956522,real:OEWS_May2025_industry
51-9151,54,0.5065217391304347,real:OEWS_May2025_industry
51-9151,55,0.01956521739130435,real:OEWS_May2025_industry
51-9151,56,0.0391304347826087,real:OEWS_May2025_industry
51-9151,61,0.013043478260869565,real:OEWS_May2025_industry
51-9151,71,0.006521739130434782,real:OEWS_May2025_industry
51-9151,81,0.1826086956521739,real:OEWS_May2025_industry
51-9151,92,0.021739130434782608,real:OEWS_May2025_industry
51-9161,21,0.002483590562355863,real:OEWS_May2025_industry
51-9161,22,0.00029566554313760273,real:OEWS_May2025_industry
51-9161,23,0.007628171012950151,real:OEWS_May2025_industry
51-9161,31-33,0.9159127195316658,real:OEWS_May2025_industry
51-9161,42,0.03352847259180415,real:OEWS_May2025_industry
51-9161,44-45,0.001833126367453137,real:OEWS_May2025_industry
51-9161,48-49,0.0009461297380403288,real:OEWS_May2025_industry
51-9161,54,0.009224764945893206,real:OEWS_May2025_industry
51-9161,55,0.0007095973035302466,real:OEWS_May2025_industry
51-9161,56,0.021938383300810122,real:OEWS_May2025_industry
51-9161,61,0.00029566554313760273,real:OEWS_May2025_industry
51-9161,71,0.0004730648690201644,real:OEWS_May2025_industry
51-9161,81,0.004730648690201644,real:OEWS_May2025_industry
51-9162,23,0.015140845070422536,real:OEWS_May2025_industry
51-9162,31-33,0.8785211267605634,real:OEWS_May2025_industry
51-9162,42,0.05140845070422535,real:OEWS_May2025_industry
51-9162,44-45,0.0038732394366197184,real:OEWS_May2025_industry
51-9162,48-49,0.0014084507042253522,real:OEWS_May2025_industry
51-9162,53,0.0014084507042253522,real:OEWS_May2025_industry
51-9162,54,0.029577464788732393,real:OEWS_May2025_industry
51-9162,55,0.0028169014084507044,real:OEWS_May2025_industry
51-9162,56,0.010915492957746478,real:OEWS_May2025_industry
51-9162,81,0.004929577464788733,real:OEWS_May2025_industry
51-9191,31-33,0.9356828193832599,real:OEWS_May2025_industry
51-9191,42,0.013215859030837005,real:OEWS_May2025_industry
51-9191,48-49,0.006167400881057269,real:OEWS_May2025_industry
51-9191,56,0.044933920704845816,real:OEWS_May2025_industry
51-9192,11,0.008879781420765027,real:OEWS_May2025_industry
51-9192,21,0.020491803278688523,real:OEWS_May2025_industry
51-9192,31-33,0.8456284153005464,real:OEWS_May2025_industry
51-9192,42,0.03756830601092896,real:OEWS_May2025_industry
51-9192,48-49,0.010245901639344262,real:OEWS_May2025_industry
51-9192,54,0.00273224043715847,real:OEWS_May2025_industry
51-9192,56,0.06693989071038252,real:OEWS_May2025_industry
51-9192,81,0.007513661202185792,real:OEWS_May2025_industry
51-9193,31-33,0.8944281524926686,real:OEWS_May2025_industry
51-9193,42,0.03225806451612903,real:OEWS_May2025_industry
51-9193,48-49,0.039589442815249266,real:OEWS_May2025_industry
51-9193,56,0.005865102639296188,real:OEWS_May2025_industry
51-9193,71,0.01466275659824047,real:OEWS_May2025_industry
51-9193,72,0.013196480938416423,real:OEWS_May2025_industry
51-9194,31-33,0.6210526315789474,real:OEWS_May2025_industry
51-9194,42,0.07105263157894737,real:OEWS_May2025_industry
51-9194,44-45,0.25394736842105264,real:OEWS_May2025_industry
51-9194,54,0.038157894736842106,real:OEWS_May2025_industry
51-9194,56,0.010526315789473684,real:OEWS_May2025_industry
51-9194,81,0.005263157894736842,real:OEWS_May2025_industry
51-9195,21,0.0030303030303030303,real:OEWS_May2025_industry
51-9195,23,0.09424242424242424,real:OEWS_May2025_industry
51-9195,31-33,0.83,real:OEWS_May2025_industry
51-9195,42,0.011818181818181818,real:OEWS_May2025_industry
51-9195,44-45,0.023333333333333334,real:OEWS_May2025_industry
51-9195,56,0.03090909090909091,real:OEWS_May2025_industry
51-9195,71,0.0024242424242424242,real:OEWS_May2025_industry
51-9195,81,0.0024242424242424242,real:OEWS_May2025_industry
51-9195,92,0.0018181818181818182,real:OEWS_May2025_industry
51-9196,11,0.003344132093217682,real:OEWS_May2025_industry
51-9196,31-33,0.948479464938865,real:OEWS_May2025_industry
51-9196,42,0.027798098024871983,real:OEWS_May2025_industry
51-9196,48-49,0.0022990908140871564,real:OEWS_May2025_industry
51-9196,54,0.000731528895391368,real:OEWS_May2025_industry
51-9196,56,0.017347685233566727,real:OEWS_May2025_industry
51-9197,31-33,0.9499277804525759,real:OEWS_May2025_industry
51-9197,42,0.005777563793933558,real:OEWS_May2025_industry
51-9197,44-45,0.03225806451612903,real:OEWS_May2025_industry
51-9197,56,0.01203659123736158,real:OEWS_May2025_industry
51-9198,11,0.0014484881405033496,real:OEWS_May2025_industry
51-9198,21,0.006699257649827992,real:OEWS_May2025_industry
51-9198,22,0.0010260124328565392,real:OEWS_May2025_industry
51-9198,23,0.02975436055283964,real:OEWS_May2025_industry
51-9198,31-33,0.7089745911038686,real:OEWS_May2025_industry
51-9198,42,0.03053895829561229,real:OEWS_May2025_industry
51-9198,44-45,0.0322892147987205,real:OEWS_May2025_industry
51-9198,48-49,0.011044722071338041,real:OEWS_May2025_industry
51-9198,51,0.006578550304786046,real:OEWS_May2025_industry
51-9198,53,0.0013881344679823767,real:OEWS_May2025_industry
51-9198,54,0.016717967288309495,real:OEWS_May2025_industry
51-9198,55,0.0025348542458808617,real:OEWS_May2025_industry
51-9198,56,0.10917979359043997,real:OEWS_May2025_industry
51-9198,61,0.0007845977427726477,real:OEWS_May2025_industry
51-9198,62,0.0016295491580662683,real:OEWS_May2025_industry
51-9198,71,0.0002414146900838916,real:OEWS_May2025_industry
51-9198,72,0.001991671193192106,real:OEWS_May2025_industry
51-9198,81,0.034582654354517475,real:OEWS_May2025_industry
51-9198,92,0.0025952079184018346,real:OEWS_May2025_industry
51-9199,11,0.0008344260340922637,real:OEWS_May2025_industry
51-9199,21,0.003933722732149243,real:OEWS_May2025_industry
51-9199,22,0.006039655103905909,real:OEWS_May2025_industry
51-9199,23,0.00870187149839075,real:OEWS_May2025_industry
51-9199,31-33,0.4834902848968888,real:OEWS_May2025_industry
51-9199,42,0.0652044343783526,real:OEWS_May2025_industry
51-9199,44-45,0.01573489092859697,real:OEWS_May2025_industry
51-9199,48-49,0.014582588310088608,real:OEWS_May2025_industry
51-9199,51,0.003615846147733143,real:OEWS_May2025_industry
51-9199,53,0.002701950967536854,real:OEWS_May2025_industry
51-9199,54,0.019668613660746216,real:OEWS_May2025_industry
51-9199,55,0.0058807168116978585,real:OEWS_May2025_industry
51-9199,56,0.3392935192911352,real:OEWS_May2025_industry
51-9199,61,0.0005960185957801883,real:OEWS_May2025_industry
51-9199,62,0.01990702109905829,real:OEWS_May2025_industry
51-9199,71,0.001072833472404339,real:OEWS_May2025_industry
51-9199,72,0.0005165494496761632,real:OEWS_May2025_industry
51-9199,81,0.0039734573052012554,real:OEWS_May2025_industry
51-9199,92,0.004251599316565343,real:OEWS_May2025_industry
53-1041,31-33,0.005170630816959669,real:OEWS_May2025_industry
53-1041,48-49,0.9824198552223371,real:OEWS_May2025_industry
53-1041,92,0.012409513960703205,real:OEWS_May2025_industry
53-1047,11,0.0029824420748817445,real:OEWS_May2025_industry
53-1047,21,0.006205403671931372,real:OEWS_May2025_industry
53-1047,22,0.0015874288463080253,real:OEWS_May2025_industry
53-1047,23,0.017124989978353242,real:OEWS_May2025_industry
53-1047,31-33,0.07416018600176381,real:OEWS_May2025_industry
53-1047,42,0.1682353884390283,real:OEWS_May2025_industry
53-1047,44-45,0.18532830914775916,real:OEWS_May2025_industry
53-1047,48-49,0.3401266736150084,real:OEWS_May2025_industry
53-1047,51,0.0029664074400705524,real:OEWS_May2025_industry
53-1047,52,0.00020845025254549827,real:OEWS_May2025_industry
53-1047,53,0.011769421951415057,real:OEWS_May2025_industry
53-1047,54,0.01047061653170849,real:OEWS_May2025_industry
53-1047,55,0.008530425719554237,real:OEWS_May2025_industry
53-1047,56,0.04156177343061012,real:OEWS_May2025_industry
53-1047,61,0.01186562976028221,real:OEWS_May2025_industry
53-1047,62,0.011256313637456907,real:OEWS_May2025_industry
53-1047,71,0.004922632887035998,real:OEWS_May2025_industry
53-1047,72,0.00420107432053235,real:OEWS_May2025_industry
53-1047,81,0.06112402790026457,real:OEWS_May2025_industry
53-1047,92,0.03537240439348994,real:OEWS_May2025_industry
53-2011,31-33,0.002226740245909575,real:OEWS_May2025_industry
53-2011,42,0.00038725917320166524,real:OEWS_May2025_industry
53-2011,48-49,0.9615645270597347,real:OEWS_May2025_industry
53-2011,54,0.000968147933004163,real:OEWS_May2025_industry
53-2011,55,0.005808887598024978,real:OEWS_May2025_industry
53-2011,61,0.00261399941911124,real:OEWS_May2025_industry
53-2011,92,0.02643043857101365,real:OEWS_May2025_industry
53-2012,11,0.01744797141055287,real:OEWS_May2025_industry
53-2012,21,0.004204330460374185,real:OEWS_May2025_industry
53-2012,22,0.0008408660920748371,real:OEWS_May2025_industry
53-2012,23,0.009459743535841917,real:OEWS_May2025_industry
53-2012,31-33,0.027117931469413496,real:OEWS_May2025_industry
53-2012,42,0.009669960058860626,real:OEWS_May2025_industry
53-2012,44-45,0.0016817321841496743,real:OEWS_May2025_industry
53-2012,48-49,0.5312171536682784,real:OEWS_May2025_industry
53-2012,51,0.0075677948286735335,real:OEWS_May2025_industry
53-2012,52,0.013874290519234812,real:OEWS_May2025_industry
53-2012,53,0.007147361782636115,real:OEWS_May2025_industry
53-2012,54,0.05717889426108892,real:OEWS_May2025_industry
53-2012,55,0.02922009669960059,real:OEWS_May2025_industry
53-2012,56,0.007778011351692243,real:OEWS_May2025_industry
53-2012,61,0.1360100903931049,real:OEWS_May2025_industry
53-2012,62,0.11435778852217784,real:OEWS_May2025_industry
53-2012,71,0.0033634643682993485,real:OEWS_May2025_industry
53-2012,81,0.0010510826150935463,real:OEWS_May2025_industry
53-2012,92,0.02081143577885222,real:OEWS_May2025_industry
53-2021,48-49,0.06142728093947606,real:OEWS_May2025_industry
53-2021,61,0.0018066847335140017,real:OEWS_May2025_industry
53-2021,92,0.9367660343270099,real:OEWS_May2025_industry
53-2022,31-33,0.01043115438108484,real:OEWS_May2025_industry
53-2022,48-49,0.6759388038942976,real:OEWS_May2025_industry
53-2022,56,0.009040333796940195,real:OEWS_May2025_industry
53-2022,61,0.018776077885952713,real:OEWS_May2025_industry
53-2022,62,0.011126564673157162,real:OEWS_May2025_industry
53-2022,92,0.27468706536856746,real:OEWS_May2025_industry
53-2031,48-49,0.9993901974235841,real:OEWS_May2025_industry
53-2031,55,0.0006098025764158854,real:OEWS_May2025_industry
53-3011,48-49,0.023070803500397773,real:OEWS_May2025_industry
53-3011,56,0.00477326968973747,real:OEWS_May2025_industry
53-3011,62,0.8035003977724742,real:OEWS_May2025_industry
53-3011,92,0.16865552903739062,real:OEWS_May2025_industry
53-3031,11,0.00012221054432576443,real:OEWS_May2025_industry
53-3031,22,0.0004399579595727519,real:OEWS_May2025_industry
53-3031,23,0.0020042529269425364,real:OEWS_May2025_industry
53-3031,31-33,0.03971842690587344,real:OEWS_May2025_industry
53-3031,42,0.2651479969691785,real:OEWS_May2025_industry
53-3031,44-45,0.09982157260528439,real:OEWS_May2025_industry
53-3031,48-49,0.0656759465206658,real:OEWS_May2025_industry
53-3031,51,0.006574927284726126,real:OEWS_May2025_industry
53-3031,53,0.008261432796421676,real:OEWS_May2025_industry
53-3031,54,0.0010998948989318798,real:OEWS_May2025_industry
53-3031,55,0.004326253269132061,real:OEWS_May2025_industry
53-3031,56,0.009874611981521765,real:OEWS_May2025_industry
53-3031,61,0.0020286950358076893,real:OEWS_May2025_industry
53-3031,62,0.003837411091829003,real:OEWS_May2025_industry
53-3031,71,0.001930926600347078,real:OEWS_May2025_industry
53-3031,72,0.4282013052086134,real:OEWS_May2025_industry
53-3031,81,0.05988316671962457,real:OEWS_May2025_industry
53-3031,92,0.001051010681201574,real:OEWS_May2025_industry
53-3032,11,0.007240437820982236,real:OEWS_May2025_industry
53-3032,21,0.015319854706284584,real:OEWS_May2025_industry
53-3032,22,0.001003865123203833,real:OEWS_May2025_industry
53-3032,23,0.06721046735498513,real:OEWS_May2025_industry
53-3032,31-33,0.07424722239734631,real:OEWS_May2025_industry
53-3032,42,0.130638254535579,real:OEWS_May2025_industry
53-3032,44-45,0.030727002031978198,real:OEWS_May2025_industry
53-3032,48-49,0.5759324549109373,real:OEWS_May2025_industry
53-3032,51,0.0005092069465526689,real:OEWS_May2025_industry
53-3032,52,0.000053345489638851035,real:OEWS_May2025_industry
53-3032,53,0.01319088471069771,real:OEWS_May2025_industry
53-3032,54,0.00939365576640495,real:OEWS_May2025_industry
53-3032,55,0.0046992526781860595,real:OEWS_May2025_industry
53-3032,56,0.05090614588536539,real:OEWS_May2025_industry
53-3032,61,0.0005868003860273614,real:OEWS_May2025_industry
53-3032,62,0.0013821331406429587,real:OEWS_May2025_industry
53-3032,71,0.0004655606368481545,real:OEWS_May2025_industry
53-3032,72,0.0010814585626785255,real:OEWS_May2025_industry
53-3032,81,0.006459653836268143,real:OEWS_May2025_industry
53-3032,92,0.008952343079392638,real:OEWS_May2025_industry
53-3033,11,0.0006711955416344628,real:OEWS_May2025_industry
53-3033,21,0.0007017044298905748,real:OEWS_May2025_industry
53-3033,22,0.00048814221209779116,real:OEWS_May2025_industry
53-3033,23,0.01848838628320384,real:OEWS_May2025_industry
53-3033,31-33,0.03658015701907823,real:OEWS_May2025_industry
53-3033,42,0.1480494650774926,real:OEWS_May2025_industry
53-3033,44-45,0.18086685921165033,real:OEWS_May2025_industry
53-3033,48-49,0.4841658869950779,real:OEWS_May2025_industry
53-3033,51,0.003040719196192491,real:OEWS_May2025_industry
53-3033,52,0.00010169629418703982,real:OEWS_May2025_industry
53-3033,53,0.025841028352926818,real:OEWS_May2025_industry
53-3033,54,0.012518813814424603,real:OEWS_May2025_industry
53-3033,55,0.004027173249806777,real:OEWS_May2025_industry
53-3033,56,0.02734613350689501,real:OEWS_May2025_industry
53-3033,61,0.002908514013749339,real:OEWS_May2025_industry
53-3033,62,0.016179880405158036,real:OEWS_May2025_industry
53-3033,71,0.0015457836716430053,real:OEWS_May2025_industry
53-3033,72,0.014674775251189846,real:OEWS_May2025_industry
53-3033,81,0.01646463002888175,real:OEWS_May2025_industry
53-3033,92,0.0053390554448195906,real:OEWS_May2025_industry
53-3051,48-49,0.36742047713717696,real:OEWS_May2025_industry
53-3051,55,0.00032306163021868787,real:OEWS_May2025_industry
53-3051,61,0.5116799204771372,real:OEWS_May2025_industry
53-3051,62,0.012400596421471174,real:OEWS_May2025_industry
53-3051,71,0.00012425447316103378,real:OEWS_May2025_industry
53-3051,81,0.0012922465208747515,real:OEWS_May2025_industry
53-3051,92,0.10675944333996024,real:OEWS_May2025_industry
53-3052,42,0.0008164803416656199,real:OEWS_May2025_industry
53-3052,48-49,0.37382238412259766,real:OEWS_May2025_industry
53-3052,53,0.0010048988820499938,real:OEWS_May2025_industry
53-3052,55,0.0015073483230749905,real:OEWS_May2025_industry
53-3052,56,0.007913578696143701,real:OEWS_May2025_industry
53-3052,61,0.00477326968973747,real:OEWS_May2025_industry
53-3052,62,0.006155005652556211,real:OEWS_May2025_industry
53-3052,71,0.002072603944228112,real:OEWS_May2025_industry
53-3052,72,0.00025122472051249844,real:OEWS_May2025_industry
53-3052,81,0.002889084285893732,real:OEWS_May2025_industry
53-3052,92,0.59879412134154,real:OEWS_May2025_industry
53-3053,11,0.0007251339483543488,real:OEWS_May2025_industry
53-3053,23,0.00028199653547113565,real:OEWS_May2025_industry
53-3053,31-33,0.002215687064416066,real:OEWS_May2025_industry
53-3053,42,0.007895902993191798,real:OEWS_May2025_industry
53-3053,44-45,0.07480965233855698,real:OEWS_May2025_industry
53-3053,48-49,0.42790959996777184,real:OEWS_May2025_industry
53-3053,51,0.0006042782902952907,real:OEWS_May2025_industry
53-3053,53,0.02521854731499013,real:OEWS_May2025_industry
53-3053,54,0.0031422471095355112,real:OEWS_May2025_industry
53-3053,55,0.006566490754542158,real:OEWS_May2025_industry
53-3053,56,0.024533698585988802,real:OEWS_May2025_industry
53-3053,61,0.026346533456874672,real:OEWS_May2025_industry
53-3053,62,0.23893163598275793,real:OEWS_May2025_industry
53-3053,71,0.014099826773556782,real:OEWS_May2025_industry
53-3053,72,0.02783708657293639,real:OEWS_May2025_industry
53-3053,81,0.06651089715183499,real:OEWS_May2025_industry
53-3053,92,0.05237078515892519,real:OEWS_May2025_industry
53-3054,48-49,0.9978038067349927,real:OEWS_May2025_industry
53-3054,62,0.0014641288433382138,real:OEWS_May2025_industry
53-3054,92,0.0007320644216691069,real:OEWS_May2025_industry
53-3099,23,0.006926406926406926,real:OEWS_May2025_industry
53-3099,31-33,0.016233766233766232,real:OEWS_May2025_industry
53-3099,42,0.08095238095238096,real:OEWS_May2025_industry
53-3099,44-45,0.20995670995670995,real:OEWS_May2025_industry
53-3099,48-49,0.10995670995670996,real:OEWS_May2025_industry
53-3099,52,0.003463203463203463,real:OEWS_May2025_industry
53-3099,53,0.14047619047619048,real:OEWS_May2025_industry
53-3099,54,0.01818181818181818,real:OEWS_May2025_industry
53-3099,55,0.015367965367965367,real:OEWS_May2025_industry
53-3099,56,0.12186147186147187,real:OEWS_May2025_industry
53-3099,61,0.00909090909090909,real:OEWS_May2025_industry
53-3099,62,0.02619047619047619,real:OEWS_May2025_industry
53-3099,71,0.04069264069264069,real:OEWS_May2025_industry
53-3099,81,0.03571428571428571,real:OEWS_May2025_industry
53-3099,92,0.16493506493506493,real:OEWS_May2025_industry
53-4011,21,0.0009014423076923077,real:OEWS_May2025_industry
53-4011,31-33,0.002403846153846154,real:OEWS_May2025_industry
53-4011,48-49,0.9795673076923077,real:OEWS_May2025_industry
53-4011,92,0.017127403846153848,real:OEWS_May2025_industry
53-4013,21,0.010309278350515464,real:OEWS_May2025_industry
53-4013,31-33,0.01804123711340206,real:OEWS_May2025_industry
53-4013,42,0.02577319587628866,real:OEWS_May2025_industry
53-4013,48-49,0.8762886597938144,real:OEWS_May2025_industry
53-4013,92,0.06958762886597938,real:OEWS_May2025_industry
53-4022,31-33,0.0032414910858995136,real:OEWS_May2025_industry
53-4022,48-49,0.93354943273906,real:OEWS_May2025_industry
53-4022,92,0.06320907617504051,real:OEWS_May2025_industry
53-4031,21,0.0017338534893801473,real:OEWS_May2025_industry
53-4031,48-49,0.9111400086692675,real:OEWS_May2025_industry
53-4031,92,0.08712613784135241,real:OEWS_May2025_industry
53-4041,48-49,0.07578740157480315,real:OEWS_May2025_industry
53-4041,71,0.005905511811023622,real:OEWS_May2025_industry
53-4041,92,0.9183070866141733,real:OEWS_May2025_industry
53-4099,21,0.10465116279069768,real:OEWS_May2025_industry
53-4099,48-49,0.6162790697674418,real:OEWS_May2025_industry
53-4099,92,0.27906976744186046,real:OEWS_May2025_industry
53-5011,21,0.01359898798228969,real:OEWS_May2025_industry
53-5011,23,0.03004427577482606,real:OEWS_May2025_industry
53-5011,31-33,0.006641366223908918,real:OEWS_May2025_industry
53-5011,42,0.008538899430740038,real:OEWS_May2025_industry
53-5011,48-49,0.7077798861480076,real:OEWS_May2025_industry
53-5011,53,0.012333965844402278,real:OEWS_May2025_industry
53-5011,54,0.010120177103099304,real:OEWS_May2025_industry
53-5011,55,0.03478810879190386,real:OEWS_May2025_industry
53-5011,56,0.017710309930423784,real:OEWS_May2025_industry
53-5011,61,0.0028462998102466793,real:OEWS_May2025_industry
53-5011,71,0.012333965844402278,real:OEWS_May2025_industry
53-5011,72,0.001265022137887413,real:OEWS_May2025_industry
53-5011,81,0.006957621758380772,real:OEWS_May2025_industry
53-5011,92,0.13504111321948134,real:OEWS_May2025_industry
53-5021,21,0.015544041450777202,real:OEWS_May2025_industry
53-5021,23,0.02754295064085083,real:OEWS_May2025_industry
53-5021,31-33,0.0059994545950368145,real:OEWS_May2025_industry
53-5021,42,0.007908371966184892,real:OEWS_May2025_industry
53-5021,44-45,0.0024543223343332426,real:OEWS_May2025_industry
53-5021,48-49,0.7690209980910826,real:OEWS_May2025_industry
53-5021,53,0.013635124079629125,real:OEWS_May2025_industry
53-5021,54,0.011453504226888464,real:OEWS_May2025_industry
53-5021,55,0.021543496045814018,real:OEWS_May2025_industry
53-5021,56,0.00654485955822198,real:OEWS_May2025_industry
53-5021,61,0.009544586855740387,real:OEWS_May2025_industry
53-5021,71,0.03545132260703572,real:OEWS_May2025_industry
53-5021,81,0.007908371966184892,real:OEWS_May2025_industry
53-5021,92,0.0654485955822198,real:OEWS_May2025_industry
53-5022,23,0.02553191489361702,real:OEWS_May2025_industry
53-5022,44-45,0.0425531914893617,real:OEWS_May2025_industry
53-5022,48-49,0.2851063829787234,real:OEWS_May2025_industry
53-5022,56,0.09361702127659574,real:OEWS_May2025_industry
53-5022,61,0.01702127659574468,real:OEWS_May2025_industry
53-5022,71,0.33191489361702126,real:OEWS_May2025_industry
53-5022,72,0.05531914893617021,real:OEWS_May2025_industry
53-5022,92,0.14893617021276595,real:OEWS_May2025_industry
53-5031,21,0.02289156626506024,real:OEWS_May2025_industry
53-5031,23,0.016867469879518072,real:OEWS_May2025_industry
53-5031,31-33,0.00963855421686747,real:OEWS_May2025_industry
53-5031,48-49,0.6843373493975904,real:OEWS_May2025_industry
53-5031,54,0.006024096385542169,real:OEWS_May2025_industry
53-5031,55,0.03132530120481928,real:OEWS_May2025_industry
53-5031,56,0.008433734939759036,real:OEWS_May2025_industry
53-5031,61,0.007228915662650603,real:OEWS_May2025_industry
53-5031,71,0.008433734939759036,real:OEWS_May2025_industry
53-5031,92,0.20481927710843373,real:OEWS_May2025_industry
53-6011,48-49,0.18120805369127516,real:OEWS_May2025_industry
53-6011,92,0.8187919463087249,real:OEWS_May2025_industry
53-6021,31-33,0.0010158177332752866,real:OEWS_May2025_industry
53-6021,42,0.01697866782760122,real:OEWS_May2025_industry
53-6021,44-45,0.173704832390074,real:OEWS_May2025_industry
53-6021,48-49,0.014729357132491655,real:OEWS_May2025_industry
53-6021,53,0.03867363227398055,real:OEWS_May2025_industry
53-6021,54,0.0007255840951966333,real:OEWS_May2025_industry
53-6021,55,0.00544188071397475,real:OEWS_May2025_industry
53-6021,56,0.05645044260629807,real:OEWS_May2025_industry
53-6021,61,0.01066608619939051,real:OEWS_May2025_industry
53-6021,62,0.01697866782760122,real:OEWS_May2025_industry
53-6021,71,0.05296763894935423,real:OEWS_May2025_industry
53-6021,72,0.05158902916848063,real:OEWS_May2025_industry
53-6021,81,0.5416485270642868,real:OEWS_May2025_industry
53-6021,92,0.018429836017994486,real:OEWS_May2025_industry
53-6031,23,0.0015701668302257115,real:OEWS_May2025_industry
53-6031,42,0.008832188420019628,real:OEWS_May2025_industry
53-6031,44-45,0.5573110893032385,real:OEWS_May2025_industry
53-6031,48-49,0.014033366045142296,real:OEWS_May2025_industry
53-6031,53,0.014425907752698724,real:OEWS_May2025_industry
53-6031,55,0.0003925417075564279,real:OEWS_May2025_industry
53-6031,56,0.008243375858684985,real:OEWS_May2025_industry
53-6031,61,0.0006869479882237487,real:OEWS_May2025_industry
53-6031,62,0.0003925417075564279,real:OEWS_May2025_industry
53-6031,71,0.0239450441609421,real:OEWS_May2025_industry
53-6031,72,0.0006869479882237487,real:OEWS_May2025_industry
53-6031,81,0.35436702649656526,real:OEWS_May2025_industry
53-6031,92,0.015112855740922472,real:OEWS_May2025_industry
53-6032,31-33,0.006156837329876863,real:OEWS_May2025_industry
53-6032,42,0.03661697990926766,real:OEWS_May2025_industry
53-6032,48-49,0.9086195722618277,real:OEWS_May2025_industry
53-6032,56,0.013933895009721323,real:OEWS_May2025_industry
53-6032,61,0.008101101749837978,real:OEWS_May2025_industry
53-6032,92,0.026571613739468567,real:OEWS_May2025_industry
53-6041,23,0.014792899408284023,real:OEWS_May2025_industry
53-6041,54,0.14792899408284024,real:OEWS_May2025_industry
53-6041,92,0.8372781065088757,real:OEWS_May2025_industry
53-6051,31-33,0.08465387823185988,real:OEWS_May2025_industry
53-6051,42,0.01834862385321101,real:OEWS_May2025_industry
53-6051,44-45,0.0050041701417848205,real:OEWS_May2025_industry
53-6051,48-49,0.32610508757297746,real:OEWS_May2025_industry
53-6051,55,0.0025020850708924102,real:OEWS_May2025_industry
53-6051,56,0.01292743953294412,real:OEWS_May2025_industry
53-6051,81,0.08256880733944955,real:OEWS_May2025_industry
53-6051,92,0.46788990825688076,real:OEWS_May2025_industry
53-6061,48-49,0.8516298239040839,real:OEWS_May2025_industry
53-6061,55,0.0026227051330086175,real:OEWS_May2025_industry
53-6061,56,0.06331959535406519,real:OEWS_May2025_industry
53-6061,61,0.013488197826901461,real:OEWS_May2025_industry
53-6061,71,0.009366804046459348,real:OEWS_May2025_industry
53-6061,72,0.0014986886474334957,real:OEWS_May2025_industry
53-6061,92,0.05807418508804796,real:OEWS_May2025_industry
53-6099,23,0.0030511060259344014,real:OEWS_May2025_industry
53-6099,31-33,0.01906941266209001,real:OEWS_May2025_industry
53-6099,42,0.03585049580472922,real:OEWS_May2025_industry
53-6099,44-45,0.010678871090770405,real:OEWS_May2025_industry
53-6099,48-49,0.665903890160183,real:OEWS_May2025_industry
53-6099,55,0.007627765064836003,real:OEWS_May2025_industry
53-6099,56,0.041189931350114416,real:OEWS_May2025_industry
53-6099,61,0.033562166285278416,real:OEWS_May2025_industry
53-6099,62,0.013729977116704805,real:OEWS_May2025_industry
53-6099,71,0.005339435545385202,real:OEWS_May2025_industry
53-6099,81,0.020594965675057208,real:OEWS_May2025_industry
53-6099,92,0.14340198321891687,real:OEWS_May2025_industry
53-7011,21,0.05756358768406961,real:OEWS_May2025_industry
53-7011,23,0.0013386880856760374,real:OEWS_May2025_industry
53-7011,31-33,0.2222222222222222,real:OEWS_May2025_industry
53-7011,42,0.20437304774654172,real:OEWS_May2025_industry
53-7011,44-45,0.0035698348951361,real:OEWS_May2025_industry
53-7011,48-49,0.4890673806336457,real:OEWS_May2025_industry
53-7011,56,0.01740294511378849,real:OEWS_May2025_industry
53-7011,81,0.002677376171352075,real:OEWS_May2025_industry
53-7011,92,0.00178491744756805,real:OEWS_May2025_industry
53-7021,21,0.026414212248714354,real:OEWS_May2025_industry
53-7021,22,0.002571294997662459,real:OEWS_May2025_industry
53-7021,23,0.4102384291725105,real:OEWS_May2025_industry
53-7021,31-33,0.2449742870500234,real:OEWS_May2025_industry
53-7021,42,0.10495558672276765,real:OEWS_May2025_industry
53-7021,44-45,0.004207573632538569,real:OEWS_May2025_industry
53-7021,48-49,0.09467040673211781,real:OEWS_May2025_industry
53-7021,53,0.04137447405329593,real:OEWS_May2025_industry
53-7021,54,0.0018700327255726976,real:OEWS_May2025_industry
53-7021,56,0.03740065451145395,real:OEWS_May2025_industry
53-7021,71,0.0023375409069658717,real:OEWS_May2025_industry
53-7021,81,0.0035063113604488078,real:OEWS_May2025_industry
53-7021,92,0.025479195885928004,real:OEWS_May2025_industry
53-7031,21,0.2916666666666667,real:OEWS_May2025_industry
53-7031,23,0.6145833333333334,real:OEWS_May2025_industry
53-7031,92,0.09375,real:OEWS_May2025_industry
53-7041,11,0.023148148148148147,real:OEWS_May2025_industry
53-7041,21,0.05555555555555555,real:OEWS_May2025_industry
53-7041,23,0.14814814814814814,real:OEWS_May2025_industry
53-7041,31-33,0.2916666666666667,real:OEWS_May2025_industry
53-7041,42,0.10648148148148148,real:OEWS_May2025_industry
53-7041,48-49,0.24537037037037038,real:OEWS_May2025_industry
53-7041,56,0.06944444444444445,real:OEWS_May2025_industry
53-7041,71,0.041666666666666664,real:OEWS_May2025_industry
53-7041,81,0.018518518518518517,real:OEWS_May2025_industry
53-7051,11,0.009116382371550689,real:OEWS_May2025_industry
53-7051,21,0.003021577159975724,real:OEWS_May2025_industry
53-7051,22,0.0010717560011879706,real:OEWS_May2025_industry
53-7051,23,0.011995919579561741,real:OEWS_May2025_industry
53-7051,31-33,0.22469429128520332,real:OEWS_May2025_industry
53-7051,42,0.11958472683134692,real:OEWS_May2025_industry
53-7051,44-45,0.04594346809911806,real:OEWS_May2025_industry
53-7051,48-49,0.46058391332980386,real:OEWS_May2025_industry
53-7051,51,0.001110494169905608,real:OEWS_May2025_industry
53-7051,52,0.00016786539777642912,real:OEWS_May2025_industry
53-7051,53,0.0014333122425525871,real:OEWS_May2025_industry
53-7051,54,0.010201051095644538,real:OEWS_May2025_industry
53-7051,55,0.004687318414834136,real:OEWS_May2025_industry
53-7051,56,0.0953088077682941,real:OEWS_May2025_industry
53-7051,61,0.0005294216391410457,real:OEWS_May2025_industry
53-7051,62,0.0013300104593055538,real:OEWS_May2025_industry
53-7051,71,0.0012267086760585205,real:OEWS_May2025_industry
53-7051,72,0.0013558359051173122,real:OEWS_May2025_industry
53-7051,81,0.0018336066526348411,real:OEWS_May2025_industry
53-7051,92,0.004803532920987049,real:OEWS_May2025_industry
53-7061,11,0.0052076484048289105,real:OEWS_May2025_industry
53-7061,21,0.0019199915835985376,real:OEWS_May2025_industry
53-7061,23,0.0021830041292969673,real:OEWS_May2025_industry
53-7061,31-33,0.09584177165250782,real:OEWS_May2025_industry
53-7061,42,0.020883196128455326,real:OEWS_May2025_industry
53-7061,44-45,0.23163514899660714,real:OEWS_May2025_industry
53-7061,48-49,0.06238657583966755,real:OEWS_May2025_industry
53-7061,53,0.06685778911654086,real:OEWS_May2025_industry
53-7061,54,0.003050945530101786,real:OEWS_May2025_industry
53-7061,55,0.001446569001341364,real:OEWS_May2025_industry
53-7061,56,0.05310223297651298,real:OEWS_May2025_industry
53-7061,61,0.0008679414008048184,real:OEWS_May2025_industry
53-7061,62,0.0007101338733857605,real:OEWS_May2025_industry
53-7061,71,0.005549564714236869,real:OEWS_May2025_industry
53-7061,72,0.0011309539465032483,real:OEWS_May2025_industry
53-7061,81,0.43007811472607244,real:OEWS_May2025_industry
53-7061,92,0.017148417979537624,real:OEWS_May2025_industry
53-7062,11,0.003291224193039959,real:OEWS_May2025_industry
53-7062,21,0.0026336572584882063,real:OEWS_May2025_industry
53-7062,22,0.0009185599962037372,real:OEWS_May2025_industry
53-7062,23,0.016889979561192703,real:OEWS_May2025_industry
53-7062,31-33,0.1355943693289089,real:OEWS_May2025_industry
53-7062,42,0.13483511678592128,real:OEWS_May2025_industry
53-7062,44-45,0.11999918651513251,real:OEWS_May2025_industry
53-7062,48-49,0.333355930135208,real:OEWS_May2025_industry
53-7062,51,0.0030810739356058937,real:OEWS_May2025_industry
53-7062,52,0.00037284723093140626,real:OEWS_May2025_industry
53-7062,53,0.015246062224813322,real:OEWS_May2025_industry
53-7062,54,0.014049561565551627,real:OEWS_May2025_industry
53-7062,55,0.005019879536449207,real:OEWS_May2025_industry
53-7062,56,0.17159446423547675,real:OEWS_May2025_industry
53-7062,61,0.003104800577574256,real:OEWS_May2025_industry
53-7062,62,0.007453555098346931,real:OEWS_May2025_industry
53-7062,71,0.010571913757045965,real:OEWS_May2025_industry
53-7062,72,0.0033488460378202673,real:OEWS_May2025_industry
53-7062,81,0.007568798787907547,real:OEWS_May2025_industry
53-7062,92,0.011070173238381572,real:OEWS_May2025_industry
53-7063,11,0.0037798251830852823,real:OEWS_May2025_industry
53-7063,21,0.005197259626742263,real:OEWS_May2025_industry
53-7063,23,0.0007087172218284905,real:OEWS_May2025_industry
53-7063,31-33,0.688400661469407,real:OEWS_May2025_industry
53-7063,42,0.022915190172454525,real:OEWS_May2025_industry
53-7063,44-45,0.005433498700685093,real:OEWS_May2025_industry
53-7063,48-49,0.15024805102763997,real:OEWS_May2025_industry
53-7063,51,0.0063784549964564135,real:OEWS_May2025_industry
53-7063,54,0.001653673517599811,real:OEWS_May2025_industry
53-7063,55,0.0009449562957713206,real:OEWS_May2025_industry
53-7063,56,0.07536026458776282,real:OEWS_May2025_industry
53-7063,81,0.03897944720056697,real:OEWS_May2025_industry
53-7064,11,0.032022873481057895,real:OEWS_May2025_industry
53-7064,21,0.00039313795568263047,real:OEWS_May2025_industry
53-7064,31-33,0.23684774839170836,real:OEWS_May2025_industry
53-7064,42,0.08845604002859185,real:OEWS_May2025_industry
53-7064,44-45,0.26141887062187275,real:OEWS_May2025_industry
53-7064,48-49,0.15870264474624732,real:OEWS_May2025_industry
53-7064,51,0.0012330235882773409,real:OEWS_May2025_industry
53-7064,53,0.00032165832737669764,real:OEWS_May2025_industry
53-7064,54,0.0076661901358112934,real:OEWS_May2025_industry
53-7064,55,0.0037526804860614723,real:OEWS_May2025_industry
53-7064,56,0.19186919228020013,real:OEWS_May2025_industry
53-7064,62,0.004771265189421015,real:OEWS_May2025_industry
53-7064,71,0.0002501786990707648,real:OEWS_May2025_industry
53-7064,72,0.007433881343817012,real:OEWS_May2025_industry
53-7064,81,0.003984989278055754,real:OEWS_May2025_industry
53-7064,92,0.0008756254467476769,real:OEWS_May2025_industry
53-7065,21,0.0002965347792934,real:OEWS_May2025_industry
53-7065,22,0.0009213759213759214,real:OEWS_May2025_industry
53-7065,23,0.003801999491654664,real:OEWS_May2025_industry
53-7065,31-33,0.02783543731819594,real:OEWS_May2025_industry
53-7065,42,0.09347552882035641,real:OEWS_May2025_industry
53-7065,44-45,0.645422067835861,real:OEWS_May2025_industry
53-7065,48-49,0.16696673162190404,real:OEWS_May2025_industry
53-7065,51,0.0014332514332514332,real:OEWS_May2025_industry
53-7065,52,0.00010590527831907143,real:OEWS_May2025_industry
53-7065,53,0.0016026998785619475,real:OEWS_May2025_industry
53-7065,54,0.00696503713745093,real:OEWS_May2025_industry
53-7065,55,0.0031700979976842045,real:OEWS_May2025_industry
53-7065,56,0.020895111412352792,real:OEWS_May2025_industry
53-7065,61,0.0017686181479284928,real:OEWS_May2025_industry
53-7065,62,0.01015984636674292,real:OEWS_May2025_industry
53-7065,71,0.0010943545426304047,real:OEWS_May2025_industry
53-7065,72,0.004868112626733316,real:OEWS_May2025_industry
53-7065,81,0.0028735632183908046,real:OEWS_May2025_industry
53-7065,92,0.006343726171312378,real:OEWS_May2025_industry
53-7071,21,0.10385756676557864,real:OEWS_May2025_industry
53-7071,22,0.09495548961424333,real:OEWS_May2025_industry
53-7071,23,0.04451038575667656,real:OEWS_May2025_industry
53-7071,31-33,0.02373887240356083,real:OEWS_May2025_industry
53-7071,42,0.13649851632047477,real:OEWS_May2025_industry
53-7071,44-45,0.0830860534124629,real:OEWS_May2025_industry
53-7071,48-49,0.4688427299703264,real:OEWS_May2025_industry
53-7071,92,0.04451038575667656,real:OEWS_May2025_industry
53-7072,21,0.20625,real:OEWS_May2025_industry
53-7072,22,0.00625,real:OEWS_May2025_industry
53-7072,23,0.28125,real:OEWS_May2025_industry
53-7072,31-33,0.0375,real:OEWS_May2025_industry
53-7072,42,0.12395833333333334,real:OEWS_May2025_industry
53-7072,44-45,0.020833333333333332,real:OEWS_May2025_industry
53-7072,48-49,0.178125,real:OEWS_May2025_industry
53-7072,53,0.03229166666666667,real:OEWS_May2025_industry
53-7072,56,0.08125,real:OEWS_May2025_industry
53-7072,92,0.03229166666666667,real:OEWS_May2025_industry
53-7073,21,0.994279176201373,real:OEWS_May2025_industry
53-7073,22,0.002860411899313501,real:OEWS_May2025_industry
53-7073,48-49,0.002860411899313501,real:OEWS_May2025_industry
53-7081,22,0.0007538377192982456,real:OEWS_May2025_industry
53-7081,31-33,0.0007538377192982456,real:OEWS_May2025_industry
53-7081,42,0.008771929824561403,real:OEWS_May2025_industry
53-7081,48-49,0.006373355263157895,real:OEWS_May2025_industry
53-7081,54,0.0013706140350877192,real:OEWS_May2025_industry
53-7081,56,0.6742050438596491,real:OEWS_May2025_industry
53-7081,61,0.002261513157894737,real:OEWS_May2025_industry
53-7081,62,0.001576206140350877,real:OEWS_May2025_industry
53-7081,81,0.0013706140350877192,real:OEWS_May2025_industry
53-7081,92,0.30256304824561403,real:OEWS_May2025_industry
53-7121,21,0.035071090047393366,real:OEWS_May2025_industry
53-7121,22,0.006635071090047393,real:OEWS_May2025_industry
53-7121,23,0.008530805687203791,real:OEWS_May2025_industry
53-7121,31-33,0.17725118483412322,real:OEWS_May2025_industry
53-7121,42,0.14881516587677726,real:OEWS_May2025_industry
53-7121,48-49,0.5848341232227489,real:OEWS_May2025_industry
53-7121,56,0.03886255924170616,real:OEWS_May2025_industry
53-7199,11,0.0030146425495262705,real:OEWS_May2025_industry
53-7199,21,0.005598621877691645,real:OEWS_May2025_industry
53-7199,22,0.006029285099052541,real:OEWS_May2025_industry
53-7199,23,0.04392764857881137,real:OEWS_May2025_industry
53-7199,31-33,0.1029285099052541,real:OEWS_May2025_industry
53-7199,42,0.14857881136950904,real:OEWS_May2025_industry
53-7199,44-45,0.2467700258397933,real:OEWS_May2025_industry
53-7199,48-49,0.1330749354005168,real:OEWS_May2025_industry
53-7199,53,0.12790697674418605,real:OEWS_May2025_industry
53-7199,54,0.009474590869939707,real:OEWS_May2025_industry
53-7199,56,0.06287683031869079,real:OEWS_May2025_industry
53-7199,62,0.013350559862187769,real:OEWS_May2025_industry
53-7199,71,0.005598621877691645,real:OEWS_May2025_industry
53-7199,81,0.011627906976744186,real:OEWS_May2025_industry
53-7199,92,0.07924203273040482,real:OEWS_May2025_industry
