occ_code,fips,emp,source_tag
11-1011,01,3039,FIXTURE
11-1011,02,444,FIXTURE
11-1011,04,4326,FIXTURE
11-1011,05,1822,FIXTURE
11-1011,06,23915,FIXTURE
11-1011,08,3492,FIXTURE
11-1011,09,2181,FIXTURE
11-1011,10,599,FIXTURE
11-1011,11,417,FIXTURE
11-1011,12,13028,FIXTURE
11-1011,13,6479,FIXTURE
11-1011,15,880,FIXTURE
11-1011,16,1112,FIXTURE
11-1011,17,7750,FIXTURE
11-1011,18,4104,FIXTURE
11-1011,19,1930,FIXTURE
11-1011,20,1777,FIXTURE
11-1011,21,2725,FIXTURE
11-1011,22,2817,FIXTURE
11-1011,23,824,FIXTURE
11-1011,24,3736,FIXTURE
11-1011,25,4252,FIXTURE
11-1011,26,6095,FIXTURE
11-1011,27,3452,FIXTURE
11-1011,28,1791,FIXTURE
11-1011,29,3723,FIXTURE
11-1011,30,656,FIXTURE
11-1011,31,1186,FIXTURE
11-1011,32,1878,FIXTURE
11-1011,33,833,FIXTURE
11-1011,34,5618,FIXTURE
11-1011,35,1281,FIXTURE
11-1011,36,12219,FIXTURE
11-1011,37,6314,FIXTURE
11-1011,38,471,FIXTURE
11-1011,39,7137,FIXTURE
11-1011,40,2395,FIXTURE
11-1011,41,2563,FIXTURE
11-1011,42,7865,FIXTURE
11-1011,44,664,FIXTURE
11-1011,45,3096,FIXTURE
11-1011,46,536,FIXTURE
11-1011,47,4180,FIXTURE
11-1011,48,17629,FIXTURE
11-1011,49,1979,FIXTURE
11-1011,50,389,FIXTURE
11-1011,51,5221,FIXTURE
11-1011,53,4661,FIXTURE
11-1011,54,1085,FIXTURE
11-1011,55,3565,FIXTURE
11-1011,56,349,FIXTURE
11-1021,01,45247,FIXTURE
11-1021,02,6605,FIXTURE
11-1021,04,64404,FIXTURE
11-1021,05,27121,FIXTURE
11-1021,06,356068,FIXTURE
11-1021,08,51996,FIXTURE
11-1021,09,32474,FIXTURE
11-1021,10,8915,FIXTURE
11-1021,11,6210,FIXTURE
11-1021,12,193966,FIXTURE
11-1021,13,96468,FIXTURE
11-1021,15,13106,FIXTURE
11-1021,16,16562,FIXTURE
11-1021,17,115385,FIXTURE
11-1021,18,61108,FIXTURE
11-1021,19,28731,FIXTURE
11-1021,20,26457,FIXTURE
11-1021,21,40578,FIXTURE
11-1021,22,41946,FIXTURE
11-1021,23,12269,FIXTURE
11-1021,24,55630,FIXTURE
11-1021,25,63309,FIXTURE
11-1021,26,90753,FIXTURE
11-1021,27,51391,FIXTURE
11-1021,28,26668,FIXTURE
11-1021,29,55429,FIXTURE
11-1021,30,9764,FIXTURE
11-1021,31,17665,FIXTURE
11-1021,32,27959,FIXTURE
11-1021,33,12405,FIXTURE
11-1021,34,83653,FIXTURE
11-1021,35,19070,FIXTURE
11-1021,36,181926,FIXTURE
11-1021,37,94014,FIXTURE
11-1021,38,7016,FIXTURE
11-1021,39,106262,FIXTURE
11-1021,40,35657,FIXTURE
11-1021,41,38159,FIXTURE
11-1021,42,117098,FIXTURE
11-1021,44,9883,FIXTURE
11-1021,45,46095,FIXTURE
11-1021,46,7985,FIXTURE
11-1021,47,62237,FIXTURE
11-1021,48,262474,FIXTURE
11-1021,49,29463,FIXTURE
11-1021,50,5791,FIXTURE
11-1021,51,77731,FIXTURE
11-1021,53,69391,FIXTURE
11-1021,54,16154,FIXTURE
11-1021,55,53077,FIXTURE
11-1021,56,5195,FIXTURE
11-1031,01,676,FIXTURE
11-1031,02,99,FIXTURE
11-1031,04,962,FIXTURE
11-1031,05,405,FIXTURE
11-1031,06,5319,FIXTURE
11-1031,08,777,FIXTURE
11-1031,09,485,FIXTURE
11-1031,10,133,FIXTURE
11-1031,11,93,FIXTURE
11-1031,12,2897,FIXTURE
11-1031,13,1441,FIXTURE
11-1031,15,196,FIXTURE
11-1031,16,247,FIXTURE
11-1031,17,1724,FIXTURE
11-1031,18,913,FIXTURE
11-1031,19,429,FIXTURE
11-1031,20,395,FIXTURE
11-1031,21,606,FIXTURE
11-1031,22,627,FIXTURE
11-1031,23,183,FIXTURE
11-1031,24,831,FIXTURE
11-1031,25,946,FIXTURE
11-1031,26,1356,FIXTURE
11-1031,27,768,FIXTURE
11-1031,28,398,FIXTURE
11-1031,29,828,FIXTURE
11-1031,30,146,FIXTURE
11-1031,31,264,FIXTURE
11-1031,32,418,FIXTURE
11-1031,33,185,FIXTURE
11-1031,34,1250,FIXTURE
11-1031,35,285,FIXTURE
11-1031,36,2718,FIXTURE
11-1031,37,1404,FIXTURE
11-1031,38,105,FIXTURE
11-1031,39,1587,FIXTURE
11-1031,40,533,FIXTURE
11-1031,41,570,FIXTURE
11-1031,42,1749,FIXTURE
11-1031,44,148,FIXTURE
11-1031,45,688,FIXTURE
11-1031,46,119,FIXTURE
11-1031,47,930,FIXTURE
11-1031,48,3921,FIXTURE
11-1031,49,440,FIXTURE
11-1031,50,86,FIXTURE
11-1031,51,1161,FIXTURE
11-1031,53,1037,FIXTURE
11-1031,54,241,FIXTURE
11-1031,55,793,FIXTURE
11-1031,56,78,FIXTURE
11-2011,01,341,FIXTURE
11-2011,02,50,FIXTURE
11-2011,04,486,FIXTURE
11-2011,05,205,FIXTURE
11-2011,06,2686,FIXTURE
11-2011,08,392,FIXTURE
11-2011,09,245,FIXTURE
11-2011,10,67,FIXTURE
11-2011,11,47,FIXTURE
11-2011,12,1463,FIXTURE
11-2011,13,728,FIXTURE
11-2011,15,99,FIXTURE
11-2011,16,125,FIXTURE
11-2011,17,870,FIXTURE
11-2011,18,461,FIXTURE
11-2011,19,217,FIXTURE
11-2011,20,200,FIXTURE
11-2011,21,306,FIXTURE
11-2011,22,316,FIXTURE
11-2011,23,93,FIXTURE
11-2011,24,420,FIXTURE
11-2011,25,478,FIXTURE
11-2011,26,685,FIXTURE
11-2011,27,388,FIXTURE
11-2011,28,201,FIXTURE
11-2011,29,418,FIXTURE
11-2011,30,74,FIXTURE
11-2011,31,133,FIXTURE
11-2011,32,211,FIXTURE
11-2011,33,94,FIXTURE
11-2011,34,631,FIXTURE
11-2011,35,144,FIXTURE
11-2011,36,1373,FIXTURE
11-2011,37,709,FIXTURE
11-2011,38,53,FIXTURE
11-2011,39,802,FIXTURE
11-2011,40,269,FIXTURE
11-2011,41,288,FIXTURE
11-2011,42,883,FIXTURE
11-2011,44,75,FIXTURE
11-2011,45,348,FIXTURE
11-2011,46,60,FIXTURE
11-2011,47,470,FIXTURE
11-2011,48,1980,FIXTURE
11-2011,49,222,FIXTURE
11-2011,50,44,FIXTURE
11-2011,51,586,FIXTURE
11-2011,53,523,FIXTURE
11-2011,54,122,FIXTURE
11-2011,55,400,FIXTURE
11-2011,56,39,FIXTURE
11-2021,01,4224,FIXTURE
11-2021,02,617,FIXTURE
11-2021,04,6013,FIXTURE
11-2021,05,2532,FIXTURE
11-2021,06,33245,FIXTURE
11-2021,08,4855,FIXTURE
11-2021,09,3032,FIXTURE
11-2021,10,832,FIXTURE
11-2021,11,580,FIXTURE
11-2021,12,18110,FIXTURE
11-2021,13,9007,FIXTURE
11-2021,15,1224,FIXTURE
11-2021,16,1546,FIXTURE
11-2021,17,10773,FIXTURE
11-2021,18,5705,FIXTURE
11-2021,19,2683,FIXTURE
11-2021,20,2470,FIXTURE
11-2021,21,3789,FIXTURE
11-2021,22,3916,FIXTURE
11-2021,23,1145,FIXTURE
11-2021,24,5194,FIXTURE
11-2021,25,5911,FIXTURE
11-2021,26,8473,FIXTURE
11-2021,27,4798,FIXTURE
11-2021,28,2490,FIXTURE
11-2021,29,5175,FIXTURE
11-2021,30,912,FIXTURE
11-2021,31,1649,FIXTURE
11-2021,32,2610,FIXTURE
11-2021,33,1158,FIXTURE
11-2021,34,7810,FIXTURE
11-2021,35,1780,FIXTURE
11-2021,36,16986,FIXTURE
11-2021,37,8778,FIXTURE
11-2021,38,655,FIXTURE
11-2021,39,9921,FIXTURE
11-2021,40,3329,FIXTURE
11-2021,41,3563,FIXTURE
11-2021,42,10933,FIXTURE
11-2021,44,923,FIXTURE
11-2021,45,4304,FIXTURE
11-2021,46,746,FIXTURE
11-2021,47,5811,FIXTURE
11-2021,48,24506,FIXTURE
11-2021,49,2751,FIXTURE
11-2021,50,541,FIXTURE
11-2021,51,7257,FIXTURE
11-2021,53,6479,FIXTURE
11-2021,54,1508,FIXTURE
11-2021,55,4956,FIXTURE
11-2021,56,485,FIXTURE
11-2022,01,6879,FIXTURE
11-2022,02,1004,FIXTURE
11-2022,04,9791,FIXTURE
11-2022,05,4123,FIXTURE
11-2022,06,54133,FIXTURE
11-2022,08,7905,FIXTURE
11-2022,09,4937,FIXTURE
11-2022,10,1355,FIXTURE
11-2022,11,944,FIXTURE
11-2022,12,29489,FIXTURE
11-2022,13,14666,FIXTURE
11-2022,15,1993,FIXTURE
11-2022,16,2518,FIXTURE
11-2022,17,17542,FIXTURE
11-2022,18,9290,FIXTURE
11-2022,19,4368,FIXTURE
11-2022,20,4022,FIXTURE
11-2022,21,6169,FIXTURE
11-2022,22,6377,FIXTURE
11-2022,23,1865,FIXTURE
11-2022,24,8458,FIXTURE
11-2022,25,9625,FIXTURE
11-2022,26,13797,FIXTURE
11-2022,27,7813,FIXTURE
11-2022,28,4054,FIXTURE
11-2022,29,8427,FIXTURE
11-2022,30,1484,FIXTURE
11-2022,31,2686,FIXTURE
11-2022,32,4251,FIXTURE
11-2022,33,1886,FIXTURE
11-2022,34,12718,FIXTURE
11-2022,35,2899,FIXTURE
11-2022,36,27658,FIXTURE
11-2022,37,14293,FIXTURE
11-2022,38,1067,FIXTURE
11-2022,39,16155,FIXTURE
11-2022,40,5421,FIXTURE
11-2022,41,5801,FIXTURE
11-2022,42,17803,FIXTURE
11-2022,44,1503,FIXTURE
11-2022,45,7008,FIXTURE
11-2022,46,1214,FIXTURE
11-2022,47,9462,FIXTURE
11-2022,48,39904,FIXTURE
11-2022,49,4479,FIXTURE
11-2022,50,881,FIXTURE
11-2022,51,11818,FIXTURE
11-2022,53,10550,FIXTURE
11-2022,54,2456,FIXTURE
11-2022,55,8069,FIXTURE
11-2022,56,790,FIXTURE
11-2032,01,907,FIXTURE
11-2032,02,132,FIXTURE
11-2032,04,1291,FIXTURE
11-2032,05,544,FIXTURE
11-2032,06,7139,FIXTURE
11-2032,08,1043,FIXTURE
11-2032,09,651,FIXTURE
11-2032,10,179,FIXTURE
11-2032,11,125,FIXTURE
11-2032,12,3889,FIXTURE
11-2032,13,1934,FIXTURE
11-2032,15,263,FIXTURE
11-2032,16,332,FIXTURE
11-2032,17,2314,FIXTURE
11-2032,18,1225,FIXTURE
11-2032,19,576,FIXTURE
11-2032,20,531,FIXTURE
11-2032,21,814,FIXTURE
11-2032,22,841,FIXTURE
11-2032,23,246,FIXTURE
11-2032,24,1115,FIXTURE
11-2032,25,1269,FIXTURE
11-2032,26,1820,FIXTURE
11-2032,27,1030,FIXTURE
11-2032,28,535,FIXTURE
11-2032,29,1111,FIXTURE
11-2032,30,196,FIXTURE
11-2032,31,354,FIXTURE
11-2032,32,561,FIXTURE
11-2032,33,249,FIXTURE
11-2032,34,1677,FIXTURE
11-2032,35,382,FIXTURE
11-2032,36,3648,FIXTURE
11-2032,37,1885,FIXTURE
11-2032,38,141,FIXTURE
11-2032,39,2131,FIXTURE
11-2032,40,715,FIXTURE
11-2032,41,765,FIXTURE
11-2032,42,2348,FIXTURE
11-2032,44,198,FIXTURE
11-2032,45,924,FIXTURE
11-2032,46,160,FIXTURE
11-2032,47,1248,FIXTURE
11-2032,48,5263,FIXTURE
11-2032,49,591,FIXTURE
11-2032,50,116,FIXTURE
11-2032,51,1559,FIXTURE
11-2032,53,1391,FIXTURE
11-2032,54,324,FIXTURE
11-2032,55,1064,FIXTURE
11-2032,56,104,FIXTURE
11-2033,01,352,FIXTURE
11-2033,02,51,FIXTURE
11-2033,04,500,FIXTURE
11-2033,05,211,FIXTURE
11-2033,06,2766,FIXTURE
11-2033,08,404,FIXTURE
11-2033,09,252,FIXTURE
11-2033,10,69,FIXTURE
11-2033,11,48,FIXTURE
11-2033,12,1507,FIXTURE
11-2033,13,750,FIXTURE
11-2033,15,102,FIXTURE
11-2033,16,129,FIXTURE
11-2033,17,896,FIXTURE
11-2033,18,475,FIXTURE
11-2033,19,223,FIXTURE
11-2033,20,206,FIXTURE
11-2033,21,315,FIXTURE
11-2033,22,326,FIXTURE
11-2033,23,95,FIXTURE
11-2033,24,432,FIXTURE
11-2033,25,492,FIXTURE
11-2033,26,705,FIXTURE
11-2033,27,399,FIXTURE
11-2033,28,207,FIXTURE
11-2033,29,431,FIXTURE
11-2033,30,76,FIXTURE
11-2033,31,137,FIXTURE
11-2033,32,217,FIXTURE
11-2033,33,96,FIXTURE
11-2033,34,650,FIXTURE
11-2033,35,148,FIXTURE
11-2033,36,1413,FIXTURE
11-2033,37,730,FIXTURE
11-2033,38,55,FIXTURE
11-2033,39,826,FIXTURE
11-2033,40,277,FIXTURE
11-2033,41,297,FIXTURE
11-2033,42,910,FIXTURE
11-2033,44,77,FIXTURE
11-2033,45,358,FIXTURE
11-2033,46,62,FIXTURE
11-2033,47,484,FIXTURE
11-2033,48,2039,FIXTURE
11-2033,49,229,FIXTURE
11-2033,50,45,FIXTURE
11-2033,51,604,FIXTURE
11-2033,53,539,FIXTURE
11-2033,54,126,FIXTURE
11-2033,55,412,FIXTURE
11-2033,56,40,FIXTURE
11-3012,01,3405,FIXTURE
11-3012,02,497,FIXTURE
11-3012,04,4846,FIXTURE
11-3012,05,2041,FIXTURE
11-3012,06,26795,FIXTURE
11-3012,08,3913,FIXTURE
11-3012,09,2444,FIXTURE
11-3012,10,671,FIXTURE
11-3012,11,467,FIXTURE
11-3012,12,14596,FIXTURE
11-3012,13,7259,FIXTURE
11-3012,15,986,FIXTURE
11-3012,16,1246,FIXTURE
11-3012,17,8683,FIXTURE
11-3012,18,4598,FIXTURE
11-3012,19,2162,FIXTURE
11-3012,20,1991,FIXTURE
11-3012,21,3054,FIXTURE
11-3012,22,3157,FIXTURE
11-3012,23,923,FIXTURE
11-3012,24,4186,FIXTURE
11-3012,25,4764,FIXTURE
11-3012,26,6829,FIXTURE
11-3012,27,3867,FIXTURE
11-3012,28,2007,FIXTURE
11-3012,29,4171,FIXTURE
11-3012,30,735,FIXTURE
11-3012,31,1329,FIXTURE
11-3012,32,2104,FIXTURE
11-3012,33,934,FIXTURE
11-3012,34,6295,FIXTURE
11-3012,35,1435,FIXTURE
11-3012,36,13690,FIXTURE
11-3012,37,7075,FIXTURE
11-3012,38,528,FIXTURE
11-3012,39,7996,FIXTURE
11-3012,40,2683,FIXTURE
11-3012,41,2872,FIXTURE
11-3012,42,8812,FIXTURE
11-3012,44,744,FIXTURE
11-3012,45,3469,FIXTURE
11-3012,46,601,FIXTURE
11-3012,47,4683,FIXTURE
11-3012,48,19752,FIXTURE
11-3012,49,2217,FIXTURE
11-3012,50,436,FIXTURE
11-3012,51,5849,FIXTURE
11-3012,53,5222,FIXTURE
11-3012,54,1216,FIXTURE
11-3012,55,3994,FIXTURE
11-3012,56,391,FIXTURE
11-3013,01,1535,FIXTURE
11-3013,02,224,FIXTURE
11-3013,04,2184,FIXTURE
11-3013,05,920,FIXTURE
11-3013,06,12076,FIXTURE
11-3013,08,1763,FIXTURE
11-3013,09,1101,FIXTURE
11-3013,10,302,FIXTURE
11-3013,11,211,FIXTURE
11-3013,12,6578,FIXTURE
11-3013,13,3272,FIXTURE
11-3013,15,445,FIXTURE
11-3013,16,562,FIXTURE
11-3013,17,3913,FIXTURE
11-3013,18,2072,FIXTURE
11-3013,19,974,FIXTURE
11-3013,20,897,FIXTURE
11-3013,21,1376,FIXTURE
11-3013,22,1423,FIXTURE
11-3013,23,416,FIXTURE
11-3013,24,1887,FIXTURE
11-3013,25,2147,FIXTURE
11-3013,26,3078,FIXTURE
11-3013,27,1743,FIXTURE
11-3013,28,904,FIXTURE
11-3013,29,1880,FIXTURE
11-3013,30,331,FIXTURE
11-3013,31,599,FIXTURE
11-3013,32,948,FIXTURE
11-3013,33,421,FIXTURE
11-3013,34,2837,FIXTURE
11-3013,35,647,FIXTURE
11-3013,36,6170,FIXTURE
11-3013,37,3188,FIXTURE
11-3013,38,238,FIXTURE
11-3013,39,3604,FIXTURE
11-3013,40,1209,FIXTURE
11-3013,41,1294,FIXTURE
11-3013,42,3971,FIXTURE
11-3013,44,335,FIXTURE
11-3013,45,1563,FIXTURE
11-3013,46,271,FIXTURE
11-3013,47,2111,FIXTURE
11-3013,48,8902,FIXTURE
11-3013,49,999,FIXTURE
11-3013,50,196,FIXTURE
11-3013,51,2636,FIXTURE
11-3013,53,2353,FIXTURE
11-3013,54,548,FIXTURE
11-3013,55,1800,FIXTURE
11-3013,56,176,FIXTURE
11-3021,01,7355,FIXTURE
11-3021,02,1074,FIXTURE
11-3021,04,10469,FIXTURE
11-3021,05,4408,FIXTURE
11-3021,06,57878,FIXTURE
11-3021,08,8452,FIXTURE
11-3021,09,5279,FIXTURE
11-3021,10,1449,FIXTURE
11-3021,11,1009,FIXTURE
11-3021,12,31529,FIXTURE
11-3021,13,15681,FIXTURE
11-3021,15,2130,FIXTURE
11-3021,16,2692,FIXTURE
11-3021,17,18756,FIXTURE
11-3021,18,9933,FIXTURE
11-3021,19,4670,FIXTURE
11-3021,20,4301,FIXTURE
11-3021,21,6596,FIXTURE
11-3021,22,6818,FIXTURE
11-3021,23,1994,FIXTURE
11-3021,24,9042,FIXTURE
11-3021,25,10291,FIXTURE
11-3021,26,14752,FIXTURE
11-3021,27,8353,FIXTURE
11-3021,28,4335,FIXTURE
11-3021,29,9010,FIXTURE
11-3021,30,1587,FIXTURE
11-3021,31,2871,FIXTURE
11-3021,32,4545,FIXTURE
11-3021,33,2016,FIXTURE
11-3021,34,13598,FIXTURE
11-3021,35,3100,FIXTURE
11-3021,36,29571,FIXTURE
11-3021,37,15282,FIXTURE
11-3021,38,1140,FIXTURE
11-3021,39,17273,FIXTURE
11-3021,40,5796,FIXTURE
11-3021,41,6203,FIXTURE
11-3021,42,19034,FIXTURE
11-3021,44,1606,FIXTURE
11-3021,45,7493,FIXTURE
11-3021,46,1298,FIXTURE
11-3021,47,10116,FIXTURE
11-3021,48,42664,FIXTURE
11-3021,49,4789,FIXTURE
11-3021,50,941,FIXTURE
11-3021,51,12635,FIXTURE
11-3021,53,11279,FIXTURE
11-3021,54,2626,FIXTURE
11-3021,55,8627,FIXTURE
11-3021,56,844,FIXTURE
11-3031,01,10324,FIXTURE
11-3031,02,1507,FIXTURE
11-3031,04,14695,FIXTURE
11-3031,05,6188,FIXTURE
11-3031,06,81244,FIXTURE
11-3031,08,11864,FIXTURE
11-3031,09,7410,FIXTURE
11-3031,10,2034,FIXTURE
11-3031,11,1417,FIXTURE
11-3031,12,44257,FIXTURE
11-3031,13,22011,FIXTURE
11-3031,15,2990,FIXTURE
11-3031,16,3779,FIXTURE
11-3031,17,26327,FIXTURE
11-3031,18,13943,FIXTURE
11-3031,19,6556,FIXTURE
11-3031,20,6037,FIXTURE
11-3031,21,9259,FIXTURE
11-3031,22,9571,FIXTURE
11-3031,23,2799,FIXTURE
11-3031,24,12693,FIXTURE
11-3031,25,14445,FIXTURE
11-3031,26,20707,FIXTURE
11-3031,27,11726,FIXTURE
11-3031,28,6085,FIXTURE
11-3031,29,12647,FIXTURE
11-3031,30,2228,FIXTURE
11-3031,31,4031,FIXTURE
11-3031,32,6379,FIXTURE
11-3031,33,2831,FIXTURE
11-3031,34,19087,FIXTURE
11-3031,35,4351,FIXTURE
11-3031,36,41510,FIXTURE
11-3031,37,21451,FIXTURE
11-3031,38,1601,FIXTURE
11-3031,39,24246,FIXTURE
11-3031,40,8136,FIXTURE
11-3031,41,8707,FIXTURE
11-3031,42,26718,FIXTURE
11-3031,44,2255,FIXTURE
11-3031,45,10517,FIXTURE
11-3031,46,1822,FIXTURE
11-3031,47,14201,FIXTURE
11-3031,48,59889,FIXTURE
11-3031,49,6723,FIXTURE
11-3031,50,1321,FIXTURE
11-3031,51,17736,FIXTURE
11-3031,53,15833,FIXTURE
11-3031,54,3686,FIXTURE
11-3031,55,12111,FIXTURE
11-3031,56,1185,FIXTURE
11-3051,01,2915,FIXTURE
11-3051,02,425,FIXTURE
11-3051,04,4148,FIXTURE
11-3051,05,1747,FIXTURE
11-3051,06,22936,FIXTURE
11-3051,08,3349,FIXTURE
11-3051,09,2092,FIXTURE
11-3051,10,574,FIXTURE
11-3051,11,400,FIXTURE
11-3051,12,12494,FIXTURE
11-3051,13,6214,FIXTURE
11-3051,15,844,FIXTURE
11-3051,16,1067,FIXTURE
11-3051,17,7432,FIXTURE
11-3051,18,3936,FIXTURE
11-3051,19,1851,FIXTURE
11-3051,20,1704,FIXTURE
11-3051,21,2614,FIXTURE
11-3051,22,2702,FIXTURE
11-3051,23,790,FIXTURE
11-3051,24,3583,FIXTURE
11-3051,25,4078,FIXTURE
11-3051,26,5846,FIXTURE
11-3051,27,3310,FIXTURE
11-3051,28,1718,FIXTURE
11-3051,29,3570,FIXTURE
11-3051,30,629,FIXTURE
11-3051,31,1138,FIXTURE
11-3051,32,1801,FIXTURE
11-3051,33,799,FIXTURE
11-3051,34,5388,FIXTURE
11-3051,35,1228,FIXTURE
11-3051,36,11719,FIXTURE
11-3051,37,6056,FIXTURE
11-3051,38,452,FIXTURE
11-3051,39,6845,FIXTURE
11-3051,40,2297,FIXTURE
11-3051,41,2458,FIXTURE
11-3051,42,7543,FIXTURE
11-3051,44,637,FIXTURE
11-3051,45,2969,FIXTURE
11-3051,46,514,FIXTURE
11-3051,47,4009,FIXTURE
11-3051,48,16907,FIXTURE
11-3051,49,1898,FIXTURE
11-3051,50,373,FIXTURE
11-3051,51,5007,FIXTURE
11-3051,53,4470,FIXTURE
11-3051,54,1040,FIXTURE
11-3051,55,3419,FIXTURE
11-3051,56,335,FIXTURE
11-3061,01,1051,FIXTURE
11-3061,02,153,FIXTURE
11-3061,04,1496,FIXTURE
11-3061,05,630,FIXTURE
11-3061,06,8268,FIXTURE
11-3061,08,1207,FIXTURE
11-3061,09,754,FIXTURE
11-3061,10,207,FIXTURE
11-3061,11,144,FIXTURE
11-3061,12,4504,FIXTURE
11-3061,13,2240,FIXTURE
11-3061,15,304,FIXTURE
11-3061,16,385,FIXTURE
11-3061,17,2679,FIXTURE
11-3061,18,1419,FIXTURE
11-3061,19,667,FIXTURE
11-3061,20,614,FIXTURE
11-3061,21,942,FIXTURE
11-3061,22,974,FIXTURE
11-3061,23,285,FIXTURE
11-3061,24,1292,FIXTURE
11-3061,25,1470,FIXTURE
11-3061,26,2107,FIXTURE
11-3061,27,1193,FIXTURE
11-3061,28,619,FIXTURE
11-3061,29,1287,FIXTURE
11-3061,30,227,FIXTURE
11-3061,31,410,FIXTURE
11-3061,32,649,FIXTURE
11-3061,33,288,FIXTURE
11-3061,34,1943,FIXTURE
11-3061,35,443,FIXTURE
11-3061,36,4224,FIXTURE
11-3061,37,2183,FIXTURE
11-3061,38,163,FIXTURE
11-3061,39,2467,FIXTURE
11-3061,40,828,FIXTURE
11-3061,41,886,FIXTURE
11-3061,42,2719,FIXTURE
11-3061,44,230,FIXTURE
11-3061,45,1070,FIXTURE
11-3061,46,185,FIXTURE
11-3061,47,1445,FIXTURE
11-3061,48,6095,FIXTURE
11-3061,49,684,FIXTURE
11-3061,50,135,FIXTURE
11-3061,51,1805,FIXTURE
11-3061,53,1611,FIXTURE
11-3061,54,375,FIXTURE
11-3061,55,1233,FIXTURE
11-3061,56,121,FIXTURE
11-3071,01,2192,FIXTURE
11-3071,02,320,FIXTURE
11-3071,04,3121,FIXTURE
11-3071,05,1314,FIXTURE
11-3071,06,17254,FIXTURE
11-3071,08,2519,FIXTURE
11-3071,09,1574,FIXTURE
11-3071,10,432,FIXTURE
11-3071,11,301,FIXTURE
11-3071,12,9399,FIXTURE
11-3071,13,4674,FIXTURE
11-3071,15,635,FIXTURE
11-3071,16,802,FIXTURE
11-3071,17,5591,FIXTURE
11-3071,18,2961,FIXTURE
11-3071,19,1392,FIXTURE
11-3071,20,1282,FIXTURE
11-3071,21,1966,FIXTURE
11-3071,22,2033,FIXTURE
11-3071,23,594,FIXTURE
11-3071,24,2696,FIXTURE
11-3071,25,3068,FIXTURE
11-3071,26,4398,FIXTURE
11-3071,27,2490,FIXTURE
11-3071,28,1292,FIXTURE
11-3071,29,2686,FIXTURE
11-3071,30,473,FIXTURE
11-3071,31,856,FIXTURE
11-3071,32,1355,FIXTURE
11-3071,33,601,FIXTURE
11-3071,34,4054,FIXTURE
11-3071,35,924,FIXTURE
11-3071,36,8815,FIXTURE
11-3071,37,4556,FIXTURE
11-3071,38,340,FIXTURE
11-3071,39,5149,FIXTURE
11-3071,40,1728,FIXTURE
11-3071,41,1849,FIXTURE
11-3071,42,5674,FIXTURE
11-3071,44,479,FIXTURE
11-3071,45,2234,FIXTURE
11-3071,46,387,FIXTURE
11-3071,47,3016,FIXTURE
11-3071,48,12719,FIXTURE
11-3071,49,1428,FIXTURE
11-3071,50,281,FIXTURE
11-3071,51,3767,FIXTURE
11-3071,53,3362,FIXTURE
11-3071,54,783,FIXTURE
11-3071,55,2572,FIXTURE
11-3071,56,252,FIXTURE
11-3111,01,232,FIXTURE
11-3111,02,34,FIXTURE
11-3111,04,331,FIXTURE
11-3111,05,139,FIXTURE
11-3111,06,1829,FIXTURE
11-3111,08,267,FIXTURE
11-3111,09,167,FIXTURE
11-3111,10,46,FIXTURE
11-3111,11,32,FIXTURE
11-3111,12,996,FIXTURE
11-3111,13,495,FIXTURE
11-3111,15,67,FIXTURE
11-3111,16,85,FIXTURE
11-3111,17,593,FIXTURE
11-3111,18,314,FIXTURE
11-3111,19,147,FIXTURE
11-3111,20,136,FIXTURE
11-3111,21,208,FIXTURE
11-3111,22,215,FIXTURE
11-3111,23,63,FIXTURE
11-3111,24,286,FIXTURE
11-3111,25,325,FIXTURE
11-3111,26,466,FIXTURE
11-3111,27,264,FIXTURE
11-3111,28,137,FIXTURE
11-3111,29,285,FIXTURE
11-3111,30,50,FIXTURE
11-3111,31,91,FIXTURE
11-3111,32,143,FIXTURE
11-3111,33,64,FIXTURE
11-3111,34,430,FIXTURE
11-3111,35,98,FIXTURE
11-3111,36,934,FIXTURE
11-3111,37,483,FIXTURE
11-3111,38,36,FIXTURE
11-3111,39,546,FIXTURE
11-3111,40,183,FIXTURE
11-3111,41,196,FIXTURE
11-3111,42,601,FIXTURE
11-3111,44,51,FIXTURE
11-3111,45,237,FIXTURE
11-3111,46,41,FIXTURE
11-3111,47,320,FIXTURE
11-3111,48,1348,FIXTURE
11-3111,49,151,FIXTURE
11-3111,50,30,FIXTURE
11-3111,51,399,FIXTURE
11-3111,53,356,FIXTURE
11-3111,54,83,FIXTURE
11-3111,55,273,FIXTURE
11-3111,56,27,FIXTURE
11-3121,01,2524,FIXTURE
11-3121,02,369,FIXTURE
11-3121,04,3593,FIXTURE
11-3121,05,1513,FIXTURE
11-3121,06,19865,FIXTURE
11-3121,08,2901,FIXTURE
11-3121,09,1812,FIXTURE
11-3121,10,497,FIXTURE
11-3121,11,347,FIXTURE
11-3121,12,10821,FIXTURE
11-3121,13,5382,FIXTURE
11-3121,15,731,FIXTURE
11-3121,16,924,FIXTURE
11-3121,17,6437,FIXTURE
11-3121,18,3409,FIXTURE
11-3121,19,1603,FIXTURE
11-3121,20,1476,FIXTURE
11-3121,21,2264,FIXTURE
11-3121,22,2340,FIXTURE
11-3121,23,685,FIXTURE
11-3121,24,3104,FIXTURE
11-3121,25,3532,FIXTURE
11-3121,26,5063,FIXTURE
11-3121,27,2867,FIXTURE
11-3121,28,1488,FIXTURE
11-3121,29,3092,FIXTURE
11-3121,30,545,FIXTURE
11-3121,31,986,FIXTURE
11-3121,32,1560,FIXTURE
11-3121,33,692,FIXTURE
11-3121,34,4667,FIXTURE
11-3121,35,1064,FIXTURE
11-3121,36,10150,FIXTURE
11-3121,37,5245,FIXTURE
11-3121,38,391,FIXTURE
11-3121,39,5928,FIXTURE
11-3121,40,1989,FIXTURE
11-3121,41,2129,FIXTURE
11-3121,42,6533,FIXTURE
11-3121,44,551,FIXTURE
11-3121,45,2572,FIXTURE
11-3121,46,446,FIXTURE
11-3121,47,3472,FIXTURE
11-3121,48,14644,FIXTURE
11-3121,49,1644,FIXTURE
11-3121,50,323,FIXTURE
11-3121,51,4337,FIXTURE
11-3121,53,3871,FIXTURE
11-3121,54,901,FIXTURE
11-3121,55,2961,FIXTURE
11-3121,56,290,FIXTURE
11-3131,01,543,FIXTURE
11-3131,02,79,FIXTURE
11-3131,04,773,FIXTURE
11-3131,05,326,FIXTURE
11-3131,06,4274,FIXTURE
11-3131,08,624,FIXTURE
11-3131,09,390,FIXTURE
11-3131,10,107,FIXTURE
11-3131,11,75,FIXTURE
11-3131,12,2328,FIXTURE
11-3131,13,1158,FIXTURE
11-3131,15,157,FIXTURE
11-3131,16,199,FIXTURE
11-3131,17,1385,FIXTURE
11-3131,18,734,FIXTURE
11-3131,19,345,FIXTURE
11-3131,20,318,FIXTURE
11-3131,21,487,FIXTURE
11-3131,22,503,FIXTURE
11-3131,23,147,FIXTURE
11-3131,24,668,FIXTURE
11-3131,25,760,FIXTURE
11-3131,26,1089,FIXTURE
11-3131,27,617,FIXTURE
11-3131,28,320,FIXTURE
11-3131,29,665,FIXTURE
11-3131,30,117,FIXTURE
11-3131,31,212,FIXTURE
11-3131,32,336,FIXTURE
11-3131,33,149,FIXTURE
11-3131,34,1004,FIXTURE
11-3131,35,229,FIXTURE
11-3131,36,2184,FIXTURE
11-3131,37,1128,FIXTURE
11-3131,38,84,FIXTURE
11-3131,39,1276,FIXTURE
11-3131,40,428,FIXTURE
11-3131,41,458,FIXTURE
11-3131,42,1406,FIXTURE
11-3131,44,119,FIXTURE
11-3131,45,553,FIXTURE
11-3131,46,96,FIXTURE
11-3131,47,747,FIXTURE
11-3131,48,3151,FIXTURE
11-3131,49,354,FIXTURE
11-3131,50,69,FIXTURE
11-3131,51,933,FIXTURE
11-3131,53,833,FIXTURE
11-3131,54,194,FIXTURE
11-3131,55,637,FIXTURE
11-3131,56,62,FIXTURE
11-9013,01,79,FIXTURE
11-9013,02,12,FIXTURE
11-9013,04,113,FIXTURE
11-9013,05,47,FIXTURE
11-9013,06,623,FIXTURE
11-9013,08,91,FIXTURE
11-9013,09,57,FIXTURE
11-9013,10,16,FIXTURE
11-9013,11,11,FIXTURE
11-9013,12,339,FIXTURE
11-9013,13,169,FIXTURE
11-9013,15,23,FIXTURE
11-9013,16,29,FIXTURE
11-9013,17,202,FIXTURE
11-9013,18,107,FIXTURE
11-9013,19,50,FIXTURE
11-9013,20,46,FIXTURE
11-9013,21,71,FIXTURE
11-9013,22,73,FIXTURE
11-9013,23,21,FIXTURE
11-9013,24,97,FIXTURE
11-9013,25,111,FIXTURE
11-9013,26,159,FIXTURE
11-9013,27,90,FIXTURE
11-9013,28,47,FIXTURE
11-9013,29,97,FIXTURE
11-9013,30,17,FIXTURE
11-9013,31,31,FIXTURE
11-9013,32,49,FIXTURE
11-9013,33,22,FIXTURE
11-9013,34,146,FIXTURE
11-9013,35,33,FIXTURE
11-9013,36,318,FIXTURE
11-9013,37,164,FIXTURE
11-9013,38,12,FIXTURE
11-9013,39,186,FIXTURE
11-9013,40,62,FIXTURE
11-9013,41,67,FIXTURE
11-9013,42,205,FIXTURE
11-9013,44,17,FIXTURE
11-9013,45,81,FIXTURE
11-9013,46,14,FIXTURE
11-9013,47,109,FIXTURE
11-9013,48,459,FIXTURE
11-9013,49,51,FIXTURE
11-9013,50,10,FIXTURE
11-9013,51,136,FIXTURE
11-9013,53,121,FIXTURE
11-9013,54,28,FIXTURE
11-9013,55,93,FIXTURE
11-9013,56,9,FIXTURE
11-9021,01,4316,FIXTURE
11-9021,02,630,FIXTURE
11-9021,04,6144,FIXTURE
11-9021,05,2587,FIXTURE
11-9021,06,33968,FIXTURE
11-9021,08,4960,FIXTURE
11-9021,09,3098,FIXTURE
11-9021,10,850,FIXTURE
11-9021,11,592,FIXTURE
11-9021,12,18504,FIXTURE
11-9021,13,9203,FIXTURE
11-9021,15,1250,FIXTURE
11-9021,16,1580,FIXTURE
11-9021,17,11007,FIXTURE
11-9021,18,5830,FIXTURE
11-9021,19,2741,FIXTURE
11-9021,20,2524,FIXTURE
11-9021,21,3871,FIXTURE
11-9021,22,4002,FIXTURE
11-9021,23,1170,FIXTURE
11-9021,24,5307,FIXTURE
11-9021,25,6039,FIXTURE
11-9021,26,8658,FIXTURE
11-9021,27,4903,FIXTURE
11-9021,28,2544,FIXTURE
11-9021,29,5288,FIXTURE
11-9021,30,931,FIXTURE
11-9021,31,1685,FIXTURE
11-9021,32,2667,FIXTURE
11-9021,33,1183,FIXTURE
11-9021,34,7980,FIXTURE
11-9021,35,1819,FIXTURE
11-9021,36,17355,FIXTURE
11-9021,37,8969,FIXTURE
11-9021,38,669,FIXTURE
11-9021,39,10137,FIXTURE
11-9021,40,3402,FIXTURE
11-9021,41,3640,FIXTURE
11-9021,42,11171,FIXTURE
11-9021,44,943,FIXTURE
11-9021,45,4397,FIXTURE
11-9021,46,762,FIXTURE
11-9021,47,5937,FIXTURE
11-9021,48,25039,FIXTURE
11-9021,49,2811,FIXTURE
11-9021,50,552,FIXTURE
11-9021,51,7415,FIXTURE
11-9021,53,6620,FIXTURE
11-9021,54,1541,FIXTURE
11-9021,55,5063,FIXTURE
11-9021,56,496,FIXTURE
11-9031,01,855,FIXTURE
11-9031,02,125,FIXTURE
11-9031,04,1218,FIXTURE
11-9031,05,513,FIXTURE
11-9031,06,6731,FIXTURE
11-9031,08,983,FIXTURE
11-9031,09,614,FIXTURE
11-9031,10,169,FIXTURE
11-9031,11,117,FIXTURE
11-9031,12,3667,FIXTURE
11-9031,13,1824,FIXTURE
11-9031,15,248,FIXTURE
11-9031,16,313,FIXTURE
11-9031,17,2181,FIXTURE
11-9031,18,1155,FIXTURE
11-9031,19,543,FIXTURE
11-9031,20,500,FIXTURE
11-9031,21,767,FIXTURE
11-9031,22,793,FIXTURE
11-9031,23,232,FIXTURE
11-9031,24,1052,FIXTURE
11-9031,25,1197,FIXTURE
11-9031,26,1716,FIXTURE
11-9031,27,972,FIXTURE
11-9031,28,504,FIXTURE
11-9031,29,1048,FIXTURE
11-9031,30,185,FIXTURE
11-9031,31,334,FIXTURE
11-9031,32,529,FIXTURE
11-9031,33,235,FIXTURE
11-9031,34,1581,FIXTURE
11-9031,35,360,FIXTURE
11-9031,36,3439,FIXTURE
11-9031,37,1777,FIXTURE
11-9031,38,133,FIXTURE
11-9031,39,2009,FIXTURE
11-9031,40,674,FIXTURE
11-9031,41,721,FIXTURE
11-9031,42,2214,FIXTURE
11-9031,44,187,FIXTURE
11-9031,45,871,FIXTURE
11-9031,46,151,FIXTURE
11-9031,47,1177,FIXTURE
11-9031,48,4962,FIXTURE
11-9031,49,557,FIXTURE
11-9031,50,109,FIXTURE
11-9031,51,1470,FIXTURE
11-9031,53,1312,FIXTURE
11-9031,54,305,FIXTURE
11-9031,55,1003,FIXTURE
11-9031,56,98,FIXTURE
11-9032,01,4164,FIXTURE
11-9032,02,608,FIXTURE
11-9032,04,5927,FIXTURE
11-9032,05,2496,FIXTURE
11-9032,06,32770,FIXTURE
11-9032,08,4785,FIXTURE
11-9032,09,2989,FIXTURE
11-9032,10,820,FIXTURE
11-9032,11,572,FIXTURE
11-9032,12,17851,FIXTURE
11-9032,13,8878,FIXTURE
11-9032,15,1206,FIXTURE
11-9032,16,1524,FIXTURE
11-9032,17,10619,FIXTURE
11-9032,18,5624,FIXTURE
11-9032,19,2644,FIXTURE
11-9032,20,2435,FIXTURE
11-9032,21,3734,FIXTURE
11-9032,22,3860,FIXTURE
11-9032,23,1129,FIXTURE
11-9032,24,5120,FIXTURE
11-9032,25,5826,FIXTURE
11-9032,26,8352,FIXTURE
11-9032,27,4730,FIXTURE
11-9032,28,2454,FIXTURE
11-9032,29,5101,FIXTURE
11-9032,30,899,FIXTURE
11-9032,31,1626,FIXTURE
11-9032,32,2573,FIXTURE
11-9032,33,1142,FIXTURE
11-9032,34,7699,FIXTURE
11-9032,35,1755,FIXTURE
11-9032,36,16743,FIXTURE
11-9032,37,8652,FIXTURE
11-9032,38,646,FIXTURE
11-9032,39,9780,FIXTURE
11-9032,40,3282,FIXTURE
11-9032,41,3512,FIXTURE
11-9032,42,10777,FIXTURE
11-9032,44,910,FIXTURE
11-9032,45,4242,FIXTURE
11-9032,46,735,FIXTURE
11-9032,47,5728,FIXTURE
11-9032,48,24156,FIXTURE
11-9032,49,2712,FIXTURE
11-9032,50,533,FIXTURE
11-9032,51,7154,FIXTURE
11-9032,53,6386,FIXTURE
11-9032,54,1487,FIXTURE
11-9032,55,4885,FIXTURE
11-9032,56,478,FIXTURE
11-9033,01,2365,FIXTURE
11-9033,02,345,FIXTURE
11-9033,04,3366,FIXTURE
11-9033,05,1417,FIXTURE
11-9033,06,18608,FIXTURE
11-9033,08,2717,FIXTURE
11-9033,09,1697,FIXTURE
11-9033,10,466,FIXTURE
11-9033,11,325,FIXTURE
11-9033,12,10137,FIXTURE
11-9033,13,5041,FIXTURE
11-9033,15,685,FIXTURE
11-9033,16,866,FIXTURE
11-9033,17,6030,FIXTURE
11-9033,18,3193,FIXTURE
11-9033,19,1501,FIXTURE
11-9033,20,1383,FIXTURE
11-9033,21,2121,FIXTURE
11-9033,22,2192,FIXTURE
11-9033,23,641,FIXTURE
11-9033,24,2907,FIXTURE
11-9033,25,3309,FIXTURE
11-9033,26,4743,FIXTURE
11-9033,27,2686,FIXTURE
11-9033,28,1394,FIXTURE
11-9033,29,2897,FIXTURE
11-9033,30,510,FIXTURE
11-9033,31,923,FIXTURE
11-9033,32,1461,FIXTURE
11-9033,33,648,FIXTURE
11-9033,34,4372,FIXTURE
11-9033,35,997,FIXTURE
11-9033,36,9507,FIXTURE
11-9033,37,4913,FIXTURE
11-9033,38,367,FIXTURE
11-9033,39,5553,FIXTURE
11-9033,40,1863,FIXTURE
11-9033,41,1994,FIXTURE
11-9033,42,6119,FIXTURE
11-9033,44,516,FIXTURE
11-9033,45,2409,FIXTURE
11-9033,46,417,FIXTURE
11-9033,47,3252,FIXTURE
11-9033,48,13717,FIXTURE
11-9033,49,1540,FIXTURE
11-9033,50,303,FIXTURE
11-9033,51,4062,FIXTURE
11-9033,53,3626,FIXTURE
11-9033,54,844,FIXTURE
11-9033,55,2774,FIXTURE
11-9033,56,271,FIXTURE
11-9039,01,758,FIXTURE
11-9039,02,111,FIXTURE
11-9039,04,1078,FIXTURE
11-9039,05,454,FIXTURE
11-9039,06,5961,FIXTURE
11-9039,08,870,FIXTURE
11-9039,09,544,FIXTURE
11-9039,10,149,FIXTURE
11-9039,11,104,FIXTURE
11-9039,12,3247,FIXTURE
11-9039,13,1615,FIXTURE
11-9039,15,219,FIXTURE
11-9039,16,277,FIXTURE
11-9039,17,1932,FIXTURE
11-9039,18,1023,FIXTURE
11-9039,19,481,FIXTURE
11-9039,20,443,FIXTURE
11-9039,21,679,FIXTURE
11-9039,22,702,FIXTURE
11-9039,23,205,FIXTURE
11-9039,24,931,FIXTURE
11-9039,25,1060,FIXTURE
11-9039,26,1519,FIXTURE
11-9039,27,860,FIXTURE
11-9039,28,446,FIXTURE
11-9039,29,928,FIXTURE
11-9039,30,164,FIXTURE
11-9039,31,296,FIXTURE
11-9039,32,468,FIXTURE
11-9039,33,208,FIXTURE
11-9039,34,1400,FIXTURE
11-9039,35,319,FIXTURE
11-9039,36,3046,FIXTURE
11-9039,37,1574,FIXTURE
11-9039,38,118,FIXTURE
11-9039,39,1779,FIXTURE
11-9039,40,597,FIXTURE
11-9039,41,639,FIXTURE
11-9039,42,1960,FIXTURE
11-9039,44,165,FIXTURE
11-9039,45,772,FIXTURE
11-9039,46,134,FIXTURE
11-9039,47,1042,FIXTURE
11-9039,48,4394,FIXTURE
11-9039,49,493,FIXTURE
11-9039,50,97,FIXTURE
11-9039,51,1301,FIXTURE
11-9039,53,1162,FIXTURE
11-9039,54,270,FIXTURE
11-9039,55,889,FIXTURE
11-9039,56,87,FIXTURE
11-9041,01,2836,FIXTURE
11-9041,02,414,FIXTURE
11-9041,04,4037,FIXTURE
11-9041,05,1700,FIXTURE
11-9041,06,22319,FIXTURE
11-9041,08,3259,FIXTURE
11-9041,09,2036,FIXTURE
11-9041,10,559,FIXTURE
11-9041,11,389,FIXTURE
11-9041,12,12158,FIXTURE
11-9041,13,6047,FIXTURE
11-9041,15,821,FIXTURE
11-9041,16,1038,FIXTURE
11-9041,17,7233,FIXTURE
11-9041,18,3830,FIXTURE
11-9041,19,1801,FIXTURE
11-9041,20,1658,FIXTURE
11-9041,21,2543,FIXTURE
11-9041,22,2629,FIXTURE
11-9041,23,769,FIXTURE
11-9041,24,3487,FIXTURE
11-9041,25,3968,FIXTURE
11-9041,26,5689,FIXTURE
11-9041,27,3221,FIXTURE
11-9041,28,1672,FIXTURE
11-9041,29,3474,FIXTURE
11-9041,30,612,FIXTURE
11-9041,31,1107,FIXTURE
11-9041,32,1753,FIXTURE
11-9041,33,778,FIXTURE
11-9041,34,5244,FIXTURE
11-9041,35,1195,FIXTURE
11-9041,36,11403,FIXTURE
11-9041,37,5893,FIXTURE
11-9041,38,440,FIXTURE
11-9041,39,6661,FIXTURE
11-9041,40,2235,FIXTURE
11-9041,41,2392,FIXTURE
11-9041,42,7340,FIXTURE
11-9041,44,619,FIXTURE
11-9041,45,2889,FIXTURE
11-9041,46,501,FIXTURE
11-9041,47,3901,FIXTURE
11-9041,48,16452,FIXTURE
11-9041,49,1847,FIXTURE
11-9041,50,363,FIXTURE
11-9041,51,4872,FIXTURE
11-9041,53,4350,FIXTURE
11-9041,54,1013,FIXTURE
11-9041,55,3327,FIXTURE
11-9041,56,326,FIXTURE
11-9051,01,3194,FIXTURE
11-9051,02,466,FIXTURE
11-9051,04,4546,FIXTURE
11-9051,05,1914,FIXTURE
11-9051,06,25132,FIXTURE
11-9051,08,3670,FIXTURE
11-9051,09,2292,FIXTURE
11-9051,10,629,FIXTURE
11-9051,11,438,FIXTURE
11-9051,12,13690,FIXTURE
11-9051,13,6809,FIXTURE
11-9051,15,925,FIXTURE
11-9051,16,1169,FIXTURE
11-9051,17,8144,FIXTURE
11-9051,18,4313,FIXTURE
11-9051,19,2028,FIXTURE
11-9051,20,1867,FIXTURE
11-9051,21,2864,FIXTURE
11-9051,22,2961,FIXTURE
11-9051,23,866,FIXTURE
11-9051,24,3926,FIXTURE
11-9051,25,4468,FIXTURE
11-9051,26,6406,FIXTURE
11-9051,27,3627,FIXTURE
11-9051,28,1882,FIXTURE
11-9051,29,3912,FIXTURE
11-9051,30,689,FIXTURE
11-9051,31,1247,FIXTURE
11-9051,32,1973,FIXTURE
11-9051,33,876,FIXTURE
11-9051,34,5904,FIXTURE
11-9051,35,1346,FIXTURE
11-9051,36,12841,FIXTURE
11-9051,37,6636,FIXTURE
11-9051,38,495,FIXTURE
11-9051,39,7500,FIXTURE
11-9051,40,2517,FIXTURE
11-9051,41,2693,FIXTURE
11-9051,42,8265,FIXTURE
11-9051,44,698,FIXTURE
11-9051,45,3253,FIXTURE
11-9051,46,564,FIXTURE
11-9051,47,4393,FIXTURE
11-9051,48,18526,FIXTURE
11-9051,49,2080,FIXTURE
11-9051,50,409,FIXTURE
11-9051,51,5486,FIXTURE
11-9051,53,4898,FIXTURE
11-9051,54,1140,FIXTURE
11-9051,55,3746,FIXTURE
11-9051,56,367,FIXTURE
11-9071,01,55,FIXTURE
11-9071,02,8,FIXTURE
11-9071,04,79,FIXTURE
11-9071,05,33,FIXTURE
11-9071,06,437,FIXTURE
11-9071,08,64,FIXTURE
11-9071,09,40,FIXTURE
11-9071,10,11,FIXTURE
11-9071,11,8,FIXTURE
11-9071,12,238,FIXTURE
11-9071,13,118,FIXTURE
11-9071,15,16,FIXTURE
11-9071,16,20,FIXTURE
11-9071,17,142,FIXTURE
11-9071,18,75,FIXTURE
11-9071,19,35,FIXTURE
11-9071,20,32,FIXTURE
11-9071,21,50,FIXTURE
11-9071,22,51,FIXTURE
11-9071,23,15,FIXTURE
11-9071,24,68,FIXTURE
11-9071,25,78,FIXTURE
11-9071,26,111,FIXTURE
11-9071,27,63,FIXTURE
11-9071,28,33,FIXTURE
11-9071,29,68,FIXTURE
11-9071,30,12,FIXTURE
11-9071,31,22,FIXTURE
11-9071,32,34,FIXTURE
11-9071,33,15,FIXTURE
11-9071,34,103,FIXTURE
11-9071,35,23,FIXTURE
11-9071,36,223,FIXTURE
11-9071,37,115,FIXTURE
11-9071,38,9,FIXTURE
11-9071,39,130,FIXTURE
11-9071,40,44,FIXTURE
11-9071,41,47,FIXTURE
11-9071,42,144,FIXTURE
11-9071,44,12,FIXTURE
11-9071,45,57,FIXTURE
11-9071,46,10,FIXTURE
11-9071,47,76,FIXTURE
11-9071,48,322,FIXTURE
11-9071,49,36,FIXTURE
11-9071,50,7,FIXTURE
11-9071,51,95,FIXTURE
11-9071,53,85,FIXTURE
11-9071,54,20,FIXTURE
11-9071,55,65,FIXTURE
11-9071,56,6,FIXTURE
11-9072,01,270,FIXTURE
11-9072,02,39,FIXTURE
11-9072,04,384,FIXTURE
11-9072,05,162,FIXTURE
11-9072,06,2123,FIXTURE
11-9072,08,310,FIXTURE
11-9072,09,194,FIXTURE
11-9072,10,53,FIXTURE
11-9072,11,37,FIXTURE
11-9072,12,1157,FIXTURE
11-9072,13,575,FIXTURE
11-9072,15,78,FIXTURE
11-9072,16,99,FIXTURE
11-9072,17,688,FIXTURE
11-9072,18,364,FIXTURE
11-9072,19,171,FIXTURE
11-9072,20,158,FIXTURE
11-9072,21,242,FIXTURE
11-9072,22,250,FIXTURE
11-9072,23,73,FIXTURE
11-9072,24,332,FIXTURE
11-9072,25,377,FIXTURE
11-9072,26,541,FIXTURE
11-9072,27,306,FIXTURE
11-9072,28,159,FIXTURE
11-9072,29,331,FIXTURE
11-9072,30,58,FIXTURE
11-9072,31,105,FIXTURE
11-9072,32,167,FIXTURE
11-9072,33,74,FIXTURE
11-9072,34,499,FIXTURE
11-9072,35,114,FIXTURE
11-9072,36,1085,FIXTURE
11-9072,37,561,FIXTURE
11-9072,38,42,FIXTURE
11-9072,39,634,FIXTURE
11-9072,40,213,FIXTURE
11-9072,41,228,FIXTURE
11-9072,42,698,FIXTURE
11-9072,44,59,FIXTURE
11-9072,45,275,FIXTURE
11-9072,46,48,FIXTURE
11-9072,47,371,FIXTURE
11-9072,48,1565,FIXTURE
11-9072,49,176,FIXTURE
11-9072,50,34,FIXTURE
11-9072,51,464,FIXTURE
11-9072,53,414,FIXTURE
11-9072,54,96,FIXTURE
11-9072,55,316,FIXTURE
11-9072,56,31,FIXTURE
11-9081,01,545,FIXTURE
11-9081,02,79,FIXTURE
11-9081,04,775,FIXTURE
11-9081,05,326,FIXTURE
11-9081,06,4285,FIXTURE
11-9081,08,626,FIXTURE
11-9081,09,391,FIXTURE
11-9081,10,107,FIXTURE
11-9081,11,75,FIXTURE
11-9081,12,2334,FIXTURE
11-9081,13,1161,FIXTURE
11-9081,15,158,FIXTURE
11-9081,16,199,FIXTURE
11-9081,17,1389,FIXTURE
11-9081,18,735,FIXTURE
11-9081,19,346,FIXTURE
11-9081,20,318,FIXTURE
11-9081,21,488,FIXTURE
11-9081,22,505,FIXTURE
11-9081,23,148,FIXTURE
11-9081,24,669,FIXTURE
11-9081,25,762,FIXTURE
11-9081,26,1092,FIXTURE
11-9081,27,618,FIXTURE
11-9081,28,321,FIXTURE
11-9081,29,667,FIXTURE
11-9081,30,118,FIXTURE
11-9081,31,213,FIXTURE
11-9081,32,336,FIXTURE
11-9081,33,149,FIXTURE
11-9081,34,1007,FIXTURE
11-9081,35,229,FIXTURE
11-9081,36,2189,FIXTURE
11-9081,37,1131,FIXTURE
11-9081,38,84,FIXTURE
11-9081,39,1279,FIXTURE
11-9081,40,429,FIXTURE
11-9081,41,459,FIXTURE
11-9081,42,1409,FIXTURE
11-9081,44,119,FIXTURE
11-9081,45,555,FIXTURE
11-9081,46,96,FIXTURE
11-9081,47,749,FIXTURE
11-9081,48,3159,FIXTURE
11-9081,49,355,FIXTURE
11-9081,50,70,FIXTURE
11-9081,51,935,FIXTURE
11-9081,53,835,FIXTURE
11-9081,54,194,FIXTURE
11-9081,55,639,FIXTURE
11-9081,56,63,FIXTURE
11-9111,01,6621,FIXTURE
11-9111,02,966,FIXTURE
11-9111,04,9424,FIXTURE
11-9111,05,3968,FIXTURE
11-9111,06,52102,FIXTURE
11-9111,08,7608,FIXTURE
11-9111,09,4752,FIXTURE
11-9111,10,1305,FIXTURE
11-9111,11,909,FIXTURE
11-9111,12,28382,FIXTURE
11-9111,13,14116,FIXTURE
11-9111,15,1918,FIXTURE
11-9111,16,2423,FIXTURE
11-9111,17,16884,FIXTURE
11-9111,18,8942,FIXTURE
11-9111,19,4204,FIXTURE
11-9111,20,3871,FIXTURE
11-9111,21,5938,FIXTURE
11-9111,22,6138,FIXTURE
11-9111,23,1795,FIXTURE
11-9111,24,8140,FIXTURE
11-9111,25,9264,FIXTURE
11-9111,26,13279,FIXTURE
11-9111,27,7520,FIXTURE
11-9111,28,3902,FIXTURE
11-9111,29,8111,FIXTURE
11-9111,30,1429,FIXTURE
11-9111,31,2585,FIXTURE
11-9111,32,4091,FIXTURE
11-9111,33,1815,FIXTURE
11-9111,34,12241,FIXTURE
11-9111,35,2790,FIXTURE
11-9111,36,26620,FIXTURE
11-9111,37,13757,FIXTURE
11-9111,38,1027,FIXTURE
11-9111,39,15549,FIXTURE
11-9111,40,5217,FIXTURE
11-9111,41,5584,FIXTURE
11-9111,42,17134,FIXTURE
11-9111,44,1446,FIXTURE
11-9111,45,6745,FIXTURE
11-9111,46,1168,FIXTURE
11-9111,47,9107,FIXTURE
11-9111,48,38407,FIXTURE
11-9111,49,4311,FIXTURE
11-9111,50,847,FIXTURE
11-9111,51,11374,FIXTURE
11-9111,53,10154,FIXTURE
11-9111,54,2364,FIXTURE
11-9111,55,7766,FIXTURE
11-9111,56,760,FIXTURE
11-9121,01,1133,FIXTURE
11-9121,02,165,FIXTURE
11-9121,04,1613,FIXTURE
11-9121,05,679,FIXTURE
11-9121,06,8918,FIXTURE
11-9121,08,1302,FIXTURE
11-9121,09,813,FIXTURE
11-9121,10,223,FIXTURE
11-9121,11,156,FIXTURE
11-9121,12,4858,FIXTURE
11-9121,13,2416,FIXTURE
11-9121,15,328,FIXTURE
11-9121,16,415,FIXTURE
11-9121,17,2890,FIXTURE
11-9121,18,1531,FIXTURE
11-9121,19,720,FIXTURE
11-9121,20,663,FIXTURE
11-9121,21,1016,FIXTURE
11-9121,22,1051,FIXTURE
11-9121,23,307,FIXTURE
11-9121,24,1393,FIXTURE
11-9121,25,1586,FIXTURE
11-9121,26,2273,FIXTURE
11-9121,27,1287,FIXTURE
11-9121,28,668,FIXTURE
11-9121,29,1388,FIXTURE
11-9121,30,245,FIXTURE
11-9121,31,442,FIXTURE
11-9121,32,700,FIXTURE
11-9121,33,311,FIXTURE
11-9121,34,2095,FIXTURE
11-9121,35,478,FIXTURE
11-9121,36,4556,FIXTURE
11-9121,37,2355,FIXTURE
11-9121,38,176,FIXTURE
11-9121,39,2661,FIXTURE
11-9121,40,893,FIXTURE
11-9121,41,956,FIXTURE
11-9121,42,2933,FIXTURE
11-9121,44,248,FIXTURE
11-9121,45,1154,FIXTURE
11-9121,46,200,FIXTURE
11-9121,47,1559,FIXTURE
11-9121,48,6574,FIXTURE
11-9121,49,738,FIXTURE
11-9121,50,145,FIXTURE
11-9121,51,1947,FIXTURE
11-9121,53,1738,FIXTURE
11-9121,54,405,FIXTURE
11-9121,55,1329,FIXTURE
11-9121,56,130,FIXTURE
11-9131,01,193,FIXTURE
11-9131,02,28,FIXTURE
11-9131,04,275,FIXTURE
11-9131,05,116,FIXTURE
11-9131,06,1521,FIXTURE
11-9131,08,222,FIXTURE
11-9131,09,139,FIXTURE
11-9131,10,38,FIXTURE
11-9131,11,27,FIXTURE
11-9131,12,829,FIXTURE
11-9131,13,412,FIXTURE
11-9131,15,56,FIXTURE
11-9131,16,71,FIXTURE
11-9131,17,493,FIXTURE
11-9131,18,261,FIXTURE
11-9131,19,123,FIXTURE
11-9131,20,113,FIXTURE
11-9131,21,173,FIXTURE
11-9131,22,179,FIXTURE
11-9131,23,52,FIXTURE
11-9131,24,238,FIXTURE
11-9131,25,270,FIXTURE
11-9131,26,388,FIXTURE
11-9131,27,220,FIXTURE
11-9131,28,114,FIXTURE
11-9131,29,237,FIXTURE
11-9131,30,42,FIXTURE
11-9131,31,75,FIXTURE
11-9131,32,119,FIXTURE
11-9131,33,53,FIXTURE
11-9131,34,357,FIXTURE
11-9131,35,81,FIXTURE
11-9131,36,777,FIXTURE
11-9131,37,402,FIXTURE
11-9131,38,30,FIXTURE
11-9131,39,454,FIXTURE
11-9131,40,152,FIXTURE
11-9131,41,163,FIXTURE
11-9131,42,500,FIXTURE
11-9131,44,42,FIXTURE
11-9131,45,197,FIXTURE
11-9131,46,34,FIXTURE
11-9131,47,266,FIXTURE
11-9131,48,1121,FIXTURE
11-9131,49,126,FIXTURE
11-9131,50,25,FIXTURE
11-9131,51,332,FIXTURE
11-9131,53,296,FIXTURE
11-9131,54,69,FIXTURE
11-9131,55,227,FIXTURE
11-9131,56,22,FIXTURE
11-9141,01,3557,FIXTURE
11-9141,02,519,FIXTURE
11-9141,04,5064,FIXTURE
11-9141,05,2132,FIXTURE
11-9141,06,27995,FIXTURE
11-9141,08,4088,FIXTURE
11-9141,09,2553,FIXTURE
11-9141,10,701,FIXTURE
11-9141,11,488,FIXTURE
11-9141,12,15250,FIXTURE
11-9141,13,7585,FIXTURE
11-9141,15,1030,FIXTURE
11-9141,16,1302,FIXTURE
11-9141,17,9072,FIXTURE
11-9141,18,4804,FIXTURE
11-9141,19,2259,FIXTURE
11-9141,20,2080,FIXTURE
11-9141,21,3190,FIXTURE
11-9141,22,3298,FIXTURE
11-9141,23,965,FIXTURE
11-9141,24,4374,FIXTURE
11-9141,25,4978,FIXTURE
11-9141,26,7135,FIXTURE
11-9141,27,4040,FIXTURE
11-9141,28,2097,FIXTURE
11-9141,29,4358,FIXTURE
11-9141,30,768,FIXTURE
11-9141,31,1389,FIXTURE
11-9141,32,2198,FIXTURE
11-9141,33,975,FIXTURE
11-9141,34,6577,FIXTURE
11-9141,35,1499,FIXTURE
11-9141,36,14303,FIXTURE
11-9141,37,7392,FIXTURE
11-9141,38,552,FIXTURE
11-9141,39,8355,FIXTURE
11-9141,40,2803,FIXTURE
11-9141,41,3000,FIXTURE
11-9141,42,9207,FIXTURE
11-9141,44,777,FIXTURE
11-9141,45,3624,FIXTURE
11-9141,46,628,FIXTURE
11-9141,47,4893,FIXTURE
11-9141,48,20636,FIXTURE
11-9141,49,2317,FIXTURE
11-9141,50,455,FIXTURE
11-9141,51,6111,FIXTURE
11-9141,53,5456,FIXTURE
11-9141,54,1270,FIXTURE
11-9141,55,4173,FIXTURE
11-9141,56,408,FIXTURE
11-9151,01,2371,FIXTURE
11-9151,02,346,FIXTURE
11-9151,04,3375,FIXTURE
11-9151,05,1421,FIXTURE
11-9151,06,18657,FIXTURE
11-9151,08,2724,FIXTURE
11-9151,09,1702,FIXTURE
11-9151,10,467,FIXTURE
11-9151,11,325,FIXTURE
11-9151,12,10163,FIXTURE
11-9151,13,5055,FIXTURE
11-9151,15,687,FIXTURE
11-9151,16,868,FIXTURE
11-9151,17,6046,FIXTURE
11-9151,18,3202,FIXTURE
11-9151,19,1505,FIXTURE
11-9151,20,1386,FIXTURE
11-9151,21,2126,FIXTURE
11-9151,22,2198,FIXTURE
11-9151,23,643,FIXTURE
11-9151,24,2915,FIXTURE
11-9151,25,3317,FIXTURE
11-9151,26,4755,FIXTURE
11-9151,27,2693,FIXTURE
11-9151,28,1397,FIXTURE
11-9151,29,2904,FIXTURE
11-9151,30,512,FIXTURE
11-9151,31,926,FIXTURE
11-9151,32,1465,FIXTURE
11-9151,33,650,FIXTURE
11-9151,34,4383,FIXTURE
11-9151,35,999,FIXTURE
11-9151,36,9532,FIXTURE
11-9151,37,4926,FIXTURE
11-9151,38,368,FIXTURE
11-9151,39,5568,FIXTURE
11-9151,40,1868,FIXTURE
11-9151,41,1999,FIXTURE
11-9151,42,6136,FIXTURE
11-9151,44,518,FIXTURE
11-9151,45,2415,FIXTURE
11-9151,46,418,FIXTURE
11-9151,47,3261,FIXTURE
11-9151,48,13753,FIXTURE
11-9151,49,1544,FIXTURE
11-9151,50,303,FIXTURE
11-9151,51,4073,FIXTURE
11-9151,53,3636,FIXTURE
11-9151,54,846,FIXTURE
11-9151,55,2781,FIXTURE
11-9151,56,272,FIXTURE
11-9161,01,156,FIXTURE
11-9161,02,23,FIXTURE
11-9161,04,223,FIXTURE
11-9161,05,94,FIXTURE
11-9161,06,1231,FIXTURE
11-9161,08,180,FIXTURE
11-9161,09,112,FIXTURE
11-9161,10,31,FIXTURE
11-9161,11,21,FIXTURE
11-9161,12,671,FIXTURE
11-9161,13,334,FIXTURE
11-9161,15,45,FIXTURE
11-9161,16,57,FIXTURE
11-9161,17,399,FIXTURE
11-9161,18,211,FIXTURE
11-9161,19,99,FIXTURE
11-9161,20,91,FIXTURE
11-9161,21,140,FIXTURE
11-9161,22,145,FIXTURE
11-9161,23,42,FIXTURE
11-9161,24,192,FIXTURE
11-9161,25,219,FIXTURE
11-9161,26,314,FIXTURE
11-9161,27,178,FIXTURE
11-9161,28,92,FIXTURE
11-9161,29,192,FIXTURE
11-9161,30,34,FIXTURE
11-9161,31,61,FIXTURE
11-9161,32,97,FIXTURE
11-9161,33,43,FIXTURE
11-9161,34,289,FIXTURE
11-9161,35,66,FIXTURE
11-9161,36,629,FIXTURE
11-9161,37,325,FIXTURE
11-9161,38,24,FIXTURE
11-9161,39,367,FIXTURE
11-9161,40,123,FIXTURE
11-9161,41,132,FIXTURE
11-9161,42,405,FIXTURE
11-9161,44,34,FIXTURE
11-9161,45,159,FIXTURE
11-9161,46,28,FIXTURE
11-9161,47,215,FIXTURE
11-9161,48,908,FIXTURE
11-9161,49,102,FIXTURE
11-9161,50,20,FIXTURE
11-9161,51,269,FIXTURE
11-9161,53,240,FIXTURE
11-9161,54,56,FIXTURE
11-9161,55,184,FIXTURE
11-9161,56,18,FIXTURE
11-9171,01,193,FIXTURE
11-9171,02,28,FIXTURE
11-9171,04,274,FIXTURE
11-9171,05,115,FIXTURE
11-9171,06,1516,FIXTURE
11-9171,08,221,FIXTURE
11-9171,09,138,FIXTURE
11-9171,10,38,FIXTURE
11-9171,11,26,FIXTURE
11-9171,12,826,FIXTURE
11-9171,13,411,FIXTURE
11-9171,15,56,FIXTURE
11-9171,16,71,FIXTURE
11-9171,17,491,FIXTURE
11-9171,18,260,FIXTURE
11-9171,19,122,FIXTURE
11-9171,20,113,FIXTURE
11-9171,21,173,FIXTURE
11-9171,22,179,FIXTURE
11-9171,23,52,FIXTURE
11-9171,24,237,FIXTURE
11-9171,25,270,FIXTURE
11-9171,26,386,FIXTURE
11-9171,27,219,FIXTURE
11-9171,28,114,FIXTURE
11-9171,29,236,FIXTURE
11-9171,30,42,FIXTURE
11-9171,31,75,FIXTURE
11-9171,32,119,FIXTURE
11-9171,33,53,FIXTURE
11-9171,34,356,FIXTURE
11-9171,35,81,FIXTURE
11-9171,36,775,FIXTURE
11-9171,37,400,FIXTURE
11-9171,38,30,FIXTURE
11-9171,39,452,FIXTURE
11-9171,40,152,FIXTURE
11-9171,41,163,FIXTURE
11-9171,42,499,FIXTURE
11-9171,44,42,FIXTURE
11-9171,45,196,FIXTURE
11-9171,46,34,FIXTURE
11-9171,47,265,FIXTURE
11-9171,48,1118,FIXTURE
11-9171,49,125,FIXTURE
11-9171,50,25,FIXTURE
11-9171,51,331,FIXTURE
11-9171,53,295,FIXTURE
11-9171,54,69,FIXTURE
11-9171,55,226,FIXTURE
11-9171,56,22,FIXTURE
11-9179,01,111,FIXTURE
11-9179,02,16,FIXTURE
11-9179,04,159,FIXTURE
11-9179,05,67,FIXTURE
11-9179,06,877,FIXTURE
11-9179,08,128,FIXTURE
11-9179,09,80,FIXTURE
11-9179,10,22,FIXTURE
11-9179,11,15,FIXTURE
11-9179,12,478,FIXTURE
11-9179,13,238,FIXTURE
11-9179,15,32,FIXTURE
11-9179,16,41,FIXTURE
11-9179,17,284,FIXTURE
11-9179,18,150,FIXTURE
11-9179,19,71,FIXTURE
11-9179,20,65,FIXTURE
11-9179,21,100,FIXTURE
11-9179,22,103,FIXTURE
11-9179,23,30,FIXTURE
11-9179,24,137,FIXTURE
11-9179,25,156,FIXTURE
11-9179,26,223,FIXTURE
11-9179,27,127,FIXTURE
11-9179,28,66,FIXTURE
11-9179,29,136,FIXTURE
11-9179,30,24,FIXTURE
11-9179,31,43,FIXTURE
11-9179,32,69,FIXTURE
11-9179,33,31,FIXTURE
11-9179,34,206,FIXTURE
11-9179,35,47,FIXTURE
11-9179,36,448,FIXTURE
11-9179,37,231,FIXTURE
11-9179,38,17,FIXTURE
11-9179,39,262,FIXTURE
11-9179,40,88,FIXTURE
11-9179,41,94,FIXTURE
11-9179,42,288,FIXTURE
11-9179,44,24,FIXTURE
11-9179,45,114,FIXTURE
11-9179,46,20,FIXTURE
11-9179,47,153,FIXTURE
11-9179,48,646,FIXTURE
11-9179,49,73,FIXTURE
11-9179,50,14,FIXTURE
11-9179,51,191,FIXTURE
11-9179,53,171,FIXTURE
11-9179,54,40,FIXTURE
11-9179,55,131,FIXTURE
11-9179,56,13,FIXTURE
11-9199,01,7547,FIXTURE
11-9199,02,1102,FIXTURE
11-9199,04,10743,FIXTURE
11-9199,05,4524,FIXTURE
11-9199,06,59393,FIXTURE
11-9199,08,8673,FIXTURE
11-9199,09,5417,FIXTURE
11-9199,10,1487,FIXTURE
11-9199,11,1036,FIXTURE
11-9199,12,32354,FIXTURE
11-9199,13,16091,FIXTURE
11-9199,15,2186,FIXTURE
11-9199,16,2763,FIXTURE
11-9199,17,19246,FIXTURE
11-9199,18,10193,FIXTURE
11-9199,19,4792,FIXTURE
11-9199,20,4413,FIXTURE
11-9199,21,6768,FIXTURE
11-9199,22,6997,FIXTURE
11-9199,23,2046,FIXTURE
11-9199,24,9279,FIXTURE
11-9199,25,10560,FIXTURE
11-9199,26,15138,FIXTURE
11-9199,27,8572,FIXTURE
11-9199,28,4448,FIXTURE
11-9199,29,9246,FIXTURE
11-9199,30,1629,FIXTURE
11-9199,31,2946,FIXTURE
11-9199,32,4664,FIXTURE
11-9199,33,2069,FIXTURE
11-9199,34,13954,FIXTURE
11-9199,35,3181,FIXTURE
11-9199,36,30345,FIXTURE
11-9199,37,15682,FIXTURE
11-9199,38,1170,FIXTURE
11-9199,39,17725,FIXTURE
11-9199,40,5948,FIXTURE
11-9199,41,6365,FIXTURE
11-9199,42,19532,FIXTURE
11-9199,44,1648,FIXTURE
11-9199,45,7689,FIXTURE
11-9199,46,1332,FIXTURE
11-9199,47,10381,FIXTURE
11-9199,48,43781,FIXTURE
11-9199,49,4914,FIXTURE
11-9199,50,966,FIXTURE
11-9199,51,12966,FIXTURE
11-9199,53,11575,FIXTURE
11-9199,54,2694,FIXTURE
11-9199,55,8853,FIXTURE
11-9199,56,867,FIXTURE
13-1011,01,189,FIXTURE
13-1011,02,28,FIXTURE
13-1011,04,269,FIXTURE
13-1011,05,113,FIXTURE
13-1011,06,1489,FIXTURE
13-1011,08,217,FIXTURE
13-1011,09,136,FIXTURE
13-1011,10,37,FIXTURE
13-1011,11,26,FIXTURE
13-1011,12,811,FIXTURE
13-1011,13,403,FIXTURE
13-1011,15,55,FIXTURE
13-1011,16,69,FIXTURE
13-1011,17,482,FIXTURE
13-1011,18,255,FIXTURE
13-1011,19,120,FIXTURE
13-1011,20,111,FIXTURE
13-1011,21,170,FIXTURE
13-1011,22,175,FIXTURE
13-1011,23,51,FIXTURE
13-1011,24,233,FIXTURE
13-1011,25,265,FIXTURE
13-1011,26,379,FIXTURE
13-1011,27,215,FIXTURE
13-1011,28,112,FIXTURE
13-1011,29,232,FIXTURE
13-1011,30,41,FIXTURE
13-1011,31,74,FIXTURE
13-1011,32,117,FIXTURE
13-1011,33,52,FIXTURE
13-1011,34,350,FIXTURE
13-1011,35,80,FIXTURE
13-1011,36,761,FIXTURE
13-1011,37,393,FIXTURE
13-1011,38,29,FIXTURE
13-1011,39,444,FIXTURE
13-1011,40,149,FIXTURE
13-1011,41,160,FIXTURE
13-1011,42,490,FIXTURE
13-1011,44,41,FIXTURE
13-1011,45,193,FIXTURE
13-1011,46,33,FIXTURE
13-1011,47,260,FIXTURE
13-1011,48,1097,FIXTURE
13-1011,49,123,FIXTURE
13-1011,50,24,FIXTURE
13-1011,51,325,FIXTURE
13-1011,53,290,FIXTURE
13-1011,54,68,FIXTURE
13-1011,55,222,FIXTURE
13-1011,56,22,FIXTURE
13-1020,01,6655,FIXTURE
13-1020,02,971,FIXTURE
13-1020,04,9473,FIXTURE
13-1020,05,3989,FIXTURE
13-1020,06,52370,FIXTURE
13-1020,08,7648,FIXTURE
13-1020,09,4776,FIXTURE
13-1020,10,1311,FIXTURE
13-1020,11,913,FIXTURE
13-1020,12,28528,FIXTURE
13-1020,13,14188,FIXTURE
13-1020,15,1928,FIXTURE
13-1020,16,2436,FIXTURE
13-1020,17,16971,FIXTURE
13-1020,18,8988,FIXTURE
13-1020,19,4226,FIXTURE
13-1020,20,3891,FIXTURE
13-1020,21,5968,FIXTURE
13-1020,22,6169,FIXTURE
13-1020,23,1805,FIXTURE
13-1020,24,8182,FIXTURE
13-1020,25,9311,FIXTURE
13-1020,26,13348,FIXTURE
13-1020,27,7559,FIXTURE
13-1020,28,3922,FIXTURE
13-1020,29,8152,FIXTURE
13-1020,30,1436,FIXTURE
13-1020,31,2598,FIXTURE
13-1020,32,4112,FIXTURE
13-1020,33,1825,FIXTURE
13-1020,34,12304,FIXTURE
13-1020,35,2805,FIXTURE
13-1020,36,26757,FIXTURE
13-1020,37,13827,FIXTURE
13-1020,38,1032,FIXTURE
13-1020,39,15629,FIXTURE
13-1020,40,5244,FIXTURE
13-1020,41,5612,FIXTURE
13-1020,42,17223,FIXTURE
13-1020,44,1454,FIXTURE
13-1020,45,6780,FIXTURE
13-1020,46,1174,FIXTURE
13-1020,47,9154,FIXTURE
13-1020,48,38605,FIXTURE
13-1020,49,4333,FIXTURE
13-1020,50,852,FIXTURE
13-1020,51,11433,FIXTURE
13-1020,53,10206,FIXTURE
13-1020,54,2376,FIXTURE
13-1020,55,7807,FIXTURE
13-1020,56,764,FIXTURE
13-1031,01,4216,FIXTURE
13-1031,02,616,FIXTURE
13-1031,04,6001,FIXTURE
13-1031,05,2527,FIXTURE
13-1031,06,33179,FIXTURE
13-1031,08,4845,FIXTURE
13-1031,09,3026,FIXTURE
13-1031,10,831,FIXTURE
13-1031,11,579,FIXTURE
13-1031,12,18074,FIXTURE
13-1031,13,8989,FIXTURE
13-1031,15,1221,FIXTURE
13-1031,16,1543,FIXTURE
13-1031,17,10752,FIXTURE
13-1031,18,5694,FIXTURE
13-1031,19,2677,FIXTURE
13-1031,20,2465,FIXTURE
13-1031,21,3781,FIXTURE
13-1031,22,3909,FIXTURE
13-1031,23,1143,FIXTURE
13-1031,24,5184,FIXTURE
13-1031,25,5899,FIXTURE
13-1031,26,8457,FIXTURE
13-1031,27,4789,FIXTURE
13-1031,28,2485,FIXTURE
13-1031,29,5165,FIXTURE
13-1031,30,910,FIXTURE
13-1031,31,1646,FIXTURE
13-1031,32,2605,FIXTURE
13-1031,33,1156,FIXTURE
13-1031,34,7795,FIXTURE
13-1031,35,1777,FIXTURE
13-1031,36,16952,FIXTURE
13-1031,37,8760,FIXTURE
13-1031,38,654,FIXTURE
13-1031,39,9902,FIXTURE
13-1031,40,3323,FIXTURE
13-1031,41,3556,FIXTURE
13-1031,42,10911,FIXTURE
13-1031,44,921,FIXTURE
13-1031,45,4295,FIXTURE
13-1031,46,744,FIXTURE
13-1031,47,5799,FIXTURE
13-1031,48,24458,FIXTURE
13-1031,49,2745,FIXTURE
13-1031,50,540,FIXTURE
13-1031,51,7243,FIXTURE
13-1031,53,6466,FIXTURE
13-1031,54,1505,FIXTURE
13-1031,55,4946,FIXTURE
13-1031,56,484,FIXTURE
13-1032,01,173,FIXTURE
13-1032,02,25,FIXTURE
13-1032,04,247,FIXTURE
13-1032,05,104,FIXTURE
13-1032,06,1363,FIXTURE
13-1032,08,199,FIXTURE
13-1032,09,124,FIXTURE
13-1032,10,34,FIXTURE
13-1032,11,24,FIXTURE
13-1032,12,743,FIXTURE
13-1032,13,369,FIXTURE
13-1032,15,50,FIXTURE
13-1032,16,63,FIXTURE
13-1032,17,442,FIXTURE
13-1032,18,234,FIXTURE
13-1032,19,110,FIXTURE
13-1032,20,101,FIXTURE
13-1032,21,155,FIXTURE
13-1032,22,161,FIXTURE
13-1032,23,47,FIXTURE
13-1032,24,213,FIXTURE
13-1032,25,242,FIXTURE
13-1032,26,348,FIXTURE
13-1032,27,197,FIXTURE
13-1032,28,102,FIXTURE
13-1032,29,212,FIXTURE
13-1032,30,37,FIXTURE
13-1032,31,68,FIXTURE
13-1032,32,107,FIXTURE
13-1032,33,48,FIXTURE
13-1032,34,320,FIXTURE
13-1032,35,73,FIXTURE
13-1032,36,697,FIXTURE
13-1032,37,360,FIXTURE
13-1032,38,27,FIXTURE
13-1032,39,407,FIXTURE
13-1032,40,137,FIXTURE
13-1032,41,146,FIXTURE
13-1032,42,448,FIXTURE
13-1032,44,38,FIXTURE
13-1032,45,177,FIXTURE
13-1032,46,31,FIXTURE
13-1032,47,238,FIXTURE
13-1032,48,1005,FIXTURE
13-1032,49,113,FIXTURE
13-1032,50,22,FIXTURE
13-1032,51,298,FIXTURE
13-1032,53,266,FIXTURE
13-1032,54,62,FIXTURE
13-1032,55,203,FIXTURE
13-1032,56,20,FIXTURE
13-1041,01,5068,FIXTURE
13-1041,02,740,FIXTURE
13-1041,04,7214,FIXTURE
13-1041,05,3038,FIXTURE
13-1041,06,39883,FIXTURE
13-1041,08,5824,FIXTURE
13-1041,09,3637,FIXTURE
13-1041,10,999,FIXTURE
13-1041,11,696,FIXTURE
13-1041,12,21726,FIXTURE
13-1041,13,10805,FIXTURE
13-1041,15,1468,FIXTURE
13-1041,16,1855,FIXTURE
13-1041,17,12924,FIXTURE
13-1041,18,6845,FIXTURE
13-1041,19,3218,FIXTURE
13-1041,20,2964,FIXTURE
13-1041,21,4545,FIXTURE
13-1041,22,4698,FIXTURE
13-1041,23,1374,FIXTURE
13-1041,24,6231,FIXTURE
13-1041,25,7091,FIXTURE
13-1041,26,10165,FIXTURE
13-1041,27,5756,FIXTURE
13-1041,28,2987,FIXTURE
13-1041,29,6209,FIXTURE
13-1041,30,1094,FIXTURE
13-1041,31,1979,FIXTURE
13-1041,32,3132,FIXTURE
13-1041,33,1390,FIXTURE
13-1041,34,9370,FIXTURE
13-1041,35,2136,FIXTURE
13-1041,36,20377,FIXTURE
13-1041,37,10530,FIXTURE
13-1041,38,786,FIXTURE
13-1041,39,11902,FIXTURE
13-1041,40,3994,FIXTURE
13-1041,41,4274,FIXTURE
13-1041,42,13116,FIXTURE
13-1041,44,1107,FIXTURE
13-1041,45,5163,FIXTURE
13-1041,46,894,FIXTURE
13-1041,47,6971,FIXTURE
13-1041,48,29400,FIXTURE
13-1041,49,3300,FIXTURE
13-1041,50,649,FIXTURE
13-1041,51,8707,FIXTURE
13-1041,53,7773,FIXTURE
13-1041,54,1809,FIXTURE
13-1041,55,5945,FIXTURE
13-1041,56,582,FIXTURE
13-1051,01,3167,FIXTURE
13-1051,02,462,FIXTURE
13-1051,04,4508,FIXTURE
13-1051,05,1899,FIXTURE
13-1051,06,24925,FIXTURE
13-1051,08,3640,FIXTURE
13-1051,09,2273,FIXTURE
13-1051,10,624,FIXTURE
13-1051,11,435,FIXTURE
13-1051,12,13578,FIXTURE
13-1051,13,6753,FIXTURE
13-1051,15,917,FIXTURE
13-1051,16,1159,FIXTURE
13-1051,17,8077,FIXTURE
13-1051,18,4278,FIXTURE
13-1051,19,2011,FIXTURE
13-1051,20,1852,FIXTURE
13-1051,21,2841,FIXTURE
13-1051,22,2936,FIXTURE
13-1051,23,859,FIXTURE
13-1051,24,3894,FIXTURE
13-1051,25,4432,FIXTURE
13-1051,26,6353,FIXTURE
13-1051,27,3597,FIXTURE
13-1051,28,1867,FIXTURE
13-1051,29,3880,FIXTURE
13-1051,30,684,FIXTURE
13-1051,31,1237,FIXTURE
13-1051,32,1957,FIXTURE
13-1051,33,868,FIXTURE
13-1051,34,5856,FIXTURE
13-1051,35,1335,FIXTURE
13-1051,36,12735,FIXTURE
13-1051,37,6581,FIXTURE
13-1051,38,491,FIXTURE
13-1051,39,7439,FIXTURE
13-1051,40,2496,FIXTURE
13-1051,41,2671,FIXTURE
13-1051,42,8197,FIXTURE
13-1051,44,692,FIXTURE
13-1051,45,3227,FIXTURE
13-1051,46,559,FIXTURE
13-1051,47,4357,FIXTURE
13-1051,48,18374,FIXTURE
13-1051,49,2062,FIXTURE
13-1051,50,405,FIXTURE
13-1051,51,5441,FIXTURE
13-1051,53,4858,FIXTURE
13-1051,54,1131,FIXTURE
13-1051,55,3716,FIXTURE
13-1051,56,364,FIXTURE
13-1071,01,11230,FIXTURE
13-1071,02,1639,FIXTURE
13-1071,04,15984,FIXTURE
13-1071,05,6731,FIXTURE
13-1071,06,88373,FIXTURE
13-1071,08,12905,FIXTURE
13-1071,09,8060,FIXTURE
13-1071,10,2213,FIXTURE
13-1071,11,1541,FIXTURE
13-1071,12,48141,FIXTURE
13-1071,13,23942,FIXTURE
13-1071,15,3253,FIXTURE
13-1071,16,4111,FIXTURE
13-1071,17,28638,FIXTURE
13-1071,18,15166,FIXTURE
13-1071,19,7131,FIXTURE
13-1071,20,6567,FIXTURE
13-1071,21,10071,FIXTURE
13-1071,22,10411,FIXTURE
13-1071,23,3045,FIXTURE
13-1071,24,13807,FIXTURE
13-1071,25,15713,FIXTURE
13-1071,26,22524,FIXTURE
13-1071,27,12755,FIXTURE
13-1071,28,6619,FIXTURE
13-1071,29,13757,FIXTURE
13-1071,30,2423,FIXTURE
13-1071,31,4384,FIXTURE
13-1071,32,6939,FIXTURE
13-1071,33,3079,FIXTURE
13-1071,34,20762,FIXTURE
13-1071,35,4733,FIXTURE
13-1071,36,45152,FIXTURE
13-1071,37,23333,FIXTURE
13-1071,38,1741,FIXTURE
13-1071,39,26373,FIXTURE
13-1071,40,8850,FIXTURE
13-1071,41,9471,FIXTURE
13-1071,42,29063,FIXTURE
13-1071,44,2453,FIXTURE
13-1071,45,11440,FIXTURE
13-1071,46,1982,FIXTURE
13-1071,47,15447,FIXTURE
13-1071,48,65144,FIXTURE
13-1071,49,7312,FIXTURE
13-1071,50,1437,FIXTURE
13-1071,51,19292,FIXTURE
13-1071,53,17222,FIXTURE
13-1071,54,4009,FIXTURE
13-1071,55,13173,FIXTURE
13-1071,56,1289,FIXTURE
13-1074,01,7,FIXTURE
13-1074,02,1,FIXTURE
13-1074,04,10,FIXTURE
13-1074,05,4,FIXTURE
13-1074,06,53,FIXTURE
13-1074,08,8,FIXTURE
13-1074,09,5,FIXTURE
13-1074,10,1,FIXTURE
13-1074,11,1,FIXTURE
13-1074,12,29,FIXTURE
13-1074,13,14,FIXTURE
13-1074,15,2,FIXTURE
13-1074,16,2,FIXTURE
13-1074,17,17,FIXTURE
13-1074,18,9,FIXTURE
13-1074,19,4,FIXTURE
13-1074,20,4,FIXTURE
13-1074,21,6,FIXTURE
13-1074,22,6,FIXTURE
13-1074,23,2,FIXTURE
13-1074,24,8,FIXTURE
13-1074,25,9,FIXTURE
13-1074,26,13,FIXTURE
13-1074,27,8,FIXTURE
13-1074,28,4,FIXTURE
13-1074,29,8,FIXTURE
13-1074,30,1,FIXTURE
13-1074,31,3,FIXTURE
13-1074,32,4,FIXTURE
13-1074,33,2,FIXTURE
13-1074,34,12,FIXTURE
13-1074,35,3,FIXTURE
13-1074,36,27,FIXTURE
13-1074,37,14,FIXTURE
13-1074,38,1,FIXTURE
13-1074,39,16,FIXTURE
13-1074,40,5,FIXTURE
13-1074,41,6,FIXTURE
13-1074,42,17,FIXTURE
13-1074,44,1,FIXTURE
13-1074,45,7,FIXTURE
13-1074,46,1,FIXTURE
13-1074,47,9,FIXTURE
13-1074,48,39,FIXTURE
13-1074,49,4,FIXTURE
13-1074,50,1,FIXTURE
13-1074,51,11,FIXTURE
13-1074,53,10,FIXTURE
13-1074,54,2,FIXTURE
13-1074,55,8,FIXTURE
13-1074,56,1,FIXTURE
13-1075,01,967,FIXTURE
13-1075,02,141,FIXTURE
13-1075,04,1377,FIXTURE
13-1075,05,580,FIXTURE
13-1075,06,7612,FIXTURE
13-1075,08,1112,FIXTURE
13-1075,09,694,FIXTURE
13-1075,10,191,FIXTURE
13-1075,11,133,FIXTURE
13-1075,12,4146,FIXTURE
13-1075,13,2062,FIXTURE
13-1075,15,280,FIXTURE
13-1075,16,354,FIXTURE
13-1075,17,2467,FIXTURE
13-1075,18,1306,FIXTURE
13-1075,19,614,FIXTURE
13-1075,20,566,FIXTURE
13-1075,21,867,FIXTURE
13-1075,22,897,FIXTURE
13-1075,23,262,FIXTURE
13-1075,24,1189,FIXTURE
13-1075,25,1353,FIXTURE
13-1075,26,1940,FIXTURE
13-1075,27,1099,FIXTURE
13-1075,28,570,FIXTURE
13-1075,29,1185,FIXTURE
13-1075,30,209,FIXTURE
13-1075,31,378,FIXTURE
13-1075,32,598,FIXTURE
13-1075,33,265,FIXTURE
13-1075,34,1788,FIXTURE
13-1075,35,408,FIXTURE
13-1075,36,3889,FIXTURE
13-1075,37,2010,FIXTURE
13-1075,38,150,FIXTURE
13-1075,39,2272,FIXTURE
13-1075,40,762,FIXTURE
13-1075,41,816,FIXTURE
13-1075,42,2503,FIXTURE
13-1075,44,211,FIXTURE
13-1075,45,985,FIXTURE
13-1075,46,171,FIXTURE
13-1075,47,1330,FIXTURE
13-1075,48,5611,FIXTURE
13-1075,49,630,FIXTURE
13-1075,50,124,FIXTURE
13-1075,51,1662,FIXTURE
13-1075,53,1483,FIXTURE
13-1075,54,345,FIXTURE
13-1075,55,1135,FIXTURE
13-1075,56,111,FIXTURE
13-1081,01,2870,FIXTURE
13-1081,02,419,FIXTURE
13-1081,04,4085,FIXTURE
13-1081,05,1720,FIXTURE
13-1081,06,22584,FIXTURE
13-1081,08,3298,FIXTURE
13-1081,09,2060,FIXTURE
13-1081,10,565,FIXTURE
13-1081,11,394,FIXTURE
13-1081,12,12302,FIXTURE
13-1081,13,6119,FIXTURE
13-1081,15,831,FIXTURE
13-1081,16,1050,FIXTURE
13-1081,17,7318,FIXTURE
13-1081,18,3876,FIXTURE
13-1081,19,1822,FIXTURE
13-1081,20,1678,FIXTURE
13-1081,21,2574,FIXTURE
13-1081,22,2660,FIXTURE
13-1081,23,778,FIXTURE
13-1081,24,3528,FIXTURE
13-1081,25,4015,FIXTURE
13-1081,26,5756,FIXTURE
13-1081,27,3260,FIXTURE
13-1081,28,1691,FIXTURE
13-1081,29,3516,FIXTURE
13-1081,30,619,FIXTURE
13-1081,31,1120,FIXTURE
13-1081,32,1773,FIXTURE
13-1081,33,787,FIXTURE
13-1081,34,5306,FIXTURE
13-1081,35,1210,FIXTURE
13-1081,36,11539,FIXTURE
13-1081,37,5963,FIXTURE
13-1081,38,445,FIXTURE
13-1081,39,6740,FIXTURE
13-1081,40,2262,FIXTURE
13-1081,41,2420,FIXTURE
13-1081,42,7427,FIXTURE
13-1081,44,627,FIXTURE
13-1081,45,2924,FIXTURE
13-1081,46,506,FIXTURE
13-1081,47,3947,FIXTURE
13-1081,48,16648,FIXTURE
13-1081,49,1869,FIXTURE
13-1081,50,367,FIXTURE
13-1081,51,4930,FIXTURE
13-1081,53,4401,FIXTURE
13-1081,54,1025,FIXTURE
13-1081,55,3366,FIXTURE
13-1081,56,330,FIXTURE
13-1082,01,11276,FIXTURE
13-1082,02,1646,FIXTURE
13-1082,04,16050,FIXTURE
13-1082,05,6759,FIXTURE
13-1082,06,88734,FIXTURE
13-1082,08,12958,FIXTURE
13-1082,09,8093,FIXTURE
13-1082,10,2222,FIXTURE
13-1082,11,1548,FIXTURE
13-1082,12,48337,FIXTURE
13-1082,13,24040,FIXTURE
13-1082,15,3266,FIXTURE
13-1082,16,4127,FIXTURE
13-1082,17,28755,FIXTURE
13-1082,18,15229,FIXTURE
13-1082,19,7160,FIXTURE
13-1082,20,6593,FIXTURE
13-1082,21,10112,FIXTURE
13-1082,22,10453,FIXTURE
13-1082,23,3057,FIXTURE
13-1082,24,13863,FIXTURE
13-1082,25,15777,FIXTURE
13-1082,26,22616,FIXTURE
13-1082,27,12807,FIXTURE
13-1082,28,6646,FIXTURE
13-1082,29,13813,FIXTURE
13-1082,30,2433,FIXTURE
13-1082,31,4402,FIXTURE
13-1082,32,6968,FIXTURE
13-1082,33,3092,FIXTURE
13-1082,34,20847,FIXTURE
13-1082,35,4752,FIXTURE
13-1082,36,45337,FIXTURE
13-1082,37,23429,FIXTURE
13-1082,38,1748,FIXTURE
13-1082,39,26481,FIXTURE
13-1082,40,8886,FIXTURE
13-1082,41,9510,FIXTURE
13-1082,42,29181,FIXTURE
13-1082,44,2463,FIXTURE
13-1082,45,11487,FIXTURE
13-1082,46,1990,FIXTURE
13-1082,47,15510,FIXTURE
13-1082,48,65410,FIXTURE
13-1082,49,7342,FIXTURE
13-1082,50,1443,FIXTURE
13-1082,51,19371,FIXTURE
13-1082,53,17293,FIXTURE
13-1082,54,4026,FIXTURE
13-1082,55,13227,FIXTURE
13-1082,56,1295,FIXTURE
13-1111,01,11649,FIXTURE
13-1111,02,1700,FIXTURE
13-1111,04,16580,FIXTURE
13-1111,05,6982,FIXTURE
13-1111,06,91668,FIXTURE
13-1111,08,13386,FIXTURE
13-1111,09,8360,FIXTURE
13-1111,10,2295,FIXTURE
13-1111,11,1599,FIXTURE
13-1111,12,49935,FIXTURE
13-1111,13,24835,FIXTURE
13-1111,15,3374,FIXTURE
13-1111,16,4264,FIXTURE
13-1111,17,29705,FIXTURE
13-1111,18,15732,FIXTURE
13-1111,19,7397,FIXTURE
13-1111,20,6811,FIXTURE
13-1111,21,10447,FIXTURE
13-1111,22,10799,FIXTURE
13-1111,23,3159,FIXTURE
13-1111,24,14322,FIXTURE
13-1111,25,16299,FIXTURE
13-1111,26,23364,FIXTURE
13-1111,27,13230,FIXTURE
13-1111,28,6866,FIXTURE
13-1111,29,14270,FIXTURE
13-1111,30,2514,FIXTURE
13-1111,31,4548,FIXTURE
13-1111,32,7198,FIXTURE
13-1111,33,3194,FIXTURE
13-1111,34,21536,FIXTURE
13-1111,35,4909,FIXTURE
13-1111,36,46836,FIXTURE
13-1111,37,24203,FIXTURE
13-1111,38,1806,FIXTURE
13-1111,39,27356,FIXTURE
13-1111,40,9180,FIXTURE
13-1111,41,9824,FIXTURE
13-1111,42,30146,FIXTURE
13-1111,44,2544,FIXTURE
13-1111,45,11867,FIXTURE
13-1111,46,2056,FIXTURE
13-1111,47,16022,FIXTURE
13-1111,48,67572,FIXTURE
13-1111,49,7585,FIXTURE
13-1111,50,1491,FIXTURE
13-1111,51,20011,FIXTURE
13-1111,53,17864,FIXTURE
13-1111,54,4159,FIXTURE
13-1111,55,13664,FIXTURE
13-1111,56,1337,FIXTURE
13-1121,01,1488,FIXTURE
13-1121,02,217,FIXTURE
13-1121,04,2118,FIXTURE
13-1121,05,892,FIXTURE
13-1121,06,11708,FIXTURE
13-1121,08,1710,FIXTURE
13-1121,09,1068,FIXTURE
13-1121,10,293,FIXTURE
13-1121,11,204,FIXTURE
13-1121,12,6378,FIXTURE
13-1121,13,3172,FIXTURE
13-1121,15,431,FIXTURE
13-1121,16,545,FIXTURE
13-1121,17,3794,FIXTURE
13-1121,18,2009,FIXTURE
13-1121,19,945,FIXTURE
13-1121,20,870,FIXTURE
13-1121,21,1334,FIXTURE
13-1121,22,1379,FIXTURE
13-1121,23,403,FIXTURE
13-1121,24,1829,FIXTURE
13-1121,25,2082,FIXTURE
13-1121,26,2984,FIXTURE
13-1121,27,1690,FIXTURE
13-1121,28,877,FIXTURE
13-1121,29,1823,FIXTURE
13-1121,30,321,FIXTURE
13-1121,31,581,FIXTURE
13-1121,32,919,FIXTURE
13-1121,33,408,FIXTURE
13-1121,34,2751,FIXTURE
13-1121,35,627,FIXTURE
13-1121,36,5982,FIXTURE
13-1121,37,3091,FIXTURE
13-1121,38,231,FIXTURE
13-1121,39,3494,FIXTURE
13-1121,40,1172,FIXTURE
13-1121,41,1255,FIXTURE
13-1121,42,3850,FIXTURE
13-1121,44,325,FIXTURE
13-1121,45,1516,FIXTURE
13-1121,46,263,FIXTURE
13-1121,47,2046,FIXTURE
13-1121,48,8631,FIXTURE
13-1121,49,969,FIXTURE
13-1121,50,190,FIXTURE
13-1121,51,2556,FIXTURE
13-1121,53,2282,FIXTURE
13-1121,54,531,FIXTURE
13-1121,55,1745,FIXTURE
13-1121,56,171,FIXTURE
13-1131,01,1244,FIXTURE
13-1131,02,182,FIXTURE
13-1131,04,1771,FIXTURE
13-1131,05,746,FIXTURE
13-1131,06,9791,FIXTURE
13-1131,08,1430,FIXTURE
13-1131,09,893,FIXTURE
13-1131,10,245,FIXTURE
13-1131,11,171,FIXTURE
13-1131,12,5334,FIXTURE
13-1131,13,2653,FIXTURE
13-1131,15,360,FIXTURE
13-1131,16,455,FIXTURE
13-1131,17,3173,FIXTURE
13-1131,18,1680,FIXTURE
13-1131,19,790,FIXTURE
13-1131,20,728,FIXTURE
13-1131,21,1116,FIXTURE
13-1131,22,1153,FIXTURE
13-1131,23,337,FIXTURE
13-1131,24,1530,FIXTURE
13-1131,25,1741,FIXTURE
13-1131,26,2496,FIXTURE
13-1131,27,1413,FIXTURE
13-1131,28,733,FIXTURE
13-1131,29,1524,FIXTURE
13-1131,30,269,FIXTURE
13-1131,31,486,FIXTURE
13-1131,32,769,FIXTURE
13-1131,33,341,FIXTURE
13-1131,34,2300,FIXTURE
13-1131,35,524,FIXTURE
13-1131,36,5003,FIXTURE
13-1131,37,2585,FIXTURE
13-1131,38,193,FIXTURE
13-1131,39,2922,FIXTURE
13-1131,40,980,FIXTURE
13-1131,41,1049,FIXTURE
13-1131,42,3220,FIXTURE
13-1131,44,272,FIXTURE
13-1131,45,1268,FIXTURE
13-1131,46,220,FIXTURE
13-1131,47,1711,FIXTURE
13-1131,48,7218,FIXTURE
13-1131,49,810,FIXTURE
13-1131,50,159,FIXTURE
13-1131,51,2137,FIXTURE
13-1131,53,1908,FIXTURE
13-1131,54,444,FIXTURE
13-1131,55,1460,FIXTURE
13-1131,56,143,FIXTURE
13-1141,01,1330,FIXTURE
13-1141,02,194,FIXTURE
13-1141,04,1893,FIXTURE
13-1141,05,797,FIXTURE
13-1141,06,10468,FIXTURE
13-1141,08,1529,FIXTURE
13-1141,09,955,FIXTURE
13-1141,10,262,FIXTURE
13-1141,11,183,FIXTURE
13-1141,12,5702,FIXTURE
13-1141,13,2836,FIXTURE
13-1141,15,385,FIXTURE
13-1141,16,487,FIXTURE
13-1141,17,3392,FIXTURE
13-1141,18,1796,FIXTURE
13-1141,19,845,FIXTURE
13-1141,20,778,FIXTURE
13-1141,21,1193,FIXTURE
13-1141,22,1233,FIXTURE
13-1141,23,361,FIXTURE
13-1141,24,1635,FIXTURE
13-1141,25,1861,FIXTURE
13-1141,26,2668,FIXTURE
13-1141,27,1511,FIXTURE
13-1141,28,784,FIXTURE
13-1141,29,1629,FIXTURE
13-1141,30,287,FIXTURE
13-1141,31,519,FIXTURE
13-1141,32,822,FIXTURE
13-1141,33,365,FIXTURE
13-1141,34,2459,FIXTURE
13-1141,35,561,FIXTURE
13-1141,36,5348,FIXTURE
13-1141,37,2764,FIXTURE
13-1141,38,206,FIXTURE
13-1141,39,3124,FIXTURE
13-1141,40,1048,FIXTURE
13-1141,41,1122,FIXTURE
13-1141,42,3442,FIXTURE
13-1141,44,291,FIXTURE
13-1141,45,1355,FIXTURE
13-1141,46,235,FIXTURE
13-1141,47,1830,FIXTURE
13-1141,48,7716,FIXTURE
13-1141,49,866,FIXTURE
13-1141,50,170,FIXTURE
13-1141,51,2285,FIXTURE
13-1141,53,2040,FIXTURE
13-1141,54,475,FIXTURE
13-1141,55,1560,FIXTURE
13-1141,56,153,FIXTURE
13-1151,01,5094,FIXTURE
13-1151,02,744,FIXTURE
13-1151,04,7250,FIXTURE
13-1151,05,3053,FIXTURE
13-1151,06,40085,FIXTURE
13-1151,08,5853,FIXTURE
13-1151,09,3656,FIXTURE
13-1151,10,1004,FIXTURE
13-1151,11,699,FIXTURE
13-1151,12,21836,FIXTURE
13-1151,13,10860,FIXTURE
13-1151,15,1475,FIXTURE
13-1151,16,1865,FIXTURE
13-1151,17,12990,FIXTURE
13-1151,18,6879,FIXTURE
13-1151,19,3234,FIXTURE
13-1151,20,2978,FIXTURE
13-1151,21,4568,FIXTURE
13-1151,22,4722,FIXTURE
13-1151,23,1381,FIXTURE
13-1151,24,6263,FIXTURE
13-1151,25,7127,FIXTURE
13-1151,26,10217,FIXTURE
13-1151,27,5785,FIXTURE
13-1151,28,3002,FIXTURE
13-1151,29,6240,FIXTURE
13-1151,30,1099,FIXTURE
13-1151,31,1989,FIXTURE
13-1151,32,3148,FIXTURE
13-1151,33,1397,FIXTURE
13-1151,34,9417,FIXTURE
13-1151,35,2147,FIXTURE
13-1151,36,20480,FIXTURE
13-1151,37,10584,FIXTURE
13-1151,38,790,FIXTURE
13-1151,39,11962,FIXTURE
13-1151,40,4014,FIXTURE
13-1151,41,4296,FIXTURE
13-1151,42,13182,FIXTURE
13-1151,44,1113,FIXTURE
13-1151,45,5189,FIXTURE
13-1151,46,899,FIXTURE
13-1151,47,7006,FIXTURE
13-1151,48,29548,FIXTURE
13-1151,49,3317,FIXTURE
13-1151,50,652,FIXTURE
13-1151,51,8751,FIXTURE
13-1151,53,7812,FIXTURE
13-1151,54,1818,FIXTURE
13-1151,55,5975,FIXTURE
13-1151,56,585,FIXTURE
13-1161,01,11028,FIXTURE
13-1161,02,1610,FIXTURE
13-1161,04,15698,FIXTURE
13-1161,05,6610,FIXTURE
13-1161,06,86787,FIXTURE
13-1161,08,12674,FIXTURE
13-1161,09,7915,FIXTURE
13-1161,10,2173,FIXTURE
13-1161,11,1514,FIXTURE
13-1161,12,47277,FIXTURE
13-1161,13,23513,FIXTURE
13-1161,15,3194,FIXTURE
13-1161,16,4037,FIXTURE
13-1161,17,28124,FIXTURE
13-1161,18,14894,FIXTURE
13-1161,19,7003,FIXTURE
13-1161,20,6449,FIXTURE
13-1161,21,9890,FIXTURE
13-1161,22,10224,FIXTURE
13-1161,23,2990,FIXTURE
13-1161,24,13559,FIXTURE
13-1161,25,15431,FIXTURE
13-1161,26,22120,FIXTURE
13-1161,27,12526,FIXTURE
13-1161,28,6500,FIXTURE
13-1161,29,13510,FIXTURE
13-1161,30,2380,FIXTURE
13-1161,31,4306,FIXTURE
13-1161,32,6815,FIXTURE
13-1161,33,3024,FIXTURE
13-1161,34,20390,FIXTURE
13-1161,35,4648,FIXTURE
13-1161,36,44342,FIXTURE
13-1161,37,22915,FIXTURE
13-1161,38,1710,FIXTURE
13-1161,39,25900,FIXTURE
13-1161,40,8691,FIXTURE
13-1161,41,9301,FIXTURE
13-1161,42,28541,FIXTURE
13-1161,44,2409,FIXTURE
13-1161,45,11235,FIXTURE
13-1161,46,1946,FIXTURE
13-1161,47,15170,FIXTURE
13-1161,48,63975,FIXTURE
13-1161,49,7181,FIXTURE
13-1161,50,1412,FIXTURE
13-1161,51,18946,FIXTURE
13-1161,53,16913,FIXTURE
13-1161,54,3937,FIXTURE
13-1161,55,12937,FIXTURE
13-1161,56,1266,FIXTURE
13-1199,01,15618,FIXTURE
13-1199,02,2280,FIXTURE
13-1199,04,22231,FIXTURE
13-1199,05,9362,FIXTURE
13-1199,06,122907,FIXTURE
13-1199,08,17948,FIXTURE
13-1199,09,11209,FIXTURE
13-1199,10,3077,FIXTURE
13-1199,11,2144,FIXTURE
13-1199,12,66953,FIXTURE
13-1199,13,33299,FIXTURE
13-1199,15,4524,FIXTURE
13-1199,16,5717,FIXTURE
13-1199,17,39828,FIXTURE
13-1199,18,21093,FIXTURE
13-1199,19,9917,FIXTURE
13-1199,20,9133,FIXTURE
13-1199,21,14007,FIXTURE
13-1199,22,14479,FIXTURE
13-1199,23,4235,FIXTURE
13-1199,24,19202,FIXTURE
13-1199,25,21853,FIXTURE
13-1199,26,31326,FIXTURE
13-1199,27,17739,FIXTURE
13-1199,28,9205,FIXTURE
13-1199,29,19133,FIXTURE
13-1199,30,3370,FIXTURE
13-1199,31,6097,FIXTURE
13-1199,32,9651,FIXTURE
13-1199,33,4282,FIXTURE
13-1199,34,28875,FIXTURE
13-1199,35,6582,FIXTURE
13-1199,36,62797,FIXTURE
13-1199,37,32452,FIXTURE
13-1199,38,2422,FIXTURE
13-1199,39,36679,FIXTURE
13-1199,40,12308,FIXTURE
13-1199,41,13172,FIXTURE
13-1199,42,40420,FIXTURE
13-1199,44,3411,FIXTURE
13-1199,45,15911,FIXTURE
13-1199,46,2756,FIXTURE
13-1199,47,21483,FIXTURE
13-1199,48,90601,FIXTURE
13-1199,49,10170,FIXTURE
13-1199,50,1999,FIXTURE
13-1199,51,26831,FIXTURE
13-1199,53,23952,FIXTURE
13-1199,54,5576,FIXTURE
13-1199,55,18321,FIXTURE
13-1199,56,1793,FIXTURE
13-2011,01,19987,FIXTURE
13-2011,02,2918,FIXTURE
13-2011,04,28450,FIXTURE
13-2011,05,11980,FIXTURE
13-2011,06,157288,FIXTURE
13-2011,08,22969,FIXTURE
13-2011,09,14345,FIXTURE
13-2011,10,3938,FIXTURE
13-2011,11,2743,FIXTURE
13-2011,12,85682,FIXTURE
13-2011,13,42613,FIXTURE
13-2011,15,5789,FIXTURE
13-2011,16,7316,FIXTURE
13-2011,17,50970,FIXTURE
13-2011,18,26994,FIXTURE
13-2011,19,12692,FIXTURE
13-2011,20,11687,FIXTURE
13-2011,21,17925,FIXTURE
13-2011,22,18529,FIXTURE
13-2011,23,5420,FIXTURE
13-2011,24,24574,FIXTURE
13-2011,25,27966,FIXTURE
13-2011,26,40089,FIXTURE
13-2011,27,22701,FIXTURE
13-2011,28,11780,FIXTURE
13-2011,29,24485,FIXTURE
13-2011,30,4313,FIXTURE
13-2011,31,7803,FIXTURE
13-2011,32,12351,FIXTURE
13-2011,33,5480,FIXTURE
13-2011,34,36953,FIXTURE
13-2011,35,8424,FIXTURE
13-2011,36,80363,FIXTURE
13-2011,37,41529,FIXTURE
13-2011,38,3099,FIXTURE
13-2011,39,46940,FIXTURE
13-2011,40,15751,FIXTURE
13-2011,41,16856,FIXTURE
13-2011,42,51726,FIXTURE
13-2011,44,4366,FIXTURE
13-2011,45,20362,FIXTURE
13-2011,46,3527,FIXTURE
13-2011,47,27492,FIXTURE
13-2011,48,115945,FIXTURE
13-2011,49,13015,FIXTURE
13-2011,50,2558,FIXTURE
13-2011,51,34337,FIXTURE
13-2011,53,30653,FIXTURE
13-2011,54,7136,FIXTURE
13-2011,55,23446,FIXTURE
13-2011,56,2295,FIXTURE
13-2020,01,884,FIXTURE
13-2020,02,129,FIXTURE
13-2020,04,1259,FIXTURE
13-2020,05,530,FIXTURE
13-2020,06,6959,FIXTURE
13-2020,08,1016,FIXTURE
13-2020,09,635,FIXTURE
13-2020,10,174,FIXTURE
13-2020,11,121,FIXTURE
13-2020,12,3791,FIXTURE
13-2020,13,1886,FIXTURE
13-2020,15,256,FIXTURE
13-2020,16,324,FIXTURE
13-2020,17,2255,FIXTURE
13-2020,18,1194,FIXTURE
13-2020,19,562,FIXTURE
13-2020,20,517,FIXTURE
13-2020,21,793,FIXTURE
13-2020,22,820,FIXTURE
13-2020,23,240,FIXTURE
13-2020,24,1087,FIXTURE
13-2020,25,1237,FIXTURE
13-2020,26,1774,FIXTURE
13-2020,27,1004,FIXTURE
13-2020,28,521,FIXTURE
13-2020,29,1083,FIXTURE
13-2020,30,191,FIXTURE
13-2020,31,345,FIXTURE
13-2020,32,547,FIXTURE
13-2020,33,243,FIXTURE
13-2020,34,1635,FIXTURE
13-2020,35,373,FIXTURE
13-2020,36,3556,FIXTURE
13-2020,37,1838,FIXTURE
13-2020,38,137,FIXTURE
13-2020,39,2077,FIXTURE
13-2020,40,697,FIXTURE
13-2020,41,746,FIXTURE
13-2020,42,2289,FIXTURE
13-2020,44,193,FIXTURE
13-2020,45,901,FIXTURE
13-2020,46,156,FIXTURE
13-2020,47,1216,FIXTURE
13-2020,48,5130,FIXTURE
13-2020,49,576,FIXTURE
13-2020,50,113,FIXTURE
13-2020,51,1519,FIXTURE
13-2020,53,1356,FIXTURE
13-2020,54,316,FIXTURE
13-2020,55,1037,FIXTURE
13-2020,56,102,FIXTURE
13-2031,01,719,FIXTURE
13-2031,02,105,FIXTURE
13-2031,04,1024,FIXTURE
13-2031,05,431,FIXTURE
13-2031,06,5659,FIXTURE
13-2031,08,826,FIXTURE
13-2031,09,516,FIXTURE
13-2031,10,142,FIXTURE
13-2031,11,99,FIXTURE
13-2031,12,3083,FIXTURE
13-2031,13,1533,FIXTURE
13-2031,15,208,FIXTURE
13-2031,16,263,FIXTURE
13-2031,17,1834,FIXTURE
13-2031,18,971,FIXTURE
13-2031,19,457,FIXTURE
13-2031,20,420,FIXTURE
13-2031,21,645,FIXTURE
13-2031,22,667,FIXTURE
13-2031,23,195,FIXTURE
13-2031,24,884,FIXTURE
13-2031,25,1006,FIXTURE
13-2031,26,1442,FIXTURE
13-2031,27,817,FIXTURE
13-2031,28,424,FIXTURE
13-2031,29,881,FIXTURE
13-2031,30,155,FIXTURE
13-2031,31,281,FIXTURE
13-2031,32,444,FIXTURE
13-2031,33,197,FIXTURE
13-2031,34,1330,FIXTURE
13-2031,35,303,FIXTURE
13-2031,36,2891,FIXTURE
13-2031,37,1494,FIXTURE
13-2031,38,111,FIXTURE
13-2031,39,1689,FIXTURE
13-2031,40,567,FIXTURE
13-2031,41,606,FIXTURE
13-2031,42,1861,FIXTURE
13-2031,44,157,FIXTURE
13-2031,45,733,FIXTURE
13-2031,46,127,FIXTURE
13-2031,47,989,FIXTURE
13-2031,48,4172,FIXTURE
13-2031,49,468,FIXTURE
13-2031,50,92,FIXTURE
13-2031,51,1235,FIXTURE
13-2031,53,1103,FIXTURE
13-2031,54,257,FIXTURE
13-2031,55,844,FIXTURE
13-2031,56,83,FIXTURE
13-2041,01,1042,FIXTURE
13-2041,02,152,FIXTURE
13-2041,04,1484,FIXTURE
13-2041,05,625,FIXTURE
13-2041,06,8203,FIXTURE
13-2041,08,1198,FIXTURE
13-2041,09,748,FIXTURE
13-2041,10,205,FIXTURE
13-2041,11,143,FIXTURE
13-2041,12,4469,FIXTURE
13-2041,13,2223,FIXTURE
13-2041,15,302,FIXTURE
13-2041,16,382,FIXTURE
13-2041,17,2658,FIXTURE
13-2041,18,1408,FIXTURE
13-2041,19,662,FIXTURE
13-2041,20,610,FIXTURE
13-2041,21,935,FIXTURE
13-2041,22,966,FIXTURE
13-2041,23,283,FIXTURE
13-2041,24,1282,FIXTURE
13-2041,25,1459,FIXTURE
13-2041,26,2091,FIXTURE
13-2041,27,1184,FIXTURE
13-2041,28,614,FIXTURE
13-2041,29,1277,FIXTURE
13-2041,30,225,FIXTURE
13-2041,31,407,FIXTURE
13-2041,32,644,FIXTURE
13-2041,33,286,FIXTURE
13-2041,34,1927,FIXTURE
13-2041,35,439,FIXTURE
13-2041,36,4191,FIXTURE
13-2041,37,2166,FIXTURE
13-2041,38,162,FIXTURE
13-2041,39,2448,FIXTURE
13-2041,40,821,FIXTURE
13-2041,41,879,FIXTURE
13-2041,42,2698,FIXTURE
13-2041,44,228,FIXTURE
13-2041,45,1062,FIXTURE
13-2041,46,184,FIXTURE
13-2041,47,1434,FIXTURE
13-2041,48,6047,FIXTURE
13-2041,49,679,FIXTURE
13-2041,50,133,FIXTURE
13-2041,51,1791,FIXTURE
13-2041,53,1599,FIXTURE
13-2041,54,372,FIXTURE
13-2041,55,1223,FIXTURE
13-2041,56,120,FIXTURE
13-2051,01,4424,FIXTURE
13-2051,02,646,FIXTURE
13-2051,04,6298,FIXTURE
13-2051,05,2652,FIXTURE
13-2051,06,34818,FIXTURE
13-2051,08,5084,FIXTURE
13-2051,09,3175,FIXTURE
13-2051,10,872,FIXTURE
13-2051,11,607,FIXTURE
13-2051,12,18967,FIXTURE
13-2051,13,9433,FIXTURE
13-2051,15,1282,FIXTURE
13-2051,16,1620,FIXTURE
13-2051,17,11283,FIXTURE
13-2051,18,5975,FIXTURE
13-2051,19,2810,FIXTURE
13-2051,20,2587,FIXTURE
13-2051,21,3968,FIXTURE
13-2051,22,4102,FIXTURE
13-2051,23,1200,FIXTURE
13-2051,24,5440,FIXTURE
13-2051,25,6191,FIXTURE
13-2051,26,8874,FIXTURE
13-2051,27,5025,FIXTURE
13-2051,28,2608,FIXTURE
13-2051,29,5420,FIXTURE
13-2051,30,955,FIXTURE
13-2051,31,1727,FIXTURE
13-2051,32,2734,FIXTURE
13-2051,33,1213,FIXTURE
13-2051,34,8180,FIXTURE
13-2051,35,1865,FIXTURE
13-2051,36,17790,FIXTURE
13-2051,37,9193,FIXTURE
13-2051,38,686,FIXTURE
13-2051,39,10391,FIXTURE
13-2051,40,3487,FIXTURE
13-2051,41,3731,FIXTURE
13-2051,42,11450,FIXTURE
13-2051,44,966,FIXTURE
13-2051,45,4507,FIXTURE
13-2051,46,781,FIXTURE
13-2051,47,6086,FIXTURE
13-2051,48,25666,FIXTURE
13-2051,49,2881,FIXTURE
13-2051,50,566,FIXTURE
13-2051,51,7601,FIXTURE
13-2051,53,6785,FIXTURE
13-2051,54,1580,FIXTURE
13-2051,55,5190,FIXTURE
13-2051,56,508,FIXTURE
13-2052,01,3987,FIXTURE
13-2052,02,582,FIXTURE
13-2052,04,5675,FIXTURE
13-2052,05,2390,FIXTURE
13-2052,06,31377,FIXTURE
13-2052,08,4582,FIXTURE
13-2052,09,2862,FIXTURE
13-2052,10,786,FIXTURE
13-2052,11,547,FIXTURE
13-2052,12,17092,FIXTURE
13-2052,13,8501,FIXTURE
13-2052,15,1155,FIXTURE
13-2052,16,1459,FIXTURE
13-2052,17,10168,FIXTURE
13-2052,18,5385,FIXTURE
13-2052,19,2532,FIXTURE
13-2052,20,2331,FIXTURE
13-2052,21,3576,FIXTURE
13-2052,22,3696,FIXTURE
13-2052,23,1081,FIXTURE
13-2052,24,4902,FIXTURE
13-2052,25,5579,FIXTURE
13-2052,26,7997,FIXTURE
13-2052,27,4529,FIXTURE
13-2052,28,2350,FIXTURE
13-2052,29,4884,FIXTURE
13-2052,30,860,FIXTURE
13-2052,31,1557,FIXTURE
13-2052,32,2464,FIXTURE
13-2052,33,1093,FIXTURE
13-2052,34,7371,FIXTURE
13-2052,35,1680,FIXTURE
13-2052,36,16031,FIXTURE
13-2052,37,8284,FIXTURE
13-2052,38,618,FIXTURE
13-2052,39,9364,FIXTURE
13-2052,40,3142,FIXTURE
13-2052,41,3363,FIXTURE
13-2052,42,10319,FIXTURE
13-2052,44,871,FIXTURE
13-2052,45,4062,FIXTURE
13-2052,46,704,FIXTURE
13-2052,47,5484,FIXTURE
13-2052,48,23129,FIXTURE
13-2052,49,2596,FIXTURE
13-2052,50,510,FIXTURE
13-2052,51,6850,FIXTURE
13-2052,53,6115,FIXTURE
13-2052,54,1423,FIXTURE
13-2052,55,4677,FIXTURE
13-2052,56,458,FIXTURE
13-2053,01,1632,FIXTURE
13-2053,02,238,FIXTURE
13-2053,04,2324,FIXTURE
13-2053,05,978,FIXTURE
13-2053,06,12846,FIXTURE
13-2053,08,1876,FIXTURE
13-2053,09,1172,FIXTURE
13-2053,10,322,FIXTURE
13-2053,11,224,FIXTURE
13-2053,12,6998,FIXTURE
13-2053,13,3480,FIXTURE
13-2053,15,473,FIXTURE
13-2053,16,598,FIXTURE
13-2053,17,4163,FIXTURE
13-2053,18,2205,FIXTURE
13-2053,19,1037,FIXTURE
13-2053,20,954,FIXTURE
13-2053,21,1464,FIXTURE
13-2053,22,1513,FIXTURE
13-2053,23,443,FIXTURE
13-2053,24,2007,FIXTURE
13-2053,25,2284,FIXTURE
13-2053,26,3274,FIXTURE
13-2053,27,1854,FIXTURE
13-2053,28,962,FIXTURE
13-2053,29,2000,FIXTURE
13-2053,30,352,FIXTURE
13-2053,31,637,FIXTURE
13-2053,32,1009,FIXTURE
13-2053,33,448,FIXTURE
13-2053,34,3018,FIXTURE
13-2053,35,688,FIXTURE
13-2053,36,6563,FIXTURE
13-2053,37,3392,FIXTURE
13-2053,38,253,FIXTURE
13-2053,39,3834,FIXTURE
13-2053,40,1286,FIXTURE
13-2053,41,1377,FIXTURE
13-2053,42,4225,FIXTURE
13-2053,44,357,FIXTURE
13-2053,45,1663,FIXTURE
13-2053,46,288,FIXTURE
13-2053,47,2245,FIXTURE
13-2053,48,9470,FIXTURE
13-2053,49,1063,FIXTURE
13-2053,50,209,FIXTURE
13-2053,51,2804,FIXTURE
13-2053,53,2503,FIXTURE
13-2053,54,583,FIXTURE
13-2053,55,1915,FIXTURE
13-2053,56,187,FIXTURE
13-2054,01,823,FIXTURE
13-2054,02,120,FIXTURE
13-2054,04,1172,FIXTURE
13-2054,05,494,FIXTURE
13-2054,06,6480,FIXTURE
13-2054,08,946,FIXTURE
13-2054,09,591,FIXTURE
13-2054,10,162,FIXTURE
13-2054,11,113,FIXTURE
13-2054,12,3530,FIXTURE
13-2054,13,1756,FIXTURE
13-2054,15,238,FIXTURE
13-2054,16,301,FIXTURE
13-2054,17,2100,FIXTURE
13-2054,18,1112,FIXTURE
13-2054,19,523,FIXTURE
13-2054,20,481,FIXTURE
13-2054,21,738,FIXTURE
13-2054,22,763,FIXTURE
13-2054,23,223,FIXTURE
13-2054,24,1012,FIXTURE
13-2054,25,1152,FIXTURE
13-2054,26,1652,FIXTURE
13-2054,27,935,FIXTURE
13-2054,28,485,FIXTURE
13-2054,29,1009,FIXTURE
13-2054,30,178,FIXTURE
13-2054,31,321,FIXTURE
13-2054,32,509,FIXTURE
13-2054,33,226,FIXTURE
13-2054,34,1522,FIXTURE
13-2054,35,347,FIXTURE
13-2054,36,3311,FIXTURE
13-2054,37,1711,FIXTURE
13-2054,38,128,FIXTURE
13-2054,39,1934,FIXTURE
13-2054,40,649,FIXTURE
13-2054,41,694,FIXTURE
13-2054,42,2131,FIXTURE
13-2054,44,180,FIXTURE
13-2054,45,839,FIXTURE
13-2054,46,145,FIXTURE
13-2054,47,1133,FIXTURE
13-2054,48,4777,FIXTURE
13-2054,49,536,FIXTURE
13-2054,50,105,FIXTURE
13-2054,51,1415,FIXTURE
13-2054,53,1263,FIXTURE
13-2054,54,294,FIXTURE
13-2054,55,966,FIXTURE
13-2054,56,95,FIXTURE
13-2061,01,921,FIXTURE
13-2061,02,134,FIXTURE
13-2061,04,1311,FIXTURE
13-2061,05,552,FIXTURE
13-2061,06,7247,FIXTURE
13-2061,08,1058,FIXTURE
13-2061,09,661,FIXTURE
13-2061,10,181,FIXTURE
13-2061,11,126,FIXTURE
13-2061,12,3948,FIXTURE
13-2061,13,1963,FIXTURE
13-2061,15,267,FIXTURE
13-2061,16,337,FIXTURE
13-2061,17,2348,FIXTURE
13-2061,18,1244,FIXTURE
13-2061,19,585,FIXTURE
13-2061,20,538,FIXTURE
13-2061,21,826,FIXTURE
13-2061,22,854,FIXTURE
13-2061,23,250,FIXTURE
13-2061,24,1132,FIXTURE
13-2061,25,1288,FIXTURE
13-2061,26,1847,FIXTURE
13-2061,27,1046,FIXTURE
13-2061,28,543,FIXTURE
13-2061,29,1128,FIXTURE
13-2061,30,199,FIXTURE
13-2061,31,359,FIXTURE
13-2061,32,569,FIXTURE
13-2061,33,252,FIXTURE
13-2061,34,1703,FIXTURE
13-2061,35,388,FIXTURE
13-2061,36,3703,FIXTURE
13-2061,37,1913,FIXTURE
13-2061,38,143,FIXTURE
13-2061,39,2163,FIXTURE
13-2061,40,726,FIXTURE
13-2061,41,777,FIXTURE
13-2061,42,2383,FIXTURE
13-2061,44,201,FIXTURE
13-2061,45,938,FIXTURE
13-2061,46,162,FIXTURE
13-2061,47,1267,FIXTURE
13-2061,48,5342,FIXTURE
13-2061,49,600,FIXTURE
13-2061,50,118,FIXTURE
13-2061,51,1582,FIXTURE
13-2061,53,1412,FIXTURE
13-2061,54,329,FIXTURE
13-2061,55,1080,FIXTURE
13-2061,56,106,FIXTURE
13-2071,01,473,FIXTURE
13-2071,02,69,FIXTURE
13-2071,04,674,FIXTURE
13-2071,05,284,FIXTURE
13-2071,06,3725,FIXTURE
13-2071,08,544,FIXTURE
13-2071,09,340,FIXTURE
13-2071,10,93,FIXTURE
13-2071,11,65,FIXTURE
13-2071,12,2029,FIXTURE
13-2071,13,1009,FIXTURE
13-2071,15,137,FIXTURE
13-2071,16,173,FIXTURE
13-2071,17,1207,FIXTURE
13-2071,18,639,FIXTURE
13-2071,19,301,FIXTURE
13-2071,20,277,FIXTURE
13-2071,21,425,FIXTURE
13-2071,22,439,FIXTURE
13-2071,23,128,FIXTURE
13-2071,24,582,FIXTURE
13-2071,25,662,FIXTURE
13-2071,26,950,FIXTURE
13-2071,27,538,FIXTURE
13-2071,28,279,FIXTURE
13-2071,29,580,FIXTURE
13-2071,30,102,FIXTURE
13-2071,31,185,FIXTURE
13-2071,32,293,FIXTURE
13-2071,33,130,FIXTURE
13-2071,34,875,FIXTURE
13-2071,35,200,FIXTURE
13-2071,36,1904,FIXTURE
13-2071,37,984,FIXTURE
13-2071,38,74,FIXTURE
13-2071,39,1112,FIXTURE
13-2071,40,373,FIXTURE
13-2071,41,399,FIXTURE
13-2071,42,1225,FIXTURE
13-2071,44,103,FIXTURE
13-2071,45,482,FIXTURE
13-2071,46,84,FIXTURE
13-2071,47,651,FIXTURE
13-2071,48,2746,FIXTURE
13-2071,49,308,FIXTURE
13-2071,50,61,FIXTURE
13-2071,51,813,FIXTURE
13-2071,53,726,FIXTURE
13-2071,54,169,FIXTURE
13-2071,55,555,FIXTURE
13-2071,56,54,FIXTURE
13-2072,01,5156,FIXTURE
13-2072,02,753,FIXTURE
13-2072,04,7340,FIXTURE
13-2072,05,3091,FIXTURE
13-2072,06,40578,FIXTURE
13-2072,08,5926,FIXTURE
13-2072,09,3701,FIXTURE
13-2072,10,1016,FIXTURE
13-2072,11,708,FIXTURE
13-2072,12,22105,FIXTURE
13-2072,13,10994,FIXTURE
13-2072,15,1494,FIXTURE
13-2072,16,1887,FIXTURE
13-2072,17,13150,FIXTURE
13-2072,18,6964,FIXTURE
13-2072,19,3274,FIXTURE
13-2072,20,3015,FIXTURE
13-2072,21,4624,FIXTURE
13-2072,22,4780,FIXTURE
13-2072,23,1398,FIXTURE
13-2072,24,6340,FIXTURE
13-2072,25,7215,FIXTURE
13-2072,26,10342,FIXTURE
13-2072,27,5857,FIXTURE
13-2072,28,3039,FIXTURE
13-2072,29,6317,FIXTURE
13-2072,30,1113,FIXTURE
13-2072,31,2013,FIXTURE
13-2072,32,3186,FIXTURE
13-2072,33,1414,FIXTURE
13-2072,34,9533,FIXTURE
13-2072,35,2173,FIXTURE
13-2072,36,20733,FIXTURE
13-2072,37,10714,FIXTURE
13-2072,38,800,FIXTURE
13-2072,39,12110,FIXTURE
13-2072,40,4063,FIXTURE
13-2072,41,4349,FIXTURE
13-2072,42,13345,FIXTURE
13-2072,44,1126,FIXTURE
13-2072,45,5253,FIXTURE
13-2072,46,910,FIXTURE
13-2072,47,7093,FIXTURE
13-2072,48,29912,FIXTURE
13-2072,49,3358,FIXTURE
13-2072,50,660,FIXTURE
13-2072,51,8858,FIXTURE
13-2072,53,7908,FIXTURE
13-2072,54,1841,FIXTURE
13-2072,55,6049,FIXTURE
13-2072,56,592,FIXTURE
13-2081,01,792,FIXTURE
13-2081,02,116,FIXTURE
13-2081,04,1128,FIXTURE
13-2081,05,475,FIXTURE
13-2081,06,6235,FIXTURE
13-2081,08,910,FIXTURE
13-2081,09,569,FIXTURE
13-2081,10,156,FIXTURE
13-2081,11,109,FIXTURE
13-2081,12,3397,FIXTURE
13-2081,13,1689,FIXTURE
13-2081,15,229,FIXTURE
13-2081,16,290,FIXTURE
13-2081,17,2021,FIXTURE
13-2081,18,1070,FIXTURE
13-2081,19,503,FIXTURE
13-2081,20,463,FIXTURE
13-2081,21,711,FIXTURE
13-2081,22,735,FIXTURE
13-2081,23,215,FIXTURE
13-2081,24,974,FIXTURE
13-2081,25,1109,FIXTURE
13-2081,26,1589,FIXTURE
13-2081,27,900,FIXTURE
13-2081,28,467,FIXTURE
13-2081,29,971,FIXTURE
13-2081,30,171,FIXTURE
13-2081,31,309,FIXTURE
13-2081,32,490,FIXTURE
13-2081,33,217,FIXTURE
13-2081,34,1465,FIXTURE
13-2081,35,334,FIXTURE
13-2081,36,3186,FIXTURE
13-2081,37,1646,FIXTURE
13-2081,38,123,FIXTURE
13-2081,39,1861,FIXTURE
13-2081,40,624,FIXTURE
13-2081,41,668,FIXTURE
13-2081,42,2051,FIXTURE
13-2081,44,173,FIXTURE
13-2081,45,807,FIXTURE
13-2081,46,140,FIXTURE
13-2081,47,1090,FIXTURE
13-2081,48,4596,FIXTURE
13-2081,49,516,FIXTURE
13-2081,50,101,FIXTURE
13-2081,51,1361,FIXTURE
13-2081,53,1215,FIXTURE
13-2081,54,283,FIXTURE
13-2081,55,929,FIXTURE
13-2081,56,91,FIXTURE
13-2082,01,1261,FIXTURE
13-2082,02,184,FIXTURE
13-2082,04,1795,FIXTURE
13-2082,05,756,FIXTURE
13-2082,06,9924,FIXTURE
13-2082,08,1449,FIXTURE
13-2082,09,905,FIXTURE
13-2082,10,248,FIXTURE
13-2082,11,173,FIXTURE
13-2082,12,5406,FIXTURE
13-2082,13,2689,FIXTURE
13-2082,15,365,FIXTURE
13-2082,16,462,FIXTURE
13-2082,17,3216,FIXTURE
13-2082,18,1703,FIXTURE
13-2082,19,801,FIXTURE
13-2082,20,737,FIXTURE
13-2082,21,1131,FIXTURE
13-2082,22,1169,FIXTURE
13-2082,23,342,FIXTURE
13-2082,24,1550,FIXTURE
13-2082,25,1764,FIXTURE
13-2082,26,2529,FIXTURE
13-2082,27,1432,FIXTURE
13-2082,28,743,FIXTURE
13-2082,29,1545,FIXTURE
13-2082,30,272,FIXTURE
13-2082,31,492,FIXTURE
13-2082,32,779,FIXTURE
13-2082,33,346,FIXTURE
13-2082,34,2331,FIXTURE
13-2082,35,532,FIXTURE
13-2082,36,5070,FIXTURE
13-2082,37,2620,FIXTURE
13-2082,38,196,FIXTURE
13-2082,39,2962,FIXTURE
13-2082,40,994,FIXTURE
13-2082,41,1064,FIXTURE
13-2082,42,3264,FIXTURE
13-2082,44,275,FIXTURE
13-2082,45,1285,FIXTURE
13-2082,46,223,FIXTURE
13-2082,47,1735,FIXTURE
13-2082,48,7315,FIXTURE
13-2082,49,821,FIXTURE
13-2082,50,161,FIXTURE
13-2082,51,2166,FIXTURE
13-2082,53,1934,FIXTURE
13-2082,54,450,FIXTURE
13-2082,55,1479,FIXTURE
13-2082,56,145,FIXTURE
13-2099,01,1868,FIXTURE
13-2099,02,273,FIXTURE
13-2099,04,2658,FIXTURE
13-2099,05,1119,FIXTURE
13-2099,06,14696,FIXTURE
13-2099,08,2146,FIXTURE
13-2099,09,1340,FIXTURE
13-2099,10,368,FIXTURE
13-2099,11,256,FIXTURE
13-2099,12,8006,FIXTURE
13-2099,13,3982,FIXTURE
13-2099,15,541,FIXTURE
13-2099,16,684,FIXTURE
13-2099,17,4762,FIXTURE
13-2099,18,2522,FIXTURE
13-2099,19,1186,FIXTURE
13-2099,20,1092,FIXTURE
13-2099,21,1675,FIXTURE
13-2099,22,1731,FIXTURE
13-2099,23,506,FIXTURE
13-2099,24,2296,FIXTURE
13-2099,25,2613,FIXTURE
13-2099,26,3746,FIXTURE
13-2099,27,2121,FIXTURE
13-2099,28,1101,FIXTURE
13-2099,29,2288,FIXTURE
13-2099,30,403,FIXTURE
13-2099,31,729,FIXTURE
13-2099,32,1154,FIXTURE
13-2099,33,512,FIXTURE
13-2099,34,3453,FIXTURE
13-2099,35,787,FIXTURE
13-2099,36,7509,FIXTURE
13-2099,37,3880,FIXTURE
13-2099,38,290,FIXTURE
13-2099,39,4386,FIXTURE
13-2099,40,1472,FIXTURE
13-2099,41,1575,FIXTURE
13-2099,42,4833,FIXTURE
13-2099,44,408,FIXTURE
13-2099,45,1902,FIXTURE
13-2099,46,330,FIXTURE
13-2099,47,2569,FIXTURE
13-2099,48,10833,FIXTURE
13-2099,49,1216,FIXTURE
13-2099,50,239,FIXTURE
13-2099,51,3208,FIXTURE
13-2099,53,2864,FIXTURE
13-2099,54,667,FIXTURE
13-2099,55,2191,FIXTURE
13-2099,56,214,FIXTURE
15-1211,01,7657,FIXTURE
15-1211,02,1118,FIXTURE
15-1211,04,10899,FIXTURE
15-1211,05,4590,FIXTURE
15-1211,06,60259,FIXTURE
15-1211,08,8800,FIXTURE
15-1211,09,5496,FIXTURE
15-1211,10,1509,FIXTURE
15-1211,11,1051,FIXTURE
15-1211,12,32826,FIXTURE
15-1211,13,16326,FIXTURE
15-1211,15,2218,FIXTURE
15-1211,16,2803,FIXTURE
15-1211,17,19527,FIXTURE
15-1211,18,10342,FIXTURE
15-1211,19,4862,FIXTURE
15-1211,20,4478,FIXTURE
15-1211,21,6867,FIXTURE
15-1211,22,7099,FIXTURE
15-1211,23,2076,FIXTURE
15-1211,24,9415,FIXTURE
15-1211,25,10714,FIXTURE
15-1211,26,15359,FIXTURE
15-1211,27,8697,FIXTURE
15-1211,28,4513,FIXTURE
15-1211,29,9380,FIXTURE
15-1211,30,1652,FIXTURE
15-1211,31,2989,FIXTURE
15-1211,32,4732,FIXTURE
15-1211,33,2099,FIXTURE
15-1211,34,14157,FIXTURE
15-1211,35,3227,FIXTURE
15-1211,36,30788,FIXTURE
15-1211,37,15910,FIXTURE
15-1211,38,1187,FIXTURE
15-1211,39,17983,FIXTURE
15-1211,40,6034,FIXTURE
15-1211,41,6458,FIXTURE
15-1211,42,19817,FIXTURE
15-1211,44,1672,FIXTURE
15-1211,45,7801,FIXTURE
15-1211,46,1351,FIXTURE
15-1211,47,10533,FIXTURE
15-1211,48,44420,FIXTURE
15-1211,49,4986,FIXTURE
15-1211,50,980,FIXTURE
15-1211,51,13155,FIXTURE
15-1211,53,11743,FIXTURE
15-1211,54,2734,FIXTURE
15-1211,55,8982,FIXTURE
15-1211,56,879,FIXTURE
15-1212,01,2383,FIXTURE
15-1212,02,348,FIXTURE
15-1212,04,3392,FIXTURE
15-1212,05,1428,FIXTURE
15-1212,06,18755,FIXTURE
15-1212,08,2739,FIXTURE
15-1212,09,1710,FIXTURE
15-1212,10,470,FIXTURE
15-1212,11,327,FIXTURE
15-1212,12,10216,FIXTURE
15-1212,13,5081,FIXTURE
15-1212,15,690,FIXTURE
15-1212,16,872,FIXTURE
15-1212,17,6077,FIXTURE
15-1212,18,3219,FIXTURE
15-1212,19,1513,FIXTURE
15-1212,20,1394,FIXTURE
15-1212,21,2137,FIXTURE
15-1212,22,2209,FIXTURE
15-1212,23,646,FIXTURE
15-1212,24,2930,FIXTURE
15-1212,25,3335,FIXTURE
15-1212,26,4780,FIXTURE
15-1212,27,2707,FIXTURE
15-1212,28,1405,FIXTURE
15-1212,29,2920,FIXTURE
15-1212,30,514,FIXTURE
15-1212,31,930,FIXTURE
15-1212,32,1473,FIXTURE
15-1212,33,653,FIXTURE
15-1212,34,4406,FIXTURE
15-1212,35,1004,FIXTURE
15-1212,36,9582,FIXTURE
15-1212,37,4952,FIXTURE
15-1212,38,370,FIXTURE
15-1212,39,5597,FIXTURE
15-1212,40,1878,FIXTURE
15-1212,41,2010,FIXTURE
15-1212,42,6168,FIXTURE
15-1212,44,521,FIXTURE
15-1212,45,2428,FIXTURE
15-1212,46,421,FIXTURE
15-1212,47,3278,FIXTURE
15-1212,48,13825,FIXTURE
15-1212,49,1552,FIXTURE
15-1212,50,305,FIXTURE
15-1212,51,4094,FIXTURE
15-1212,53,3655,FIXTURE
15-1212,54,851,FIXTURE
15-1212,55,2796,FIXTURE
15-1212,56,274,FIXTURE
15-1221,01,468,FIXTURE
15-1221,02,68,FIXTURE
15-1221,04,665,FIXTURE
15-1221,05,280,FIXTURE
15-1221,06,3679,FIXTURE
15-1221,08,537,FIXTURE
15-1221,09,336,FIXTURE
15-1221,10,92,FIXTURE
15-1221,11,64,FIXTURE
15-1221,12,2004,FIXTURE
15-1221,13,997,FIXTURE
15-1221,15,135,FIXTURE
15-1221,16,171,FIXTURE
15-1221,17,1192,FIXTURE
15-1221,18,631,FIXTURE
15-1221,19,297,FIXTURE
15-1221,20,273,FIXTURE
15-1221,21,419,FIXTURE
15-1221,22,433,FIXTURE
15-1221,23,127,FIXTURE
15-1221,24,575,FIXTURE
15-1221,25,654,FIXTURE
15-1221,26,938,FIXTURE
15-1221,27,531,FIXTURE
15-1221,28,276,FIXTURE
15-1221,29,573,FIXTURE
15-1221,30,101,FIXTURE
15-1221,31,183,FIXTURE
15-1221,32,289,FIXTURE
15-1221,33,128,FIXTURE
15-1221,34,864,FIXTURE
15-1221,35,197,FIXTURE
15-1221,36,1880,FIXTURE
15-1221,37,971,FIXTURE
15-1221,38,73,FIXTURE
15-1221,39,1098,FIXTURE
15-1221,40,368,FIXTURE
15-1221,41,394,FIXTURE
15-1221,42,1210,FIXTURE
15-1221,44,102,FIXTURE
15-1221,45,476,FIXTURE
15-1221,46,83,FIXTURE
15-1221,47,643,FIXTURE
15-1221,48,2712,FIXTURE
15-1221,49,304,FIXTURE
15-1221,50,60,FIXTURE
15-1221,51,803,FIXTURE
15-1221,53,717,FIXTURE
15-1221,54,167,FIXTURE
15-1221,55,548,FIXTURE
15-1221,56,54,FIXTURE
15-1231,01,2671,FIXTURE
15-1231,02,390,FIXTURE
15-1231,04,3802,FIXTURE
15-1231,05,1601,FIXTURE
15-1231,06,21019,FIXTURE
15-1231,08,3069,FIXTURE
15-1231,09,1917,FIXTURE
15-1231,10,526,FIXTURE
15-1231,11,367,FIXTURE
15-1231,12,11450,FIXTURE
15-1231,13,5694,FIXTURE
15-1231,15,774,FIXTURE
15-1231,16,978,FIXTURE
15-1231,17,6811,FIXTURE
15-1231,18,3607,FIXTURE
15-1231,19,1696,FIXTURE
15-1231,20,1562,FIXTURE
15-1231,21,2395,FIXTURE
15-1231,22,2476,FIXTURE
15-1231,23,724,FIXTURE
15-1231,24,3284,FIXTURE
15-1231,25,3737,FIXTURE
15-1231,26,5357,FIXTURE
15-1231,27,3034,FIXTURE
15-1231,28,1574,FIXTURE
15-1231,29,3272,FIXTURE
15-1231,30,576,FIXTURE
15-1231,31,1043,FIXTURE
15-1231,32,1650,FIXTURE
15-1231,33,732,FIXTURE
15-1231,34,4938,FIXTURE
15-1231,35,1126,FIXTURE
15-1231,36,10739,FIXTURE
15-1231,37,5550,FIXTURE
15-1231,38,414,FIXTURE
15-1231,39,6273,FIXTURE
15-1231,40,2105,FIXTURE
15-1231,41,2253,FIXTURE
15-1231,42,6912,FIXTURE
15-1231,44,583,FIXTURE
15-1231,45,2721,FIXTURE
15-1231,46,471,FIXTURE
15-1231,47,3674,FIXTURE
15-1231,48,15494,FIXTURE
15-1231,49,1739,FIXTURE
15-1231,50,342,FIXTURE
15-1231,51,4588,FIXTURE
15-1231,53,4096,FIXTURE
15-1231,54,954,FIXTURE
15-1231,55,3133,FIXTURE
15-1231,56,307,FIXTURE
15-1232,01,9918,FIXTURE
15-1232,02,1448,FIXTURE
15-1232,04,14118,FIXTURE
15-1232,05,5945,FIXTURE
15-1232,06,78052,FIXTURE
15-1232,08,11398,FIXTURE
15-1232,09,7118,FIXTURE
15-1232,10,1954,FIXTURE
15-1232,11,1361,FIXTURE
15-1232,12,42518,FIXTURE
15-1232,13,21146,FIXTURE
15-1232,15,2873,FIXTURE
15-1232,16,3631,FIXTURE
15-1232,17,25293,FIXTURE
15-1232,18,13395,FIXTURE
15-1232,19,6298,FIXTURE
15-1232,20,5800,FIXTURE
15-1232,21,8895,FIXTURE
15-1232,22,9195,FIXTURE
15-1232,23,2689,FIXTURE
15-1232,24,12194,FIXTURE
15-1232,25,13878,FIXTURE
15-1232,26,19894,FIXTURE
15-1232,27,11265,FIXTURE
15-1232,28,5846,FIXTURE
15-1232,29,12150,FIXTURE
15-1232,30,2140,FIXTURE
15-1232,31,3872,FIXTURE
15-1232,32,6129,FIXTURE
15-1232,33,2719,FIXTURE
15-1232,34,18337,FIXTURE
15-1232,35,4180,FIXTURE
15-1232,36,39879,FIXTURE
15-1232,37,20608,FIXTURE
15-1232,38,1538,FIXTURE
15-1232,39,23293,FIXTURE
15-1232,40,7816,FIXTURE
15-1232,41,8365,FIXTURE
15-1232,42,25669,FIXTURE
15-1232,44,2166,FIXTURE
15-1232,45,10104,FIXTURE
15-1232,46,1750,FIXTURE
15-1232,47,13643,FIXTURE
15-1232,48,57536,FIXTURE
15-1232,49,6459,FIXTURE
15-1232,50,1270,FIXTURE
15-1232,51,17039,FIXTURE
15-1232,53,15211,FIXTURE
15-1232,54,3541,FIXTURE
15-1232,55,11635,FIXTURE
15-1232,56,1139,FIXTURE
15-1241,01,2559,FIXTURE
15-1241,02,374,FIXTURE
15-1241,04,3643,FIXTURE
15-1241,05,1534,FIXTURE
15-1241,06,20140,FIXTURE
15-1241,08,2941,FIXTURE
15-1241,09,1837,FIXTURE
15-1241,10,504,FIXTURE
15-1241,11,351,FIXTURE
15-1241,12,10971,FIXTURE
15-1241,13,5456,FIXTURE
15-1241,15,741,FIXTURE
15-1241,16,937,FIXTURE
15-1241,17,6526,FIXTURE
15-1241,18,3456,FIXTURE
15-1241,19,1625,FIXTURE
15-1241,20,1496,FIXTURE
15-1241,21,2295,FIXTURE
15-1241,22,2373,FIXTURE
15-1241,23,694,FIXTURE
15-1241,24,3146,FIXTURE
15-1241,25,3581,FIXTURE
15-1241,26,5133,FIXTURE
15-1241,27,2907,FIXTURE
15-1241,28,1508,FIXTURE
15-1241,29,3135,FIXTURE
15-1241,30,552,FIXTURE
15-1241,31,999,FIXTURE
15-1241,32,1581,FIXTURE
15-1241,33,702,FIXTURE
15-1241,34,4732,FIXTURE
15-1241,35,1079,FIXTURE
15-1241,36,10290,FIXTURE
15-1241,37,5317,FIXTURE
15-1241,38,397,FIXTURE
15-1241,39,6010,FIXTURE
15-1241,40,2017,FIXTURE
15-1241,41,2158,FIXTURE
15-1241,42,6623,FIXTURE
15-1241,44,559,FIXTURE
15-1241,45,2607,FIXTURE
15-1241,46,452,FIXTURE
15-1241,47,3520,FIXTURE
15-1241,48,14846,FIXTURE
15-1241,49,1666,FIXTURE
15-1241,50,328,FIXTURE
15-1241,51,4397,FIXTURE
15-1241,53,3925,FIXTURE
15-1241,54,914,FIXTURE
15-1241,55,3002,FIXTURE
15-1241,56,294,FIXTURE
15-1242,01,1302,FIXTURE
15-1242,02,190,FIXTURE
15-1242,04,1853,FIXTURE
15-1242,05,780,FIXTURE
15-1242,06,10243,FIXTURE
15-1242,08,1496,FIXTURE
15-1242,09,934,FIXTURE
15-1242,10,256,FIXTURE
15-1242,11,179,FIXTURE
15-1242,12,5580,FIXTURE
15-1242,13,2775,FIXTURE
15-1242,15,377,FIXTURE
15-1242,16,476,FIXTURE
15-1242,17,3319,FIXTURE
15-1242,18,1758,FIXTURE
15-1242,19,827,FIXTURE
15-1242,20,761,FIXTURE
15-1242,21,1167,FIXTURE
15-1242,22,1207,FIXTURE
15-1242,23,353,FIXTURE
15-1242,24,1600,FIXTURE
15-1242,25,1821,FIXTURE
15-1242,26,2611,FIXTURE
15-1242,27,1478,FIXTURE
15-1242,28,767,FIXTURE
15-1242,29,1595,FIXTURE
15-1242,30,281,FIXTURE
15-1242,31,508,FIXTURE
15-1242,32,804,FIXTURE
15-1242,33,357,FIXTURE
15-1242,34,2406,FIXTURE
15-1242,35,549,FIXTURE
15-1242,36,5234,FIXTURE
15-1242,37,2705,FIXTURE
15-1242,38,202,FIXTURE
15-1242,39,3057,FIXTURE
15-1242,40,1026,FIXTURE
15-1242,41,1098,FIXTURE
15-1242,42,3369,FIXTURE
15-1242,44,284,FIXTURE
15-1242,45,1326,FIXTURE
15-1242,46,230,FIXTURE
15-1242,47,1790,FIXTURE
15-1242,48,7551,FIXTURE
15-1242,49,848,FIXTURE
15-1242,50,167,FIXTURE
15-1242,51,2236,FIXTURE
15-1242,53,1996,FIXTURE
15-1242,54,465,FIXTURE
15-1242,55,1527,FIXTURE
15-1242,56,149,FIXTURE
15-1243,01,765,FIXTURE
15-1243,02,112,FIXTURE
15-1243,04,1088,FIXTURE
15-1243,05,458,FIXTURE
15-1243,06,6017,FIXTURE
15-1243,08,879,FIXTURE
15-1243,09,549,FIXTURE
15-1243,10,151,FIXTURE
15-1243,11,105,FIXTURE
15-1243,12,3278,FIXTURE
15-1243,13,1630,FIXTURE
15-1243,15,221,FIXTURE
15-1243,16,280,FIXTURE
15-1243,17,1950,FIXTURE
15-1243,18,1033,FIXTURE
15-1243,19,485,FIXTURE
15-1243,20,447,FIXTURE
15-1243,21,686,FIXTURE
15-1243,22,709,FIXTURE
15-1243,23,207,FIXTURE
15-1243,24,940,FIXTURE
15-1243,25,1070,FIXTURE
15-1243,26,1533,FIXTURE
15-1243,27,868,FIXTURE
15-1243,28,451,FIXTURE
15-1243,29,937,FIXTURE
15-1243,30,165,FIXTURE
15-1243,31,298,FIXTURE
15-1243,32,472,FIXTURE
15-1243,33,210,FIXTURE
15-1243,34,1414,FIXTURE
15-1243,35,322,FIXTURE
15-1243,36,3074,FIXTURE
15-1243,37,1589,FIXTURE
15-1243,38,118,FIXTURE
15-1243,39,1796,FIXTURE
15-1243,40,602,FIXTURE
15-1243,41,645,FIXTURE
15-1243,42,1979,FIXTURE
15-1243,44,167,FIXTURE
15-1243,45,779,FIXTURE
15-1243,46,135,FIXTURE
15-1243,47,1052,FIXTURE
15-1243,48,4435,FIXTURE
15-1243,49,498,FIXTURE
15-1243,50,98,FIXTURE
15-1243,51,1313,FIXTURE
15-1243,53,1172,FIXTURE
15-1243,54,273,FIXTURE
15-1243,55,897,FIXTURE
15-1243,56,88,FIXTURE
15-1244,01,4802,FIXTURE
15-1244,02,701,FIXTURE
15-1244,04,6834,FIXTURE
15-1244,05,2878,FIXTURE
15-1244,06,37786,FIXTURE
15-1244,08,5518,FIXTURE
15-1244,09,3446,FIXTURE
15-1244,10,946,FIXTURE
15-1244,11,659,FIXTURE
15-1244,12,20584,FIXTURE
15-1244,13,10237,FIXTURE
15-1244,15,1391,FIXTURE
15-1244,16,1758,FIXTURE
15-1244,17,12245,FIXTURE
15-1244,18,6485,FIXTURE
15-1244,19,3049,FIXTURE
15-1244,20,2808,FIXTURE
15-1244,21,4306,FIXTURE
15-1244,22,4451,FIXTURE
15-1244,23,1302,FIXTURE
15-1244,24,5903,FIXTURE
15-1244,25,6718,FIXTURE
15-1244,26,9631,FIXTURE
15-1244,27,5454,FIXTURE
15-1244,28,2830,FIXTURE
15-1244,29,5882,FIXTURE
15-1244,30,1036,FIXTURE
15-1244,31,1875,FIXTURE
15-1244,32,2967,FIXTURE
15-1244,33,1316,FIXTURE
15-1244,34,8877,FIXTURE
15-1244,35,2024,FIXTURE
15-1244,36,19306,FIXTURE
15-1244,37,9977,FIXTURE
15-1244,38,745,FIXTURE
15-1244,39,11276,FIXTURE
15-1244,40,3784,FIXTURE
15-1244,41,4049,FIXTURE
15-1244,42,12426,FIXTURE
15-1244,44,1049,FIXTURE
15-1244,45,4892,FIXTURE
15-1244,46,847,FIXTURE
15-1244,47,6604,FIXTURE
15-1244,48,27854,FIXTURE
15-1244,49,3127,FIXTURE
15-1244,50,615,FIXTURE
15-1244,51,8249,FIXTURE
15-1244,53,7364,FIXTURE
15-1244,54,1714,FIXTURE
15-1244,55,5632,FIXTURE
15-1244,56,551,FIXTURE
15-1251,01,2313,FIXTURE
15-1251,02,338,FIXTURE
15-1251,04,3293,FIXTURE
15-1251,05,1387,FIXTURE
15-1251,06,18205,FIXTURE
15-1251,08,2658,FIXTURE
15-1251,09,1660,FIXTURE
15-1251,10,456,FIXTURE
15-1251,11,317,FIXTURE
15-1251,12,9917,FIXTURE
15-1251,13,4932,FIXTURE
15-1251,15,670,FIXTURE
15-1251,16,847,FIXTURE
15-1251,17,5899,FIXTURE
15-1251,18,3124,FIXTURE
15-1251,19,1469,FIXTURE
15-1251,20,1353,FIXTURE
15-1251,21,2075,FIXTURE
15-1251,22,2145,FIXTURE
15-1251,23,627,FIXTURE
15-1251,24,2844,FIXTURE
15-1251,25,3237,FIXTURE
15-1251,26,4640,FIXTURE
15-1251,27,2627,FIXTURE
15-1251,28,1363,FIXTURE
15-1251,29,2834,FIXTURE
15-1251,30,499,FIXTURE
15-1251,31,903,FIXTURE
15-1251,32,1429,FIXTURE
15-1251,33,634,FIXTURE
15-1251,34,4277,FIXTURE
15-1251,35,975,FIXTURE
15-1251,36,9301,FIXTURE
15-1251,37,4807,FIXTURE
15-1251,38,359,FIXTURE
15-1251,39,5433,FIXTURE
15-1251,40,1823,FIXTURE
15-1251,41,1951,FIXTURE
15-1251,42,5987,FIXTURE
15-1251,44,505,FIXTURE
15-1251,45,2357,FIXTURE
15-1251,46,408,FIXTURE
15-1251,47,3182,FIXTURE
15-1251,48,13420,FIXTURE
15-1251,49,1506,FIXTURE
15-1251,50,296,FIXTURE
15-1251,51,3974,FIXTURE
15-1251,53,3548,FIXTURE
15-1251,54,826,FIXTURE
15-1251,55,2714,FIXTURE
15-1251,56,266,FIXTURE
15-1252,01,20679,FIXTURE
15-1252,02,3019,FIXTURE
15-1252,04,29434,FIXTURE
15-1252,05,12395,FIXTURE
15-1252,06,162732,FIXTURE
15-1252,08,23764,FIXTURE
15-1252,09,14841,FIXTURE
15-1252,10,4074,FIXTURE
15-1252,11,2838,FIXTURE
15-1252,12,88647,FIXTURE
15-1252,13,44088,FIXTURE
15-1252,15,5990,FIXTURE
15-1252,16,7569,FIXTURE
15-1252,17,52734,FIXTURE
15-1252,18,27928,FIXTURE
15-1252,19,13131,FIXTURE
15-1252,20,12092,FIXTURE
15-1252,21,18545,FIXTURE
15-1252,22,19170,FIXTURE
15-1252,23,5607,FIXTURE
15-1252,24,25424,FIXTURE
15-1252,25,28934,FIXTURE
15-1252,26,41476,FIXTURE
15-1252,27,23487,FIXTURE
15-1252,28,12188,FIXTURE
15-1252,29,25332,FIXTURE
15-1252,30,4462,FIXTURE
15-1252,31,8073,FIXTURE
15-1252,32,12778,FIXTURE
15-1252,33,5670,FIXTURE
15-1252,34,38232,FIXTURE
15-1252,35,8715,FIXTURE
15-1252,36,83144,FIXTURE
15-1252,37,42967,FIXTURE
15-1252,38,3207,FIXTURE
15-1252,39,48564,FIXTURE
15-1252,40,16296,FIXTURE
15-1252,41,17440,FIXTURE
15-1252,42,53517,FIXTURE
15-1252,44,4517,FIXTURE
15-1252,45,21066,FIXTURE
15-1252,46,3649,FIXTURE
15-1252,47,28444,FIXTURE
15-1252,48,119957,FIXTURE
15-1252,49,13465,FIXTURE
15-1252,50,2647,FIXTURE
15-1252,51,35525,FIXTURE
15-1252,53,31713,FIXTURE
15-1252,54,7383,FIXTURE
15-1252,55,24257,FIXTURE
15-1252,56,2374,FIXTURE
15-1253,01,2882,FIXTURE
15-1253,02,421,FIXTURE
15-1253,04,4102,FIXTURE
15-1253,05,1727,FIXTURE
15-1253,06,22679,FIXTURE
15-1253,08,3312,FIXTURE
15-1253,09,2068,FIXTURE
15-1253,10,568,FIXTURE
15-1253,11,396,FIXTURE
15-1253,12,12354,FIXTURE
15-1253,13,6144,FIXTURE
15-1253,15,835,FIXTURE
15-1253,16,1055,FIXTURE
15-1253,17,7349,FIXTURE
15-1253,18,3892,FIXTURE
15-1253,19,1830,FIXTURE
15-1253,20,1685,FIXTURE
15-1253,21,2585,FIXTURE
15-1253,22,2672,FIXTURE
15-1253,23,781,FIXTURE
15-1253,24,3543,FIXTURE
15-1253,25,4032,FIXTURE
15-1253,26,5780,FIXTURE
15-1253,27,3273,FIXTURE
15-1253,28,1699,FIXTURE
15-1253,29,3530,FIXTURE
15-1253,30,622,FIXTURE
15-1253,31,1125,FIXTURE
15-1253,32,1781,FIXTURE
15-1253,33,790,FIXTURE
15-1253,34,5328,FIXTURE
15-1253,35,1215,FIXTURE
15-1253,36,11588,FIXTURE
15-1253,37,5988,FIXTURE
15-1253,38,447,FIXTURE
15-1253,39,6768,FIXTURE
15-1253,40,2271,FIXTURE
15-1253,41,2431,FIXTURE
15-1253,42,7458,FIXTURE
15-1253,44,629,FIXTURE
15-1253,45,2936,FIXTURE
15-1253,46,509,FIXTURE
15-1253,47,3964,FIXTURE
15-1253,48,16718,FIXTURE
15-1253,49,1877,FIXTURE
15-1253,50,369,FIXTURE
15-1253,51,4951,FIXTURE
15-1253,53,4420,FIXTURE
15-1253,54,1029,FIXTURE
15-1253,55,3381,FIXTURE
15-1253,56,331,FIXTURE
15-1254,01,1286,FIXTURE
15-1254,02,188,FIXTURE
15-1254,04,1830,FIXTURE
15-1254,05,771,FIXTURE
15-1254,06,10118,FIXTURE
15-1254,08,1478,FIXTURE
15-1254,09,923,FIXTURE
15-1254,10,253,FIXTURE
15-1254,11,176,FIXTURE
15-1254,12,5512,FIXTURE
15-1254,13,2741,FIXTURE
15-1254,15,372,FIXTURE
15-1254,16,471,FIXTURE
15-1254,17,3279,FIXTURE
15-1254,18,1736,FIXTURE
15-1254,19,816,FIXTURE
15-1254,20,752,FIXTURE
15-1254,21,1153,FIXTURE
15-1254,22,1192,FIXTURE
15-1254,23,349,FIXTURE
15-1254,24,1581,FIXTURE
15-1254,25,1799,FIXTURE
15-1254,26,2579,FIXTURE
15-1254,27,1460,FIXTURE
15-1254,28,758,FIXTURE
15-1254,29,1575,FIXTURE
15-1254,30,277,FIXTURE
15-1254,31,502,FIXTURE
15-1254,32,794,FIXTURE
15-1254,33,352,FIXTURE
15-1254,34,2377,FIXTURE
15-1254,35,542,FIXTURE
15-1254,36,5170,FIXTURE
15-1254,37,2671,FIXTURE
15-1254,38,199,FIXTURE
15-1254,39,3020,FIXTURE
15-1254,40,1013,FIXTURE
15-1254,41,1084,FIXTURE
15-1254,42,3327,FIXTURE
15-1254,44,281,FIXTURE
15-1254,45,1310,FIXTURE
15-1254,46,227,FIXTURE
15-1254,47,1769,FIXTURE
15-1254,48,7459,FIXTURE
15-1254,49,837,FIXTURE
15-1254,50,165,FIXTURE
15-1254,51,2209,FIXTURE
15-1254,53,1972,FIXTURE
15-1254,54,459,FIXTURE
15-1254,55,1508,FIXTURE
15-1254,56,148,FIXTURE
15-1255,01,1249,FIXTURE
15-1255,02,182,FIXTURE
15-1255,04,1777,FIXTURE
15-1255,05,749,FIXTURE
15-1255,06,9827,FIXTURE
15-1255,08,1435,FIXTURE
15-1255,09,896,FIXTURE
15-1255,10,246,FIXTURE
15-1255,11,171,FIXTURE
15-1255,12,5353,FIXTURE
15-1255,13,2662,FIXTURE
15-1255,15,362,FIXTURE
15-1255,16,457,FIXTURE
15-1255,17,3184,FIXTURE
15-1255,18,1687,FIXTURE
15-1255,19,793,FIXTURE
15-1255,20,730,FIXTURE
15-1255,21,1120,FIXTURE
15-1255,22,1158,FIXTURE
15-1255,23,339,FIXTURE
15-1255,24,1535,FIXTURE
15-1255,25,1747,FIXTURE
15-1255,26,2505,FIXTURE
15-1255,27,1418,FIXTURE
15-1255,28,736,FIXTURE
15-1255,29,1530,FIXTURE
15-1255,30,269,FIXTURE
15-1255,31,488,FIXTURE
15-1255,32,772,FIXTURE
15-1255,33,342,FIXTURE
15-1255,34,2309,FIXTURE
15-1255,35,526,FIXTURE
15-1255,36,5021,FIXTURE
15-1255,37,2595,FIXTURE
15-1255,38,194,FIXTURE
15-1255,39,2933,FIXTURE
15-1255,40,984,FIXTURE
15-1255,41,1053,FIXTURE
15-1255,42,3232,FIXTURE
15-1255,44,273,FIXTURE
15-1255,45,1272,FIXTURE
15-1255,46,220,FIXTURE
15-1255,47,1718,FIXTURE
15-1255,48,7244,FIXTURE
15-1255,49,813,FIXTURE
15-1255,50,160,FIXTURE
15-1255,51,2145,FIXTURE
15-1255,53,1915,FIXTURE
15-1255,54,446,FIXTURE
15-1255,55,1465,FIXTURE
15-1255,56,143,FIXTURE
15-1299,01,5612,FIXTURE
15-1299,02,819,FIXTURE
15-1299,04,7987,FIXTURE
15-1299,05,3364,FIXTURE
15-1299,06,44160,FIXTURE
15-1299,08,6449,FIXTURE
15-1299,09,4027,FIXTURE
15-1299,10,1106,FIXTURE
15-1299,11,770,FIXTURE
15-1299,12,24056,FIXTURE
15-1299,13,11964,FIXTURE
15-1299,15,1625,FIXTURE
15-1299,16,2054,FIXTURE
15-1299,17,14310,FIXTURE
15-1299,18,7579,FIXTURE
15-1299,19,3563,FIXTURE
15-1299,20,3281,FIXTURE
15-1299,21,5032,FIXTURE
15-1299,22,5202,FIXTURE
15-1299,23,1522,FIXTURE
15-1299,24,6899,FIXTURE
15-1299,25,7852,FIXTURE
15-1299,26,11255,FIXTURE
15-1299,27,6373,FIXTURE
15-1299,28,3307,FIXTURE
15-1299,29,6874,FIXTURE
15-1299,30,1211,FIXTURE
15-1299,31,2191,FIXTURE
15-1299,32,3467,FIXTURE
15-1299,33,1539,FIXTURE
15-1299,34,10375,FIXTURE
15-1299,35,2365,FIXTURE
15-1299,36,22562,FIXTURE
15-1299,37,11660,FIXTURE
15-1299,38,870,FIXTURE
15-1299,39,13179,FIXTURE
15-1299,40,4422,FIXTURE
15-1299,41,4733,FIXTURE
15-1299,42,14522,FIXTURE
15-1299,44,1226,FIXTURE
15-1299,45,5717,FIXTURE
15-1299,46,990,FIXTURE
15-1299,47,7719,FIXTURE
15-1299,48,32552,FIXTURE
15-1299,49,3654,FIXTURE
15-1299,50,718,FIXTURE
15-1299,51,9640,FIXTURE
15-1299,53,8606,FIXTURE
15-1299,54,2003,FIXTURE
15-1299,55,6583,FIXTURE
15-1299,56,644,FIXTURE
15-2011,01,349,FIXTURE
15-2011,02,51,FIXTURE
15-2011,04,497,FIXTURE
15-2011,05,209,FIXTURE
15-2011,06,2748,FIXTURE
15-2011,08,401,FIXTURE
15-2011,09,251,FIXTURE
15-2011,10,69,FIXTURE
15-2011,11,48,FIXTURE
15-2011,12,1497,FIXTURE
15-2011,13,745,FIXTURE
15-2011,15,101,FIXTURE
15-2011,16,128,FIXTURE
15-2011,17,891,FIXTURE
15-2011,18,472,FIXTURE
15-2011,19,222,FIXTURE
15-2011,20,204,FIXTURE
15-2011,21,313,FIXTURE
15-2011,22,324,FIXTURE
15-2011,23,95,FIXTURE
15-2011,24,429,FIXTURE
15-2011,25,489,FIXTURE
15-2011,26,700,FIXTURE
15-2011,27,397,FIXTURE
15-2011,28,206,FIXTURE
15-2011,29,428,FIXTURE
15-2011,30,75,FIXTURE
15-2011,31,136,FIXTURE
15-2011,32,216,FIXTURE
15-2011,33,96,FIXTURE
15-2011,34,646,FIXTURE
15-2011,35,147,FIXTURE
15-2011,36,1404,FIXTURE
15-2011,37,726,FIXTURE
15-2011,38,54,FIXTURE
15-2011,39,820,FIXTURE
15-2011,40,275,FIXTURE
15-2011,41,294,FIXTURE
15-2011,42,904,FIXTURE
15-2011,44,76,FIXTURE
15-2011,45,356,FIXTURE
15-2011,46,62,FIXTURE
15-2011,47,480,FIXTURE
15-2011,48,2026,FIXTURE
15-2011,49,227,FIXTURE
15-2011,50,45,FIXTURE
15-2011,51,600,FIXTURE
15-2011,53,536,FIXTURE
15-2011,54,125,FIXTURE
15-2011,55,410,FIXTURE
15-2011,56,40,FIXTURE
15-2021,01,27,FIXTURE
15-2021,02,4,FIXTURE
15-2021,04,38,FIXTURE
15-2021,05,16,FIXTURE
15-2021,06,211,FIXTURE
15-2021,08,31,FIXTURE
15-2021,09,19,FIXTURE
15-2021,10,5,FIXTURE
15-2021,11,4,FIXTURE
15-2021,12,115,FIXTURE
15-2021,13,57,FIXTURE
15-2021,15,8,FIXTURE
15-2021,16,10,FIXTURE
15-2021,17,68,FIXTURE
15-2021,18,36,FIXTURE
15-2021,19,17,FIXTURE
15-2021,20,16,FIXTURE
15-2021,21,24,FIXTURE
15-2021,22,25,FIXTURE
15-2021,23,7,FIXTURE
15-2021,24,33,FIXTURE
15-2021,25,38,FIXTURE
15-2021,26,54,FIXTURE
15-2021,27,30,FIXTURE
15-2021,28,16,FIXTURE
15-2021,29,33,FIXTURE
15-2021,30,6,FIXTURE
15-2021,31,11,FIXTURE
15-2021,32,17,FIXTURE
15-2021,33,7,FIXTURE
15-2021,34,50,FIXTURE
15-2021,35,11,FIXTURE
15-2021,36,108,FIXTURE
15-2021,37,56,FIXTURE
15-2021,38,4,FIXTURE
15-2021,39,63,FIXTURE
15-2021,40,21,FIXTURE
15-2021,41,23,FIXTURE
15-2021,42,69,FIXTURE
15-2021,44,6,FIXTURE
15-2021,45,27,FIXTURE
15-2021,46,5,FIXTURE
15-2021,47,37,FIXTURE
15-2021,48,156,FIXTURE
15-2021,49,17,FIXTURE
15-2021,50,3,FIXTURE
15-2021,51,46,FIXTURE
15-2021,53,41,FIXTURE
15-2021,54,10,FIXTURE
15-2021,55,31,FIXTURE
15-2021,56,3,FIXTURE
15-2031,01,1496,FIXTURE
15-2031,02,218,FIXTURE
15-2031,04,2130,FIXTURE
15-2031,05,897,FIXTURE
15-2031,06,11774,FIXTURE
15-2031,08,1719,FIXTURE
15-2031,09,1074,FIXTURE
15-2031,10,295,FIXTURE
15-2031,11,205,FIXTURE
15-2031,12,6414,FIXTURE
15-2031,13,3190,FIXTURE
15-2031,15,433,FIXTURE
15-2031,16,548,FIXTURE
15-2031,17,3815,FIXTURE
15-2031,18,2021,FIXTURE
15-2031,19,950,FIXTURE
15-2031,20,875,FIXTURE
15-2031,21,1342,FIXTURE
15-2031,22,1387,FIXTURE
15-2031,23,406,FIXTURE
15-2031,24,1839,FIXTURE
15-2031,25,2093,FIXTURE
15-2031,26,3001,FIXTURE
15-2031,27,1699,FIXTURE
15-2031,28,882,FIXTURE
15-2031,29,1833,FIXTURE
15-2031,30,323,FIXTURE
15-2031,31,584,FIXTURE
15-2031,32,924,FIXTURE
15-2031,33,410,FIXTURE
15-2031,34,2766,FIXTURE
15-2031,35,631,FIXTURE
15-2031,36,6016,FIXTURE
15-2031,37,3109,FIXTURE
15-2031,38,232,FIXTURE
15-2031,39,3514,FIXTURE
15-2031,40,1179,FIXTURE
15-2031,41,1262,FIXTURE
15-2031,42,3872,FIXTURE
15-2031,44,327,FIXTURE
15-2031,45,1524,FIXTURE
15-2031,46,264,FIXTURE
15-2031,47,2058,FIXTURE
15-2031,48,8679,FIXTURE
15-2031,49,974,FIXTURE
15-2031,50,191,FIXTURE
15-2031,51,2570,FIXTURE
15-2031,53,2294,FIXTURE
15-2031,54,534,FIXTURE
15-2031,55,1755,FIXTURE
15-2031,56,172,FIXTURE
15-2041,01,475,FIXTURE
15-2041,02,69,FIXTURE
15-2041,04,677,FIXTURE
15-2041,05,285,FIXTURE
15-2041,06,3742,FIXTURE
15-2041,08,546,FIXTURE
15-2041,09,341,FIXTURE
15-2041,10,94,FIXTURE
15-2041,11,65,FIXTURE
15-2041,12,2038,FIXTURE
15-2041,13,1014,FIXTURE
15-2041,15,138,FIXTURE
15-2041,16,174,FIXTURE
15-2041,17,1213,FIXTURE
15-2041,18,642,FIXTURE
15-2041,19,302,FIXTURE
15-2041,20,278,FIXTURE
15-2041,21,426,FIXTURE
15-2041,22,441,FIXTURE
15-2041,23,129,FIXTURE
15-2041,24,585,FIXTURE
15-2041,25,665,FIXTURE
15-2041,26,954,FIXTURE
15-2041,27,540,FIXTURE
15-2041,28,280,FIXTURE
15-2041,29,583,FIXTURE
15-2041,30,103,FIXTURE
15-2041,31,186,FIXTURE
15-2041,32,294,FIXTURE
15-2041,33,130,FIXTURE
15-2041,34,879,FIXTURE
15-2041,35,200,FIXTURE
15-2041,36,1912,FIXTURE
15-2041,37,988,FIXTURE
15-2041,38,74,FIXTURE
15-2041,39,1117,FIXTURE
15-2041,40,375,FIXTURE
15-2041,41,401,FIXTURE
15-2041,42,1231,FIXTURE
15-2041,44,104,FIXTURE
15-2041,45,484,FIXTURE
15-2041,46,84,FIXTURE
15-2041,47,654,FIXTURE
15-2041,48,2758,FIXTURE
15-2041,49,310,FIXTURE
15-2041,50,61,FIXTURE
15-2041,51,817,FIXTURE
15-2041,53,729,FIXTURE
15-2041,54,170,FIXTURE
15-2041,55,558,FIXTURE
15-2041,56,55,FIXTURE
15-2051,01,1606,FIXTURE
15-2051,02,234,FIXTURE
15-2051,04,2287,FIXTURE
15-2051,05,963,FIXTURE
15-2051,06,12642,FIXTURE
15-2051,08,1846,FIXTURE
15-2051,09,1153,FIXTURE
15-2051,10,317,FIXTURE
15-2051,11,220,FIXTURE
15-2051,12,6887,FIXTURE
15-2051,13,3425,FIXTURE
15-2051,15,465,FIXTURE
15-2051,16,588,FIXTURE
15-2051,17,4097,FIXTURE
15-2051,18,2170,FIXTURE
15-2051,19,1020,FIXTURE
15-2051,20,939,FIXTURE
15-2051,21,1441,FIXTURE
15-2051,22,1489,FIXTURE
15-2051,23,436,FIXTURE
15-2051,24,1975,FIXTURE
15-2051,25,2248,FIXTURE
15-2051,26,3222,FIXTURE
15-2051,27,1825,FIXTURE
15-2051,28,947,FIXTURE
15-2051,29,1968,FIXTURE
15-2051,30,347,FIXTURE
15-2051,31,627,FIXTURE
15-2051,32,993,FIXTURE
15-2051,33,440,FIXTURE
15-2051,34,2970,FIXTURE
15-2051,35,677,FIXTURE
15-2051,36,6459,FIXTURE
15-2051,37,3338,FIXTURE
15-2051,38,249,FIXTURE
15-2051,39,3773,FIXTURE
15-2051,40,1266,FIXTURE
15-2051,41,1355,FIXTURE
15-2051,42,4158,FIXTURE
15-2051,44,351,FIXTURE
15-2051,45,1637,FIXTURE
15-2051,46,283,FIXTURE
15-2051,47,2210,FIXTURE
15-2051,48,9319,FIXTURE
15-2051,49,1046,FIXTURE
15-2051,50,206,FIXTURE
15-2051,51,2760,FIXTURE
15-2051,53,2464,FIXTURE
15-2051,54,574,FIXTURE
15-2051,55,1884,FIXTURE
15-2051,56,184,FIXTURE
15-2099,01,60,FIXTURE
15-2099,02,9,FIXTURE
15-2099,04,86,FIXTURE
15-2099,05,36,FIXTURE
15-2099,06,474,FIXTURE
15-2099,08,69,FIXTURE
15-2099,09,43,FIXTURE
15-2099,10,12,FIXTURE
15-2099,11,8,FIXTURE
15-2099,12,258,FIXTURE
15-2099,13,128,FIXTURE
15-2099,15,17,FIXTURE
15-2099,16,22,FIXTURE
15-2099,17,154,FIXTURE
15-2099,18,81,FIXTURE
15-2099,19,38,FIXTURE
15-2099,20,35,FIXTURE
15-2099,21,54,FIXTURE
15-2099,22,56,FIXTURE
15-2099,23,16,FIXTURE
15-2099,24,74,FIXTURE
15-2099,25,84,FIXTURE
15-2099,26,121,FIXTURE
15-2099,27,68,FIXTURE
15-2099,28,36,FIXTURE
15-2099,29,74,FIXTURE
15-2099,30,13,FIXTURE
15-2099,31,24,FIXTURE
15-2099,32,37,FIXTURE
15-2099,33,17,FIXTURE
15-2099,34,111,FIXTURE
15-2099,35,25,FIXTURE
15-2099,36,242,FIXTURE
15-2099,37,125,FIXTURE
15-2099,38,9,FIXTURE
15-2099,39,141,FIXTURE
15-2099,40,47,FIXTURE
15-2099,41,51,FIXTURE
15-2099,42,156,FIXTURE
15-2099,44,13,FIXTURE
15-2099,45,61,FIXTURE
15-2099,46,11,FIXTURE
15-2099,47,83,FIXTURE
15-2099,48,349,FIXTURE
15-2099,49,39,FIXTURE
15-2099,50,8,FIXTURE
15-2099,51,103,FIXTURE
15-2099,53,92,FIXTURE
15-2099,54,22,FIXTURE
15-2099,55,71,FIXTURE
15-2099,56,7,FIXTURE
17-1011,01,1522,FIXTURE
17-1011,02,222,FIXTURE
17-1011,04,2166,FIXTURE
17-1011,05,912,FIXTURE
17-1011,06,11977,FIXTURE
17-1011,08,1749,FIXTURE
17-1011,09,1092,FIXTURE
17-1011,10,300,FIXTURE
17-1011,11,209,FIXTURE
17-1011,12,6524,FIXTURE
17-1011,13,3245,FIXTURE
17-1011,15,441,FIXTURE
17-1011,16,557,FIXTURE
17-1011,17,3881,FIXTURE
17-1011,18,2055,FIXTURE
17-1011,19,966,FIXTURE
17-1011,20,890,FIXTURE
17-1011,21,1365,FIXTURE
17-1011,22,1411,FIXTURE
17-1011,23,413,FIXTURE
17-1011,24,1871,FIXTURE
17-1011,25,2130,FIXTURE
17-1011,26,3053,FIXTURE
17-1011,27,1729,FIXTURE
17-1011,28,897,FIXTURE
17-1011,29,1864,FIXTURE
17-1011,30,328,FIXTURE
17-1011,31,594,FIXTURE
17-1011,32,940,FIXTURE
17-1011,33,417,FIXTURE
17-1011,34,2814,FIXTURE
17-1011,35,641,FIXTURE
17-1011,36,6119,FIXTURE
17-1011,37,3162,FIXTURE
17-1011,38,236,FIXTURE
17-1011,39,3574,FIXTURE
17-1011,40,1199,FIXTURE
17-1011,41,1284,FIXTURE
17-1011,42,3939,FIXTURE
17-1011,44,332,FIXTURE
17-1011,45,1551,FIXTURE
17-1011,46,269,FIXTURE
17-1011,47,2093,FIXTURE
17-1011,48,8829,FIXTURE
17-1011,49,991,FIXTURE
17-1011,50,195,FIXTURE
17-1011,51,2615,FIXTURE
17-1011,53,2334,FIXTURE
17-1011,54,543,FIXTURE
17-1011,55,1785,FIXTURE
17-1011,56,175,FIXTURE
17-1012,01,264,FIXTURE
17-1012,02,39,FIXTURE
17-1012,04,376,FIXTURE
17-1012,05,158,FIXTURE
17-1012,06,2079,FIXTURE
17-1012,08,304,FIXTURE
17-1012,09,190,FIXTURE
17-1012,10,52,FIXTURE
17-1012,11,36,FIXTURE
17-1012,12,1133,FIXTURE
17-1012,13,563,FIXTURE
17-1012,15,77,FIXTURE
17-1012,16,97,FIXTURE
17-1012,17,674,FIXTURE
17-1012,18,357,FIXTURE
17-1012,19,168,FIXTURE
17-1012,20,154,FIXTURE
17-1012,21,237,FIXTURE
17-1012,22,245,FIXTURE
17-1012,23,72,FIXTURE
17-1012,24,325,FIXTURE
17-1012,25,370,FIXTURE
17-1012,26,530,FIXTURE
17-1012,27,300,FIXTURE
17-1012,28,156,FIXTURE
17-1012,29,324,FIXTURE
17-1012,30,57,FIXTURE
17-1012,31,103,FIXTURE
17-1012,32,163,FIXTURE
17-1012,33,72,FIXTURE
17-1012,34,488,FIXTURE
17-1012,35,111,FIXTURE
17-1012,36,1062,FIXTURE
17-1012,37,549,FIXTURE
17-1012,38,41,FIXTURE
17-1012,39,620,FIXTURE
17-1012,40,208,FIXTURE
17-1012,41,223,FIXTURE
17-1012,42,684,FIXTURE
17-1012,44,58,FIXTURE
17-1012,45,269,FIXTURE
17-1012,46,47,FIXTURE
17-1012,47,363,FIXTURE
17-1012,48,1533,FIXTURE
17-1012,49,172,FIXTURE
17-1012,50,34,FIXTURE
17-1012,51,454,FIXTURE
17-1012,53,405,FIXTURE
17-1012,54,94,FIXTURE
17-1012,55,310,FIXTURE
17-1012,56,30,FIXTURE
17-1021,01,191,FIXTURE
17-1021,02,28,FIXTURE
17-1021,04,272,FIXTURE
17-1021,05,115,FIXTURE
17-1021,06,1504,FIXTURE
17-1021,08,220,FIXTURE
17-1021,09,137,FIXTURE
17-1021,10,38,FIXTURE
17-1021,11,26,FIXTURE
17-1021,12,819,FIXTURE
17-1021,13,408,FIXTURE
17-1021,15,55,FIXTURE
17-1021,16,70,FIXTURE
17-1021,17,487,FIXTURE
17-1021,18,258,FIXTURE
17-1021,19,121,FIXTURE
17-1021,20,112,FIXTURE
17-1021,21,171,FIXTURE
17-1021,22,177,FIXTURE
17-1021,23,52,FIXTURE
17-1021,24,235,FIXTURE
17-1021,25,267,FIXTURE
17-1021,26,383,FIXTURE
17-1021,27,217,FIXTURE
17-1021,28,113,FIXTURE
17-1021,29,234,FIXTURE
17-1021,30,41,FIXTURE
17-1021,31,75,FIXTURE
17-1021,32,118,FIXTURE
17-1021,33,52,FIXTURE
17-1021,34,353,FIXTURE
17-1021,35,81,FIXTURE
17-1021,36,769,FIXTURE
17-1021,37,397,FIXTURE
17-1021,38,30,FIXTURE
17-1021,39,449,FIXTURE
17-1021,40,151,FIXTURE
17-1021,41,161,FIXTURE
17-1021,42,495,FIXTURE
17-1021,44,42,FIXTURE
17-1021,45,195,FIXTURE
17-1021,46,34,FIXTURE
17-1021,47,263,FIXTURE
17-1021,48,1109,FIXTURE
17-1021,49,125,FIXTURE
17-1021,50,25,FIXTURE
17-1021,51,328,FIXTURE
17-1021,53,293,FIXTURE
17-1021,54,68,FIXTURE
17-1021,55,224,FIXTURE
17-1021,56,22,FIXTURE
17-1022,01,703,FIXTURE
17-1022,02,103,FIXTURE
17-1022,04,1001,FIXTURE
17-1022,05,421,FIXTURE
17-1022,06,5534,FIXTURE
17-1022,08,808,FIXTURE
17-1022,09,505,FIXTURE
17-1022,10,139,FIXTURE
17-1022,11,97,FIXTURE
17-1022,12,3014,FIXTURE
17-1022,13,1499,FIXTURE
17-1022,15,204,FIXTURE
17-1022,16,257,FIXTURE
17-1022,17,1793,FIXTURE
17-1022,18,950,FIXTURE
17-1022,19,447,FIXTURE
17-1022,20,411,FIXTURE
17-1022,21,631,FIXTURE
17-1022,22,652,FIXTURE
17-1022,23,191,FIXTURE
17-1022,24,865,FIXTURE
17-1022,25,984,FIXTURE
17-1022,26,1410,FIXTURE
17-1022,27,799,FIXTURE
17-1022,28,414,FIXTURE
17-1022,29,861,FIXTURE
17-1022,30,152,FIXTURE
17-1022,31,275,FIXTURE
17-1022,32,435,FIXTURE
17-1022,33,193,FIXTURE
17-1022,34,1300,FIXTURE
17-1022,35,296,FIXTURE
17-1022,36,2827,FIXTURE
17-1022,37,1461,FIXTURE
17-1022,38,109,FIXTURE
17-1022,39,1651,FIXTURE
17-1022,40,554,FIXTURE
17-1022,41,593,FIXTURE
17-1022,42,1820,FIXTURE
17-1022,44,154,FIXTURE
17-1022,45,716,FIXTURE
17-1022,46,124,FIXTURE
17-1022,47,967,FIXTURE
17-1022,48,4079,FIXTURE
17-1022,49,458,FIXTURE
17-1022,50,90,FIXTURE
17-1022,51,1208,FIXTURE
17-1022,53,1078,FIXTURE
17-1022,54,251,FIXTURE
17-1022,55,825,FIXTURE
17-1022,56,81,FIXTURE
17-2011,01,859,FIXTURE
17-2011,02,125,FIXTURE
17-2011,04,1222,FIXTURE
17-2011,05,515,FIXTURE
17-2011,06,6756,FIXTURE
17-2011,08,987,FIXTURE
17-2011,09,616,FIXTURE
17-2011,10,169,FIXTURE
17-2011,11,118,FIXTURE
17-2011,12,3681,FIXTURE
17-2011,13,1830,FIXTURE
17-2011,15,249,FIXTURE
17-2011,16,314,FIXTURE
17-2011,17,2189,FIXTURE
17-2011,18,1160,FIXTURE
17-2011,19,545,FIXTURE
17-2011,20,502,FIXTURE
17-2011,21,770,FIXTURE
17-2011,22,796,FIXTURE
17-2011,23,233,FIXTURE
17-2011,24,1056,FIXTURE
17-2011,25,1201,FIXTURE
17-2011,26,1722,FIXTURE
17-2011,27,975,FIXTURE
17-2011,28,506,FIXTURE
17-2011,29,1052,FIXTURE
17-2011,30,185,FIXTURE
17-2011,31,335,FIXTURE
17-2011,32,531,FIXTURE
17-2011,33,235,FIXTURE
17-2011,34,1587,FIXTURE
17-2011,35,362,FIXTURE
17-2011,36,3452,FIXTURE
17-2011,37,1784,FIXTURE
17-2011,38,133,FIXTURE
17-2011,39,2016,FIXTURE
17-2011,40,677,FIXTURE
17-2011,41,724,FIXTURE
17-2011,42,2222,FIXTURE
17-2011,44,188,FIXTURE
17-2011,45,875,FIXTURE
17-2011,46,151,FIXTURE
17-2011,47,1181,FIXTURE
17-2011,48,4981,FIXTURE
17-2011,49,559,FIXTURE
17-2011,50,110,FIXTURE
17-2011,51,1475,FIXTURE
17-2011,53,1317,FIXTURE
17-2011,54,306,FIXTURE
17-2011,55,1007,FIXTURE
17-2011,56,99,FIXTURE
17-2021,01,17,FIXTURE
17-2021,02,2,FIXTURE
17-2021,04,24,FIXTURE
17-2021,05,10,FIXTURE
17-2021,06,134,FIXTURE
17-2021,08,20,FIXTURE
17-2021,09,12,FIXTURE
17-2021,10,3,FIXTURE
17-2021,11,2,FIXTURE
17-2021,12,73,FIXTURE
17-2021,13,36,FIXTURE
17-2021,15,5,FIXTURE
17-2021,16,6,FIXTURE
17-2021,17,43,FIXTURE
17-2021,18,23,FIXTURE
17-2021,19,11,FIXTURE
17-2021,20,10,FIXTURE
17-2021,21,15,FIXTURE
17-2021,22,16,FIXTURE
17-2021,23,5,FIXTURE
17-2021,24,21,FIXTURE
17-2021,25,24,FIXTURE
17-2021,26,34,FIXTURE
17-2021,27,19,FIXTURE
17-2021,28,10,FIXTURE
17-2021,29,21,FIXTURE
17-2021,30,4,FIXTURE
17-2021,31,7,FIXTURE
17-2021,32,11,FIXTURE
17-2021,33,5,FIXTURE
17-2021,34,31,FIXTURE
17-2021,35,7,FIXTURE
17-2021,36,68,FIXTURE
17-2021,37,35,FIXTURE
17-2021,38,3,FIXTURE
17-2021,39,40,FIXTURE
17-2021,40,13,FIXTURE
17-2021,41,14,FIXTURE
17-2021,42,44,FIXTURE
17-2021,44,4,FIXTURE
17-2021,45,17,FIXTURE
17-2021,46,3,FIXTURE
17-2021,47,23,FIXTURE
17-2021,48,99,FIXTURE
17-2021,49,11,FIXTURE
17-2021,50,2,FIXTURE
17-2021,51,29,FIXTURE
17-2021,53,26,FIXTURE
17-2021,54,6,FIXTURE
17-2021,55,20,FIXTURE
17-2021,56,2,FIXTURE
17-2031,01,261,FIXTURE
17-2031,02,38,FIXTURE
17-2031,04,371,FIXTURE
17-2031,05,156,FIXTURE
17-2031,06,2051,FIXTURE
17-2031,08,299,FIXTURE
17-2031,09,187,FIXTURE
17-2031,10,51,FIXTURE
17-2031,11,36,FIXTURE
17-2031,12,1117,FIXTURE
17-2031,13,556,FIXTURE
17-2031,15,75,FIXTURE
17-2031,16,95,FIXTURE
17-2031,17,664,FIXTURE
17-2031,18,352,FIXTURE
17-2031,19,165,FIXTURE
17-2031,20,152,FIXTURE
17-2031,21,234,FIXTURE
17-2031,22,242,FIXTURE
17-2031,23,71,FIXTURE
17-2031,24,320,FIXTURE
17-2031,25,365,FIXTURE
17-2031,26,523,FIXTURE
17-2031,27,296,FIXTURE
17-2031,28,154,FIXTURE
17-2031,29,319,FIXTURE
17-2031,30,56,FIXTURE
17-2031,31,102,FIXTURE
17-2031,32,161,FIXTURE
17-2031,33,71,FIXTURE
17-2031,34,482,FIXTURE
17-2031,35,110,FIXTURE
17-2031,36,1048,FIXTURE
17-2031,37,541,FIXTURE
17-2031,38,40,FIXTURE
17-2031,39,612,FIXTURE
17-2031,40,205,FIXTURE
17-2031,41,220,FIXTURE
17-2031,42,674,FIXTURE
17-2031,44,57,FIXTURE
17-2031,45,265,FIXTURE
17-2031,46,46,FIXTURE
17-2031,47,358,FIXTURE
17-2031,48,1512,FIXTURE
17-2031,49,170,FIXTURE
17-2031,50,33,FIXTURE
17-2031,51,448,FIXTURE
17-2031,53,400,FIXTURE
17-2031,54,93,FIXTURE
17-2031,55,306,FIXTURE
17-2031,56,30,FIXTURE
17-2041,01,367,FIXTURE
17-2041,02,54,FIXTURE
17-2041,04,522,FIXTURE
17-2041,05,220,FIXTURE
17-2041,06,2884,FIXTURE
17-2041,08,421,FIXTURE
17-2041,09,263,FIXTURE
17-2041,10,72,FIXTURE
17-2041,11,50,FIXTURE
17-2041,12,1571,FIXTURE
17-2041,13,781,FIXTURE
17-2041,15,106,FIXTURE
17-2041,16,134,FIXTURE
17-2041,17,935,FIXTURE
17-2041,18,495,FIXTURE
17-2041,19,233,FIXTURE
17-2041,20,214,FIXTURE
17-2041,21,329,FIXTURE
17-2041,22,340,FIXTURE
17-2041,23,99,FIXTURE
17-2041,24,451,FIXTURE
17-2041,25,513,FIXTURE
17-2041,26,735,FIXTURE
17-2041,27,416,FIXTURE
17-2041,28,216,FIXTURE
17-2041,29,449,FIXTURE
17-2041,30,79,FIXTURE
17-2041,31,143,FIXTURE
17-2041,32,226,FIXTURE
17-2041,33,100,FIXTURE
17-2041,34,678,FIXTURE
17-2041,35,154,FIXTURE
17-2041,36,1474,FIXTURE
17-2041,37,762,FIXTURE
17-2041,38,57,FIXTURE
17-2041,39,861,FIXTURE
17-2041,40,289,FIXTURE
17-2041,41,309,FIXTURE
17-2041,42,949,FIXTURE
17-2041,44,80,FIXTURE
17-2041,45,373,FIXTURE
17-2041,46,65,FIXTURE
17-2041,47,504,FIXTURE
17-2041,48,2126,FIXTURE
17-2041,49,239,FIXTURE
17-2041,50,47,FIXTURE
17-2041,51,630,FIXTURE
17-2041,53,562,FIXTURE
17-2041,54,131,FIXTURE
17-2041,55,430,FIXTURE
17-2041,56,42,FIXTURE
17-2051,01,4613,FIXTURE
17-2051,02,673,FIXTURE
17-2051,04,6566,FIXTURE
17-2051,05,2765,FIXTURE
17-2051,06,36301,FIXTURE
17-2051,08,5301,FIXTURE
17-2051,09,3311,FIXTURE
17-2051,10,909,FIXTURE
17-2051,11,633,FIXTURE
17-2051,12,19775,FIXTURE
17-2051,13,9835,FIXTURE
17-2051,15,1336,FIXTURE
17-2051,16,1689,FIXTURE
17-2051,17,11763,FIXTURE
17-2051,18,6230,FIXTURE
17-2051,19,2929,FIXTURE
17-2051,20,2697,FIXTURE
17-2051,21,4137,FIXTURE
17-2051,22,4276,FIXTURE
17-2051,23,1251,FIXTURE
17-2051,24,5672,FIXTURE
17-2051,25,6454,FIXTURE
17-2051,26,9252,FIXTURE
17-2051,27,5239,FIXTURE
17-2051,28,2719,FIXTURE
17-2051,29,5651,FIXTURE
17-2051,30,996,FIXTURE
17-2051,31,1801,FIXTURE
17-2051,32,2850,FIXTURE
17-2051,33,1265,FIXTURE
17-2051,34,8528,FIXTURE
17-2051,35,1944,FIXTURE
17-2051,36,18547,FIXTURE
17-2051,37,9585,FIXTURE
17-2051,38,715,FIXTURE
17-2051,39,10833,FIXTURE
17-2051,40,3635,FIXTURE
17-2051,41,3890,FIXTURE
17-2051,42,11938,FIXTURE
17-2051,44,1008,FIXTURE
17-2051,45,4699,FIXTURE
17-2051,46,814,FIXTURE
17-2051,47,6345,FIXTURE
17-2051,48,26759,FIXTURE
17-2051,49,3004,FIXTURE
17-2051,50,590,FIXTURE
17-2051,51,7925,FIXTURE
17-2051,53,7074,FIXTURE
17-2051,54,1647,FIXTURE
17-2051,55,5411,FIXTURE
17-2051,56,530,FIXTURE
17-2061,01,1118,FIXTURE
17-2061,02,163,FIXTURE
17-2061,04,1591,FIXTURE
17-2061,05,670,FIXTURE
17-2061,06,8798,FIXTURE
17-2061,08,1285,FIXTURE
17-2061,09,802,FIXTURE
17-2061,10,220,FIXTURE
17-2061,11,153,FIXTURE
17-2061,12,4792,FIXTURE
17-2061,13,2384,FIXTURE
17-2061,15,324,FIXTURE
17-2061,16,409,FIXTURE
17-2061,17,2851,FIXTURE
17-2061,18,1510,FIXTURE
17-2061,19,710,FIXTURE
17-2061,20,654,FIXTURE
17-2061,21,1003,FIXTURE
17-2061,22,1036,FIXTURE
17-2061,23,303,FIXTURE
17-2061,24,1375,FIXTURE
17-2061,25,1564,FIXTURE
17-2061,26,2242,FIXTURE
17-2061,27,1270,FIXTURE
17-2061,28,659,FIXTURE
17-2061,29,1370,FIXTURE
17-2061,30,241,FIXTURE
17-2061,31,436,FIXTURE
17-2061,32,691,FIXTURE
17-2061,33,307,FIXTURE
17-2061,34,2067,FIXTURE
17-2061,35,471,FIXTURE
17-2061,36,4495,FIXTURE
17-2061,37,2323,FIXTURE
17-2061,38,173,FIXTURE
17-2061,39,2625,FIXTURE
17-2061,40,881,FIXTURE
17-2061,41,943,FIXTURE
17-2061,42,2893,FIXTURE
17-2061,44,244,FIXTURE
17-2061,45,1139,FIXTURE
17-2061,46,197,FIXTURE
17-2061,47,1538,FIXTURE
17-2061,48,6485,FIXTURE
17-2061,49,728,FIXTURE
17-2061,50,143,FIXTURE
17-2061,51,1921,FIXTURE
17-2061,53,1715,FIXTURE
17-2061,54,399,FIXTURE
17-2061,55,1311,FIXTURE
17-2061,56,128,FIXTURE
17-2071,01,2820,FIXTURE
17-2071,02,412,FIXTURE
17-2071,04,4014,FIXTURE
17-2071,05,1690,FIXTURE
17-2071,06,22190,FIXTURE
17-2071,08,3240,FIXTURE
17-2071,09,2024,FIXTURE
17-2071,10,556,FIXTURE
17-2071,11,387,FIXTURE
17-2071,12,12088,FIXTURE
17-2071,13,6012,FIXTURE
17-2071,15,817,FIXTURE
17-2071,16,1032,FIXTURE
17-2071,17,7191,FIXTURE
17-2071,18,3808,FIXTURE
17-2071,19,1790,FIXTURE
17-2071,20,1649,FIXTURE
17-2071,21,2529,FIXTURE
17-2071,22,2614,FIXTURE
17-2071,23,765,FIXTURE
17-2071,24,3467,FIXTURE
17-2071,25,3945,FIXTURE
17-2071,26,5656,FIXTURE
17-2071,27,3203,FIXTURE
17-2071,28,1662,FIXTURE
17-2071,29,3454,FIXTURE
17-2071,30,608,FIXTURE
17-2071,31,1101,FIXTURE
17-2071,32,1742,FIXTURE
17-2071,33,773,FIXTURE
17-2071,34,5213,FIXTURE
17-2071,35,1188,FIXTURE
17-2071,36,11338,FIXTURE
17-2071,37,5859,FIXTURE
17-2071,38,437,FIXTURE
17-2071,39,6622,FIXTURE
17-2071,40,2222,FIXTURE
17-2071,41,2378,FIXTURE
17-2071,42,7297,FIXTURE
17-2071,44,616,FIXTURE
17-2071,45,2873,FIXTURE
17-2071,46,498,FIXTURE
17-2071,47,3879,FIXTURE
17-2071,48,16357,FIXTURE
17-2071,49,1836,FIXTURE
17-2071,50,361,FIXTURE
17-2071,51,4844,FIXTURE
17-2071,53,4324,FIXTURE
17-2071,54,1007,FIXTURE
17-2071,55,3308,FIXTURE
17-2071,56,324,FIXTURE
17-2072,01,1625,FIXTURE
17-2072,02,237,FIXTURE
17-2072,04,2312,FIXTURE
17-2072,05,974,FIXTURE
17-2072,06,12784,FIXTURE
17-2072,08,1867,FIXTURE
17-2072,09,1166,FIXTURE
17-2072,10,320,FIXTURE
17-2072,11,223,FIXTURE
17-2072,12,6964,FIXTURE
17-2072,13,3464,FIXTURE
17-2072,15,471,FIXTURE
17-2072,16,595,FIXTURE
17-2072,17,4143,FIXTURE
17-2072,18,2194,FIXTURE
17-2072,19,1032,FIXTURE
17-2072,20,950,FIXTURE
17-2072,21,1457,FIXTURE
17-2072,22,1506,FIXTURE
17-2072,23,440,FIXTURE
17-2072,24,1997,FIXTURE
17-2072,25,2273,FIXTURE
17-2072,26,3258,FIXTURE
17-2072,27,1845,FIXTURE
17-2072,28,957,FIXTURE
17-2072,29,1990,FIXTURE
17-2072,30,351,FIXTURE
17-2072,31,634,FIXTURE
17-2072,32,1004,FIXTURE
17-2072,33,445,FIXTURE
17-2072,34,3003,FIXTURE
17-2072,35,685,FIXTURE
17-2072,36,6532,FIXTURE
17-2072,37,3375,FIXTURE
17-2072,38,252,FIXTURE
17-2072,39,3815,FIXTURE
17-2072,40,1280,FIXTURE
17-2072,41,1370,FIXTURE
17-2072,42,4204,FIXTURE
17-2072,44,355,FIXTURE
17-2072,45,1655,FIXTURE
17-2072,46,287,FIXTURE
17-2072,47,2235,FIXTURE
17-2072,48,9424,FIXTURE
17-2072,49,1058,FIXTURE
17-2072,50,208,FIXTURE
17-2072,51,2791,FIXTURE
17-2072,53,2491,FIXTURE
17-2072,54,580,FIXTURE
17-2072,55,1906,FIXTURE
17-2072,56,186,FIXTURE
17-2081,01,647,FIXTURE
17-2081,02,94,FIXTURE
17-2081,04,920,FIXTURE
17-2081,05,388,FIXTURE
17-2081,06,5089,FIXTURE
17-2081,08,743,FIXTURE
17-2081,09,464,FIXTURE
17-2081,10,127,FIXTURE
17-2081,11,89,FIXTURE
17-2081,12,2772,FIXTURE
17-2081,13,1379,FIXTURE
17-2081,15,187,FIXTURE
17-2081,16,237,FIXTURE
17-2081,17,1649,FIXTURE
17-2081,18,873,FIXTURE
17-2081,19,411,FIXTURE
17-2081,20,378,FIXTURE
17-2081,21,580,FIXTURE
17-2081,22,599,FIXTURE
17-2081,23,175,FIXTURE
17-2081,24,795,FIXTURE
17-2081,25,905,FIXTURE
17-2081,26,1297,FIXTURE
17-2081,27,734,FIXTURE
17-2081,28,381,FIXTURE
17-2081,29,792,FIXTURE
17-2081,30,140,FIXTURE
17-2081,31,252,FIXTURE
17-2081,32,400,FIXTURE
17-2081,33,177,FIXTURE
17-2081,34,1196,FIXTURE
17-2081,35,273,FIXTURE
17-2081,36,2600,FIXTURE
17-2081,37,1344,FIXTURE
17-2081,38,100,FIXTURE
17-2081,39,1519,FIXTURE
17-2081,40,510,FIXTURE
17-2081,41,545,FIXTURE
17-2081,42,1674,FIXTURE
17-2081,44,141,FIXTURE
17-2081,45,659,FIXTURE
17-2081,46,114,FIXTURE
17-2081,47,889,FIXTURE
17-2081,48,3751,FIXTURE
17-2081,49,421,FIXTURE
17-2081,50,83,FIXTURE
17-2081,51,1111,FIXTURE
17-2081,53,992,FIXTURE
17-2081,54,231,FIXTURE
17-2081,55,759,FIXTURE
17-2081,56,74,FIXTURE
17-2111,01,347,FIXTURE
17-2111,02,51,FIXTURE
17-2111,04,494,FIXTURE
17-2111,05,208,FIXTURE
17-2111,06,2728,FIXTURE
17-2111,08,398,FIXTURE
17-2111,09,249,FIXTURE
17-2111,10,68,FIXTURE
17-2111,11,48,FIXTURE
17-2111,12,1486,FIXTURE
17-2111,13,739,FIXTURE
17-2111,15,100,FIXTURE
17-2111,16,127,FIXTURE
17-2111,17,884,FIXTURE
17-2111,18,468,FIXTURE
17-2111,19,220,FIXTURE
17-2111,20,203,FIXTURE
17-2111,21,311,FIXTURE
17-2111,22,321,FIXTURE
17-2111,23,94,FIXTURE
17-2111,24,426,FIXTURE
17-2111,25,485,FIXTURE
17-2111,26,695,FIXTURE
17-2111,27,394,FIXTURE
17-2111,28,204,FIXTURE
17-2111,29,425,FIXTURE
17-2111,30,75,FIXTURE
17-2111,31,135,FIXTURE
17-2111,32,214,FIXTURE
17-2111,33,95,FIXTURE
17-2111,34,641,FIXTURE
17-2111,35,146,FIXTURE
17-2111,36,1394,FIXTURE
17-2111,37,720,FIXTURE
17-2111,38,54,FIXTURE
17-2111,39,814,FIXTURE
17-2111,40,273,FIXTURE
17-2111,41,292,FIXTURE
17-2111,42,897,FIXTURE
17-2111,44,76,FIXTURE
17-2111,45,353,FIXTURE
17-2111,46,61,FIXTURE
17-2111,47,477,FIXTURE
17-2111,48,2011,FIXTURE
17-2111,49,226,FIXTURE
17-2111,50,44,FIXTURE
17-2111,51,596,FIXTURE
17-2111,53,532,FIXTURE
17-2111,54,124,FIXTURE
17-2111,55,407,FIXTURE
17-2111,56,40,FIXTURE
17-2112,01,4456,FIXTURE
17-2112,02,650,FIXTURE
17-2112,04,6342,FIXTURE
17-2112,05,2671,FIXTURE
17-2112,06,35065,FIXTURE
17-2112,08,5120,FIXTURE
17-2112,09,3198,FIXTURE
17-2112,10,878,FIXTURE
17-2112,11,612,FIXTURE
17-2112,12,19101,FIXTURE
17-2112,13,9500,FIXTURE
17-2112,15,1291,FIXTURE
17-2112,16,1631,FIXTURE
17-2112,17,11363,FIXTURE
17-2112,18,6018,FIXTURE
17-2112,19,2829,FIXTURE
17-2112,20,2606,FIXTURE
17-2112,21,3996,FIXTURE
17-2112,22,4131,FIXTURE
17-2112,23,1208,FIXTURE
17-2112,24,5478,FIXTURE
17-2112,25,6235,FIXTURE
17-2112,26,8937,FIXTURE
17-2112,27,5061,FIXTURE
17-2112,28,2626,FIXTURE
17-2112,29,5459,FIXTURE
17-2112,30,962,FIXTURE
17-2112,31,1740,FIXTURE
17-2112,32,2753,FIXTURE
17-2112,33,1222,FIXTURE
17-2112,34,8238,FIXTURE
17-2112,35,1878,FIXTURE
17-2112,36,17916,FIXTURE
17-2112,37,9258,FIXTURE
17-2112,38,691,FIXTURE
17-2112,39,10464,FIXTURE
17-2112,40,3511,FIXTURE
17-2112,41,3758,FIXTURE
17-2112,42,11532,FIXTURE
17-2112,44,973,FIXTURE
17-2112,45,4539,FIXTURE
17-2112,46,786,FIXTURE
17-2112,47,6129,FIXTURE
17-2112,48,25848,FIXTURE
17-2112,49,2901,FIXTURE
17-2112,50,570,FIXTURE
17-2112,51,7655,FIXTURE
17-2112,53,6834,FIXTURE
17-2112,54,1591,FIXTURE
17-2112,55,5227,FIXTURE
17-2112,56,512,FIXTURE
17-2121,01,112,FIXTURE
17-2121,02,16,FIXTURE
17-2121,04,159,FIXTURE
17-2121,05,67,FIXTURE
17-2121,06,880,FIXTURE
17-2121,08,129,FIXTURE
17-2121,09,80,FIXTURE
17-2121,10,22,FIXTURE
17-2121,11,15,FIXTURE
17-2121,12,480,FIXTURE
17-2121,13,239,FIXTURE
17-2121,15,32,FIXTURE
17-2121,16,41,FIXTURE
17-2121,17,285,FIXTURE
17-2121,18,151,FIXTURE
17-2121,19,71,FIXTURE
17-2121,20,65,FIXTURE
17-2121,21,100,FIXTURE
17-2121,22,104,FIXTURE
17-2121,23,30,FIXTURE
17-2121,24,138,FIXTURE
17-2121,25,157,FIXTURE
17-2121,26,224,FIXTURE
17-2121,27,127,FIXTURE
17-2121,28,66,FIXTURE
17-2121,29,137,FIXTURE
17-2121,30,24,FIXTURE
17-2121,31,44,FIXTURE
17-2121,32,69,FIXTURE
17-2121,33,31,FIXTURE
17-2121,34,207,FIXTURE
17-2121,35,47,FIXTURE
17-2121,36,450,FIXTURE
17-2121,37,233,FIXTURE
17-2121,38,17,FIXTURE
17-2121,39,263,FIXTURE
17-2121,40,88,FIXTURE
17-2121,41,94,FIXTURE
17-2121,42,290,FIXTURE
17-2121,44,24,FIXTURE
17-2121,45,114,FIXTURE
17-2121,46,20,FIXTURE
17-2121,47,154,FIXTURE
17-2121,48,649,FIXTURE
17-2121,49,73,FIXTURE
17-2121,50,14,FIXTURE
17-2121,51,192,FIXTURE
17-2121,53,172,FIXTURE
17-2121,54,40,FIXTURE
17-2121,55,131,FIXTURE
17-2121,56,13,FIXTURE
17-2131,01,326,FIXTURE
17-2131,02,48,FIXTURE
17-2131,04,465,FIXTURE
17-2131,05,196,FIXTURE
17-2131,06,2568,FIXTURE
17-2131,08,375,FIXTURE
17-2131,09,234,FIXTURE
17-2131,10,64,FIXTURE
17-2131,11,45,FIXTURE
17-2131,12,1399,FIXTURE
17-2131,13,696,FIXTURE
17-2131,15,95,FIXTURE
17-2131,16,119,FIXTURE
17-2131,17,832,FIXTURE
17-2131,18,441,FIXTURE
17-2131,19,207,FIXTURE
17-2131,20,191,FIXTURE
17-2131,21,293,FIXTURE
17-2131,22,303,FIXTURE
17-2131,23,88,FIXTURE
17-2131,24,401,FIXTURE
17-2131,25,457,FIXTURE
17-2131,26,655,FIXTURE
17-2131,27,371,FIXTURE
17-2131,28,192,FIXTURE
17-2131,29,400,FIXTURE
17-2131,30,70,FIXTURE
17-2131,31,127,FIXTURE
17-2131,32,202,FIXTURE
17-2131,33,89,FIXTURE
17-2131,34,603,FIXTURE
17-2131,35,138,FIXTURE
17-2131,36,1312,FIXTURE
17-2131,37,678,FIXTURE
17-2131,38,51,FIXTURE
17-2131,39,766,FIXTURE
17-2131,40,257,FIXTURE
17-2131,41,275,FIXTURE
17-2131,42,845,FIXTURE
17-2131,44,71,FIXTURE
17-2131,45,332,FIXTURE
17-2131,46,58,FIXTURE
17-2131,47,449,FIXTURE
17-2131,48,1893,FIXTURE
17-2131,49,213,FIXTURE
17-2131,50,42,FIXTURE
17-2131,51,561,FIXTURE
17-2131,53,500,FIXTURE
17-2131,54,117,FIXTURE
17-2131,55,383,FIXTURE
17-2131,56,37,FIXTURE
17-2141,01,4218,FIXTURE
17-2141,02,616,FIXTURE
17-2141,04,6003,FIXTURE
17-2141,05,2528,FIXTURE
17-2141,06,33191,FIXTURE
17-2141,08,4847,FIXTURE
17-2141,09,3027,FIXTURE
17-2141,10,831,FIXTURE
17-2141,11,579,FIXTURE
17-2141,12,18081,FIXTURE
17-2141,13,8992,FIXTURE
17-2141,15,1222,FIXTURE
17-2141,16,1544,FIXTURE
17-2141,17,10756,FIXTURE
17-2141,18,5696,FIXTURE
17-2141,19,2678,FIXTURE
17-2141,20,2466,FIXTURE
17-2141,21,3782,FIXTURE
17-2141,22,3910,FIXTURE
17-2141,23,1144,FIXTURE
17-2141,24,5186,FIXTURE
17-2141,25,5901,FIXTURE
17-2141,26,8460,FIXTURE
17-2141,27,4790,FIXTURE
17-2141,28,2486,FIXTURE
17-2141,29,5167,FIXTURE
17-2141,30,910,FIXTURE
17-2141,31,1647,FIXTURE
17-2141,32,2606,FIXTURE
17-2141,33,1156,FIXTURE
17-2141,34,7798,FIXTURE
17-2141,35,1778,FIXTURE
17-2141,36,16958,FIXTURE
17-2141,37,8763,FIXTURE
17-2141,38,654,FIXTURE
17-2141,39,9905,FIXTURE
17-2141,40,3324,FIXTURE
17-2141,41,3557,FIXTURE
17-2141,42,10915,FIXTURE
17-2141,44,921,FIXTURE
17-2141,45,4297,FIXTURE
17-2141,46,744,FIXTURE
17-2141,47,5801,FIXTURE
17-2141,48,24467,FIXTURE
17-2141,49,2746,FIXTURE
17-2141,50,540,FIXTURE
17-2141,51,7246,FIXTURE
17-2141,53,6468,FIXTURE
17-2141,54,1506,FIXTURE
17-2141,55,4948,FIXTURE
17-2141,56,484,FIXTURE
17-2151,01,112,FIXTURE
17-2151,02,16,FIXTURE
17-2151,04,159,FIXTURE
17-2151,05,67,FIXTURE
17-2151,06,879,FIXTURE
17-2151,08,129,FIXTURE
17-2151,09,80,FIXTURE
17-2151,10,22,FIXTURE
17-2151,11,15,FIXTURE
17-2151,12,479,FIXTURE
17-2151,13,238,FIXTURE
17-2151,15,32,FIXTURE
17-2151,16,41,FIXTURE
17-2151,17,285,FIXTURE
17-2151,18,151,FIXTURE
17-2151,19,71,FIXTURE
17-2151,20,65,FIXTURE
17-2151,21,100,FIXTURE
17-2151,22,104,FIXTURE
17-2151,23,30,FIXTURE
17-2151,24,137,FIXTURE
17-2151,25,156,FIXTURE
17-2151,26,224,FIXTURE
17-2151,27,127,FIXTURE
17-2151,28,66,FIXTURE
17-2151,29,137,FIXTURE
17-2151,30,24,FIXTURE
17-2151,31,44,FIXTURE
17-2151,32,69,FIXTURE
17-2151,33,31,FIXTURE
17-2151,34,207,FIXTURE
17-2151,35,47,FIXTURE
17-2151,36,449,FIXTURE
17-2151,37,232,FIXTURE
17-2151,38,17,FIXTURE
17-2151,39,262,FIXTURE
17-2151,40,88,FIXTURE
17-2151,41,94,FIXTURE
17-2151,42,289,FIXTURE
17-2151,44,25,FIXTURE
17-2151,45,114,FIXTURE
17-2151,46,20,FIXTURE
17-2151,47,154,FIXTURE
17-2151,48,648,FIXTURE
17-2151,49,73,FIXTURE
17-2151,50,14,FIXTURE
17-2151,51,192,FIXTURE
17-2151,53,171,FIXTURE
17-2151,54,40,FIXTURE
17-2151,55,131,FIXTURE
17-2151,56,13,FIXTURE
17-2161,01,192,FIXTURE
17-2161,02,28,FIXTURE
17-2161,04,273,FIXTURE
17-2161,05,115,FIXTURE
17-2161,06,1511,FIXTURE
17-2161,08,221,FIXTURE
17-2161,09,138,FIXTURE
17-2161,10,38,FIXTURE
17-2161,11,26,FIXTURE
17-2161,12,823,FIXTURE
17-2161,13,410,FIXTURE
17-2161,15,56,FIXTURE
17-2161,16,70,FIXTURE
17-2161,17,490,FIXTURE
17-2161,18,259,FIXTURE
17-2161,19,122,FIXTURE
17-2161,20,112,FIXTURE
17-2161,21,172,FIXTURE
17-2161,22,178,FIXTURE
17-2161,23,52,FIXTURE
17-2161,24,236,FIXTURE
17-2161,25,269,FIXTURE
17-2161,26,385,FIXTURE
17-2161,27,218,FIXTURE
17-2161,28,113,FIXTURE
17-2161,29,235,FIXTURE
17-2161,30,42,FIXTURE
17-2161,31,75,FIXTURE
17-2161,32,119,FIXTURE
17-2161,33,53,FIXTURE
17-2161,34,355,FIXTURE
17-2161,35,81,FIXTURE
17-2161,36,772,FIXTURE
17-2161,37,399,FIXTURE
17-2161,38,30,FIXTURE
17-2161,39,451,FIXTURE
17-2161,40,151,FIXTURE
17-2161,41,162,FIXTURE
17-2161,42,497,FIXTURE
17-2161,44,42,FIXTURE
17-2161,45,196,FIXTURE
17-2161,46,34,FIXTURE
17-2161,47,264,FIXTURE
17-2161,48,1114,FIXTURE
17-2161,49,125,FIXTURE
17-2161,50,25,FIXTURE
17-2161,51,330,FIXTURE
17-2161,53,295,FIXTURE
17-2161,54,69,FIXTURE
17-2161,55,225,FIXTURE
17-2161,56,22,FIXTURE
17-2171,01,335,FIXTURE
17-2171,02,49,FIXTURE
17-2171,04,477,FIXTURE
17-2171,05,201,FIXTURE
17-2171,06,2636,FIXTURE
17-2171,08,385,FIXTURE
17-2171,09,240,FIXTURE
17-2171,10,66,FIXTURE
17-2171,11,46,FIXTURE
17-2171,12,1436,FIXTURE
17-2171,13,714,FIXTURE
17-2171,15,97,FIXTURE
17-2171,16,123,FIXTURE
17-2171,17,854,FIXTURE
17-2171,18,452,FIXTURE
17-2171,19,213,FIXTURE
17-2171,20,196,FIXTURE
17-2171,21,300,FIXTURE
17-2171,22,311,FIXTURE
17-2171,23,91,FIXTURE
17-2171,24,412,FIXTURE
17-2171,25,469,FIXTURE
17-2171,26,672,FIXTURE
17-2171,27,381,FIXTURE
17-2171,28,197,FIXTURE
17-2171,29,410,FIXTURE
17-2171,30,72,FIXTURE
17-2171,31,131,FIXTURE
17-2171,32,207,FIXTURE
17-2171,33,92,FIXTURE
17-2171,34,619,FIXTURE
17-2171,35,141,FIXTURE
17-2171,36,1347,FIXTURE
17-2171,37,696,FIXTURE
17-2171,38,52,FIXTURE
17-2171,39,787,FIXTURE
17-2171,40,264,FIXTURE
17-2171,41,283,FIXTURE
17-2171,42,867,FIXTURE
17-2171,44,73,FIXTURE
17-2171,45,341,FIXTURE
17-2171,46,59,FIXTURE
17-2171,47,461,FIXTURE
17-2171,48,1943,FIXTURE
17-2171,49,218,FIXTURE
17-2171,50,43,FIXTURE
17-2171,51,576,FIXTURE
17-2171,53,514,FIXTURE
17-2171,54,120,FIXTURE
17-2171,55,393,FIXTURE
17-2171,56,38,FIXTURE
17-2199,01,2303,FIXTURE
17-2199,02,336,FIXTURE
17-2199,04,3278,FIXTURE
17-2199,05,1381,FIXTURE
17-2199,06,18125,FIXTURE
17-2199,08,2647,FIXTURE
17-2199,09,1653,FIXTURE
17-2199,10,454,FIXTURE
17-2199,11,316,FIXTURE
17-2199,12,9873,FIXTURE
17-2199,13,4910,FIXTURE
17-2199,15,667,FIXTURE
17-2199,16,843,FIXTURE
17-2199,17,5873,FIXTURE
17-2199,18,3111,FIXTURE
17-2199,19,1463,FIXTURE
17-2199,20,1347,FIXTURE
17-2199,21,2066,FIXTURE
17-2199,22,2135,FIXTURE
17-2199,23,625,FIXTURE
17-2199,24,2832,FIXTURE
17-2199,25,3223,FIXTURE
17-2199,26,4620,FIXTURE
17-2199,27,2616,FIXTURE
17-2199,28,1357,FIXTURE
17-2199,29,2821,FIXTURE
17-2199,30,497,FIXTURE
17-2199,31,899,FIXTURE
17-2199,32,1423,FIXTURE
17-2199,33,631,FIXTURE
17-2199,34,4258,FIXTURE
17-2199,35,971,FIXTURE
17-2199,36,9260,FIXTURE
17-2199,37,4786,FIXTURE
17-2199,38,357,FIXTURE
17-2199,39,5409,FIXTURE
17-2199,40,1815,FIXTURE
17-2199,41,1942,FIXTURE
17-2199,42,5961,FIXTURE
17-2199,44,503,FIXTURE
17-2199,45,2346,FIXTURE
17-2199,46,406,FIXTURE
17-2199,47,3168,FIXTURE
17-2199,48,13361,FIXTURE
17-2199,49,1500,FIXTURE
17-2199,50,295,FIXTURE
17-2199,51,3957,FIXTURE
17-2199,53,3532,FIXTURE
17-2199,54,822,FIXTURE
17-2199,55,2702,FIXTURE
17-2199,56,264,FIXTURE
17-3011,01,1536,FIXTURE
17-3011,02,224,FIXTURE
17-3011,04,2186,FIXTURE
17-3011,05,921,FIXTURE
17-3011,06,12085,FIXTURE
17-3011,08,1765,FIXTURE
17-3011,09,1102,FIXTURE
17-3011,10,303,FIXTURE
17-3011,11,211,FIXTURE
17-3011,12,6583,FIXTURE
17-3011,13,3274,FIXTURE
17-3011,15,445,FIXTURE
17-3011,16,562,FIXTURE
17-3011,17,3916,FIXTURE
17-3011,18,2074,FIXTURE
17-3011,19,975,FIXTURE
17-3011,20,898,FIXTURE
17-3011,21,1377,FIXTURE
17-3011,22,1424,FIXTURE
17-3011,23,416,FIXTURE
17-3011,24,1888,FIXTURE
17-3011,25,2149,FIXTURE
17-3011,26,3080,FIXTURE
17-3011,27,1744,FIXTURE
17-3011,28,905,FIXTURE
17-3011,29,1881,FIXTURE
17-3011,30,331,FIXTURE
17-3011,31,600,FIXTURE
17-3011,32,949,FIXTURE
17-3011,33,421,FIXTURE
17-3011,34,2839,FIXTURE
17-3011,35,647,FIXTURE
17-3011,36,6175,FIXTURE
17-3011,37,3191,FIXTURE
17-3011,38,238,FIXTURE
17-3011,39,3607,FIXTURE
17-3011,40,1210,FIXTURE
17-3011,41,1295,FIXTURE
17-3011,42,3974,FIXTURE
17-3011,44,336,FIXTURE
17-3011,45,1565,FIXTURE
17-3011,46,271,FIXTURE
17-3011,47,2112,FIXTURE
17-3011,48,8909,FIXTURE
17-3011,49,1000,FIXTURE
17-3011,50,197,FIXTURE
17-3011,51,2638,FIXTURE
17-3011,53,2355,FIXTURE
17-3011,54,548,FIXTURE
17-3011,55,1802,FIXTURE
17-3011,56,176,FIXTURE
17-3012,01,316,FIXTURE
17-3012,02,46,FIXTURE
17-3012,04,449,FIXTURE
17-3012,05,189,FIXTURE
17-3012,06,2485,FIXTURE
17-3012,08,363,FIXTURE
17-3012,09,227,FIXTURE
17-3012,10,62,FIXTURE
17-3012,11,43,FIXTURE
17-3012,12,1354,FIXTURE
17-3012,13,673,FIXTURE
17-3012,15,91,FIXTURE
17-3012,16,116,FIXTURE
17-3012,17,805,FIXTURE
17-3012,18,426,FIXTURE
17-3012,19,200,FIXTURE
17-3012,20,185,FIXTURE
17-3012,21,283,FIXTURE
17-3012,22,293,FIXTURE
17-3012,23,86,FIXTURE
17-3012,24,388,FIXTURE
17-3012,25,442,FIXTURE
17-3012,26,633,FIXTURE
17-3012,27,359,FIXTURE
17-3012,28,186,FIXTURE
17-3012,29,387,FIXTURE
17-3012,30,68,FIXTURE
17-3012,31,123,FIXTURE
17-3012,32,195,FIXTURE
17-3012,33,87,FIXTURE
17-3012,34,584,FIXTURE
17-3012,35,133,FIXTURE
17-3012,36,1270,FIXTURE
17-3012,37,656,FIXTURE
17-3012,38,49,FIXTURE
17-3012,39,742,FIXTURE
17-3012,40,249,FIXTURE
17-3012,41,266,FIXTURE
17-3012,42,817,FIXTURE
17-3012,44,69,FIXTURE
17-3012,45,322,FIXTURE
17-3012,46,56,FIXTURE
17-3012,47,434,FIXTURE
17-3012,48,1832,FIXTURE
17-3012,49,206,FIXTURE
17-3012,50,40,FIXTURE
17-3012,51,542,FIXTURE
17-3012,53,484,FIXTURE
17-3012,54,113,FIXTURE
17-3012,55,370,FIXTURE
17-3012,56,36,FIXTURE
17-3013,01,724,FIXTURE
17-3013,02,106,FIXTURE
17-3013,04,1030,FIXTURE
17-3013,05,434,FIXTURE
17-3013,06,5697,FIXTURE
17-3013,08,832,FIXTURE
17-3013,09,520,FIXTURE
17-3013,10,143,FIXTURE
17-3013,11,99,FIXTURE
17-3013,12,3104,FIXTURE
17-3013,13,1544,FIXTURE
17-3013,15,210,FIXTURE
17-3013,16,265,FIXTURE
17-3013,17,1846,FIXTURE
17-3013,18,978,FIXTURE
17-3013,19,460,FIXTURE
17-3013,20,423,FIXTURE
17-3013,21,649,FIXTURE
17-3013,22,671,FIXTURE
17-3013,23,196,FIXTURE
17-3013,24,890,FIXTURE
17-3013,25,1013,FIXTURE
17-3013,26,1452,FIXTURE
17-3013,27,822,FIXTURE
17-3013,28,427,FIXTURE
17-3013,29,887,FIXTURE
17-3013,30,156,FIXTURE
17-3013,31,283,FIXTURE
17-3013,32,447,FIXTURE
17-3013,33,198,FIXTURE
17-3013,34,1338,FIXTURE
17-3013,35,305,FIXTURE
17-3013,36,2911,FIXTURE
17-3013,37,1504,FIXTURE
17-3013,38,112,FIXTURE
17-3013,39,1700,FIXTURE
17-3013,40,571,FIXTURE
17-3013,41,611,FIXTURE
17-3013,42,1874,FIXTURE
17-3013,44,158,FIXTURE
17-3013,45,738,FIXTURE
17-3013,46,128,FIXTURE
17-3013,47,996,FIXTURE
17-3013,48,4200,FIXTURE
17-3013,49,471,FIXTURE
17-3013,50,93,FIXTURE
17-3013,51,1244,FIXTURE
17-3013,53,1110,FIXTURE
17-3013,54,258,FIXTURE
17-3013,55,849,FIXTURE
17-3013,56,83,FIXTURE
17-3019,01,232,FIXTURE
17-3019,02,34,FIXTURE
17-3019,04,330,FIXTURE
17-3019,05,139,FIXTURE
17-3019,06,1825,FIXTURE
17-3019,08,267,FIXTURE
17-3019,09,166,FIXTURE
17-3019,10,46,FIXTURE
17-3019,11,32,FIXTURE
17-3019,12,994,FIXTURE
17-3019,13,494,FIXTURE
17-3019,15,67,FIXTURE
17-3019,16,85,FIXTURE
17-3019,17,591,FIXTURE
17-3019,18,313,FIXTURE
17-3019,19,147,FIXTURE
17-3019,20,136,FIXTURE
17-3019,21,208,FIXTURE
17-3019,22,215,FIXTURE
17-3019,23,63,FIXTURE
17-3019,24,285,FIXTURE
17-3019,25,324,FIXTURE
17-3019,26,465,FIXTURE
17-3019,27,263,FIXTURE
17-3019,28,137,FIXTURE
17-3019,29,284,FIXTURE
17-3019,30,50,FIXTURE
17-3019,31,91,FIXTURE
17-3019,32,143,FIXTURE
17-3019,33,64,FIXTURE
17-3019,34,429,FIXTURE
17-3019,35,98,FIXTURE
17-3019,36,932,FIXTURE
17-3019,37,482,FIXTURE
17-3019,38,36,FIXTURE
17-3019,39,545,FIXTURE
17-3019,40,183,FIXTURE
17-3019,41,196,FIXTURE
17-3019,42,600,FIXTURE
17-3019,44,51,FIXTURE
17-3019,45,236,FIXTURE
17-3019,46,41,FIXTURE
17-3019,47,319,FIXTURE
17-3019,48,1345,FIXTURE
17-3019,49,151,FIXTURE
17-3019,50,30,FIXTURE
17-3019,51,398,FIXTURE
17-3019,53,356,FIXTURE
17-3019,54,83,FIXTURE
17-3019,55,272,FIXTURE
17-3019,56,27,FIXTURE
17-3021,01,165,FIXTURE
17-3021,02,24,FIXTURE
17-3021,04,235,FIXTURE
17-3021,05,99,FIXTURE
17-3021,06,1300,FIXTURE
17-3021,08,190,FIXTURE
17-3021,09,119,FIXTURE
17-3021,10,33,FIXTURE
17-3021,11,23,FIXTURE
17-3021,12,708,FIXTURE
17-3021,13,352,FIXTURE
17-3021,15,48,FIXTURE
17-3021,16,61,FIXTURE
17-3021,17,421,FIXTURE
17-3021,18,223,FIXTURE
17-3021,19,105,FIXTURE
17-3021,20,97,FIXTURE
17-3021,21,148,FIXTURE
17-3021,22,153,FIXTURE
17-3021,23,45,FIXTURE
17-3021,24,203,FIXTURE
17-3021,25,231,FIXTURE
17-3021,26,331,FIXTURE
17-3021,27,188,FIXTURE
17-3021,28,97,FIXTURE
17-3021,29,202,FIXTURE
17-3021,30,36,FIXTURE
17-3021,31,65,FIXTURE
17-3021,32,102,FIXTURE
17-3021,33,45,FIXTURE
17-3021,34,306,FIXTURE
17-3021,35,70,FIXTURE
17-3021,36,664,FIXTURE
17-3021,37,343,FIXTURE
17-3021,38,26,FIXTURE
17-3021,39,388,FIXTURE
17-3021,40,130,FIXTURE
17-3021,41,139,FIXTURE
17-3021,42,428,FIXTURE
17-3021,44,36,FIXTURE
17-3021,45,168,FIXTURE
17-3021,46,29,FIXTURE
17-3021,47,227,FIXTURE
17-3021,48,959,FIXTURE
17-3021,49,108,FIXTURE
17-3021,50,21,FIXTURE
17-3021,51,284,FIXTURE
17-3021,53,253,FIXTURE
17-3021,54,59,FIXTURE
17-3021,55,194,FIXTURE
17-3021,56,19,FIXTURE
17-3022,01,973,FIXTURE
17-3022,02,142,FIXTURE
17-3022,04,1385,FIXTURE
17-3022,05,583,FIXTURE
17-3022,06,7655,FIXTURE
17-3022,08,1118,FIXTURE
17-3022,09,698,FIXTURE
17-3022,10,192,FIXTURE
17-3022,11,133,FIXTURE
17-3022,12,4170,FIXTURE
17-3022,13,2074,FIXTURE
17-3022,15,282,FIXTURE
17-3022,16,356,FIXTURE
17-3022,17,2480,FIXTURE
17-3022,18,1314,FIXTURE
17-3022,19,618,FIXTURE
17-3022,20,569,FIXTURE
17-3022,21,872,FIXTURE
17-3022,22,902,FIXTURE
17-3022,23,264,FIXTURE
17-3022,24,1196,FIXTURE
17-3022,25,1361,FIXTURE
17-3022,26,1951,FIXTURE
17-3022,27,1105,FIXTURE
17-3022,28,573,FIXTURE
17-3022,29,1192,FIXTURE
17-3022,30,210,FIXTURE
17-3022,31,380,FIXTURE
17-3022,32,601,FIXTURE
17-3022,33,267,FIXTURE
17-3022,34,1798,FIXTURE
17-3022,35,410,FIXTURE
17-3022,36,3911,FIXTURE
17-3022,37,2021,FIXTURE
17-3022,38,151,FIXTURE
17-3022,39,2284,FIXTURE
17-3022,40,766,FIXTURE
17-3022,41,820,FIXTURE
17-3022,42,2517,FIXTURE
17-3022,44,212,FIXTURE
17-3022,45,991,FIXTURE
17-3022,46,172,FIXTURE
17-3022,47,1338,FIXTURE
17-3022,48,5643,FIXTURE
17-3022,49,633,FIXTURE
17-3022,50,124,FIXTURE
17-3022,51,1671,FIXTURE
17-3022,53,1492,FIXTURE
17-3022,54,347,FIXTURE
17-3022,55,1141,FIXTURE
17-3022,56,112,FIXTURE
17-3023,01,1538,FIXTURE
17-3023,02,224,FIXTURE
17-3023,04,2189,FIXTURE
17-3023,05,922,FIXTURE
17-3023,06,12102,FIXTURE
17-3023,08,1767,FIXTURE
17-3023,09,1104,FIXTURE
17-3023,10,303,FIXTURE
17-3023,11,211,FIXTURE
17-3023,12,6592,FIXTURE
17-3023,13,3279,FIXTURE
17-3023,15,445,FIXTURE
17-3023,16,563,FIXTURE
17-3023,17,3922,FIXTURE
17-3023,18,2077,FIXTURE
17-3023,19,977,FIXTURE
17-3023,20,899,FIXTURE
17-3023,21,1379,FIXTURE
17-3023,22,1426,FIXTURE
17-3023,23,417,FIXTURE
17-3023,24,1891,FIXTURE
17-3023,25,2152,FIXTURE
17-3023,26,3084,FIXTURE
17-3023,27,1747,FIXTURE
17-3023,28,906,FIXTURE
17-3023,29,1884,FIXTURE
17-3023,30,332,FIXTURE
17-3023,31,600,FIXTURE
17-3023,32,950,FIXTURE
17-3023,33,422,FIXTURE
17-3023,34,2843,FIXTURE
17-3023,35,648,FIXTURE
17-3023,36,6183,FIXTURE
17-3023,37,3195,FIXTURE
17-3023,38,238,FIXTURE
17-3023,39,3612,FIXTURE
17-3023,40,1212,FIXTURE
17-3023,41,1297,FIXTURE
17-3023,42,3980,FIXTURE
17-3023,44,336,FIXTURE
17-3023,45,1567,FIXTURE
17-3023,46,271,FIXTURE
17-3023,47,2115,FIXTURE
17-3023,48,8921,FIXTURE
17-3023,49,1001,FIXTURE
17-3023,50,197,FIXTURE
17-3023,51,2642,FIXTURE
17-3023,53,2358,FIXTURE
17-3023,54,549,FIXTURE
17-3023,55,1804,FIXTURE
17-3023,56,177,FIXTURE
17-3024,01,176,FIXTURE
17-3024,02,26,FIXTURE
17-3024,04,250,FIXTURE
17-3024,05,105,FIXTURE
17-3024,06,1383,FIXTURE
17-3024,08,202,FIXTURE
17-3024,09,126,FIXTURE
17-3024,10,35,FIXTURE
17-3024,11,24,FIXTURE
17-3024,12,753,FIXTURE
17-3024,13,375,FIXTURE
17-3024,15,51,FIXTURE
17-3024,16,64,FIXTURE
17-3024,17,448,FIXTURE
17-3024,18,237,FIXTURE
17-3024,19,112,FIXTURE
17-3024,20,103,FIXTURE
17-3024,21,158,FIXTURE
17-3024,22,163,FIXTURE
17-3024,23,48,FIXTURE
17-3024,24,216,FIXTURE
17-3024,25,246,FIXTURE
17-3024,26,352,FIXTURE
17-3024,27,199,FIXTURE
17-3024,28,103,FIXTURE
17-3024,29,215,FIXTURE
17-3024,30,38,FIXTURE
17-3024,31,69,FIXTURE
17-3024,32,109,FIXTURE
17-3024,33,48,FIXTURE
17-3024,34,325,FIXTURE
17-3024,35,74,FIXTURE
17-3024,36,706,FIXTURE
17-3024,37,365,FIXTURE
17-3024,38,27,FIXTURE
17-3024,39,413,FIXTURE
17-3024,40,138,FIXTURE
17-3024,41,148,FIXTURE
17-3024,42,455,FIXTURE
17-3024,44,38,FIXTURE
17-3024,45,179,FIXTURE
17-3024,46,31,FIXTURE
17-3024,47,242,FIXTURE
17-3024,48,1019,FIXTURE
17-3024,49,114,FIXTURE
17-3024,50,22,FIXTURE
17-3024,51,302,FIXTURE
17-3024,53,269,FIXTURE
17-3024,54,63,FIXTURE
17-3024,55,206,FIXTURE
17-3024,56,20,FIXTURE
17-3025,01,226,FIXTURE
17-3025,02,33,FIXTURE
17-3025,04,322,FIXTURE
17-3025,05,135,FIXTURE
17-3025,06,1779,FIXTURE
17-3025,08,260,FIXTURE
17-3025,09,162,FIXTURE
17-3025,10,45,FIXTURE
17-3025,11,31,FIXTURE
17-3025,12,969,FIXTURE
17-3025,13,482,FIXTURE
17-3025,15,65,FIXTURE
17-3025,16,83,FIXTURE
17-3025,17,576,FIXTURE
17-3025,18,305,FIXTURE
17-3025,19,143,FIXTURE
17-3025,20,132,FIXTURE
17-3025,21,203,FIXTURE
17-3025,22,209,FIXTURE
17-3025,23,61,FIXTURE
17-3025,24,278,FIXTURE
17-3025,25,316,FIXTURE
17-3025,26,453,FIXTURE
17-3025,27,257,FIXTURE
17-3025,28,133,FIXTURE
17-3025,29,277,FIXTURE
17-3025,30,49,FIXTURE
17-3025,31,88,FIXTURE
17-3025,32,140,FIXTURE
17-3025,33,62,FIXTURE
17-3025,34,418,FIXTURE
17-3025,35,95,FIXTURE
17-3025,36,909,FIXTURE
17-3025,37,470,FIXTURE
17-3025,38,35,FIXTURE
17-3025,39,531,FIXTURE
17-3025,40,178,FIXTURE
17-3025,41,191,FIXTURE
17-3025,42,585,FIXTURE
17-3025,44,49,FIXTURE
17-3025,45,230,FIXTURE
17-3025,46,40,FIXTURE
17-3025,47,311,FIXTURE
17-3025,48,1311,FIXTURE
17-3025,49,147,FIXTURE
17-3025,50,29,FIXTURE
17-3025,51,388,FIXTURE
17-3025,53,347,FIXTURE
17-3025,54,81,FIXTURE
17-3025,55,265,FIXTURE
17-3025,56,26,FIXTURE
17-3026,01,940,FIXTURE
17-3026,02,137,FIXTURE
17-3026,04,1338,FIXTURE
17-3026,05,564,FIXTURE
17-3026,06,7400,FIXTURE
17-3026,08,1081,FIXTURE
17-3026,09,675,FIXTURE
17-3026,10,185,FIXTURE
17-3026,11,129,FIXTURE
17-3026,12,4031,FIXTURE
17-3026,13,2005,FIXTURE
17-3026,15,272,FIXTURE
17-3026,16,344,FIXTURE
17-3026,17,2398,FIXTURE
17-3026,18,1270,FIXTURE
17-3026,19,597,FIXTURE
17-3026,20,550,FIXTURE
17-3026,21,843,FIXTURE
17-3026,22,872,FIXTURE
17-3026,23,255,FIXTURE
17-3026,24,1156,FIXTURE
17-3026,25,1316,FIXTURE
17-3026,26,1886,FIXTURE
17-3026,27,1068,FIXTURE
17-3026,28,554,FIXTURE
17-3026,29,1152,FIXTURE
17-3026,30,203,FIXTURE
17-3026,31,367,FIXTURE
17-3026,32,581,FIXTURE
17-3026,33,258,FIXTURE
17-3026,34,1738,FIXTURE
17-3026,35,396,FIXTURE
17-3026,36,3781,FIXTURE
17-3026,37,1954,FIXTURE
17-3026,38,146,FIXTURE
17-3026,39,2208,FIXTURE
17-3026,40,741,FIXTURE
17-3026,41,793,FIXTURE
17-3026,42,2433,FIXTURE
17-3026,44,205,FIXTURE
17-3026,45,958,FIXTURE
17-3026,46,166,FIXTURE
17-3026,47,1293,FIXTURE
17-3026,48,5455,FIXTURE
17-3026,49,612,FIXTURE
17-3026,50,120,FIXTURE
17-3026,51,1615,FIXTURE
17-3026,53,1442,FIXTURE
17-3026,54,336,FIXTURE
17-3026,55,1103,FIXTURE
17-3026,56,108,FIXTURE
17-3027,01,609,FIXTURE
17-3027,02,89,FIXTURE
17-3027,04,867,FIXTURE
17-3027,05,365,FIXTURE
17-3027,06,4793,FIXTURE
17-3027,08,700,FIXTURE
17-3027,09,437,FIXTURE
17-3027,10,120,FIXTURE
17-3027,11,84,FIXTURE
17-3027,12,2611,FIXTURE
17-3027,13,1299,FIXTURE
17-3027,15,176,FIXTURE
17-3027,16,223,FIXTURE
17-3027,17,1553,FIXTURE
17-3027,18,823,FIXTURE
17-3027,19,387,FIXTURE
17-3027,20,356,FIXTURE
17-3027,21,546,FIXTURE
17-3027,22,565,FIXTURE
17-3027,23,165,FIXTURE
17-3027,24,749,FIXTURE
17-3027,25,852,FIXTURE
17-3027,26,1222,FIXTURE
17-3027,27,692,FIXTURE
17-3027,28,359,FIXTURE
17-3027,29,746,FIXTURE
17-3027,30,131,FIXTURE
17-3027,31,238,FIXTURE
17-3027,32,376,FIXTURE
17-3027,33,167,FIXTURE
17-3027,34,1126,FIXTURE
17-3027,35,257,FIXTURE
17-3027,36,2449,FIXTURE
17-3027,37,1266,FIXTURE
17-3027,38,94,FIXTURE
17-3027,39,1430,FIXTURE
17-3027,40,480,FIXTURE
17-3027,41,514,FIXTURE
17-3027,42,1576,FIXTURE
17-3027,44,133,FIXTURE
17-3027,45,620,FIXTURE
17-3027,46,108,FIXTURE
17-3027,47,838,FIXTURE
17-3027,48,3533,FIXTURE
17-3027,49,397,FIXTURE
17-3027,50,78,FIXTURE
17-3027,51,1046,FIXTURE
17-3027,53,934,FIXTURE
17-3027,54,217,FIXTURE
17-3027,55,714,FIXTURE
17-3027,56,70,FIXTURE
17-3028,01,129,FIXTURE
17-3028,02,19,FIXTURE
17-3028,04,183,FIXTURE
17-3028,05,77,FIXTURE
17-3028,06,1014,FIXTURE
17-3028,08,148,FIXTURE
17-3028,09,93,FIXTURE
17-3028,10,25,FIXTURE
17-3028,11,18,FIXTURE
17-3028,12,552,FIXTURE
17-3028,13,275,FIXTURE
17-3028,15,37,FIXTURE
17-3028,16,47,FIXTURE
17-3028,17,329,FIXTURE
17-3028,18,174,FIXTURE
17-3028,19,82,FIXTURE
17-3028,20,75,FIXTURE
17-3028,21,116,FIXTURE
17-3028,22,119,FIXTURE
17-3028,23,35,FIXTURE
17-3028,24,158,FIXTURE
17-3028,25,180,FIXTURE
17-3028,26,258,FIXTURE
17-3028,27,146,FIXTURE
17-3028,28,76,FIXTURE
17-3028,29,158,FIXTURE
17-3028,30,28,FIXTURE
17-3028,31,50,FIXTURE
17-3028,32,80,FIXTURE
17-3028,33,35,FIXTURE
17-3028,34,238,FIXTURE
17-3028,35,54,FIXTURE
17-3028,36,518,FIXTURE
17-3028,37,268,FIXTURE
17-3028,38,20,FIXTURE
17-3028,39,303,FIXTURE
17-3028,40,102,FIXTURE
17-3028,41,109,FIXTURE
17-3028,42,334,FIXTURE
17-3028,44,28,FIXTURE
17-3028,45,131,FIXTURE
17-3028,46,23,FIXTURE
17-3028,47,177,FIXTURE
17-3028,48,747,FIXTURE
17-3028,49,84,FIXTURE
17-3028,50,17,FIXTURE
17-3028,51,221,FIXTURE
17-3028,53,198,FIXTURE
17-3028,54,46,FIXTURE
17-3028,55,151,FIXTURE
17-3028,56,15,FIXTURE
17-3029,01,1116,FIXTURE
17-3029,02,163,FIXTURE
17-3029,04,1588,FIXTURE
17-3029,05,669,FIXTURE
17-3029,06,8780,FIXTURE
17-3029,08,1282,FIXTURE
17-3029,09,801,FIXTURE
17-3029,10,220,FIXTURE
17-3029,11,153,FIXTURE
17-3029,12,4783,FIXTURE
17-3029,13,2379,FIXTURE
17-3029,15,323,FIXTURE
17-3029,16,408,FIXTURE
17-3029,17,2845,FIXTURE
17-3029,18,1507,FIXTURE
17-3029,19,708,FIXTURE
17-3029,20,652,FIXTURE
17-3029,21,1000,FIXTURE
17-3029,22,1034,FIXTURE
17-3029,23,302,FIXTURE
17-3029,24,1372,FIXTURE
17-3029,25,1561,FIXTURE
17-3029,26,2238,FIXTURE
17-3029,27,1267,FIXTURE
17-3029,28,657,FIXTURE
17-3029,29,1367,FIXTURE
17-3029,30,241,FIXTURE
17-3029,31,435,FIXTURE
17-3029,32,689,FIXTURE
17-3029,33,306,FIXTURE
17-3029,34,2063,FIXTURE
17-3029,35,470,FIXTURE
17-3029,36,4486,FIXTURE
17-3029,37,2318,FIXTURE
17-3029,38,173,FIXTURE
17-3029,39,2620,FIXTURE
17-3029,40,879,FIXTURE
17-3029,41,941,FIXTURE
17-3029,42,2887,FIXTURE
17-3029,44,244,FIXTURE
17-3029,45,1137,FIXTURE
17-3029,46,197,FIXTURE
17-3029,47,1535,FIXTURE
17-3029,48,6472,FIXTURE
17-3029,49,726,FIXTURE
17-3029,50,143,FIXTURE
17-3029,51,1917,FIXTURE
17-3029,53,1711,FIXTURE
17-3029,54,398,FIXTURE
17-3029,55,1309,FIXTURE
17-3029,56,128,FIXTURE
17-3031,01,850,FIXTURE
17-3031,02,124,FIXTURE
17-3031,04,1210,FIXTURE
17-3031,05,509,FIXTURE
17-3031,06,6689,FIXTURE
17-3031,08,977,FIXTURE
17-3031,09,610,FIXTURE
17-3031,10,168,FIXTURE
17-3031,11,117,FIXTURE
17-3031,12,3644,FIXTURE
17-3031,13,1812,FIXTURE
17-3031,15,246,FIXTURE
17-3031,16,311,FIXTURE
17-3031,17,2167,FIXTURE
17-3031,18,1148,FIXTURE
17-3031,19,540,FIXTURE
17-3031,20,497,FIXTURE
17-3031,21,762,FIXTURE
17-3031,22,788,FIXTURE
17-3031,23,230,FIXTURE
17-3031,24,1045,FIXTURE
17-3031,25,1189,FIXTURE
17-3031,26,1705,FIXTURE
17-3031,27,965,FIXTURE
17-3031,28,501,FIXTURE
17-3031,29,1041,FIXTURE
17-3031,30,183,FIXTURE
17-3031,31,332,FIXTURE
17-3031,32,525,FIXTURE
17-3031,33,233,FIXTURE
17-3031,34,1571,FIXTURE
17-3031,35,358,FIXTURE
17-3031,36,3417,FIXTURE
17-3031,37,1766,FIXTURE
17-3031,38,132,FIXTURE
17-3031,39,1996,FIXTURE
17-3031,40,670,FIXTURE
17-3031,41,717,FIXTURE
17-3031,42,2200,FIXTURE
17-3031,44,186,FIXTURE
17-3031,45,866,FIXTURE
17-3031,46,150,FIXTURE
17-3031,47,1169,FIXTURE
17-3031,48,4930,FIXTURE
17-3031,49,553,FIXTURE
17-3031,50,109,FIXTURE
17-3031,51,1460,FIXTURE
17-3031,53,1304,FIXTURE
17-3031,54,303,FIXTURE
17-3031,55,997,FIXTURE
17-3031,56,98,FIXTURE
19-1011,01,42,FIXTURE
19-1011,02,6,FIXTURE
19-1011,04,60,FIXTURE
19-1011,05,25,FIXTURE
19-1011,06,333,FIXTURE
19-1011,08,49,FIXTURE
19-1011,09,30,FIXTURE
19-1011,10,8,FIXTURE
19-1011,11,6,FIXTURE
19-1011,12,181,FIXTURE
19-1011,13,90,FIXTURE
19-1011,15,12,FIXTURE
19-1011,16,16,FIXTURE
19-1011,17,108,FIXTURE
19-1011,18,57,FIXTURE
19-1011,19,27,FIXTURE
19-1011,20,25,FIXTURE
19-1011,21,38,FIXTURE
19-1011,22,39,FIXTURE
19-1011,23,12,FIXTURE
19-1011,24,52,FIXTURE
19-1011,25,59,FIXTURE
19-1011,26,85,FIXTURE
19-1011,27,48,FIXTURE
19-1011,28,25,FIXTURE
19-1011,29,52,FIXTURE
19-1011,30,9,FIXTURE
19-1011,31,17,FIXTURE
19-1011,32,26,FIXTURE
19-1011,33,12,FIXTURE
19-1011,34,78,FIXTURE
19-1011,35,18,FIXTURE
19-1011,36,170,FIXTURE
19-1011,37,88,FIXTURE
19-1011,38,7,FIXTURE
19-1011,39,99,FIXTURE
19-1011,40,33,FIXTURE
19-1011,41,36,FIXTURE
19-1011,42,109,FIXTURE
19-1011,44,9,FIXTURE
19-1011,45,43,FIXTURE
19-1011,46,7,FIXTURE
19-1011,47,58,FIXTURE
19-1011,48,245,FIXTURE
19-1011,49,28,FIXTURE
19-1011,50,5,FIXTURE
19-1011,51,73,FIXTURE
19-1011,53,65,FIXTURE
19-1011,54,15,FIXTURE
19-1011,55,50,FIXTURE
19-1011,56,5,FIXTURE
19-1012,01,205,FIXTURE
19-1012,02,30,FIXTURE
19-1012,04,291,FIXTURE
19-1012,05,123,FIXTURE
19-1012,06,1612,FIXTURE
19-1012,08,235,FIXTURE
19-1012,09,147,FIXTURE
19-1012,10,40,FIXTURE
19-1012,11,28,FIXTURE
19-1012,12,878,FIXTURE
19-1012,13,437,FIXTURE
19-1012,15,59,FIXTURE
19-1012,16,75,FIXTURE
19-1012,17,522,FIXTURE
19-1012,18,277,FIXTURE
19-1012,19,130,FIXTURE
19-1012,20,120,FIXTURE
19-1012,21,184,FIXTURE
19-1012,22,190,FIXTURE
19-1012,23,55,FIXTURE
19-1012,24,252,FIXTURE
19-1012,25,286,FIXTURE
19-1012,26,411,FIXTURE
19-1012,27,233,FIXTURE
19-1012,28,121,FIXTURE
19-1012,29,251,FIXTURE
19-1012,30,44,FIXTURE
19-1012,31,80,FIXTURE
19-1012,32,127,FIXTURE
19-1012,33,56,FIXTURE
19-1012,34,379,FIXTURE
19-1012,35,86,FIXTURE
19-1012,36,823,FIXTURE
19-1012,37,425,FIXTURE
19-1012,38,32,FIXTURE
19-1012,39,481,FIXTURE
19-1012,40,161,FIXTURE
19-1012,41,173,FIXTURE
19-1012,42,530,FIXTURE
19-1012,44,45,FIXTURE
19-1012,45,209,FIXTURE
19-1012,46,36,FIXTURE
19-1012,47,282,FIXTURE
19-1012,48,1188,FIXTURE
19-1012,49,133,FIXTURE
19-1012,50,26,FIXTURE
19-1012,51,352,FIXTURE
19-1012,53,314,FIXTURE
19-1012,54,73,FIXTURE
19-1012,55,240,FIXTURE
19-1012,56,23,FIXTURE
19-1013,01,237,FIXTURE
19-1013,02,35,FIXTURE
19-1013,04,337,FIXTURE
19-1013,05,142,FIXTURE
19-1013,06,1862,FIXTURE
19-1013,08,272,FIXTURE
19-1013,09,170,FIXTURE
19-1013,10,47,FIXTURE
19-1013,11,32,FIXTURE
19-1013,12,1014,FIXTURE
19-1013,13,504,FIXTURE
19-1013,15,69,FIXTURE
19-1013,16,87,FIXTURE
19-1013,17,603,FIXTURE
19-1013,18,320,FIXTURE
19-1013,19,150,FIXTURE
19-1013,20,138,FIXTURE
19-1013,21,212,FIXTURE
19-1013,22,219,FIXTURE
19-1013,23,64,FIXTURE
19-1013,24,291,FIXTURE
19-1013,25,331,FIXTURE
19-1013,26,475,FIXTURE
19-1013,27,269,FIXTURE
19-1013,28,139,FIXTURE
19-1013,29,290,FIXTURE
19-1013,30,51,FIXTURE
19-1013,31,92,FIXTURE
19-1013,32,146,FIXTURE
19-1013,33,65,FIXTURE
19-1013,34,437,FIXTURE
19-1013,35,100,FIXTURE
19-1013,36,951,FIXTURE
19-1013,37,492,FIXTURE
19-1013,38,37,FIXTURE
19-1013,39,556,FIXTURE
19-1013,40,186,FIXTURE
19-1013,41,200,FIXTURE
19-1013,42,612,FIXTURE
19-1013,44,52,FIXTURE
19-1013,45,241,FIXTURE
19-1013,46,42,FIXTURE
19-1013,47,325,FIXTURE
19-1013,48,1373,FIXTURE
19-1013,49,154,FIXTURE
19-1013,50,30,FIXTURE
19-1013,51,407,FIXTURE
19-1013,53,363,FIXTURE
19-1013,54,84,FIXTURE
19-1013,55,278,FIXTURE
19-1013,56,27,FIXTURE
19-1021,01,531,FIXTURE
19-1021,02,78,FIXTURE
19-1021,04,756,FIXTURE
19-1021,05,318,FIXTURE
19-1021,06,4181,FIXTURE
19-1021,08,611,FIXTURE
19-1021,09,381,FIXTURE
19-1021,10,105,FIXTURE
19-1021,11,73,FIXTURE
19-1021,12,2278,FIXTURE
19-1021,13,1133,FIXTURE
19-1021,15,154,FIXTURE
19-1021,16,194,FIXTURE
19-1021,17,1355,FIXTURE
19-1021,18,718,FIXTURE
19-1021,19,337,FIXTURE
19-1021,20,311,FIXTURE
19-1021,21,476,FIXTURE
19-1021,22,493,FIXTURE
19-1021,23,144,FIXTURE
19-1021,24,653,FIXTURE
19-1021,25,743,FIXTURE
19-1021,26,1066,FIXTURE
19-1021,27,603,FIXTURE
19-1021,28,313,FIXTURE
19-1021,29,651,FIXTURE
19-1021,30,115,FIXTURE
19-1021,31,207,FIXTURE
19-1021,32,328,FIXTURE
19-1021,33,146,FIXTURE
19-1021,34,982,FIXTURE
19-1021,35,224,FIXTURE
19-1021,36,2136,FIXTURE
19-1021,37,1104,FIXTURE
19-1021,38,82,FIXTURE
19-1021,39,1248,FIXTURE
19-1021,40,419,FIXTURE
19-1021,41,448,FIXTURE
19-1021,42,1375,FIXTURE
19-1021,44,116,FIXTURE
19-1021,45,541,FIXTURE
19-1021,46,94,FIXTURE
19-1021,47,731,FIXTURE
19-1021,48,3082,FIXTURE
19-1021,49,346,FIXTURE
19-1021,50,68,FIXTURE
19-1021,51,913,FIXTURE
19-1021,53,815,FIXTURE
19-1021,54,190,FIXTURE
19-1021,55,623,FIXTURE
19-1021,56,61,FIXTURE
19-1022,01,294,FIXTURE
19-1022,02,43,FIXTURE
19-1022,04,419,FIXTURE
19-1022,05,177,FIXTURE
19-1022,06,2318,FIXTURE
19-1022,08,338,FIXTURE
19-1022,09,211,FIXTURE
19-1022,10,58,FIXTURE
19-1022,11,40,FIXTURE
19-1022,12,1263,FIXTURE
19-1022,13,628,FIXTURE
19-1022,15,85,FIXTURE
19-1022,16,108,FIXTURE
19-1022,17,751,FIXTURE
19-1022,18,398,FIXTURE
19-1022,19,187,FIXTURE
19-1022,20,172,FIXTURE
19-1022,21,264,FIXTURE
19-1022,22,273,FIXTURE
19-1022,23,80,FIXTURE
19-1022,24,362,FIXTURE
19-1022,25,412,FIXTURE
19-1022,26,591,FIXTURE
19-1022,27,334,FIXTURE
19-1022,28,174,FIXTURE
19-1022,29,361,FIXTURE
19-1022,30,64,FIXTURE
19-1022,31,115,FIXTURE
19-1022,32,182,FIXTURE
19-1022,33,81,FIXTURE
19-1022,34,545,FIXTURE
19-1022,35,124,FIXTURE
19-1022,36,1184,FIXTURE
19-1022,37,612,FIXTURE
19-1022,38,46,FIXTURE
19-1022,39,692,FIXTURE
19-1022,40,232,FIXTURE
19-1022,41,248,FIXTURE
19-1022,42,762,FIXTURE
19-1022,44,64,FIXTURE
19-1022,45,300,FIXTURE
19-1022,46,52,FIXTURE
19-1022,47,405,FIXTURE
19-1022,48,1709,FIXTURE
19-1022,49,192,FIXTURE
19-1022,50,38,FIXTURE
19-1022,51,506,FIXTURE
19-1022,53,452,FIXTURE
19-1022,54,105,FIXTURE
19-1022,55,345,FIXTURE
19-1022,56,34,FIXTURE
19-1023,01,242,FIXTURE
19-1023,02,35,FIXTURE
19-1023,04,344,FIXTURE
19-1023,05,145,FIXTURE
19-1023,06,1900,FIXTURE
19-1023,08,278,FIXTURE
19-1023,09,173,FIXTURE
19-1023,10,48,FIXTURE
19-1023,11,33,FIXTURE
19-1023,12,1035,FIXTURE
19-1023,13,515,FIXTURE
19-1023,15,70,FIXTURE
19-1023,16,88,FIXTURE
19-1023,17,616,FIXTURE
19-1023,18,326,FIXTURE
19-1023,19,153,FIXTURE
19-1023,20,141,FIXTURE
19-1023,21,217,FIXTURE
19-1023,22,224,FIXTURE
19-1023,23,66,FIXTURE
19-1023,24,297,FIXTURE
19-1023,25,338,FIXTURE
19-1023,26,484,FIXTURE
19-1023,27,274,FIXTURE
19-1023,28,142,FIXTURE
19-1023,29,296,FIXTURE
19-1023,30,52,FIXTURE
19-1023,31,94,FIXTURE
19-1023,32,149,FIXTURE
19-1023,33,66,FIXTURE
19-1023,34,446,FIXTURE
19-1023,35,102,FIXTURE
19-1023,36,971,FIXTURE
19-1023,37,502,FIXTURE
19-1023,38,37,FIXTURE
19-1023,39,567,FIXTURE
19-1023,40,190,FIXTURE
19-1023,41,204,FIXTURE
19-1023,42,625,FIXTURE
19-1023,44,53,FIXTURE
19-1023,45,246,FIXTURE
19-1023,46,43,FIXTURE
19-1023,47,332,FIXTURE
19-1023,48,1401,FIXTURE
19-1023,49,157,FIXTURE
19-1023,50,31,FIXTURE
19-1023,51,415,FIXTURE
19-1023,53,370,FIXTURE
19-1023,54,86,FIXTURE
19-1023,55,283,FIXTURE
19-1023,56,28,FIXTURE
19-1029,01,713,FIXTURE
19-1029,02,104,FIXTURE
19-1029,04,1015,FIXTURE
19-1029,05,427,FIXTURE
19-1029,06,5612,FIXTURE
19-1029,08,820,FIXTURE
19-1029,09,512,FIXTURE
19-1029,10,140,FIXTURE
19-1029,11,98,FIXTURE
19-1029,12,3057,FIXTURE
19-1029,13,1521,FIXTURE
19-1029,15,207,FIXTURE
19-1029,16,261,FIXTURE
19-1029,17,1819,FIXTURE
19-1029,18,963,FIXTURE
19-1029,19,453,FIXTURE
19-1029,20,417,FIXTURE
19-1029,21,640,FIXTURE
19-1029,22,661,FIXTURE
19-1029,23,193,FIXTURE
19-1029,24,877,FIXTURE
19-1029,25,998,FIXTURE
19-1029,26,1430,FIXTURE
19-1029,27,810,FIXTURE
19-1029,28,420,FIXTURE
19-1029,29,874,FIXTURE
19-1029,30,154,FIXTURE
19-1029,31,278,FIXTURE
19-1029,32,441,FIXTURE
19-1029,33,195,FIXTURE
19-1029,34,1319,FIXTURE
19-1029,35,301,FIXTURE
19-1029,36,2868,FIXTURE
19-1029,37,1482,FIXTURE
19-1029,38,111,FIXTURE
19-1029,39,1675,FIXTURE
19-1029,40,562,FIXTURE
19-1029,41,601,FIXTURE
19-1029,42,1846,FIXTURE
19-1029,44,156,FIXTURE
19-1029,45,727,FIXTURE
19-1029,46,126,FIXTURE
19-1029,47,981,FIXTURE
19-1029,48,4137,FIXTURE
19-1029,49,464,FIXTURE
19-1029,50,91,FIXTURE
19-1029,51,1225,FIXTURE
19-1029,53,1094,FIXTURE
19-1029,54,255,FIXTURE
19-1029,55,837,FIXTURE
19-1029,56,82,FIXTURE
19-1031,01,342,FIXTURE
19-1031,02,50,FIXTURE
19-1031,04,487,FIXTURE
19-1031,05,205,FIXTURE
19-1031,06,2690,FIXTURE
19-1031,08,393,FIXTURE
19-1031,09,245,FIXTURE
19-1031,10,67,FIXTURE
19-1031,11,47,FIXTURE
19-1031,12,1465,FIXTURE
19-1031,13,729,FIXTURE
19-1031,15,99,FIXTURE
19-1031,16,125,FIXTURE
19-1031,17,872,FIXTURE
19-1031,18,462,FIXTURE
19-1031,19,217,FIXTURE
19-1031,20,200,FIXTURE
19-1031,21,307,FIXTURE
19-1031,22,317,FIXTURE
19-1031,23,93,FIXTURE
19-1031,24,420,FIXTURE
19-1031,25,478,FIXTURE
19-1031,26,686,FIXTURE
19-1031,27,388,FIXTURE
19-1031,28,201,FIXTURE
19-1031,29,419,FIXTURE
19-1031,30,74,FIXTURE
19-1031,31,133,FIXTURE
19-1031,32,211,FIXTURE
19-1031,33,94,FIXTURE
19-1031,34,632,FIXTURE
19-1031,35,144,FIXTURE
19-1031,36,1374,FIXTURE
19-1031,37,710,FIXTURE
19-1031,38,53,FIXTURE
19-1031,39,803,FIXTURE
19-1031,40,269,FIXTURE
19-1031,41,288,FIXTURE
19-1031,42,885,FIXTURE
19-1031,44,75,FIXTURE
19-1031,45,348,FIXTURE
19-1031,46,60,FIXTURE
19-1031,47,470,FIXTURE
19-1031,48,1983,FIXTURE
19-1031,49,223,FIXTURE
19-1031,50,44,FIXTURE
19-1031,51,587,FIXTURE
19-1031,53,524,FIXTURE
19-1031,54,122,FIXTURE
19-1031,55,401,FIXTURE
19-1031,56,39,FIXTURE
19-1032,01,144,FIXTURE
19-1032,02,21,FIXTURE
19-1032,04,205,FIXTURE
19-1032,05,86,FIXTURE
19-1032,06,1133,FIXTURE
19-1032,08,166,FIXTURE
19-1032,09,103,FIXTURE
19-1032,10,28,FIXTURE
19-1032,11,20,FIXTURE
19-1032,12,617,FIXTURE
19-1032,13,307,FIXTURE
19-1032,15,42,FIXTURE
19-1032,16,53,FIXTURE
19-1032,17,367,FIXTURE
19-1032,18,195,FIXTURE
19-1032,19,91,FIXTURE
19-1032,20,84,FIXTURE
19-1032,21,129,FIXTURE
19-1032,22,134,FIXTURE
19-1032,23,39,FIXTURE
19-1032,24,177,FIXTURE
19-1032,25,202,FIXTURE
19-1032,26,289,FIXTURE
19-1032,27,164,FIXTURE
19-1032,28,85,FIXTURE
19-1032,29,176,FIXTURE
19-1032,30,31,FIXTURE
19-1032,31,56,FIXTURE
19-1032,32,89,FIXTURE
19-1032,33,40,FIXTURE
19-1032,34,266,FIXTURE
19-1032,35,61,FIXTURE
19-1032,36,579,FIXTURE
19-1032,37,299,FIXTURE
19-1032,38,22,FIXTURE
19-1032,39,338,FIXTURE
19-1032,40,114,FIXTURE
19-1032,41,121,FIXTURE
19-1032,42,373,FIXTURE
19-1032,44,32,FIXTURE
19-1032,45,147,FIXTURE
19-1032,46,25,FIXTURE
19-1032,47,198,FIXTURE
19-1032,48,835,FIXTURE
19-1032,49,94,FIXTURE
19-1032,50,18,FIXTURE
19-1032,51,247,FIXTURE
19-1032,53,221,FIXTURE
19-1032,54,51,FIXTURE
19-1032,55,169,FIXTURE
19-1032,56,17,FIXTURE
19-1041,01,124,FIXTURE
19-1041,02,18,FIXTURE
19-1041,04,177,FIXTURE
19-1041,05,74,FIXTURE
19-1041,06,976,FIXTURE
19-1041,08,142,FIXTURE
19-1041,09,89,FIXTURE
19-1041,10,24,FIXTURE
19-1041,11,17,FIXTURE
19-1041,12,532,FIXTURE
19-1041,13,264,FIXTURE
19-1041,15,36,FIXTURE
19-1041,16,45,FIXTURE
19-1041,17,316,FIXTURE
19-1041,18,167,FIXTURE
19-1041,19,79,FIXTURE
19-1041,20,73,FIXTURE
19-1041,21,111,FIXTURE
19-1041,22,115,FIXTURE
19-1041,23,34,FIXTURE
19-1041,24,152,FIXTURE
19-1041,25,174,FIXTURE
19-1041,26,249,FIXTURE
19-1041,27,141,FIXTURE
19-1041,28,73,FIXTURE
19-1041,29,152,FIXTURE
19-1041,30,27,FIXTURE
19-1041,31,48,FIXTURE
19-1041,32,77,FIXTURE
19-1041,33,34,FIXTURE
19-1041,34,229,FIXTURE
19-1041,35,52,FIXTURE
19-1041,36,499,FIXTURE
19-1041,37,258,FIXTURE
19-1041,38,19,FIXTURE
19-1041,39,291,FIXTURE
19-1041,40,98,FIXTURE
19-1041,41,105,FIXTURE
19-1041,42,321,FIXTURE
19-1041,44,27,FIXTURE
19-1041,45,126,FIXTURE
19-1041,46,22,FIXTURE
19-1041,47,171,FIXTURE
19-1041,48,719,FIXTURE
19-1041,49,81,FIXTURE
19-1041,50,16,FIXTURE
19-1041,51,213,FIXTURE
19-1041,53,190,FIXTURE
19-1041,54,44,FIXTURE
19-1041,55,145,FIXTURE
19-1041,56,14,FIXTURE
19-1042,01,1646,FIXTURE
19-1042,02,240,FIXTURE
19-1042,04,2342,FIXTURE
19-1042,05,986,FIXTURE
19-1042,06,12949,FIXTURE
19-1042,08,1891,FIXTURE
19-1042,09,1181,FIXTURE
19-1042,10,324,FIXTURE
19-1042,11,226,FIXTURE
19-1042,12,7054,FIXTURE
19-1042,13,3508,FIXTURE
19-1042,15,477,FIXTURE
19-1042,16,602,FIXTURE
19-1042,17,4196,FIXTURE
19-1042,18,2222,FIXTURE
19-1042,19,1045,FIXTURE
19-1042,20,962,FIXTURE
19-1042,21,1476,FIXTURE
19-1042,22,1525,FIXTURE
19-1042,23,446,FIXTURE
19-1042,24,2023,FIXTURE
19-1042,25,2302,FIXTURE
19-1042,26,3300,FIXTURE
19-1042,27,1869,FIXTURE
19-1042,28,970,FIXTURE
19-1042,29,2016,FIXTURE
19-1042,30,355,FIXTURE
19-1042,31,642,FIXTURE
19-1042,32,1017,FIXTURE
19-1042,33,451,FIXTURE
19-1042,34,3042,FIXTURE
19-1042,35,694,FIXTURE
19-1042,36,6616,FIXTURE
19-1042,37,3419,FIXTURE
19-1042,38,255,FIXTURE
19-1042,39,3864,FIXTURE
19-1042,40,1297,FIXTURE
19-1042,41,1388,FIXTURE
19-1042,42,4258,FIXTURE
19-1042,44,359,FIXTURE
19-1042,45,1676,FIXTURE
19-1042,46,290,FIXTURE
19-1042,47,2263,FIXTURE
19-1042,48,9545,FIXTURE
19-1042,49,1072,FIXTURE
19-1042,50,211,FIXTURE
19-1042,51,2827,FIXTURE
19-1042,53,2524,FIXTURE
19-1042,54,588,FIXTURE
19-1042,55,1930,FIXTURE
19-1042,56,189,FIXTURE
19-1099,01,103,FIXTURE
19-1099,02,15,FIXTURE
19-1099,04,147,FIXTURE
19-1099,05,62,FIXTURE
19-1099,06,814,FIXTURE
19-1099,08,119,FIXTURE
19-1099,09,74,FIXTURE
19-1099,10,20,FIXTURE
19-1099,11,14,FIXTURE
19-1099,12,443,FIXTURE
19-1099,13,220,FIXTURE
19-1099,15,30,FIXTURE
19-1099,16,38,FIXTURE
19-1099,17,264,FIXTURE
19-1099,18,140,FIXTURE
19-1099,19,66,FIXTURE
19-1099,20,60,FIXTURE
19-1099,21,93,FIXTURE
19-1099,22,96,FIXTURE
19-1099,23,28,FIXTURE
19-1099,24,127,FIXTURE
19-1099,25,145,FIXTURE
19-1099,26,207,FIXTURE
19-1099,27,117,FIXTURE
19-1099,28,61,FIXTURE
19-1099,29,127,FIXTURE
19-1099,30,22,FIXTURE
19-1099,31,40,FIXTURE
19-1099,32,64,FIXTURE
19-1099,33,28,FIXTURE
19-1099,34,191,FIXTURE
19-1099,35,44,FIXTURE
19-1099,36,416,FIXTURE
19-1099,37,215,FIXTURE
19-1099,38,16,FIXTURE
19-1099,39,243,FIXTURE
19-1099,40,81,FIXTURE
19-1099,41,87,FIXTURE
19-1099,42,268,FIXTURE
19-1099,44,23,FIXTURE
19-1099,45,105,FIXTURE
19-1099,46,18,FIXTURE
19-1099,47,142,FIXTURE
19-1099,48,600,FIXTURE
19-1099,49,67,FIXTURE
19-1099,50,13,FIXTURE
19-1099,51,178,FIXTURE
19-1099,53,159,FIXTURE
19-1099,54,37,FIXTURE
19-1099,55,121,FIXTURE
19-1099,56,12,FIXTURE
19-2011,01,29,FIXTURE
19-2011,02,4,FIXTURE
19-2011,04,42,FIXTURE
19-2011,05,18,FIXTURE
19-2011,06,230,FIXTURE
19-2011,08,34,FIXTURE
19-2011,09,21,FIXTURE
19-2011,10,6,FIXTURE
19-2011,11,4,FIXTURE
19-2011,12,125,FIXTURE
19-2011,13,62,FIXTURE
19-2011,15,8,FIXTURE
19-2011,16,11,FIXTURE
19-2011,17,75,FIXTURE
19-2011,18,40,FIXTURE
19-2011,19,19,FIXTURE
19-2011,20,17,FIXTURE
19-2011,21,26,FIXTURE
19-2011,22,27,FIXTURE
19-2011,23,8,FIXTURE
19-2011,24,36,FIXTURE
19-2011,25,41,FIXTURE
19-2011,26,59,FIXTURE
19-2011,27,33,FIXTURE
19-2011,28,17,FIXTURE
19-2011,29,36,FIXTURE
19-2011,30,6,FIXTURE
19-2011,31,11,FIXTURE
19-2011,32,18,FIXTURE
19-2011,33,8,FIXTURE
19-2011,34,54,FIXTURE
19-2011,35,12,FIXTURE
19-2011,36,118,FIXTURE
19-2011,37,61,FIXTURE
19-2011,38,5,FIXTURE
19-2011,39,69,FIXTURE
19-2011,40,23,FIXTURE
19-2011,41,25,FIXTURE
19-2011,42,76,FIXTURE
19-2011,44,6,FIXTURE
19-2011,45,30,FIXTURE
19-2011,46,5,FIXTURE
19-2011,47,40,FIXTURE
19-2011,48,170,FIXTURE
19-2011,49,19,FIXTURE
19-2011,50,4,FIXTURE
19-2011,51,50,FIXTURE
19-2011,53,45,FIXTURE
19-2011,54,10,FIXTURE
19-2011,55,34,FIXTURE
19-2011,56,3,FIXTURE
19-2012,01,303,FIXTURE
19-2012,02,44,FIXTURE
19-2012,04,432,FIXTURE
19-2012,05,182,FIXTURE
19-2012,06,2388,FIXTURE
19-2012,08,349,FIXTURE
19-2012,09,218,FIXTURE
19-2012,10,60,FIXTURE
19-2012,11,42,FIXTURE
19-2012,12,1301,FIXTURE
19-2012,13,647,FIXTURE
19-2012,15,88,FIXTURE
19-2012,16,111,FIXTURE
19-2012,17,774,FIXTURE
19-2012,18,410,FIXTURE
19-2012,19,193,FIXTURE
19-2012,20,177,FIXTURE
19-2012,21,272,FIXTURE
19-2012,22,281,FIXTURE
19-2012,23,82,FIXTURE
19-2012,24,373,FIXTURE
19-2012,25,425,FIXTURE
19-2012,26,609,FIXTURE
19-2012,27,345,FIXTURE
19-2012,28,179,FIXTURE
19-2012,29,372,FIXTURE
19-2012,30,66,FIXTURE
19-2012,31,118,FIXTURE
19-2012,32,188,FIXTURE
19-2012,33,83,FIXTURE
19-2012,34,561,FIXTURE
19-2012,35,128,FIXTURE
19-2012,36,1220,FIXTURE
19-2012,37,631,FIXTURE
19-2012,38,47,FIXTURE
19-2012,39,713,FIXTURE
19-2012,40,239,FIXTURE
19-2012,41,256,FIXTURE
19-2012,42,785,FIXTURE
19-2012,44,66,FIXTURE
19-2012,45,309,FIXTURE
19-2012,46,54,FIXTURE
19-2012,47,417,FIXTURE
19-2012,48,1760,FIXTURE
19-2012,49,198,FIXTURE
19-2012,50,39,FIXTURE
19-2012,51,521,FIXTURE
19-2012,53,465,FIXTURE
19-2012,54,108,FIXTURE
19-2012,55,356,FIXTURE
19-2012,56,35,FIXTURE
19-2021,01,129,FIXTURE
19-2021,02,19,FIXTURE
19-2021,04,184,FIXTURE
19-2021,05,77,FIXTURE
19-2021,06,1016,FIXTURE
19-2021,08,148,FIXTURE
19-2021,09,93,FIXTURE
19-2021,10,26,FIXTURE
19-2021,11,18,FIXTURE
19-2021,12,554,FIXTURE
19-2021,13,275,FIXTURE
19-2021,15,37,FIXTURE
19-2021,16,47,FIXTURE
19-2021,17,329,FIXTURE
19-2021,18,174,FIXTURE
19-2021,19,82,FIXTURE
19-2021,20,76,FIXTURE
19-2021,21,116,FIXTURE
19-2021,22,120,FIXTURE
19-2021,23,35,FIXTURE
19-2021,24,159,FIXTURE
19-2021,25,181,FIXTURE
19-2021,26,259,FIXTURE
19-2021,27,147,FIXTURE
19-2021,28,76,FIXTURE
19-2021,29,158,FIXTURE
19-2021,30,28,FIXTURE
19-2021,31,50,FIXTURE
19-2021,32,80,FIXTURE
19-2021,33,35,FIXTURE
19-2021,34,239,FIXTURE
19-2021,35,54,FIXTURE
19-2021,36,519,FIXTURE
19-2021,37,268,FIXTURE
19-2021,38,20,FIXTURE
19-2021,39,303,FIXTURE
19-2021,40,102,FIXTURE
19-2021,41,109,FIXTURE
19-2021,42,334,FIXTURE
19-2021,44,28,FIXTURE
19-2021,45,132,FIXTURE
19-2021,46,23,FIXTURE
19-2021,47,178,FIXTURE
19-2021,48,749,FIXTURE
19-2021,49,84,FIXTURE
19-2021,50,17,FIXTURE
19-2021,51,222,FIXTURE
19-2021,53,198,FIXTURE
19-2021,54,46,FIXTURE
19-2021,55,152,FIXTURE
19-2021,56,15,FIXTURE
19-2031,01,1222,FIXTURE
19-2031,02,178,FIXTURE
19-2031,04,1739,FIXTURE
19-2031,05,732,FIXTURE
19-2031,06,9615,FIXTURE
19-2031,08,1404,FIXTURE
19-2031,09,877,FIXTURE
19-2031,10,241,FIXTURE
19-2031,11,168,FIXTURE
19-2031,12,5237,FIXTURE
19-2031,13,2605,FIXTURE
19-2031,15,354,FIXTURE
19-2031,16,447,FIXTURE
19-2031,17,3116,FIXTURE
19-2031,18,1650,FIXTURE
19-2031,19,776,FIXTURE
19-2031,20,714,FIXTURE
19-2031,21,1096,FIXTURE
19-2031,22,1133,FIXTURE
19-2031,23,331,FIXTURE
19-2031,24,1502,FIXTURE
19-2031,25,1709,FIXTURE
19-2031,26,2451,FIXTURE
19-2031,27,1388,FIXTURE
19-2031,28,720,FIXTURE
19-2031,29,1497,FIXTURE
19-2031,30,264,FIXTURE
19-2031,31,477,FIXTURE
19-2031,32,755,FIXTURE
19-2031,33,335,FIXTURE
19-2031,34,2259,FIXTURE
19-2031,35,515,FIXTURE
19-2031,36,4912,FIXTURE
19-2031,37,2539,FIXTURE
19-2031,38,189,FIXTURE
19-2031,39,2869,FIXTURE
19-2031,40,963,FIXTURE
19-2031,41,1030,FIXTURE
19-2031,42,3162,FIXTURE
19-2031,44,267,FIXTURE
19-2031,45,1245,FIXTURE
19-2031,46,216,FIXTURE
19-2031,47,1680,FIXTURE
19-2031,48,7087,FIXTURE
19-2031,49,796,FIXTURE
19-2031,50,156,FIXTURE
19-2031,51,2099,FIXTURE
19-2031,53,1874,FIXTURE
19-2031,54,436,FIXTURE
19-2031,55,1433,FIXTURE
19-2031,56,140,FIXTURE
19-2032,01,101,FIXTURE
19-2032,02,15,FIXTURE
19-2032,04,144,FIXTURE
19-2032,05,61,FIXTURE
19-2032,06,798,FIXTURE
19-2032,08,117,FIXTURE
19-2032,09,73,FIXTURE
19-2032,10,20,FIXTURE
19-2032,11,14,FIXTURE
19-2032,12,435,FIXTURE
19-2032,13,216,FIXTURE
19-2032,15,29,FIXTURE
19-2032,16,37,FIXTURE
19-2032,17,259,FIXTURE
19-2032,18,137,FIXTURE
19-2032,19,64,FIXTURE
19-2032,20,59,FIXTURE
19-2032,21,91,FIXTURE
19-2032,22,94,FIXTURE
19-2032,23,27,FIXTURE
19-2032,24,125,FIXTURE
19-2032,25,142,FIXTURE
19-2032,26,203,FIXTURE
19-2032,27,115,FIXTURE
19-2032,28,60,FIXTURE
19-2032,29,124,FIXTURE
19-2032,30,22,FIXTURE
19-2032,31,40,FIXTURE
19-2032,32,63,FIXTURE
19-2032,33,28,FIXTURE
19-2032,34,187,FIXTURE
19-2032,35,43,FIXTURE
19-2032,36,408,FIXTURE
19-2032,37,211,FIXTURE
19-2032,38,16,FIXTURE
19-2032,39,238,FIXTURE
19-2032,40,80,FIXTURE
19-2032,41,86,FIXTURE
19-2032,42,262,FIXTURE
19-2032,44,22,FIXTURE
19-2032,45,103,FIXTURE
19-2032,46,18,FIXTURE
19-2032,47,139,FIXTURE
19-2032,48,588,FIXTURE
19-2032,49,66,FIXTURE
19-2032,50,13,FIXTURE
19-2032,51,174,FIXTURE
19-2032,53,156,FIXTURE
19-2032,54,36,FIXTURE
19-2032,55,119,FIXTURE
19-2032,56,12,FIXTURE
19-2041,01,1166,FIXTURE
19-2041,02,170,FIXTURE
19-2041,04,1659,FIXTURE
19-2041,05,699,FIXTURE
19-2041,06,9172,FIXTURE
19-2041,08,1339,FIXTURE
19-2041,09,836,FIXTURE
19-2041,10,230,FIXTURE
19-2041,11,160,FIXTURE
19-2041,12,4996,FIXTURE
19-2041,13,2485,FIXTURE
19-2041,15,338,FIXTURE
19-2041,16,427,FIXTURE
19-2041,17,2972,FIXTURE
19-2041,18,1574,FIXTURE
19-2041,19,740,FIXTURE
19-2041,20,682,FIXTURE
19-2041,21,1045,FIXTURE
19-2041,22,1081,FIXTURE
19-2041,23,316,FIXTURE
19-2041,24,1433,FIXTURE
19-2041,25,1631,FIXTURE
19-2041,26,2338,FIXTURE
19-2041,27,1324,FIXTURE
19-2041,28,687,FIXTURE
19-2041,29,1428,FIXTURE
19-2041,30,252,FIXTURE
19-2041,31,455,FIXTURE
19-2041,32,720,FIXTURE
19-2041,33,320,FIXTURE
19-2041,34,2155,FIXTURE
19-2041,35,491,FIXTURE
19-2041,36,4686,FIXTURE
19-2041,37,2422,FIXTURE
19-2041,38,181,FIXTURE
19-2041,39,2737,FIXTURE
19-2041,40,918,FIXTURE
19-2041,41,983,FIXTURE
19-2041,42,3016,FIXTURE
19-2041,44,255,FIXTURE
19-2041,45,1187,FIXTURE
19-2041,46,206,FIXTURE
19-2041,47,1603,FIXTURE
19-2041,48,6761,FIXTURE
19-2041,49,759,FIXTURE
19-2041,50,149,FIXTURE
19-2041,51,2002,FIXTURE
19-2041,53,1787,FIXTURE
19-2041,54,416,FIXTURE
19-2041,55,1367,FIXTURE
19-2041,56,134,FIXTURE
19-2042,01,358,FIXTURE
19-2042,02,52,FIXTURE
19-2042,04,510,FIXTURE
19-2042,05,215,FIXTURE
19-2042,06,2818,FIXTURE
19-2042,08,411,FIXTURE
19-2042,09,257,FIXTURE
19-2042,10,71,FIXTURE
19-2042,11,49,FIXTURE
19-2042,12,1535,FIXTURE
19-2042,13,763,FIXTURE
19-2042,15,104,FIXTURE
19-2042,16,131,FIXTURE
19-2042,17,913,FIXTURE
19-2042,18,484,FIXTURE
19-2042,19,227,FIXTURE
19-2042,20,209,FIXTURE
19-2042,21,321,FIXTURE
19-2042,22,332,FIXTURE
19-2042,23,97,FIXTURE
19-2042,24,440,FIXTURE
19-2042,25,501,FIXTURE
19-2042,26,718,FIXTURE
19-2042,27,407,FIXTURE
19-2042,28,211,FIXTURE
19-2042,29,439,FIXTURE
19-2042,30,77,FIXTURE
19-2042,31,140,FIXTURE
19-2042,32,221,FIXTURE
19-2042,33,98,FIXTURE
19-2042,34,662,FIXTURE
19-2042,35,151,FIXTURE
19-2042,36,1440,FIXTURE
19-2042,37,744,FIXTURE
19-2042,38,55,FIXTURE
19-2042,39,841,FIXTURE
19-2042,40,282,FIXTURE
19-2042,41,302,FIXTURE
19-2042,42,927,FIXTURE
19-2042,44,78,FIXTURE
19-2042,45,365,FIXTURE
19-2042,46,63,FIXTURE
19-2042,47,492,FIXTURE
19-2042,48,2077,FIXTURE
19-2042,49,233,FIXTURE
19-2042,50,46,FIXTURE
19-2042,51,615,FIXTURE
19-2042,53,549,FIXTURE
19-2042,54,128,FIXTURE
19-2042,55,420,FIXTURE
19-2042,56,41,FIXTURE
19-2043,01,97,FIXTURE
19-2043,02,14,FIXTURE
19-2043,04,138,FIXTURE
19-2043,05,58,FIXTURE
19-2043,06,762,FIXTURE
19-2043,08,111,FIXTURE
19-2043,09,70,FIXTURE
19-2043,10,19,FIXTURE
19-2043,11,13,FIXTURE
19-2043,12,415,FIXTURE
19-2043,13,207,FIXTURE
19-2043,15,28,FIXTURE
19-2043,16,35,FIXTURE
19-2043,17,247,FIXTURE
19-2043,18,131,FIXTURE
19-2043,19,61,FIXTURE
19-2043,20,57,FIXTURE
19-2043,21,87,FIXTURE
19-2043,22,90,FIXTURE
19-2043,23,26,FIXTURE
19-2043,24,119,FIXTURE
19-2043,25,136,FIXTURE
19-2043,26,194,FIXTURE
19-2043,27,110,FIXTURE
19-2043,28,57,FIXTURE
19-2043,29,119,FIXTURE
19-2043,30,21,FIXTURE
19-2043,31,38,FIXTURE
19-2043,32,60,FIXTURE
19-2043,33,27,FIXTURE
19-2043,34,179,FIXTURE
19-2043,35,41,FIXTURE
19-2043,36,389,FIXTURE
19-2043,37,201,FIXTURE
19-2043,38,15,FIXTURE
19-2043,39,227,FIXTURE
19-2043,40,76,FIXTURE
19-2043,41,82,FIXTURE
19-2043,42,251,FIXTURE
19-2043,44,21,FIXTURE
19-2043,45,99,FIXTURE
19-2043,46,17,FIXTURE
19-2043,47,133,FIXTURE
19-2043,48,562,FIXTURE
19-2043,49,63,FIXTURE
19-2043,50,12,FIXTURE
19-2043,51,166,FIXTURE
19-2043,53,149,FIXTURE
19-2043,54,35,FIXTURE
19-2043,55,114,FIXTURE
19-2043,56,11,FIXTURE
19-2099,01,298,FIXTURE
19-2099,02,44,FIXTURE
19-2099,04,425,FIXTURE
19-2099,05,179,FIXTURE
19-2099,06,2348,FIXTURE
19-2099,08,343,FIXTURE
19-2099,09,214,FIXTURE
19-2099,10,59,FIXTURE
19-2099,11,41,FIXTURE
19-2099,12,1279,FIXTURE
19-2099,13,636,FIXTURE
19-2099,15,86,FIXTURE
19-2099,16,109,FIXTURE
19-2099,17,761,FIXTURE
19-2099,18,403,FIXTURE
19-2099,19,189,FIXTURE
19-2099,20,174,FIXTURE
19-2099,21,268,FIXTURE
19-2099,22,277,FIXTURE
19-2099,23,81,FIXTURE
19-2099,24,367,FIXTURE
19-2099,25,417,FIXTURE
19-2099,26,598,FIXTURE
19-2099,27,339,FIXTURE
19-2099,28,176,FIXTURE
19-2099,29,365,FIXTURE
19-2099,30,64,FIXTURE
19-2099,31,116,FIXTURE
19-2099,32,184,FIXTURE
19-2099,33,82,FIXTURE
19-2099,34,552,FIXTURE
19-2099,35,126,FIXTURE
19-2099,36,1199,FIXTURE
19-2099,37,620,FIXTURE
19-2099,38,46,FIXTURE
19-2099,39,701,FIXTURE
19-2099,40,235,FIXTURE
19-2099,41,252,FIXTURE
19-2099,42,772,FIXTURE
19-2099,44,65,FIXTURE
19-2099,45,304,FIXTURE
19-2099,46,53,FIXTURE
19-2099,47,410,FIXTURE
19-2099,48,1731,FIXTURE
19-2099,49,194,FIXTURE
19-2099,50,38,FIXTURE
19-2099,51,512,FIXTURE
19-2099,53,458,FIXTURE
19-2099,54,106,FIXTURE
19-2099,55,350,FIXTURE
19-2099,56,34,FIXTURE
19-3011,01,237,FIXTURE
19-3011,02,35,FIXTURE
19-3011,04,337,FIXTURE
19-3011,05,142,FIXTURE
19-3011,06,1866,FIXTURE
19-3011,08,272,FIXTURE
19-3011,09,170,FIXTURE
19-3011,10,47,FIXTURE
19-3011,11,33,FIXTURE
19-3011,12,1016,FIXTURE
19-3011,13,505,FIXTURE
19-3011,15,69,FIXTURE
19-3011,16,87,FIXTURE
19-3011,17,605,FIXTURE
19-3011,18,320,FIXTURE
19-3011,19,151,FIXTURE
19-3011,20,139,FIXTURE
19-3011,21,213,FIXTURE
19-3011,22,220,FIXTURE
19-3011,23,64,FIXTURE
19-3011,24,291,FIXTURE
19-3011,25,332,FIXTURE
19-3011,26,475,FIXTURE
19-3011,27,269,FIXTURE
19-3011,28,140,FIXTURE
19-3011,29,290,FIXTURE
19-3011,30,51,FIXTURE
19-3011,31,93,FIXTURE
19-3011,32,146,FIXTURE
19-3011,33,65,FIXTURE
19-3011,34,438,FIXTURE
19-3011,35,100,FIXTURE
19-3011,36,953,FIXTURE
19-3011,37,493,FIXTURE
19-3011,38,37,FIXTURE
19-3011,39,557,FIXTURE
19-3011,40,187,FIXTURE
19-3011,41,200,FIXTURE
19-3011,42,614,FIXTURE
19-3011,44,52,FIXTURE
19-3011,45,241,FIXTURE
19-3011,46,42,FIXTURE
19-3011,47,326,FIXTURE
19-3011,48,1375,FIXTURE
19-3011,49,154,FIXTURE
19-3011,50,30,FIXTURE
19-3011,51,407,FIXTURE
19-3011,53,364,FIXTURE
19-3011,54,85,FIXTURE
19-3011,55,278,FIXTURE
19-3011,56,27,FIXTURE
19-3022,01,134,FIXTURE
19-3022,02,20,FIXTURE
19-3022,04,191,FIXTURE
19-3022,05,80,FIXTURE
19-3022,06,1056,FIXTURE
19-3022,08,154,FIXTURE
19-3022,09,96,FIXTURE
19-3022,10,27,FIXTURE
19-3022,11,19,FIXTURE
19-3022,12,575,FIXTURE
19-3022,13,286,FIXTURE
19-3022,15,39,FIXTURE
19-3022,16,49,FIXTURE
19-3022,17,342,FIXTURE
19-3022,18,181,FIXTURE
19-3022,19,85,FIXTURE
19-3022,20,79,FIXTURE
19-3022,21,120,FIXTURE
19-3022,22,124,FIXTURE
19-3022,23,36,FIXTURE
19-3022,24,165,FIXTURE
19-3022,25,188,FIXTURE
19-3022,26,269,FIXTURE
19-3022,27,152,FIXTURE
19-3022,28,79,FIXTURE
19-3022,29,164,FIXTURE
19-3022,30,29,FIXTURE
19-3022,31,52,FIXTURE
19-3022,32,83,FIXTURE
19-3022,33,37,FIXTURE
19-3022,34,248,FIXTURE
19-3022,35,57,FIXTURE
19-3022,36,539,FIXTURE
19-3022,37,279,FIXTURE
19-3022,38,21,FIXTURE
19-3022,39,315,FIXTURE
19-3022,40,106,FIXTURE
19-3022,41,113,FIXTURE
19-3022,42,347,FIXTURE
19-3022,44,29,FIXTURE
19-3022,45,137,FIXTURE
19-3022,46,24,FIXTURE
19-3022,47,185,FIXTURE
19-3022,48,778,FIXTURE
19-3022,49,87,FIXTURE
19-3022,50,17,FIXTURE
19-3022,51,231,FIXTURE
19-3022,53,206,FIXTURE
19-3022,54,48,FIXTURE
19-3022,55,157,FIXTURE
19-3022,56,15,FIXTURE
19-3032,01,9,FIXTURE
19-3032,02,1,FIXTURE
19-3032,04,13,FIXTURE
19-3032,05,6,FIXTURE
19-3032,06,73,FIXTURE
19-3032,08,11,FIXTURE
19-3032,09,7,FIXTURE
19-3032,10,2,FIXTURE
19-3032,11,1,FIXTURE
19-3032,12,40,FIXTURE
19-3032,13,20,FIXTURE
19-3032,15,3,FIXTURE
19-3032,16,3,FIXTURE
19-3032,17,24,FIXTURE
19-3032,18,12,FIXTURE
19-3032,19,6,FIXTURE
19-3032,20,5,FIXTURE
19-3032,21,8,FIXTURE
19-3032,22,9,FIXTURE
19-3032,23,2,FIXTURE
19-3032,24,11,FIXTURE
19-3032,25,13,FIXTURE
19-3032,26,19,FIXTURE
19-3032,27,10,FIXTURE
19-3032,28,5,FIXTURE
19-3032,29,11,FIXTURE
19-3032,30,2,FIXTURE
19-3032,31,4,FIXTURE
19-3032,32,6,FIXTURE
19-3032,33,3,FIXTURE
19-3032,34,17,FIXTURE
19-3032,35,4,FIXTURE
19-3032,36,37,FIXTURE
19-3032,37,19,FIXTURE
19-3032,38,1,FIXTURE
19-3032,39,22,FIXTURE
19-3032,40,7,FIXTURE
19-3032,41,8,FIXTURE
19-3032,42,24,FIXTURE
19-3032,44,2,FIXTURE
19-3032,45,9,FIXTURE
19-3032,46,2,FIXTURE
19-3032,47,13,FIXTURE
19-3032,48,54,FIXTURE
19-3032,49,6,FIXTURE
19-3032,50,1,FIXTURE
19-3032,51,16,FIXTURE
19-3032,53,14,FIXTURE
19-3032,54,3,FIXTURE
19-3032,55,11,FIXTURE
19-3032,56,1,FIXTURE
19-3033,01,881,FIXTURE
19-3033,02,129,FIXTURE
19-3033,04,1254,FIXTURE
19-3033,05,528,FIXTURE
19-3033,06,6931,FIXTURE
19-3033,08,1012,FIXTURE
19-3033,09,632,FIXTURE
19-3033,10,174,FIXTURE
19-3033,11,121,FIXTURE
19-3033,12,3775,FIXTURE
19-3033,13,1878,FIXTURE
19-3033,15,255,FIXTURE
19-3033,16,322,FIXTURE
19-3033,17,2246,FIXTURE
19-3033,18,1189,FIXTURE
19-3033,19,559,FIXTURE
19-3033,20,515,FIXTURE
19-3033,21,790,FIXTURE
19-3033,22,816,FIXTURE
19-3033,23,239,FIXTURE
19-3033,24,1083,FIXTURE
19-3033,25,1232,FIXTURE
19-3033,26,1767,FIXTURE
19-3033,27,1000,FIXTURE
19-3033,28,519,FIXTURE
19-3033,29,1079,FIXTURE
19-3033,30,190,FIXTURE
19-3033,31,344,FIXTURE
19-3033,32,544,FIXTURE
19-3033,33,242,FIXTURE
19-3033,34,1628,FIXTURE
19-3033,35,371,FIXTURE
19-3033,36,3541,FIXTURE
19-3033,37,1830,FIXTURE
19-3033,38,137,FIXTURE
19-3033,39,2068,FIXTURE
19-3033,40,694,FIXTURE
19-3033,41,743,FIXTURE
19-3033,42,2279,FIXTURE
19-3033,44,192,FIXTURE
19-3033,45,897,FIXTURE
19-3033,46,155,FIXTURE
19-3033,47,1211,FIXTURE
19-3033,48,5109,FIXTURE
19-3033,49,574,FIXTURE
19-3033,50,113,FIXTURE
19-3033,51,1513,FIXTURE
19-3033,53,1351,FIXTURE
19-3033,54,314,FIXTURE
19-3033,55,1033,FIXTURE
19-3033,56,101,FIXTURE
19-3034,01,866,FIXTURE
19-3034,02,126,FIXTURE
19-3034,04,1232,FIXTURE
19-3034,05,519,FIXTURE
19-3034,06,6813,FIXTURE
19-3034,08,995,FIXTURE
19-3034,09,621,FIXTURE
19-3034,10,171,FIXTURE
19-3034,11,119,FIXTURE
19-3034,12,3711,FIXTURE
19-3034,13,1846,FIXTURE
19-3034,15,251,FIXTURE
19-3034,16,317,FIXTURE
19-3034,17,2208,FIXTURE
19-3034,18,1169,FIXTURE
19-3034,19,550,FIXTURE
19-3034,20,506,FIXTURE
19-3034,21,776,FIXTURE
19-3034,22,803,FIXTURE
19-3034,23,235,FIXTURE
19-3034,24,1064,FIXTURE
19-3034,25,1211,FIXTURE
19-3034,26,1736,FIXTURE
19-3034,27,983,FIXTURE
19-3034,28,510,FIXTURE
19-3034,29,1060,FIXTURE
19-3034,30,187,FIXTURE
19-3034,31,338,FIXTURE
19-3034,32,535,FIXTURE
19-3034,33,237,FIXTURE
19-3034,34,1601,FIXTURE
19-3034,35,365,FIXTURE
19-3034,36,3481,FIXTURE
19-3034,37,1799,FIXTURE
19-3034,38,134,FIXTURE
19-3034,39,2033,FIXTURE
19-3034,40,682,FIXTURE
19-3034,41,730,FIXTURE
19-3034,42,2240,FIXTURE
19-3034,44,189,FIXTURE
19-3034,45,882,FIXTURE
19-3034,46,153,FIXTURE
19-3034,47,1191,FIXTURE
19-3034,48,5022,FIXTURE
19-3034,49,564,FIXTURE
19-3034,50,111,FIXTURE
19-3034,51,1487,FIXTURE
19-3034,53,1328,FIXTURE
19-3034,54,309,FIXTURE
19-3034,55,1015,FIXTURE
19-3034,56,99,FIXTURE
19-3039,01,209,FIXTURE
19-3039,02,31,FIXTURE
19-3039,04,298,FIXTURE
19-3039,05,125,FIXTURE
19-3039,06,1646,FIXTURE
19-3039,08,240,FIXTURE
19-3039,09,150,FIXTURE
19-3039,10,41,FIXTURE
19-3039,11,29,FIXTURE
19-3039,12,897,FIXTURE
19-3039,13,446,FIXTURE
19-3039,15,61,FIXTURE
19-3039,16,77,FIXTURE
19-3039,17,533,FIXTURE
19-3039,18,283,FIXTURE
19-3039,19,133,FIXTURE
19-3039,20,122,FIXTURE
19-3039,21,188,FIXTURE
19-3039,22,194,FIXTURE
19-3039,23,57,FIXTURE
19-3039,24,257,FIXTURE
19-3039,25,293,FIXTURE
19-3039,26,420,FIXTURE
19-3039,27,238,FIXTURE
19-3039,28,123,FIXTURE
19-3039,29,256,FIXTURE
19-3039,30,45,FIXTURE
19-3039,31,82,FIXTURE
19-3039,32,129,FIXTURE
19-3039,33,57,FIXTURE
19-3039,34,387,FIXTURE
19-3039,35,88,FIXTURE
19-3039,36,841,FIXTURE
19-3039,37,435,FIXTURE
19-3039,38,32,FIXTURE
19-3039,39,491,FIXTURE
19-3039,40,165,FIXTURE
19-3039,41,176,FIXTURE
19-3039,42,541,FIXTURE
19-3039,44,46,FIXTURE
19-3039,45,213,FIXTURE
19-3039,46,37,FIXTURE
19-3039,47,288,FIXTURE
19-3039,48,1213,FIXTURE
19-3039,49,136,FIXTURE
19-3039,50,27,FIXTURE
19-3039,51,359,FIXTURE
19-3039,53,321,FIXTURE
19-3039,54,75,FIXTURE
19-3039,55,245,FIXTURE
19-3039,56,24,FIXTURE
19-3041,01,40,FIXTURE
19-3041,02,6,FIXTURE
19-3041,04,57,FIXTURE
19-3041,05,24,FIXTURE
19-3041,06,315,FIXTURE
19-3041,08,46,FIXTURE
19-3041,09,29,FIXTURE
19-3041,10,8,FIXTURE
19-3041,11,5,FIXTURE
19-3041,12,171,FIXTURE
19-3041,13,85,FIXTURE
19-3041,15,12,FIXTURE
19-3041,16,15,FIXTURE
19-3041,17,102,FIXTURE
19-3041,18,54,FIXTURE
19-3041,19,25,FIXTURE
19-3041,20,23,FIXTURE
19-3041,21,36,FIXTURE
19-3041,22,37,FIXTURE
19-3041,23,11,FIXTURE
19-3041,24,49,FIXTURE
19-3041,25,56,FIXTURE
19-3041,26,80,FIXTURE
19-3041,27,45,FIXTURE
19-3041,28,24,FIXTURE
19-3041,29,49,FIXTURE
19-3041,30,9,FIXTURE
19-3041,31,16,FIXTURE
19-3041,32,25,FIXTURE
19-3041,33,11,FIXTURE
19-3041,34,74,FIXTURE
19-3041,35,17,FIXTURE
19-3041,36,161,FIXTURE
19-3041,37,83,FIXTURE
19-3041,38,6,FIXTURE
19-3041,39,94,FIXTURE
19-3041,40,31,FIXTURE
19-3041,41,34,FIXTURE
19-3041,42,104,FIXTURE
19-3041,44,9,FIXTURE
19-3041,45,41,FIXTURE
19-3041,46,7,FIXTURE
19-3041,47,55,FIXTURE
19-3041,48,232,FIXTURE
19-3041,49,26,FIXTURE
19-3041,50,5,FIXTURE
19-3041,51,69,FIXTURE
19-3041,53,61,FIXTURE
19-3041,54,14,FIXTURE
19-3041,55,47,FIXTURE
19-3041,56,5,FIXTURE
19-3051,01,590,FIXTURE
19-3051,02,86,FIXTURE
19-3051,04,840,FIXTURE
19-3051,05,354,FIXTURE
19-3051,06,4645,FIXTURE
19-3051,08,678,FIXTURE
19-3051,09,424,FIXTURE
19-3051,10,116,FIXTURE
19-3051,11,81,FIXTURE
19-3051,12,2530,FIXTURE
19-3051,13,1259,FIXTURE
19-3051,15,171,FIXTURE
19-3051,16,216,FIXTURE
19-3051,17,1505,FIXTURE
19-3051,18,797,FIXTURE
19-3051,19,375,FIXTURE
19-3051,20,345,FIXTURE
19-3051,21,529,FIXTURE
19-3051,22,547,FIXTURE
19-3051,23,160,FIXTURE
19-3051,24,726,FIXTURE
19-3051,25,826,FIXTURE
19-3051,26,1184,FIXTURE
19-3051,27,671,FIXTURE
19-3051,28,348,FIXTURE
19-3051,29,723,FIXTURE
19-3051,30,127,FIXTURE
19-3051,31,231,FIXTURE
19-3051,32,365,FIXTURE
19-3051,33,162,FIXTURE
19-3051,34,1091,FIXTURE
19-3051,35,249,FIXTURE
19-3051,36,2373,FIXTURE
19-3051,37,1227,FIXTURE
19-3051,38,92,FIXTURE
19-3051,39,1386,FIXTURE
19-3051,40,465,FIXTURE
19-3051,41,498,FIXTURE
19-3051,42,1528,FIXTURE
19-3051,44,129,FIXTURE
19-3051,45,601,FIXTURE
19-3051,46,104,FIXTURE
19-3051,47,812,FIXTURE
19-3051,48,3424,FIXTURE
19-3051,49,384,FIXTURE
19-3051,50,76,FIXTURE
19-3051,51,1014,FIXTURE
19-3051,53,905,FIXTURE
19-3051,54,211,FIXTURE
19-3051,55,692,FIXTURE
19-3051,56,68,FIXTURE
19-3091,01,101,FIXTURE
19-3091,02,15,FIXTURE
19-3091,04,143,FIXTURE
19-3091,05,60,FIXTURE
19-3091,06,793,FIXTURE
19-3091,08,116,FIXTURE
19-3091,09,72,FIXTURE
19-3091,10,20,FIXTURE
19-3091,11,14,FIXTURE
19-3091,12,432,FIXTURE
19-3091,13,215,FIXTURE
19-3091,15,29,FIXTURE
19-3091,16,37,FIXTURE
19-3091,17,257,FIXTURE
19-3091,18,136,FIXTURE
19-3091,19,64,FIXTURE
19-3091,20,59,FIXTURE
19-3091,21,90,FIXTURE
19-3091,22,93,FIXTURE
19-3091,23,27,FIXTURE
19-3091,24,124,FIXTURE
19-3091,25,141,FIXTURE
19-3091,26,202,FIXTURE
19-3091,27,115,FIXTURE
19-3091,28,59,FIXTURE
19-3091,29,124,FIXTURE
19-3091,30,22,FIXTURE
19-3091,31,39,FIXTURE
19-3091,32,62,FIXTURE
19-3091,33,28,FIXTURE
19-3091,34,186,FIXTURE
19-3091,35,43,FIXTURE
19-3091,36,405,FIXTURE
19-3091,37,209,FIXTURE
19-3091,38,16,FIXTURE
19-3091,39,237,FIXTURE
19-3091,40,79,FIXTURE
19-3091,41,85,FIXTURE
19-3091,42,261,FIXTURE
19-3091,44,22,FIXTURE
19-3091,45,103,FIXTURE
19-3091,46,18,FIXTURE
19-3091,47,139,FIXTURE
19-3091,48,585,FIXTURE
19-3091,49,66,FIXTURE
19-3091,50,13,FIXTURE
19-3091,51,173,FIXTURE
19-3091,53,155,FIXTURE
19-3091,54,36,FIXTURE
19-3091,55,118,FIXTURE
19-3091,56,12,FIXTURE
19-3092,01,22,FIXTURE
19-3092,02,3,FIXTURE
19-3092,04,31,FIXTURE
19-3092,05,13,FIXTURE
19-3092,06,172,FIXTURE
19-3092,08,25,FIXTURE
19-3092,09,16,FIXTURE
19-3092,10,4,FIXTURE
19-3092,11,3,FIXTURE
19-3092,12,94,FIXTURE
19-3092,13,47,FIXTURE
19-3092,15,6,FIXTURE
19-3092,16,8,FIXTURE
19-3092,17,56,FIXTURE
19-3092,18,29,FIXTURE
19-3092,19,14,FIXTURE
19-3092,20,13,FIXTURE
19-3092,21,20,FIXTURE
19-3092,22,20,FIXTURE
19-3092,23,6,FIXTURE
19-3092,24,27,FIXTURE
19-3092,25,31,FIXTURE
19-3092,26,44,FIXTURE
19-3092,27,25,FIXTURE
19-3092,28,13,FIXTURE
19-3092,29,27,FIXTURE
19-3092,30,5,FIXTURE
19-3092,31,9,FIXTURE
19-3092,32,13,FIXTURE
19-3092,33,6,FIXTURE
19-3092,34,40,FIXTURE
19-3092,35,9,FIXTURE
19-3092,36,88,FIXTURE
19-3092,37,45,FIXTURE
19-3092,38,3,FIXTURE
19-3092,39,51,FIXTURE
19-3092,40,17,FIXTURE
19-3092,41,18,FIXTURE
19-3092,42,56,FIXTURE
19-3092,44,5,FIXTURE
19-3092,45,22,FIXTURE
19-3092,46,4,FIXTURE
19-3092,47,30,FIXTURE
19-3092,48,127,FIXTURE
19-3092,49,14,FIXTURE
19-3092,50,3,FIXTURE
19-3092,51,37,FIXTURE
19-3092,53,33,FIXTURE
19-3092,54,8,FIXTURE
19-3092,55,26,FIXTURE
19-3092,56,2,FIXTURE
19-3093,01,44,FIXTURE
19-3093,02,6,FIXTURE
19-3093,04,63,FIXTURE
19-3093,05,26,FIXTURE
19-3093,06,347,FIXTURE
19-3093,08,51,FIXTURE
19-3093,09,32,FIXTURE
19-3093,10,9,FIXTURE
19-3093,11,6,FIXTURE
19-3093,12,189,FIXTURE
19-3093,13,94,FIXTURE
19-3093,15,13,FIXTURE
19-3093,16,16,FIXTURE
19-3093,17,112,FIXTURE
19-3093,18,59,FIXTURE
19-3093,19,28,FIXTURE
19-3093,20,26,FIXTURE
19-3093,21,39,FIXTURE
19-3093,22,41,FIXTURE
19-3093,23,12,FIXTURE
19-3093,24,54,FIXTURE
19-3093,25,62,FIXTURE
19-3093,26,88,FIXTURE
19-3093,27,50,FIXTURE
19-3093,28,26,FIXTURE
19-3093,29,54,FIXTURE
19-3093,30,9,FIXTURE
19-3093,31,17,FIXTURE
19-3093,32,27,FIXTURE
19-3093,33,12,FIXTURE
19-3093,34,81,FIXTURE
19-3093,35,19,FIXTURE
19-3093,36,177,FIXTURE
19-3093,37,92,FIXTURE
19-3093,38,7,FIXTURE
19-3093,39,104,FIXTURE
19-3093,40,35,FIXTURE
19-3093,41,37,FIXTURE
19-3093,42,114,FIXTURE
19-3093,44,10,FIXTURE
19-3093,45,45,FIXTURE
19-3093,46,8,FIXTURE
19-3093,47,61,FIXTURE
19-3093,48,256,FIXTURE
19-3093,49,29,FIXTURE
19-3093,50,6,FIXTURE
19-3093,51,76,FIXTURE
19-3093,53,68,FIXTURE
19-3093,54,16,FIXTURE
19-3093,55,52,FIXTURE
19-3093,56,5,FIXTURE
19-3094,01,86,FIXTURE
19-3094,02,13,FIXTURE
19-3094,04,122,FIXTURE
19-3094,05,51,FIXTURE
19-3094,06,674,FIXTURE
19-3094,08,98,FIXTURE
19-3094,09,61,FIXTURE
19-3094,10,17,FIXTURE
19-3094,11,12,FIXTURE
19-3094,12,367,FIXTURE
19-3094,13,183,FIXTURE
19-3094,15,25,FIXTURE
19-3094,16,31,FIXTURE
19-3094,17,218,FIXTURE
19-3094,18,116,FIXTURE
19-3094,19,54,FIXTURE
19-3094,20,50,FIXTURE
19-3094,21,77,FIXTURE
19-3094,22,79,FIXTURE
19-3094,23,23,FIXTURE
19-3094,24,105,FIXTURE
19-3094,25,120,FIXTURE
19-3094,26,172,FIXTURE
19-3094,27,97,FIXTURE
19-3094,28,51,FIXTURE
19-3094,29,105,FIXTURE
19-3094,30,19,FIXTURE
19-3094,31,33,FIXTURE
19-3094,32,53,FIXTURE
19-3094,33,24,FIXTURE
19-3094,34,158,FIXTURE
19-3094,35,36,FIXTURE
19-3094,36,344,FIXTURE
19-3094,37,178,FIXTURE
19-3094,38,13,FIXTURE
19-3094,39,201,FIXTURE
19-3094,40,68,FIXTURE
19-3094,41,72,FIXTURE
19-3094,42,222,FIXTURE
19-3094,44,19,FIXTURE
19-3094,45,87,FIXTURE
19-3094,46,15,FIXTURE
19-3094,47,118,FIXTURE
19-3094,48,497,FIXTURE
19-3094,49,56,FIXTURE
19-3094,50,11,FIXTURE
19-3094,51,147,FIXTURE
19-3094,53,131,FIXTURE
19-3094,54,31,FIXTURE
19-3094,55,100,FIXTURE
19-3094,56,10,FIXTURE
19-3099,01,520,FIXTURE
19-3099,02,76,FIXTURE
19-3099,04,741,FIXTURE
19-3099,05,312,FIXTURE
19-3099,06,4095,FIXTURE
19-3099,08,598,FIXTURE
19-3099,09,373,FIXTURE
19-3099,10,103,FIXTURE
19-3099,11,71,FIXTURE
19-3099,12,2231,FIXTURE
19-3099,13,1109,FIXTURE
19-3099,15,151,FIXTURE
19-3099,16,190,FIXTURE
19-3099,17,1327,FIXTURE
19-3099,18,703,FIXTURE
19-3099,19,330,FIXTURE
19-3099,20,304,FIXTURE
19-3099,21,467,FIXTURE
19-3099,22,482,FIXTURE
19-3099,23,141,FIXTURE
19-3099,24,640,FIXTURE
19-3099,25,728,FIXTURE
19-3099,26,1044,FIXTURE
19-3099,27,591,FIXTURE
19-3099,28,307,FIXTURE
19-3099,29,638,FIXTURE
19-3099,30,112,FIXTURE
19-3099,31,203,FIXTURE
19-3099,32,322,FIXTURE
19-3099,33,143,FIXTURE
19-3099,34,962,FIXTURE
19-3099,35,219,FIXTURE
19-3099,36,2092,FIXTURE
19-3099,37,1081,FIXTURE
19-3099,38,81,FIXTURE
19-3099,39,1222,FIXTURE
19-3099,40,410,FIXTURE
19-3099,41,439,FIXTURE
19-3099,42,1347,FIXTURE
19-3099,44,114,FIXTURE
19-3099,45,530,FIXTURE
19-3099,46,92,FIXTURE
19-3099,47,716,FIXTURE
19-3099,48,3019,FIXTURE
19-3099,49,339,FIXTURE
19-3099,50,67,FIXTURE
19-3099,51,894,FIXTURE
19-3099,53,798,FIXTURE
19-3099,54,186,FIXTURE
19-3099,55,610,FIXTURE
19-3099,56,60,FIXTURE
19-4012,01,206,FIXTURE
19-4012,02,30,FIXTURE
19-4012,04,293,FIXTURE
19-4012,05,123,FIXTURE
19-4012,06,1618,FIXTURE
19-4012,08,236,FIXTURE
19-4012,09,148,FIXTURE
19-4012,10,41,FIXTURE
19-4012,11,28,FIXTURE
19-4012,12,881,FIXTURE
19-4012,13,438,FIXTURE
19-4012,15,60,FIXTURE
19-4012,16,75,FIXTURE
19-4012,17,524,FIXTURE
19-4012,18,278,FIXTURE
19-4012,19,131,FIXTURE
19-4012,20,120,FIXTURE
19-4012,21,184,FIXTURE
19-4012,22,191,FIXTURE
19-4012,23,56,FIXTURE
19-4012,24,253,FIXTURE
19-4012,25,288,FIXTURE
19-4012,26,412,FIXTURE
19-4012,27,233,FIXTURE
19-4012,28,121,FIXTURE
19-4012,29,252,FIXTURE
19-4012,30,44,FIXTURE
19-4012,31,80,FIXTURE
19-4012,32,127,FIXTURE
19-4012,33,56,FIXTURE
19-4012,34,380,FIXTURE
19-4012,35,87,FIXTURE
19-4012,36,826,FIXTURE
19-4012,37,427,FIXTURE
19-4012,38,32,FIXTURE
19-4012,39,483,FIXTURE
19-4012,40,162,FIXTURE
19-4012,41,173,FIXTURE
19-4012,42,532,FIXTURE
19-4012,44,45,FIXTURE
19-4012,45,209,FIXTURE
19-4012,46,36,FIXTURE
19-4012,47,283,FIXTURE
19-4012,48,1192,FIXTURE
19-4012,49,134,FIXTURE
19-4012,50,26,FIXTURE
19-4012,51,353,FIXTURE
19-4012,53,315,FIXTURE
19-4012,54,73,FIXTURE
19-4012,55,241,FIXTURE
19-4012,56,24,FIXTURE
19-4013,01,175,FIXTURE
19-4013,02,26,FIXTURE
19-4013,04,249,FIXTURE
19-4013,05,105,FIXTURE
19-4013,06,1375,FIXTURE
19-4013,08,201,FIXTURE
19-4013,09,125,FIXTURE
19-4013,10,34,FIXTURE
19-4013,11,24,FIXTURE
19-4013,12,749,FIXTURE
19-4013,13,373,FIXTURE
19-4013,15,51,FIXTURE
19-4013,16,64,FIXTURE
19-4013,17,446,FIXTURE
19-4013,18,236,FIXTURE
19-4013,19,111,FIXTURE
19-4013,20,102,FIXTURE
19-4013,21,157,FIXTURE
19-4013,22,162,FIXTURE
19-4013,23,47,FIXTURE
19-4013,24,215,FIXTURE
19-4013,25,245,FIXTURE
19-4013,26,351,FIXTURE
19-4013,27,199,FIXTURE
19-4013,28,103,FIXTURE
19-4013,29,214,FIXTURE
19-4013,30,38,FIXTURE
19-4013,31,68,FIXTURE
19-4013,32,108,FIXTURE
19-4013,33,48,FIXTURE
19-4013,34,323,FIXTURE
19-4013,35,74,FIXTURE
19-4013,36,703,FIXTURE
19-4013,37,363,FIXTURE
19-4013,38,27,FIXTURE
19-4013,39,410,FIXTURE
19-4013,40,138,FIXTURE
19-4013,41,147,FIXTURE
19-4013,42,452,FIXTURE
19-4013,44,38,FIXTURE
19-4013,45,178,FIXTURE
19-4013,46,31,FIXTURE
19-4013,47,240,FIXTURE
19-4013,48,1014,FIXTURE
19-4013,49,114,FIXTURE
19-4013,50,22,FIXTURE
19-4013,51,300,FIXTURE
19-4013,53,268,FIXTURE
19-4013,54,62,FIXTURE
19-4013,55,205,FIXTURE
19-4013,56,20,FIXTURE
19-4021,01,1154,FIXTURE
19-4021,02,169,FIXTURE
19-4021,04,1643,FIXTURE
19-4021,05,692,FIXTURE
19-4021,06,9084,FIXTURE
19-4021,08,1327,FIXTURE
19-4021,09,828,FIXTURE
19-4021,10,227,FIXTURE
19-4021,11,158,FIXTURE
19-4021,12,4948,FIXTURE
19-4021,13,2461,FIXTURE
19-4021,15,334,FIXTURE
19-4021,16,423,FIXTURE
19-4021,17,2944,FIXTURE
19-4021,18,1559,FIXTURE
19-4021,19,733,FIXTURE
19-4021,20,675,FIXTURE
19-4021,21,1035,FIXTURE
19-4021,22,1070,FIXTURE
19-4021,23,313,FIXTURE
19-4021,24,1419,FIXTURE
19-4021,25,1615,FIXTURE
19-4021,26,2315,FIXTURE
19-4021,27,1311,FIXTURE
19-4021,28,680,FIXTURE
19-4021,29,1414,FIXTURE
19-4021,30,249,FIXTURE
19-4021,31,451,FIXTURE
19-4021,32,713,FIXTURE
19-4021,33,317,FIXTURE
19-4021,34,2134,FIXTURE
19-4021,35,487,FIXTURE
19-4021,36,4641,FIXTURE
19-4021,37,2398,FIXTURE
19-4021,38,179,FIXTURE
19-4021,39,2711,FIXTURE
19-4021,40,910,FIXTURE
19-4021,41,974,FIXTURE
19-4021,42,2987,FIXTURE
19-4021,44,252,FIXTURE
19-4021,45,1176,FIXTURE
19-4021,46,204,FIXTURE
19-4021,47,1588,FIXTURE
19-4021,48,6696,FIXTURE
19-4021,49,752,FIXTURE
19-4021,50,148,FIXTURE
19-4021,51,1983,FIXTURE
19-4021,53,1770,FIXTURE
19-4021,54,412,FIXTURE
19-4021,55,1354,FIXTURE
19-4021,56,133,FIXTURE
19-4031,01,875,FIXTURE
19-4031,02,128,FIXTURE
19-4031,04,1245,FIXTURE
19-4031,05,524,FIXTURE
19-4031,06,6882,FIXTURE
19-4031,08,1005,FIXTURE
19-4031,09,628,FIXTURE
19-4031,10,172,FIXTURE
19-4031,11,120,FIXTURE
19-4031,12,3749,FIXTURE
19-4031,13,1865,FIXTURE
19-4031,15,253,FIXTURE
19-4031,16,320,FIXTURE
19-4031,17,2230,FIXTURE
19-4031,18,1181,FIXTURE
19-4031,19,555,FIXTURE
19-4031,20,511,FIXTURE
19-4031,21,784,FIXTURE
19-4031,22,811,FIXTURE
19-4031,23,237,FIXTURE
19-4031,24,1075,FIXTURE
19-4031,25,1224,FIXTURE
19-4031,26,1754,FIXTURE
19-4031,27,993,FIXTURE
19-4031,28,515,FIXTURE
19-4031,29,1071,FIXTURE
19-4031,30,189,FIXTURE
19-4031,31,341,FIXTURE
19-4031,32,540,FIXTURE
19-4031,33,240,FIXTURE
19-4031,34,1617,FIXTURE
19-4031,35,369,FIXTURE
19-4031,36,3516,FIXTURE
19-4031,37,1817,FIXTURE
19-4031,38,136,FIXTURE
19-4031,39,2054,FIXTURE
19-4031,40,689,FIXTURE
19-4031,41,738,FIXTURE
19-4031,42,2263,FIXTURE
19-4031,44,191,FIXTURE
19-4031,45,891,FIXTURE
19-4031,46,154,FIXTURE
19-4031,47,1203,FIXTURE
19-4031,48,5073,FIXTURE
19-4031,49,569,FIXTURE
19-4031,50,112,FIXTURE
19-4031,51,1502,FIXTURE
19-4031,53,1341,FIXTURE
19-4031,54,312,FIXTURE
19-4031,55,1026,FIXTURE
19-4031,56,100,FIXTURE
19-4042,01,517,FIXTURE
19-4042,02,76,FIXTURE
19-4042,04,736,FIXTURE
19-4042,05,310,FIXTURE
19-4042,06,4069,FIXTURE
19-4042,08,594,FIXTURE
19-4042,09,371,FIXTURE
19-4042,10,102,FIXTURE
19-4042,11,71,FIXTURE
19-4042,12,2217,FIXTURE
19-4042,13,1102,FIXTURE
19-4042,15,150,FIXTURE
19-4042,16,189,FIXTURE
19-4042,17,1319,FIXTURE
19-4042,18,698,FIXTURE
19-4042,19,328,FIXTURE
19-4042,20,302,FIXTURE
19-4042,21,464,FIXTURE
19-4042,22,479,FIXTURE
19-4042,23,140,FIXTURE
19-4042,24,636,FIXTURE
19-4042,25,723,FIXTURE
19-4042,26,1037,FIXTURE
19-4042,27,587,FIXTURE
19-4042,28,305,FIXTURE
19-4042,29,633,FIXTURE
19-4042,30,112,FIXTURE
19-4042,31,202,FIXTURE
19-4042,32,320,FIXTURE
19-4042,33,142,FIXTURE
19-4042,34,956,FIXTURE
19-4042,35,218,FIXTURE
19-4042,36,2079,FIXTURE
19-4042,37,1074,FIXTURE
19-4042,38,80,FIXTURE
19-4042,39,1214,FIXTURE
19-4042,40,408,FIXTURE
19-4042,41,436,FIXTURE
19-4042,42,1338,FIXTURE
19-4042,44,113,FIXTURE
19-4042,45,527,FIXTURE
19-4042,46,91,FIXTURE
19-4042,47,711,FIXTURE
19-4042,48,2999,FIXTURE
19-4042,49,337,FIXTURE
19-4042,50,66,FIXTURE
19-4042,51,888,FIXTURE
19-4042,53,793,FIXTURE
19-4042,54,185,FIXTURE
19-4042,55,607,FIXTURE
19-4042,56,59,FIXTURE
19-4043,01,140,FIXTURE
19-4043,02,20,FIXTURE
19-4043,04,199,FIXTURE
19-4043,05,84,FIXTURE
19-4043,06,1099,FIXTURE
19-4043,08,160,FIXTURE
19-4043,09,100,FIXTURE
19-4043,10,28,FIXTURE
19-4043,11,19,FIXTURE
19-4043,12,598,FIXTURE
19-4043,13,298,FIXTURE
19-4043,15,40,FIXTURE
19-4043,16,51,FIXTURE
19-4043,17,356,FIXTURE
19-4043,18,189,FIXTURE
19-4043,19,89,FIXTURE
19-4043,20,82,FIXTURE
19-4043,21,125,FIXTURE
19-4043,22,129,FIXTURE
19-4043,23,38,FIXTURE
19-4043,24,172,FIXTURE
19-4043,25,195,FIXTURE
19-4043,26,280,FIXTURE
19-4043,27,159,FIXTURE
19-4043,28,82,FIXTURE
19-4043,29,171,FIXTURE
19-4043,30,30,FIXTURE
19-4043,31,54,FIXTURE
19-4043,32,86,FIXTURE
19-4043,33,38,FIXTURE
19-4043,34,258,FIXTURE
19-4043,35,59,FIXTURE
19-4043,36,561,FIXTURE
19-4043,37,290,FIXTURE
19-4043,38,22,FIXTURE
19-4043,39,328,FIXTURE
19-4043,40,110,FIXTURE
19-4043,41,118,FIXTURE
19-4043,42,361,FIXTURE
19-4043,44,30,FIXTURE
19-4043,45,142,FIXTURE
19-4043,46,25,FIXTURE
19-4043,47,192,FIXTURE
19-4043,48,810,FIXTURE
19-4043,49,91,FIXTURE
19-4043,50,18,FIXTURE
19-4043,51,240,FIXTURE
19-4043,53,214,FIXTURE
19-4043,54,50,FIXTURE
19-4043,55,164,FIXTURE
19-4043,56,16,FIXTURE
19-4044,01,54,FIXTURE
19-4044,02,8,FIXTURE
19-4044,04,77,FIXTURE
19-4044,05,32,FIXTURE
19-4044,06,423,FIXTURE
19-4044,08,62,FIXTURE
19-4044,09,39,FIXTURE
19-4044,10,11,FIXTURE
19-4044,11,7,FIXTURE
19-4044,12,231,FIXTURE
19-4044,13,115,FIXTURE
19-4044,15,16,FIXTURE
19-4044,16,20,FIXTURE
19-4044,17,137,FIXTURE
19-4044,18,73,FIXTURE
19-4044,19,34,FIXTURE
19-4044,20,31,FIXTURE
19-4044,21,48,FIXTURE
19-4044,22,50,FIXTURE
19-4044,23,15,FIXTURE
19-4044,24,66,FIXTURE
19-4044,25,75,FIXTURE
19-4044,26,108,FIXTURE
19-4044,27,61,FIXTURE
19-4044,28,32,FIXTURE
19-4044,29,66,FIXTURE
19-4044,30,12,FIXTURE
19-4044,31,21,FIXTURE
19-4044,32,33,FIXTURE
19-4044,33,15,FIXTURE
19-4044,34,99,FIXTURE
19-4044,35,23,FIXTURE
19-4044,36,216,FIXTURE
19-4044,37,112,FIXTURE
19-4044,38,8,FIXTURE
19-4044,39,126,FIXTURE
19-4044,40,42,FIXTURE
19-4044,41,45,FIXTURE
19-4044,42,139,FIXTURE
19-4044,44,12,FIXTURE
19-4044,45,55,FIXTURE
19-4044,46,10,FIXTURE
19-4044,47,74,FIXTURE
19-4044,48,312,FIXTURE
19-4044,49,35,FIXTURE
19-4044,50,7,FIXTURE
19-4044,51,92,FIXTURE
19-4044,53,83,FIXTURE
19-4044,54,19,FIXTURE
19-4044,55,63,FIXTURE
19-4044,56,6,FIXTURE
19-4051,01,81,FIXTURE
19-4051,02,12,FIXTURE
19-4051,04,116,FIXTURE
19-4051,05,49,FIXTURE
19-4051,06,639,FIXTURE
19-4051,08,93,FIXTURE
19-4051,09,58,FIXTURE
19-4051,10,16,FIXTURE
19-4051,11,11,FIXTURE
19-4051,12,348,FIXTURE
19-4051,13,173,FIXTURE
19-4051,15,24,FIXTURE
19-4051,16,30,FIXTURE
19-4051,17,207,FIXTURE
19-4051,18,110,FIXTURE
19-4051,19,52,FIXTURE
19-4051,20,47,FIXTURE
19-4051,21,73,FIXTURE
19-4051,22,75,FIXTURE
19-4051,23,22,FIXTURE
19-4051,24,100,FIXTURE
19-4051,25,114,FIXTURE
19-4051,26,163,FIXTURE
19-4051,27,92,FIXTURE
19-4051,28,48,FIXTURE
19-4051,29,100,FIXTURE
19-4051,30,18,FIXTURE
19-4051,31,32,FIXTURE
19-4051,32,50,FIXTURE
19-4051,33,22,FIXTURE
19-4051,34,150,FIXTURE
19-4051,35,34,FIXTURE
19-4051,36,327,FIXTURE
19-4051,37,169,FIXTURE
19-4051,38,13,FIXTURE
19-4051,39,191,FIXTURE
19-4051,40,64,FIXTURE
19-4051,41,68,FIXTURE
19-4051,42,210,FIXTURE
19-4051,44,18,FIXTURE
19-4051,45,83,FIXTURE
19-4051,46,14,FIXTURE
19-4051,47,112,FIXTURE
19-4051,48,471,FIXTURE
19-4051,49,53,FIXTURE
19-4051,50,10,FIXTURE
19-4051,51,140,FIXTURE
19-4051,53,125,FIXTURE
19-4051,54,29,FIXTURE
19-4051,55,95,FIXTURE
19-4051,56,9,FIXTURE
19-4061,01,435,FIXTURE
19-4061,02,63,FIXTURE
19-4061,04,619,FIXTURE
19-4061,05,261,FIXTURE
19-4061,06,3422,FIXTURE
19-4061,08,500,FIXTURE
19-4061,09,312,FIXTURE
19-4061,10,86,FIXTURE
19-4061,11,60,FIXTURE
19-4061,12,1864,FIXTURE
19-4061,13,927,FIXTURE
19-4061,15,126,FIXTURE
19-4061,16,159,FIXTURE
19-4061,17,1109,FIXTURE
19-4061,18,587,FIXTURE
19-4061,19,276,FIXTURE
19-4061,20,254,FIXTURE
19-4061,21,390,FIXTURE
19-4061,22,403,FIXTURE
19-4061,23,118,FIXTURE
19-4061,24,535,FIXTURE
19-4061,25,609,FIXTURE
19-4061,26,872,FIXTURE
19-4061,27,494,FIXTURE
19-4061,28,256,FIXTURE
19-4061,29,533,FIXTURE
19-4061,30,94,FIXTURE
19-4061,31,170,FIXTURE
19-4061,32,269,FIXTURE
19-4061,33,119,FIXTURE
19-4061,34,804,FIXTURE
19-4061,35,183,FIXTURE
19-4061,36,1749,FIXTURE
19-4061,37,904,FIXTURE
19-4061,38,67,FIXTURE
19-4061,39,1021,FIXTURE
19-4061,40,343,FIXTURE
19-4061,41,367,FIXTURE
19-4061,42,1126,FIXTURE
19-4061,44,95,FIXTURE
19-4061,45,443,FIXTURE
19-4061,46,77,FIXTURE
19-4061,47,598,FIXTURE
19-4061,48,2523,FIXTURE
19-4061,49,283,FIXTURE
19-4061,50,56,FIXTURE
19-4061,51,747,FIXTURE
19-4061,53,667,FIXTURE
19-4061,54,155,FIXTURE
19-4061,55,510,FIXTURE
19-4061,56,50,FIXTURE
19-4071,01,461,FIXTURE
19-4071,02,67,FIXTURE
19-4071,04,657,FIXTURE
19-4071,05,277,FIXTURE
19-4071,06,3631,FIXTURE
19-4071,08,530,FIXTURE
19-4071,09,331,FIXTURE
19-4071,10,91,FIXTURE
19-4071,11,63,FIXTURE
19-4071,12,1978,FIXTURE
19-4071,13,984,FIXTURE
19-4071,15,134,FIXTURE
19-4071,16,169,FIXTURE
19-4071,17,1177,FIXTURE
19-4071,18,623,FIXTURE
19-4071,19,293,FIXTURE
19-4071,20,270,FIXTURE
19-4071,21,414,FIXTURE
19-4071,22,428,FIXTURE
19-4071,23,125,FIXTURE
19-4071,24,567,FIXTURE
19-4071,25,646,FIXTURE
19-4071,26,925,FIXTURE
19-4071,27,524,FIXTURE
19-4071,28,272,FIXTURE
19-4071,29,565,FIXTURE
19-4071,30,100,FIXTURE
19-4071,31,180,FIXTURE
19-4071,32,285,FIXTURE
19-4071,33,126,FIXTURE
19-4071,34,853,FIXTURE
19-4071,35,194,FIXTURE
19-4071,36,1855,FIXTURE
19-4071,37,959,FIXTURE
19-4071,38,72,FIXTURE
19-4071,39,1084,FIXTURE
19-4071,40,364,FIXTURE
19-4071,41,389,FIXTURE
19-4071,42,1194,FIXTURE
19-4071,44,101,FIXTURE
19-4071,45,470,FIXTURE
19-4071,46,81,FIXTURE
19-4071,47,635,FIXTURE
19-4071,48,2677,FIXTURE
19-4071,49,300,FIXTURE
19-4071,50,59,FIXTURE
19-4071,51,793,FIXTURE
19-4071,53,708,FIXTURE
19-4071,54,165,FIXTURE
19-4071,55,541,FIXTURE
19-4071,56,53,FIXTURE
19-4092,01,258,FIXTURE
19-4092,02,38,FIXTURE
19-4092,04,367,FIXTURE
19-4092,05,155,FIXTURE
19-4092,06,2030,FIXTURE
19-4092,08,296,FIXTURE
19-4092,09,185,FIXTURE
19-4092,10,51,FIXTURE
19-4092,11,35,FIXTURE
19-4092,12,1106,FIXTURE
19-4092,13,550,FIXTURE
19-4092,15,75,FIXTURE
19-4092,16,94,FIXTURE
19-4092,17,658,FIXTURE
19-4092,18,348,FIXTURE
19-4092,19,164,FIXTURE
19-4092,20,151,FIXTURE
19-4092,21,231,FIXTURE
19-4092,22,239,FIXTURE
19-4092,23,70,FIXTURE
19-4092,24,317,FIXTURE
19-4092,25,361,FIXTURE
19-4092,26,517,FIXTURE
19-4092,27,293,FIXTURE
19-4092,28,152,FIXTURE
19-4092,29,316,FIXTURE
19-4092,30,56,FIXTURE
19-4092,31,101,FIXTURE
19-4092,32,159,FIXTURE
19-4092,33,71,FIXTURE
19-4092,34,477,FIXTURE
19-4092,35,109,FIXTURE
19-4092,36,1037,FIXTURE
19-4092,37,536,FIXTURE
19-4092,38,40,FIXTURE
19-4092,39,606,FIXTURE
19-4092,40,203,FIXTURE
19-4092,41,218,FIXTURE
19-4092,42,668,FIXTURE
19-4092,44,56,FIXTURE
19-4092,45,263,FIXTURE
19-4092,46,46,FIXTURE
19-4092,47,355,FIXTURE
19-4092,48,1497,FIXTURE
19-4092,49,168,FIXTURE
19-4092,50,33,FIXTURE
19-4092,51,443,FIXTURE
19-4092,53,396,FIXTURE
19-4092,54,92,FIXTURE
19-4092,55,303,FIXTURE
19-4092,56,30,FIXTURE
19-4099,01,943,FIXTURE
19-4099,02,138,FIXTURE
19-4099,04,1343,FIXTURE
19-4099,05,565,FIXTURE
19-4099,06,7423,FIXTURE
19-4099,08,1084,FIXTURE
19-4099,09,677,FIXTURE
19-4099,10,186,FIXTURE
19-4099,11,129,FIXTURE
19-4099,12,4044,FIXTURE
19-4099,13,2011,FIXTURE
19-4099,15,273,FIXTURE
19-4099,16,345,FIXTURE
19-4099,17,2406,FIXTURE
19-4099,18,1274,FIXTURE
19-4099,19,599,FIXTURE
19-4099,20,552,FIXTURE
19-4099,21,846,FIXTURE
19-4099,22,874,FIXTURE
19-4099,23,256,FIXTURE
19-4099,24,1160,FIXTURE
19-4099,25,1320,FIXTURE
19-4099,26,1892,FIXTURE
19-4099,27,1071,FIXTURE
19-4099,28,556,FIXTURE
19-4099,29,1156,FIXTURE
19-4099,30,204,FIXTURE
19-4099,31,368,FIXTURE
19-4099,32,583,FIXTURE
19-4099,33,259,FIXTURE
19-4099,34,1744,FIXTURE
19-4099,35,398,FIXTURE
19-4099,36,3793,FIXTURE
19-4099,37,1960,FIXTURE
19-4099,38,146,FIXTURE
19-4099,39,2215,FIXTURE
19-4099,40,743,FIXTURE
19-4099,41,796,FIXTURE
19-4099,42,2441,FIXTURE
19-4099,44,206,FIXTURE
19-4099,45,961,FIXTURE
19-4099,46,166,FIXTURE
19-4099,47,1297,FIXTURE
19-4099,48,5472,FIXTURE
19-4099,49,614,FIXTURE
19-4099,50,121,FIXTURE
19-4099,51,1621,FIXTURE
19-4099,53,1447,FIXTURE
19-4099,54,337,FIXTURE
19-4099,55,1107,FIXTURE
19-4099,56,108,FIXTURE
19-5011,01,1612,FIXTURE
19-5011,02,235,FIXTURE
19-5011,04,2294,FIXTURE
19-5011,05,966,FIXTURE
19-5011,06,12685,FIXTURE
19-5011,08,1852,FIXTURE
19-5011,09,1157,FIXTURE
19-5011,10,318,FIXTURE
19-5011,11,221,FIXTURE
19-5011,12,6910,FIXTURE
19-5011,13,3437,FIXTURE
19-5011,15,467,FIXTURE
19-5011,16,590,FIXTURE
19-5011,17,4111,FIXTURE
19-5011,18,2177,FIXTURE
19-5011,19,1024,FIXTURE
19-5011,20,943,FIXTURE
19-5011,21,1446,FIXTURE
19-5011,22,1494,FIXTURE
19-5011,23,437,FIXTURE
19-5011,24,1982,FIXTURE
19-5011,25,2255,FIXTURE
19-5011,26,3233,FIXTURE
19-5011,27,1831,FIXTURE
19-5011,28,950,FIXTURE
19-5011,29,1975,FIXTURE
19-5011,30,348,FIXTURE
19-5011,31,629,FIXTURE
19-5011,32,996,FIXTURE
19-5011,33,442,FIXTURE
19-5011,34,2980,FIXTURE
19-5011,35,679,FIXTURE
19-5011,36,6481,FIXTURE
19-5011,37,3349,FIXTURE
19-5011,38,250,FIXTURE
19-5011,39,3786,FIXTURE
19-5011,40,1270,FIXTURE
19-5011,41,1360,FIXTURE
19-5011,42,4172,FIXTURE
19-5011,44,352,FIXTURE
19-5011,45,1642,FIXTURE
19-5011,46,285,FIXTURE
19-5011,47,2217,FIXTURE
19-5011,48,9351,FIXTURE
19-5011,49,1050,FIXTURE
19-5011,50,206,FIXTURE
19-5011,51,2769,FIXTURE
19-5011,53,2472,FIXTURE
19-5011,54,576,FIXTURE
19-5011,55,1891,FIXTURE
19-5011,56,185,FIXTURE
19-5012,01,330,FIXTURE
19-5012,02,48,FIXTURE
19-5012,04,469,FIXTURE
19-5012,05,198,FIXTURE
19-5012,06,2595,FIXTURE
19-5012,08,379,FIXTURE
19-5012,09,237,FIXTURE
19-5012,10,65,FIXTURE
19-5012,11,45,FIXTURE
19-5012,12,1413,FIXTURE
19-5012,13,703,FIXTURE
19-5012,15,95,FIXTURE
19-5012,16,121,FIXTURE
19-5012,17,841,FIXTURE
19-5012,18,445,FIXTURE
19-5012,19,209,FIXTURE
19-5012,20,193,FIXTURE
19-5012,21,296,FIXTURE
19-5012,22,306,FIXTURE
19-5012,23,89,FIXTURE
19-5012,24,405,FIXTURE
19-5012,25,461,FIXTURE
19-5012,26,661,FIXTURE
19-5012,27,374,FIXTURE
19-5012,28,194,FIXTURE
19-5012,29,404,FIXTURE
19-5012,30,71,FIXTURE
19-5012,31,129,FIXTURE
19-5012,32,204,FIXTURE
19-5012,33,90,FIXTURE
19-5012,34,610,FIXTURE
19-5012,35,139,FIXTURE
19-5012,36,1326,FIXTURE
19-5012,37,685,FIXTURE
19-5012,38,51,FIXTURE
19-5012,39,774,FIXTURE
19-5012,40,260,FIXTURE
19-5012,41,278,FIXTURE
19-5012,42,853,FIXTURE
19-5012,44,72,FIXTURE
19-5012,45,336,FIXTURE
19-5012,46,58,FIXTURE
19-5012,47,453,FIXTURE
19-5012,48,1913,FIXTURE
19-5012,49,215,FIXTURE
19-5012,50,42,FIXTURE
19-5012,51,566,FIXTURE
19-5012,53,506,FIXTURE
19-5012,54,118,FIXTURE
19-5012,55,387,FIXTURE
19-5012,56,38,FIXTURE
21-1012,01,4492,FIXTURE
21-1012,02,656,FIXTURE
21-1012,04,6395,FIXTURE
21-1012,05,2693,FIXTURE
21-1012,06,35354,FIXTURE
21-1012,08,5163,FIXTURE
21-1012,09,3224,FIXTURE
21-1012,10,885,FIXTURE
21-1012,11,617,FIXTURE
21-1012,12,19259,FIXTURE
21-1012,13,9578,FIXTURE
21-1012,15,1301,FIXTURE
21-1012,16,1644,FIXTURE
21-1012,17,11456,FIXTURE
21-1012,18,6067,FIXTURE
21-1012,19,2853,FIXTURE
21-1012,20,2627,FIXTURE
21-1012,21,4029,FIXTURE
21-1012,22,4165,FIXTURE
21-1012,23,1218,FIXTURE
21-1012,24,5523,FIXTURE
21-1012,25,6286,FIXTURE
21-1012,26,9011,FIXTURE
21-1012,27,5103,FIXTURE
21-1012,28,2648,FIXTURE
21-1012,29,5503,FIXTURE
21-1012,30,969,FIXTURE
21-1012,31,1754,FIXTURE
21-1012,32,2776,FIXTURE
21-1012,33,1232,FIXTURE
21-1012,34,8306,FIXTURE
21-1012,35,1893,FIXTURE
21-1012,36,18063,FIXTURE
21-1012,37,9334,FIXTURE
21-1012,38,697,FIXTURE
21-1012,39,10551,FIXTURE
21-1012,40,3540,FIXTURE
21-1012,41,3789,FIXTURE
21-1012,42,11627,FIXTURE
21-1012,44,981,FIXTURE
21-1012,45,4577,FIXTURE
21-1012,46,793,FIXTURE
21-1012,47,6179,FIXTURE
21-1012,48,26061,FIXTURE
21-1012,49,2925,FIXTURE
21-1012,50,575,FIXTURE
21-1012,51,7718,FIXTURE
21-1012,53,6890,FIXTURE
21-1012,54,1604,FIXTURE
21-1012,55,5270,FIXTURE
21-1012,56,516,FIXTURE
21-1013,01,831,FIXTURE
21-1013,02,121,FIXTURE
21-1013,04,1182,FIXTURE
21-1013,05,498,FIXTURE
21-1013,06,6537,FIXTURE
21-1013,08,955,FIXTURE
21-1013,09,596,FIXTURE
21-1013,10,164,FIXTURE
21-1013,11,114,FIXTURE
21-1013,12,3561,FIXTURE
21-1013,13,1771,FIXTURE
21-1013,15,241,FIXTURE
21-1013,16,304,FIXTURE
21-1013,17,2118,FIXTURE
21-1013,18,1122,FIXTURE
21-1013,19,527,FIXTURE
21-1013,20,486,FIXTURE
21-1013,21,745,FIXTURE
21-1013,22,770,FIXTURE
21-1013,23,225,FIXTURE
21-1013,24,1021,FIXTURE
21-1013,25,1162,FIXTURE
21-1013,26,1666,FIXTURE
21-1013,27,943,FIXTURE
21-1013,28,490,FIXTURE
21-1013,29,1018,FIXTURE
21-1013,30,179,FIXTURE
21-1013,31,324,FIXTURE
21-1013,32,513,FIXTURE
21-1013,33,228,FIXTURE
21-1013,34,1536,FIXTURE
21-1013,35,350,FIXTURE
21-1013,36,3340,FIXTURE
21-1013,37,1726,FIXTURE
21-1013,38,129,FIXTURE
21-1013,39,1951,FIXTURE
21-1013,40,655,FIXTURE
21-1013,41,701,FIXTURE
21-1013,42,2150,FIXTURE
21-1013,44,181,FIXTURE
21-1013,45,846,FIXTURE
21-1013,46,147,FIXTURE
21-1013,47,1143,FIXTURE
21-1013,48,4819,FIXTURE
21-1013,49,541,FIXTURE
21-1013,50,106,FIXTURE
21-1013,51,1427,FIXTURE
21-1013,53,1274,FIXTURE
21-1013,54,297,FIXTURE
21-1013,55,974,FIXTURE
21-1013,56,95,FIXTURE
21-1015,01,1369,FIXTURE
21-1015,02,200,FIXTURE
21-1015,04,1949,FIXTURE
21-1015,05,821,FIXTURE
21-1015,06,10773,FIXTURE
21-1015,08,1573,FIXTURE
21-1015,09,983,FIXTURE
21-1015,10,270,FIXTURE
21-1015,11,188,FIXTURE
21-1015,12,5868,FIXTURE
21-1015,13,2919,FIXTURE
21-1015,15,397,FIXTURE
21-1015,16,501,FIXTURE
21-1015,17,3491,FIXTURE
21-1015,18,1849,FIXTURE
21-1015,19,869,FIXTURE
21-1015,20,800,FIXTURE
21-1015,21,1228,FIXTURE
21-1015,22,1269,FIXTURE
21-1015,23,371,FIXTURE
21-1015,24,1683,FIXTURE
21-1015,25,1915,FIXTURE
21-1015,26,2746,FIXTURE
21-1015,27,1555,FIXTURE
21-1015,28,807,FIXTURE
21-1015,29,1677,FIXTURE
21-1015,30,295,FIXTURE
21-1015,31,534,FIXTURE
21-1015,32,846,FIXTURE
21-1015,33,375,FIXTURE
21-1015,34,2531,FIXTURE
21-1015,35,577,FIXTURE
21-1015,36,5504,FIXTURE
21-1015,37,2844,FIXTURE
21-1015,38,212,FIXTURE
21-1015,39,3215,FIXTURE
21-1015,40,1079,FIXTURE
21-1015,41,1155,FIXTURE
21-1015,42,3543,FIXTURE
21-1015,44,299,FIXTURE
21-1015,45,1395,FIXTURE
21-1015,46,242,FIXTURE
21-1015,47,1883,FIXTURE
21-1015,48,7941,FIXTURE
21-1015,49,891,FIXTURE
21-1015,50,175,FIXTURE
21-1015,51,2352,FIXTURE
21-1015,53,2099,FIXTURE
21-1015,54,489,FIXTURE
21-1015,55,1606,FIXTURE
21-1015,56,157,FIXTURE
21-1018,01,4712,FIXTURE
21-1018,02,688,FIXTURE
21-1018,04,6708,FIXTURE
21-1018,05,2825,FIXTURE
21-1018,06,37085,FIXTURE
21-1018,08,5415,FIXTURE
21-1018,09,3382,FIXTURE
21-1018,10,928,FIXTURE
21-1018,11,647,FIXTURE
21-1018,12,20202,FIXTURE
21-1018,13,10047,FIXTURE
21-1018,15,1365,FIXTURE
21-1018,16,1725,FIXTURE
21-1018,17,12017,FIXTURE
21-1018,18,6364,FIXTURE
21-1018,19,2992,FIXTURE
21-1018,20,2756,FIXTURE
21-1018,21,4226,FIXTURE
21-1018,22,4369,FIXTURE
21-1018,23,1278,FIXTURE
21-1018,24,5794,FIXTURE
21-1018,25,6594,FIXTURE
21-1018,26,9452,FIXTURE
21-1018,27,5352,FIXTURE
21-1018,28,2777,FIXTURE
21-1018,29,5773,FIXTURE
21-1018,30,1017,FIXTURE
21-1018,31,1840,FIXTURE
21-1018,32,2912,FIXTURE
21-1018,33,1292,FIXTURE
21-1018,34,8712,FIXTURE
21-1018,35,1986,FIXTURE
21-1018,36,18948,FIXTURE
21-1018,37,9791,FIXTURE
21-1018,38,731,FIXTURE
21-1018,39,11067,FIXTURE
21-1018,40,3714,FIXTURE
21-1018,41,3974,FIXTURE
21-1018,42,12196,FIXTURE
21-1018,44,1029,FIXTURE
21-1018,45,4801,FIXTURE
21-1018,46,832,FIXTURE
21-1018,47,6482,FIXTURE
21-1018,48,27337,FIXTURE
21-1018,49,3069,FIXTURE
21-1018,50,603,FIXTURE
21-1018,51,8096,FIXTURE
21-1018,53,7227,FIXTURE
21-1018,54,1682,FIXTURE
21-1018,55,5528,FIXTURE
21-1018,56,541,FIXTURE
21-1019,01,447,FIXTURE
21-1019,02,65,FIXTURE
21-1019,04,636,FIXTURE
21-1019,05,268,FIXTURE
21-1019,06,3517,FIXTURE
21-1019,08,514,FIXTURE
21-1019,09,321,FIXTURE
21-1019,10,88,FIXTURE
21-1019,11,61,FIXTURE
21-1019,12,1916,FIXTURE
21-1019,13,953,FIXTURE
21-1019,15,129,FIXTURE
21-1019,16,164,FIXTURE
21-1019,17,1140,FIXTURE
21-1019,18,604,FIXTURE
21-1019,19,284,FIXTURE
21-1019,20,261,FIXTURE
21-1019,21,401,FIXTURE
21-1019,22,414,FIXTURE
21-1019,23,121,FIXTURE
21-1019,24,549,FIXTURE
21-1019,25,625,FIXTURE
21-1019,26,896,FIXTURE
21-1019,27,508,FIXTURE
21-1019,28,263,FIXTURE
21-1019,29,547,FIXTURE
21-1019,30,96,FIXTURE
21-1019,31,174,FIXTURE
21-1019,32,276,FIXTURE
21-1019,33,123,FIXTURE
21-1019,34,826,FIXTURE
21-1019,35,188,FIXTURE
21-1019,36,1797,FIXTURE
21-1019,37,929,FIXTURE
21-1019,38,69,FIXTURE
21-1019,39,1049,FIXTURE
21-1019,40,352,FIXTURE
21-1019,41,377,FIXTURE
21-1019,42,1157,FIXTURE
21-1019,44,98,FIXTURE
21-1019,45,455,FIXTURE
21-1019,46,79,FIXTURE
21-1019,47,615,FIXTURE
21-1019,48,2592,FIXTURE
21-1019,49,291,FIXTURE
21-1019,50,57,FIXTURE
21-1019,51,768,FIXTURE
21-1019,53,685,FIXTURE
21-1019,54,160,FIXTURE
21-1019,55,524,FIXTURE
21-1019,56,51,FIXTURE
21-1021,01,5155,FIXTURE
21-1021,02,752,FIXTURE
21-1021,04,7337,FIXTURE
21-1021,05,3090,FIXTURE
21-1021,06,40564,FIXTURE
21-1021,08,5924,FIXTURE
21-1021,09,3700,FIXTURE
21-1021,10,1016,FIXTURE
21-1021,11,707,FIXTURE
21-1021,12,22097,FIXTURE
21-1021,13,10990,FIXTURE
21-1021,15,1493,FIXTURE
21-1021,16,1887,FIXTURE
21-1021,17,13145,FIXTURE
21-1021,18,6962,FIXTURE
21-1021,19,3273,FIXTURE
21-1021,20,3014,FIXTURE
21-1021,21,4623,FIXTURE
21-1021,22,4779,FIXTURE
21-1021,23,1398,FIXTURE
21-1021,24,6338,FIXTURE
21-1021,25,7212,FIXTURE
21-1021,26,10339,FIXTURE
21-1021,27,5855,FIXTURE
21-1021,28,3038,FIXTURE
21-1021,29,6315,FIXTURE
21-1021,30,1112,FIXTURE
21-1021,31,2012,FIXTURE
21-1021,32,3185,FIXTURE
21-1021,33,1413,FIXTURE
21-1021,34,9530,FIXTURE
21-1021,35,2172,FIXTURE
21-1021,36,20725,FIXTURE
21-1021,37,10710,FIXTURE
21-1021,38,799,FIXTURE
21-1021,39,12106,FIXTURE
21-1021,40,4062,FIXTURE
21-1021,41,4347,FIXTURE
21-1021,42,13340,FIXTURE
21-1021,44,1126,FIXTURE
21-1021,45,5251,FIXTURE
21-1021,46,910,FIXTURE
21-1021,47,7090,FIXTURE
21-1021,48,29902,FIXTURE
21-1021,49,3356,FIXTURE
21-1021,50,660,FIXTURE
21-1021,51,8855,FIXTURE
21-1021,53,7905,FIXTURE
21-1021,54,1840,FIXTURE
21-1021,55,6047,FIXTURE
21-1021,56,592,FIXTURE
21-1022,01,2635,FIXTURE
21-1022,02,385,FIXTURE
21-1022,04,3751,FIXTURE
21-1022,05,1580,FIXTURE
21-1022,06,20740,FIXTURE
21-1022,08,3029,FIXTURE
21-1022,09,1891,FIXTURE
21-1022,10,519,FIXTURE
21-1022,11,362,FIXTURE
21-1022,12,11298,FIXTURE
21-1022,13,5619,FIXTURE
21-1022,15,763,FIXTURE
21-1022,16,965,FIXTURE
21-1022,17,6721,FIXTURE
21-1022,18,3559,FIXTURE
21-1022,19,1673,FIXTURE
21-1022,20,1541,FIXTURE
21-1022,21,2363,FIXTURE
21-1022,22,2443,FIXTURE
21-1022,23,715,FIXTURE
21-1022,24,3240,FIXTURE
21-1022,25,3687,FIXTURE
21-1022,26,5286,FIXTURE
21-1022,27,2993,FIXTURE
21-1022,28,1553,FIXTURE
21-1022,29,3229,FIXTURE
21-1022,30,569,FIXTURE
21-1022,31,1029,FIXTURE
21-1022,32,1628,FIXTURE
21-1022,33,723,FIXTURE
21-1022,34,4872,FIXTURE
21-1022,35,1111,FIXTURE
21-1022,36,10596,FIXTURE
21-1022,37,5476,FIXTURE
21-1022,38,409,FIXTURE
21-1022,39,6189,FIXTURE
21-1022,40,2077,FIXTURE
21-1022,41,2223,FIXTURE
21-1022,42,6820,FIXTURE
21-1022,44,576,FIXTURE
21-1022,45,2685,FIXTURE
21-1022,46,465,FIXTURE
21-1022,47,3625,FIXTURE
21-1022,48,15288,FIXTURE
21-1022,49,1716,FIXTURE
21-1022,50,337,FIXTURE
21-1022,51,4528,FIXTURE
21-1022,53,4042,FIXTURE
21-1022,54,941,FIXTURE
21-1022,55,3092,FIXTURE
21-1022,56,303,FIXTURE
21-1023,01,1725,FIXTURE
21-1023,02,252,FIXTURE
21-1023,04,2456,FIXTURE
21-1023,05,1034,FIXTURE
21-1023,06,13576,FIXTURE
21-1023,08,1983,FIXTURE
21-1023,09,1238,FIXTURE
21-1023,10,340,FIXTURE
21-1023,11,237,FIXTURE
21-1023,12,7396,FIXTURE
21-1023,13,3678,FIXTURE
21-1023,15,500,FIXTURE
21-1023,16,631,FIXTURE
21-1023,17,4399,FIXTURE
21-1023,18,2330,FIXTURE
21-1023,19,1095,FIXTURE
21-1023,20,1009,FIXTURE
21-1023,21,1547,FIXTURE
21-1023,22,1599,FIXTURE
21-1023,23,468,FIXTURE
21-1023,24,2121,FIXTURE
21-1023,25,2414,FIXTURE
21-1023,26,3460,FIXTURE
21-1023,27,1959,FIXTURE
21-1023,28,1017,FIXTURE
21-1023,29,2113,FIXTURE
21-1023,30,372,FIXTURE
21-1023,31,674,FIXTURE
21-1023,32,1066,FIXTURE
21-1023,33,473,FIXTURE
21-1023,34,3190,FIXTURE
21-1023,35,727,FIXTURE
21-1023,36,6936,FIXTURE
21-1023,37,3585,FIXTURE
21-1023,38,267,FIXTURE
21-1023,39,4052,FIXTURE
21-1023,40,1360,FIXTURE
21-1023,41,1455,FIXTURE
21-1023,42,4465,FIXTURE
21-1023,44,377,FIXTURE
21-1023,45,1757,FIXTURE
21-1023,46,304,FIXTURE
21-1023,47,2373,FIXTURE
21-1023,48,10008,FIXTURE
21-1023,49,1123,FIXTURE
21-1023,50,221,FIXTURE
21-1023,51,2964,FIXTURE
21-1023,53,2646,FIXTURE
21-1023,54,616,FIXTURE
21-1023,55,2024,FIXTURE
21-1023,56,198,FIXTURE
21-1029,01,754,FIXTURE
21-1029,02,110,FIXTURE
21-1029,04,1073,FIXTURE
21-1029,05,452,FIXTURE
21-1029,06,5932,FIXTURE
21-1029,08,866,FIXTURE
21-1029,09,541,FIXTURE
21-1029,10,149,FIXTURE
21-1029,11,103,FIXTURE
21-1029,12,3232,FIXTURE
21-1029,13,1607,FIXTURE
21-1029,15,218,FIXTURE
21-1029,16,276,FIXTURE
21-1029,17,1922,FIXTURE
21-1029,18,1018,FIXTURE
21-1029,19,479,FIXTURE
21-1029,20,441,FIXTURE
21-1029,21,676,FIXTURE
21-1029,22,699,FIXTURE
21-1029,23,204,FIXTURE
21-1029,24,927,FIXTURE
21-1029,25,1055,FIXTURE
21-1029,26,1512,FIXTURE
21-1029,27,856,FIXTURE
21-1029,28,444,FIXTURE
21-1029,29,923,FIXTURE
21-1029,30,163,FIXTURE
21-1029,31,294,FIXTURE
21-1029,32,466,FIXTURE
21-1029,33,207,FIXTURE
21-1029,34,1394,FIXTURE
21-1029,35,318,FIXTURE
21-1029,36,3031,FIXTURE
21-1029,37,1566,FIXTURE
21-1029,38,117,FIXTURE
21-1029,39,1770,FIXTURE
21-1029,40,594,FIXTURE
21-1029,41,636,FIXTURE
21-1029,42,1951,FIXTURE
21-1029,44,165,FIXTURE
21-1029,45,768,FIXTURE
21-1029,46,133,FIXTURE
21-1029,47,1037,FIXTURE
21-1029,48,4373,FIXTURE
21-1029,49,491,FIXTURE
21-1029,50,96,FIXTURE
21-1029,51,1295,FIXTURE
21-1029,53,1156,FIXTURE
21-1029,54,269,FIXTURE
21-1029,55,884,FIXTURE
21-1029,56,87,FIXTURE
21-1091,01,846,FIXTURE
21-1091,02,124,FIXTURE
21-1091,04,1205,FIXTURE
21-1091,05,507,FIXTURE
21-1091,06,6660,FIXTURE
21-1091,08,973,FIXTURE
21-1091,09,607,FIXTURE
21-1091,10,167,FIXTURE
21-1091,11,116,FIXTURE
21-1091,12,3628,FIXTURE
21-1091,13,1804,FIXTURE
21-1091,15,245,FIXTURE
21-1091,16,310,FIXTURE
21-1091,17,2158,FIXTURE
21-1091,18,1143,FIXTURE
21-1091,19,537,FIXTURE
21-1091,20,495,FIXTURE
21-1091,21,759,FIXTURE
21-1091,22,785,FIXTURE
21-1091,23,229,FIXTURE
21-1091,24,1041,FIXTURE
21-1091,25,1184,FIXTURE
21-1091,26,1697,FIXTURE
21-1091,27,961,FIXTURE
21-1091,28,499,FIXTURE
21-1091,29,1037,FIXTURE
21-1091,30,183,FIXTURE
21-1091,31,330,FIXTURE
21-1091,32,523,FIXTURE
21-1091,33,232,FIXTURE
21-1091,34,1565,FIXTURE
21-1091,35,357,FIXTURE
21-1091,36,3403,FIXTURE
21-1091,37,1758,FIXTURE
21-1091,38,131,FIXTURE
21-1091,39,1988,FIXTURE
21-1091,40,667,FIXTURE
21-1091,41,714,FIXTURE
21-1091,42,2190,FIXTURE
21-1091,44,185,FIXTURE
21-1091,45,862,FIXTURE
21-1091,46,149,FIXTURE
21-1091,47,1164,FIXTURE
21-1091,48,4909,FIXTURE
21-1091,49,551,FIXTURE
21-1091,50,108,FIXTURE
21-1091,51,1454,FIXTURE
21-1091,53,1298,FIXTURE
21-1091,54,302,FIXTURE
21-1091,55,993,FIXTURE
21-1091,56,97,FIXTURE
21-1092,01,1397,FIXTURE
21-1092,02,204,FIXTURE
21-1092,04,1988,FIXTURE
21-1092,05,837,FIXTURE
21-1092,06,10991,FIXTURE
21-1092,08,1605,FIXTURE
21-1092,09,1002,FIXTURE
21-1092,10,275,FIXTURE
21-1092,11,192,FIXTURE
21-1092,12,5987,FIXTURE
21-1092,13,2978,FIXTURE
21-1092,15,405,FIXTURE
21-1092,16,511,FIXTURE
21-1092,17,3562,FIXTURE
21-1092,18,1886,FIXTURE
21-1092,19,887,FIXTURE
21-1092,20,817,FIXTURE
21-1092,21,1253,FIXTURE
21-1092,22,1295,FIXTURE
21-1092,23,379,FIXTURE
21-1092,24,1717,FIXTURE
21-1092,25,1954,FIXTURE
21-1092,26,2801,FIXTURE
21-1092,27,1586,FIXTURE
21-1092,28,823,FIXTURE
21-1092,29,1711,FIXTURE
21-1092,30,301,FIXTURE
21-1092,31,545,FIXTURE
21-1092,32,863,FIXTURE
21-1092,33,383,FIXTURE
21-1092,34,2582,FIXTURE
21-1092,35,589,FIXTURE
21-1092,36,5616,FIXTURE
21-1092,37,2902,FIXTURE
21-1092,38,217,FIXTURE
21-1092,39,3280,FIXTURE
21-1092,40,1101,FIXTURE
21-1092,41,1178,FIXTURE
21-1092,42,3615,FIXTURE
21-1092,44,305,FIXTURE
21-1092,45,1423,FIXTURE
21-1092,46,247,FIXTURE
21-1092,47,1921,FIXTURE
21-1092,48,8102,FIXTURE
21-1092,49,910,FIXTURE
21-1092,50,179,FIXTURE
21-1092,51,2399,FIXTURE
21-1092,53,2142,FIXTURE
21-1092,54,499,FIXTURE
21-1092,55,1638,FIXTURE
21-1092,56,160,FIXTURE
21-1093,01,6039,FIXTURE
21-1093,02,881,FIXTURE
21-1093,04,8596,FIXTURE
21-1093,05,3620,FIXTURE
21-1093,06,47522,FIXTURE
21-1093,08,6940,FIXTURE
21-1093,09,4334,FIXTURE
21-1093,10,1190,FIXTURE
21-1093,11,829,FIXTURE
21-1093,12,25887,FIXTURE
21-1093,13,12875,FIXTURE
21-1093,15,1749,FIXTURE
21-1093,16,2210,FIXTURE
21-1093,17,15400,FIXTURE
21-1093,18,8156,FIXTURE
21-1093,19,3835,FIXTURE
21-1093,20,3531,FIXTURE
21-1093,21,5416,FIXTURE
21-1093,22,5598,FIXTURE
21-1093,23,1637,FIXTURE
21-1093,24,7425,FIXTURE
21-1093,25,8450,FIXTURE
21-1093,26,12112,FIXTURE
21-1093,27,6859,FIXTURE
21-1093,28,3559,FIXTURE
21-1093,29,7398,FIXTURE
21-1093,30,1303,FIXTURE
21-1093,31,2358,FIXTURE
21-1093,32,3732,FIXTURE
21-1093,33,1656,FIXTURE
21-1093,34,11165,FIXTURE
21-1093,35,2545,FIXTURE
21-1093,36,24281,FIXTURE
21-1093,37,12547,FIXTURE
21-1093,38,936,FIXTURE
21-1093,39,14182,FIXTURE
21-1093,40,4759,FIXTURE
21-1093,41,5093,FIXTURE
21-1093,42,15628,FIXTURE
21-1093,44,1319,FIXTURE
21-1093,45,6152,FIXTURE
21-1093,46,1066,FIXTURE
21-1093,47,8306,FIXTURE
21-1093,48,35031,FIXTURE
21-1093,49,3932,FIXTURE
21-1093,50,773,FIXTURE
21-1093,51,10374,FIXTURE
21-1093,53,9261,FIXTURE
21-1093,54,2156,FIXTURE
21-1093,55,7084,FIXTURE
21-1093,56,693,FIXTURE
21-1094,01,925,FIXTURE
21-1094,02,135,FIXTURE
21-1094,04,1316,FIXTURE
21-1094,05,554,FIXTURE
21-1094,06,7278,FIXTURE
21-1094,08,1063,FIXTURE
21-1094,09,664,FIXTURE
21-1094,10,182,FIXTURE
21-1094,11,127,FIXTURE
21-1094,12,3965,FIXTURE
21-1094,13,1972,FIXTURE
21-1094,15,268,FIXTURE
21-1094,16,339,FIXTURE
21-1094,17,2358,FIXTURE
21-1094,18,1249,FIXTURE
21-1094,19,587,FIXTURE
21-1094,20,541,FIXTURE
21-1094,21,829,FIXTURE
21-1094,22,857,FIXTURE
21-1094,23,251,FIXTURE
21-1094,24,1137,FIXTURE
21-1094,25,1294,FIXTURE
21-1094,26,1855,FIXTURE
21-1094,27,1050,FIXTURE
21-1094,28,545,FIXTURE
21-1094,29,1133,FIXTURE
21-1094,30,200,FIXTURE
21-1094,31,361,FIXTURE
21-1094,32,572,FIXTURE
21-1094,33,254,FIXTURE
21-1094,34,1710,FIXTURE
21-1094,35,390,FIXTURE
21-1094,36,3718,FIXTURE
21-1094,37,1922,FIXTURE
21-1094,38,143,FIXTURE
21-1094,39,2172,FIXTURE
21-1094,40,729,FIXTURE
21-1094,41,780,FIXTURE
21-1094,42,2393,FIXTURE
21-1094,44,202,FIXTURE
21-1094,45,942,FIXTURE
21-1094,46,163,FIXTURE
21-1094,47,1272,FIXTURE
21-1094,48,5365,FIXTURE
21-1094,49,602,FIXTURE
21-1094,50,118,FIXTURE
21-1094,51,1589,FIXTURE
21-1094,53,1418,FIXTURE
21-1094,54,330,FIXTURE
21-1094,55,1085,FIXTURE
21-1094,56,106,FIXTURE
21-1099,01,1376,FIXTURE
21-1099,02,201,FIXTURE
21-1099,04,1958,FIXTURE
21-1099,05,825,FIXTURE
21-1099,06,10828,FIXTURE
21-1099,08,1581,FIXTURE
21-1099,09,987,FIXTURE
21-1099,10,271,FIXTURE
21-1099,11,189,FIXTURE
21-1099,12,5898,FIXTURE
21-1099,13,2934,FIXTURE
21-1099,15,398,FIXTURE
21-1099,16,504,FIXTURE
21-1099,17,3509,FIXTURE
21-1099,18,1858,FIXTURE
21-1099,19,874,FIXTURE
21-1099,20,805,FIXTURE
21-1099,21,1234,FIXTURE
21-1099,22,1276,FIXTURE
21-1099,23,373,FIXTURE
21-1099,24,1692,FIXTURE
21-1099,25,1925,FIXTURE
21-1099,26,2760,FIXTURE
21-1099,27,1563,FIXTURE
21-1099,28,811,FIXTURE
21-1099,29,1686,FIXTURE
21-1099,30,297,FIXTURE
21-1099,31,537,FIXTURE
21-1099,32,850,FIXTURE
21-1099,33,377,FIXTURE
21-1099,34,2544,FIXTURE
21-1099,35,580,FIXTURE
21-1099,36,5532,FIXTURE
21-1099,37,2859,FIXTURE
21-1099,38,213,FIXTURE
21-1099,39,3231,FIXTURE
21-1099,40,1084,FIXTURE
21-1099,41,1160,FIXTURE
21-1099,42,3561,FIXTURE
21-1099,44,300,FIXTURE
21-1099,45,1402,FIXTURE
21-1099,46,243,FIXTURE
21-1099,47,1893,FIXTURE
21-1099,48,7982,FIXTURE
21-1099,49,896,FIXTURE
21-1099,50,176,FIXTURE
21-1099,51,2364,FIXTURE
21-1099,53,2110,FIXTURE
21-1099,54,491,FIXTURE
21-1099,55,1614,FIXTURE
21-1099,56,158,FIXTURE
21-2011,01,770,FIXTURE
21-2011,02,112,FIXTURE
21-2011,04,1096,FIXTURE
21-2011,05,461,FIXTURE
21-2011,06,6059,FIXTURE
21-2011,08,885,FIXTURE
21-2011,09,553,FIXTURE
21-2011,10,152,FIXTURE
21-2011,11,106,FIXTURE
21-2011,12,3300,FIXTURE
21-2011,13,1641,FIXTURE
21-2011,15,223,FIXTURE
21-2011,16,282,FIXTURE
21-2011,17,1963,FIXTURE
21-2011,18,1040,FIXTURE
21-2011,19,489,FIXTURE
21-2011,20,450,FIXTURE
21-2011,21,690,FIXTURE
21-2011,22,714,FIXTURE
21-2011,23,209,FIXTURE
21-2011,24,947,FIXTURE
21-2011,25,1077,FIXTURE
21-2011,26,1544,FIXTURE
21-2011,27,874,FIXTURE
21-2011,28,454,FIXTURE
21-2011,29,943,FIXTURE
21-2011,30,166,FIXTURE
21-2011,31,301,FIXTURE
21-2011,32,476,FIXTURE
21-2011,33,211,FIXTURE
21-2011,34,1423,FIXTURE
21-2011,35,324,FIXTURE
21-2011,36,3096,FIXTURE
21-2011,37,1600,FIXTURE
21-2011,38,119,FIXTURE
21-2011,39,1808,FIXTURE
21-2011,40,607,FIXTURE
21-2011,41,649,FIXTURE
21-2011,42,1993,FIXTURE
21-2011,44,168,FIXTURE
21-2011,45,784,FIXTURE
21-2011,46,136,FIXTURE
21-2011,47,1059,FIXTURE
21-2011,48,4466,FIXTURE
21-2011,49,501,FIXTURE
21-2011,50,99,FIXTURE
21-2011,51,1323,FIXTURE
21-2011,53,1181,FIXTURE
21-2011,54,275,FIXTURE
21-2011,55,903,FIXTURE
21-2011,56,88,FIXTURE
21-2021,01,318,FIXTURE
21-2021,02,46,FIXTURE
21-2021,04,453,FIXTURE
21-2021,05,191,FIXTURE
21-2021,06,2505,FIXTURE
21-2021,08,366,FIXTURE
21-2021,09,228,FIXTURE
21-2021,10,63,FIXTURE
21-2021,11,44,FIXTURE
21-2021,12,1365,FIXTURE
21-2021,13,679,FIXTURE
21-2021,15,92,FIXTURE
21-2021,16,117,FIXTURE
21-2021,17,812,FIXTURE
21-2021,18,430,FIXTURE
21-2021,19,202,FIXTURE
21-2021,20,186,FIXTURE
21-2021,21,285,FIXTURE
21-2021,22,295,FIXTURE
21-2021,23,86,FIXTURE
21-2021,24,391,FIXTURE
21-2021,25,445,FIXTURE
21-2021,26,638,FIXTURE
21-2021,27,362,FIXTURE
21-2021,28,188,FIXTURE
21-2021,29,390,FIXTURE
21-2021,30,69,FIXTURE
21-2021,31,124,FIXTURE
21-2021,32,197,FIXTURE
21-2021,33,87,FIXTURE
21-2021,34,589,FIXTURE
21-2021,35,134,FIXTURE
21-2021,36,1280,FIXTURE
21-2021,37,661,FIXTURE
21-2021,38,49,FIXTURE
21-2021,39,748,FIXTURE
21-2021,40,251,FIXTURE
21-2021,41,268,FIXTURE
21-2021,42,824,FIXTURE
21-2021,44,70,FIXTURE
21-2021,45,324,FIXTURE
21-2021,46,56,FIXTURE
21-2021,47,438,FIXTURE
21-2021,48,1847,FIXTURE
21-2021,49,207,FIXTURE
21-2021,50,41,FIXTURE
21-2021,51,547,FIXTURE
21-2021,53,488,FIXTURE
21-2021,54,114,FIXTURE
21-2021,55,373,FIXTURE
21-2021,56,37,FIXTURE
21-2099,01,159,FIXTURE
21-2099,02,23,FIXTURE
21-2099,04,226,FIXTURE
21-2099,05,95,FIXTURE
21-2099,06,1251,FIXTURE
21-2099,08,183,FIXTURE
21-2099,09,114,FIXTURE
21-2099,10,31,FIXTURE
21-2099,11,22,FIXTURE
21-2099,12,682,FIXTURE
21-2099,13,339,FIXTURE
21-2099,15,46,FIXTURE
21-2099,16,58,FIXTURE
21-2099,17,406,FIXTURE
21-2099,18,215,FIXTURE
21-2099,19,101,FIXTURE
21-2099,20,93,FIXTURE
21-2099,21,143,FIXTURE
21-2099,22,147,FIXTURE
21-2099,23,43,FIXTURE
21-2099,24,196,FIXTURE
21-2099,25,222,FIXTURE
21-2099,26,319,FIXTURE
21-2099,27,181,FIXTURE
21-2099,28,94,FIXTURE
21-2099,29,195,FIXTURE
21-2099,30,34,FIXTURE
21-2099,31,62,FIXTURE
21-2099,32,98,FIXTURE
21-2099,33,44,FIXTURE
21-2099,34,294,FIXTURE
21-2099,35,67,FIXTURE
21-2099,36,639,FIXTURE
21-2099,37,330,FIXTURE
21-2099,38,25,FIXTURE
21-2099,39,373,FIXTURE
21-2099,40,125,FIXTURE
21-2099,41,134,FIXTURE
21-2099,42,412,FIXTURE
21-2099,44,35,FIXTURE
21-2099,45,162,FIXTURE
21-2099,46,28,FIXTURE
21-2099,47,219,FIXTURE
21-2099,48,922,FIXTURE
21-2099,49,104,FIXTURE
21-2099,50,20,FIXTURE
21-2099,51,273,FIXTURE
21-2099,53,244,FIXTURE
21-2099,54,57,FIXTURE
21-2099,55,187,FIXTURE
21-2099,56,18,FIXTURE
23-1011,01,10323,FIXTURE
23-1011,02,1507,FIXTURE
23-1011,04,14694,FIXTURE
23-1011,05,6188,FIXTURE
23-1011,06,81237,FIXTURE
23-1011,08,11863,FIXTURE
23-1011,09,7409,FIXTURE
23-1011,10,2034,FIXTURE
23-1011,11,1417,FIXTURE
23-1011,12,44253,FIXTURE
23-1011,13,22009,FIXTURE
23-1011,15,2990,FIXTURE
23-1011,16,3779,FIXTURE
23-1011,17,26325,FIXTURE
23-1011,18,13942,FIXTURE
23-1011,19,6555,FIXTURE
23-1011,20,6036,FIXTURE
23-1011,21,9258,FIXTURE
23-1011,22,9570,FIXTURE
23-1011,23,2799,FIXTURE
23-1011,24,12692,FIXTURE
23-1011,25,14444,FIXTURE
23-1011,26,20705,FIXTURE
23-1011,27,11725,FIXTURE
23-1011,28,6084,FIXTURE
23-1011,29,12646,FIXTURE
23-1011,30,2228,FIXTURE
23-1011,31,4030,FIXTURE
23-1011,32,6379,FIXTURE
23-1011,33,2830,FIXTURE
23-1011,34,19086,FIXTURE
23-1011,35,4351,FIXTURE
23-1011,36,41506,FIXTURE
23-1011,37,21449,FIXTURE
23-1011,38,1601,FIXTURE
23-1011,39,24244,FIXTURE
23-1011,40,8135,FIXTURE
23-1011,41,8706,FIXTURE
23-1011,42,26716,FIXTURE
23-1011,44,2255,FIXTURE
23-1011,45,10517,FIXTURE
23-1011,46,1822,FIXTURE
23-1011,47,14199,FIXTURE
23-1011,48,59884,FIXTURE
23-1011,49,6722,FIXTURE
23-1011,50,1321,FIXTURE
23-1011,51,17734,FIXTURE
23-1011,53,15832,FIXTURE
23-1011,54,3685,FIXTURE
23-1011,55,12109,FIXTURE
23-1011,56,1185,FIXTURE
23-1012,01,224,FIXTURE
23-1012,02,33,FIXTURE
23-1012,04,319,FIXTURE
23-1012,05,134,FIXTURE
23-1012,06,1765,FIXTURE
23-1012,08,258,FIXTURE
23-1012,09,161,FIXTURE
23-1012,10,44,FIXTURE
23-1012,11,31,FIXTURE
23-1012,12,962,FIXTURE
23-1012,13,478,FIXTURE
23-1012,15,65,FIXTURE
23-1012,16,82,FIXTURE
23-1012,17,572,FIXTURE
23-1012,18,303,FIXTURE
23-1012,19,142,FIXTURE
23-1012,20,131,FIXTURE
23-1012,21,201,FIXTURE
23-1012,22,208,FIXTURE
23-1012,23,61,FIXTURE
23-1012,24,276,FIXTURE
23-1012,25,314,FIXTURE
23-1012,26,450,FIXTURE
23-1012,27,255,FIXTURE
23-1012,28,132,FIXTURE
23-1012,29,275,FIXTURE
23-1012,30,48,FIXTURE
23-1012,31,88,FIXTURE
23-1012,32,139,FIXTURE
23-1012,33,61,FIXTURE
23-1012,34,415,FIXTURE
23-1012,35,95,FIXTURE
23-1012,36,902,FIXTURE
23-1012,37,466,FIXTURE
23-1012,38,35,FIXTURE
23-1012,39,527,FIXTURE
23-1012,40,177,FIXTURE
23-1012,41,189,FIXTURE
23-1012,42,581,FIXTURE
23-1012,44,49,FIXTURE
23-1012,45,229,FIXTURE
23-1012,46,40,FIXTURE
23-1012,47,309,FIXTURE
23-1012,48,1301,FIXTURE
23-1012,49,146,FIXTURE
23-1012,50,29,FIXTURE
23-1012,51,385,FIXTURE
23-1012,53,344,FIXTURE
23-1012,54,80,FIXTURE
23-1012,55,263,FIXTURE
23-1012,56,26,FIXTURE
23-1021,01,210,FIXTURE
23-1021,02,31,FIXTURE
23-1021,04,299,FIXTURE
23-1021,05,126,FIXTURE
23-1021,06,1651,FIXTURE
23-1021,08,241,FIXTURE
23-1021,09,151,FIXTURE
23-1021,10,41,FIXTURE
23-1021,11,29,FIXTURE
23-1021,12,899,FIXTURE
23-1021,13,447,FIXTURE
23-1021,15,61,FIXTURE
23-1021,16,77,FIXTURE
23-1021,17,535,FIXTURE
23-1021,18,283,FIXTURE
23-1021,19,133,FIXTURE
23-1021,20,123,FIXTURE
23-1021,21,188,FIXTURE
23-1021,22,194,FIXTURE
23-1021,23,57,FIXTURE
23-1021,24,258,FIXTURE
23-1021,25,293,FIXTURE
23-1021,26,421,FIXTURE
23-1021,27,238,FIXTURE
23-1021,28,124,FIXTURE
23-1021,29,257,FIXTURE
23-1021,30,45,FIXTURE
23-1021,31,82,FIXTURE
23-1021,32,130,FIXTURE
23-1021,33,57,FIXTURE
23-1021,34,388,FIXTURE
23-1021,35,88,FIXTURE
23-1021,36,843,FIXTURE
23-1021,37,436,FIXTURE
23-1021,38,32,FIXTURE
23-1021,39,493,FIXTURE
23-1021,40,165,FIXTURE
23-1021,41,177,FIXTURE
23-1021,42,543,FIXTURE
23-1021,44,46,FIXTURE
23-1021,45,214,FIXTURE
23-1021,46,37,FIXTURE
23-1021,47,289,FIXTURE
23-1021,48,1217,FIXTURE
23-1021,49,137,FIXTURE
23-1021,50,27,FIXTURE
23-1021,51,360,FIXTURE
23-1021,53,322,FIXTURE
23-1021,54,75,FIXTURE
23-1021,55,246,FIXTURE
23-1021,56,24,FIXTURE
23-1022,01,111,FIXTURE
23-1022,02,16,FIXTURE
23-1022,04,158,FIXTURE
23-1022,05,66,FIXTURE
23-1022,06,873,FIXTURE
23-1022,08,127,FIXTURE
23-1022,09,80,FIXTURE
23-1022,10,22,FIXTURE
23-1022,11,15,FIXTURE
23-1022,12,476,FIXTURE
23-1022,13,237,FIXTURE
23-1022,15,32,FIXTURE
23-1022,16,41,FIXTURE
23-1022,17,283,FIXTURE
23-1022,18,150,FIXTURE
23-1022,19,70,FIXTURE
23-1022,20,65,FIXTURE
23-1022,21,99,FIXTURE
23-1022,22,103,FIXTURE
23-1022,23,30,FIXTURE
23-1022,24,136,FIXTURE
23-1022,25,155,FIXTURE
23-1022,26,223,FIXTURE
23-1022,27,126,FIXTURE
23-1022,28,65,FIXTURE
23-1022,29,136,FIXTURE
23-1022,30,24,FIXTURE
23-1022,31,43,FIXTURE
23-1022,32,69,FIXTURE
23-1022,33,30,FIXTURE
23-1022,34,205,FIXTURE
23-1022,35,47,FIXTURE
23-1022,36,446,FIXTURE
23-1022,37,231,FIXTURE
23-1022,38,17,FIXTURE
23-1022,39,261,FIXTURE
23-1022,40,87,FIXTURE
23-1022,41,94,FIXTURE
23-1022,42,287,FIXTURE
23-1022,44,24,FIXTURE
23-1022,45,113,FIXTURE
23-1022,46,20,FIXTURE
23-1022,47,153,FIXTURE
23-1022,48,644,FIXTURE
23-1022,49,72,FIXTURE
23-1022,50,14,FIXTURE
23-1022,51,191,FIXTURE
23-1022,53,170,FIXTURE
23-1022,54,40,FIXTURE
23-1022,55,130,FIXTURE
23-1022,56,13,FIXTURE
23-1023,01,421,FIXTURE
23-1023,02,62,FIXTURE
23-1023,04,600,FIXTURE
23-1023,05,253,FIXTURE
23-1023,06,3315,FIXTURE
23-1023,08,484,FIXTURE
23-1023,09,302,FIXTURE
23-1023,10,83,FIXTURE
23-1023,11,58,FIXTURE
23-1023,12,1806,FIXTURE
23-1023,13,898,FIXTURE
23-1023,15,122,FIXTURE
23-1023,16,154,FIXTURE
23-1023,17,1074,FIXTURE
23-1023,18,569,FIXTURE
23-1023,19,268,FIXTURE
23-1023,20,246,FIXTURE
23-1023,21,378,FIXTURE
23-1023,22,391,FIXTURE
23-1023,23,114,FIXTURE
23-1023,24,518,FIXTURE
23-1023,25,589,FIXTURE
23-1023,26,845,FIXTURE
23-1023,27,479,FIXTURE
23-1023,28,248,FIXTURE
23-1023,29,516,FIXTURE
23-1023,30,91,FIXTURE
23-1023,31,165,FIXTURE
23-1023,32,260,FIXTURE
23-1023,33,116,FIXTURE
23-1023,34,779,FIXTURE
23-1023,35,178,FIXTURE
23-1023,36,1694,FIXTURE
23-1023,37,875,FIXTURE
23-1023,38,65,FIXTURE
23-1023,39,989,FIXTURE
23-1023,40,332,FIXTURE
23-1023,41,355,FIXTURE
23-1023,42,1090,FIXTURE
23-1023,44,92,FIXTURE
23-1023,45,429,FIXTURE
23-1023,46,74,FIXTURE
23-1023,47,579,FIXTURE
23-1023,48,2444,FIXTURE
23-1023,49,274,FIXTURE
23-1023,50,54,FIXTURE
23-1023,51,724,FIXTURE
23-1023,53,646,FIXTURE
23-1023,54,150,FIXTURE
23-1023,55,494,FIXTURE
23-1023,56,48,FIXTURE
23-2011,01,5097,FIXTURE
23-2011,02,744,FIXTURE
23-2011,04,7255,FIXTURE
23-2011,05,3055,FIXTURE
23-2011,06,40111,FIXTURE
23-2011,08,5857,FIXTURE
23-2011,09,3658,FIXTURE
23-2011,10,1004,FIXTURE
23-2011,11,700,FIXTURE
23-2011,12,21850,FIXTURE
23-2011,13,10867,FIXTURE
23-2011,15,1476,FIXTURE
23-2011,16,1866,FIXTURE
23-2011,17,12998,FIXTURE
23-2011,18,6884,FIXTURE
23-2011,19,3237,FIXTURE
23-2011,20,2980,FIXTURE
23-2011,21,4571,FIXTURE
23-2011,22,4725,FIXTURE
23-2011,23,1382,FIXTURE
23-2011,24,6267,FIXTURE
23-2011,25,7132,FIXTURE
23-2011,26,10223,FIXTURE
23-2011,27,5789,FIXTURE
23-2011,28,3004,FIXTURE
23-2011,29,6244,FIXTURE
23-2011,30,1100,FIXTURE
23-2011,31,1990,FIXTURE
23-2011,32,3150,FIXTURE
23-2011,33,1397,FIXTURE
23-2011,34,9424,FIXTURE
23-2011,35,2148,FIXTURE
23-2011,36,20494,FIXTURE
23-2011,37,10591,FIXTURE
23-2011,38,790,FIXTURE
23-2011,39,11970,FIXTURE
23-2011,40,4017,FIXTURE
23-2011,41,4299,FIXTURE
23-2011,42,13191,FIXTURE
23-2011,44,1113,FIXTURE
23-2011,45,5193,FIXTURE
23-2011,46,900,FIXTURE
23-2011,47,7011,FIXTURE
23-2011,48,29568,FIXTURE
23-2011,49,3319,FIXTURE
23-2011,50,652,FIXTURE
23-2011,51,8756,FIXTURE
23-2011,53,7817,FIXTURE
23-2011,54,1820,FIXTURE
23-2011,55,5979,FIXTURE
23-2011,56,585,FIXTURE
23-2093,01,774,FIXTURE
23-2093,02,113,FIXTURE
23-2093,04,1101,FIXTURE
23-2093,05,464,FIXTURE
23-2093,06,6088,FIXTURE
23-2093,08,889,FIXTURE
23-2093,09,555,FIXTURE
23-2093,10,152,FIXTURE
23-2093,11,106,FIXTURE
23-2093,12,3317,FIXTURE
23-2093,13,1650,FIXTURE
23-2093,15,224,FIXTURE
23-2093,16,283,FIXTURE
23-2093,17,1973,FIXTURE
23-2093,18,1045,FIXTURE
23-2093,19,491,FIXTURE
23-2093,20,452,FIXTURE
23-2093,21,694,FIXTURE
23-2093,22,717,FIXTURE
23-2093,23,210,FIXTURE
23-2093,24,951,FIXTURE
23-2093,25,1083,FIXTURE
23-2093,26,1552,FIXTURE
23-2093,27,879,FIXTURE
23-2093,28,456,FIXTURE
23-2093,29,948,FIXTURE
23-2093,30,167,FIXTURE
23-2093,31,302,FIXTURE
23-2093,32,478,FIXTURE
23-2093,33,212,FIXTURE
23-2093,34,1430,FIXTURE
23-2093,35,326,FIXTURE
23-2093,36,3111,FIXTURE
23-2093,37,1608,FIXTURE
23-2093,38,120,FIXTURE
23-2093,39,1817,FIXTURE
23-2093,40,610,FIXTURE
23-2093,41,652,FIXTURE
23-2093,42,2002,FIXTURE
23-2093,44,169,FIXTURE
23-2093,45,788,FIXTURE
23-2093,46,137,FIXTURE
23-2093,47,1064,FIXTURE
23-2093,48,4488,FIXTURE
23-2093,49,504,FIXTURE
23-2093,50,99,FIXTURE
23-2093,51,1329,FIXTURE
23-2093,53,1187,FIXTURE
23-2093,54,276,FIXTURE
23-2093,55,908,FIXTURE
23-2093,56,89,FIXTURE
23-2099,01,699,FIXTURE
23-2099,02,102,FIXTURE
23-2099,04,994,FIXTURE
23-2099,05,419,FIXTURE
23-2099,06,5498,FIXTURE
23-2099,08,803,FIXTURE
23-2099,09,501,FIXTURE
23-2099,10,138,FIXTURE
23-2099,11,96,FIXTURE
23-2099,12,2995,FIXTURE
23-2099,13,1490,FIXTURE
23-2099,15,202,FIXTURE
23-2099,16,256,FIXTURE
23-2099,17,1782,FIXTURE
23-2099,18,944,FIXTURE
23-2099,19,444,FIXTURE
23-2099,20,408,FIXTURE
23-2099,21,627,FIXTURE
23-2099,22,648,FIXTURE
23-2099,23,189,FIXTURE
23-2099,24,859,FIXTURE
23-2099,25,977,FIXTURE
23-2099,26,1401,FIXTURE
23-2099,27,793,FIXTURE
23-2099,28,412,FIXTURE
23-2099,29,856,FIXTURE
23-2099,30,151,FIXTURE
23-2099,31,273,FIXTURE
23-2099,32,432,FIXTURE
23-2099,33,191,FIXTURE
23-2099,34,1292,FIXTURE
23-2099,35,294,FIXTURE
23-2099,36,2809,FIXTURE
23-2099,37,1452,FIXTURE
23-2099,38,108,FIXTURE
23-2099,39,1641,FIXTURE
23-2099,40,551,FIXTURE
23-2099,41,589,FIXTURE
23-2099,42,1808,FIXTURE
23-2099,44,153,FIXTURE
23-2099,45,712,FIXTURE
23-2099,46,123,FIXTURE
23-2099,47,961,FIXTURE
23-2099,48,4053,FIXTURE
23-2099,49,455,FIXTURE
23-2099,50,89,FIXTURE
23-2099,51,1200,FIXTURE
23-2099,53,1071,FIXTURE
23-2099,54,249,FIXTURE
23-2099,55,820,FIXTURE
23-2099,56,80,FIXTURE
25-1011,01,1207,FIXTURE
25-1011,02,176,FIXTURE
25-1011,04,1718,FIXTURE
25-1011,05,724,FIXTURE
25-1011,06,9500,FIXTURE
25-1011,08,1387,FIXTURE
25-1011,09,866,FIXTURE
25-1011,10,238,FIXTURE
25-1011,11,166,FIXTURE
25-1011,12,5175,FIXTURE
25-1011,13,2574,FIXTURE
25-1011,15,350,FIXTURE
25-1011,16,442,FIXTURE
25-1011,17,3079,FIXTURE
25-1011,18,1630,FIXTURE
25-1011,19,767,FIXTURE
25-1011,20,706,FIXTURE
25-1011,21,1083,FIXTURE
25-1011,22,1119,FIXTURE
25-1011,23,327,FIXTURE
25-1011,24,1484,FIXTURE
25-1011,25,1689,FIXTURE
25-1011,26,2421,FIXTURE
25-1011,27,1371,FIXTURE
25-1011,28,712,FIXTURE
25-1011,29,1479,FIXTURE
25-1011,30,261,FIXTURE
25-1011,31,471,FIXTURE
25-1011,32,746,FIXTURE
25-1011,33,331,FIXTURE
25-1011,34,2232,FIXTURE
25-1011,35,509,FIXTURE
25-1011,36,4854,FIXTURE
25-1011,37,2508,FIXTURE
25-1011,38,187,FIXTURE
25-1011,39,2835,FIXTURE
25-1011,40,951,FIXTURE
25-1011,41,1018,FIXTURE
25-1011,42,3124,FIXTURE
25-1011,44,264,FIXTURE
25-1011,45,1230,FIXTURE
25-1011,46,213,FIXTURE
25-1011,47,1661,FIXTURE
25-1011,48,7003,FIXTURE
25-1011,49,786,FIXTURE
25-1011,50,155,FIXTURE
25-1011,51,2074,FIXTURE
25-1011,53,1851,FIXTURE
25-1011,54,431,FIXTURE
25-1011,55,1416,FIXTURE
25-1011,56,139,FIXTURE
25-1021,01,570,FIXTURE
25-1021,02,83,FIXTURE
25-1021,04,811,FIXTURE
25-1021,05,342,FIXTURE
25-1021,06,4485,FIXTURE
25-1021,08,655,FIXTURE
25-1021,09,409,FIXTURE
25-1021,10,112,FIXTURE
25-1021,11,78,FIXTURE
25-1021,12,2443,FIXTURE
25-1021,13,1215,FIXTURE
25-1021,15,165,FIXTURE
25-1021,16,209,FIXTURE
25-1021,17,1453,FIXTURE
25-1021,18,770,FIXTURE
25-1021,19,362,FIXTURE
25-1021,20,333,FIXTURE
25-1021,21,511,FIXTURE
25-1021,22,528,FIXTURE
25-1021,23,155,FIXTURE
25-1021,24,701,FIXTURE
25-1021,25,798,FIXTURE
25-1021,26,1143,FIXTURE
25-1021,27,647,FIXTURE
25-1021,28,336,FIXTURE
25-1021,29,698,FIXTURE
25-1021,30,123,FIXTURE
25-1021,31,223,FIXTURE
25-1021,32,352,FIXTURE
25-1021,33,156,FIXTURE
25-1021,34,1054,FIXTURE
25-1021,35,240,FIXTURE
25-1021,36,2292,FIXTURE
25-1021,37,1184,FIXTURE
25-1021,38,88,FIXTURE
25-1021,39,1339,FIXTURE
25-1021,40,449,FIXTURE
25-1021,41,481,FIXTURE
25-1021,42,1475,FIXTURE
25-1021,44,125,FIXTURE
25-1021,45,581,FIXTURE
25-1021,46,101,FIXTURE
25-1021,47,784,FIXTURE
25-1021,48,3306,FIXTURE
25-1021,49,371,FIXTURE
25-1021,50,73,FIXTURE
25-1021,51,979,FIXTURE
25-1021,53,874,FIXTURE
25-1021,54,204,FIXTURE
25-1021,55,669,FIXTURE
25-1021,56,65,FIXTURE
25-1022,01,669,FIXTURE
25-1022,02,98,FIXTURE
25-1022,04,952,FIXTURE
25-1022,05,401,FIXTURE
25-1022,06,5265,FIXTURE
25-1022,08,769,FIXTURE
25-1022,09,480,FIXTURE
25-1022,10,132,FIXTURE
25-1022,11,92,FIXTURE
25-1022,12,2868,FIXTURE
25-1022,13,1427,FIXTURE
25-1022,15,194,FIXTURE
25-1022,16,245,FIXTURE
25-1022,17,1706,FIXTURE
25-1022,18,904,FIXTURE
25-1022,19,425,FIXTURE
25-1022,20,391,FIXTURE
25-1022,21,600,FIXTURE
25-1022,22,620,FIXTURE
25-1022,23,181,FIXTURE
25-1022,24,823,FIXTURE
25-1022,25,936,FIXTURE
25-1022,26,1342,FIXTURE
25-1022,27,760,FIXTURE
25-1022,28,394,FIXTURE
25-1022,29,820,FIXTURE
25-1022,30,144,FIXTURE
25-1022,31,261,FIXTURE
25-1022,32,414,FIXTURE
25-1022,33,184,FIXTURE
25-1022,34,1237,FIXTURE
25-1022,35,282,FIXTURE
25-1022,36,2690,FIXTURE
25-1022,37,1390,FIXTURE
25-1022,38,104,FIXTURE
25-1022,39,1571,FIXTURE
25-1022,40,527,FIXTURE
25-1022,41,564,FIXTURE
25-1022,42,1732,FIXTURE
25-1022,44,146,FIXTURE
25-1022,45,682,FIXTURE
25-1022,46,118,FIXTURE
25-1022,47,920,FIXTURE
25-1022,48,3881,FIXTURE
25-1022,49,436,FIXTURE
25-1022,50,86,FIXTURE
25-1022,51,1150,FIXTURE
25-1022,53,1026,FIXTURE
25-1022,54,239,FIXTURE
25-1022,55,785,FIXTURE
25-1022,56,77,FIXTURE
25-1031,01,90,FIXTURE
25-1031,02,13,FIXTURE
25-1031,04,128,FIXTURE
25-1031,05,54,FIXTURE
25-1031,06,710,FIXTURE
25-1031,08,104,FIXTURE
25-1031,09,65,FIXTURE
25-1031,10,18,FIXTURE
25-1031,11,12,FIXTURE
25-1031,12,387,FIXTURE
25-1031,13,192,FIXTURE
25-1031,15,26,FIXTURE
25-1031,16,33,FIXTURE
25-1031,17,230,FIXTURE
25-1031,18,122,FIXTURE
25-1031,19,57,FIXTURE
25-1031,20,53,FIXTURE
25-1031,21,81,FIXTURE
25-1031,22,84,FIXTURE
25-1031,23,24,FIXTURE
25-1031,24,111,FIXTURE
25-1031,25,126,FIXTURE
25-1031,26,181,FIXTURE
25-1031,27,102,FIXTURE
25-1031,28,53,FIXTURE
25-1031,29,111,FIXTURE
25-1031,30,19,FIXTURE
25-1031,31,35,FIXTURE
25-1031,32,56,FIXTURE
25-1031,33,25,FIXTURE
25-1031,34,167,FIXTURE
25-1031,35,38,FIXTURE
25-1031,36,363,FIXTURE
25-1031,37,187,FIXTURE
25-1031,38,14,FIXTURE
25-1031,39,212,FIXTURE
25-1031,40,71,FIXTURE
25-1031,41,76,FIXTURE
25-1031,42,233,FIXTURE
25-1031,44,20,FIXTURE
25-1031,45,92,FIXTURE
25-1031,46,16,FIXTURE
25-1031,47,124,FIXTURE
25-1031,48,523,FIXTURE
25-1031,49,59,FIXTURE
25-1031,50,12,FIXTURE
25-1031,51,155,FIXTURE
25-1031,53,138,FIXTURE
25-1031,54,32,FIXTURE
25-1031,55,106,FIXTURE
25-1031,56,10,FIXTURE
25-1032,01,537,FIXTURE
25-1032,02,78,FIXTURE
25-1032,04,765,FIXTURE
25-1032,05,322,FIXTURE
25-1032,06,4228,FIXTURE
25-1032,08,617,FIXTURE
25-1032,09,386,FIXTURE
25-1032,10,106,FIXTURE
25-1032,11,74,FIXTURE
25-1032,12,2303,FIXTURE
25-1032,13,1145,FIXTURE
25-1032,15,156,FIXTURE
25-1032,16,197,FIXTURE
25-1032,17,1370,FIXTURE
25-1032,18,726,FIXTURE
25-1032,19,341,FIXTURE
25-1032,20,314,FIXTURE
25-1032,21,482,FIXTURE
25-1032,22,498,FIXTURE
25-1032,23,146,FIXTURE
25-1032,24,660,FIXTURE
25-1032,25,752,FIXTURE
25-1032,26,1077,FIXTURE
25-1032,27,610,FIXTURE
25-1032,28,317,FIXTURE
25-1032,29,658,FIXTURE
25-1032,30,116,FIXTURE
25-1032,31,210,FIXTURE
25-1032,32,332,FIXTURE
25-1032,33,147,FIXTURE
25-1032,34,993,FIXTURE
25-1032,35,226,FIXTURE
25-1032,36,2160,FIXTURE
25-1032,37,1116,FIXTURE
25-1032,38,83,FIXTURE
25-1032,39,1262,FIXTURE
25-1032,40,423,FIXTURE
25-1032,41,453,FIXTURE
25-1032,42,1390,FIXTURE
25-1032,44,117,FIXTURE
25-1032,45,547,FIXTURE
25-1032,46,95,FIXTURE
25-1032,47,739,FIXTURE
25-1032,48,3116,FIXTURE
25-1032,49,350,FIXTURE
25-1032,50,69,FIXTURE
25-1032,51,923,FIXTURE
25-1032,53,824,FIXTURE
25-1032,54,192,FIXTURE
25-1032,55,630,FIXTURE
25-1032,56,62,FIXTURE
25-1041,01,130,FIXTURE
25-1041,02,19,FIXTURE
25-1041,04,185,FIXTURE
25-1041,05,78,FIXTURE
25-1041,06,1022,FIXTURE
25-1041,08,149,FIXTURE
25-1041,09,93,FIXTURE
25-1041,10,26,FIXTURE
25-1041,11,18,FIXTURE
25-1041,12,557,FIXTURE
25-1041,13,277,FIXTURE
25-1041,15,38,FIXTURE
25-1041,16,48,FIXTURE
25-1041,17,331,FIXTURE
25-1041,18,175,FIXTURE
25-1041,19,82,FIXTURE
25-1041,20,76,FIXTURE
25-1041,21,116,FIXTURE
25-1041,22,120,FIXTURE
25-1041,23,35,FIXTURE
25-1041,24,160,FIXTURE
25-1041,25,182,FIXTURE
25-1041,26,261,FIXTURE
25-1041,27,148,FIXTURE
25-1041,28,77,FIXTURE
25-1041,29,159,FIXTURE
25-1041,30,28,FIXTURE
25-1041,31,51,FIXTURE
25-1041,32,80,FIXTURE
25-1041,33,36,FIXTURE
25-1041,34,240,FIXTURE
25-1041,35,55,FIXTURE
25-1041,36,522,FIXTURE
25-1041,37,270,FIXTURE
25-1041,38,20,FIXTURE
25-1041,39,305,FIXTURE
25-1041,40,102,FIXTURE
25-1041,41,110,FIXTURE
25-1041,42,336,FIXTURE
25-1041,44,28,FIXTURE
25-1041,45,132,FIXTURE
25-1041,46,23,FIXTURE
25-1041,47,179,FIXTURE
25-1041,48,754,FIXTURE
25-1041,49,85,FIXTURE
25-1041,50,17,FIXTURE
25-1041,51,223,FIXTURE
25-1041,53,199,FIXTURE
25-1041,54,46,FIXTURE
25-1041,55,152,FIXTURE
25-1041,56,15,FIXTURE
25-1042,01,723,FIXTURE
25-1042,02,105,FIXTURE
25-1042,04,1029,FIXTURE
25-1042,05,433,FIXTURE
25-1042,06,5689,FIXTURE
25-1042,08,831,FIXTURE
25-1042,09,519,FIXTURE
25-1042,10,142,FIXTURE
25-1042,11,99,FIXTURE
25-1042,12,3099,FIXTURE
25-1042,13,1541,FIXTURE
25-1042,15,209,FIXTURE
25-1042,16,265,FIXTURE
25-1042,17,1843,FIXTURE
25-1042,18,976,FIXTURE
25-1042,19,459,FIXTURE
25-1042,20,423,FIXTURE
25-1042,21,648,FIXTURE
25-1042,22,670,FIXTURE
25-1042,23,196,FIXTURE
25-1042,24,889,FIXTURE
25-1042,25,1011,FIXTURE
25-1042,26,1450,FIXTURE
25-1042,27,821,FIXTURE
25-1042,28,426,FIXTURE
25-1042,29,886,FIXTURE
25-1042,30,156,FIXTURE
25-1042,31,282,FIXTURE
25-1042,32,447,FIXTURE
25-1042,33,198,FIXTURE
25-1042,34,1337,FIXTURE
25-1042,35,305,FIXTURE
25-1042,36,2907,FIXTURE
25-1042,37,1502,FIXTURE
25-1042,38,112,FIXTURE
25-1042,39,1698,FIXTURE
25-1042,40,570,FIXTURE
25-1042,41,610,FIXTURE
25-1042,42,1871,FIXTURE
25-1042,44,158,FIXTURE
25-1042,45,736,FIXTURE
25-1042,46,128,FIXTURE
25-1042,47,994,FIXTURE
25-1042,48,4194,FIXTURE
25-1042,49,471,FIXTURE
25-1042,50,92,FIXTURE
25-1042,51,1242,FIXTURE
25-1042,53,1109,FIXTURE
25-1042,54,258,FIXTURE
25-1042,55,848,FIXTURE
25-1042,56,83,FIXTURE
25-1043,01,18,FIXTURE
25-1043,02,3,FIXTURE
25-1043,04,25,FIXTURE
25-1043,05,11,FIXTURE
25-1043,06,141,FIXTURE
25-1043,08,21,FIXTURE
25-1043,09,13,FIXTURE
25-1043,10,3,FIXTURE
25-1043,11,2,FIXTURE
25-1043,12,77,FIXTURE
25-1043,13,38,FIXTURE
25-1043,15,5,FIXTURE
25-1043,16,7,FIXTURE
25-1043,17,46,FIXTURE
25-1043,18,24,FIXTURE
25-1043,19,11,FIXTURE
25-1043,20,10,FIXTURE
25-1043,21,16,FIXTURE
25-1043,22,17,FIXTURE
25-1043,23,5,FIXTURE
25-1043,24,22,FIXTURE
25-1043,25,25,FIXTURE
25-1043,26,36,FIXTURE
25-1043,27,20,FIXTURE
25-1043,28,11,FIXTURE
25-1043,29,22,FIXTURE
25-1043,30,4,FIXTURE
25-1043,31,7,FIXTURE
25-1043,32,11,FIXTURE
25-1043,33,5,FIXTURE
25-1043,34,33,FIXTURE
25-1043,35,7,FIXTURE
25-1043,36,72,FIXTURE
25-1043,37,37,FIXTURE
25-1043,38,3,FIXTURE
25-1043,39,42,FIXTURE
25-1043,40,14,FIXTURE
25-1043,41,15,FIXTURE
25-1043,42,46,FIXTURE
25-1043,44,4,FIXTURE
25-1043,45,18,FIXTURE
25-1043,46,3,FIXTURE
25-1043,47,25,FIXTURE
25-1043,48,104,FIXTURE
25-1043,49,12,FIXTURE
25-1043,50,2,FIXTURE
25-1043,51,31,FIXTURE
25-1043,53,27,FIXTURE
25-1043,54,6,FIXTURE
25-1043,55,21,FIXTURE
25-1043,56,2,FIXTURE
25-1051,01,155,FIXTURE
25-1051,02,23,FIXTURE
25-1051,04,221,FIXTURE
25-1051,05,93,FIXTURE
25-1051,06,1223,FIXTURE
25-1051,08,179,FIXTURE
25-1051,09,112,FIXTURE
25-1051,10,31,FIXTURE
25-1051,11,21,FIXTURE
25-1051,12,666,FIXTURE
25-1051,13,331,FIXTURE
25-1051,15,45,FIXTURE
25-1051,16,57,FIXTURE
25-1051,17,396,FIXTURE
25-1051,18,210,FIXTURE
25-1051,19,99,FIXTURE
25-1051,20,91,FIXTURE
25-1051,21,139,FIXTURE
25-1051,22,144,FIXTURE
25-1051,23,42,FIXTURE
25-1051,24,191,FIXTURE
25-1051,25,217,FIXTURE
25-1051,26,312,FIXTURE
25-1051,27,176,FIXTURE
25-1051,28,92,FIXTURE
25-1051,29,190,FIXTURE
25-1051,30,34,FIXTURE
25-1051,31,61,FIXTURE
25-1051,32,96,FIXTURE
25-1051,33,43,FIXTURE
25-1051,34,287,FIXTURE
25-1051,35,66,FIXTURE
25-1051,36,625,FIXTURE
25-1051,37,323,FIXTURE
25-1051,38,24,FIXTURE
25-1051,39,365,FIXTURE
25-1051,40,122,FIXTURE
25-1051,41,131,FIXTURE
25-1051,42,402,FIXTURE
25-1051,44,34,FIXTURE
25-1051,45,158,FIXTURE
25-1051,46,27,FIXTURE
25-1051,47,214,FIXTURE
25-1051,48,901,FIXTURE
25-1051,49,101,FIXTURE
25-1051,50,20,FIXTURE
25-1051,51,267,FIXTURE
25-1051,53,238,FIXTURE
25-1051,54,55,FIXTURE
25-1051,55,182,FIXTURE
25-1051,56,18,FIXTURE
25-1052,01,307,FIXTURE
25-1052,02,45,FIXTURE
25-1052,04,437,FIXTURE
25-1052,05,184,FIXTURE
25-1052,06,2417,FIXTURE
25-1052,08,353,FIXTURE
25-1052,09,220,FIXTURE
25-1052,10,60,FIXTURE
25-1052,11,42,FIXTURE
25-1052,12,1317,FIXTURE
25-1052,13,655,FIXTURE
25-1052,15,89,FIXTURE
25-1052,16,112,FIXTURE
25-1052,17,783,FIXTURE
25-1052,18,415,FIXTURE
25-1052,19,195,FIXTURE
25-1052,20,180,FIXTURE
25-1052,21,275,FIXTURE
25-1052,22,285,FIXTURE
25-1052,23,83,FIXTURE
25-1052,24,378,FIXTURE
25-1052,25,430,FIXTURE
25-1052,26,616,FIXTURE
25-1052,27,349,FIXTURE
25-1052,28,181,FIXTURE
25-1052,29,376,FIXTURE
25-1052,30,66,FIXTURE
25-1052,31,120,FIXTURE
25-1052,32,190,FIXTURE
25-1052,33,84,FIXTURE
25-1052,34,568,FIXTURE
25-1052,35,129,FIXTURE
25-1052,36,1235,FIXTURE
25-1052,37,638,FIXTURE
25-1052,38,48,FIXTURE
25-1052,39,721,FIXTURE
25-1052,40,242,FIXTURE
25-1052,41,259,FIXTURE
25-1052,42,795,FIXTURE
25-1052,44,67,FIXTURE
25-1052,45,313,FIXTURE
25-1052,46,54,FIXTURE
25-1052,47,422,FIXTURE
25-1052,48,1782,FIXTURE
25-1052,49,200,FIXTURE
25-1052,50,39,FIXTURE
25-1052,51,528,FIXTURE
25-1052,53,471,FIXTURE
25-1052,54,110,FIXTURE
25-1052,55,360,FIXTURE
25-1052,56,35,FIXTURE
25-1053,01,83,FIXTURE
25-1053,02,12,FIXTURE
25-1053,04,117,FIXTURE
25-1053,05,49,FIXTURE
25-1053,06,649,FIXTURE
25-1053,08,95,FIXTURE
25-1053,09,59,FIXTURE
25-1053,10,16,FIXTURE
25-1053,11,11,FIXTURE
25-1053,12,354,FIXTURE
25-1053,13,176,FIXTURE
25-1053,15,24,FIXTURE
25-1053,16,30,FIXTURE
25-1053,17,210,FIXTURE
25-1053,18,111,FIXTURE
25-1053,19,52,FIXTURE
25-1053,20,48,FIXTURE
25-1053,21,74,FIXTURE
25-1053,22,76,FIXTURE
25-1053,23,22,FIXTURE
25-1053,24,101,FIXTURE
25-1053,25,115,FIXTURE
25-1053,26,165,FIXTURE
25-1053,27,94,FIXTURE
25-1053,28,49,FIXTURE
25-1053,29,101,FIXTURE
25-1053,30,18,FIXTURE
25-1053,31,32,FIXTURE
25-1053,32,51,FIXTURE
25-1053,33,23,FIXTURE
25-1053,34,152,FIXTURE
25-1053,35,35,FIXTURE
25-1053,36,332,FIXTURE
25-1053,37,171,FIXTURE
25-1053,38,13,FIXTURE
25-1053,39,194,FIXTURE
25-1053,40,65,FIXTURE
25-1053,41,70,FIXTURE
25-1053,42,213,FIXTURE
25-1053,44,18,FIXTURE
25-1053,45,84,FIXTURE
25-1053,46,15,FIXTURE
25-1053,47,113,FIXTURE
25-1053,48,478,FIXTURE
25-1053,49,54,FIXTURE
25-1053,50,11,FIXTURE
25-1053,51,142,FIXTURE
25-1053,53,127,FIXTURE
25-1053,54,29,FIXTURE
25-1053,55,97,FIXTURE
25-1053,56,10,FIXTURE
25-1054,01,189,FIXTURE
25-1054,02,28,FIXTURE
25-1054,04,269,FIXTURE
25-1054,05,113,FIXTURE
25-1054,06,1486,FIXTURE
25-1054,08,217,FIXTURE
25-1054,09,136,FIXTURE
25-1054,10,37,FIXTURE
25-1054,11,26,FIXTURE
25-1054,12,810,FIXTURE
25-1054,13,403,FIXTURE
25-1054,15,55,FIXTURE
25-1054,16,69,FIXTURE
25-1054,17,482,FIXTURE
25-1054,18,255,FIXTURE
25-1054,19,120,FIXTURE
25-1054,20,110,FIXTURE
25-1054,21,169,FIXTURE
25-1054,22,175,FIXTURE
25-1054,23,51,FIXTURE
25-1054,24,232,FIXTURE
25-1054,25,264,FIXTURE
25-1054,26,379,FIXTURE
25-1054,27,215,FIXTURE
25-1054,28,111,FIXTURE
25-1054,29,231,FIXTURE
25-1054,30,41,FIXTURE
25-1054,31,74,FIXTURE
25-1054,32,117,FIXTURE
25-1054,33,52,FIXTURE
25-1054,34,349,FIXTURE
25-1054,35,80,FIXTURE
25-1054,36,759,FIXTURE
25-1054,37,392,FIXTURE
25-1054,38,29,FIXTURE
25-1054,39,444,FIXTURE
25-1054,40,149,FIXTURE
25-1054,41,159,FIXTURE
25-1054,42,489,FIXTURE
25-1054,44,41,FIXTURE
25-1054,45,192,FIXTURE
25-1054,46,33,FIXTURE
25-1054,47,260,FIXTURE
25-1054,48,1096,FIXTURE
25-1054,49,123,FIXTURE
25-1054,50,24,FIXTURE
25-1054,51,324,FIXTURE
25-1054,53,290,FIXTURE
25-1054,54,67,FIXTURE
25-1054,55,222,FIXTURE
25-1054,56,22,FIXTURE
25-1061,01,76,FIXTURE
25-1061,02,11,FIXTURE
25-1061,04,108,FIXTURE
25-1061,05,46,FIXTURE
25-1061,06,598,FIXTURE
25-1061,08,87,FIXTURE
25-1061,09,55,FIXTURE
25-1061,10,15,FIXTURE
25-1061,11,10,FIXTURE
25-1061,12,326,FIXTURE
25-1061,13,162,FIXTURE
25-1061,15,22,FIXTURE
25-1061,16,28,FIXTURE
25-1061,17,194,FIXTURE
25-1061,18,103,FIXTURE
25-1061,19,48,FIXTURE
25-1061,20,44,FIXTURE
25-1061,21,68,FIXTURE
25-1061,22,70,FIXTURE
25-1061,23,21,FIXTURE
25-1061,24,93,FIXTURE
25-1061,25,106,FIXTURE
25-1061,26,152,FIXTURE
25-1061,27,86,FIXTURE
25-1061,28,45,FIXTURE
25-1061,29,93,FIXTURE
25-1061,30,16,FIXTURE
25-1061,31,30,FIXTURE
25-1061,32,47,FIXTURE
25-1061,33,21,FIXTURE
25-1061,34,140,FIXTURE
25-1061,35,32,FIXTURE
25-1061,36,305,FIXTURE
25-1061,37,158,FIXTURE
25-1061,38,12,FIXTURE
25-1061,39,178,FIXTURE
25-1061,40,60,FIXTURE
25-1061,41,64,FIXTURE
25-1061,42,197,FIXTURE
25-1061,44,17,FIXTURE
25-1061,45,77,FIXTURE
25-1061,46,13,FIXTURE
25-1061,47,104,FIXTURE
25-1061,48,441,FIXTURE
25-1061,49,49,FIXTURE
25-1061,50,10,FIXTURE
25-1061,51,130,FIXTURE
25-1061,53,117,FIXTURE
25-1061,54,27,FIXTURE
25-1061,55,89,FIXTURE
25-1061,56,9,FIXTURE
25-1062,01,137,FIXTURE
25-1062,02,20,FIXTURE
25-1062,04,195,FIXTURE
25-1062,05,82,FIXTURE
25-1062,06,1078,FIXTURE
25-1062,08,157,FIXTURE
25-1062,09,98,FIXTURE
25-1062,10,27,FIXTURE
25-1062,11,19,FIXTURE
25-1062,12,587,FIXTURE
25-1062,13,292,FIXTURE
25-1062,15,40,FIXTURE
25-1062,16,50,FIXTURE
25-1062,17,349,FIXTURE
25-1062,18,185,FIXTURE
25-1062,19,87,FIXTURE
25-1062,20,80,FIXTURE
25-1062,21,123,FIXTURE
25-1062,22,127,FIXTURE
25-1062,23,37,FIXTURE
25-1062,24,168,FIXTURE
25-1062,25,192,FIXTURE
25-1062,26,275,FIXTURE
25-1062,27,156,FIXTURE
25-1062,28,81,FIXTURE
25-1062,29,168,FIXTURE
25-1062,30,30,FIXTURE
25-1062,31,53,FIXTURE
25-1062,32,85,FIXTURE
25-1062,33,38,FIXTURE
25-1062,34,253,FIXTURE
25-1062,35,58,FIXTURE
25-1062,36,551,FIXTURE
25-1062,37,285,FIXTURE
25-1062,38,21,FIXTURE
25-1062,39,322,FIXTURE
25-1062,40,108,FIXTURE
25-1062,41,116,FIXTURE
25-1062,42,355,FIXTURE
25-1062,44,30,FIXTURE
25-1062,45,140,FIXTURE
25-1062,46,24,FIXTURE
25-1062,47,188,FIXTURE
25-1062,48,795,FIXTURE
25-1062,49,89,FIXTURE
25-1062,50,18,FIXTURE
25-1062,51,235,FIXTURE
25-1062,53,210,FIXTURE
25-1062,54,49,FIXTURE
25-1062,55,161,FIXTURE
25-1062,56,16,FIXTURE
25-1063,01,179,FIXTURE
25-1063,02,26,FIXTURE
25-1063,04,254,FIXTURE
25-1063,05,107,FIXTURE
25-1063,06,1406,FIXTURE
25-1063,08,205,FIXTURE
25-1063,09,128,FIXTURE
25-1063,10,35,FIXTURE
25-1063,11,25,FIXTURE
25-1063,12,766,FIXTURE
25-1063,13,381,FIXTURE
25-1063,15,52,FIXTURE
25-1063,16,65,FIXTURE
25-1063,17,456,FIXTURE
25-1063,18,241,FIXTURE
25-1063,19,113,FIXTURE
25-1063,20,105,FIXTURE
25-1063,21,160,FIXTURE
25-1063,22,166,FIXTURE
25-1063,23,48,FIXTURE
25-1063,24,220,FIXTURE
25-1063,25,250,FIXTURE
25-1063,26,358,FIXTURE
25-1063,27,203,FIXTURE
25-1063,28,105,FIXTURE
25-1063,29,219,FIXTURE
25-1063,30,39,FIXTURE
25-1063,31,70,FIXTURE
25-1063,32,110,FIXTURE
25-1063,33,49,FIXTURE
25-1063,34,330,FIXTURE
25-1063,35,75,FIXTURE
25-1063,36,719,FIXTURE
25-1063,37,371,FIXTURE
25-1063,38,28,FIXTURE
25-1063,39,420,FIXTURE
25-1063,40,141,FIXTURE
25-1063,41,151,FIXTURE
25-1063,42,463,FIXTURE
25-1063,44,39,FIXTURE
25-1063,45,182,FIXTURE
25-1063,46,32,FIXTURE
25-1063,47,246,FIXTURE
25-1063,48,1037,FIXTURE
25-1063,49,116,FIXTURE
25-1063,50,23,FIXTURE
25-1063,51,307,FIXTURE
25-1063,53,274,FIXTURE
25-1063,54,64,FIXTURE
25-1063,55,210,FIXTURE
25-1063,56,21,FIXTURE
25-1064,01,52,FIXTURE
25-1064,02,8,FIXTURE
25-1064,04,74,FIXTURE
25-1064,05,31,FIXTURE
25-1064,06,410,FIXTURE
25-1064,08,60,FIXTURE
25-1064,09,38,FIXTURE
25-1064,10,10,FIXTURE
25-1064,11,7,FIXTURE
25-1064,12,224,FIXTURE
25-1064,13,111,FIXTURE
25-1064,15,15,FIXTURE
25-1064,16,19,FIXTURE
25-1064,17,133,FIXTURE
25-1064,18,70,FIXTURE
25-1064,19,33,FIXTURE
25-1064,20,31,FIXTURE
25-1064,21,47,FIXTURE
25-1064,22,48,FIXTURE
25-1064,23,14,FIXTURE
25-1064,24,64,FIXTURE
25-1064,25,73,FIXTURE
25-1064,26,105,FIXTURE
25-1064,27,59,FIXTURE
25-1064,28,31,FIXTURE
25-1064,29,64,FIXTURE
25-1064,30,11,FIXTURE
25-1064,31,20,FIXTURE
25-1064,32,32,FIXTURE
25-1064,33,14,FIXTURE
25-1064,34,96,FIXTURE
25-1064,35,22,FIXTURE
25-1064,36,210,FIXTURE
25-1064,37,108,FIXTURE
25-1064,38,8,FIXTURE
25-1064,39,123,FIXTURE
25-1064,40,41,FIXTURE
25-1064,41,44,FIXTURE
25-1064,42,135,FIXTURE
25-1064,44,11,FIXTURE
25-1064,45,53,FIXTURE
25-1064,46,9,FIXTURE
25-1064,47,72,FIXTURE
25-1064,48,303,FIXTURE
25-1064,49,34,FIXTURE
25-1064,50,7,FIXTURE
25-1064,51,90,FIXTURE
25-1064,53,80,FIXTURE
25-1064,54,19,FIXTURE
25-1064,55,61,FIXTURE
25-1064,56,6,FIXTURE
25-1065,01,213,FIXTURE
25-1065,02,31,FIXTURE
25-1065,04,303,FIXTURE
25-1065,05,128,FIXTURE
25-1065,06,1677,FIXTURE
25-1065,08,245,FIXTURE
25-1065,09,153,FIXTURE
25-1065,10,42,FIXTURE
25-1065,11,29,FIXTURE
25-1065,12,914,FIXTURE
25-1065,13,454,FIXTURE
25-1065,15,62,FIXTURE
25-1065,16,78,FIXTURE
25-1065,17,543,FIXTURE
25-1065,18,288,FIXTURE
25-1065,19,135,FIXTURE
25-1065,20,125,FIXTURE
25-1065,21,191,FIXTURE
25-1065,22,198,FIXTURE
25-1065,23,58,FIXTURE
25-1065,24,262,FIXTURE
25-1065,25,298,FIXTURE
25-1065,26,427,FIXTURE
25-1065,27,242,FIXTURE
25-1065,28,126,FIXTURE
25-1065,29,261,FIXTURE
25-1065,30,46,FIXTURE
25-1065,31,83,FIXTURE
25-1065,32,132,FIXTURE
25-1065,33,58,FIXTURE
25-1065,34,394,FIXTURE
25-1065,35,90,FIXTURE
25-1065,36,857,FIXTURE
25-1065,37,443,FIXTURE
25-1065,38,33,FIXTURE
25-1065,39,501,FIXTURE
25-1065,40,168,FIXTURE
25-1065,41,180,FIXTURE
25-1065,42,552,FIXTURE
25-1065,44,47,FIXTURE
25-1065,45,217,FIXTURE
25-1065,46,38,FIXTURE
25-1065,47,293,FIXTURE
25-1065,48,1236,FIXTURE
25-1065,49,139,FIXTURE
25-1065,50,27,FIXTURE
25-1065,51,366,FIXTURE
25-1065,53,327,FIXTURE
25-1065,54,76,FIXTURE
25-1065,55,250,FIXTURE
25-1065,56,24,FIXTURE
25-1066,01,547,FIXTURE
25-1066,02,80,FIXTURE
25-1066,04,778,FIXTURE
25-1066,05,328,FIXTURE
25-1066,06,4301,FIXTURE
25-1066,08,628,FIXTURE
25-1066,09,392,FIXTURE
25-1066,10,108,FIXTURE
25-1066,11,75,FIXTURE
25-1066,12,2343,FIXTURE
25-1066,13,1165,FIXTURE
25-1066,15,158,FIXTURE
25-1066,16,200,FIXTURE
25-1066,17,1394,FIXTURE
25-1066,18,738,FIXTURE
25-1066,19,347,FIXTURE
25-1066,20,320,FIXTURE
25-1066,21,490,FIXTURE
25-1066,22,507,FIXTURE
25-1066,23,148,FIXTURE
25-1066,24,672,FIXTURE
25-1066,25,765,FIXTURE
25-1066,26,1096,FIXTURE
25-1066,27,621,FIXTURE
25-1066,28,322,FIXTURE
25-1066,29,670,FIXTURE
25-1066,30,118,FIXTURE
25-1066,31,213,FIXTURE
25-1066,32,338,FIXTURE
25-1066,33,150,FIXTURE
25-1066,34,1011,FIXTURE
25-1066,35,230,FIXTURE
25-1066,36,2198,FIXTURE
25-1066,37,1136,FIXTURE
25-1066,38,85,FIXTURE
25-1066,39,1284,FIXTURE
25-1066,40,431,FIXTURE
25-1066,41,461,FIXTURE
25-1066,42,1415,FIXTURE
25-1066,44,119,FIXTURE
25-1066,45,557,FIXTURE
25-1066,46,96,FIXTURE
25-1066,47,752,FIXTURE
25-1066,48,3171,FIXTURE
25-1066,49,356,FIXTURE
25-1066,50,70,FIXTURE
25-1066,51,939,FIXTURE
25-1066,53,838,FIXTURE
25-1066,54,195,FIXTURE
25-1066,55,641,FIXTURE
25-1066,56,63,FIXTURE
25-1067,01,190,FIXTURE
25-1067,02,28,FIXTURE
25-1067,04,271,FIXTURE
25-1067,05,114,FIXTURE
25-1067,06,1497,FIXTURE
25-1067,08,219,FIXTURE
25-1067,09,136,FIXTURE
25-1067,10,37,FIXTURE
25-1067,11,26,FIXTURE
25-1067,12,815,FIXTURE
25-1067,13,406,FIXTURE
25-1067,15,55,FIXTURE
25-1067,16,70,FIXTURE
25-1067,17,485,FIXTURE
25-1067,18,257,FIXTURE
25-1067,19,121,FIXTURE
25-1067,20,111,FIXTURE
25-1067,21,171,FIXTURE
25-1067,22,176,FIXTURE
25-1067,23,52,FIXTURE
25-1067,24,234,FIXTURE
25-1067,25,266,FIXTURE
25-1067,26,382,FIXTURE
25-1067,27,216,FIXTURE
25-1067,28,112,FIXTURE
25-1067,29,233,FIXTURE
25-1067,30,41,FIXTURE
25-1067,31,74,FIXTURE
25-1067,32,118,FIXTURE
25-1067,33,52,FIXTURE
25-1067,34,352,FIXTURE
25-1067,35,80,FIXTURE
25-1067,36,765,FIXTURE
25-1067,37,395,FIXTURE
25-1067,38,29,FIXTURE
25-1067,39,447,FIXTURE
25-1067,40,150,FIXTURE
25-1067,41,160,FIXTURE
25-1067,42,492,FIXTURE
25-1067,44,41,FIXTURE
25-1067,45,194,FIXTURE
25-1067,46,34,FIXTURE
25-1067,47,262,FIXTURE
25-1067,48,1104,FIXTURE
25-1067,49,124,FIXTURE
25-1067,50,24,FIXTURE
25-1067,51,327,FIXTURE
25-1067,53,292,FIXTURE
25-1067,54,68,FIXTURE
25-1067,55,223,FIXTURE
25-1067,56,22,FIXTURE
25-1069,01,245,FIXTURE
25-1069,02,36,FIXTURE
25-1069,04,348,FIXTURE
25-1069,05,147,FIXTURE
25-1069,06,1925,FIXTURE
25-1069,08,281,FIXTURE
25-1069,09,176,FIXTURE
25-1069,10,48,FIXTURE
25-1069,11,34,FIXTURE
25-1069,12,1049,FIXTURE
25-1069,13,522,FIXTURE
25-1069,15,71,FIXTURE
25-1069,16,90,FIXTURE
25-1069,17,624,FIXTURE
25-1069,18,330,FIXTURE
25-1069,19,155,FIXTURE
25-1069,20,143,FIXTURE
25-1069,21,219,FIXTURE
25-1069,22,227,FIXTURE
25-1069,23,66,FIXTURE
25-1069,24,301,FIXTURE
25-1069,25,342,FIXTURE
25-1069,26,491,FIXTURE
25-1069,27,278,FIXTURE
25-1069,28,144,FIXTURE
25-1069,29,300,FIXTURE
25-1069,30,53,FIXTURE
25-1069,31,96,FIXTURE
25-1069,32,151,FIXTURE
25-1069,33,67,FIXTURE
25-1069,34,452,FIXTURE
25-1069,35,103,FIXTURE
25-1069,36,984,FIXTURE
25-1069,37,508,FIXTURE
25-1069,38,38,FIXTURE
25-1069,39,575,FIXTURE
25-1069,40,193,FIXTURE
25-1069,41,206,FIXTURE
25-1069,42,633,FIXTURE
25-1069,44,54,FIXTURE
25-1069,45,249,FIXTURE
25-1069,46,43,FIXTURE
25-1069,47,337,FIXTURE
25-1069,48,1419,FIXTURE
25-1069,49,159,FIXTURE
25-1069,50,31,FIXTURE
25-1069,51,420,FIXTURE
25-1069,53,375,FIXTURE
25-1069,54,87,FIXTURE
25-1069,55,287,FIXTURE
25-1069,56,28,FIXTURE
25-1071,01,2908,FIXTURE
25-1071,02,424,FIXTURE
25-1071,04,4139,FIXTURE
25-1071,05,1743,FIXTURE
25-1071,06,22883,FIXTURE
25-1071,08,3342,FIXTURE
25-1071,09,2087,FIXTURE
25-1071,10,573,FIXTURE
25-1071,11,399,FIXTURE
25-1071,12,12465,FIXTURE
25-1071,13,6200,FIXTURE
25-1071,15,842,FIXTURE
25-1071,16,1064,FIXTURE
25-1071,17,7415,FIXTURE
25-1071,18,3927,FIXTURE
25-1071,19,1846,FIXTURE
25-1071,20,1700,FIXTURE
25-1071,21,2608,FIXTURE
25-1071,22,2696,FIXTURE
25-1071,23,789,FIXTURE
25-1071,24,3575,FIXTURE
25-1071,25,4069,FIXTURE
25-1071,26,5832,FIXTURE
25-1071,27,3303,FIXTURE
25-1071,28,1714,FIXTURE
25-1071,29,3562,FIXTURE
25-1071,30,628,FIXTURE
25-1071,31,1135,FIXTURE
25-1071,32,1797,FIXTURE
25-1071,33,797,FIXTURE
25-1071,34,5376,FIXTURE
25-1071,35,1226,FIXTURE
25-1071,36,11692,FIXTURE
25-1071,37,6042,FIXTURE
25-1071,38,451,FIXTURE
25-1071,39,6829,FIXTURE
25-1071,40,2292,FIXTURE
25-1071,41,2452,FIXTURE
25-1071,42,7525,FIXTURE
25-1071,44,635,FIXTURE
25-1071,45,2962,FIXTURE
25-1071,46,513,FIXTURE
25-1071,47,4000,FIXTURE
25-1071,48,16868,FIXTURE
25-1071,49,1894,FIXTURE
25-1071,50,372,FIXTURE
25-1071,51,4996,FIXTURE
25-1071,53,4460,FIXTURE
25-1071,54,1038,FIXTURE
25-1071,55,3411,FIXTURE
25-1071,56,334,FIXTURE
25-1072,01,1032,FIXTURE
25-1072,02,151,FIXTURE
25-1072,04,1468,FIXTURE
25-1072,05,618,FIXTURE
25-1072,06,8119,FIXTURE
25-1072,08,1186,FIXTURE
25-1072,09,740,FIXTURE
25-1072,10,203,FIXTURE
25-1072,11,142,FIXTURE
25-1072,12,4423,FIXTURE
25-1072,13,2200,FIXTURE
25-1072,15,299,FIXTURE
25-1072,16,378,FIXTURE
25-1072,17,2631,FIXTURE
25-1072,18,1393,FIXTURE
25-1072,19,655,FIXTURE
25-1072,20,603,FIXTURE
25-1072,21,925,FIXTURE
25-1072,22,956,FIXTURE
25-1072,23,280,FIXTURE
25-1072,24,1268,FIXTURE
25-1072,25,1444,FIXTURE
25-1072,26,2069,FIXTURE
25-1072,27,1172,FIXTURE
25-1072,28,608,FIXTURE
25-1072,29,1264,FIXTURE
25-1072,30,223,FIXTURE
25-1072,31,403,FIXTURE
25-1072,32,638,FIXTURE
25-1072,33,283,FIXTURE
25-1072,34,1907,FIXTURE
25-1072,35,435,FIXTURE
25-1072,36,4148,FIXTURE
25-1072,37,2144,FIXTURE
25-1072,38,160,FIXTURE
25-1072,39,2423,FIXTURE
25-1072,40,813,FIXTURE
25-1072,41,870,FIXTURE
25-1072,42,2670,FIXTURE
25-1072,44,225,FIXTURE
25-1072,45,1051,FIXTURE
25-1072,46,182,FIXTURE
25-1072,47,1419,FIXTURE
25-1072,48,5985,FIXTURE
25-1072,49,672,FIXTURE
25-1072,50,132,FIXTURE
25-1072,51,1772,FIXTURE
25-1072,53,1582,FIXTURE
25-1072,54,368,FIXTURE
25-1072,55,1210,FIXTURE
25-1072,56,118,FIXTURE
25-1081,01,891,FIXTURE
25-1081,02,130,FIXTURE
25-1081,04,1268,FIXTURE
25-1081,05,534,FIXTURE
25-1081,06,7012,FIXTURE
25-1081,08,1024,FIXTURE
25-1081,09,639,FIXTURE
25-1081,10,176,FIXTURE
25-1081,11,122,FIXTURE
25-1081,12,3820,FIXTURE
25-1081,13,1900,FIXTURE
25-1081,15,258,FIXTURE
25-1081,16,326,FIXTURE
25-1081,17,2272,FIXTURE
25-1081,18,1203,FIXTURE
25-1081,19,566,FIXTURE
25-1081,20,521,FIXTURE
25-1081,21,799,FIXTURE
25-1081,22,826,FIXTURE
25-1081,23,242,FIXTURE
25-1081,24,1095,FIXTURE
25-1081,25,1247,FIXTURE
25-1081,26,1787,FIXTURE
25-1081,27,1012,FIXTURE
25-1081,28,525,FIXTURE
25-1081,29,1092,FIXTURE
25-1081,30,192,FIXTURE
25-1081,31,348,FIXTURE
25-1081,32,551,FIXTURE
25-1081,33,244,FIXTURE
25-1081,34,1647,FIXTURE
25-1081,35,376,FIXTURE
25-1081,36,3583,FIXTURE
25-1081,37,1851,FIXTURE
25-1081,38,138,FIXTURE
25-1081,39,2093,FIXTURE
25-1081,40,702,FIXTURE
25-1081,41,751,FIXTURE
25-1081,42,2306,FIXTURE
25-1081,44,195,FIXTURE
25-1081,45,908,FIXTURE
25-1081,46,157,FIXTURE
25-1081,47,1226,FIXTURE
25-1081,48,5169,FIXTURE
25-1081,49,580,FIXTURE
25-1081,50,114,FIXTURE
25-1081,51,1531,FIXTURE
25-1081,53,1366,FIXTURE
25-1081,54,318,FIXTURE
25-1081,55,1045,FIXTURE
25-1081,56,102,FIXTURE
25-1082,01,66,FIXTURE
25-1082,02,10,FIXTURE
25-1082,04,93,FIXTURE
25-1082,05,39,FIXTURE
25-1082,06,516,FIXTURE
25-1082,08,75,FIXTURE
25-1082,09,47,FIXTURE
25-1082,10,13,FIXTURE
25-1082,11,9,FIXTURE
25-1082,12,281,FIXTURE
25-1082,13,140,FIXTURE
25-1082,15,19,FIXTURE
25-1082,16,24,FIXTURE
25-1082,17,167,FIXTURE
25-1082,18,89,FIXTURE
25-1082,19,42,FIXTURE
25-1082,20,38,FIXTURE
25-1082,21,59,FIXTURE
25-1082,22,61,FIXTURE
25-1082,23,18,FIXTURE
25-1082,24,81,FIXTURE
25-1082,25,92,FIXTURE
25-1082,26,132,FIXTURE
25-1082,27,75,FIXTURE
25-1082,28,39,FIXTURE
25-1082,29,80,FIXTURE
25-1082,30,14,FIXTURE
25-1082,31,26,FIXTURE
25-1082,32,41,FIXTURE
25-1082,33,18,FIXTURE
25-1082,34,121,FIXTURE
25-1082,35,28,FIXTURE
25-1082,36,264,FIXTURE
25-1082,37,136,FIXTURE
25-1082,38,10,FIXTURE
25-1082,39,154,FIXTURE
25-1082,40,52,FIXTURE
25-1082,41,55,FIXTURE
25-1082,42,170,FIXTURE
25-1082,44,14,FIXTURE
25-1082,45,67,FIXTURE
25-1082,46,12,FIXTURE
25-1082,47,90,FIXTURE
25-1082,48,381,FIXTURE
25-1082,49,43,FIXTURE
25-1082,50,8,FIXTURE
25-1082,51,113,FIXTURE
25-1082,53,101,FIXTURE
25-1082,54,23,FIXTURE
25-1082,55,77,FIXTURE
25-1082,56,7,FIXTURE
25-1111,01,209,FIXTURE
25-1111,02,31,FIXTURE
25-1111,04,298,FIXTURE
25-1111,05,125,FIXTURE
25-1111,06,1645,FIXTURE
25-1111,08,240,FIXTURE
25-1111,09,150,FIXTURE
25-1111,10,41,FIXTURE
25-1111,11,29,FIXTURE
25-1111,12,896,FIXTURE
25-1111,13,446,FIXTURE
25-1111,15,61,FIXTURE
25-1111,16,77,FIXTURE
25-1111,17,533,FIXTURE
25-1111,18,282,FIXTURE
25-1111,19,133,FIXTURE
25-1111,20,122,FIXTURE
25-1111,21,187,FIXTURE
25-1111,22,194,FIXTURE
25-1111,23,57,FIXTURE
25-1111,24,257,FIXTURE
25-1111,25,292,FIXTURE
25-1111,26,419,FIXTURE
25-1111,27,237,FIXTURE
25-1111,28,123,FIXTURE
25-1111,29,256,FIXTURE
25-1111,30,45,FIXTURE
25-1111,31,82,FIXTURE
25-1111,32,129,FIXTURE
25-1111,33,57,FIXTURE
25-1111,34,386,FIXTURE
25-1111,35,88,FIXTURE
25-1111,36,840,FIXTURE
25-1111,37,434,FIXTURE
25-1111,38,32,FIXTURE
25-1111,39,491,FIXTURE
25-1111,40,165,FIXTURE
25-1111,41,176,FIXTURE
25-1111,42,541,FIXTURE
25-1111,44,46,FIXTURE
25-1111,45,213,FIXTURE
25-1111,46,37,FIXTURE
25-1111,47,288,FIXTURE
25-1111,48,1213,FIXTURE
25-1111,49,136,FIXTURE
25-1111,50,27,FIXTURE
25-1111,51,359,FIXTURE
25-1111,53,321,FIXTURE
25-1111,54,75,FIXTURE
25-1111,55,245,FIXTURE
25-1111,56,24,FIXTURE
25-1112,01,214,FIXTURE
25-1112,02,31,FIXTURE
25-1112,04,305,FIXTURE
25-1112,05,128,FIXTURE
25-1112,06,1683,FIXTURE
25-1112,08,246,FIXTURE
25-1112,09,154,FIXTURE
25-1112,10,42,FIXTURE
25-1112,11,29,FIXTURE
25-1112,12,917,FIXTURE
25-1112,13,456,FIXTURE
25-1112,15,62,FIXTURE
25-1112,16,78,FIXTURE
25-1112,17,545,FIXTURE
25-1112,18,289,FIXTURE
25-1112,19,136,FIXTURE
25-1112,20,125,FIXTURE
25-1112,21,192,FIXTURE
25-1112,22,198,FIXTURE
25-1112,23,58,FIXTURE
25-1112,24,263,FIXTURE
25-1112,25,299,FIXTURE
25-1112,26,429,FIXTURE
25-1112,27,243,FIXTURE
25-1112,28,126,FIXTURE
25-1112,29,262,FIXTURE
25-1112,30,46,FIXTURE
25-1112,31,84,FIXTURE
25-1112,32,132,FIXTURE
25-1112,33,59,FIXTURE
25-1112,34,395,FIXTURE
25-1112,35,90,FIXTURE
25-1112,36,860,FIXTURE
25-1112,37,444,FIXTURE
25-1112,38,33,FIXTURE
25-1112,39,502,FIXTURE
25-1112,40,169,FIXTURE
25-1112,41,180,FIXTURE
25-1112,42,554,FIXTURE
25-1112,44,47,FIXTURE
25-1112,45,218,FIXTURE
25-1112,46,38,FIXTURE
25-1112,47,294,FIXTURE
25-1112,48,1241,FIXTURE
25-1112,49,139,FIXTURE
25-1112,50,27,FIXTURE
25-1112,51,368,FIXTURE
25-1112,53,328,FIXTURE
25-1112,54,76,FIXTURE
25-1112,55,251,FIXTURE
25-1112,56,25,FIXTURE
25-1113,01,186,FIXTURE
25-1113,02,27,FIXTURE
25-1113,04,265,FIXTURE
25-1113,05,112,FIXTURE
25-1113,06,1465,FIXTURE
25-1113,08,214,FIXTURE
25-1113,09,134,FIXTURE
25-1113,10,37,FIXTURE
25-1113,11,26,FIXTURE
25-1113,12,798,FIXTURE
25-1113,13,397,FIXTURE
25-1113,15,54,FIXTURE
25-1113,16,68,FIXTURE
25-1113,17,475,FIXTURE
25-1113,18,251,FIXTURE
25-1113,19,118,FIXTURE
25-1113,20,109,FIXTURE
25-1113,21,167,FIXTURE
25-1113,22,173,FIXTURE
25-1113,23,50,FIXTURE
25-1113,24,229,FIXTURE
25-1113,25,260,FIXTURE
25-1113,26,373,FIXTURE
25-1113,27,211,FIXTURE
25-1113,28,110,FIXTURE
25-1113,29,228,FIXTURE
25-1113,30,40,FIXTURE
25-1113,31,73,FIXTURE
25-1113,32,115,FIXTURE
25-1113,33,51,FIXTURE
25-1113,34,344,FIXTURE
25-1113,35,78,FIXTURE
25-1113,36,748,FIXTURE
25-1113,37,387,FIXTURE
25-1113,38,29,FIXTURE
25-1113,39,437,FIXTURE
25-1113,40,147,FIXTURE
25-1113,41,157,FIXTURE
25-1113,42,482,FIXTURE
25-1113,44,41,FIXTURE
25-1113,45,190,FIXTURE
25-1113,46,33,FIXTURE
25-1113,47,256,FIXTURE
25-1113,48,1080,FIXTURE
25-1113,49,121,FIXTURE
25-1113,50,24,FIXTURE
25-1113,51,320,FIXTURE
25-1113,53,285,FIXTURE
25-1113,54,66,FIXTURE
25-1113,55,218,FIXTURE
25-1113,56,21,FIXTURE
25-1121,01,1436,FIXTURE
25-1121,02,210,FIXTURE
25-1121,04,2044,FIXTURE
25-1121,05,861,FIXTURE
25-1121,06,11299,FIXTURE
25-1121,08,1650,FIXTURE
25-1121,09,1030,FIXTURE
25-1121,10,283,FIXTURE
25-1121,11,197,FIXTURE
25-1121,12,6155,FIXTURE
25-1121,13,3061,FIXTURE
25-1121,15,416,FIXTURE
25-1121,16,525,FIXTURE
25-1121,17,3661,FIXTURE
25-1121,18,1939,FIXTURE
25-1121,19,912,FIXTURE
25-1121,20,840,FIXTURE
25-1121,21,1288,FIXTURE
25-1121,22,1331,FIXTURE
25-1121,23,389,FIXTURE
25-1121,24,1765,FIXTURE
25-1121,25,2009,FIXTURE
25-1121,26,2880,FIXTURE
25-1121,27,1631,FIXTURE
25-1121,28,846,FIXTURE
25-1121,29,1759,FIXTURE
25-1121,30,310,FIXTURE
25-1121,31,560,FIXTURE
25-1121,32,887,FIXTURE
25-1121,33,394,FIXTURE
25-1121,34,2654,FIXTURE
25-1121,35,605,FIXTURE
25-1121,36,5773,FIXTURE
25-1121,37,2983,FIXTURE
25-1121,38,223,FIXTURE
25-1121,39,3372,FIXTURE
25-1121,40,1131,FIXTURE
25-1121,41,1211,FIXTURE
25-1121,42,3716,FIXTURE
25-1121,44,314,FIXTURE
25-1121,45,1463,FIXTURE
25-1121,46,253,FIXTURE
25-1121,47,1975,FIXTURE
25-1121,48,8329,FIXTURE
25-1121,49,935,FIXTURE
25-1121,50,184,FIXTURE
25-1121,51,2467,FIXTURE
25-1121,53,2202,FIXTURE
25-1121,54,513,FIXTURE
25-1121,55,1684,FIXTURE
25-1121,56,165,FIXTURE
25-1122,01,414,FIXTURE
25-1122,02,60,FIXTURE
25-1122,04,590,FIXTURE
25-1122,05,248,FIXTURE
25-1122,06,3260,FIXTURE
25-1122,08,476,FIXTURE
25-1122,09,297,FIXTURE
25-1122,10,82,FIXTURE
25-1122,11,57,FIXTURE
25-1122,12,1776,FIXTURE
25-1122,13,883,FIXTURE
25-1122,15,120,FIXTURE
25-1122,16,152,FIXTURE
25-1122,17,1056,FIXTURE
25-1122,18,560,FIXTURE
25-1122,19,263,FIXTURE
25-1122,20,242,FIXTURE
25-1122,21,372,FIXTURE
25-1122,22,384,FIXTURE
25-1122,23,112,FIXTURE
25-1122,24,509,FIXTURE
25-1122,25,580,FIXTURE
25-1122,26,831,FIXTURE
25-1122,27,471,FIXTURE
25-1122,28,244,FIXTURE
25-1122,29,508,FIXTURE
25-1122,30,89,FIXTURE
25-1122,31,162,FIXTURE
25-1122,32,256,FIXTURE
25-1122,33,114,FIXTURE
25-1122,34,766,FIXTURE
25-1122,35,175,FIXTURE
25-1122,36,1666,FIXTURE
25-1122,37,861,FIXTURE
25-1122,38,64,FIXTURE
25-1122,39,973,FIXTURE
25-1122,40,326,FIXTURE
25-1122,41,349,FIXTURE
25-1122,42,1072,FIXTURE
25-1122,44,90,FIXTURE
25-1122,45,422,FIXTURE
25-1122,46,73,FIXTURE
25-1122,47,570,FIXTURE
25-1122,48,2403,FIXTURE
25-1122,49,270,FIXTURE
25-1122,50,53,FIXTURE
25-1122,51,712,FIXTURE
25-1122,53,635,FIXTURE
25-1122,54,148,FIXTURE
25-1122,55,486,FIXTURE
25-1122,56,48,FIXTURE
25-1123,01,886,FIXTURE
25-1123,02,129,FIXTURE
25-1123,04,1262,FIXTURE
25-1123,05,531,FIXTURE
25-1123,06,6976,FIXTURE
25-1123,08,1019,FIXTURE
25-1123,09,636,FIXTURE
25-1123,10,175,FIXTURE
25-1123,11,122,FIXTURE
25-1123,12,3800,FIXTURE
25-1123,13,1890,FIXTURE
25-1123,15,257,FIXTURE
25-1123,16,325,FIXTURE
25-1123,17,2261,FIXTURE
25-1123,18,1197,FIXTURE
25-1123,19,563,FIXTURE
25-1123,20,518,FIXTURE
25-1123,21,795,FIXTURE
25-1123,22,822,FIXTURE
25-1123,23,240,FIXTURE
25-1123,24,1090,FIXTURE
25-1123,25,1240,FIXTURE
25-1123,26,1778,FIXTURE
25-1123,27,1007,FIXTURE
25-1123,28,523,FIXTURE
25-1123,29,1086,FIXTURE
25-1123,30,191,FIXTURE
25-1123,31,346,FIXTURE
25-1123,32,548,FIXTURE
25-1123,33,243,FIXTURE
25-1123,34,1639,FIXTURE
25-1123,35,374,FIXTURE
25-1123,36,3564,FIXTURE
25-1123,37,1842,FIXTURE
25-1123,38,137,FIXTURE
25-1123,39,2082,FIXTURE
25-1123,40,699,FIXTURE
25-1123,41,748,FIXTURE
25-1123,42,2294,FIXTURE
25-1123,44,194,FIXTURE
25-1123,45,903,FIXTURE
25-1123,46,156,FIXTURE
25-1123,47,1219,FIXTURE
25-1123,48,5142,FIXTURE
25-1123,49,577,FIXTURE
25-1123,50,113,FIXTURE
25-1123,51,1523,FIXTURE
25-1123,53,1360,FIXTURE
25-1123,54,316,FIXTURE
25-1123,55,1040,FIXTURE
25-1123,56,102,FIXTURE
25-1124,01,298,FIXTURE
25-1124,02,43,FIXTURE
25-1124,04,424,FIXTURE
25-1124,05,178,FIXTURE
25-1124,06,2343,FIXTURE
25-1124,08,342,FIXTURE
25-1124,09,214,FIXTURE
25-1124,10,59,FIXTURE
25-1124,11,41,FIXTURE
25-1124,12,1276,FIXTURE
25-1124,13,635,FIXTURE
25-1124,15,86,FIXTURE
25-1124,16,109,FIXTURE
25-1124,17,759,FIXTURE
25-1124,18,402,FIXTURE
25-1124,19,189,FIXTURE
25-1124,20,174,FIXTURE
25-1124,21,267,FIXTURE
25-1124,22,276,FIXTURE
25-1124,23,81,FIXTURE
25-1124,24,366,FIXTURE
25-1124,25,417,FIXTURE
25-1124,26,597,FIXTURE
25-1124,27,338,FIXTURE
25-1124,28,175,FIXTURE
25-1124,29,365,FIXTURE
25-1124,30,64,FIXTURE
25-1124,31,116,FIXTURE
25-1124,32,184,FIXTURE
25-1124,33,82,FIXTURE
25-1124,34,550,FIXTURE
25-1124,35,125,FIXTURE
25-1124,36,1197,FIXTURE
25-1124,37,619,FIXTURE
25-1124,38,46,FIXTURE
25-1124,39,699,FIXTURE
25-1124,40,235,FIXTURE
25-1124,41,251,FIXTURE
25-1124,42,771,FIXTURE
25-1124,44,65,FIXTURE
25-1124,45,303,FIXTURE
25-1124,46,53,FIXTURE
25-1124,47,410,FIXTURE
25-1124,48,1727,FIXTURE
25-1124,49,194,FIXTURE
25-1124,50,38,FIXTURE
25-1124,51,511,FIXTURE
25-1124,53,457,FIXTURE
25-1124,54,106,FIXTURE
25-1124,55,349,FIXTURE
25-1124,56,34,FIXTURE
25-1125,01,282,FIXTURE
25-1125,02,41,FIXTURE
25-1125,04,401,FIXTURE
25-1125,05,169,FIXTURE
25-1125,06,2218,FIXTURE
25-1125,08,324,FIXTURE
25-1125,09,202,FIXTURE
25-1125,10,55,FIXTURE
25-1125,11,39,FIXTURE
25-1125,12,1208,FIXTURE
25-1125,13,601,FIXTURE
25-1125,15,82,FIXTURE
25-1125,16,103,FIXTURE
25-1125,17,719,FIXTURE
25-1125,18,381,FIXTURE
25-1125,19,179,FIXTURE
25-1125,20,165,FIXTURE
25-1125,21,253,FIXTURE
25-1125,22,261,FIXTURE
25-1125,23,76,FIXTURE
25-1125,24,346,FIXTURE
25-1125,25,394,FIXTURE
25-1125,26,565,FIXTURE
25-1125,27,320,FIXTURE
25-1125,28,166,FIXTURE
25-1125,29,345,FIXTURE
25-1125,30,61,FIXTURE
25-1125,31,110,FIXTURE
25-1125,32,174,FIXTURE
25-1125,33,77,FIXTURE
25-1125,34,521,FIXTURE
25-1125,35,119,FIXTURE
25-1125,36,1133,FIXTURE
25-1125,37,585,FIXTURE
25-1125,38,44,FIXTURE
25-1125,39,662,FIXTURE
25-1125,40,222,FIXTURE
25-1125,41,238,FIXTURE
25-1125,42,729,FIXTURE
25-1125,44,61,FIXTURE
25-1125,45,287,FIXTURE
25-1125,46,50,FIXTURE
25-1125,47,388,FIXTURE
25-1125,48,1635,FIXTURE
25-1125,49,183,FIXTURE
25-1125,50,36,FIXTURE
25-1125,51,484,FIXTURE
25-1125,53,432,FIXTURE
25-1125,54,101,FIXTURE
25-1125,55,331,FIXTURE
25-1125,56,32,FIXTURE
25-1126,01,316,FIXTURE
25-1126,02,46,FIXTURE
25-1126,04,450,FIXTURE
25-1126,05,189,FIXTURE
25-1126,06,2487,FIXTURE
25-1126,08,363,FIXTURE
25-1126,09,227,FIXTURE
25-1126,10,62,FIXTURE
25-1126,11,43,FIXTURE
25-1126,12,1355,FIXTURE
25-1126,13,674,FIXTURE
25-1126,15,92,FIXTURE
25-1126,16,116,FIXTURE
25-1126,17,806,FIXTURE
25-1126,18,427,FIXTURE
25-1126,19,201,FIXTURE
25-1126,20,185,FIXTURE
25-1126,21,283,FIXTURE
25-1126,22,293,FIXTURE
25-1126,23,86,FIXTURE
25-1126,24,389,FIXTURE
25-1126,25,442,FIXTURE
25-1126,26,634,FIXTURE
25-1126,27,359,FIXTURE
25-1126,28,186,FIXTURE
25-1126,29,387,FIXTURE
25-1126,30,68,FIXTURE
25-1126,31,123,FIXTURE
25-1126,32,195,FIXTURE
25-1126,33,87,FIXTURE
25-1126,34,584,FIXTURE
25-1126,35,133,FIXTURE
25-1126,36,1271,FIXTURE
25-1126,37,657,FIXTURE
25-1126,38,49,FIXTURE
25-1126,39,742,FIXTURE
25-1126,40,249,FIXTURE
25-1126,41,267,FIXTURE
25-1126,42,818,FIXTURE
25-1126,44,69,FIXTURE
25-1126,45,322,FIXTURE
25-1126,46,56,FIXTURE
25-1126,47,435,FIXTURE
25-1126,48,1833,FIXTURE
25-1126,49,206,FIXTURE
25-1126,50,40,FIXTURE
25-1126,51,543,FIXTURE
25-1126,53,485,FIXTURE
25-1126,54,113,FIXTURE
25-1126,55,371,FIXTURE
25-1126,56,36,FIXTURE
25-1192,01,41,FIXTURE
25-1192,02,6,FIXTURE
25-1192,04,59,FIXTURE
25-1192,05,25,FIXTURE
25-1192,06,326,FIXTURE
25-1192,08,48,FIXTURE
25-1192,09,30,FIXTURE
25-1192,10,8,FIXTURE
25-1192,11,6,FIXTURE
25-1192,12,177,FIXTURE
25-1192,13,88,FIXTURE
25-1192,15,12,FIXTURE
25-1192,16,15,FIXTURE
25-1192,17,106,FIXTURE
25-1192,18,56,FIXTURE
25-1192,19,26,FIXTURE
25-1192,20,24,FIXTURE
25-1192,21,37,FIXTURE
25-1192,22,38,FIXTURE
25-1192,23,11,FIXTURE
25-1192,24,51,FIXTURE
25-1192,25,58,FIXTURE
25-1192,26,83,FIXTURE
25-1192,27,47,FIXTURE
25-1192,28,24,FIXTURE
25-1192,29,51,FIXTURE
25-1192,30,9,FIXTURE
25-1192,31,16,FIXTURE
25-1192,32,26,FIXTURE
25-1192,33,11,FIXTURE
25-1192,34,77,FIXTURE
25-1192,35,17,FIXTURE
25-1192,36,166,FIXTURE
25-1192,37,86,FIXTURE
25-1192,38,6,FIXTURE
25-1192,39,97,FIXTURE
25-1192,40,33,FIXTURE
25-1192,41,35,FIXTURE
25-1192,42,107,FIXTURE
25-1192,44,9,FIXTURE
25-1192,45,42,FIXTURE
25-1192,46,7,FIXTURE
25-1192,47,57,FIXTURE
25-1192,48,240,FIXTURE
25-1192,49,27,FIXTURE
25-1192,50,5,FIXTURE
25-1192,51,71,FIXTURE
25-1192,53,64,FIXTURE
25-1192,54,15,FIXTURE
25-1192,55,49,FIXTURE
25-1192,56,5,FIXTURE
25-1193,01,210,FIXTURE
25-1193,02,31,FIXTURE
25-1193,04,299,FIXTURE
25-1193,05,126,FIXTURE
25-1193,06,1653,FIXTURE
25-1193,08,241,FIXTURE
25-1193,09,151,FIXTURE
25-1193,10,41,FIXTURE
25-1193,11,29,FIXTURE
25-1193,12,901,FIXTURE
25-1193,13,448,FIXTURE
25-1193,15,61,FIXTURE
25-1193,16,77,FIXTURE
25-1193,17,536,FIXTURE
25-1193,18,284,FIXTURE
25-1193,19,133,FIXTURE
25-1193,20,123,FIXTURE
25-1193,21,188,FIXTURE
25-1193,22,195,FIXTURE
25-1193,23,57,FIXTURE
25-1193,24,258,FIXTURE
25-1193,25,294,FIXTURE
25-1193,26,421,FIXTURE
25-1193,27,239,FIXTURE
25-1193,28,124,FIXTURE
25-1193,29,257,FIXTURE
25-1193,30,45,FIXTURE
25-1193,31,82,FIXTURE
25-1193,32,130,FIXTURE
25-1193,33,58,FIXTURE
25-1193,34,388,FIXTURE
25-1193,35,89,FIXTURE
25-1193,36,845,FIXTURE
25-1193,37,436,FIXTURE
25-1193,38,33,FIXTURE
25-1193,39,493,FIXTURE
25-1193,40,166,FIXTURE
25-1193,41,177,FIXTURE
25-1193,42,544,FIXTURE
25-1193,44,46,FIXTURE
25-1193,45,214,FIXTURE
25-1193,46,37,FIXTURE
25-1193,47,289,FIXTURE
25-1193,48,1219,FIXTURE
25-1193,49,137,FIXTURE
25-1193,50,27,FIXTURE
25-1193,51,361,FIXTURE
25-1193,53,322,FIXTURE
25-1193,54,75,FIXTURE
25-1193,55,246,FIXTURE
25-1193,56,24,FIXTURE
25-1194,01,1598,FIXTURE
25-1194,02,233,FIXTURE
25-1194,04,2275,FIXTURE
25-1194,05,958,FIXTURE
25-1194,06,12578,FIXTURE
25-1194,08,1837,FIXTURE
25-1194,09,1147,FIXTURE
25-1194,10,315,FIXTURE
25-1194,11,219,FIXTURE
25-1194,12,6852,FIXTURE
25-1194,13,3408,FIXTURE
25-1194,15,463,FIXTURE
25-1194,16,585,FIXTURE
25-1194,17,4076,FIXTURE
25-1194,18,2159,FIXTURE
25-1194,19,1015,FIXTURE
25-1194,20,935,FIXTURE
25-1194,21,1433,FIXTURE
25-1194,22,1482,FIXTURE
25-1194,23,433,FIXTURE
25-1194,24,1965,FIXTURE
25-1194,25,2236,FIXTURE
25-1194,26,3206,FIXTURE
25-1194,27,1815,FIXTURE
25-1194,28,942,FIXTURE
25-1194,29,1958,FIXTURE
25-1194,30,345,FIXTURE
25-1194,31,624,FIXTURE
25-1194,32,988,FIXTURE
25-1194,33,438,FIXTURE
25-1194,34,2955,FIXTURE
25-1194,35,674,FIXTURE
25-1194,36,6426,FIXTURE
25-1194,37,3321,FIXTURE
25-1194,38,248,FIXTURE
25-1194,39,3754,FIXTURE
25-1194,40,1259,FIXTURE
25-1194,41,1348,FIXTURE
25-1194,42,4136,FIXTURE
25-1194,44,349,FIXTURE
25-1194,45,1628,FIXTURE
25-1194,46,282,FIXTURE
25-1194,47,2198,FIXTURE
25-1194,48,9272,FIXTURE
25-1194,49,1041,FIXTURE
25-1194,50,205,FIXTURE
25-1194,51,2746,FIXTURE
25-1194,53,2451,FIXTURE
25-1194,54,571,FIXTURE
25-1194,55,1875,FIXTURE
25-1194,56,183,FIXTURE
25-1199,01,3017,FIXTURE
25-1199,02,440,FIXTURE
25-1199,04,4294,FIXTURE
25-1199,05,1808,FIXTURE
25-1199,06,23741,FIXTURE
25-1199,08,3467,FIXTURE
25-1199,09,2165,FIXTURE
25-1199,10,594,FIXTURE
25-1199,11,414,FIXTURE
25-1199,12,12933,FIXTURE
25-1199,13,6432,FIXTURE
25-1199,15,874,FIXTURE
25-1199,16,1104,FIXTURE
25-1199,17,7693,FIXTURE
25-1199,18,4074,FIXTURE
25-1199,19,1916,FIXTURE
25-1199,20,1764,FIXTURE
25-1199,21,2706,FIXTURE
25-1199,22,2797,FIXTURE
25-1199,23,818,FIXTURE
25-1199,24,3709,FIXTURE
25-1199,25,4221,FIXTURE
25-1199,26,6051,FIXTURE
25-1199,27,3427,FIXTURE
25-1199,28,1778,FIXTURE
25-1199,29,3696,FIXTURE
25-1199,30,651,FIXTURE
25-1199,31,1178,FIXTURE
25-1199,32,1864,FIXTURE
25-1199,33,827,FIXTURE
25-1199,34,5578,FIXTURE
25-1199,35,1272,FIXTURE
25-1199,36,12130,FIXTURE
25-1199,37,6268,FIXTURE
25-1199,38,468,FIXTURE
25-1199,39,7085,FIXTURE
25-1199,40,2377,FIXTURE
25-1199,41,2544,FIXTURE
25-1199,42,7808,FIXTURE
25-1199,44,659,FIXTURE
25-1199,45,3073,FIXTURE
25-1199,46,532,FIXTURE
25-1199,47,4150,FIXTURE
25-1199,48,17501,FIXTURE
25-1199,49,1964,FIXTURE
25-1199,50,386,FIXTURE
25-1199,51,5183,FIXTURE
25-1199,53,4627,FIXTURE
25-1199,54,1077,FIXTURE
25-1199,55,3539,FIXTURE
25-1199,56,346,FIXTURE
25-2011,01,5937,FIXTURE
25-2011,02,867,FIXTURE
25-2011,04,8451,FIXTURE
25-2011,05,3559,FIXTURE
25-2011,06,46722,FIXTURE
25-2011,08,6823,FIXTURE
25-2011,09,4261,FIXTURE
25-2011,10,1170,FIXTURE
25-2011,11,815,FIXTURE
25-2011,12,25451,FIXTURE
25-2011,13,12658,FIXTURE
25-2011,15,1720,FIXTURE
25-2011,16,2173,FIXTURE
25-2011,17,15140,FIXTURE
25-2011,18,8018,FIXTURE
25-2011,19,3770,FIXTURE
25-2011,20,3472,FIXTURE
25-2011,21,5324,FIXTURE
25-2011,22,5504,FIXTURE
25-2011,23,1610,FIXTURE
25-2011,24,7300,FIXTURE
25-2011,25,8307,FIXTURE
25-2011,26,11908,FIXTURE
25-2011,27,6743,FIXTURE
25-2011,28,3499,FIXTURE
25-2011,29,7273,FIXTURE
25-2011,30,1281,FIXTURE
25-2011,31,2318,FIXTURE
25-2011,32,3669,FIXTURE
25-2011,33,1628,FIXTURE
25-2011,34,10977,FIXTURE
25-2011,35,2502,FIXTURE
25-2011,36,23872,FIXTURE
25-2011,37,12336,FIXTURE
25-2011,38,921,FIXTURE
25-2011,39,13943,FIXTURE
25-2011,40,4679,FIXTURE
25-2011,41,5007,FIXTURE
25-2011,42,15365,FIXTURE
25-2011,44,1297,FIXTURE
25-2011,45,6048,FIXTURE
25-2011,46,1048,FIXTURE
25-2011,47,8166,FIXTURE
25-2011,48,34441,FIXTURE
25-2011,49,3866,FIXTURE
25-2011,50,760,FIXTURE
25-2011,51,10200,FIXTURE
25-2011,53,9105,FIXTURE
25-2011,54,2120,FIXTURE
25-2011,55,6964,FIXTURE
25-2011,56,682,FIXTURE
25-2012,01,1830,FIXTURE
25-2012,02,267,FIXTURE
25-2012,04,2605,FIXTURE
25-2012,05,1097,FIXTURE
25-2012,06,14402,FIXTURE
25-2012,08,2103,FIXTURE
25-2012,09,1313,FIXTURE
25-2012,10,361,FIXTURE
25-2012,11,251,FIXTURE
25-2012,12,7845,FIXTURE
25-2012,13,3902,FIXTURE
25-2012,15,530,FIXTURE
25-2012,16,670,FIXTURE
25-2012,17,4667,FIXTURE
25-2012,18,2472,FIXTURE
25-2012,19,1162,FIXTURE
25-2012,20,1070,FIXTURE
25-2012,21,1641,FIXTURE
25-2012,22,1697,FIXTURE
25-2012,23,496,FIXTURE
25-2012,24,2250,FIXTURE
25-2012,25,2561,FIXTURE
25-2012,26,3671,FIXTURE
25-2012,27,2079,FIXTURE
25-2012,28,1079,FIXTURE
25-2012,29,2242,FIXTURE
25-2012,30,395,FIXTURE
25-2012,31,714,FIXTURE
25-2012,32,1131,FIXTURE
25-2012,33,502,FIXTURE
25-2012,34,3383,FIXTURE
25-2012,35,771,FIXTURE
25-2012,36,7358,FIXTURE
25-2012,37,3803,FIXTURE
25-2012,38,284,FIXTURE
25-2012,39,4298,FIXTURE
25-2012,40,1442,FIXTURE
25-2012,41,1543,FIXTURE
25-2012,42,4736,FIXTURE
25-2012,44,400,FIXTURE
25-2012,45,1864,FIXTURE
25-2012,46,323,FIXTURE
25-2012,47,2517,FIXTURE
25-2012,48,10616,FIXTURE
25-2012,49,1192,FIXTURE
25-2012,50,234,FIXTURE
25-2012,51,3144,FIXTURE
25-2012,53,2807,FIXTURE
25-2012,54,653,FIXTURE
25-2012,55,2147,FIXTURE
25-2012,56,210,FIXTURE
25-2021,01,20150,FIXTURE
25-2021,02,2941,FIXTURE
25-2021,04,28681,FIXTURE
25-2021,05,12078,FIXTURE
25-2021,06,158568,FIXTURE
25-2021,08,23156,FIXTURE
25-2021,09,14462,FIXTURE
25-2021,10,3970,FIXTURE
25-2021,11,2765,FIXTURE
25-2021,12,86379,FIXTURE
25-2021,13,42960,FIXTURE
25-2021,15,5836,FIXTURE
25-2021,16,7376,FIXTURE
25-2021,17,51385,FIXTURE
25-2021,18,27213,FIXTURE
25-2021,19,12795,FIXTURE
25-2021,20,11782,FIXTURE
25-2021,21,18071,FIXTURE
25-2021,22,18680,FIXTURE
25-2021,23,5464,FIXTURE
25-2021,24,24774,FIXTURE
25-2021,25,28194,FIXTURE
25-2021,26,40415,FIXTURE
25-2021,27,22886,FIXTURE
25-2021,28,11876,FIXTURE
25-2021,29,24684,FIXTURE
25-2021,30,4348,FIXTURE
25-2021,31,7867,FIXTURE
25-2021,32,12451,FIXTURE
25-2021,33,5525,FIXTURE
25-2021,34,37254,FIXTURE
25-2021,35,8492,FIXTURE
25-2021,36,81017,FIXTURE
25-2021,37,41867,FIXTURE
25-2021,38,3125,FIXTURE
25-2021,39,47322,FIXTURE
25-2021,40,15879,FIXTURE
25-2021,41,16994,FIXTURE
25-2021,42,52147,FIXTURE
25-2021,44,4401,FIXTURE
25-2021,45,20528,FIXTURE
25-2021,46,3556,FIXTURE
25-2021,47,27716,FIXTURE
25-2021,48,116888,FIXTURE
25-2021,49,13121,FIXTURE
25-2021,50,2579,FIXTURE
25-2021,51,34616,FIXTURE
25-2021,53,30902,FIXTURE
25-2021,54,7194,FIXTURE
25-2021,55,23637,FIXTURE
25-2021,56,2313,FIXTURE
25-2022,01,8974,FIXTURE
25-2022,02,1310,FIXTURE
25-2022,04,12773,FIXTURE
25-2022,05,5379,FIXTURE
25-2022,06,70619,FIXTURE
25-2022,08,10312,FIXTURE
25-2022,09,6441,FIXTURE
25-2022,10,1768,FIXTURE
25-2022,11,1232,FIXTURE
25-2022,12,38469,FIXTURE
25-2022,13,19133,FIXTURE
25-2022,15,2599,FIXTURE
25-2022,16,3285,FIXTURE
25-2022,17,22884,FIXTURE
25-2022,18,12120,FIXTURE
25-2022,19,5698,FIXTURE
25-2022,20,5247,FIXTURE
25-2022,21,8048,FIXTURE
25-2022,22,8319,FIXTURE
25-2022,23,2433,FIXTURE
25-2022,24,11033,FIXTURE
25-2022,25,12556,FIXTURE
25-2022,26,17999,FIXTURE
25-2022,27,10192,FIXTURE
25-2022,28,5289,FIXTURE
25-2022,29,10993,FIXTURE
25-2022,30,1937,FIXTURE
25-2022,31,3504,FIXTURE
25-2022,32,5545,FIXTURE
25-2022,33,2460,FIXTURE
25-2022,34,16591,FIXTURE
25-2022,35,3782,FIXTURE
25-2022,36,36081,FIXTURE
25-2022,37,18646,FIXTURE
25-2022,38,1392,FIXTURE
25-2022,39,21075,FIXTURE
25-2022,40,7072,FIXTURE
25-2022,41,7568,FIXTURE
25-2022,42,23224,FIXTURE
25-2022,44,1960,FIXTURE
25-2022,45,9142,FIXTURE
25-2022,46,1584,FIXTURE
25-2022,47,12343,FIXTURE
25-2022,48,52057,FIXTURE
25-2022,49,5843,FIXTURE
25-2022,50,1149,FIXTURE
25-2022,51,15417,FIXTURE
25-2022,53,13762,FIXTURE
25-2022,54,3204,FIXTURE
25-2022,55,10527,FIXTURE
25-2022,56,1030,FIXTURE
25-2023,01,179,FIXTURE
25-2023,02,26,FIXTURE
25-2023,04,255,FIXTURE
25-2023,05,108,FIXTURE
25-2023,06,1412,FIXTURE
25-2023,08,206,FIXTURE
25-2023,09,129,FIXTURE
25-2023,10,35,FIXTURE
25-2023,11,25,FIXTURE
25-2023,12,769,FIXTURE
25-2023,13,383,FIXTURE
25-2023,15,52,FIXTURE
25-2023,16,66,FIXTURE
25-2023,17,458,FIXTURE
25-2023,18,242,FIXTURE
25-2023,19,114,FIXTURE
25-2023,20,105,FIXTURE
25-2023,21,161,FIXTURE
25-2023,22,166,FIXTURE
25-2023,23,49,FIXTURE
25-2023,24,221,FIXTURE
25-2023,25,251,FIXTURE
25-2023,26,360,FIXTURE
25-2023,27,204,FIXTURE
25-2023,28,106,FIXTURE
25-2023,29,220,FIXTURE
25-2023,30,39,FIXTURE
25-2023,31,70,FIXTURE
25-2023,32,111,FIXTURE
25-2023,33,49,FIXTURE
25-2023,34,332,FIXTURE
25-2023,35,76,FIXTURE
25-2023,36,722,FIXTURE
25-2023,37,373,FIXTURE
25-2023,38,28,FIXTURE
25-2023,39,421,FIXTURE
25-2023,40,141,FIXTURE
25-2023,41,151,FIXTURE
25-2023,42,464,FIXTURE
25-2023,44,39,FIXTURE
25-2023,45,183,FIXTURE
25-2023,46,32,FIXTURE
25-2023,47,247,FIXTURE
25-2023,48,1041,FIXTURE
25-2023,49,117,FIXTURE
25-2023,50,23,FIXTURE
25-2023,51,308,FIXTURE
25-2023,53,275,FIXTURE
25-2023,54,64,FIXTURE
25-2023,55,211,FIXTURE
25-2023,56,21,FIXTURE
25-2031,01,15465,FIXTURE
25-2031,02,2257,FIXTURE
25-2031,04,22013,FIXTURE
25-2031,05,9270,FIXTURE
25-2031,06,121703,FIXTURE
25-2031,08,17772,FIXTURE
25-2031,09,11100,FIXTURE
25-2031,10,3047,FIXTURE
25-2031,11,2123,FIXTURE
25-2031,12,66297,FIXTURE
25-2031,13,32973,FIXTURE
25-2031,15,4480,FIXTURE
25-2031,16,5661,FIXTURE
25-2031,17,39438,FIXTURE
25-2031,18,20887,FIXTURE
25-2031,19,9820,FIXTURE
25-2031,20,9043,FIXTURE
25-2031,21,13870,FIXTURE
25-2031,22,14337,FIXTURE
25-2031,23,4194,FIXTURE
25-2031,24,19014,FIXTURE
25-2031,25,21639,FIXTURE
25-2031,26,31019,FIXTURE
25-2031,27,17565,FIXTURE
25-2031,28,9115,FIXTURE
25-2031,29,18946,FIXTURE
25-2031,30,3337,FIXTURE
25-2031,31,6038,FIXTURE
25-2031,32,9556,FIXTURE
25-2031,33,4240,FIXTURE
25-2031,34,28593,FIXTURE
25-2031,35,6518,FIXTURE
25-2031,36,62182,FIXTURE
25-2031,37,32134,FIXTURE
25-2031,38,2398,FIXTURE
25-2031,39,36320,FIXTURE
25-2031,40,12187,FIXTURE
25-2031,41,13043,FIXTURE
25-2031,42,40024,FIXTURE
25-2031,44,3378,FIXTURE
25-2031,45,15755,FIXTURE
25-2031,46,2729,FIXTURE
25-2031,47,21272,FIXTURE
25-2031,48,89713,FIXTURE
25-2031,49,10070,FIXTURE
25-2031,50,1980,FIXTURE
25-2031,51,26568,FIXTURE
25-2031,53,23718,FIXTURE
25-2031,54,5521,FIXTURE
25-2031,55,18142,FIXTURE
25-2031,56,1776,FIXTURE
25-2032,01,1279,FIXTURE
25-2032,02,187,FIXTURE
25-2032,04,1820,FIXTURE
25-2032,05,766,FIXTURE
25-2032,06,10063,FIXTURE
25-2032,08,1470,FIXTURE
25-2032,09,918,FIXTURE
25-2032,10,252,FIXTURE
25-2032,11,175,FIXTURE
25-2032,12,5482,FIXTURE
25-2032,13,2726,FIXTURE
25-2032,15,370,FIXTURE
25-2032,16,468,FIXTURE
25-2032,17,3261,FIXTURE
25-2032,18,1727,FIXTURE
25-2032,19,812,FIXTURE
25-2032,20,748,FIXTURE
25-2032,21,1147,FIXTURE
25-2032,22,1185,FIXTURE
25-2032,23,347,FIXTURE
25-2032,24,1572,FIXTURE
25-2032,25,1789,FIXTURE
25-2032,26,2565,FIXTURE
25-2032,27,1452,FIXTURE
25-2032,28,754,FIXTURE
25-2032,29,1567,FIXTURE
25-2032,30,276,FIXTURE
25-2032,31,499,FIXTURE
25-2032,32,790,FIXTURE
25-2032,33,351,FIXTURE
25-2032,34,2364,FIXTURE
25-2032,35,539,FIXTURE
25-2032,36,5142,FIXTURE
25-2032,37,2657,FIXTURE
25-2032,38,198,FIXTURE
25-2032,39,3003,FIXTURE
25-2032,40,1008,FIXTURE
25-2032,41,1078,FIXTURE
25-2032,42,3309,FIXTURE
25-2032,44,279,FIXTURE
25-2032,45,1303,FIXTURE
25-2032,46,226,FIXTURE
25-2032,47,1759,FIXTURE
25-2032,48,7418,FIXTURE
25-2032,49,833,FIXTURE
25-2032,50,164,FIXTURE
25-2032,51,2197,FIXTURE
25-2032,53,1961,FIXTURE
25-2032,54,457,FIXTURE
25-2032,55,1500,FIXTURE
25-2032,56,147,FIXTURE
25-2051,01,320,FIXTURE
25-2051,02,47,FIXTURE
25-2051,04,456,FIXTURE
25-2051,05,192,FIXTURE
25-2051,06,2521,FIXTURE
25-2051,08,368,FIXTURE
25-2051,09,230,FIXTURE
25-2051,10,63,FIXTURE
25-2051,11,44,FIXTURE
25-2051,12,1373,FIXTURE
25-2051,13,683,FIXTURE
25-2051,15,93,FIXTURE
25-2051,16,117,FIXTURE
25-2051,17,817,FIXTURE
25-2051,18,433,FIXTURE
25-2051,19,203,FIXTURE
25-2051,20,187,FIXTURE
25-2051,21,287,FIXTURE
25-2051,22,297,FIXTURE
25-2051,23,87,FIXTURE
25-2051,24,394,FIXTURE
25-2051,25,448,FIXTURE
25-2051,26,642,FIXTURE
25-2051,27,364,FIXTURE
25-2051,28,189,FIXTURE
25-2051,29,392,FIXTURE
25-2051,30,69,FIXTURE
25-2051,31,125,FIXTURE
25-2051,32,198,FIXTURE
25-2051,33,88,FIXTURE
25-2051,34,592,FIXTURE
25-2051,35,135,FIXTURE
25-2051,36,1288,FIXTURE
25-2051,37,665,FIXTURE
25-2051,38,50,FIXTURE
25-2051,39,752,FIXTURE
25-2051,40,252,FIXTURE
25-2051,41,270,FIXTURE
25-2051,42,829,FIXTURE
25-2051,44,70,FIXTURE
25-2051,45,326,FIXTURE
25-2051,46,57,FIXTURE
25-2051,47,441,FIXTURE
25-2051,48,1858,FIXTURE
25-2051,49,209,FIXTURE
25-2051,50,41,FIXTURE
25-2051,51,550,FIXTURE
25-2051,53,491,FIXTURE
25-2051,54,114,FIXTURE
25-2051,55,376,FIXTURE
25-2051,56,37,FIXTURE
25-2052,01,2836,FIXTURE
25-2052,02,414,FIXTURE
25-2052,04,4036,FIXTURE
25-2052,05,1700,FIXTURE
25-2052,06,22315,FIXTURE
25-2052,08,3259,FIXTURE
25-2052,09,2035,FIXTURE
25-2052,10,559,FIXTURE
25-2052,11,389,FIXTURE
25-2052,12,12156,FIXTURE
25-2052,13,6046,FIXTURE
25-2052,15,821,FIXTURE
25-2052,16,1038,FIXTURE
25-2052,17,7231,FIXTURE
25-2052,18,3830,FIXTURE
25-2052,19,1801,FIXTURE
25-2052,20,1658,FIXTURE
25-2052,21,2543,FIXTURE
25-2052,22,2629,FIXTURE
25-2052,23,769,FIXTURE
25-2052,24,3486,FIXTURE
25-2052,25,3968,FIXTURE
25-2052,26,5688,FIXTURE
25-2052,27,3221,FIXTURE
25-2052,28,1671,FIXTURE
25-2052,29,3474,FIXTURE
25-2052,30,612,FIXTURE
25-2052,31,1107,FIXTURE
25-2052,32,1752,FIXTURE
25-2052,33,777,FIXTURE
25-2052,34,5243,FIXTURE
25-2052,35,1195,FIXTURE
25-2052,36,11402,FIXTURE
25-2052,37,5892,FIXTURE
25-2052,38,440,FIXTURE
25-2052,39,6660,FIXTURE
25-2052,40,2235,FIXTURE
25-2052,41,2391,FIXTURE
25-2052,42,7339,FIXTURE
25-2052,44,619,FIXTURE
25-2052,45,2889,FIXTURE
25-2052,46,500,FIXTURE
25-2052,47,3900,FIXTURE
25-2052,48,16450,FIXTURE
25-2052,49,1846,FIXTURE
25-2052,50,363,FIXTURE
25-2052,51,4872,FIXTURE
25-2052,53,4349,FIXTURE
25-2052,54,1012,FIXTURE
25-2052,55,3326,FIXTURE
25-2052,56,326,FIXTURE
25-2057,01,1199,FIXTURE
25-2057,02,175,FIXTURE
25-2057,04,1706,FIXTURE
25-2057,05,718,FIXTURE
25-2057,06,9432,FIXTURE
25-2057,08,1377,FIXTURE
25-2057,09,860,FIXTURE
25-2057,10,236,FIXTURE
25-2057,11,164,FIXTURE
25-2057,12,5138,FIXTURE
25-2057,13,2555,FIXTURE
25-2057,15,347,FIXTURE
25-2057,16,439,FIXTURE
25-2057,17,3057,FIXTURE
25-2057,18,1619,FIXTURE
25-2057,19,761,FIXTURE
25-2057,20,701,FIXTURE
25-2057,21,1075,FIXTURE
25-2057,22,1111,FIXTURE
25-2057,23,325,FIXTURE
25-2057,24,1474,FIXTURE
25-2057,25,1677,FIXTURE
25-2057,26,2404,FIXTURE
25-2057,27,1361,FIXTURE
25-2057,28,706,FIXTURE
25-2057,29,1468,FIXTURE
25-2057,30,259,FIXTURE
25-2057,31,468,FIXTURE
25-2057,32,741,FIXTURE
25-2057,33,329,FIXTURE
25-2057,34,2216,FIXTURE
25-2057,35,505,FIXTURE
25-2057,36,4819,FIXTURE
25-2057,37,2490,FIXTURE
25-2057,38,186,FIXTURE
25-2057,39,2815,FIXTURE
25-2057,40,945,FIXTURE
25-2057,41,1011,FIXTURE
25-2057,42,3102,FIXTURE
25-2057,44,262,FIXTURE
25-2057,45,1221,FIXTURE
25-2057,46,212,FIXTURE
25-2057,47,1649,FIXTURE
25-2057,48,6953,FIXTURE
25-2057,49,780,FIXTURE
25-2057,50,153,FIXTURE
25-2057,51,2059,FIXTURE
25-2057,53,1838,FIXTURE
25-2057,54,428,FIXTURE
25-2057,55,1406,FIXTURE
25-2057,56,138,FIXTURE
25-2058,01,2208,FIXTURE
25-2058,02,322,FIXTURE
25-2058,04,3143,FIXTURE
25-2058,05,1324,FIXTURE
25-2058,06,17379,FIXTURE
25-2058,08,2538,FIXTURE
25-2058,09,1585,FIXTURE
25-2058,10,435,FIXTURE
25-2058,11,303,FIXTURE
25-2058,12,9467,FIXTURE
25-2058,13,4708,FIXTURE
25-2058,15,640,FIXTURE
25-2058,16,808,FIXTURE
25-2058,17,5632,FIXTURE
25-2058,18,2983,FIXTURE
25-2058,19,1402,FIXTURE
25-2058,20,1291,FIXTURE
25-2058,21,1981,FIXTURE
25-2058,22,2047,FIXTURE
25-2058,23,599,FIXTURE
25-2058,24,2715,FIXTURE
25-2058,25,3090,FIXTURE
25-2058,26,4430,FIXTURE
25-2058,27,2508,FIXTURE
25-2058,28,1302,FIXTURE
25-2058,29,2705,FIXTURE
25-2058,30,477,FIXTURE
25-2058,31,862,FIXTURE
25-2058,32,1365,FIXTURE
25-2058,33,605,FIXTURE
25-2058,34,4083,FIXTURE
25-2058,35,931,FIXTURE
25-2058,36,8880,FIXTURE
25-2058,37,4589,FIXTURE
25-2058,38,342,FIXTURE
25-2058,39,5187,FIXTURE
25-2058,40,1740,FIXTURE
25-2058,41,1863,FIXTURE
25-2058,42,5715,FIXTURE
25-2058,44,482,FIXTURE
25-2058,45,2250,FIXTURE
25-2058,46,390,FIXTURE
25-2058,47,3038,FIXTURE
25-2058,48,12811,FIXTURE
25-2058,49,1438,FIXTURE
25-2058,50,283,FIXTURE
25-2058,51,3794,FIXTURE
25-2058,53,3387,FIXTURE
25-2058,54,788,FIXTURE
25-2058,55,2591,FIXTURE
25-2058,56,254,FIXTURE
25-2059,01,576,FIXTURE
25-2059,02,84,FIXTURE
25-2059,04,820,FIXTURE
25-2059,05,345,FIXTURE
25-2059,06,4533,FIXTURE
25-2059,08,662,FIXTURE
25-2059,09,413,FIXTURE
25-2059,10,113,FIXTURE
25-2059,11,79,FIXTURE
25-2059,12,2469,FIXTURE
25-2059,13,1228,FIXTURE
25-2059,15,167,FIXTURE
25-2059,16,211,FIXTURE
25-2059,17,1469,FIXTURE
25-2059,18,778,FIXTURE
25-2059,19,366,FIXTURE
25-2059,20,337,FIXTURE
25-2059,21,517,FIXTURE
25-2059,22,534,FIXTURE
25-2059,23,156,FIXTURE
25-2059,24,708,FIXTURE
25-2059,25,806,FIXTURE
25-2059,26,1155,FIXTURE
25-2059,27,654,FIXTURE
25-2059,28,339,FIXTURE
25-2059,29,706,FIXTURE
25-2059,30,124,FIXTURE
25-2059,31,225,FIXTURE
25-2059,32,356,FIXTURE
25-2059,33,158,FIXTURE
25-2059,34,1065,FIXTURE
25-2059,35,243,FIXTURE
25-2059,36,2316,FIXTURE
25-2059,37,1197,FIXTURE
25-2059,38,89,FIXTURE
25-2059,39,1353,FIXTURE
25-2059,40,454,FIXTURE
25-2059,41,486,FIXTURE
25-2059,42,1491,FIXTURE
25-2059,44,126,FIXTURE
25-2059,45,587,FIXTURE
25-2059,46,102,FIXTURE
25-2059,47,792,FIXTURE
25-2059,48,3341,FIXTURE
25-2059,49,375,FIXTURE
25-2059,50,74,FIXTURE
25-2059,51,990,FIXTURE
25-2059,53,883,FIXTURE
25-2059,54,206,FIXTURE
25-2059,55,676,FIXTURE
25-2059,56,66,FIXTURE
25-3011,01,580,FIXTURE
25-3011,02,85,FIXTURE
25-3011,04,826,FIXTURE
25-3011,05,348,FIXTURE
25-3011,06,4564,FIXTURE
25-3011,08,667,FIXTURE
25-3011,09,416,FIXTURE
25-3011,10,114,FIXTURE
25-3011,11,80,FIXTURE
25-3011,12,2486,FIXTURE
25-3011,13,1237,FIXTURE
25-3011,15,168,FIXTURE
25-3011,16,212,FIXTURE
25-3011,17,1479,FIXTURE
25-3011,18,783,FIXTURE
25-3011,19,368,FIXTURE
25-3011,20,339,FIXTURE
25-3011,21,520,FIXTURE
25-3011,22,538,FIXTURE
25-3011,23,157,FIXTURE
25-3011,24,713,FIXTURE
25-3011,25,812,FIXTURE
25-3011,26,1163,FIXTURE
25-3011,27,659,FIXTURE
25-3011,28,342,FIXTURE
25-3011,29,711,FIXTURE
25-3011,30,125,FIXTURE
25-3011,31,226,FIXTURE
25-3011,32,358,FIXTURE
25-3011,33,159,FIXTURE
25-3011,34,1072,FIXTURE
25-3011,35,244,FIXTURE
25-3011,36,2332,FIXTURE
25-3011,37,1205,FIXTURE
25-3011,38,90,FIXTURE
25-3011,39,1362,FIXTURE
25-3011,40,457,FIXTURE
25-3011,41,489,FIXTURE
25-3011,42,1501,FIXTURE
25-3011,44,127,FIXTURE
25-3011,45,591,FIXTURE
25-3011,46,102,FIXTURE
25-3011,47,798,FIXTURE
25-3011,48,3364,FIXTURE
25-3011,49,378,FIXTURE
25-3011,50,74,FIXTURE
25-3011,51,996,FIXTURE
25-3011,53,889,FIXTURE
25-3011,54,207,FIXTURE
25-3011,55,680,FIXTURE
25-3011,56,67,FIXTURE
25-3021,01,3288,FIXTURE
25-3021,02,480,FIXTURE
25-3021,04,4680,FIXTURE
25-3021,05,1971,FIXTURE
25-3021,06,25875,FIXTURE
25-3021,08,3778,FIXTURE
25-3021,09,2360,FIXTURE
25-3021,10,648,FIXTURE
25-3021,11,451,FIXTURE
25-3021,12,14095,FIXTURE
25-3021,13,7010,FIXTURE
25-3021,15,952,FIXTURE
25-3021,16,1204,FIXTURE
25-3021,17,8385,FIXTURE
25-3021,18,4441,FIXTURE
25-3021,19,2088,FIXTURE
25-3021,20,1923,FIXTURE
25-3021,21,2949,FIXTURE
25-3021,22,3048,FIXTURE
25-3021,23,892,FIXTURE
25-3021,24,4042,FIXTURE
25-3021,25,4601,FIXTURE
25-3021,26,6595,FIXTURE
25-3021,27,3734,FIXTURE
25-3021,28,1938,FIXTURE
25-3021,29,4028,FIXTURE
25-3021,30,709,FIXTURE
25-3021,31,1284,FIXTURE
25-3021,32,2032,FIXTURE
25-3021,33,901,FIXTURE
25-3021,34,6079,FIXTURE
25-3021,35,1386,FIXTURE
25-3021,36,13220,FIXTURE
25-3021,37,6832,FIXTURE
25-3021,38,510,FIXTURE
25-3021,39,7722,FIXTURE
25-3021,40,2591,FIXTURE
25-3021,41,2773,FIXTURE
25-3021,42,8509,FIXTURE
25-3021,44,718,FIXTURE
25-3021,45,3350,FIXTURE
25-3021,46,580,FIXTURE
25-3021,47,4523,FIXTURE
25-3021,48,19074,FIXTURE
25-3021,49,2141,FIXTURE
25-3021,50,421,FIXTURE
25-3021,51,5649,FIXTURE
25-3021,53,5042,FIXTURE
25-3021,54,1174,FIXTURE
25-3021,55,3857,FIXTURE
25-3021,56,377,FIXTURE
25-3031,01,5679,FIXTURE
25-3031,02,829,FIXTURE
25-3031,04,8083,FIXTURE
25-3031,05,3404,FIXTURE
25-3031,06,44688,FIXTURE
25-3031,08,6526,FIXTURE
25-3031,09,4076,FIXTURE
25-3031,10,1119,FIXTURE
25-3031,11,779,FIXTURE
25-3031,12,24343,FIXTURE
25-3031,13,12107,FIXTURE
25-3031,15,1645,FIXTURE
25-3031,16,2079,FIXTURE
25-3031,17,14481,FIXTURE
25-3031,18,7669,FIXTURE
25-3031,19,3606,FIXTURE
25-3031,20,3320,FIXTURE
25-3031,21,5093,FIXTURE
25-3031,22,5264,FIXTURE
25-3031,23,1540,FIXTURE
25-3031,24,6982,FIXTURE
25-3031,25,7946,FIXTURE
25-3031,26,11390,FIXTURE
25-3031,27,6450,FIXTURE
25-3031,28,3347,FIXTURE
25-3031,29,6957,FIXTURE
25-3031,30,1225,FIXTURE
25-3031,31,2217,FIXTURE
25-3031,32,3509,FIXTURE
25-3031,33,1557,FIXTURE
25-3031,34,10499,FIXTURE
25-3031,35,2393,FIXTURE
25-3031,36,22832,FIXTURE
25-3031,37,11799,FIXTURE
25-3031,38,881,FIXTURE
25-3031,39,13336,FIXTURE
25-3031,40,4475,FIXTURE
25-3031,41,4789,FIXTURE
25-3031,42,14696,FIXTURE
25-3031,44,1240,FIXTURE
25-3031,45,5785,FIXTURE
25-3031,46,1002,FIXTURE
25-3031,47,7811,FIXTURE
25-3031,48,32942,FIXTURE
25-3031,49,3698,FIXTURE
25-3031,50,727,FIXTURE
25-3031,51,9756,FIXTURE
25-3031,53,8709,FIXTURE
25-3031,54,2027,FIXTURE
25-3031,55,6661,FIXTURE
25-3031,56,652,FIXTURE
25-3041,01,2230,FIXTURE
25-3041,02,325,FIXTURE
25-3041,04,3174,FIXTURE
25-3041,05,1337,FIXTURE
25-3041,06,17547,FIXTURE
25-3041,08,2562,FIXTURE
25-3041,09,1600,FIXTURE
25-3041,10,439,FIXTURE
25-3041,11,306,FIXTURE
25-3041,12,9559,FIXTURE
25-3041,13,4754,FIXTURE
25-3041,15,646,FIXTURE
25-3041,16,816,FIXTURE
25-3041,17,5686,FIXTURE
25-3041,18,3011,FIXTURE
25-3041,19,1416,FIXTURE
25-3041,20,1304,FIXTURE
25-3041,21,2000,FIXTURE
25-3041,22,2067,FIXTURE
25-3041,23,605,FIXTURE
25-3041,24,2741,FIXTURE
25-3041,25,3120,FIXTURE
25-3041,26,4472,FIXTURE
25-3041,27,2533,FIXTURE
25-3041,28,1314,FIXTURE
25-3041,29,2732,FIXTURE
25-3041,30,481,FIXTURE
25-3041,31,871,FIXTURE
25-3041,32,1378,FIXTURE
25-3041,33,611,FIXTURE
25-3041,34,4123,FIXTURE
25-3041,35,940,FIXTURE
25-3041,36,8965,FIXTURE
25-3041,37,4633,FIXTURE
25-3041,38,346,FIXTURE
25-3041,39,5237,FIXTURE
25-3041,40,1757,FIXTURE
25-3041,41,1881,FIXTURE
25-3041,42,5771,FIXTURE
25-3041,44,487,FIXTURE
25-3041,45,2272,FIXTURE
25-3041,46,393,FIXTURE
25-3041,47,3067,FIXTURE
25-3041,48,12935,FIXTURE
25-3041,49,1452,FIXTURE
25-3041,50,285,FIXTURE
25-3041,51,3831,FIXTURE
25-3041,53,3420,FIXTURE
25-3041,54,796,FIXTURE
25-3041,55,2616,FIXTURE
25-3041,56,256,FIXTURE
25-3099,01,2496,FIXTURE
25-3099,02,364,FIXTURE
25-3099,04,3553,FIXTURE
25-3099,05,1496,FIXTURE
25-3099,06,19641,FIXTURE
25-3099,08,2868,FIXTURE
25-3099,09,1791,FIXTURE
25-3099,10,492,FIXTURE
25-3099,11,343,FIXTURE
25-3099,12,10699,FIXTURE
25-3099,13,5321,FIXTURE
25-3099,15,723,FIXTURE
25-3099,16,914,FIXTURE
25-3099,17,6365,FIXTURE
25-3099,18,3371,FIXTURE
25-3099,19,1585,FIXTURE
25-3099,20,1459,FIXTURE
25-3099,21,2238,FIXTURE
25-3099,22,2314,FIXTURE
25-3099,23,677,FIXTURE
25-3099,24,3069,FIXTURE
25-3099,25,3492,FIXTURE
25-3099,26,5006,FIXTURE
25-3099,27,2835,FIXTURE
25-3099,28,1471,FIXTURE
25-3099,29,3057,FIXTURE
25-3099,30,539,FIXTURE
25-3099,31,974,FIXTURE
25-3099,32,1542,FIXTURE
25-3099,33,684,FIXTURE
25-3099,34,4614,FIXTURE
25-3099,35,1052,FIXTURE
25-3099,36,10035,FIXTURE
25-3099,37,5186,FIXTURE
25-3099,38,387,FIXTURE
25-3099,39,5861,FIXTURE
25-3099,40,1967,FIXTURE
25-3099,41,2105,FIXTURE
25-3099,42,6459,FIXTURE
25-3099,44,545,FIXTURE
25-3099,45,2543,FIXTURE
25-3099,46,440,FIXTURE
25-3099,47,3433,FIXTURE
25-3099,48,14478,FIXTURE
25-3099,49,1625,FIXTURE
25-3099,50,319,FIXTURE
25-3099,51,4288,FIXTURE
25-3099,53,3828,FIXTURE
25-3099,54,891,FIXTURE
25-3099,55,2928,FIXTURE
25-3099,56,287,FIXTURE
25-4011,01,93,FIXTURE
25-4011,02,14,FIXTURE
25-4011,04,132,FIXTURE
25-4011,05,56,FIXTURE
25-4011,06,730,FIXTURE
25-4011,08,107,FIXTURE
25-4011,09,67,FIXTURE
25-4011,10,18,FIXTURE
25-4011,11,13,FIXTURE
25-4011,12,398,FIXTURE
25-4011,13,198,FIXTURE
25-4011,15,27,FIXTURE
25-4011,16,34,FIXTURE
25-4011,17,237,FIXTURE
25-4011,18,125,FIXTURE
25-4011,19,59,FIXTURE
25-4011,20,54,FIXTURE
25-4011,21,83,FIXTURE
25-4011,22,86,FIXTURE
25-4011,23,25,FIXTURE
25-4011,24,114,FIXTURE
25-4011,25,130,FIXTURE
25-4011,26,186,FIXTURE
25-4011,27,105,FIXTURE
25-4011,28,55,FIXTURE
25-4011,29,114,FIXTURE
25-4011,30,20,FIXTURE
25-4011,31,36,FIXTURE
25-4011,32,57,FIXTURE
25-4011,33,25,FIXTURE
25-4011,34,172,FIXTURE
25-4011,35,39,FIXTURE
25-4011,36,373,FIXTURE
25-4011,37,193,FIXTURE
25-4011,38,14,FIXTURE
25-4011,39,218,FIXTURE
25-4011,40,73,FIXTURE
25-4011,41,78,FIXTURE
25-4011,42,240,FIXTURE
25-4011,44,20,FIXTURE
25-4011,45,94,FIXTURE
25-4011,46,16,FIXTURE
25-4011,47,128,FIXTURE
25-4011,48,538,FIXTURE
25-4011,49,60,FIXTURE
25-4011,50,12,FIXTURE
25-4011,51,159,FIXTURE
25-4011,53,142,FIXTURE
25-4011,54,33,FIXTURE
25-4011,55,109,FIXTURE
25-4011,56,11,FIXTURE
25-4012,01,167,FIXTURE
25-4012,02,24,FIXTURE
25-4012,04,238,FIXTURE
25-4012,05,100,FIXTURE
25-4012,06,1316,FIXTURE
25-4012,08,192,FIXTURE
25-4012,09,120,FIXTURE
25-4012,10,33,FIXTURE
25-4012,11,23,FIXTURE
25-4012,12,717,FIXTURE
25-4012,13,357,FIXTURE
25-4012,15,48,FIXTURE
25-4012,16,61,FIXTURE
25-4012,17,426,FIXTURE
25-4012,18,226,FIXTURE
25-4012,19,106,FIXTURE
25-4012,20,98,FIXTURE
25-4012,21,150,FIXTURE
25-4012,22,155,FIXTURE
25-4012,23,45,FIXTURE
25-4012,24,206,FIXTURE
25-4012,25,234,FIXTURE
25-4012,26,335,FIXTURE
25-4012,27,190,FIXTURE
25-4012,28,99,FIXTURE
25-4012,29,205,FIXTURE
25-4012,30,36,FIXTURE
25-4012,31,65,FIXTURE
25-4012,32,103,FIXTURE
25-4012,33,46,FIXTURE
25-4012,34,309,FIXTURE
25-4012,35,71,FIXTURE
25-4012,36,672,FIXTURE
25-4012,37,347,FIXTURE
25-4012,38,26,FIXTURE
25-4012,39,393,FIXTURE
25-4012,40,132,FIXTURE
25-4012,41,141,FIXTURE
25-4012,42,433,FIXTURE
25-4012,44,37,FIXTURE
25-4012,45,170,FIXTURE
25-4012,46,30,FIXTURE
25-4012,47,230,FIXTURE
25-4012,48,970,FIXTURE
25-4012,49,109,FIXTURE
25-4012,50,21,FIXTURE
25-4012,51,287,FIXTURE
25-4012,53,256,FIXTURE
25-4012,54,60,FIXTURE
25-4012,55,196,FIXTURE
25-4012,56,19,FIXTURE
25-4013,01,166,FIXTURE
25-4013,02,24,FIXTURE
25-4013,04,237,FIXTURE
25-4013,05,100,FIXTURE
25-4013,06,1307,FIXTURE
25-4013,08,191,FIXTURE
25-4013,09,119,FIXTURE
25-4013,10,33,FIXTURE
25-4013,11,23,FIXTURE
25-4013,12,712,FIXTURE
25-4013,13,354,FIXTURE
25-4013,15,48,FIXTURE
25-4013,16,61,FIXTURE
25-4013,17,424,FIXTURE
25-4013,18,224,FIXTURE
25-4013,19,106,FIXTURE
25-4013,20,97,FIXTURE
25-4013,21,149,FIXTURE
25-4013,22,154,FIXTURE
25-4013,23,45,FIXTURE
25-4013,24,204,FIXTURE
25-4013,25,232,FIXTURE
25-4013,26,333,FIXTURE
25-4013,27,189,FIXTURE
25-4013,28,98,FIXTURE
25-4013,29,204,FIXTURE
25-4013,30,36,FIXTURE
25-4013,31,65,FIXTURE
25-4013,32,103,FIXTURE
25-4013,33,46,FIXTURE
25-4013,34,307,FIXTURE
25-4013,35,70,FIXTURE
25-4013,36,668,FIXTURE
25-4013,37,345,FIXTURE
25-4013,38,26,FIXTURE
25-4013,39,390,FIXTURE
25-4013,40,131,FIXTURE
25-4013,41,140,FIXTURE
25-4013,42,430,FIXTURE
25-4013,44,36,FIXTURE
25-4013,45,169,FIXTURE
25-4013,46,29,FIXTURE
25-4013,47,229,FIXTURE
25-4013,48,964,FIXTURE
25-4013,49,108,FIXTURE
25-4013,50,21,FIXTURE
25-4013,51,285,FIXTURE
25-4013,53,255,FIXTURE
25-4013,54,59,FIXTURE
25-4013,55,195,FIXTURE
25-4013,56,19,FIXTURE
25-4022,01,1937,FIXTURE
25-4022,02,283,FIXTURE
25-4022,04,2757,FIXTURE
25-4022,05,1161,FIXTURE
25-4022,06,15244,FIXTURE
25-4022,08,2226,FIXTURE
25-4022,09,1390,FIXTURE
25-4022,10,382,FIXTURE
25-4022,11,266,FIXTURE
25-4022,12,8304,FIXTURE
25-4022,13,4130,FIXTURE
25-4022,15,561,FIXTURE
25-4022,16,709,FIXTURE
25-4022,17,4940,FIXTURE
25-4022,18,2616,FIXTURE
25-4022,19,1230,FIXTURE
25-4022,20,1133,FIXTURE
25-4022,21,1737,FIXTURE
25-4022,22,1796,FIXTURE
25-4022,23,525,FIXTURE
25-4022,24,2382,FIXTURE
25-4022,25,2710,FIXTURE
25-4022,26,3885,FIXTURE
25-4022,27,2200,FIXTURE
25-4022,28,1142,FIXTURE
25-4022,29,2373,FIXTURE
25-4022,30,418,FIXTURE
25-4022,31,756,FIXTURE
25-4022,32,1197,FIXTURE
25-4022,33,531,FIXTURE
25-4022,34,3581,FIXTURE
25-4022,35,817,FIXTURE
25-4022,36,7789,FIXTURE
25-4022,37,4025,FIXTURE
25-4022,38,300,FIXTURE
25-4022,39,4549,FIXTURE
25-4022,40,1527,FIXTURE
25-4022,41,1634,FIXTURE
25-4022,42,5013,FIXTURE
25-4022,44,423,FIXTURE
25-4022,45,1973,FIXTURE
25-4022,46,342,FIXTURE
25-4022,47,2665,FIXTURE
25-4022,48,11237,FIXTURE
25-4022,49,1261,FIXTURE
25-4022,50,248,FIXTURE
25-4022,51,3328,FIXTURE
25-4022,53,2971,FIXTURE
25-4022,54,692,FIXTURE
25-4022,55,2272,FIXTURE
25-4022,56,222,FIXTURE
25-4031,01,1107,FIXTURE
25-4031,02,162,FIXTURE
25-4031,04,1575,FIXTURE
25-4031,05,663,FIXTURE
25-4031,06,8708,FIXTURE
25-4031,08,1272,FIXTURE
25-4031,09,794,FIXTURE
25-4031,10,218,FIXTURE
25-4031,11,152,FIXTURE
25-4031,12,4744,FIXTURE
25-4031,13,2359,FIXTURE
25-4031,15,321,FIXTURE
25-4031,16,405,FIXTURE
25-4031,17,2822,FIXTURE
25-4031,18,1494,FIXTURE
25-4031,19,703,FIXTURE
25-4031,20,647,FIXTURE
25-4031,21,992,FIXTURE
25-4031,22,1026,FIXTURE
25-4031,23,300,FIXTURE
25-4031,24,1360,FIXTURE
25-4031,25,1548,FIXTURE
25-4031,26,2219,FIXTURE
25-4031,27,1257,FIXTURE
25-4031,28,652,FIXTURE
25-4031,29,1356,FIXTURE
25-4031,30,239,FIXTURE
25-4031,31,432,FIXTURE
25-4031,32,684,FIXTURE
25-4031,33,303,FIXTURE
25-4031,34,2046,FIXTURE
25-4031,35,466,FIXTURE
25-4031,36,4449,FIXTURE
25-4031,37,2299,FIXTURE
25-4031,38,172,FIXTURE
25-4031,39,2599,FIXTURE
25-4031,40,872,FIXTURE
25-4031,41,933,FIXTURE
25-4031,42,2864,FIXTURE
25-4031,44,242,FIXTURE
25-4031,45,1127,FIXTURE
25-4031,46,195,FIXTURE
25-4031,47,1522,FIXTURE
25-4031,48,6419,FIXTURE
25-4031,49,721,FIXTURE
25-4031,50,142,FIXTURE
25-4031,51,1901,FIXTURE
25-4031,53,1697,FIXTURE
25-4031,54,395,FIXTURE
25-4031,55,1298,FIXTURE
25-4031,56,127,FIXTURE
25-9021,01,161,FIXTURE
25-9021,02,24,FIXTURE
25-9021,04,229,FIXTURE
25-9021,05,96,FIXTURE
25-9021,06,1267,FIXTURE
25-9021,08,185,FIXTURE
25-9021,09,116,FIXTURE
25-9021,10,32,FIXTURE
25-9021,11,22,FIXTURE
25-9021,12,690,FIXTURE
25-9021,13,343,FIXTURE
25-9021,15,47,FIXTURE
25-9021,16,59,FIXTURE
25-9021,17,411,FIXTURE
25-9021,18,217,FIXTURE
25-9021,19,102,FIXTURE
25-9021,20,94,FIXTURE
25-9021,21,144,FIXTURE
25-9021,22,149,FIXTURE
25-9021,23,44,FIXTURE
25-9021,24,198,FIXTURE
25-9021,25,225,FIXTURE
25-9021,26,323,FIXTURE
25-9021,27,183,FIXTURE
25-9021,28,95,FIXTURE
25-9021,29,197,FIXTURE
25-9021,30,35,FIXTURE
25-9021,31,63,FIXTURE
25-9021,32,99,FIXTURE
25-9021,33,44,FIXTURE
25-9021,34,298,FIXTURE
25-9021,35,68,FIXTURE
25-9021,36,647,FIXTURE
25-9021,37,334,FIXTURE
25-9021,38,25,FIXTURE
25-9021,39,378,FIXTURE
25-9021,40,127,FIXTURE
25-9021,41,136,FIXTURE
25-9021,42,417,FIXTURE
25-9021,44,35,FIXTURE
25-9021,45,164,FIXTURE
25-9021,46,28,FIXTURE
25-9021,47,221,FIXTURE
25-9021,48,934,FIXTURE
25-9021,49,105,FIXTURE
25-9021,50,21,FIXTURE
25-9021,51,277,FIXTURE
25-9021,53,247,FIXTURE
25-9021,54,57,FIXTURE
25-9021,55,189,FIXTURE
25-9021,56,18,FIXTURE
25-9031,01,2800,FIXTURE
25-9031,02,409,FIXTURE
25-9031,04,3986,FIXTURE
25-9031,05,1679,FIXTURE
25-9031,06,22037,FIXTURE
25-9031,08,3218,FIXTURE
25-9031,09,2010,FIXTURE
25-9031,10,552,FIXTURE
25-9031,11,384,FIXTURE
25-9031,12,12005,FIXTURE
25-9031,13,5970,FIXTURE
25-9031,15,811,FIXTURE
25-9031,16,1025,FIXTURE
25-9031,17,7141,FIXTURE
25-9031,18,3782,FIXTURE
25-9031,19,1778,FIXTURE
25-9031,20,1637,FIXTURE
25-9031,21,2511,FIXTURE
25-9031,22,2596,FIXTURE
25-9031,23,759,FIXTURE
25-9031,24,3443,FIXTURE
25-9031,25,3918,FIXTURE
25-9031,26,5617,FIXTURE
25-9031,27,3181,FIXTURE
25-9031,28,1651,FIXTURE
25-9031,29,3431,FIXTURE
25-9031,30,604,FIXTURE
25-9031,31,1093,FIXTURE
25-9031,32,1730,FIXTURE
25-9031,33,768,FIXTURE
25-9031,34,5177,FIXTURE
25-9031,35,1180,FIXTURE
25-9031,36,11260,FIXTURE
25-9031,37,5819,FIXTURE
25-9031,38,434,FIXTURE
25-9031,39,6577,FIXTURE
25-9031,40,2207,FIXTURE
25-9031,41,2362,FIXTURE
25-9031,42,7247,FIXTURE
25-9031,44,612,FIXTURE
25-9031,45,2853,FIXTURE
25-9031,46,494,FIXTURE
25-9031,47,3852,FIXTURE
25-9031,48,16245,FIXTURE
25-9031,49,1824,FIXTURE
25-9031,50,358,FIXTURE
25-9031,51,4811,FIXTURE
25-9031,53,4295,FIXTURE
25-9031,54,1000,FIXTURE
25-9031,55,3285,FIXTURE
25-9031,56,322,FIXTURE
25-9044,01,1839,FIXTURE
25-9044,02,268,FIXTURE
25-9044,04,2617,FIXTURE
25-9044,05,1102,FIXTURE
25-9044,06,14469,FIXTURE
25-9044,08,2113,FIXTURE
25-9044,09,1320,FIXTURE
25-9044,10,362,FIXTURE
25-9044,11,252,FIXTURE
25-9044,12,7882,FIXTURE
25-9044,13,3920,FIXTURE
25-9044,15,533,FIXTURE
25-9044,16,673,FIXTURE
25-9044,17,4689,FIXTURE
25-9044,18,2483,FIXTURE
25-9044,19,1167,FIXTURE
25-9044,20,1075,FIXTURE
25-9044,21,1649,FIXTURE
25-9044,22,1704,FIXTURE
25-9044,23,499,FIXTURE
25-9044,24,2260,FIXTURE
25-9044,25,2572,FIXTURE
25-9044,26,3688,FIXTURE
25-9044,27,2088,FIXTURE
25-9044,28,1084,FIXTURE
25-9044,29,2252,FIXTURE
25-9044,30,397,FIXTURE
25-9044,31,718,FIXTURE
25-9044,32,1136,FIXTURE
25-9044,33,504,FIXTURE
25-9044,34,3399,FIXTURE
25-9044,35,775,FIXTURE
25-9044,36,7392,FIXTURE
25-9044,37,3820,FIXTURE
25-9044,38,285,FIXTURE
25-9044,39,4318,FIXTURE
25-9044,40,1449,FIXTURE
25-9044,41,1551,FIXTURE
25-9044,42,4758,FIXTURE
25-9044,44,402,FIXTURE
25-9044,45,1873,FIXTURE
25-9044,46,324,FIXTURE
25-9044,47,2529,FIXTURE
25-9044,48,10665,FIXTURE
25-9044,49,1197,FIXTURE
25-9044,50,235,FIXTURE
25-9044,51,3159,FIXTURE
25-9044,53,2820,FIXTURE
25-9044,54,656,FIXTURE
25-9044,55,2157,FIXTURE
25-9044,56,211,FIXTURE
25-9045,01,17997,FIXTURE
25-9045,02,2627,FIXTURE
25-9045,04,25617,FIXTURE
25-9045,05,10787,FIXTURE
25-9045,06,141628,FIXTURE
25-9045,08,20682,FIXTURE
25-9045,09,12917,FIXTURE
25-9045,10,3546,FIXTURE
25-9045,11,2470,FIXTURE
25-9045,12,77151,FIXTURE
25-9045,13,38371,FIXTURE
25-9045,15,5213,FIXTURE
25-9045,16,6588,FIXTURE
25-9045,17,45895,FIXTURE
25-9045,18,24306,FIXTURE
25-9045,19,11428,FIXTURE
25-9045,20,10524,FIXTURE
25-9045,21,16140,FIXTURE
25-9045,22,16684,FIXTURE
25-9045,23,4880,FIXTURE
25-9045,24,22127,FIXTURE
25-9045,25,25182,FIXTURE
25-9045,26,36098,FIXTURE
25-9045,27,20441,FIXTURE
25-9045,28,10607,FIXTURE
25-9045,29,22047,FIXTURE
25-9045,30,3884,FIXTURE
25-9045,31,7026,FIXTURE
25-9045,32,11121,FIXTURE
25-9045,33,4934,FIXTURE
25-9045,34,33274,FIXTURE
25-9045,35,7585,FIXTURE
25-9045,36,72362,FIXTURE
25-9045,37,37394,FIXTURE
25-9045,38,2791,FIXTURE
25-9045,39,42266,FIXTURE
25-9045,40,14183,FIXTURE
25-9045,41,15178,FIXTURE
25-9045,42,46576,FIXTURE
25-9045,44,3931,FIXTURE
25-9045,45,18335,FIXTURE
25-9045,46,3176,FIXTURE
25-9045,47,24755,FIXTURE
25-9045,48,104401,FIXTURE
25-9045,49,11719,FIXTURE
25-9045,50,2304,FIXTURE
25-9045,51,30918,FIXTURE
25-9045,53,27601,FIXTURE
25-9045,54,6425,FIXTURE
25-9045,55,21112,FIXTURE
25-9045,56,2066,FIXTURE
25-9099,01,2364,FIXTURE
25-9099,02,345,FIXTURE
25-9099,04,3365,FIXTURE
25-9099,05,1417,FIXTURE
25-9099,06,18603,FIXTURE
25-9099,08,2717,FIXTURE
25-9099,09,1697,FIXTURE
25-9099,10,466,FIXTURE
25-9099,11,324,FIXTURE
25-9099,12,10134,FIXTURE
25-9099,13,5040,FIXTURE
25-9099,15,685,FIXTURE
25-9099,16,865,FIXTURE
25-9099,17,6028,FIXTURE
25-9099,18,3193,FIXTURE
25-9099,19,1501,FIXTURE
25-9099,20,1382,FIXTURE
25-9099,21,2120,FIXTURE
25-9099,22,2192,FIXTURE
25-9099,23,641,FIXTURE
25-9099,24,2906,FIXTURE
25-9099,25,3308,FIXTURE
25-9099,26,4741,FIXTURE
25-9099,27,2685,FIXTURE
25-9099,28,1393,FIXTURE
25-9099,29,2896,FIXTURE
25-9099,30,510,FIXTURE
25-9099,31,923,FIXTURE
25-9099,32,1461,FIXTURE
25-9099,33,648,FIXTURE
25-9099,34,4371,FIXTURE
25-9099,35,996,FIXTURE
25-9099,36,9505,FIXTURE
25-9099,37,4912,FIXTURE
25-9099,38,367,FIXTURE
25-9099,39,5552,FIXTURE
25-9099,40,1863,FIXTURE
25-9099,41,1994,FIXTURE
25-9099,42,6118,FIXTURE
25-9099,44,516,FIXTURE
25-9099,45,2408,FIXTURE
25-9099,46,417,FIXTURE
25-9099,47,3252,FIXTURE
25-9099,48,13713,FIXTURE
25-9099,49,1539,FIXTURE
25-9099,50,303,FIXTURE
25-9099,51,4061,FIXTURE
25-9099,53,3625,FIXTURE
25-9099,54,844,FIXTURE
25-9099,55,2773,FIXTURE
25-9099,56,271,FIXTURE
27-1011,01,638,FIXTURE
27-1011,02,93,FIXTURE
27-1011,04,908,FIXTURE
27-1011,05,382,FIXTURE
27-1011,06,5020,FIXTURE
27-1011,08,733,FIXTURE
27-1011,09,458,FIXTURE
27-1011,10,126,FIXTURE
27-1011,11,88,FIXTURE
27-1011,12,2734,FIXTURE
27-1011,13,1360,FIXTURE
27-1011,15,185,FIXTURE
27-1011,16,234,FIXTURE
27-1011,17,1627,FIXTURE
27-1011,18,861,FIXTURE
27-1011,19,405,FIXTURE
27-1011,20,373,FIXTURE
27-1011,21,572,FIXTURE
27-1011,22,591,FIXTURE
27-1011,23,173,FIXTURE
27-1011,24,784,FIXTURE
27-1011,25,893,FIXTURE
27-1011,26,1279,FIXTURE
27-1011,27,724,FIXTURE
27-1011,28,376,FIXTURE
27-1011,29,781,FIXTURE
27-1011,30,138,FIXTURE
27-1011,31,249,FIXTURE
27-1011,32,394,FIXTURE
27-1011,33,175,FIXTURE
27-1011,34,1179,FIXTURE
27-1011,35,269,FIXTURE
27-1011,36,2565,FIXTURE
27-1011,37,1325,FIXTURE
27-1011,38,99,FIXTURE
27-1011,39,1498,FIXTURE
27-1011,40,503,FIXTURE
27-1011,41,538,FIXTURE
27-1011,42,1651,FIXTURE
27-1011,44,139,FIXTURE
27-1011,45,650,FIXTURE
27-1011,46,113,FIXTURE
27-1011,47,877,FIXTURE
27-1011,48,3700,FIXTURE
27-1011,49,415,FIXTURE
27-1011,50,82,FIXTURE
27-1011,51,1096,FIXTURE
27-1011,53,978,FIXTURE
27-1011,54,228,FIXTURE
27-1011,55,748,FIXTURE
27-1011,56,73,FIXTURE
27-1012,01,57,FIXTURE
27-1012,02,8,FIXTURE
27-1012,04,81,FIXTURE
27-1012,05,34,FIXTURE
27-1012,06,446,FIXTURE
27-1012,08,65,FIXTURE
27-1012,09,41,FIXTURE
27-1012,10,11,FIXTURE
27-1012,11,8,FIXTURE
27-1012,12,243,FIXTURE
27-1012,13,121,FIXTURE
27-1012,15,16,FIXTURE
27-1012,16,21,FIXTURE
27-1012,17,145,FIXTURE
27-1012,18,77,FIXTURE
27-1012,19,36,FIXTURE
27-1012,20,33,FIXTURE
27-1012,21,51,FIXTURE
27-1012,22,53,FIXTURE
27-1012,23,15,FIXTURE
27-1012,24,70,FIXTURE
27-1012,25,79,FIXTURE
27-1012,26,114,FIXTURE
27-1012,27,64,FIXTURE
27-1012,28,33,FIXTURE
27-1012,29,69,FIXTURE
27-1012,30,12,FIXTURE
27-1012,31,22,FIXTURE
27-1012,32,35,FIXTURE
27-1012,33,16,FIXTURE
27-1012,34,105,FIXTURE
27-1012,35,24,FIXTURE
27-1012,36,228,FIXTURE
27-1012,37,118,FIXTURE
27-1012,38,9,FIXTURE
27-1012,39,133,FIXTURE
27-1012,40,45,FIXTURE
27-1012,41,48,FIXTURE
27-1012,42,147,FIXTURE
27-1012,44,12,FIXTURE
27-1012,45,58,FIXTURE
27-1012,46,10,FIXTURE
27-1012,47,78,FIXTURE
27-1012,48,329,FIXTURE
27-1012,49,37,FIXTURE
27-1012,50,7,FIXTURE
27-1012,51,97,FIXTURE
27-1012,53,87,FIXTURE
27-1012,54,20,FIXTURE
27-1012,55,66,FIXTURE
27-1012,56,6,FIXTURE
27-1013,01,143,FIXTURE
27-1013,02,21,FIXTURE
27-1013,04,203,FIXTURE
27-1013,05,86,FIXTURE
27-1013,06,1125,FIXTURE
27-1013,08,164,FIXTURE
27-1013,09,103,FIXTURE
27-1013,10,28,FIXTURE
27-1013,11,20,FIXTURE
27-1013,12,613,FIXTURE
27-1013,13,305,FIXTURE
27-1013,15,41,FIXTURE
27-1013,16,52,FIXTURE
27-1013,17,364,FIXTURE
27-1013,18,193,FIXTURE
27-1013,19,91,FIXTURE
27-1013,20,84,FIXTURE
27-1013,21,128,FIXTURE
27-1013,22,132,FIXTURE
27-1013,23,39,FIXTURE
27-1013,24,176,FIXTURE
27-1013,25,200,FIXTURE
27-1013,26,287,FIXTURE
27-1013,27,162,FIXTURE
27-1013,28,84,FIXTURE
27-1013,29,175,FIXTURE
27-1013,30,31,FIXTURE
27-1013,31,56,FIXTURE
27-1013,32,88,FIXTURE
27-1013,33,39,FIXTURE
27-1013,34,264,FIXTURE
27-1013,35,60,FIXTURE
27-1013,36,575,FIXTURE
27-1013,37,297,FIXTURE
27-1013,38,22,FIXTURE
27-1013,39,336,FIXTURE
27-1013,40,113,FIXTURE
27-1013,41,121,FIXTURE
27-1013,42,370,FIXTURE
27-1013,44,31,FIXTURE
27-1013,45,146,FIXTURE
27-1013,46,25,FIXTURE
27-1013,47,197,FIXTURE
27-1013,48,829,FIXTURE
27-1013,49,93,FIXTURE
27-1013,50,18,FIXTURE
27-1013,51,246,FIXTURE
27-1013,53,219,FIXTURE
27-1013,54,51,FIXTURE
27-1013,55,168,FIXTURE
27-1013,56,16,FIXTURE
27-1014,01,310,FIXTURE
27-1014,02,45,FIXTURE
27-1014,04,441,FIXTURE
27-1014,05,186,FIXTURE
27-1014,06,2437,FIXTURE
27-1014,08,356,FIXTURE
27-1014,09,222,FIXTURE
27-1014,10,61,FIXTURE
27-1014,11,42,FIXTURE
27-1014,12,1328,FIXTURE
27-1014,13,660,FIXTURE
27-1014,15,90,FIXTURE
27-1014,16,113,FIXTURE
27-1014,17,790,FIXTURE
27-1014,18,418,FIXTURE
27-1014,19,197,FIXTURE
27-1014,20,181,FIXTURE
27-1014,21,278,FIXTURE
27-1014,22,287,FIXTURE
27-1014,23,84,FIXTURE
27-1014,24,381,FIXTURE
27-1014,25,433,FIXTURE
27-1014,26,621,FIXTURE
27-1014,27,352,FIXTURE
27-1014,28,183,FIXTURE
27-1014,29,379,FIXTURE
27-1014,30,67,FIXTURE
27-1014,31,121,FIXTURE
27-1014,32,191,FIXTURE
27-1014,33,85,FIXTURE
27-1014,34,573,FIXTURE
27-1014,35,130,FIXTURE
27-1014,36,1245,FIXTURE
27-1014,37,643,FIXTURE
27-1014,38,48,FIXTURE
27-1014,39,727,FIXTURE
27-1014,40,244,FIXTURE
27-1014,41,261,FIXTURE
27-1014,42,801,FIXTURE
27-1014,44,68,FIXTURE
27-1014,45,315,FIXTURE
27-1014,46,55,FIXTURE
27-1014,47,426,FIXTURE
27-1014,48,1796,FIXTURE
27-1014,49,202,FIXTURE
27-1014,50,40,FIXTURE
27-1014,51,532,FIXTURE
27-1014,53,475,FIXTURE
27-1014,54,111,FIXTURE
27-1014,55,363,FIXTURE
27-1014,56,36,FIXTURE
27-1019,01,112,FIXTURE
27-1019,02,16,FIXTURE
27-1019,04,160,FIXTURE
27-1019,05,67,FIXTURE
27-1019,06,882,FIXTURE
27-1019,08,129,FIXTURE
27-1019,09,80,FIXTURE
27-1019,10,22,FIXTURE
27-1019,11,15,FIXTURE
27-1019,12,480,FIXTURE
27-1019,13,239,FIXTURE
27-1019,15,32,FIXTURE
27-1019,16,41,FIXTURE
27-1019,17,286,FIXTURE
27-1019,18,151,FIXTURE
27-1019,19,71,FIXTURE
27-1019,20,66,FIXTURE
27-1019,21,101,FIXTURE
27-1019,22,104,FIXTURE
27-1019,23,30,FIXTURE
27-1019,24,138,FIXTURE
27-1019,25,157,FIXTURE
27-1019,26,225,FIXTURE
27-1019,27,127,FIXTURE
27-1019,28,66,FIXTURE
27-1019,29,137,FIXTURE
27-1019,30,24,FIXTURE
27-1019,31,44,FIXTURE
27-1019,32,69,FIXTURE
27-1019,33,31,FIXTURE
27-1019,34,207,FIXTURE
27-1019,35,47,FIXTURE
27-1019,36,450,FIXTURE
27-1019,37,233,FIXTURE
27-1019,38,17,FIXTURE
27-1019,39,263,FIXTURE
27-1019,40,88,FIXTURE
27-1019,41,95,FIXTURE
27-1019,42,290,FIXTURE
27-1019,44,25,FIXTURE
27-1019,45,114,FIXTURE
27-1019,46,20,FIXTURE
27-1019,47,154,FIXTURE
27-1019,48,650,FIXTURE
27-1019,49,73,FIXTURE
27-1019,50,14,FIXTURE
27-1019,51,192,FIXTURE
27-1019,53,172,FIXTURE
27-1019,54,40,FIXTURE
27-1019,55,131,FIXTURE
27-1019,56,13,FIXTURE
27-1021,01,423,FIXTURE
27-1021,02,62,FIXTURE
27-1021,04,603,FIXTURE
27-1021,05,254,FIXTURE
27-1021,06,3333,FIXTURE
27-1021,08,487,FIXTURE
27-1021,09,304,FIXTURE
27-1021,10,83,FIXTURE
27-1021,11,58,FIXTURE
27-1021,12,1815,FIXTURE
27-1021,13,903,FIXTURE
27-1021,15,123,FIXTURE
27-1021,16,155,FIXTURE
27-1021,17,1080,FIXTURE
27-1021,18,572,FIXTURE
27-1021,19,269,FIXTURE
27-1021,20,248,FIXTURE
27-1021,21,380,FIXTURE
27-1021,22,393,FIXTURE
27-1021,23,115,FIXTURE
27-1021,24,521,FIXTURE
27-1021,25,593,FIXTURE
27-1021,26,849,FIXTURE
27-1021,27,481,FIXTURE
27-1021,28,250,FIXTURE
27-1021,29,519,FIXTURE
27-1021,30,91,FIXTURE
27-1021,31,165,FIXTURE
27-1021,32,262,FIXTURE
27-1021,33,116,FIXTURE
27-1021,34,783,FIXTURE
27-1021,35,178,FIXTURE
27-1021,36,1703,FIXTURE
27-1021,37,880,FIXTURE
27-1021,38,66,FIXTURE
27-1021,39,995,FIXTURE
27-1021,40,334,FIXTURE
27-1021,41,357,FIXTURE
27-1021,42,1096,FIXTURE
27-1021,44,92,FIXTURE
27-1021,45,431,FIXTURE
27-1021,46,75,FIXTURE
27-1021,47,582,FIXTURE
27-1021,48,2457,FIXTURE
27-1021,49,276,FIXTURE
27-1021,50,54,FIXTURE
27-1021,51,728,FIXTURE
27-1021,53,649,FIXTURE
27-1021,54,151,FIXTURE
27-1021,55,497,FIXTURE
27-1021,56,49,FIXTURE
27-1022,01,293,FIXTURE
27-1022,02,43,FIXTURE
27-1022,04,417,FIXTURE
27-1022,05,175,FIXTURE
27-1022,06,2303,FIXTURE
27-1022,08,336,FIXTURE
27-1022,09,210,FIXTURE
27-1022,10,58,FIXTURE
27-1022,11,40,FIXTURE
27-1022,12,1255,FIXTURE
27-1022,13,624,FIXTURE
27-1022,15,85,FIXTURE
27-1022,16,107,FIXTURE
27-1022,17,746,FIXTURE
27-1022,18,395,FIXTURE
27-1022,19,186,FIXTURE
27-1022,20,171,FIXTURE
27-1022,21,263,FIXTURE
27-1022,22,271,FIXTURE
27-1022,23,79,FIXTURE
27-1022,24,360,FIXTURE
27-1022,25,410,FIXTURE
27-1022,26,587,FIXTURE
27-1022,27,332,FIXTURE
27-1022,28,173,FIXTURE
27-1022,29,359,FIXTURE
27-1022,30,63,FIXTURE
27-1022,31,114,FIXTURE
27-1022,32,181,FIXTURE
27-1022,33,80,FIXTURE
27-1022,34,541,FIXTURE
27-1022,35,123,FIXTURE
27-1022,36,1177,FIXTURE
27-1022,37,608,FIXTURE
27-1022,38,45,FIXTURE
27-1022,39,687,FIXTURE
27-1022,40,231,FIXTURE
27-1022,41,247,FIXTURE
27-1022,42,758,FIXTURE
27-1022,44,64,FIXTURE
27-1022,45,298,FIXTURE
27-1022,46,52,FIXTURE
27-1022,47,403,FIXTURE
27-1022,48,1698,FIXTURE
27-1022,49,191,FIXTURE
27-1022,50,37,FIXTURE
27-1022,51,503,FIXTURE
27-1022,53,449,FIXTURE
27-1022,54,105,FIXTURE
27-1022,55,343,FIXTURE
27-1022,56,34,FIXTURE
27-1023,01,546,FIXTURE
27-1023,02,80,FIXTURE
27-1023,04,777,FIXTURE
27-1023,05,327,FIXTURE
27-1023,06,4294,FIXTURE
27-1023,08,627,FIXTURE
27-1023,09,392,FIXTURE
27-1023,10,107,FIXTURE
27-1023,11,75,FIXTURE
27-1023,12,2339,FIXTURE
27-1023,13,1163,FIXTURE
27-1023,15,158,FIXTURE
27-1023,16,200,FIXTURE
27-1023,17,1392,FIXTURE
27-1023,18,737,FIXTURE
27-1023,19,346,FIXTURE
27-1023,20,319,FIXTURE
27-1023,21,489,FIXTURE
27-1023,22,506,FIXTURE
27-1023,23,148,FIXTURE
27-1023,24,671,FIXTURE
27-1023,25,764,FIXTURE
27-1023,26,1094,FIXTURE
27-1023,27,620,FIXTURE
27-1023,28,322,FIXTURE
27-1023,29,668,FIXTURE
27-1023,30,118,FIXTURE
27-1023,31,213,FIXTURE
27-1023,32,337,FIXTURE
27-1023,33,150,FIXTURE
27-1023,34,1009,FIXTURE
27-1023,35,230,FIXTURE
27-1023,36,2194,FIXTURE
27-1023,37,1134,FIXTURE
27-1023,38,85,FIXTURE
27-1023,39,1282,FIXTURE
27-1023,40,430,FIXTURE
27-1023,41,460,FIXTURE
27-1023,42,1412,FIXTURE
27-1023,44,119,FIXTURE
27-1023,45,556,FIXTURE
27-1023,46,96,FIXTURE
27-1023,47,751,FIXTURE
27-1023,48,3166,FIXTURE
27-1023,49,355,FIXTURE
27-1023,50,70,FIXTURE
27-1023,51,937,FIXTURE
27-1023,53,837,FIXTURE
27-1023,54,195,FIXTURE
27-1023,55,640,FIXTURE
27-1023,56,63,FIXTURE
27-1024,01,3093,FIXTURE
27-1024,02,451,FIXTURE
27-1024,04,4402,FIXTURE
27-1024,05,1854,FIXTURE
27-1024,06,24340,FIXTURE
27-1024,08,3554,FIXTURE
27-1024,09,2220,FIXTURE
27-1024,10,609,FIXTURE
27-1024,11,425,FIXTURE
27-1024,12,13259,FIXTURE
27-1024,13,6594,FIXTURE
27-1024,15,896,FIXTURE
27-1024,16,1132,FIXTURE
27-1024,17,7887,FIXTURE
27-1024,18,4177,FIXTURE
27-1024,19,1964,FIXTURE
27-1024,20,1809,FIXTURE
27-1024,21,2774,FIXTURE
27-1024,22,2867,FIXTURE
27-1024,23,839,FIXTURE
27-1024,24,3803,FIXTURE
27-1024,25,4328,FIXTURE
27-1024,26,6204,FIXTURE
27-1024,27,3513,FIXTURE
27-1024,28,1823,FIXTURE
27-1024,29,3789,FIXTURE
27-1024,30,667,FIXTURE
27-1024,31,1208,FIXTURE
27-1024,32,1911,FIXTURE
27-1024,33,848,FIXTURE
27-1024,34,5718,FIXTURE
27-1024,35,1304,FIXTURE
27-1024,36,12436,FIXTURE
27-1024,37,6427,FIXTURE
27-1024,38,480,FIXTURE
27-1024,39,7264,FIXTURE
27-1024,40,2437,FIXTURE
27-1024,41,2608,FIXTURE
27-1024,42,8004,FIXTURE
27-1024,44,676,FIXTURE
27-1024,45,3151,FIXTURE
27-1024,46,546,FIXTURE
27-1024,47,4254,FIXTURE
27-1024,48,17942,FIXTURE
27-1024,49,2014,FIXTURE
27-1024,50,396,FIXTURE
27-1024,51,5313,FIXTURE
27-1024,53,4743,FIXTURE
27-1024,54,1104,FIXTURE
27-1024,55,3628,FIXTURE
27-1024,56,355,FIXTURE
27-1025,01,939,FIXTURE
27-1025,02,137,FIXTURE
27-1025,04,1337,FIXTURE
27-1025,05,563,FIXTURE
27-1025,06,7392,FIXTURE
27-1025,08,1079,FIXTURE
27-1025,09,674,FIXTURE
27-1025,10,185,FIXTURE
27-1025,11,129,FIXTURE
27-1025,12,4027,FIXTURE
27-1025,13,2003,FIXTURE
27-1025,15,272,FIXTURE
27-1025,16,344,FIXTURE
27-1025,17,2396,FIXTURE
27-1025,18,1269,FIXTURE
27-1025,19,596,FIXTURE
27-1025,20,549,FIXTURE
27-1025,21,842,FIXTURE
27-1025,22,871,FIXTURE
27-1025,23,255,FIXTURE
27-1025,24,1155,FIXTURE
27-1025,25,1314,FIXTURE
27-1025,26,1884,FIXTURE
27-1025,27,1067,FIXTURE
27-1025,28,554,FIXTURE
27-1025,29,1151,FIXTURE
27-1025,30,203,FIXTURE
27-1025,31,367,FIXTURE
27-1025,32,580,FIXTURE
27-1025,33,258,FIXTURE
27-1025,34,1737,FIXTURE
27-1025,35,396,FIXTURE
27-1025,36,3777,FIXTURE
27-1025,37,1952,FIXTURE
27-1025,38,146,FIXTURE
27-1025,39,2206,FIXTURE
27-1025,40,740,FIXTURE
27-1025,41,792,FIXTURE
27-1025,42,2431,FIXTURE
27-1025,44,205,FIXTURE
27-1025,45,957,FIXTURE
27-1025,46,166,FIXTURE
27-1025,47,1292,FIXTURE
27-1025,48,5449,FIXTURE
27-1025,49,612,FIXTURE
27-1025,50,120,FIXTURE
27-1025,51,1614,FIXTURE
27-1025,53,1441,FIXTURE
27-1025,54,335,FIXTURE
27-1025,55,1102,FIXTURE
27-1025,56,108,FIXTURE
27-1026,01,2422,FIXTURE
27-1026,02,354,FIXTURE
27-1026,04,3448,FIXTURE
27-1026,05,1452,FIXTURE
27-1026,06,19061,FIXTURE
27-1026,08,2783,FIXTURE
27-1026,09,1738,FIXTURE
27-1026,10,477,FIXTURE
27-1026,11,332,FIXTURE
27-1026,12,10383,FIXTURE
27-1026,13,5164,FIXTURE
27-1026,15,702,FIXTURE
27-1026,16,887,FIXTURE
27-1026,17,6177,FIXTURE
27-1026,18,3271,FIXTURE
27-1026,19,1538,FIXTURE
27-1026,20,1416,FIXTURE
27-1026,21,2172,FIXTURE
27-1026,22,2245,FIXTURE
27-1026,23,657,FIXTURE
27-1026,24,2978,FIXTURE
27-1026,25,3389,FIXTURE
27-1026,26,4858,FIXTURE
27-1026,27,2751,FIXTURE
27-1026,28,1428,FIXTURE
27-1026,29,2967,FIXTURE
27-1026,30,523,FIXTURE
27-1026,31,946,FIXTURE
27-1026,32,1497,FIXTURE
27-1026,33,664,FIXTURE
27-1026,34,4478,FIXTURE
27-1026,35,1021,FIXTURE
27-1026,36,9739,FIXTURE
27-1026,37,5033,FIXTURE
27-1026,38,376,FIXTURE
27-1026,39,5688,FIXTURE
27-1026,40,1909,FIXTURE
27-1026,41,2043,FIXTURE
27-1026,42,6269,FIXTURE
27-1026,44,529,FIXTURE
27-1026,45,2468,FIXTURE
27-1026,46,427,FIXTURE
27-1026,47,3332,FIXTURE
27-1026,48,14051,FIXTURE
27-1026,49,1577,FIXTURE
27-1026,50,310,FIXTURE
27-1026,51,4161,FIXTURE
27-1026,53,3715,FIXTURE
27-1026,54,865,FIXTURE
27-1026,55,2841,FIXTURE
27-1026,56,278,FIXTURE
27-1027,01,104,FIXTURE
27-1027,02,15,FIXTURE
27-1027,04,148,FIXTURE
27-1027,05,62,FIXTURE
27-1027,06,817,FIXTURE
27-1027,08,119,FIXTURE
27-1027,09,75,FIXTURE
27-1027,10,20,FIXTURE
27-1027,11,14,FIXTURE
27-1027,12,445,FIXTURE
27-1027,13,221,FIXTURE
27-1027,15,30,FIXTURE
27-1027,16,38,FIXTURE
27-1027,17,265,FIXTURE
27-1027,18,140,FIXTURE
27-1027,19,66,FIXTURE
27-1027,20,61,FIXTURE
27-1027,21,93,FIXTURE
27-1027,22,96,FIXTURE
27-1027,23,28,FIXTURE
27-1027,24,128,FIXTURE
27-1027,25,145,FIXTURE
27-1027,26,208,FIXTURE
27-1027,27,118,FIXTURE
27-1027,28,61,FIXTURE
27-1027,29,127,FIXTURE
27-1027,30,22,FIXTURE
27-1027,31,41,FIXTURE
27-1027,32,64,FIXTURE
27-1027,33,29,FIXTURE
27-1027,34,192,FIXTURE
27-1027,35,44,FIXTURE
27-1027,36,418,FIXTURE
27-1027,37,216,FIXTURE
27-1027,38,16,FIXTURE
27-1027,39,244,FIXTURE
27-1027,40,82,FIXTURE
27-1027,41,88,FIXTURE
27-1027,42,269,FIXTURE
27-1027,44,23,FIXTURE
27-1027,45,106,FIXTURE
27-1027,46,18,FIXTURE
27-1027,47,143,FIXTURE
27-1027,48,602,FIXTURE
27-1027,49,68,FIXTURE
27-1027,50,13,FIXTURE
27-1027,51,178,FIXTURE
27-1027,53,159,FIXTURE
27-1027,54,37,FIXTURE
27-1027,55,122,FIXTURE
27-1027,56,12,FIXTURE
27-1029,01,154,FIXTURE
27-1029,02,23,FIXTURE
27-1029,04,220,FIXTURE
27-1029,05,93,FIXTURE
27-1029,06,1216,FIXTURE
27-1029,08,178,FIXTURE
27-1029,09,111,FIXTURE
27-1029,10,30,FIXTURE
27-1029,11,21,FIXTURE
27-1029,12,662,FIXTURE
27-1029,13,329,FIXTURE
27-1029,15,45,FIXTURE
27-1029,16,57,FIXTURE
27-1029,17,394,FIXTURE
27-1029,18,209,FIXTURE
27-1029,19,98,FIXTURE
27-1029,20,90,FIXTURE
27-1029,21,139,FIXTURE
27-1029,22,143,FIXTURE
27-1029,23,42,FIXTURE
27-1029,24,190,FIXTURE
27-1029,25,216,FIXTURE
27-1029,26,310,FIXTURE
27-1029,27,175,FIXTURE
27-1029,28,91,FIXTURE
27-1029,29,189,FIXTURE
27-1029,30,33,FIXTURE
27-1029,31,60,FIXTURE
27-1029,32,95,FIXTURE
27-1029,33,42,FIXTURE
27-1029,34,286,FIXTURE
27-1029,35,65,FIXTURE
27-1029,36,621,FIXTURE
27-1029,37,321,FIXTURE
27-1029,38,24,FIXTURE
27-1029,39,363,FIXTURE
27-1029,40,122,FIXTURE
27-1029,41,130,FIXTURE
27-1029,42,400,FIXTURE
27-1029,44,34,FIXTURE
27-1029,45,157,FIXTURE
27-1029,46,27,FIXTURE
27-1029,47,212,FIXTURE
27-1029,48,896,FIXTURE
27-1029,49,101,FIXTURE
27-1029,50,20,FIXTURE
27-1029,51,265,FIXTURE
27-1029,53,237,FIXTURE
27-1029,54,55,FIXTURE
27-1029,55,181,FIXTURE
27-1029,56,18,FIXTURE
27-2011,01,456,FIXTURE
27-2011,02,67,FIXTURE
27-2011,04,649,FIXTURE
27-2011,05,273,FIXTURE
27-2011,06,3591,FIXTURE
27-2011,08,524,FIXTURE
27-2011,09,327,FIXTURE
27-2011,10,90,FIXTURE
27-2011,11,63,FIXTURE
27-2011,12,1956,FIXTURE
27-2011,13,973,FIXTURE
27-2011,15,132,FIXTURE
27-2011,16,167,FIXTURE
27-2011,17,1164,FIXTURE
27-2011,18,616,FIXTURE
27-2011,19,290,FIXTURE
27-2011,20,267,FIXTURE
27-2011,21,409,FIXTURE
27-2011,22,423,FIXTURE
27-2011,23,124,FIXTURE
27-2011,24,561,FIXTURE
27-2011,25,638,FIXTURE
27-2011,26,915,FIXTURE
27-2011,27,518,FIXTURE
27-2011,28,269,FIXTURE
27-2011,29,559,FIXTURE
27-2011,30,98,FIXTURE
27-2011,31,178,FIXTURE
27-2011,32,282,FIXTURE
27-2011,33,125,FIXTURE
27-2011,34,844,FIXTURE
27-2011,35,192,FIXTURE
27-2011,36,1834,FIXTURE
27-2011,37,948,FIXTURE
27-2011,38,71,FIXTURE
27-2011,39,1072,FIXTURE
27-2011,40,360,FIXTURE
27-2011,41,385,FIXTURE
27-2011,42,1181,FIXTURE
27-2011,44,100,FIXTURE
27-2011,45,465,FIXTURE
27-2011,46,80,FIXTURE
27-2011,47,628,FIXTURE
27-2011,48,2647,FIXTURE
27-2011,49,297,FIXTURE
27-2011,50,58,FIXTURE
27-2011,51,784,FIXTURE
27-2011,53,700,FIXTURE
27-2011,54,163,FIXTURE
27-2011,55,535,FIXTURE
27-2011,56,52,FIXTURE
27-2012,01,2096,FIXTURE
27-2012,02,306,FIXTURE
27-2012,04,2983,FIXTURE
27-2012,05,1256,FIXTURE
27-2012,06,16492,FIXTURE
27-2012,08,2408,FIXTURE
27-2012,09,1504,FIXTURE
27-2012,10,413,FIXTURE
27-2012,11,288,FIXTURE
27-2012,12,8984,FIXTURE
27-2012,13,4468,FIXTURE
27-2012,15,607,FIXTURE
27-2012,16,767,FIXTURE
27-2012,17,5344,FIXTURE
27-2012,18,2830,FIXTURE
27-2012,19,1331,FIXTURE
27-2012,20,1225,FIXTURE
27-2012,21,1879,FIXTURE
27-2012,22,1943,FIXTURE
27-2012,23,568,FIXTURE
27-2012,24,2577,FIXTURE
27-2012,25,2932,FIXTURE
27-2012,26,4203,FIXTURE
27-2012,27,2380,FIXTURE
27-2012,28,1235,FIXTURE
27-2012,29,2567,FIXTURE
27-2012,30,452,FIXTURE
27-2012,31,818,FIXTURE
27-2012,32,1295,FIXTURE
27-2012,33,575,FIXTURE
27-2012,34,3875,FIXTURE
27-2012,35,883,FIXTURE
27-2012,36,8426,FIXTURE
27-2012,37,4354,FIXTURE
27-2012,38,325,FIXTURE
27-2012,39,4922,FIXTURE
27-2012,40,1651,FIXTURE
27-2012,41,1767,FIXTURE
27-2012,42,5424,FIXTURE
27-2012,44,458,FIXTURE
27-2012,45,2135,FIXTURE
27-2012,46,370,FIXTURE
27-2012,47,2883,FIXTURE
27-2012,48,12157,FIXTURE
27-2012,49,1365,FIXTURE
27-2012,50,268,FIXTURE
27-2012,51,3600,FIXTURE
27-2012,53,3214,FIXTURE
27-2012,54,748,FIXTURE
27-2012,55,2458,FIXTURE
27-2012,56,241,FIXTURE
27-2021,01,187,FIXTURE
27-2021,02,27,FIXTURE
27-2021,04,266,FIXTURE
27-2021,05,112,FIXTURE
27-2021,06,1470,FIXTURE
27-2021,08,215,FIXTURE
27-2021,09,134,FIXTURE
27-2021,10,37,FIXTURE
27-2021,11,26,FIXTURE
27-2021,12,801,FIXTURE
27-2021,13,398,FIXTURE
27-2021,15,54,FIXTURE
27-2021,16,68,FIXTURE
27-2021,17,476,FIXTURE
27-2021,18,252,FIXTURE
27-2021,19,119,FIXTURE
27-2021,20,109,FIXTURE
27-2021,21,167,FIXTURE
27-2021,22,173,FIXTURE
27-2021,23,51,FIXTURE
27-2021,24,230,FIXTURE
27-2021,25,261,FIXTURE
27-2021,26,375,FIXTURE
27-2021,27,212,FIXTURE
27-2021,28,110,FIXTURE
27-2021,29,229,FIXTURE
27-2021,30,40,FIXTURE
27-2021,31,73,FIXTURE
27-2021,32,115,FIXTURE
27-2021,33,51,FIXTURE
27-2021,34,345,FIXTURE
27-2021,35,79,FIXTURE
27-2021,36,751,FIXTURE
27-2021,37,388,FIXTURE
27-2021,38,29,FIXTURE
27-2021,39,439,FIXTURE
27-2021,40,147,FIXTURE
27-2021,41,157,FIXTURE
27-2021,42,483,FIXTURE
27-2021,44,41,FIXTURE
27-2021,45,190,FIXTURE
27-2021,46,33,FIXTURE
27-2021,47,257,FIXTURE
27-2021,48,1083,FIXTURE
27-2021,49,122,FIXTURE
27-2021,50,24,FIXTURE
27-2021,51,321,FIXTURE
27-2021,53,286,FIXTURE
27-2021,54,67,FIXTURE
27-2021,55,219,FIXTURE
27-2021,56,21,FIXTURE
27-2022,01,2937,FIXTURE
27-2022,02,429,FIXTURE
27-2022,04,4180,FIXTURE
27-2022,05,1760,FIXTURE
27-2022,06,23111,FIXTURE
27-2022,08,3375,FIXTURE
27-2022,09,2108,FIXTURE
27-2022,10,579,FIXTURE
27-2022,11,403,FIXTURE
27-2022,12,12590,FIXTURE
27-2022,13,6261,FIXTURE
27-2022,15,851,FIXTURE
27-2022,16,1075,FIXTURE
27-2022,17,7489,FIXTURE
27-2022,18,3966,FIXTURE
27-2022,19,1865,FIXTURE
27-2022,20,1717,FIXTURE
27-2022,21,2634,FIXTURE
27-2022,22,2723,FIXTURE
27-2022,23,796,FIXTURE
27-2022,24,3611,FIXTURE
27-2022,25,4109,FIXTURE
27-2022,26,5890,FIXTURE
27-2022,27,3336,FIXTURE
27-2022,28,1731,FIXTURE
27-2022,29,3598,FIXTURE
27-2022,30,634,FIXTURE
27-2022,31,1147,FIXTURE
27-2022,32,1815,FIXTURE
27-2022,33,805,FIXTURE
27-2022,34,5430,FIXTURE
27-2022,35,1238,FIXTURE
27-2022,36,11808,FIXTURE
27-2022,37,6102,FIXTURE
27-2022,38,455,FIXTURE
27-2022,39,6897,FIXTURE
27-2022,40,2314,FIXTURE
27-2022,41,2477,FIXTURE
27-2022,42,7600,FIXTURE
27-2022,44,641,FIXTURE
27-2022,45,2992,FIXTURE
27-2022,46,518,FIXTURE
27-2022,47,4040,FIXTURE
27-2022,48,17036,FIXTURE
27-2022,49,1912,FIXTURE
27-2022,50,376,FIXTURE
27-2022,51,5045,FIXTURE
27-2022,53,4504,FIXTURE
27-2022,54,1048,FIXTURE
27-2022,55,3445,FIXTURE
27-2022,56,337,FIXTURE
27-2023,01,146,FIXTURE
27-2023,02,21,FIXTURE
27-2023,04,208,FIXTURE
27-2023,05,87,FIXTURE
27-2023,06,1148,FIXTURE
27-2023,08,168,FIXTURE
27-2023,09,105,FIXTURE
27-2023,10,29,FIXTURE
27-2023,11,20,FIXTURE
27-2023,12,625,FIXTURE
27-2023,13,311,FIXTURE
27-2023,15,42,FIXTURE
27-2023,16,53,FIXTURE
27-2023,17,372,FIXTURE
27-2023,18,197,FIXTURE
27-2023,19,93,FIXTURE
27-2023,20,85,FIXTURE
27-2023,21,131,FIXTURE
27-2023,22,135,FIXTURE
27-2023,23,39,FIXTURE
27-2023,24,179,FIXTURE
27-2023,25,204,FIXTURE
27-2023,26,292,FIXTURE
27-2023,27,166,FIXTURE
27-2023,28,86,FIXTURE
27-2023,29,179,FIXTURE
27-2023,30,31,FIXTURE
27-2023,31,57,FIXTURE
27-2023,32,90,FIXTURE
27-2023,33,40,FIXTURE
27-2023,34,270,FIXTURE
27-2023,35,61,FIXTURE
27-2023,36,586,FIXTURE
27-2023,37,303,FIXTURE
27-2023,38,23,FIXTURE
27-2023,39,342,FIXTURE
27-2023,40,115,FIXTURE
27-2023,41,123,FIXTURE
27-2023,42,377,FIXTURE
27-2023,44,32,FIXTURE
27-2023,45,148,FIXTURE
27-2023,46,26,FIXTURE
27-2023,47,201,FIXTURE
27-2023,48,846,FIXTURE
27-2023,49,95,FIXTURE
27-2023,50,19,FIXTURE
27-2023,51,250,FIXTURE
27-2023,53,224,FIXTURE
27-2023,54,52,FIXTURE
27-2023,55,171,FIXTURE
27-2023,56,17,FIXTURE
27-2031,01,58,FIXTURE
27-2031,02,9,FIXTURE
27-2031,04,83,FIXTURE
27-2031,05,35,FIXTURE
27-2031,06,459,FIXTURE
27-2031,08,67,FIXTURE
27-2031,09,42,FIXTURE
27-2031,10,12,FIXTURE
27-2031,11,8,FIXTURE
27-2031,12,250,FIXTURE
27-2031,13,124,FIXTURE
27-2031,15,17,FIXTURE
27-2031,16,21,FIXTURE
27-2031,17,149,FIXTURE
27-2031,18,79,FIXTURE
27-2031,19,37,FIXTURE
27-2031,20,34,FIXTURE
27-2031,21,52,FIXTURE
27-2031,22,54,FIXTURE
27-2031,23,16,FIXTURE
27-2031,24,72,FIXTURE
27-2031,25,82,FIXTURE
27-2031,26,117,FIXTURE
27-2031,27,66,FIXTURE
27-2031,28,34,FIXTURE
27-2031,29,72,FIXTURE
27-2031,30,13,FIXTURE
27-2031,31,23,FIXTURE
27-2031,32,36,FIXTURE
27-2031,33,16,FIXTURE
27-2031,34,108,FIXTURE
27-2031,35,25,FIXTURE
27-2031,36,235,FIXTURE
27-2031,37,121,FIXTURE
27-2031,38,9,FIXTURE
27-2031,39,137,FIXTURE
27-2031,40,46,FIXTURE
27-2031,41,49,FIXTURE
27-2031,42,151,FIXTURE
27-2031,44,13,FIXTURE
27-2031,45,59,FIXTURE
27-2031,46,10,FIXTURE
27-2031,47,80,FIXTURE
27-2031,48,339,FIXTURE
27-2031,49,38,FIXTURE
27-2031,50,7,FIXTURE
27-2031,51,100,FIXTURE
27-2031,53,90,FIXTURE
27-2031,54,21,FIXTURE
27-2031,55,68,FIXTURE
27-2031,56,7,FIXTURE
27-2032,01,60,FIXTURE
27-2032,02,9,FIXTURE
27-2032,04,86,FIXTURE
27-2032,05,36,FIXTURE
27-2032,06,476,FIXTURE
27-2032,08,70,FIXTURE
27-2032,09,43,FIXTURE
27-2032,10,12,FIXTURE
27-2032,11,8,FIXTURE
27-2032,12,259,FIXTURE
27-2032,13,129,FIXTURE
27-2032,15,18,FIXTURE
27-2032,16,22,FIXTURE
27-2032,17,154,FIXTURE
27-2032,18,82,FIXTURE
27-2032,19,38,FIXTURE
27-2032,20,35,FIXTURE
27-2032,21,54,FIXTURE
27-2032,22,56,FIXTURE
27-2032,23,16,FIXTURE
27-2032,24,74,FIXTURE
27-2032,25,85,FIXTURE
27-2032,26,121,FIXTURE
27-2032,27,69,FIXTURE
27-2032,28,36,FIXTURE
27-2032,29,74,FIXTURE
27-2032,30,13,FIXTURE
27-2032,31,24,FIXTURE
27-2032,32,37,FIXTURE
27-2032,33,17,FIXTURE
27-2032,34,112,FIXTURE
27-2032,35,25,FIXTURE
27-2032,36,243,FIXTURE
27-2032,37,126,FIXTURE
27-2032,38,9,FIXTURE
27-2032,39,142,FIXTURE
27-2032,40,48,FIXTURE
27-2032,41,51,FIXTURE
27-2032,42,157,FIXTURE
27-2032,44,13,FIXTURE
27-2032,45,62,FIXTURE
27-2032,46,11,FIXTURE
27-2032,47,83,FIXTURE
27-2032,48,351,FIXTURE
27-2032,49,39,FIXTURE
27-2032,50,8,FIXTURE
27-2032,51,104,FIXTURE
27-2032,53,93,FIXTURE
27-2032,54,22,FIXTURE
27-2032,55,71,FIXTURE
27-2032,56,7,FIXTURE
27-2041,01,145,FIXTURE
27-2041,02,21,FIXTURE
27-2041,04,206,FIXTURE
27-2041,05,87,FIXTURE
27-2041,06,1140,FIXTURE
27-2041,08,166,FIXTURE
27-2041,09,104,FIXTURE
27-2041,10,29,FIXTURE
27-2041,11,20,FIXTURE
27-2041,12,621,FIXTURE
27-2041,13,309,FIXTURE
27-2041,15,42,FIXTURE
27-2041,16,53,FIXTURE
27-2041,17,370,FIXTURE
27-2041,18,196,FIXTURE
27-2041,19,92,FIXTURE
27-2041,20,85,FIXTURE
27-2041,21,130,FIXTURE
27-2041,22,134,FIXTURE
27-2041,23,39,FIXTURE
27-2041,24,178,FIXTURE
27-2041,25,203,FIXTURE
27-2041,26,291,FIXTURE
27-2041,27,165,FIXTURE
27-2041,28,85,FIXTURE
27-2041,29,177,FIXTURE
27-2041,30,31,FIXTURE
27-2041,31,57,FIXTURE
27-2041,32,89,FIXTURE
27-2041,33,40,FIXTURE
27-2041,34,268,FIXTURE
27-2041,35,61,FIXTURE
27-2041,36,583,FIXTURE
27-2041,37,301,FIXTURE
27-2041,38,22,FIXTURE
27-2041,39,340,FIXTURE
27-2041,40,114,FIXTURE
27-2041,41,122,FIXTURE
27-2041,42,375,FIXTURE
27-2041,44,32,FIXTURE
27-2041,45,148,FIXTURE
27-2041,46,26,FIXTURE
27-2041,47,199,FIXTURE
27-2041,48,841,FIXTURE
27-2041,49,94,FIXTURE
27-2041,50,19,FIXTURE
27-2041,51,249,FIXTURE
27-2041,53,222,FIXTURE
27-2041,54,52,FIXTURE
27-2041,55,170,FIXTURE
27-2041,56,17,FIXTURE
27-2042,01,365,FIXTURE
27-2042,02,53,FIXTURE
27-2042,04,520,FIXTURE
27-2042,05,219,FIXTURE
27-2042,06,2872,FIXTURE
27-2042,08,419,FIXTURE
27-2042,09,262,FIXTURE
27-2042,10,72,FIXTURE
27-2042,11,50,FIXTURE
27-2042,12,1565,FIXTURE
27-2042,13,778,FIXTURE
27-2042,15,106,FIXTURE
27-2042,16,134,FIXTURE
27-2042,17,931,FIXTURE
27-2042,18,493,FIXTURE
27-2042,19,232,FIXTURE
27-2042,20,213,FIXTURE
27-2042,21,327,FIXTURE
27-2042,22,338,FIXTURE
27-2042,23,99,FIXTURE
27-2042,24,449,FIXTURE
27-2042,25,511,FIXTURE
27-2042,26,732,FIXTURE
27-2042,27,415,FIXTURE
27-2042,28,215,FIXTURE
27-2042,29,447,FIXTURE
27-2042,30,79,FIXTURE
27-2042,31,142,FIXTURE
27-2042,32,225,FIXTURE
27-2042,33,100,FIXTURE
27-2042,34,675,FIXTURE
27-2042,35,154,FIXTURE
27-2042,36,1468,FIXTURE
27-2042,37,758,FIXTURE
27-2042,38,57,FIXTURE
27-2042,39,857,FIXTURE
27-2042,40,288,FIXTURE
27-2042,41,308,FIXTURE
27-2042,42,945,FIXTURE
27-2042,44,80,FIXTURE
27-2042,45,372,FIXTURE
27-2042,46,64,FIXTURE
27-2042,47,502,FIXTURE
27-2042,48,2117,FIXTURE
27-2042,49,238,FIXTURE
27-2042,50,47,FIXTURE
27-2042,51,627,FIXTURE
27-2042,53,560,FIXTURE
27-2042,54,130,FIXTURE
27-2042,55,428,FIXTURE
27-2042,56,42,FIXTURE
27-2091,01,72,FIXTURE
27-2091,02,11,FIXTURE
27-2091,04,103,FIXTURE
27-2091,05,43,FIXTURE
27-2091,06,569,FIXTURE
27-2091,08,83,FIXTURE
27-2091,09,52,FIXTURE
27-2091,10,14,FIXTURE
27-2091,11,10,FIXTURE
27-2091,12,310,FIXTURE
27-2091,13,154,FIXTURE
27-2091,15,21,FIXTURE
27-2091,16,26,FIXTURE
27-2091,17,184,FIXTURE
27-2091,18,98,FIXTURE
27-2091,19,46,FIXTURE
27-2091,20,42,FIXTURE
27-2091,21,65,FIXTURE
27-2091,22,67,FIXTURE
27-2091,23,20,FIXTURE
27-2091,24,89,FIXTURE
27-2091,25,101,FIXTURE
27-2091,26,145,FIXTURE
27-2091,27,82,FIXTURE
27-2091,28,43,FIXTURE
27-2091,29,89,FIXTURE
27-2091,30,16,FIXTURE
27-2091,31,28,FIXTURE
27-2091,32,45,FIXTURE
27-2091,33,20,FIXTURE
27-2091,34,134,FIXTURE
27-2091,35,30,FIXTURE
27-2091,36,291,FIXTURE
27-2091,37,150,FIXTURE
27-2091,38,11,FIXTURE
27-2091,39,170,FIXTURE
27-2091,40,57,FIXTURE
27-2091,41,61,FIXTURE
27-2091,42,187,FIXTURE
27-2091,44,16,FIXTURE
27-2091,45,74,FIXTURE
27-2091,46,13,FIXTURE
27-2091,47,99,FIXTURE
27-2091,48,419,FIXTURE
27-2091,49,47,FIXTURE
27-2091,50,9,FIXTURE
27-2091,51,124,FIXTURE
27-2091,53,111,FIXTURE
27-2091,54,26,FIXTURE
27-2091,55,85,FIXTURE
27-2091,56,8,FIXTURE
27-2099,01,126,FIXTURE
27-2099,02,18,FIXTURE
27-2099,04,179,FIXTURE
27-2099,05,75,FIXTURE
27-2099,06,990,FIXTURE
27-2099,08,145,FIXTURE
27-2099,09,90,FIXTURE
27-2099,10,25,FIXTURE
27-2099,11,17,FIXTURE
27-2099,12,539,FIXTURE
27-2099,13,268,FIXTURE
27-2099,15,36,FIXTURE
27-2099,16,46,FIXTURE
27-2099,17,321,FIXTURE
27-2099,18,170,FIXTURE
27-2099,19,80,FIXTURE
27-2099,20,74,FIXTURE
27-2099,21,113,FIXTURE
27-2099,22,117,FIXTURE
27-2099,23,34,FIXTURE
27-2099,24,155,FIXTURE
27-2099,25,176,FIXTURE
27-2099,26,252,FIXTURE
27-2099,27,143,FIXTURE
27-2099,28,74,FIXTURE
27-2099,29,154,FIXTURE
27-2099,30,27,FIXTURE
27-2099,31,49,FIXTURE
27-2099,32,78,FIXTURE
27-2099,33,35,FIXTURE
27-2099,34,233,FIXTURE
27-2099,35,53,FIXTURE
27-2099,36,506,FIXTURE
27-2099,37,261,FIXTURE
27-2099,38,20,FIXTURE
27-2099,39,295,FIXTURE
27-2099,40,99,FIXTURE
27-2099,41,106,FIXTURE
27-2099,42,326,FIXTURE
27-2099,44,28,FIXTURE
27-2099,45,128,FIXTURE
27-2099,46,22,FIXTURE
27-2099,47,173,FIXTURE
27-2099,48,730,FIXTURE
27-2099,49,82,FIXTURE
27-2099,50,16,FIXTURE
27-2099,51,216,FIXTURE
27-2099,53,193,FIXTURE
27-2099,54,45,FIXTURE
27-2099,55,148,FIXTURE
27-2099,56,14,FIXTURE
27-3011,01,373,FIXTURE
27-3011,02,54,FIXTURE
27-3011,04,530,FIXTURE
27-3011,05,223,FIXTURE
27-3011,06,2932,FIXTURE
27-3011,08,428,FIXTURE
27-3011,09,268,FIXTURE
27-3011,10,73,FIXTURE
27-3011,11,51,FIXTURE
27-3011,12,1597,FIXTURE
27-3011,13,794,FIXTURE
27-3011,15,108,FIXTURE
27-3011,16,136,FIXTURE
27-3011,17,950,FIXTURE
27-3011,18,503,FIXTURE
27-3011,19,237,FIXTURE
27-3011,20,218,FIXTURE
27-3011,21,334,FIXTURE
27-3011,22,346,FIXTURE
27-3011,23,101,FIXTURE
27-3011,24,458,FIXTURE
27-3011,25,521,FIXTURE
27-3011,26,747,FIXTURE
27-3011,27,423,FIXTURE
27-3011,28,220,FIXTURE
27-3011,29,457,FIXTURE
27-3011,30,80,FIXTURE
27-3011,31,146,FIXTURE
27-3011,32,230,FIXTURE
27-3011,33,102,FIXTURE
27-3011,34,689,FIXTURE
27-3011,35,157,FIXTURE
27-3011,36,1498,FIXTURE
27-3011,37,774,FIXTURE
27-3011,38,58,FIXTURE
27-3011,39,875,FIXTURE
27-3011,40,294,FIXTURE
27-3011,41,314,FIXTURE
27-3011,42,964,FIXTURE
27-3011,44,81,FIXTURE
27-3011,45,380,FIXTURE
27-3011,46,66,FIXTURE
27-3011,47,513,FIXTURE
27-3011,48,2161,FIXTURE
27-3011,49,243,FIXTURE
27-3011,50,48,FIXTURE
27-3011,51,640,FIXTURE
27-3011,53,572,FIXTURE
27-3011,54,133,FIXTURE
27-3011,55,437,FIXTURE
27-3011,56,43,FIXTURE
27-3023,01,592,FIXTURE
27-3023,02,86,FIXTURE
27-3023,04,843,FIXTURE
27-3023,05,355,FIXTURE
27-3023,06,4662,FIXTURE
27-3023,08,681,FIXTURE
27-3023,09,425,FIXTURE
27-3023,10,117,FIXTURE
27-3023,11,81,FIXTURE
27-3023,12,2539,FIXTURE
27-3023,13,1263,FIXTURE
27-3023,15,172,FIXTURE
27-3023,16,217,FIXTURE
27-3023,17,1511,FIXTURE
27-3023,18,800,FIXTURE
27-3023,19,376,FIXTURE
27-3023,20,346,FIXTURE
27-3023,21,531,FIXTURE
27-3023,22,549,FIXTURE
27-3023,23,161,FIXTURE
27-3023,24,728,FIXTURE
27-3023,25,829,FIXTURE
27-3023,26,1188,FIXTURE
27-3023,27,673,FIXTURE
27-3023,28,349,FIXTURE
27-3023,29,726,FIXTURE
27-3023,30,128,FIXTURE
27-3023,31,231,FIXTURE
27-3023,32,366,FIXTURE
27-3023,33,162,FIXTURE
27-3023,34,1095,FIXTURE
27-3023,35,250,FIXTURE
27-3023,36,2382,FIXTURE
27-3023,37,1231,FIXTURE
27-3023,38,92,FIXTURE
27-3023,39,1391,FIXTURE
27-3023,40,467,FIXTURE
27-3023,41,500,FIXTURE
27-3023,42,1533,FIXTURE
27-3023,44,129,FIXTURE
27-3023,45,604,FIXTURE
27-3023,46,105,FIXTURE
27-3023,47,815,FIXTURE
27-3023,48,3436,FIXTURE
27-3023,49,386,FIXTURE
27-3023,50,76,FIXTURE
27-3023,51,1018,FIXTURE
27-3023,53,909,FIXTURE
27-3023,54,211,FIXTURE
27-3023,55,695,FIXTURE
27-3023,56,68,FIXTURE
27-3031,01,3679,FIXTURE
27-3031,02,537,FIXTURE
27-3031,04,5237,FIXTURE
27-3031,05,2205,FIXTURE
27-3031,06,28953,FIXTURE
27-3031,08,4228,FIXTURE
27-3031,09,2641,FIXTURE
27-3031,10,725,FIXTURE
27-3031,11,505,FIXTURE
27-3031,12,15772,FIXTURE
27-3031,13,7844,FIXTURE
27-3031,15,1066,FIXTURE
27-3031,16,1347,FIXTURE
27-3031,17,9382,FIXTURE
27-3031,18,4969,FIXTURE
27-3031,19,2336,FIXTURE
27-3031,20,2151,FIXTURE
27-3031,21,3299,FIXTURE
27-3031,22,3411,FIXTURE
27-3031,23,998,FIXTURE
27-3031,24,4523,FIXTURE
27-3031,25,5148,FIXTURE
27-3031,26,7379,FIXTURE
27-3031,27,4179,FIXTURE
27-3031,28,2168,FIXTURE
27-3031,29,4507,FIXTURE
27-3031,30,794,FIXTURE
27-3031,31,1436,FIXTURE
27-3031,32,2273,FIXTURE
27-3031,33,1009,FIXTURE
27-3031,34,6802,FIXTURE
27-3031,35,1551,FIXTURE
27-3031,36,14793,FIXTURE
27-3031,37,7644,FIXTURE
27-3031,38,571,FIXTURE
27-3031,39,8640,FIXTURE
27-3031,40,2899,FIXTURE
27-3031,41,3103,FIXTURE
27-3031,42,9521,FIXTURE
27-3031,44,804,FIXTURE
27-3031,45,3748,FIXTURE
27-3031,46,649,FIXTURE
27-3031,47,5061,FIXTURE
27-3031,48,21342,FIXTURE
27-3031,49,2396,FIXTURE
27-3031,50,471,FIXTURE
27-3031,51,6321,FIXTURE
27-3031,53,5642,FIXTURE
27-3031,54,1313,FIXTURE
27-3031,55,4316,FIXTURE
27-3031,56,422,FIXTURE
27-3041,01,1346,FIXTURE
27-3041,02,196,FIXTURE
27-3041,04,1916,FIXTURE
27-3041,05,807,FIXTURE
27-3041,06,10590,FIXTURE
27-3041,08,1546,FIXTURE
27-3041,09,966,FIXTURE
27-3041,10,265,FIXTURE
27-3041,11,185,FIXTURE
27-3041,12,5769,FIXTURE
27-3041,13,2869,FIXTURE
27-3041,15,390,FIXTURE
27-3041,16,493,FIXTURE
27-3041,17,3432,FIXTURE
27-3041,18,1818,FIXTURE
27-3041,19,855,FIXTURE
27-3041,20,787,FIXTURE
27-3041,21,1207,FIXTURE
27-3041,22,1248,FIXTURE
27-3041,23,365,FIXTURE
27-3041,24,1655,FIXTURE
27-3041,25,1883,FIXTURE
27-3041,26,2699,FIXTURE
27-3041,27,1528,FIXTURE
27-3041,28,793,FIXTURE
27-3041,29,1649,FIXTURE
27-3041,30,290,FIXTURE
27-3041,31,525,FIXTURE
27-3041,32,832,FIXTURE
27-3041,33,369,FIXTURE
27-3041,34,2488,FIXTURE
27-3041,35,567,FIXTURE
27-3041,36,5411,FIXTURE
27-3041,37,2796,FIXTURE
27-3041,38,209,FIXTURE
27-3041,39,3161,FIXTURE
27-3041,40,1060,FIXTURE
27-3041,41,1135,FIXTURE
27-3041,42,3483,FIXTURE
27-3041,44,294,FIXTURE
27-3041,45,1371,FIXTURE
27-3041,46,237,FIXTURE
27-3041,47,1851,FIXTURE
27-3041,48,7807,FIXTURE
27-3041,49,876,FIXTURE
27-3041,50,172,FIXTURE
27-3041,51,2312,FIXTURE
27-3041,53,2064,FIXTURE
27-3041,54,480,FIXTURE
27-3041,55,1579,FIXTURE
27-3041,56,154,FIXTURE
27-3042,01,722,FIXTURE
27-3042,02,105,FIXTURE
27-3042,04,1028,FIXTURE
27-3042,05,433,FIXTURE
27-3042,06,5681,FIXTURE
27-3042,08,830,FIXTURE
27-3042,09,518,FIXTURE
27-3042,10,142,FIXTURE
27-3042,11,99,FIXTURE
27-3042,12,3094,FIXTURE
27-3042,13,1539,FIXTURE
27-3042,15,209,FIXTURE
27-3042,16,264,FIXTURE
27-3042,17,1841,FIXTURE
27-3042,18,975,FIXTURE
27-3042,19,458,FIXTURE
27-3042,20,422,FIXTURE
27-3042,21,647,FIXTURE
27-3042,22,669,FIXTURE
27-3042,23,196,FIXTURE
27-3042,24,888,FIXTURE
27-3042,25,1010,FIXTURE
27-3042,26,1448,FIXTURE
27-3042,27,820,FIXTURE
27-3042,28,425,FIXTURE
27-3042,29,884,FIXTURE
27-3042,30,156,FIXTURE
27-3042,31,282,FIXTURE
27-3042,32,446,FIXTURE
27-3042,33,198,FIXTURE
27-3042,34,1335,FIXTURE
27-3042,35,304,FIXTURE
27-3042,36,2902,FIXTURE
27-3042,37,1500,FIXTURE
27-3042,38,112,FIXTURE
27-3042,39,1695,FIXTURE
27-3042,40,569,FIXTURE
27-3042,41,609,FIXTURE
27-3042,42,1868,FIXTURE
27-3042,44,158,FIXTURE
27-3042,45,735,FIXTURE
27-3042,46,127,FIXTURE
27-3042,47,993,FIXTURE
27-3042,48,4187,FIXTURE
27-3042,49,470,FIXTURE
27-3042,50,92,FIXTURE
27-3042,51,1240,FIXTURE
27-3042,53,1107,FIXTURE
27-3042,54,258,FIXTURE
27-3042,55,847,FIXTURE
27-3042,56,83,FIXTURE
27-3043,01,749,FIXTURE
27-3043,02,109,FIXTURE
27-3043,04,1066,FIXTURE
27-3043,05,449,FIXTURE
27-3043,06,5894,FIXTURE
27-3043,08,861,FIXTURE
27-3043,09,537,FIXTURE
27-3043,10,148,FIXTURE
27-3043,11,103,FIXTURE
27-3043,12,3211,FIXTURE
27-3043,13,1597,FIXTURE
27-3043,15,217,FIXTURE
27-3043,16,274,FIXTURE
27-3043,17,1910,FIXTURE
27-3043,18,1011,FIXTURE
27-3043,19,476,FIXTURE
27-3043,20,438,FIXTURE
27-3043,21,672,FIXTURE
27-3043,22,694,FIXTURE
27-3043,23,203,FIXTURE
27-3043,24,921,FIXTURE
27-3043,25,1048,FIXTURE
27-3043,26,1502,FIXTURE
27-3043,27,851,FIXTURE
27-3043,28,441,FIXTURE
27-3043,29,917,FIXTURE
27-3043,30,162,FIXTURE
27-3043,31,292,FIXTURE
27-3043,32,463,FIXTURE
27-3043,33,205,FIXTURE
27-3043,34,1385,FIXTURE
27-3043,35,316,FIXTURE
27-3043,36,3011,FIXTURE
27-3043,37,1556,FIXTURE
27-3043,38,116,FIXTURE
27-3043,39,1759,FIXTURE
27-3043,40,590,FIXTURE
27-3043,41,632,FIXTURE
27-3043,42,1938,FIXTURE
27-3043,44,164,FIXTURE
27-3043,45,763,FIXTURE
27-3043,46,132,FIXTURE
27-3043,47,1030,FIXTURE
27-3043,48,4345,FIXTURE
27-3043,49,488,FIXTURE
27-3043,50,96,FIXTURE
27-3043,51,1287,FIXTURE
27-3043,53,1149,FIXTURE
27-3043,54,267,FIXTURE
27-3043,55,879,FIXTURE
27-3043,56,86,FIXTURE
27-3091,01,791,FIXTURE
27-3091,02,115,FIXTURE
27-3091,04,1126,FIXTURE
27-3091,05,474,FIXTURE
27-3091,06,6223,FIXTURE
27-3091,08,909,FIXTURE
27-3091,09,568,FIXTURE
27-3091,10,156,FIXTURE
27-3091,11,108,FIXTURE
27-3091,12,3390,FIXTURE
27-3091,13,1686,FIXTURE
27-3091,15,229,FIXTURE
27-3091,16,289,FIXTURE
27-3091,17,2017,FIXTURE
27-3091,18,1068,FIXTURE
27-3091,19,502,FIXTURE
27-3091,20,462,FIXTURE
27-3091,21,709,FIXTURE
27-3091,22,733,FIXTURE
27-3091,23,214,FIXTURE
27-3091,24,972,FIXTURE
27-3091,25,1106,FIXTURE
27-3091,26,1586,FIXTURE
27-3091,27,898,FIXTURE
27-3091,28,466,FIXTURE
27-3091,29,969,FIXTURE
27-3091,30,171,FIXTURE
27-3091,31,309,FIXTURE
27-3091,32,489,FIXTURE
27-3091,33,217,FIXTURE
27-3091,34,1462,FIXTURE
27-3091,35,333,FIXTURE
27-3091,36,3180,FIXTURE
27-3091,37,1643,FIXTURE
27-3091,38,123,FIXTURE
27-3091,39,1857,FIXTURE
27-3091,40,623,FIXTURE
27-3091,41,667,FIXTURE
27-3091,42,2047,FIXTURE
27-3091,44,173,FIXTURE
27-3091,45,806,FIXTURE
27-3091,46,140,FIXTURE
27-3091,47,1088,FIXTURE
27-3091,48,4587,FIXTURE
27-3091,49,515,FIXTURE
27-3091,50,101,FIXTURE
27-3091,51,1359,FIXTURE
27-3091,53,1213,FIXTURE
27-3091,54,282,FIXTURE
27-3091,55,928,FIXTURE
27-3091,56,91,FIXTURE
27-3092,01,186,FIXTURE
27-3092,02,27,FIXTURE
27-3092,04,265,FIXTURE
27-3092,05,112,FIXTURE
27-3092,06,1467,FIXTURE
27-3092,08,214,FIXTURE
27-3092,09,134,FIXTURE
27-3092,10,37,FIXTURE
27-3092,11,26,FIXTURE
27-3092,12,799,FIXTURE
27-3092,13,398,FIXTURE
27-3092,15,54,FIXTURE
27-3092,16,68,FIXTURE
27-3092,17,475,FIXTURE
27-3092,18,252,FIXTURE
27-3092,19,118,FIXTURE
27-3092,20,109,FIXTURE
27-3092,21,167,FIXTURE
27-3092,22,173,FIXTURE
27-3092,23,51,FIXTURE
27-3092,24,229,FIXTURE
27-3092,25,261,FIXTURE
27-3092,26,374,FIXTURE
27-3092,27,212,FIXTURE
27-3092,28,110,FIXTURE
27-3092,29,228,FIXTURE
27-3092,30,40,FIXTURE
27-3092,31,73,FIXTURE
27-3092,32,115,FIXTURE
27-3092,33,51,FIXTURE
27-3092,34,345,FIXTURE
27-3092,35,79,FIXTURE
27-3092,36,750,FIXTURE
27-3092,37,387,FIXTURE
27-3092,38,29,FIXTURE
27-3092,39,438,FIXTURE
27-3092,40,147,FIXTURE
27-3092,41,157,FIXTURE
27-3092,42,483,FIXTURE
27-3092,44,41,FIXTURE
27-3092,45,190,FIXTURE
27-3092,46,33,FIXTURE
27-3092,47,256,FIXTURE
27-3092,48,1082,FIXTURE
27-3092,49,121,FIXTURE
27-3092,50,24,FIXTURE
27-3092,51,320,FIXTURE
27-3092,53,286,FIXTURE
27-3092,54,67,FIXTURE
27-3092,55,219,FIXTURE
27-3092,56,21,FIXTURE
27-3099,01,251,FIXTURE
27-3099,02,37,FIXTURE
27-3099,04,357,FIXTURE
27-3099,05,150,FIXTURE
27-3099,06,1973,FIXTURE
27-3099,08,288,FIXTURE
27-3099,09,180,FIXTURE
27-3099,10,49,FIXTURE
27-3099,11,34,FIXTURE
27-3099,12,1075,FIXTURE
27-3099,13,535,FIXTURE
27-3099,15,73,FIXTURE
27-3099,16,92,FIXTURE
27-3099,17,639,FIXTURE
27-3099,18,339,FIXTURE
27-3099,19,159,FIXTURE
27-3099,20,147,FIXTURE
27-3099,21,225,FIXTURE
27-3099,22,232,FIXTURE
27-3099,23,68,FIXTURE
27-3099,24,308,FIXTURE
27-3099,25,351,FIXTURE
27-3099,26,503,FIXTURE
27-3099,27,285,FIXTURE
27-3099,28,148,FIXTURE
27-3099,29,307,FIXTURE
27-3099,30,54,FIXTURE
27-3099,31,98,FIXTURE
27-3099,32,155,FIXTURE
27-3099,33,69,FIXTURE
27-3099,34,463,FIXTURE
27-3099,35,106,FIXTURE
27-3099,36,1008,FIXTURE
27-3099,37,521,FIXTURE
27-3099,38,39,FIXTURE
27-3099,39,589,FIXTURE
27-3099,40,198,FIXTURE
27-3099,41,211,FIXTURE
27-3099,42,649,FIXTURE
27-3099,44,55,FIXTURE
27-3099,45,255,FIXTURE
27-3099,46,44,FIXTURE
27-3099,47,345,FIXTURE
27-3099,48,1454,FIXTURE
27-3099,49,163,FIXTURE
27-3099,50,32,FIXTURE
27-3099,51,431,FIXTURE
27-3099,53,384,FIXTURE
27-3099,54,89,FIXTURE
27-3099,55,294,FIXTURE
27-3099,56,29,FIXTURE
27-4011,01,767,FIXTURE
27-4011,02,112,FIXTURE
27-4011,04,1092,FIXTURE
27-4011,05,460,FIXTURE
27-4011,06,6035,FIXTURE
27-4011,08,881,FIXTURE
27-4011,09,550,FIXTURE
27-4011,10,151,FIXTURE
27-4011,11,105,FIXTURE
27-4011,12,3287,FIXTURE
27-4011,13,1635,FIXTURE
27-4011,15,222,FIXTURE
27-4011,16,281,FIXTURE
27-4011,17,1956,FIXTURE
27-4011,18,1036,FIXTURE
27-4011,19,487,FIXTURE
27-4011,20,448,FIXTURE
27-4011,21,688,FIXTURE
27-4011,22,711,FIXTURE
27-4011,23,208,FIXTURE
27-4011,24,943,FIXTURE
27-4011,25,1073,FIXTURE
27-4011,26,1538,FIXTURE
27-4011,27,871,FIXTURE
27-4011,28,452,FIXTURE
27-4011,29,939,FIXTURE
27-4011,30,166,FIXTURE
27-4011,31,299,FIXTURE
27-4011,32,474,FIXTURE
27-4011,33,210,FIXTURE
27-4011,34,1418,FIXTURE
27-4011,35,323,FIXTURE
27-4011,36,3083,FIXTURE
27-4011,37,1593,FIXTURE
27-4011,38,119,FIXTURE
27-4011,39,1801,FIXTURE
27-4011,40,604,FIXTURE
27-4011,41,647,FIXTURE
27-4011,42,1985,FIXTURE
27-4011,44,168,FIXTURE
27-4011,45,781,FIXTURE
27-4011,46,135,FIXTURE
27-4011,47,1055,FIXTURE
27-4011,48,4449,FIXTURE
27-4011,49,499,FIXTURE
27-4011,50,98,FIXTURE
27-4011,51,1317,FIXTURE
27-4011,53,1176,FIXTURE
27-4011,54,274,FIXTURE
27-4011,55,900,FIXTURE
27-4011,56,88,FIXTURE
27-4012,01,383,FIXTURE
27-4012,02,56,FIXTURE
27-4012,04,545,FIXTURE
27-4012,05,230,FIXTURE
27-4012,06,3014,FIXTURE
27-4012,08,440,FIXTURE
27-4012,09,275,FIXTURE
27-4012,10,76,FIXTURE
27-4012,11,53,FIXTURE
27-4012,12,1642,FIXTURE
27-4012,13,817,FIXTURE
27-4012,15,111,FIXTURE
27-4012,16,140,FIXTURE
27-4012,17,977,FIXTURE
27-4012,18,517,FIXTURE
27-4012,19,243,FIXTURE
27-4012,20,224,FIXTURE
27-4012,21,344,FIXTURE
27-4012,22,355,FIXTURE
27-4012,23,104,FIXTURE
27-4012,24,471,FIXTURE
27-4012,25,536,FIXTURE
27-4012,26,768,FIXTURE
27-4012,27,435,FIXTURE
27-4012,28,226,FIXTURE
27-4012,29,469,FIXTURE
27-4012,30,83,FIXTURE
27-4012,31,150,FIXTURE
27-4012,32,237,FIXTURE
27-4012,33,105,FIXTURE
27-4012,34,708,FIXTURE
27-4012,35,161,FIXTURE
27-4012,36,1540,FIXTURE
27-4012,37,796,FIXTURE
27-4012,38,59,FIXTURE
27-4012,39,900,FIXTURE
27-4012,40,302,FIXTURE
27-4012,41,323,FIXTURE
27-4012,42,991,FIXTURE
27-4012,44,84,FIXTURE
27-4012,45,390,FIXTURE
27-4012,46,68,FIXTURE
27-4012,47,527,FIXTURE
27-4012,48,2222,FIXTURE
27-4012,49,249,FIXTURE
27-4012,50,49,FIXTURE
27-4012,51,658,FIXTURE
27-4012,53,587,FIXTURE
27-4012,54,137,FIXTURE
27-4012,55,449,FIXTURE
27-4012,56,44,FIXTURE
27-4014,01,164,FIXTURE
27-4014,02,24,FIXTURE
27-4014,04,233,FIXTURE
27-4014,05,98,FIXTURE
27-4014,06,1288,FIXTURE
27-4014,08,188,FIXTURE
27-4014,09,118,FIXTURE
27-4014,10,32,FIXTURE
27-4014,11,22,FIXTURE
27-4014,12,702,FIXTURE
27-4014,13,349,FIXTURE
27-4014,15,47,FIXTURE
27-4014,16,60,FIXTURE
27-4014,17,418,FIXTURE
27-4014,18,221,FIXTURE
27-4014,19,104,FIXTURE
27-4014,20,96,FIXTURE
27-4014,21,147,FIXTURE
27-4014,22,152,FIXTURE
27-4014,23,44,FIXTURE
27-4014,24,201,FIXTURE
27-4014,25,229,FIXTURE
27-4014,26,328,FIXTURE
27-4014,27,186,FIXTURE
27-4014,28,97,FIXTURE
27-4014,29,201,FIXTURE
27-4014,30,35,FIXTURE
27-4014,31,64,FIXTURE
27-4014,32,101,FIXTURE
27-4014,33,45,FIXTURE
27-4014,34,303,FIXTURE
27-4014,35,69,FIXTURE
27-4014,36,658,FIXTURE
27-4014,37,340,FIXTURE
27-4014,38,25,FIXTURE
27-4014,39,384,FIXTURE
27-4014,40,129,FIXTURE
27-4014,41,138,FIXTURE
27-4014,42,424,FIXTURE
27-4014,44,36,FIXTURE
27-4014,45,167,FIXTURE
27-4014,46,29,FIXTURE
27-4014,47,225,FIXTURE
27-4014,48,950,FIXTURE
27-4014,49,107,FIXTURE
27-4014,50,21,FIXTURE
27-4014,51,281,FIXTURE
27-4014,53,251,FIXTURE
27-4014,54,58,FIXTURE
27-4014,55,192,FIXTURE
27-4014,56,19,FIXTURE
27-4015,01,65,FIXTURE
27-4015,02,10,FIXTURE
27-4015,04,92,FIXTURE
27-4015,05,39,FIXTURE
27-4015,06,511,FIXTURE
27-4015,08,75,FIXTURE
27-4015,09,47,FIXTURE
27-4015,10,13,FIXTURE
27-4015,11,9,FIXTURE
27-4015,12,278,FIXTURE
27-4015,13,138,FIXTURE
27-4015,15,19,FIXTURE
27-4015,16,24,FIXTURE
27-4015,17,165,FIXTURE
27-4015,18,88,FIXTURE
27-4015,19,41,FIXTURE
27-4015,20,38,FIXTURE
27-4015,21,58,FIXTURE
27-4015,22,60,FIXTURE
27-4015,23,18,FIXTURE
27-4015,24,80,FIXTURE
27-4015,25,91,FIXTURE
27-4015,26,130,FIXTURE
27-4015,27,74,FIXTURE
27-4015,28,38,FIXTURE
27-4015,29,80,FIXTURE
27-4015,30,14,FIXTURE
27-4015,31,25,FIXTURE
27-4015,32,40,FIXTURE
27-4015,33,18,FIXTURE
27-4015,34,120,FIXTURE
27-4015,35,27,FIXTURE
27-4015,36,261,FIXTURE
27-4015,37,135,FIXTURE
27-4015,38,10,FIXTURE
27-4015,39,152,FIXTURE
27-4015,40,51,FIXTURE
27-4015,41,55,FIXTURE
27-4015,42,168,FIXTURE
27-4015,44,14,FIXTURE
27-4015,45,66,FIXTURE
27-4015,46,11,FIXTURE
27-4015,47,89,FIXTURE
27-4015,48,376,FIXTURE
27-4015,49,42,FIXTURE
27-4015,50,8,FIXTURE
27-4015,51,111,FIXTURE
27-4015,53,100,FIXTURE
27-4015,54,23,FIXTURE
27-4015,55,76,FIXTURE
27-4015,56,7,FIXTURE
27-4021,01,582,FIXTURE
27-4021,02,85,FIXTURE
27-4021,04,829,FIXTURE
27-4021,05,349,FIXTURE
27-4021,06,4583,FIXTURE
27-4021,08,669,FIXTURE
27-4021,09,418,FIXTURE
27-4021,10,115,FIXTURE
27-4021,11,80,FIXTURE
27-4021,12,2497,FIXTURE
27-4021,13,1242,FIXTURE
27-4021,15,169,FIXTURE
27-4021,16,213,FIXTURE
27-4021,17,1485,FIXTURE
27-4021,18,787,FIXTURE
27-4021,19,370,FIXTURE
27-4021,20,341,FIXTURE
27-4021,21,522,FIXTURE
27-4021,22,540,FIXTURE
27-4021,23,158,FIXTURE
27-4021,24,716,FIXTURE
27-4021,25,815,FIXTURE
27-4021,26,1168,FIXTURE
27-4021,27,661,FIXTURE
27-4021,28,343,FIXTURE
27-4021,29,713,FIXTURE
27-4021,30,126,FIXTURE
27-4021,31,227,FIXTURE
27-4021,32,360,FIXTURE
27-4021,33,160,FIXTURE
27-4021,34,1077,FIXTURE
27-4021,35,245,FIXTURE
27-4021,36,2342,FIXTURE
27-4021,37,1210,FIXTURE
27-4021,38,90,FIXTURE
27-4021,39,1368,FIXTURE
27-4021,40,459,FIXTURE
27-4021,41,491,FIXTURE
27-4021,42,1507,FIXTURE
27-4021,44,127,FIXTURE
27-4021,45,593,FIXTURE
27-4021,46,103,FIXTURE
27-4021,47,801,FIXTURE
27-4021,48,3378,FIXTURE
27-4021,49,379,FIXTURE
27-4021,50,75,FIXTURE
27-4021,51,1001,FIXTURE
27-4021,53,893,FIXTURE
27-4021,54,208,FIXTURE
27-4021,55,683,FIXTURE
27-4021,56,67,FIXTURE
27-4031,01,307,FIXTURE
27-4031,02,45,FIXTURE
27-4031,04,438,FIXTURE
27-4031,05,184,FIXTURE
27-4031,06,2419,FIXTURE
27-4031,08,353,FIXTURE
27-4031,09,221,FIXTURE
27-4031,10,61,FIXTURE
27-4031,11,42,FIXTURE
27-4031,12,1318,FIXTURE
27-4031,13,655,FIXTURE
27-4031,15,89,FIXTURE
27-4031,16,113,FIXTURE
27-4031,17,784,FIXTURE
27-4031,18,415,FIXTURE
27-4031,19,195,FIXTURE
27-4031,20,180,FIXTURE
27-4031,21,276,FIXTURE
27-4031,22,285,FIXTURE
27-4031,23,83,FIXTURE
27-4031,24,378,FIXTURE
27-4031,25,430,FIXTURE
27-4031,26,617,FIXTURE
27-4031,27,349,FIXTURE
27-4031,28,181,FIXTURE
27-4031,29,377,FIXTURE
27-4031,30,66,FIXTURE
27-4031,31,120,FIXTURE
27-4031,32,190,FIXTURE
27-4031,33,84,FIXTURE
27-4031,34,568,FIXTURE
27-4031,35,130,FIXTURE
27-4031,36,1236,FIXTURE
27-4031,37,639,FIXTURE
27-4031,38,48,FIXTURE
27-4031,39,722,FIXTURE
27-4031,40,242,FIXTURE
27-4031,41,259,FIXTURE
27-4031,42,796,FIXTURE
27-4031,44,67,FIXTURE
27-4031,45,313,FIXTURE
27-4031,46,54,FIXTURE
27-4031,47,423,FIXTURE
27-4031,48,1783,FIXTURE
27-4031,49,200,FIXTURE
27-4031,50,39,FIXTURE
27-4031,51,528,FIXTURE
27-4031,53,472,FIXTURE
27-4031,54,110,FIXTURE
27-4031,55,361,FIXTURE
27-4031,56,35,FIXTURE
27-4032,01,425,FIXTURE
27-4032,02,62,FIXTURE
27-4032,04,605,FIXTURE
27-4032,05,255,FIXTURE
27-4032,06,3344,FIXTURE
27-4032,08,488,FIXTURE
27-4032,09,305,FIXTURE
27-4032,10,84,FIXTURE
27-4032,11,58,FIXTURE
27-4032,12,1821,FIXTURE
27-4032,13,906,FIXTURE
27-4032,15,123,FIXTURE
27-4032,16,156,FIXTURE
27-4032,17,1083,FIXTURE
27-4032,18,574,FIXTURE
27-4032,19,270,FIXTURE
27-4032,20,248,FIXTURE
27-4032,21,381,FIXTURE
27-4032,22,394,FIXTURE
27-4032,23,115,FIXTURE
27-4032,24,522,FIXTURE
27-4032,25,594,FIXTURE
27-4032,26,852,FIXTURE
27-4032,27,483,FIXTURE
27-4032,28,250,FIXTURE
27-4032,29,520,FIXTURE
27-4032,30,92,FIXTURE
27-4032,31,166,FIXTURE
27-4032,32,263,FIXTURE
27-4032,33,116,FIXTURE
27-4032,34,786,FIXTURE
27-4032,35,179,FIXTURE
27-4032,36,1708,FIXTURE
27-4032,37,883,FIXTURE
27-4032,38,66,FIXTURE
27-4032,39,998,FIXTURE
27-4032,40,335,FIXTURE
27-4032,41,358,FIXTURE
27-4032,42,1100,FIXTURE
27-4032,44,93,FIXTURE
27-4032,45,433,FIXTURE
27-4032,46,75,FIXTURE
27-4032,47,584,FIXTURE
27-4032,48,2465,FIXTURE
27-4032,49,277,FIXTURE
27-4032,50,54,FIXTURE
27-4032,51,730,FIXTURE
27-4032,53,652,FIXTURE
27-4032,54,152,FIXTURE
27-4032,55,498,FIXTURE
27-4032,56,49,FIXTURE
27-4099,01,253,FIXTURE
27-4099,02,37,FIXTURE
27-4099,04,360,FIXTURE
27-4099,05,151,FIXTURE
27-4099,06,1989,FIXTURE
27-4099,08,290,FIXTURE
27-4099,09,181,FIXTURE
27-4099,10,50,FIXTURE
27-4099,11,35,FIXTURE
27-4099,12,1083,FIXTURE
27-4099,13,539,FIXTURE
27-4099,15,73,FIXTURE
27-4099,16,92,FIXTURE
27-4099,17,644,FIXTURE
27-4099,18,341,FIXTURE
27-4099,19,160,FIXTURE
27-4099,20,148,FIXTURE
27-4099,21,227,FIXTURE
27-4099,22,234,FIXTURE
27-4099,23,69,FIXTURE
27-4099,24,311,FIXTURE
27-4099,25,354,FIXTURE
27-4099,26,507,FIXTURE
27-4099,27,287,FIXTURE
27-4099,28,149,FIXTURE
27-4099,29,310,FIXTURE
27-4099,30,55,FIXTURE
27-4099,31,99,FIXTURE
27-4099,32,156,FIXTURE
27-4099,33,69,FIXTURE
27-4099,34,467,FIXTURE
27-4099,35,106,FIXTURE
27-4099,36,1016,FIXTURE
27-4099,37,525,FIXTURE
27-4099,38,39,FIXTURE
27-4099,39,593,FIXTURE
27-4099,40,199,FIXTURE
27-4099,41,213,FIXTURE
27-4099,42,654,FIXTURE
27-4099,44,55,FIXTURE
27-4099,45,257,FIXTURE
27-4099,46,45,FIXTURE
27-4099,47,348,FIXTURE
27-4099,48,1466,FIXTURE
27-4099,49,165,FIXTURE
27-4099,50,32,FIXTURE
27-4099,51,434,FIXTURE
27-4099,53,388,FIXTURE
27-4099,54,90,FIXTURE
27-4099,55,296,FIXTURE
27-4099,56,29,FIXTURE
29-1011,01,543,FIXTURE
29-1011,02,79,FIXTURE
29-1011,04,773,FIXTURE
29-1011,05,325,FIXTURE
29-1011,06,4272,FIXTURE
29-1011,08,624,FIXTURE
29-1011,09,390,FIXTURE
29-1011,10,107,FIXTURE
29-1011,11,74,FIXTURE
29-1011,12,2327,FIXTURE
29-1011,13,1157,FIXTURE
29-1011,15,157,FIXTURE
29-1011,16,199,FIXTURE
29-1011,17,1384,FIXTURE
29-1011,18,733,FIXTURE
29-1011,19,345,FIXTURE
29-1011,20,317,FIXTURE
29-1011,21,487,FIXTURE
29-1011,22,503,FIXTURE
29-1011,23,147,FIXTURE
29-1011,24,667,FIXTURE
29-1011,25,759,FIXTURE
29-1011,26,1089,FIXTURE
29-1011,27,616,FIXTURE
29-1011,28,320,FIXTURE
29-1011,29,665,FIXTURE
29-1011,30,117,FIXTURE
29-1011,31,212,FIXTURE
29-1011,32,335,FIXTURE
29-1011,33,149,FIXTURE
29-1011,34,1004,FIXTURE
29-1011,35,229,FIXTURE
29-1011,36,2183,FIXTURE
29-1011,37,1128,FIXTURE
29-1011,38,84,FIXTURE
29-1011,39,1275,FIXTURE
29-1011,40,428,FIXTURE
29-1011,41,458,FIXTURE
29-1011,42,1405,FIXTURE
29-1011,44,119,FIXTURE
29-1011,45,553,FIXTURE
29-1011,46,96,FIXTURE
29-1011,47,747,FIXTURE
29-1011,48,3149,FIXTURE
29-1011,49,353,FIXTURE
29-1011,50,69,FIXTURE
29-1011,51,933,FIXTURE
29-1011,53,832,FIXTURE
29-1011,54,194,FIXTURE
29-1011,55,637,FIXTURE
29-1011,56,62,FIXTURE
29-1021,01,1647,FIXTURE
29-1021,02,241,FIXTURE
29-1021,04,2345,FIXTURE
29-1021,05,987,FIXTURE
29-1021,06,12964,FIXTURE
29-1021,08,1893,FIXTURE
29-1021,09,1182,FIXTURE
29-1021,10,325,FIXTURE
29-1021,11,226,FIXTURE
29-1021,12,7062,FIXTURE
29-1021,13,3512,FIXTURE
29-1021,15,477,FIXTURE
29-1021,16,603,FIXTURE
29-1021,17,4201,FIXTURE
29-1021,18,2225,FIXTURE
29-1021,19,1046,FIXTURE
29-1021,20,963,FIXTURE
29-1021,21,1477,FIXTURE
29-1021,22,1527,FIXTURE
29-1021,23,447,FIXTURE
29-1021,24,2026,FIXTURE
29-1021,25,2305,FIXTURE
29-1021,26,3304,FIXTURE
29-1021,27,1871,FIXTURE
29-1021,28,971,FIXTURE
29-1021,29,2018,FIXTURE
29-1021,30,356,FIXTURE
29-1021,31,643,FIXTURE
29-1021,32,1018,FIXTURE
29-1021,33,452,FIXTURE
29-1021,34,3046,FIXTURE
29-1021,35,694,FIXTURE
29-1021,36,6624,FIXTURE
29-1021,37,3423,FIXTURE
29-1021,38,256,FIXTURE
29-1021,39,3869,FIXTURE
29-1021,40,1298,FIXTURE
29-1021,41,1389,FIXTURE
29-1021,42,4264,FIXTURE
29-1021,44,360,FIXTURE
29-1021,45,1678,FIXTURE
29-1021,46,291,FIXTURE
29-1021,47,2266,FIXTURE
29-1021,48,9557,FIXTURE
29-1021,49,1073,FIXTURE
29-1021,50,211,FIXTURE
29-1021,51,2830,FIXTURE
29-1021,53,2527,FIXTURE
29-1021,54,588,FIXTURE
29-1021,55,1933,FIXTURE
29-1021,56,189,FIXTURE
29-1022,01,81,FIXTURE
29-1022,02,12,FIXTURE
29-1022,04,115,FIXTURE
29-1022,05,48,FIXTURE
29-1022,06,636,FIXTURE
29-1022,08,93,FIXTURE
29-1022,09,58,FIXTURE
29-1022,10,16,FIXTURE
29-1022,11,11,FIXTURE
29-1022,12,346,FIXTURE
29-1022,13,172,FIXTURE
29-1022,15,23,FIXTURE
29-1022,16,30,FIXTURE
29-1022,17,206,FIXTURE
29-1022,18,109,FIXTURE
29-1022,19,51,FIXTURE
29-1022,20,47,FIXTURE
29-1022,21,72,FIXTURE
29-1022,22,75,FIXTURE
29-1022,23,22,FIXTURE
29-1022,24,99,FIXTURE
29-1022,25,113,FIXTURE
29-1022,26,162,FIXTURE
29-1022,27,92,FIXTURE
29-1022,28,48,FIXTURE
29-1022,29,99,FIXTURE
29-1022,30,17,FIXTURE
29-1022,31,32,FIXTURE
29-1022,32,50,FIXTURE
29-1022,33,22,FIXTURE
29-1022,34,149,FIXTURE
29-1022,35,34,FIXTURE
29-1022,36,325,FIXTURE
29-1022,37,168,FIXTURE
29-1022,38,13,FIXTURE
29-1022,39,190,FIXTURE
29-1022,40,64,FIXTURE
29-1022,41,68,FIXTURE
29-1022,42,209,FIXTURE
29-1022,44,18,FIXTURE
29-1022,45,82,FIXTURE
29-1022,46,14,FIXTURE
29-1022,47,111,FIXTURE
29-1022,48,469,FIXTURE
29-1022,49,53,FIXTURE
29-1022,50,10,FIXTURE
29-1022,51,139,FIXTURE
29-1022,53,124,FIXTURE
29-1022,54,29,FIXTURE
29-1022,55,95,FIXTURE
29-1022,56,9,FIXTURE
29-1023,01,78,FIXTURE
29-1023,02,11,FIXTURE
29-1023,04,111,FIXTURE
29-1023,05,47,FIXTURE
29-1023,06,613,FIXTURE
29-1023,08,90,FIXTURE
29-1023,09,56,FIXTURE
29-1023,10,15,FIXTURE
29-1023,11,11,FIXTURE
29-1023,12,334,FIXTURE
29-1023,13,166,FIXTURE
29-1023,15,23,FIXTURE
29-1023,16,29,FIXTURE
29-1023,17,199,FIXTURE
29-1023,18,105,FIXTURE
29-1023,19,49,FIXTURE
29-1023,20,46,FIXTURE
29-1023,21,70,FIXTURE
29-1023,22,72,FIXTURE
29-1023,23,21,FIXTURE
29-1023,24,96,FIXTURE
29-1023,25,109,FIXTURE
29-1023,26,156,FIXTURE
29-1023,27,89,FIXTURE
29-1023,28,46,FIXTURE
29-1023,29,95,FIXTURE
29-1023,30,17,FIXTURE
29-1023,31,30,FIXTURE
29-1023,32,48,FIXTURE
29-1023,33,21,FIXTURE
29-1023,34,144,FIXTURE
29-1023,35,33,FIXTURE
29-1023,36,313,FIXTURE
29-1023,37,162,FIXTURE
29-1023,38,12,FIXTURE
29-1023,39,183,FIXTURE
29-1023,40,61,FIXTURE
29-1023,41,66,FIXTURE
29-1023,42,202,FIXTURE
29-1023,44,17,FIXTURE
29-1023,45,79,FIXTURE
29-1023,46,14,FIXTURE
29-1023,47,107,FIXTURE
29-1023,48,452,FIXTURE
29-1023,49,51,FIXTURE
29-1023,50,10,FIXTURE
29-1023,51,134,FIXTURE
29-1023,53,119,FIXTURE
29-1023,54,28,FIXTURE
29-1023,55,91,FIXTURE
29-1023,56,9,FIXTURE
29-1024,01,12,FIXTURE
29-1024,02,2,FIXTURE
29-1024,04,17,FIXTURE
29-1024,05,7,FIXTURE
29-1024,06,94,FIXTURE
29-1024,08,14,FIXTURE
29-1024,09,9,FIXTURE
29-1024,10,2,FIXTURE
29-1024,11,2,FIXTURE
29-1024,12,51,FIXTURE
29-1024,13,26,FIXTURE
29-1024,15,3,FIXTURE
29-1024,16,4,FIXTURE
29-1024,17,31,FIXTURE
29-1024,18,16,FIXTURE
29-1024,19,8,FIXTURE
29-1024,20,7,FIXTURE
29-1024,21,11,FIXTURE
29-1024,22,11,FIXTURE
29-1024,23,3,FIXTURE
29-1024,24,15,FIXTURE
29-1024,25,17,FIXTURE
29-1024,26,24,FIXTURE
29-1024,27,14,FIXTURE
29-1024,28,7,FIXTURE
29-1024,29,15,FIXTURE
29-1024,30,3,FIXTURE
29-1024,31,5,FIXTURE
29-1024,32,7,FIXTURE
29-1024,33,3,FIXTURE
29-1024,34,22,FIXTURE
29-1024,35,5,FIXTURE
29-1024,36,48,FIXTURE
29-1024,37,25,FIXTURE
29-1024,38,2,FIXTURE
29-1024,39,28,FIXTURE
29-1024,40,9,FIXTURE
29-1024,41,10,FIXTURE
29-1024,42,31,FIXTURE
29-1024,44,3,FIXTURE
29-1024,45,12,FIXTURE
29-1024,46,2,FIXTURE
29-1024,47,16,FIXTURE
29-1024,48,69,FIXTURE
29-1024,49,8,FIXTURE
29-1024,50,2,FIXTURE
29-1024,51,21,FIXTURE
29-1024,53,18,FIXTURE
29-1024,54,4,FIXTURE
29-1024,55,14,FIXTURE
29-1024,56,1,FIXTURE
29-1029,01,72,FIXTURE
29-1029,02,10,FIXTURE
29-1029,04,102,FIXTURE
29-1029,05,43,FIXTURE
29-1029,06,567,FIXTURE
29-1029,08,83,FIXTURE
29-1029,09,52,FIXTURE
29-1029,10,14,FIXTURE
29-1029,11,10,FIXTURE
29-1029,12,309,FIXTURE
29-1029,13,153,FIXTURE
29-1029,15,21,FIXTURE
29-1029,16,26,FIXTURE
29-1029,17,184,FIXTURE
29-1029,18,97,FIXTURE
29-1029,19,46,FIXTURE
29-1029,20,42,FIXTURE
29-1029,21,65,FIXTURE
29-1029,22,67,FIXTURE
29-1029,23,20,FIXTURE
29-1029,24,89,FIXTURE
29-1029,25,101,FIXTURE
29-1029,26,144,FIXTURE
29-1029,27,82,FIXTURE
29-1029,28,42,FIXTURE
29-1029,29,88,FIXTURE
29-1029,30,16,FIXTURE
29-1029,31,28,FIXTURE
29-1029,32,44,FIXTURE
29-1029,33,20,FIXTURE
29-1029,34,133,FIXTURE
29-1029,35,30,FIXTURE
29-1029,36,289,FIXTURE
29-1029,37,150,FIXTURE
29-1029,38,11,FIXTURE
29-1029,39,169,FIXTURE
29-1029,40,57,FIXTURE
29-1029,41,61,FIXTURE
29-1029,42,186,FIXTURE
29-1029,44,16,FIXTURE
29-1029,45,73,FIXTURE
29-1029,46,13,FIXTURE
29-1029,47,99,FIXTURE
29-1029,48,418,FIXTURE
29-1029,49,47,FIXTURE
29-1029,50,9,FIXTURE
29-1029,51,124,FIXTURE
29-1029,53,110,FIXTURE
29-1029,54,26,FIXTURE
29-1029,55,84,FIXTURE
29-1029,56,8,FIXTURE
29-1031,01,1011,FIXTURE
29-1031,02,148,FIXTURE
29-1031,04,1439,FIXTURE
29-1031,05,606,FIXTURE
29-1031,06,7955,FIXTURE
29-1031,08,1162,FIXTURE
29-1031,09,726,FIXTURE
29-1031,10,199,FIXTURE
29-1031,11,139,FIXTURE
29-1031,12,4334,FIXTURE
29-1031,13,2155,FIXTURE
29-1031,15,293,FIXTURE
29-1031,16,370,FIXTURE
29-1031,17,2578,FIXTURE
29-1031,18,1365,FIXTURE
29-1031,19,642,FIXTURE
29-1031,20,591,FIXTURE
29-1031,21,907,FIXTURE
29-1031,22,937,FIXTURE
29-1031,23,274,FIXTURE
29-1031,24,1243,FIXTURE
29-1031,25,1414,FIXTURE
29-1031,26,2028,FIXTURE
29-1031,27,1148,FIXTURE
29-1031,28,596,FIXTURE
29-1031,29,1238,FIXTURE
29-1031,30,218,FIXTURE
29-1031,31,395,FIXTURE
29-1031,32,625,FIXTURE
29-1031,33,277,FIXTURE
29-1031,34,1869,FIXTURE
29-1031,35,426,FIXTURE
29-1031,36,4065,FIXTURE
29-1031,37,2100,FIXTURE
29-1031,38,157,FIXTURE
29-1031,39,2374,FIXTURE
29-1031,40,797,FIXTURE
29-1031,41,853,FIXTURE
29-1031,42,2616,FIXTURE
29-1031,44,221,FIXTURE
29-1031,45,1030,FIXTURE
29-1031,46,178,FIXTURE
29-1031,47,1390,FIXTURE
29-1031,48,5864,FIXTURE
29-1031,49,658,FIXTURE
29-1031,50,129,FIXTURE
29-1031,51,1737,FIXTURE
29-1031,53,1550,FIXTURE
29-1031,54,361,FIXTURE
29-1031,55,1186,FIXTURE
29-1031,56,116,FIXTURE
29-1041,01,587,FIXTURE
29-1041,02,86,FIXTURE
29-1041,04,835,FIXTURE
29-1041,05,352,FIXTURE
29-1041,06,4619,FIXTURE
29-1041,08,674,FIXTURE
29-1041,09,421,FIXTURE
29-1041,10,116,FIXTURE
29-1041,11,81,FIXTURE
29-1041,12,2516,FIXTURE
29-1041,13,1251,FIXTURE
29-1041,15,170,FIXTURE
29-1041,16,215,FIXTURE
29-1041,17,1497,FIXTURE
29-1041,18,793,FIXTURE
29-1041,19,373,FIXTURE
29-1041,20,343,FIXTURE
29-1041,21,526,FIXTURE
29-1041,22,544,FIXTURE
29-1041,23,159,FIXTURE
29-1041,24,722,FIXTURE
29-1041,25,821,FIXTURE
29-1041,26,1177,FIXTURE
29-1041,27,667,FIXTURE
29-1041,28,346,FIXTURE
29-1041,29,719,FIXTURE
29-1041,30,127,FIXTURE
29-1041,31,229,FIXTURE
29-1041,32,363,FIXTURE
29-1041,33,161,FIXTURE
29-1041,34,1085,FIXTURE
29-1041,35,247,FIXTURE
29-1041,36,2360,FIXTURE
29-1041,37,1220,FIXTURE
29-1041,38,91,FIXTURE
29-1041,39,1378,FIXTURE
29-1041,40,463,FIXTURE
29-1041,41,495,FIXTURE
29-1041,42,1519,FIXTURE
29-1041,44,128,FIXTURE
29-1041,45,598,FIXTURE
29-1041,46,104,FIXTURE
29-1041,47,807,FIXTURE
29-1041,48,3405,FIXTURE
29-1041,49,382,FIXTURE
29-1041,50,75,FIXTURE
29-1041,51,1008,FIXTURE
29-1041,53,900,FIXTURE
29-1041,54,210,FIXTURE
29-1041,55,688,FIXTURE
29-1041,56,67,FIXTURE
29-1051,01,4738,FIXTURE
29-1051,02,692,FIXTURE
29-1051,04,6744,FIXTURE
29-1051,05,2840,FIXTURE
29-1051,06,37284,FIXTURE
29-1051,08,5444,FIXTURE
29-1051,09,3400,FIXTURE
29-1051,10,933,FIXTURE
29-1051,11,650,FIXTURE
29-1051,12,20310,FIXTURE
29-1051,13,10101,FIXTURE
29-1051,15,1372,FIXTURE
29-1051,16,1734,FIXTURE
29-1051,17,12082,FIXTURE
29-1051,18,6399,FIXTURE
29-1051,19,3008,FIXTURE
29-1051,20,2770,FIXTURE
29-1051,21,4249,FIXTURE
29-1051,22,4392,FIXTURE
29-1051,23,1285,FIXTURE
29-1051,24,5825,FIXTURE
29-1051,25,6629,FIXTURE
29-1051,26,9503,FIXTURE
29-1051,27,5381,FIXTURE
29-1051,28,2792,FIXTURE
29-1051,29,5804,FIXTURE
29-1051,30,1022,FIXTURE
29-1051,31,1850,FIXTURE
29-1051,32,2928,FIXTURE
29-1051,33,1299,FIXTURE
29-1051,34,8759,FIXTURE
29-1051,35,1997,FIXTURE
29-1051,36,19049,FIXTURE
29-1051,37,9844,FIXTURE
29-1051,38,735,FIXTURE
29-1051,39,11127,FIXTURE
29-1051,40,3734,FIXTURE
29-1051,41,3996,FIXTURE
29-1051,42,12261,FIXTURE
29-1051,44,1035,FIXTURE
29-1051,45,4827,FIXTURE
29-1051,46,836,FIXTURE
29-1051,47,6517,FIXTURE
29-1051,48,27484,FIXTURE
29-1051,49,3085,FIXTURE
29-1051,50,606,FIXTURE
29-1051,51,8139,FIXTURE
29-1051,53,7266,FIXTURE
29-1051,54,1691,FIXTURE
29-1051,55,5558,FIXTURE
29-1051,56,544,FIXTURE
29-1071,01,2015,FIXTURE
29-1071,02,294,FIXTURE
29-1071,04,2868,FIXTURE
29-1071,05,1208,FIXTURE
29-1071,06,15858,FIXTURE
29-1071,08,2316,FIXTURE
29-1071,09,1446,FIXTURE
29-1071,10,397,FIXTURE
29-1071,11,277,FIXTURE
29-1071,12,8639,FIXTURE
29-1071,13,4296,FIXTURE
29-1071,15,584,FIXTURE
29-1071,16,738,FIXTURE
29-1071,17,5139,FIXTURE
29-1071,18,2722,FIXTURE
29-1071,19,1280,FIXTURE
29-1071,20,1178,FIXTURE
29-1071,21,1807,FIXTURE
29-1071,22,1868,FIXTURE
29-1071,23,546,FIXTURE
29-1071,24,2478,FIXTURE
29-1071,25,2820,FIXTURE
29-1071,26,4042,FIXTURE
29-1071,27,2289,FIXTURE
29-1071,28,1188,FIXTURE
29-1071,29,2469,FIXTURE
29-1071,30,435,FIXTURE
29-1071,31,787,FIXTURE
29-1071,32,1245,FIXTURE
29-1071,33,553,FIXTURE
29-1071,34,3726,FIXTURE
29-1071,35,849,FIXTURE
29-1071,36,8102,FIXTURE
29-1071,37,4187,FIXTURE
29-1071,38,312,FIXTURE
29-1071,39,4733,FIXTURE
29-1071,40,1588,FIXTURE
29-1071,41,1699,FIXTURE
29-1071,42,5215,FIXTURE
29-1071,44,440,FIXTURE
29-1071,45,2053,FIXTURE
29-1071,46,356,FIXTURE
29-1071,47,2772,FIXTURE
29-1071,48,11690,FIXTURE
29-1071,49,1312,FIXTURE
29-1071,50,258,FIXTURE
29-1071,51,3462,FIXTURE
29-1071,53,3090,FIXTURE
29-1071,54,719,FIXTURE
29-1071,55,2364,FIXTURE
29-1071,56,231,FIXTURE
29-1081,01,134,FIXTURE
29-1081,02,20,FIXTURE
29-1081,04,191,FIXTURE
29-1081,05,80,FIXTURE
29-1081,06,1055,FIXTURE
29-1081,08,154,FIXTURE
29-1081,09,96,FIXTURE
29-1081,10,26,FIXTURE
29-1081,11,18,FIXTURE
29-1081,12,574,FIXTURE
29-1081,13,286,FIXTURE
29-1081,15,39,FIXTURE
29-1081,16,49,FIXTURE
29-1081,17,342,FIXTURE
29-1081,18,181,FIXTURE
29-1081,19,85,FIXTURE
29-1081,20,78,FIXTURE
29-1081,21,120,FIXTURE
29-1081,22,124,FIXTURE
29-1081,23,36,FIXTURE
29-1081,24,165,FIXTURE
29-1081,25,188,FIXTURE
29-1081,26,269,FIXTURE
29-1081,27,152,FIXTURE
29-1081,28,79,FIXTURE
29-1081,29,164,FIXTURE
29-1081,30,29,FIXTURE
29-1081,31,52,FIXTURE
29-1081,32,83,FIXTURE
29-1081,33,37,FIXTURE
29-1081,34,248,FIXTURE
29-1081,35,56,FIXTURE
29-1081,36,539,FIXTURE
29-1081,37,278,FIXTURE
29-1081,38,21,FIXTURE
29-1081,39,315,FIXTURE
29-1081,40,106,FIXTURE
29-1081,41,113,FIXTURE
29-1081,42,347,FIXTURE
29-1081,44,29,FIXTURE
29-1081,45,137,FIXTURE
29-1081,46,24,FIXTURE
29-1081,47,184,FIXTURE
29-1081,48,777,FIXTURE
29-1081,49,87,FIXTURE
29-1081,50,17,FIXTURE
29-1081,51,230,FIXTURE
29-1081,53,206,FIXTURE
29-1081,54,48,FIXTURE
29-1081,55,157,FIXTURE
29-1081,56,15,FIXTURE
29-1122,01,1938,FIXTURE
29-1122,02,283,FIXTURE
29-1122,04,2758,FIXTURE
29-1122,05,1161,FIXTURE
29-1122,06,15249,FIXTURE
29-1122,08,2227,FIXTURE
29-1122,09,1391,FIXTURE
29-1122,10,382,FIXTURE
29-1122,11,266,FIXTURE
29-1122,12,8307,FIXTURE
29-1122,13,4131,FIXTURE
29-1122,15,561,FIXTURE
29-1122,16,709,FIXTURE
29-1122,17,4941,FIXTURE
29-1122,18,2617,FIXTURE
29-1122,19,1230,FIXTURE
29-1122,20,1133,FIXTURE
29-1122,21,1738,FIXTURE
29-1122,22,1796,FIXTURE
29-1122,23,525,FIXTURE
29-1122,24,2382,FIXTURE
29-1122,25,2711,FIXTURE
29-1122,26,3887,FIXTURE
29-1122,27,2201,FIXTURE
29-1122,28,1142,FIXTURE
29-1122,29,2374,FIXTURE
29-1122,30,418,FIXTURE
29-1122,31,757,FIXTURE
29-1122,32,1197,FIXTURE
29-1122,33,531,FIXTURE
29-1122,34,3583,FIXTURE
29-1122,35,817,FIXTURE
29-1122,36,7791,FIXTURE
29-1122,37,4026,FIXTURE
29-1122,38,300,FIXTURE
29-1122,39,4551,FIXTURE
29-1122,40,1527,FIXTURE
29-1122,41,1634,FIXTURE
29-1122,42,5015,FIXTURE
29-1122,44,423,FIXTURE
29-1122,45,1974,FIXTURE
29-1122,46,342,FIXTURE
29-1122,47,2665,FIXTURE
29-1122,48,11241,FIXTURE
29-1122,49,1262,FIXTURE
29-1122,50,248,FIXTURE
29-1122,51,3329,FIXTURE
29-1122,53,2972,FIXTURE
29-1122,54,692,FIXTURE
29-1122,55,2273,FIXTURE
29-1122,56,222,FIXTURE
29-1123,01,3416,FIXTURE
29-1123,02,499,FIXTURE
29-1123,04,4862,FIXTURE
29-1123,05,2047,FIXTURE
29-1123,06,26882,FIXTURE
29-1123,08,3925,FIXTURE
29-1123,09,2452,FIXTURE
29-1123,10,673,FIXTURE
29-1123,11,469,FIXTURE
29-1123,12,14644,FIXTURE
29-1123,13,7283,FIXTURE
29-1123,15,989,FIXTURE
29-1123,16,1250,FIXTURE
29-1123,17,8711,FIXTURE
29-1123,18,4613,FIXTURE
29-1123,19,2169,FIXTURE
29-1123,20,1997,FIXTURE
29-1123,21,3063,FIXTURE
29-1123,22,3167,FIXTURE
29-1123,23,926,FIXTURE
29-1123,24,4200,FIXTURE
29-1123,25,4780,FIXTURE
29-1123,26,6851,FIXTURE
29-1123,27,3880,FIXTURE
29-1123,28,2013,FIXTURE
29-1123,29,4185,FIXTURE
29-1123,30,737,FIXTURE
29-1123,31,1334,FIXTURE
29-1123,32,2111,FIXTURE
29-1123,33,937,FIXTURE
29-1123,34,6316,FIXTURE
29-1123,35,1440,FIXTURE
29-1123,36,13735,FIXTURE
29-1123,37,7098,FIXTURE
29-1123,38,530,FIXTURE
29-1123,39,8022,FIXTURE
29-1123,40,2692,FIXTURE
29-1123,41,2881,FIXTURE
29-1123,42,8840,FIXTURE
29-1123,44,746,FIXTURE
29-1123,45,3480,FIXTURE
29-1123,46,603,FIXTURE
29-1123,47,4699,FIXTURE
29-1123,48,19816,FIXTURE
29-1123,49,2224,FIXTURE
29-1123,50,437,FIXTURE
29-1123,51,5868,FIXTURE
29-1123,53,5239,FIXTURE
29-1123,54,1220,FIXTURE
29-1123,55,4007,FIXTURE
29-1123,56,392,FIXTURE
29-1124,01,243,FIXTURE
29-1124,02,36,FIXTURE
29-1124,04,346,FIXTURE
29-1124,05,146,FIXTURE
29-1124,06,1915,FIXTURE
29-1124,08,280,FIXTURE
29-1124,09,175,FIXTURE
29-1124,10,48,FIXTURE
29-1124,11,33,FIXTURE
29-1124,12,1043,FIXTURE
29-1124,13,519,FIXTURE
29-1124,15,70,FIXTURE
29-1124,16,89,FIXTURE
29-1124,17,620,FIXTURE
29-1124,18,329,FIXTURE
29-1124,19,154,FIXTURE
29-1124,20,142,FIXTURE
29-1124,21,218,FIXTURE
29-1124,22,226,FIXTURE
29-1124,23,66,FIXTURE
29-1124,24,299,FIXTURE
29-1124,25,340,FIXTURE
29-1124,26,488,FIXTURE
29-1124,27,276,FIXTURE
29-1124,28,143,FIXTURE
29-1124,29,298,FIXTURE
29-1124,30,53,FIXTURE
29-1124,31,95,FIXTURE
29-1124,32,150,FIXTURE
29-1124,33,67,FIXTURE
29-1124,34,450,FIXTURE
29-1124,35,103,FIXTURE
29-1124,36,978,FIXTURE
29-1124,37,506,FIXTURE
29-1124,38,38,FIXTURE
29-1124,39,571,FIXTURE
29-1124,40,192,FIXTURE
29-1124,41,205,FIXTURE
29-1124,42,630,FIXTURE
29-1124,44,53,FIXTURE
29-1124,45,248,FIXTURE
29-1124,46,43,FIXTURE
29-1124,47,335,FIXTURE
29-1124,48,1411,FIXTURE
29-1124,49,158,FIXTURE
29-1124,50,31,FIXTURE
29-1124,51,418,FIXTURE
29-1124,53,373,FIXTURE
29-1124,54,87,FIXTURE
29-1124,55,285,FIXTURE
29-1124,56,28,FIXTURE
29-1125,01,257,FIXTURE
29-1125,02,38,FIXTURE
29-1125,04,366,FIXTURE
29-1125,05,154,FIXTURE
29-1125,06,2026,FIXTURE
29-1125,08,296,FIXTURE
29-1125,09,185,FIXTURE
29-1125,10,51,FIXTURE
29-1125,11,35,FIXTURE
29-1125,12,1103,FIXTURE
29-1125,13,549,FIXTURE
29-1125,15,75,FIXTURE
29-1125,16,94,FIXTURE
29-1125,17,656,FIXTURE
29-1125,18,348,FIXTURE
29-1125,19,163,FIXTURE
29-1125,20,151,FIXTURE
29-1125,21,231,FIXTURE
29-1125,22,239,FIXTURE
29-1125,23,70,FIXTURE
29-1125,24,316,FIXTURE
29-1125,25,360,FIXTURE
29-1125,26,516,FIXTURE
29-1125,27,292,FIXTURE
29-1125,28,152,FIXTURE
29-1125,29,315,FIXTURE
29-1125,30,56,FIXTURE
29-1125,31,100,FIXTURE
29-1125,32,159,FIXTURE
29-1125,33,71,FIXTURE
29-1125,34,476,FIXTURE
29-1125,35,108,FIXTURE
29-1125,36,1035,FIXTURE
29-1125,37,535,FIXTURE
29-1125,38,40,FIXTURE
29-1125,39,604,FIXTURE
29-1125,40,203,FIXTURE
29-1125,41,217,FIXTURE
29-1125,42,666,FIXTURE
29-1125,44,56,FIXTURE
29-1125,45,262,FIXTURE
29-1125,46,45,FIXTURE
29-1125,47,354,FIXTURE
29-1125,48,1493,FIXTURE
29-1125,49,168,FIXTURE
29-1125,50,33,FIXTURE
29-1125,51,442,FIXTURE
29-1125,53,395,FIXTURE
29-1125,54,92,FIXTURE
29-1125,55,302,FIXTURE
29-1125,56,30,FIXTURE
29-1126,01,2022,FIXTURE
29-1126,02,295,FIXTURE
29-1126,04,2879,FIXTURE
29-1126,05,1212,FIXTURE
29-1126,06,15914,FIXTURE
29-1126,08,2324,FIXTURE
29-1126,09,1451,FIXTURE
29-1126,10,398,FIXTURE
29-1126,11,278,FIXTURE
29-1126,12,8669,FIXTURE
29-1126,13,4312,FIXTURE
29-1126,15,586,FIXTURE
29-1126,16,740,FIXTURE
29-1126,17,5157,FIXTURE
29-1126,18,2731,FIXTURE
29-1126,19,1284,FIXTURE
29-1126,20,1183,FIXTURE
29-1126,21,1814,FIXTURE
29-1126,22,1875,FIXTURE
29-1126,23,548,FIXTURE
29-1126,24,2486,FIXTURE
29-1126,25,2830,FIXTURE
29-1126,26,4056,FIXTURE
29-1126,27,2297,FIXTURE
29-1126,28,1192,FIXTURE
29-1126,29,2477,FIXTURE
29-1126,30,436,FIXTURE
29-1126,31,790,FIXTURE
29-1126,32,1250,FIXTURE
29-1126,33,554,FIXTURE
29-1126,34,3739,FIXTURE
29-1126,35,852,FIXTURE
29-1126,36,8131,FIXTURE
29-1126,37,4202,FIXTURE
29-1126,38,314,FIXTURE
29-1126,39,4749,FIXTURE
29-1126,40,1594,FIXTURE
29-1126,41,1706,FIXTURE
29-1126,42,5234,FIXTURE
29-1126,44,442,FIXTURE
29-1126,45,2060,FIXTURE
29-1126,46,357,FIXTURE
29-1126,47,2782,FIXTURE
29-1126,48,11731,FIXTURE
29-1126,49,1317,FIXTURE
29-1126,50,259,FIXTURE
29-1126,51,3474,FIXTURE
29-1126,53,3101,FIXTURE
29-1126,54,722,FIXTURE
29-1126,55,2372,FIXTURE
29-1126,56,232,FIXTURE
29-1127,01,2235,FIXTURE
29-1127,02,326,FIXTURE
29-1127,04,3182,FIXTURE
29-1127,05,1340,FIXTURE
29-1127,06,17592,FIXTURE
29-1127,08,2569,FIXTURE
29-1127,09,1604,FIXTURE
29-1127,10,440,FIXTURE
29-1127,11,307,FIXTURE
29-1127,12,9583,FIXTURE
29-1127,13,4766,FIXTURE
29-1127,15,648,FIXTURE
29-1127,16,818,FIXTURE
29-1127,17,5701,FIXTURE
29-1127,18,3019,FIXTURE
29-1127,19,1419,FIXTURE
29-1127,20,1307,FIXTURE
29-1127,21,2005,FIXTURE
29-1127,22,2072,FIXTURE
29-1127,23,606,FIXTURE
29-1127,24,2748,FIXTURE
29-1127,25,3128,FIXTURE
29-1127,26,4484,FIXTURE
29-1127,27,2539,FIXTURE
29-1127,28,1318,FIXTURE
29-1127,29,2738,FIXTURE
29-1127,30,482,FIXTURE
29-1127,31,873,FIXTURE
29-1127,32,1381,FIXTURE
29-1127,33,613,FIXTURE
29-1127,34,4133,FIXTURE
29-1127,35,942,FIXTURE
29-1127,36,8988,FIXTURE
29-1127,37,4645,FIXTURE
29-1127,38,347,FIXTURE
29-1127,39,5250,FIXTURE
29-1127,40,1762,FIXTURE
29-1127,41,1885,FIXTURE
29-1127,42,5785,FIXTURE
29-1127,44,488,FIXTURE
29-1127,45,2277,FIXTURE
29-1127,46,395,FIXTURE
29-1127,47,3075,FIXTURE
29-1127,48,12968,FIXTURE
29-1127,49,1456,FIXTURE
29-1127,50,286,FIXTURE
29-1127,51,3840,FIXTURE
29-1127,53,3428,FIXTURE
29-1127,54,798,FIXTURE
29-1127,55,2622,FIXTURE
29-1127,56,257,FIXTURE
29-1128,01,104,FIXTURE
29-1128,02,15,FIXTURE
29-1128,04,148,FIXTURE
29-1128,05,62,FIXTURE
29-1128,06,818,FIXTURE
29-1128,08,120,FIXTURE
29-1128,09,75,FIXTURE
29-1128,10,21,FIXTURE
29-1128,11,14,FIXTURE
29-1128,12,446,FIXTURE
29-1128,13,222,FIXTURE
29-1128,15,30,FIXTURE
29-1128,16,38,FIXTURE
29-1128,17,265,FIXTURE
29-1128,18,140,FIXTURE
29-1128,19,66,FIXTURE
29-1128,20,61,FIXTURE
29-1128,21,93,FIXTURE
29-1128,22,96,FIXTURE
29-1128,23,28,FIXTURE
29-1128,24,128,FIXTURE
29-1128,25,146,FIXTURE
29-1128,26,209,FIXTURE
29-1128,27,118,FIXTURE
29-1128,28,61,FIXTURE
29-1128,29,127,FIXTURE
29-1128,30,22,FIXTURE
29-1128,31,41,FIXTURE
29-1128,32,64,FIXTURE
29-1128,33,29,FIXTURE
29-1128,34,192,FIXTURE
29-1128,35,44,FIXTURE
29-1128,36,418,FIXTURE
29-1128,37,216,FIXTURE
29-1128,38,16,FIXTURE
29-1128,39,244,FIXTURE
29-1128,40,82,FIXTURE
29-1128,41,88,FIXTURE
29-1128,42,269,FIXTURE
29-1128,44,23,FIXTURE
29-1128,45,106,FIXTURE
29-1128,46,18,FIXTURE
29-1128,47,143,FIXTURE
29-1128,48,603,FIXTURE
29-1128,49,68,FIXTURE
29-1128,50,13,FIXTURE
29-1128,51,179,FIXTURE
29-1128,53,160,FIXTURE
29-1128,54,37,FIXTURE
29-1128,55,122,FIXTURE
29-1128,56,12,FIXTURE
29-1129,01,205,FIXTURE
29-1129,02,30,FIXTURE
29-1129,04,291,FIXTURE
29-1129,05,123,FIXTURE
29-1129,06,1609,FIXTURE
29-1129,08,235,FIXTURE
29-1129,09,147,FIXTURE
29-1129,10,40,FIXTURE
29-1129,11,28,FIXTURE
29-1129,12,877,FIXTURE
29-1129,13,436,FIXTURE
29-1129,15,59,FIXTURE
29-1129,16,75,FIXTURE
29-1129,17,522,FIXTURE
29-1129,18,276,FIXTURE
29-1129,19,130,FIXTURE
29-1129,20,120,FIXTURE
29-1129,21,183,FIXTURE
29-1129,22,190,FIXTURE
29-1129,23,55,FIXTURE
29-1129,24,251,FIXTURE
29-1129,25,286,FIXTURE
29-1129,26,410,FIXTURE
29-1129,27,232,FIXTURE
29-1129,28,121,FIXTURE
29-1129,29,251,FIXTURE
29-1129,30,44,FIXTURE
29-1129,31,80,FIXTURE
29-1129,32,126,FIXTURE
29-1129,33,56,FIXTURE
29-1129,34,378,FIXTURE
29-1129,35,86,FIXTURE
29-1129,36,822,FIXTURE
29-1129,37,425,FIXTURE
29-1129,38,32,FIXTURE
29-1129,39,480,FIXTURE
29-1129,40,161,FIXTURE
29-1129,41,172,FIXTURE
29-1129,42,529,FIXTURE
29-1129,44,45,FIXTURE
29-1129,45,208,FIXTURE
29-1129,46,36,FIXTURE
29-1129,47,281,FIXTURE
29-1129,48,1186,FIXTURE
29-1129,49,133,FIXTURE
29-1129,50,26,FIXTURE
29-1129,51,351,FIXTURE
29-1129,53,314,FIXTURE
29-1129,54,73,FIXTURE
29-1129,55,240,FIXTURE
29-1129,56,24,FIXTURE
29-1131,01,1171,FIXTURE
29-1131,02,171,FIXTURE
29-1131,04,1667,FIXTURE
29-1131,05,702,FIXTURE
29-1131,06,9216,FIXTURE
29-1131,08,1346,FIXTURE
29-1131,09,840,FIXTURE
29-1131,10,231,FIXTURE
29-1131,11,161,FIXTURE
29-1131,12,5020,FIXTURE
29-1131,13,2497,FIXTURE
29-1131,15,339,FIXTURE
29-1131,16,429,FIXTURE
29-1131,17,2986,FIXTURE
29-1131,18,1582,FIXTURE
29-1131,19,744,FIXTURE
29-1131,20,685,FIXTURE
29-1131,21,1050,FIXTURE
29-1131,22,1086,FIXTURE
29-1131,23,317,FIXTURE
29-1131,24,1440,FIXTURE
29-1131,25,1639,FIXTURE
29-1131,26,2349,FIXTURE
29-1131,27,1330,FIXTURE
29-1131,28,690,FIXTURE
29-1131,29,1435,FIXTURE
29-1131,30,253,FIXTURE
29-1131,31,457,FIXTURE
29-1131,32,724,FIXTURE
29-1131,33,321,FIXTURE
29-1131,34,2165,FIXTURE
29-1131,35,493,FIXTURE
29-1131,36,4709,FIXTURE
29-1131,37,2433,FIXTURE
29-1131,38,182,FIXTURE
29-1131,39,2750,FIXTURE
29-1131,40,923,FIXTURE
29-1131,41,988,FIXTURE
29-1131,42,3031,FIXTURE
29-1131,44,256,FIXTURE
29-1131,45,1193,FIXTURE
29-1131,46,207,FIXTURE
29-1131,47,1611,FIXTURE
29-1131,48,6794,FIXTURE
29-1131,49,763,FIXTURE
29-1131,50,150,FIXTURE
29-1131,51,2012,FIXTURE
29-1131,53,1796,FIXTURE
29-1131,54,418,FIXTURE
29-1131,55,1374,FIXTURE
29-1131,56,134,FIXTURE
29-1141,01,46196,FIXTURE
29-1141,02,6743,FIXTURE
29-1141,04,65755,FIXTURE
29-1141,05,27690,FIXTURE
29-1141,06,363536,FIXTURE
29-1141,08,53087,FIXTURE
29-1141,09,33155,FIXTURE
29-1141,10,9102,FIXTURE
29-1141,11,6340,FIXTURE
29-1141,12,198034,FIXTURE
29-1141,13,98491,FIXTURE
29-1141,15,13381,FIXTURE
29-1141,16,16910,FIXTURE
29-1141,17,117805,FIXTURE
29-1141,18,62390,FIXTURE
29-1141,19,29334,FIXTURE
29-1141,20,27012,FIXTURE
29-1141,21,41429,FIXTURE
29-1141,22,42826,FIXTURE
29-1141,23,12526,FIXTURE
29-1141,24,56797,FIXTURE
29-1141,25,64637,FIXTURE
29-1141,26,92657,FIXTURE
29-1141,27,52469,FIXTURE
29-1141,28,27228,FIXTURE
29-1141,29,56592,FIXTURE
29-1141,30,9969,FIXTURE
29-1141,31,18035,FIXTURE
29-1141,32,28545,FIXTURE
29-1141,33,12666,FIXTURE
29-1141,34,85408,FIXTURE
29-1141,35,19470,FIXTURE
29-1141,36,185742,FIXTURE
29-1141,37,95986,FIXTURE
29-1141,38,7163,FIXTURE
29-1141,39,108491,FIXTURE
29-1141,40,36404,FIXTURE
29-1141,41,38960,FIXTURE
29-1141,42,119554,FIXTURE
29-1141,44,10090,FIXTURE
29-1141,45,47062,FIXTURE
29-1141,46,8152,FIXTURE
29-1141,47,63542,FIXTURE
29-1141,48,267980,FIXTURE
29-1141,49,30081,FIXTURE
29-1141,50,5913,FIXTURE
29-1141,51,79362,FIXTURE
29-1141,53,70847,FIXTURE
29-1141,54,16492,FIXTURE
29-1141,55,54190,FIXTURE
29-1141,56,5304,FIXTURE
29-1151,01,666,FIXTURE
29-1151,02,97,FIXTURE
29-1151,04,948,FIXTURE
29-1151,05,399,FIXTURE
29-1151,06,5243,FIXTURE
29-1151,08,766,FIXTURE
29-1151,09,478,FIXTURE
29-1151,10,131,FIXTURE
29-1151,11,91,FIXTURE
29-1151,12,2856,FIXTURE
29-1151,13,1420,FIXTURE
29-1151,15,193,FIXTURE
29-1151,16,244,FIXTURE
29-1151,17,1699,FIXTURE
29-1151,18,900,FIXTURE
29-1151,19,423,FIXTURE
29-1151,20,390,FIXTURE
29-1151,21,597,FIXTURE
29-1151,22,618,FIXTURE
29-1151,23,181,FIXTURE
29-1151,24,819,FIXTURE
29-1151,25,932,FIXTURE
29-1151,26,1336,FIXTURE
29-1151,27,757,FIXTURE
29-1151,28,393,FIXTURE
29-1151,29,816,FIXTURE
29-1151,30,144,FIXTURE
29-1151,31,260,FIXTURE
29-1151,32,412,FIXTURE
29-1151,33,183,FIXTURE
29-1151,34,1232,FIXTURE
29-1151,35,281,FIXTURE
29-1151,36,2679,FIXTURE
29-1151,37,1384,FIXTURE
29-1151,38,103,FIXTURE
29-1151,39,1565,FIXTURE
29-1151,40,525,FIXTURE
29-1151,41,562,FIXTURE
29-1151,42,1724,FIXTURE
29-1151,44,145,FIXTURE
29-1151,45,679,FIXTURE
29-1151,46,118,FIXTURE
29-1151,47,916,FIXTURE
29-1151,48,3865,FIXTURE
29-1151,49,434,FIXTURE
29-1151,50,85,FIXTURE
29-1151,51,1144,FIXTURE
29-1151,53,1022,FIXTURE
29-1151,54,238,FIXTURE
29-1151,55,781,FIXTURE
29-1151,56,76,FIXTURE
29-1161,01,117,FIXTURE
29-1161,02,17,FIXTURE
29-1161,04,167,FIXTURE
29-1161,05,70,FIXTURE
29-1161,06,925,FIXTURE
29-1161,08,135,FIXTURE
29-1161,09,84,FIXTURE
29-1161,10,23,FIXTURE
29-1161,11,16,FIXTURE
29-1161,12,504,FIXTURE
29-1161,13,250,FIXTURE
29-1161,15,34,FIXTURE
29-1161,16,43,FIXTURE
29-1161,17,300,FIXTURE
29-1161,18,159,FIXTURE
29-1161,19,75,FIXTURE
29-1161,20,69,FIXTURE
29-1161,21,105,FIXTURE
29-1161,22,109,FIXTURE
29-1161,23,32,FIXTURE
29-1161,24,144,FIXTURE
29-1161,25,164,FIXTURE
29-1161,26,236,FIXTURE
29-1161,27,133,FIXTURE
29-1161,28,69,FIXTURE
29-1161,29,144,FIXTURE
29-1161,30,25,FIXTURE
29-1161,31,46,FIXTURE
29-1161,32,73,FIXTURE
29-1161,33,32,FIXTURE
29-1161,34,217,FIXTURE
29-1161,35,50,FIXTURE
29-1161,36,472,FIXTURE
29-1161,37,244,FIXTURE
29-1161,38,18,FIXTURE
29-1161,39,276,FIXTURE
29-1161,40,93,FIXTURE
29-1161,41,99,FIXTURE
29-1161,42,304,FIXTURE
29-1161,44,26,FIXTURE
29-1161,45,120,FIXTURE
29-1161,46,21,FIXTURE
29-1161,47,162,FIXTURE
29-1161,48,681,FIXTURE
29-1161,49,77,FIXTURE
29-1161,50,15,FIXTURE
29-1161,51,202,FIXTURE
29-1161,53,180,FIXTURE
29-1161,54,42,FIXTURE
29-1161,55,138,FIXTURE
29-1161,56,13,FIXTURE
29-1171,01,3558,FIXTURE
29-1171,02,519,FIXTURE
29-1171,04,5064,FIXTURE
29-1171,05,2132,FIXTURE
29-1171,06,27996,FIXTURE
29-1171,08,4088,FIXTURE
29-1171,09,2553,FIXTURE
29-1171,10,701,FIXTURE
29-1171,11,488,FIXTURE
29-1171,12,15251,FIXTURE
29-1171,13,7585,FIXTURE
29-1171,15,1030,FIXTURE
29-1171,16,1302,FIXTURE
29-1171,17,9072,FIXTURE
29-1171,18,4805,FIXTURE
29-1171,19,2259,FIXTURE
29-1171,20,2080,FIXTURE
29-1171,21,3190,FIXTURE
29-1171,22,3298,FIXTURE
29-1171,23,965,FIXTURE
29-1171,24,4374,FIXTURE
29-1171,25,4978,FIXTURE
29-1171,26,7136,FIXTURE
29-1171,27,4041,FIXTURE
29-1171,28,2097,FIXTURE
29-1171,29,4358,FIXTURE
29-1171,30,768,FIXTURE
29-1171,31,1389,FIXTURE
29-1171,32,2198,FIXTURE
29-1171,33,975,FIXTURE
29-1171,34,6577,FIXTURE
29-1171,35,1499,FIXTURE
29-1171,36,14304,FIXTURE
29-1171,37,7392,FIXTURE
29-1171,38,552,FIXTURE
29-1171,39,8355,FIXTURE
29-1171,40,2804,FIXTURE
29-1171,41,3000,FIXTURE
29-1171,42,9207,FIXTURE
29-1171,44,777,FIXTURE
29-1171,45,3624,FIXTURE
29-1171,46,628,FIXTURE
29-1171,47,4893,FIXTURE
29-1171,48,20637,FIXTURE
29-1171,49,2317,FIXTURE
29-1171,50,455,FIXTURE
29-1171,51,6112,FIXTURE
29-1171,53,5456,FIXTURE
29-1171,54,1270,FIXTURE
29-1171,55,4173,FIXTURE
29-1171,56,408,FIXTURE
29-1181,01,201,FIXTURE
29-1181,02,29,FIXTURE
29-1181,04,286,FIXTURE
29-1181,05,120,FIXTURE
29-1181,06,1579,FIXTURE
29-1181,08,231,FIXTURE
29-1181,09,144,FIXTURE
29-1181,10,40,FIXTURE
29-1181,11,28,FIXTURE
29-1181,12,860,FIXTURE
29-1181,13,428,FIXTURE
29-1181,15,58,FIXTURE
29-1181,16,74,FIXTURE
29-1181,17,512,FIXTURE
29-1181,18,271,FIXTURE
29-1181,19,127,FIXTURE
29-1181,20,117,FIXTURE
29-1181,21,180,FIXTURE
29-1181,22,186,FIXTURE
29-1181,23,54,FIXTURE
29-1181,24,247,FIXTURE
29-1181,25,281,FIXTURE
29-1181,26,403,FIXTURE
29-1181,27,228,FIXTURE
29-1181,28,118,FIXTURE
29-1181,29,246,FIXTURE
29-1181,30,43,FIXTURE
29-1181,31,78,FIXTURE
29-1181,32,124,FIXTURE
29-1181,33,55,FIXTURE
29-1181,34,371,FIXTURE
29-1181,35,85,FIXTURE
29-1181,36,807,FIXTURE
29-1181,37,417,FIXTURE
29-1181,38,31,FIXTURE
29-1181,39,471,FIXTURE
29-1181,40,158,FIXTURE
29-1181,41,169,FIXTURE
29-1181,42,519,FIXTURE
29-1181,44,44,FIXTURE
29-1181,45,205,FIXTURE
29-1181,46,35,FIXTURE
29-1181,47,276,FIXTURE
29-1181,48,1164,FIXTURE
29-1181,49,131,FIXTURE
29-1181,50,26,FIXTURE
29-1181,51,345,FIXTURE
29-1181,53,308,FIXTURE
29-1181,54,72,FIXTURE
29-1181,55,235,FIXTURE
29-1181,56,23,FIXTURE
29-1211,01,472,FIXTURE
29-1211,02,69,FIXTURE
29-1211,04,672,FIXTURE
29-1211,05,283,FIXTURE
29-1211,06,3713,FIXTURE
29-1211,08,542,FIXTURE
29-1211,09,339,FIXTURE
29-1211,10,93,FIXTURE
29-1211,11,65,FIXTURE
29-1211,12,2023,FIXTURE
29-1211,13,1006,FIXTURE
29-1211,15,137,FIXTURE
29-1211,16,173,FIXTURE
29-1211,17,1203,FIXTURE
29-1211,18,637,FIXTURE
29-1211,19,300,FIXTURE
29-1211,20,276,FIXTURE
29-1211,21,423,FIXTURE
29-1211,22,437,FIXTURE
29-1211,23,128,FIXTURE
29-1211,24,580,FIXTURE
29-1211,25,660,FIXTURE
29-1211,26,947,FIXTURE
29-1211,27,536,FIXTURE
29-1211,28,278,FIXTURE
29-1211,29,578,FIXTURE
29-1211,30,102,FIXTURE
29-1211,31,184,FIXTURE
29-1211,32,292,FIXTURE
29-1211,33,129,FIXTURE
29-1211,34,872,FIXTURE
29-1211,35,199,FIXTURE
29-1211,36,1897,FIXTURE
29-1211,37,981,FIXTURE
29-1211,38,73,FIXTURE
29-1211,39,1108,FIXTURE
29-1211,40,372,FIXTURE
29-1211,41,398,FIXTURE
29-1211,42,1221,FIXTURE
29-1211,44,103,FIXTURE
29-1211,45,481,FIXTURE
29-1211,46,83,FIXTURE
29-1211,47,649,FIXTURE
29-1211,48,2737,FIXTURE
29-1211,49,307,FIXTURE
29-1211,50,60,FIXTURE
29-1211,51,811,FIXTURE
29-1211,53,724,FIXTURE
29-1211,54,169,FIXTURE
29-1211,55,554,FIXTURE
29-1211,56,54,FIXTURE
29-1212,01,282,FIXTURE
29-1212,02,41,FIXTURE
29-1212,04,402,FIXTURE
29-1212,05,169,FIXTURE
29-1212,06,2220,FIXTURE
29-1212,08,324,FIXTURE
29-1212,09,202,FIXTURE
29-1212,10,56,FIXTURE
29-1212,11,39,FIXTURE
29-1212,12,1209,FIXTURE
29-1212,13,601,FIXTURE
29-1212,15,82,FIXTURE
29-1212,16,103,FIXTURE
29-1212,17,719,FIXTURE
29-1212,18,381,FIXTURE
29-1212,19,179,FIXTURE
29-1212,20,165,FIXTURE
29-1212,21,253,FIXTURE
29-1212,22,262,FIXTURE
29-1212,23,76,FIXTURE
29-1212,24,347,FIXTURE
29-1212,25,395,FIXTURE
29-1212,26,566,FIXTURE
29-1212,27,320,FIXTURE
29-1212,28,166,FIXTURE
29-1212,29,346,FIXTURE
29-1212,30,61,FIXTURE
29-1212,31,110,FIXTURE
29-1212,32,174,FIXTURE
29-1212,33,77,FIXTURE
29-1212,34,522,FIXTURE
29-1212,35,119,FIXTURE
29-1212,36,1134,FIXTURE
29-1212,37,586,FIXTURE
29-1212,38,44,FIXTURE
29-1212,39,663,FIXTURE
29-1212,40,222,FIXTURE
29-1212,41,238,FIXTURE
29-1212,42,730,FIXTURE
29-1212,44,62,FIXTURE
29-1212,45,287,FIXTURE
29-1212,46,50,FIXTURE
29-1212,47,388,FIXTURE
29-1212,48,1636,FIXTURE
29-1212,49,184,FIXTURE
29-1212,50,36,FIXTURE
29-1212,51,485,FIXTURE
29-1212,53,433,FIXTURE
29-1212,54,101,FIXTURE
29-1212,55,331,FIXTURE
29-1212,56,32,FIXTURE
29-1213,01,140,FIXTURE
29-1213,02,20,FIXTURE
29-1213,04,199,FIXTURE
29-1213,05,84,FIXTURE
29-1213,06,1101,FIXTURE
29-1213,08,161,FIXTURE
29-1213,09,100,FIXTURE
29-1213,10,28,FIXTURE
29-1213,11,19,FIXTURE
29-1213,12,600,FIXTURE
29-1213,13,298,FIXTURE
29-1213,15,40,FIXTURE
29-1213,16,51,FIXTURE
29-1213,17,357,FIXTURE
29-1213,18,189,FIXTURE
29-1213,19,89,FIXTURE
29-1213,20,82,FIXTURE
29-1213,21,125,FIXTURE
29-1213,22,130,FIXTURE
29-1213,23,38,FIXTURE
29-1213,24,172,FIXTURE
29-1213,25,196,FIXTURE
29-1213,26,281,FIXTURE
29-1213,27,159,FIXTURE
29-1213,28,82,FIXTURE
29-1213,29,171,FIXTURE
29-1213,30,30,FIXTURE
29-1213,31,55,FIXTURE
29-1213,32,86,FIXTURE
29-1213,33,38,FIXTURE
29-1213,34,259,FIXTURE
29-1213,35,59,FIXTURE
29-1213,36,563,FIXTURE
29-1213,37,291,FIXTURE
29-1213,38,22,FIXTURE
29-1213,39,329,FIXTURE
29-1213,40,110,FIXTURE
29-1213,41,118,FIXTURE
29-1213,42,362,FIXTURE
29-1213,44,31,FIXTURE
29-1213,45,142,FIXTURE
29-1213,46,25,FIXTURE
29-1213,47,192,FIXTURE
29-1213,48,812,FIXTURE
29-1213,49,91,FIXTURE
29-1213,50,18,FIXTURE
29-1213,51,240,FIXTURE
29-1213,53,215,FIXTURE
29-1213,54,50,FIXTURE
29-1213,55,164,FIXTURE
29-1213,56,16,FIXTURE
29-1214,01,549,FIXTURE
29-1214,02,80,FIXTURE
29-1214,04,781,FIXTURE
29-1214,05,329,FIXTURE
29-1214,06,4316,FIXTURE
29-1214,08,630,FIXTURE
29-1214,09,394,FIXTURE
29-1214,10,108,FIXTURE
29-1214,11,75,FIXTURE
29-1214,12,2351,FIXTURE
29-1214,13,1169,FIXTURE
29-1214,15,159,FIXTURE
29-1214,16,201,FIXTURE
29-1214,17,1399,FIXTURE
29-1214,18,741,FIXTURE
29-1214,19,348,FIXTURE
29-1214,20,321,FIXTURE
29-1214,21,492,FIXTURE
29-1214,22,508,FIXTURE
29-1214,23,149,FIXTURE
29-1214,24,674,FIXTURE
29-1214,25,767,FIXTURE
29-1214,26,1100,FIXTURE
29-1214,27,623,FIXTURE
29-1214,28,323,FIXTURE
29-1214,29,672,FIXTURE
29-1214,30,118,FIXTURE
29-1214,31,214,FIXTURE
29-1214,32,339,FIXTURE
29-1214,33,150,FIXTURE
29-1214,34,1014,FIXTURE
29-1214,35,231,FIXTURE
29-1214,36,2205,FIXTURE
29-1214,37,1140,FIXTURE
29-1214,38,85,FIXTURE
29-1214,39,1288,FIXTURE
29-1214,40,432,FIXTURE
29-1214,41,463,FIXTURE
29-1214,42,1419,FIXTURE
29-1214,44,120,FIXTURE
29-1214,45,559,FIXTURE
29-1214,46,97,FIXTURE
29-1214,47,754,FIXTURE
29-1214,48,3181,FIXTURE
29-1214,49,357,FIXTURE
29-1214,50,70,FIXTURE
29-1214,51,942,FIXTURE
29-1214,53,841,FIXTURE
29-1214,54,196,FIXTURE
29-1214,55,643,FIXTURE
29-1214,56,63,FIXTURE
29-1215,01,1560,FIXTURE
29-1215,02,228,FIXTURE
29-1215,04,2221,FIXTURE
29-1215,05,935,FIXTURE
29-1215,06,12278,FIXTURE
29-1215,08,1793,FIXTURE
29-1215,09,1120,FIXTURE
29-1215,10,307,FIXTURE
29-1215,11,214,FIXTURE
29-1215,12,6689,FIXTURE
29-1215,13,3327,FIXTURE
29-1215,15,452,FIXTURE
29-1215,16,571,FIXTURE
29-1215,17,3979,FIXTURE
29-1215,18,2107,FIXTURE
29-1215,19,991,FIXTURE
29-1215,20,912,FIXTURE
29-1215,21,1399,FIXTURE
29-1215,22,1446,FIXTURE
29-1215,23,423,FIXTURE
29-1215,24,1918,FIXTURE
29-1215,25,2183,FIXTURE
29-1215,26,3130,FIXTURE
29-1215,27,1772,FIXTURE
29-1215,28,920,FIXTURE
29-1215,29,1911,FIXTURE
29-1215,30,337,FIXTURE
29-1215,31,609,FIXTURE
29-1215,32,964,FIXTURE
29-1215,33,428,FIXTURE
29-1215,34,2885,FIXTURE
29-1215,35,658,FIXTURE
29-1215,36,6273,FIXTURE
29-1215,37,3242,FIXTURE
29-1215,38,242,FIXTURE
29-1215,39,3664,FIXTURE
29-1215,40,1230,FIXTURE
29-1215,41,1316,FIXTURE
29-1215,42,4038,FIXTURE
29-1215,44,341,FIXTURE
29-1215,45,1590,FIXTURE
29-1215,46,275,FIXTURE
29-1215,47,2146,FIXTURE
29-1215,48,9051,FIXTURE
29-1215,49,1016,FIXTURE
29-1215,50,200,FIXTURE
29-1215,51,2680,FIXTURE
29-1215,53,2393,FIXTURE
29-1215,54,557,FIXTURE
29-1215,55,1830,FIXTURE
29-1215,56,179,FIXTURE
29-1216,01,883,FIXTURE
29-1216,02,129,FIXTURE
29-1216,04,1257,FIXTURE
29-1216,05,529,FIXTURE
29-1216,06,6950,FIXTURE
29-1216,08,1015,FIXTURE
29-1216,09,634,FIXTURE
29-1216,10,174,FIXTURE
29-1216,11,121,FIXTURE
29-1216,12,3786,FIXTURE
29-1216,13,1883,FIXTURE
29-1216,15,256,FIXTURE
29-1216,16,323,FIXTURE
29-1216,17,2252,FIXTURE
29-1216,18,1193,FIXTURE
29-1216,19,561,FIXTURE
29-1216,20,516,FIXTURE
29-1216,21,792,FIXTURE
29-1216,22,819,FIXTURE
29-1216,23,239,FIXTURE
29-1216,24,1086,FIXTURE
29-1216,25,1236,FIXTURE
29-1216,26,1771,FIXTURE
29-1216,27,1003,FIXTURE
29-1216,28,520,FIXTURE
29-1216,29,1082,FIXTURE
29-1216,30,191,FIXTURE
29-1216,31,345,FIXTURE
29-1216,32,546,FIXTURE
29-1216,33,242,FIXTURE
29-1216,34,1633,FIXTURE
29-1216,35,372,FIXTURE
29-1216,36,3551,FIXTURE
29-1216,37,1835,FIXTURE
29-1216,38,137,FIXTURE
29-1216,39,2074,FIXTURE
29-1216,40,696,FIXTURE
29-1216,41,745,FIXTURE
29-1216,42,2285,FIXTURE
29-1216,44,193,FIXTURE
29-1216,45,900,FIXTURE
29-1216,46,156,FIXTURE
29-1216,47,1215,FIXTURE
29-1216,48,5123,FIXTURE
29-1216,49,575,FIXTURE
29-1216,50,113,FIXTURE
29-1216,51,1517,FIXTURE
29-1216,53,1354,FIXTURE
29-1216,54,315,FIXTURE
29-1216,55,1036,FIXTURE
29-1216,56,101,FIXTURE
29-1217,01,108,FIXTURE
29-1217,02,16,FIXTURE
29-1217,04,154,FIXTURE
29-1217,05,65,FIXTURE
29-1217,06,849,FIXTURE
29-1217,08,124,FIXTURE
29-1217,09,77,FIXTURE
29-1217,10,21,FIXTURE
29-1217,11,15,FIXTURE
29-1217,12,463,FIXTURE
29-1217,13,230,FIXTURE
29-1217,15,31,FIXTURE
29-1217,16,39,FIXTURE
29-1217,17,275,FIXTURE
29-1217,18,146,FIXTURE
29-1217,19,69,FIXTURE
29-1217,20,63,FIXTURE
29-1217,21,97,FIXTURE
29-1217,22,100,FIXTURE
29-1217,23,29,FIXTURE
29-1217,24,133,FIXTURE
29-1217,25,151,FIXTURE
29-1217,26,216,FIXTURE
29-1217,27,123,FIXTURE
29-1217,28,64,FIXTURE
29-1217,29,132,FIXTURE
29-1217,30,23,FIXTURE
29-1217,31,42,FIXTURE
29-1217,32,67,FIXTURE
29-1217,33,30,FIXTURE
29-1217,34,200,FIXTURE
29-1217,35,45,FIXTURE
29-1217,36,434,FIXTURE
29-1217,37,224,FIXTURE
29-1217,38,17,FIXTURE
29-1217,39,253,FIXTURE
29-1217,40,85,FIXTURE
29-1217,41,91,FIXTURE
29-1217,42,279,FIXTURE
29-1217,44,24,FIXTURE
29-1217,45,110,FIXTURE
29-1217,46,19,FIXTURE
29-1217,47,148,FIXTURE
29-1217,48,626,FIXTURE
29-1217,49,70,FIXTURE
29-1217,50,14,FIXTURE
29-1217,51,185,FIXTURE
29-1217,53,166,FIXTURE
29-1217,54,39,FIXTURE
29-1217,55,127,FIXTURE
29-1217,56,12,FIXTURE
29-1218,01,327,FIXTURE
29-1218,02,48,FIXTURE
29-1218,04,465,FIXTURE
29-1218,05,196,FIXTURE
29-1218,06,2573,FIXTURE
29-1218,08,376,FIXTURE
29-1218,09,235,FIXTURE
29-1218,10,64,FIXTURE
29-1218,11,45,FIXTURE
29-1218,12,1402,FIXTURE
29-1218,13,697,FIXTURE
29-1218,15,95,FIXTURE
29-1218,16,120,FIXTURE
29-1218,17,834,FIXTURE
29-1218,18,441,FIXTURE
29-1218,19,208,FIXTURE
29-1218,20,191,FIXTURE
29-1218,21,293,FIXTURE
29-1218,22,303,FIXTURE
29-1218,23,89,FIXTURE
29-1218,24,402,FIXTURE
29-1218,25,457,FIXTURE
29-1218,26,656,FIXTURE
29-1218,27,371,FIXTURE
29-1218,28,193,FIXTURE
29-1218,29,400,FIXTURE
29-1218,30,70,FIXTURE
29-1218,31,128,FIXTURE
29-1218,32,202,FIXTURE
29-1218,33,90,FIXTURE
29-1218,34,604,FIXTURE
29-1218,35,138,FIXTURE
29-1218,36,1315,FIXTURE
29-1218,37,679,FIXTURE
29-1218,38,51,FIXTURE
29-1218,39,768,FIXTURE
29-1218,40,258,FIXTURE
29-1218,41,276,FIXTURE
29-1218,42,846,FIXTURE
29-1218,44,71,FIXTURE
29-1218,45,333,FIXTURE
29-1218,46,58,FIXTURE
29-1218,47,450,FIXTURE
29-1218,48,1897,FIXTURE
29-1218,49,213,FIXTURE
29-1218,50,42,FIXTURE
29-1218,51,562,FIXTURE
29-1218,53,501,FIXTURE
29-1218,54,117,FIXTURE
29-1218,55,383,FIXTURE
29-1218,56,37,FIXTURE
29-1221,01,510,FIXTURE
29-1221,02,74,FIXTURE
29-1221,04,725,FIXTURE
29-1221,05,305,FIXTURE
29-1221,06,4010,FIXTURE
29-1221,08,586,FIXTURE
29-1221,09,366,FIXTURE
29-1221,10,100,FIXTURE
29-1221,11,70,FIXTURE
29-1221,12,2185,FIXTURE
29-1221,13,1087,FIXTURE
29-1221,15,148,FIXTURE
29-1221,16,187,FIXTURE
29-1221,17,1300,FIXTURE
29-1221,18,688,FIXTURE
29-1221,19,324,FIXTURE
29-1221,20,298,FIXTURE
29-1221,21,457,FIXTURE
29-1221,22,472,FIXTURE
29-1221,23,138,FIXTURE
29-1221,24,627,FIXTURE
29-1221,25,713,FIXTURE
29-1221,26,1022,FIXTURE
29-1221,27,579,FIXTURE
29-1221,28,300,FIXTURE
29-1221,29,624,FIXTURE
29-1221,30,110,FIXTURE
29-1221,31,199,FIXTURE
29-1221,32,315,FIXTURE
29-1221,33,140,FIXTURE
29-1221,34,942,FIXTURE
29-1221,35,215,FIXTURE
29-1221,36,2049,FIXTURE
29-1221,37,1059,FIXTURE
29-1221,38,79,FIXTURE
29-1221,39,1197,FIXTURE
29-1221,40,402,FIXTURE
29-1221,41,430,FIXTURE
29-1221,42,1319,FIXTURE
29-1221,44,111,FIXTURE
29-1221,45,519,FIXTURE
29-1221,46,90,FIXTURE
29-1221,47,701,FIXTURE
29-1221,48,2956,FIXTURE
29-1221,49,332,FIXTURE
29-1221,50,65,FIXTURE
29-1221,51,875,FIXTURE
29-1221,53,782,FIXTURE
29-1221,54,182,FIXTURE
29-1221,55,598,FIXTURE
29-1221,56,58,FIXTURE
29-1222,01,167,FIXTURE
29-1222,02,24,FIXTURE
29-1222,04,238,FIXTURE
29-1222,05,100,FIXTURE
29-1222,06,1313,FIXTURE
29-1222,08,192,FIXTURE
29-1222,09,120,FIXTURE
29-1222,10,33,FIXTURE
29-1222,11,23,FIXTURE
29-1222,12,715,FIXTURE
29-1222,13,356,FIXTURE
29-1222,15,48,FIXTURE
29-1222,16,61,FIXTURE
29-1222,17,426,FIXTURE
29-1222,18,225,FIXTURE
29-1222,19,106,FIXTURE
29-1222,20,98,FIXTURE
29-1222,21,150,FIXTURE
29-1222,22,155,FIXTURE
29-1222,23,45,FIXTURE
29-1222,24,205,FIXTURE
29-1222,25,233,FIXTURE
29-1222,26,335,FIXTURE
29-1222,27,190,FIXTURE
29-1222,28,98,FIXTURE
29-1222,29,204,FIXTURE
29-1222,30,36,FIXTURE
29-1222,31,65,FIXTURE
29-1222,32,103,FIXTURE
29-1222,33,46,FIXTURE
29-1222,34,309,FIXTURE
29-1222,35,70,FIXTURE
29-1222,36,671,FIXTURE
29-1222,37,347,FIXTURE
29-1222,38,26,FIXTURE
29-1222,39,392,FIXTURE
29-1222,40,131,FIXTURE
29-1222,41,141,FIXTURE
29-1222,42,432,FIXTURE
29-1222,44,36,FIXTURE
29-1222,45,170,FIXTURE
29-1222,46,29,FIXTURE
29-1222,47,230,FIXTURE
29-1222,48,968,FIXTURE
29-1222,49,109,FIXTURE
29-1222,50,21,FIXTURE
29-1222,51,287,FIXTURE
29-1222,53,256,FIXTURE
29-1222,54,60,FIXTURE
29-1222,55,196,FIXTURE
29-1222,56,19,FIXTURE
29-1223,01,387,FIXTURE
29-1223,02,56,FIXTURE
29-1223,04,551,FIXTURE
29-1223,05,232,FIXTURE
29-1223,06,3044,FIXTURE
29-1223,08,445,FIXTURE
29-1223,09,278,FIXTURE
29-1223,10,76,FIXTURE
29-1223,11,53,FIXTURE
29-1223,12,1658,FIXTURE
29-1223,13,825,FIXTURE
29-1223,15,112,FIXTURE
29-1223,16,142,FIXTURE
29-1223,17,987,FIXTURE
29-1223,18,522,FIXTURE
29-1223,19,246,FIXTURE
29-1223,20,226,FIXTURE
29-1223,21,347,FIXTURE
29-1223,22,359,FIXTURE
29-1223,23,105,FIXTURE
29-1223,24,476,FIXTURE
29-1223,25,541,FIXTURE
29-1223,26,776,FIXTURE
29-1223,27,439,FIXTURE
29-1223,28,228,FIXTURE
29-1223,29,474,FIXTURE
29-1223,30,83,FIXTURE
29-1223,31,151,FIXTURE
29-1223,32,239,FIXTURE
29-1223,33,106,FIXTURE
29-1223,34,715,FIXTURE
29-1223,35,163,FIXTURE
29-1223,36,1555,FIXTURE
29-1223,37,804,FIXTURE
29-1223,38,60,FIXTURE
29-1223,39,909,FIXTURE
29-1223,40,305,FIXTURE
29-1223,41,326,FIXTURE
29-1223,42,1001,FIXTURE
29-1223,44,84,FIXTURE
29-1223,45,394,FIXTURE
29-1223,46,68,FIXTURE
29-1223,47,532,FIXTURE
29-1223,48,2244,FIXTURE
29-1223,49,252,FIXTURE
29-1223,50,50,FIXTURE
29-1223,51,665,FIXTURE
29-1223,53,593,FIXTURE
29-1223,54,138,FIXTURE
29-1223,55,454,FIXTURE
29-1223,56,44,FIXTURE
29-1224,01,448,FIXTURE
29-1224,02,65,FIXTURE
29-1224,04,637,FIXTURE
29-1224,05,268,FIXTURE
29-1224,06,3523,FIXTURE
29-1224,08,514,FIXTURE
29-1224,09,321,FIXTURE
29-1224,10,88,FIXTURE
29-1224,11,61,FIXTURE
29-1224,12,1919,FIXTURE
29-1224,13,954,FIXTURE
29-1224,15,130,FIXTURE
29-1224,16,164,FIXTURE
29-1224,17,1142,FIXTURE
29-1224,18,605,FIXTURE
29-1224,19,284,FIXTURE
29-1224,20,262,FIXTURE
29-1224,21,401,FIXTURE
29-1224,22,415,FIXTURE
29-1224,23,121,FIXTURE
29-1224,24,550,FIXTURE
29-1224,25,626,FIXTURE
29-1224,26,898,FIXTURE
29-1224,27,508,FIXTURE
29-1224,28,264,FIXTURE
29-1224,29,548,FIXTURE
29-1224,30,97,FIXTURE
29-1224,31,175,FIXTURE
29-1224,32,277,FIXTURE
29-1224,33,123,FIXTURE
29-1224,34,828,FIXTURE
29-1224,35,189,FIXTURE
29-1224,36,1800,FIXTURE
29-1224,37,930,FIXTURE
29-1224,38,69,FIXTURE
29-1224,39,1051,FIXTURE
29-1224,40,353,FIXTURE
29-1224,41,378,FIXTURE
29-1224,42,1158,FIXTURE
29-1224,44,98,FIXTURE
29-1224,45,456,FIXTURE
29-1224,46,79,FIXTURE
29-1224,47,616,FIXTURE
29-1224,48,2597,FIXTURE
29-1224,49,291,FIXTURE
29-1224,50,57,FIXTURE
29-1224,51,769,FIXTURE
29-1224,53,687,FIXTURE
29-1224,54,160,FIXTURE
29-1224,55,525,FIXTURE
29-1224,56,51,FIXTURE
29-1229,01,3891,FIXTURE
29-1229,02,568,FIXTURE
29-1229,04,5538,FIXTURE
29-1229,05,2332,FIXTURE
29-1229,06,30618,FIXTURE
29-1229,08,4471,FIXTURE
29-1229,09,2792,FIXTURE
29-1229,10,767,FIXTURE
29-1229,11,534,FIXTURE
29-1229,12,16679,FIXTURE
29-1229,13,8295,FIXTURE
29-1229,15,1127,FIXTURE
29-1229,16,1424,FIXTURE
29-1229,17,9922,FIXTURE
29-1229,18,5255,FIXTURE
29-1229,19,2470,FIXTURE
29-1229,20,2275,FIXTURE
29-1229,21,3489,FIXTURE
29-1229,22,3607,FIXTURE
29-1229,23,1055,FIXTURE
29-1229,24,4783,FIXTURE
29-1229,25,5444,FIXTURE
29-1229,26,7804,FIXTURE
29-1229,27,4419,FIXTURE
29-1229,28,2293,FIXTURE
29-1229,29,4766,FIXTURE
29-1229,30,840,FIXTURE
29-1229,31,1519,FIXTURE
29-1229,32,2404,FIXTURE
29-1229,33,1067,FIXTURE
29-1229,34,7193,FIXTURE
29-1229,35,1640,FIXTURE
29-1229,36,15644,FIXTURE
29-1229,37,8084,FIXTURE
29-1229,38,603,FIXTURE
29-1229,39,9137,FIXTURE
29-1229,40,3066,FIXTURE
29-1229,41,3281,FIXTURE
29-1229,42,10069,FIXTURE
29-1229,44,850,FIXTURE
29-1229,45,3964,FIXTURE
29-1229,46,687,FIXTURE
29-1229,47,5352,FIXTURE
29-1229,48,22570,FIXTURE
29-1229,49,2533,FIXTURE
29-1229,50,498,FIXTURE
29-1229,51,6684,FIXTURE
29-1229,53,5967,FIXTURE
29-1229,54,1389,FIXTURE
29-1229,55,4564,FIXTURE
29-1229,56,447,FIXTURE
29-1241,01,176,FIXTURE
29-1241,02,26,FIXTURE
29-1241,04,251,FIXTURE
29-1241,05,106,FIXTURE
29-1241,06,1385,FIXTURE
29-1241,08,202,FIXTURE
29-1241,09,126,FIXTURE
29-1241,10,35,FIXTURE
29-1241,11,24,FIXTURE
29-1241,12,754,FIXTURE
29-1241,13,375,FIXTURE
29-1241,15,51,FIXTURE
29-1241,16,64,FIXTURE
29-1241,17,449,FIXTURE
29-1241,18,238,FIXTURE
29-1241,19,112,FIXTURE
29-1241,20,103,FIXTURE
29-1241,21,158,FIXTURE
29-1241,22,163,FIXTURE
29-1241,23,48,FIXTURE
29-1241,24,216,FIXTURE
29-1241,25,246,FIXTURE
29-1241,26,353,FIXTURE
29-1241,27,200,FIXTURE
29-1241,28,104,FIXTURE
29-1241,29,216,FIXTURE
29-1241,30,38,FIXTURE
29-1241,31,69,FIXTURE
29-1241,32,109,FIXTURE
29-1241,33,48,FIXTURE
29-1241,34,325,FIXTURE
29-1241,35,74,FIXTURE
29-1241,36,708,FIXTURE
29-1241,37,366,FIXTURE
29-1241,38,27,FIXTURE
29-1241,39,413,FIXTURE
29-1241,40,139,FIXTURE
29-1241,41,148,FIXTURE
29-1241,42,455,FIXTURE
29-1241,44,38,FIXTURE
29-1241,45,179,FIXTURE
29-1241,46,31,FIXTURE
29-1241,47,242,FIXTURE
29-1241,48,1021,FIXTURE
29-1241,49,115,FIXTURE
29-1241,50,23,FIXTURE
29-1241,51,302,FIXTURE
29-1241,53,270,FIXTURE
29-1241,54,63,FIXTURE
29-1241,55,206,FIXTURE
29-1241,56,20,FIXTURE
29-1242,01,246,FIXTURE
29-1242,02,36,FIXTURE
29-1242,04,351,FIXTURE
29-1242,05,148,FIXTURE
29-1242,06,1940,FIXTURE
29-1242,08,283,FIXTURE
29-1242,09,177,FIXTURE
29-1242,10,49,FIXTURE
29-1242,11,34,FIXTURE
29-1242,12,1057,FIXTURE
29-1242,13,525,FIXTURE
29-1242,15,71,FIXTURE
29-1242,16,90,FIXTURE
29-1242,17,629,FIXTURE
29-1242,18,333,FIXTURE
29-1242,19,157,FIXTURE
29-1242,20,144,FIXTURE
29-1242,21,221,FIXTURE
29-1242,22,228,FIXTURE
29-1242,23,67,FIXTURE
29-1242,24,303,FIXTURE
29-1242,25,345,FIXTURE
29-1242,26,494,FIXTURE
29-1242,27,280,FIXTURE
29-1242,28,145,FIXTURE
29-1242,29,302,FIXTURE
29-1242,30,53,FIXTURE
29-1242,31,96,FIXTURE
29-1242,32,152,FIXTURE
29-1242,33,68,FIXTURE
29-1242,34,456,FIXTURE
29-1242,35,104,FIXTURE
29-1242,36,991,FIXTURE
29-1242,37,512,FIXTURE
29-1242,38,38,FIXTURE
29-1242,39,579,FIXTURE
29-1242,40,194,FIXTURE
29-1242,41,208,FIXTURE
29-1242,42,638,FIXTURE
29-1242,44,54,FIXTURE
29-1242,45,251,FIXTURE
29-1242,46,44,FIXTURE
29-1242,47,339,FIXTURE
29-1242,48,1430,FIXTURE
29-1242,49,160,FIXTURE
29-1242,50,32,FIXTURE
29-1242,51,423,FIXTURE
29-1242,53,378,FIXTURE
29-1242,54,88,FIXTURE
29-1242,55,289,FIXTURE
29-1242,56,28,FIXTURE
29-1243,01,12,FIXTURE
29-1243,02,2,FIXTURE
29-1243,04,18,FIXTURE
29-1243,05,7,FIXTURE
29-1243,06,98,FIXTURE
29-1243,08,14,FIXTURE
29-1243,09,9,FIXTURE
29-1243,10,2,FIXTURE
29-1243,11,2,FIXTURE
29-1243,12,53,FIXTURE
29-1243,13,27,FIXTURE
29-1243,15,4,FIXTURE
29-1243,16,5,FIXTURE
29-1243,17,32,FIXTURE
29-1243,18,17,FIXTURE
29-1243,19,8,FIXTURE
29-1243,20,7,FIXTURE
29-1243,21,11,FIXTURE
29-1243,22,12,FIXTURE
29-1243,23,3,FIXTURE
29-1243,24,15,FIXTURE
29-1243,25,17,FIXTURE
29-1243,26,25,FIXTURE
29-1243,27,14,FIXTURE
29-1243,28,7,FIXTURE
29-1243,29,15,FIXTURE
29-1243,30,3,FIXTURE
29-1243,31,5,FIXTURE
29-1243,32,8,FIXTURE
29-1243,33,3,FIXTURE
29-1243,34,23,FIXTURE
29-1243,35,5,FIXTURE
29-1243,36,50,FIXTURE
29-1243,37,26,FIXTURE
29-1243,38,2,FIXTURE
29-1243,39,29,FIXTURE
29-1243,40,10,FIXTURE
29-1243,41,11,FIXTURE
29-1243,42,32,FIXTURE
29-1243,44,3,FIXTURE
29-1243,45,13,FIXTURE
29-1243,46,2,FIXTURE
29-1243,47,17,FIXTURE
29-1243,48,72,FIXTURE
29-1243,49,8,FIXTURE
29-1243,50,2,FIXTURE
29-1243,51,21,FIXTURE
29-1243,53,19,FIXTURE
29-1243,54,4,FIXTURE
29-1243,55,15,FIXTURE
29-1243,56,1,FIXTURE
29-1249,01,449,FIXTURE
29-1249,02,66,FIXTURE
29-1249,04,638,FIXTURE
29-1249,05,269,FIXTURE
29-1249,06,3530,FIXTURE
29-1249,08,515,FIXTURE
29-1249,09,322,FIXTURE
29-1249,10,88,FIXTURE
29-1249,11,62,FIXTURE
29-1249,12,1923,FIXTURE
29-1249,13,956,FIXTURE
29-1249,15,130,FIXTURE
29-1249,16,164,FIXTURE
29-1249,17,1144,FIXTURE
29-1249,18,606,FIXTURE
29-1249,19,285,FIXTURE
29-1249,20,262,FIXTURE
29-1249,21,402,FIXTURE
29-1249,22,416,FIXTURE
29-1249,23,122,FIXTURE
29-1249,24,551,FIXTURE
29-1249,25,628,FIXTURE
29-1249,26,900,FIXTURE
29-1249,27,509,FIXTURE
29-1249,28,264,FIXTURE
29-1249,29,550,FIXTURE
29-1249,30,97,FIXTURE
29-1249,31,175,FIXTURE
29-1249,32,277,FIXTURE
29-1249,33,123,FIXTURE
29-1249,34,829,FIXTURE
29-1249,35,189,FIXTURE
29-1249,36,1803,FIXTURE
29-1249,37,932,FIXTURE
29-1249,38,70,FIXTURE
29-1249,39,1053,FIXTURE
29-1249,40,353,FIXTURE
29-1249,41,378,FIXTURE
29-1249,42,1161,FIXTURE
29-1249,44,98,FIXTURE
29-1249,45,457,FIXTURE
29-1249,46,79,FIXTURE
29-1249,47,617,FIXTURE
29-1249,48,2602,FIXTURE
29-1249,49,292,FIXTURE
29-1249,50,57,FIXTURE
29-1249,51,771,FIXTURE
29-1249,53,688,FIXTURE
29-1249,54,160,FIXTURE
29-1249,55,526,FIXTURE
29-1249,56,52,FIXTURE
29-1291,01,110,FIXTURE
29-1291,02,16,FIXTURE
29-1291,04,156,FIXTURE
29-1291,05,66,FIXTURE
29-1291,06,865,FIXTURE
29-1291,08,126,FIXTURE
29-1291,09,79,FIXTURE
29-1291,10,22,FIXTURE
29-1291,11,15,FIXTURE
29-1291,12,471,FIXTURE
29-1291,13,234,FIXTURE
29-1291,15,32,FIXTURE
29-1291,16,40,FIXTURE
29-1291,17,280,FIXTURE
29-1291,18,148,FIXTURE
29-1291,19,70,FIXTURE
29-1291,20,64,FIXTURE
29-1291,21,99,FIXTURE
29-1291,22,102,FIXTURE
29-1291,23,30,FIXTURE
29-1291,24,135,FIXTURE
29-1291,25,154,FIXTURE
29-1291,26,220,FIXTURE
29-1291,27,125,FIXTURE
29-1291,28,65,FIXTURE
29-1291,29,135,FIXTURE
29-1291,30,24,FIXTURE
29-1291,31,43,FIXTURE
29-1291,32,68,FIXTURE
29-1291,33,30,FIXTURE
29-1291,34,203,FIXTURE
29-1291,35,46,FIXTURE
29-1291,36,442,FIXTURE
29-1291,37,228,FIXTURE
29-1291,38,17,FIXTURE
29-1291,39,258,FIXTURE
29-1291,40,87,FIXTURE
29-1291,41,93,FIXTURE
29-1291,42,284,FIXTURE
29-1291,44,24,FIXTURE
29-1291,45,112,FIXTURE
29-1291,46,19,FIXTURE
29-1291,47,151,FIXTURE
29-1291,48,637,FIXTURE
29-1291,49,72,FIXTURE
29-1291,50,14,FIXTURE
29-1291,51,189,FIXTURE
29-1291,53,169,FIXTURE
29-1291,54,39,FIXTURE
29-1291,55,129,FIXTURE
29-1291,56,13,FIXTURE
29-1292,01,3141,FIXTURE
29-1292,02,458,FIXTURE
29-1292,04,4470,FIXTURE
29-1292,05,1882,FIXTURE
29-1292,06,24715,FIXTURE
29-1292,08,3609,FIXTURE
29-1292,09,2254,FIXTURE
29-1292,10,619,FIXTURE
29-1292,11,431,FIXTURE
29-1292,12,13464,FIXTURE
29-1292,13,6696,FIXTURE
29-1292,15,910,FIXTURE
29-1292,16,1150,FIXTURE
29-1292,17,8009,FIXTURE
29-1292,18,4242,FIXTURE
29-1292,19,1994,FIXTURE
29-1292,20,1836,FIXTURE
29-1292,21,2817,FIXTURE
29-1292,22,2912,FIXTURE
29-1292,23,852,FIXTURE
29-1292,24,3861,FIXTURE
29-1292,25,4394,FIXTURE
29-1292,26,6299,FIXTURE
29-1292,27,3567,FIXTURE
29-1292,28,1851,FIXTURE
29-1292,29,3847,FIXTURE
29-1292,30,678,FIXTURE
29-1292,31,1226,FIXTURE
29-1292,32,1941,FIXTURE
29-1292,33,861,FIXTURE
29-1292,34,5807,FIXTURE
29-1292,35,1324,FIXTURE
29-1292,36,12628,FIXTURE
29-1292,37,6526,FIXTURE
29-1292,38,487,FIXTURE
29-1292,39,7376,FIXTURE
29-1292,40,2475,FIXTURE
29-1292,41,2649,FIXTURE
29-1292,42,8128,FIXTURE
29-1292,44,686,FIXTURE
29-1292,45,3200,FIXTURE
29-1292,46,554,FIXTURE
29-1292,47,4320,FIXTURE
29-1292,48,18219,FIXTURE
29-1292,49,2045,FIXTURE
29-1292,50,402,FIXTURE
29-1292,51,5395,FIXTURE
29-1292,53,4817,FIXTURE
29-1292,54,1121,FIXTURE
29-1292,55,3684,FIXTURE
29-1292,56,361,FIXTURE
29-1299,01,398,FIXTURE
29-1299,02,58,FIXTURE
29-1299,04,566,FIXTURE
29-1299,05,238,FIXTURE
29-1299,06,3131,FIXTURE
29-1299,08,457,FIXTURE
29-1299,09,286,FIXTURE
29-1299,10,78,FIXTURE
29-1299,11,55,FIXTURE
29-1299,12,1706,FIXTURE
29-1299,13,848,FIXTURE
29-1299,15,115,FIXTURE
29-1299,16,146,FIXTURE
29-1299,17,1015,FIXTURE
29-1299,18,537,FIXTURE
29-1299,19,253,FIXTURE
29-1299,20,233,FIXTURE
29-1299,21,357,FIXTURE
29-1299,22,369,FIXTURE
29-1299,23,108,FIXTURE
29-1299,24,489,FIXTURE
29-1299,25,557,FIXTURE
29-1299,26,798,FIXTURE
29-1299,27,452,FIXTURE
29-1299,28,234,FIXTURE
29-1299,29,487,FIXTURE
29-1299,30,86,FIXTURE
29-1299,31,155,FIXTURE
29-1299,32,246,FIXTURE
29-1299,33,109,FIXTURE
29-1299,34,736,FIXTURE
29-1299,35,168,FIXTURE
29-1299,36,1600,FIXTURE
29-1299,37,827,FIXTURE
29-1299,38,62,FIXTURE
29-1299,39,934,FIXTURE
29-1299,40,314,FIXTURE
29-1299,41,336,FIXTURE
29-1299,42,1030,FIXTURE
29-1299,44,87,FIXTURE
29-1299,45,405,FIXTURE
29-1299,46,70,FIXTURE
29-1299,47,547,FIXTURE
29-1299,48,2308,FIXTURE
29-1299,49,259,FIXTURE
29-1299,50,51,FIXTURE
29-1299,51,684,FIXTURE
29-1299,53,610,FIXTURE
29-1299,54,142,FIXTURE
29-1299,55,467,FIXTURE
29-1299,56,46,FIXTURE
29-2010,01,4832,FIXTURE
29-2010,02,705,FIXTURE
29-2010,04,6878,FIXTURE
29-2010,05,2896,FIXTURE
29-2010,06,38027,FIXTURE
29-2010,08,5553,FIXTURE
29-2010,09,3468,FIXTURE
29-2010,10,952,FIXTURE
29-2010,11,663,FIXTURE
29-2010,12,20715,FIXTURE
29-2010,13,10302,FIXTURE
29-2010,15,1400,FIXTURE
29-2010,16,1769,FIXTURE
29-2010,17,12323,FIXTURE
29-2010,18,6526,FIXTURE
29-2010,19,3068,FIXTURE
29-2010,20,2826,FIXTURE
29-2010,21,4334,FIXTURE
29-2010,22,4480,FIXTURE
29-2010,23,1310,FIXTURE
29-2010,24,5941,FIXTURE
29-2010,25,6761,FIXTURE
29-2010,26,9692,FIXTURE
29-2010,27,5488,FIXTURE
29-2010,28,2848,FIXTURE
29-2010,29,5920,FIXTURE
29-2010,30,1043,FIXTURE
29-2010,31,1887,FIXTURE
29-2010,32,2986,FIXTURE
29-2010,33,1325,FIXTURE
29-2010,34,8934,FIXTURE
29-2010,35,2037,FIXTURE
29-2010,36,19429,FIXTURE
29-2010,37,10040,FIXTURE
29-2010,38,749,FIXTURE
29-2010,39,11348,FIXTURE
29-2010,40,3808,FIXTURE
29-2010,41,4075,FIXTURE
29-2010,42,12506,FIXTURE
29-2010,44,1055,FIXTURE
29-2010,45,4923,FIXTURE
29-2010,46,853,FIXTURE
29-2010,47,6647,FIXTURE
29-2010,48,28031,FIXTURE
29-2010,49,3147,FIXTURE
29-2010,50,619,FIXTURE
29-2010,51,8302,FIXTURE
29-2010,53,7411,FIXTURE
29-2010,54,1725,FIXTURE
29-2010,55,5668,FIXTURE
29-2010,56,555,FIXTURE
29-2031,01,845,FIXTURE
29-2031,02,123,FIXTURE
29-2031,04,1203,FIXTURE
29-2031,05,507,FIXTURE
29-2031,06,6652,FIXTURE
29-2031,08,971,FIXTURE
29-2031,09,607,FIXTURE
29-2031,10,167,FIXTURE
29-2031,11,116,FIXTURE
29-2031,12,3623,FIXTURE
29-2031,13,1802,FIXTURE
29-2031,15,245,FIXTURE
29-2031,16,309,FIXTURE
29-2031,17,2156,FIXTURE
29-2031,18,1142,FIXTURE
29-2031,19,537,FIXTURE
29-2031,20,494,FIXTURE
29-2031,21,758,FIXTURE
29-2031,22,784,FIXTURE
29-2031,23,229,FIXTURE
29-2031,24,1039,FIXTURE
29-2031,25,1183,FIXTURE
29-2031,26,1695,FIXTURE
29-2031,27,960,FIXTURE
29-2031,28,498,FIXTURE
29-2031,29,1035,FIXTURE
29-2031,30,182,FIXTURE
29-2031,31,330,FIXTURE
29-2031,32,522,FIXTURE
29-2031,33,232,FIXTURE
29-2031,34,1563,FIXTURE
29-2031,35,356,FIXTURE
29-2031,36,3399,FIXTURE
29-2031,37,1756,FIXTURE
29-2031,38,131,FIXTURE
29-2031,39,1985,FIXTURE
29-2031,40,666,FIXTURE
29-2031,41,713,FIXTURE
29-2031,42,2187,FIXTURE
29-2031,44,185,FIXTURE
29-2031,45,861,FIXTURE
29-2031,46,149,FIXTURE
29-2031,47,1163,FIXTURE
29-2031,48,4903,FIXTURE
29-2031,49,550,FIXTURE
29-2031,50,108,FIXTURE
29-2031,51,1452,FIXTURE
29-2031,53,1296,FIXTURE
29-2031,54,302,FIXTURE
29-2031,55,992,FIXTURE
29-2031,56,97,FIXTURE
29-2032,01,1192,FIXTURE
29-2032,02,174,FIXTURE
29-2032,04,1697,FIXTURE
29-2032,05,714,FIXTURE
29-2032,06,9381,FIXTURE
29-2032,08,1370,FIXTURE
29-2032,09,856,FIXTURE
29-2032,10,235,FIXTURE
29-2032,11,164,FIXTURE
29-2032,12,5110,FIXTURE
29-2032,13,2542,FIXTURE
29-2032,15,345,FIXTURE
29-2032,16,436,FIXTURE
29-2032,17,3040,FIXTURE
29-2032,18,1610,FIXTURE
29-2032,19,757,FIXTURE
29-2032,20,697,FIXTURE
29-2032,21,1069,FIXTURE
29-2032,22,1105,FIXTURE
29-2032,23,323,FIXTURE
29-2032,24,1466,FIXTURE
29-2032,25,1668,FIXTURE
29-2032,26,2391,FIXTURE
29-2032,27,1354,FIXTURE
29-2032,28,703,FIXTURE
29-2032,29,1460,FIXTURE
29-2032,30,257,FIXTURE
29-2032,31,465,FIXTURE
29-2032,32,737,FIXTURE
29-2032,33,327,FIXTURE
29-2032,34,2204,FIXTURE
29-2032,35,502,FIXTURE
29-2032,36,4793,FIXTURE
29-2032,37,2477,FIXTURE
29-2032,38,185,FIXTURE
29-2032,39,2800,FIXTURE
29-2032,40,939,FIXTURE
29-2032,41,1005,FIXTURE
29-2032,42,3085,FIXTURE
29-2032,44,260,FIXTURE
29-2032,45,1214,FIXTURE
29-2032,46,210,FIXTURE
29-2032,47,1640,FIXTURE
29-2032,48,6915,FIXTURE
29-2032,49,776,FIXTURE
29-2032,50,153,FIXTURE
29-2032,51,2048,FIXTURE
29-2032,53,1828,FIXTURE
29-2032,54,426,FIXTURE
29-2032,55,1398,FIXTURE
29-2032,56,137,FIXTURE
29-2033,01,260,FIXTURE
29-2033,02,38,FIXTURE
29-2033,04,370,FIXTURE
29-2033,05,156,FIXTURE
29-2033,06,2045,FIXTURE
29-2033,08,299,FIXTURE
29-2033,09,186,FIXTURE
29-2033,10,51,FIXTURE
29-2033,11,36,FIXTURE
29-2033,12,1114,FIXTURE
29-2033,13,554,FIXTURE
29-2033,15,75,FIXTURE
29-2033,16,95,FIXTURE
29-2033,17,663,FIXTURE
29-2033,18,351,FIXTURE
29-2033,19,165,FIXTURE
29-2033,20,152,FIXTURE
29-2033,21,233,FIXTURE
29-2033,22,241,FIXTURE
29-2033,23,70,FIXTURE
29-2033,24,319,FIXTURE
29-2033,25,364,FIXTURE
29-2033,26,521,FIXTURE
29-2033,27,295,FIXTURE
29-2033,28,153,FIXTURE
29-2033,29,318,FIXTURE
29-2033,30,56,FIXTURE
29-2033,31,101,FIXTURE
29-2033,32,161,FIXTURE
29-2033,33,71,FIXTURE
29-2033,34,480,FIXTURE
29-2033,35,110,FIXTURE
29-2033,36,1045,FIXTURE
29-2033,37,540,FIXTURE
29-2033,38,40,FIXTURE
29-2033,39,610,FIXTURE
29-2033,40,205,FIXTURE
29-2033,41,219,FIXTURE
29-2033,42,672,FIXTURE
29-2033,44,57,FIXTURE
29-2033,45,265,FIXTURE
29-2033,46,46,FIXTURE
29-2033,47,357,FIXTURE
29-2033,48,1507,FIXTURE
29-2033,49,169,FIXTURE
29-2033,50,33,FIXTURE
29-2033,51,446,FIXTURE
29-2033,53,398,FIXTURE
29-2033,54,93,FIXTURE
29-2033,55,305,FIXTURE
29-2033,56,30,FIXTURE
29-2034,01,3280,FIXTURE
29-2034,02,479,FIXTURE
29-2034,04,4669,FIXTURE
29-2034,05,1966,FIXTURE
29-2034,06,25812,FIXTURE
29-2034,08,3769,FIXTURE
29-2034,09,2354,FIXTURE
29-2034,10,646,FIXTURE
29-2034,11,450,FIXTURE
29-2034,12,14061,FIXTURE
29-2034,13,6993,FIXTURE
29-2034,15,950,FIXTURE
29-2034,16,1201,FIXTURE
29-2034,17,8364,FIXTURE
29-2034,18,4430,FIXTURE
29-2034,19,2083,FIXTURE
29-2034,20,1918,FIXTURE
29-2034,21,2941,FIXTURE
29-2034,22,3041,FIXTURE
29-2034,23,889,FIXTURE
29-2034,24,4033,FIXTURE
29-2034,25,4589,FIXTURE
29-2034,26,6579,FIXTURE
29-2034,27,3725,FIXTURE
29-2034,28,1933,FIXTURE
29-2034,29,4018,FIXTURE
29-2034,30,708,FIXTURE
29-2034,31,1280,FIXTURE
29-2034,32,2027,FIXTURE
29-2034,33,899,FIXTURE
29-2034,34,6064,FIXTURE
29-2034,35,1382,FIXTURE
29-2034,36,13188,FIXTURE
29-2034,37,6815,FIXTURE
29-2034,38,509,FIXTURE
29-2034,39,7703,FIXTURE
29-2034,40,2585,FIXTURE
29-2034,41,2766,FIXTURE
29-2034,42,8489,FIXTURE
29-2034,44,716,FIXTURE
29-2034,45,3341,FIXTURE
29-2034,46,579,FIXTURE
29-2034,47,4512,FIXTURE
29-2034,48,19027,FIXTURE
29-2034,49,2136,FIXTURE
29-2034,50,420,FIXTURE
29-2034,51,5635,FIXTURE
29-2034,53,5030,FIXTURE
29-2034,54,1171,FIXTURE
29-2034,55,3848,FIXTURE
29-2034,56,377,FIXTURE
29-2035,01,577,FIXTURE
29-2035,02,84,FIXTURE
29-2035,04,821,FIXTURE
29-2035,05,346,FIXTURE
29-2035,06,4541,FIXTURE
29-2035,08,663,FIXTURE
29-2035,09,414,FIXTURE
29-2035,10,114,FIXTURE
29-2035,11,79,FIXTURE
29-2035,12,2474,FIXTURE
29-2035,13,1230,FIXTURE
29-2035,15,167,FIXTURE
29-2035,16,211,FIXTURE
29-2035,17,1472,FIXTURE
29-2035,18,779,FIXTURE
29-2035,19,366,FIXTURE
29-2035,20,337,FIXTURE
29-2035,21,518,FIXTURE
29-2035,22,535,FIXTURE
29-2035,23,157,FIXTURE
29-2035,24,710,FIXTURE
29-2035,25,807,FIXTURE
29-2035,26,1158,FIXTURE
29-2035,27,655,FIXTURE
29-2035,28,340,FIXTURE
29-2035,29,707,FIXTURE
29-2035,30,125,FIXTURE
29-2035,31,225,FIXTURE
29-2035,32,357,FIXTURE
29-2035,33,158,FIXTURE
29-2035,34,1067,FIXTURE
29-2035,35,243,FIXTURE
29-2035,36,2320,FIXTURE
29-2035,37,1199,FIXTURE
29-2035,38,90,FIXTURE
29-2035,39,1355,FIXTURE
29-2035,40,455,FIXTURE
29-2035,41,487,FIXTURE
29-2035,42,1494,FIXTURE
29-2035,44,126,FIXTURE
29-2035,45,588,FIXTURE
29-2035,46,102,FIXTURE
29-2035,47,794,FIXTURE
29-2035,48,3348,FIXTURE
29-2035,49,376,FIXTURE
29-2035,50,74,FIXTURE
29-2035,51,991,FIXTURE
29-2035,53,885,FIXTURE
29-2035,54,206,FIXTURE
29-2035,55,677,FIXTURE
29-2035,56,66,FIXTURE
29-2036,01,36,FIXTURE
29-2036,02,5,FIXTURE
29-2036,04,52,FIXTURE
29-2036,05,22,FIXTURE
29-2036,06,286,FIXTURE
29-2036,08,42,FIXTURE
29-2036,09,26,FIXTURE
29-2036,10,7,FIXTURE
29-2036,11,5,FIXTURE
29-2036,12,156,FIXTURE
29-2036,13,78,FIXTURE
29-2036,15,11,FIXTURE
29-2036,16,13,FIXTURE
29-2036,17,93,FIXTURE
29-2036,18,49,FIXTURE
29-2036,19,23,FIXTURE
29-2036,20,21,FIXTURE
29-2036,21,33,FIXTURE
29-2036,22,34,FIXTURE
29-2036,23,10,FIXTURE
29-2036,24,45,FIXTURE
29-2036,25,51,FIXTURE
29-2036,26,73,FIXTURE
29-2036,27,41,FIXTURE
29-2036,28,21,FIXTURE
29-2036,29,45,FIXTURE
29-2036,30,8,FIXTURE
29-2036,31,14,FIXTURE
29-2036,32,22,FIXTURE
29-2036,33,10,FIXTURE
29-2036,34,67,FIXTURE
29-2036,35,15,FIXTURE
29-2036,36,146,FIXTURE
29-2036,37,76,FIXTURE
29-2036,38,6,FIXTURE
29-2036,39,85,FIXTURE
29-2036,40,29,FIXTURE
29-2036,41,31,FIXTURE
29-2036,42,94,FIXTURE
29-2036,44,8,FIXTURE
29-2036,45,37,FIXTURE
29-2036,46,6,FIXTURE
29-2036,47,50,FIXTURE
29-2036,48,211,FIXTURE
29-2036,49,24,FIXTURE
29-2036,50,5,FIXTURE
29-2036,51,62,FIXTURE
29-2036,53,56,FIXTURE
29-2036,54,13,FIXTURE
29-2036,55,43,FIXTURE
29-2036,56,4,FIXTURE
29-2042,01,2447,FIXTURE
29-2042,02,357,FIXTURE
29-2042,04,3482,FIXTURE
29-2042,05,1467,FIXTURE
29-2042,06,19253,FIXTURE
29-2042,08,2812,FIXTURE
29-2042,09,1756,FIXTURE
29-2042,10,482,FIXTURE
29-2042,11,336,FIXTURE
29-2042,12,10488,FIXTURE
29-2042,13,5216,FIXTURE
29-2042,15,709,FIXTURE
29-2042,16,896,FIXTURE
29-2042,17,6239,FIXTURE
29-2042,18,3304,FIXTURE
29-2042,19,1554,FIXTURE
29-2042,20,1431,FIXTURE
29-2042,21,2194,FIXTURE
29-2042,22,2268,FIXTURE
29-2042,23,663,FIXTURE
29-2042,24,3008,FIXTURE
29-2042,25,3423,FIXTURE
29-2042,26,4907,FIXTURE
29-2042,27,2779,FIXTURE
29-2042,28,1442,FIXTURE
29-2042,29,2997,FIXTURE
29-2042,30,528,FIXTURE
29-2042,31,955,FIXTURE
29-2042,32,1512,FIXTURE
29-2042,33,671,FIXTURE
29-2042,34,4523,FIXTURE
29-2042,35,1031,FIXTURE
29-2042,36,9837,FIXTURE
29-2042,37,5084,FIXTURE
29-2042,38,379,FIXTURE
29-2042,39,5746,FIXTURE
29-2042,40,1928,FIXTURE
29-2042,41,2063,FIXTURE
29-2042,42,6332,FIXTURE
29-2042,44,534,FIXTURE
29-2042,45,2492,FIXTURE
29-2042,46,432,FIXTURE
29-2042,47,3365,FIXTURE
29-2042,48,14193,FIXTURE
29-2042,49,1593,FIXTURE
29-2042,50,313,FIXTURE
29-2042,51,4203,FIXTURE
29-2042,53,3752,FIXTURE
29-2042,54,873,FIXTURE
29-2042,55,2870,FIXTURE
29-2042,56,281,FIXTURE
29-2043,01,1463,FIXTURE
29-2043,02,214,FIXTURE
29-2043,04,2082,FIXTURE
29-2043,05,877,FIXTURE
29-2043,06,11513,FIXTURE
29-2043,08,1681,FIXTURE
29-2043,09,1050,FIXTURE
29-2043,10,288,FIXTURE
29-2043,11,201,FIXTURE
29-2043,12,6271,FIXTURE
29-2043,13,3119,FIXTURE
29-2043,15,424,FIXTURE
29-2043,16,535,FIXTURE
29-2043,17,3731,FIXTURE
29-2043,18,1976,FIXTURE
29-2043,19,929,FIXTURE
29-2043,20,855,FIXTURE
29-2043,21,1312,FIXTURE
29-2043,22,1356,FIXTURE
29-2043,23,397,FIXTURE
29-2043,24,1799,FIXTURE
29-2043,25,2047,FIXTURE
29-2043,26,2934,FIXTURE
29-2043,27,1662,FIXTURE
29-2043,28,862,FIXTURE
29-2043,29,1792,FIXTURE
29-2043,30,316,FIXTURE
29-2043,31,571,FIXTURE
29-2043,32,904,FIXTURE
29-2043,33,401,FIXTURE
29-2043,34,2705,FIXTURE
29-2043,35,617,FIXTURE
29-2043,36,5882,FIXTURE
29-2043,37,3040,FIXTURE
29-2043,38,227,FIXTURE
29-2043,39,3436,FIXTURE
29-2043,40,1153,FIXTURE
29-2043,41,1234,FIXTURE
29-2043,42,3786,FIXTURE
29-2043,44,319,FIXTURE
29-2043,45,1490,FIXTURE
29-2043,46,258,FIXTURE
29-2043,47,2012,FIXTURE
29-2043,48,8486,FIXTURE
29-2043,49,953,FIXTURE
29-2043,50,187,FIXTURE
29-2043,51,2513,FIXTURE
29-2043,53,2244,FIXTURE
29-2043,54,522,FIXTURE
29-2043,55,1716,FIXTURE
29-2043,56,168,FIXTURE
29-2051,01,328,FIXTURE
29-2051,02,48,FIXTURE
29-2051,04,466,FIXTURE
29-2051,05,196,FIXTURE
29-2051,06,2578,FIXTURE
29-2051,08,376,FIXTURE
29-2051,09,235,FIXTURE
29-2051,10,64,FIXTURE
29-2051,11,45,FIXTURE
29-2051,12,1404,FIXTURE
29-2051,13,698,FIXTURE
29-2051,15,95,FIXTURE
29-2051,16,120,FIXTURE
29-2051,17,835,FIXTURE
29-2051,18,442,FIXTURE
29-2051,19,208,FIXTURE
29-2051,20,192,FIXTURE
29-2051,21,294,FIXTURE
29-2051,22,304,FIXTURE
29-2051,23,89,FIXTURE
29-2051,24,403,FIXTURE
29-2051,25,458,FIXTURE
29-2051,26,657,FIXTURE
29-2051,27,372,FIXTURE
29-2051,28,193,FIXTURE
29-2051,29,401,FIXTURE
29-2051,30,71,FIXTURE
29-2051,31,128,FIXTURE
29-2051,32,202,FIXTURE
29-2051,33,90,FIXTURE
29-2051,34,606,FIXTURE
29-2051,35,138,FIXTURE
29-2051,36,1317,FIXTURE
29-2051,37,681,FIXTURE
29-2051,38,51,FIXTURE
29-2051,39,769,FIXTURE
29-2051,40,258,FIXTURE
29-2051,41,276,FIXTURE
29-2051,42,848,FIXTURE
29-2051,44,72,FIXTURE
29-2051,45,334,FIXTURE
29-2051,46,58,FIXTURE
29-2051,47,451,FIXTURE
29-2051,48,1900,FIXTURE
29-2051,49,213,FIXTURE
29-2051,50,42,FIXTURE
29-2051,51,563,FIXTURE
29-2051,53,502,FIXTURE
29-2051,54,117,FIXTURE
29-2051,55,384,FIXTURE
29-2051,56,38,FIXTURE
29-2052,01,6619,FIXTURE
29-2052,02,966,FIXTURE
29-2052,04,9421,FIXTURE
29-2052,05,3967,FIXTURE
29-2052,06,52085,FIXTURE
29-2052,08,7606,FIXTURE
29-2052,09,4750,FIXTURE
29-2052,10,1304,FIXTURE
29-2052,11,908,FIXTURE
29-2052,12,28373,FIXTURE
29-2052,13,14111,FIXTURE
29-2052,15,1917,FIXTURE
29-2052,16,2423,FIXTURE
29-2052,17,16878,FIXTURE
29-2052,18,8939,FIXTURE
29-2052,19,4203,FIXTURE
29-2052,20,3870,FIXTURE
29-2052,21,5936,FIXTURE
29-2052,22,6136,FIXTURE
29-2052,23,1795,FIXTURE
29-2052,24,8137,FIXTURE
29-2052,25,9261,FIXTURE
29-2052,26,13275,FIXTURE
29-2052,27,7517,FIXTURE
29-2052,28,3901,FIXTURE
29-2052,29,8108,FIXTURE
29-2052,30,1428,FIXTURE
29-2052,31,2584,FIXTURE
29-2052,32,4090,FIXTURE
29-2052,33,1815,FIXTURE
29-2052,34,12237,FIXTURE
29-2052,35,2790,FIXTURE
29-2052,36,26612,FIXTURE
29-2052,37,13752,FIXTURE
29-2052,38,1026,FIXTURE
29-2052,39,15544,FIXTURE
29-2052,40,5216,FIXTURE
29-2052,41,5582,FIXTURE
29-2052,42,17129,FIXTURE
29-2052,44,1446,FIXTURE
29-2052,45,6743,FIXTURE
29-2052,46,1168,FIXTURE
29-2052,47,9104,FIXTURE
29-2052,48,38394,FIXTURE
29-2052,49,4310,FIXTURE
29-2052,50,847,FIXTURE
29-2052,51,11370,FIXTURE
29-2052,53,10150,FIXTURE
29-2052,54,2363,FIXTURE
29-2052,55,7764,FIXTURE
29-2052,56,760,FIXTURE
29-2053,01,1416,FIXTURE
29-2053,02,207,FIXTURE
29-2053,04,2015,FIXTURE
29-2053,05,849,FIXTURE
29-2053,06,11143,FIXTURE
29-2053,08,1627,FIXTURE
29-2053,09,1016,FIXTURE
29-2053,10,279,FIXTURE
29-2053,11,194,FIXTURE
29-2053,12,6070,FIXTURE
29-2053,13,3019,FIXTURE
29-2053,15,410,FIXTURE
29-2053,16,518,FIXTURE
29-2053,17,3611,FIXTURE
29-2053,18,1912,FIXTURE
29-2053,19,899,FIXTURE
29-2053,20,828,FIXTURE
29-2053,21,1270,FIXTURE
29-2053,22,1313,FIXTURE
29-2053,23,384,FIXTURE
29-2053,24,1741,FIXTURE
29-2053,25,1981,FIXTURE
29-2053,26,2840,FIXTURE
29-2053,27,1608,FIXTURE
29-2053,28,835,FIXTURE
29-2053,29,1735,FIXTURE
29-2053,30,306,FIXTURE
29-2053,31,553,FIXTURE
29-2053,32,875,FIXTURE
29-2053,33,388,FIXTURE
29-2053,34,2618,FIXTURE
29-2053,35,597,FIXTURE
29-2053,36,5693,FIXTURE
29-2053,37,2942,FIXTURE
29-2053,38,220,FIXTURE
29-2053,39,3325,FIXTURE
29-2053,40,1116,FIXTURE
29-2053,41,1194,FIXTURE
29-2053,42,3664,FIXTURE
29-2053,44,309,FIXTURE
29-2053,45,1442,FIXTURE
29-2053,46,250,FIXTURE
29-2053,47,1948,FIXTURE
29-2053,48,8214,FIXTURE
29-2053,49,922,FIXTURE
29-2053,50,181,FIXTURE
29-2053,51,2432,FIXTURE
29-2053,53,2172,FIXTURE
29-2053,54,505,FIXTURE
29-2053,55,1661,FIXTURE
29-2053,56,163,FIXTURE
29-2055,01,1653,FIXTURE
29-2055,02,241,FIXTURE
29-2055,04,2353,FIXTURE
29-2055,05,991,FIXTURE
29-2055,06,13010,FIXTURE
29-2055,08,1900,FIXTURE
29-2055,09,1186,FIXTURE
29-2055,10,326,FIXTURE
29-2055,11,227,FIXTURE
29-2055,12,7087,FIXTURE
29-2055,13,3525,FIXTURE
29-2055,15,479,FIXTURE
29-2055,16,605,FIXTURE
29-2055,17,4216,FIXTURE
29-2055,18,2233,FIXTURE
29-2055,19,1050,FIXTURE
29-2055,20,967,FIXTURE
29-2055,21,1483,FIXTURE
29-2055,22,1533,FIXTURE
29-2055,23,448,FIXTURE
29-2055,24,2033,FIXTURE
29-2055,25,2313,FIXTURE
29-2055,26,3316,FIXTURE
29-2055,27,1878,FIXTURE
29-2055,28,974,FIXTURE
29-2055,29,2025,FIXTURE
29-2055,30,357,FIXTURE
29-2055,31,645,FIXTURE
29-2055,32,1022,FIXTURE
29-2055,33,453,FIXTURE
29-2055,34,3056,FIXTURE
29-2055,35,697,FIXTURE
29-2055,36,6647,FIXTURE
29-2055,37,3435,FIXTURE
29-2055,38,256,FIXTURE
29-2055,39,3882,FIXTURE
29-2055,40,1303,FIXTURE
29-2055,41,1394,FIXTURE
29-2055,42,4278,FIXTURE
29-2055,44,361,FIXTURE
29-2055,45,1684,FIXTURE
29-2055,46,292,FIXTURE
29-2055,47,2274,FIXTURE
29-2055,48,9590,FIXTURE
29-2055,49,1076,FIXTURE
29-2055,50,212,FIXTURE
29-2055,51,2840,FIXTURE
29-2055,53,2535,FIXTURE
29-2055,54,590,FIXTURE
29-2055,55,1939,FIXTURE
29-2055,56,190,FIXTURE
29-2056,01,1799,FIXTURE
29-2056,02,263,FIXTURE
29-2056,04,2561,FIXTURE
29-2056,05,1078,FIXTURE
29-2056,06,14156,FIXTURE
29-2056,08,2067,FIXTURE
29-2056,09,1291,FIXTURE
29-2056,10,354,FIXTURE
29-2056,11,247,FIXTURE
29-2056,12,7711,FIXTURE
29-2056,13,3835,FIXTURE
29-2056,15,521,FIXTURE
29-2056,16,659,FIXTURE
29-2056,17,4587,FIXTURE
29-2056,18,2429,FIXTURE
29-2056,19,1142,FIXTURE
29-2056,20,1052,FIXTURE
29-2056,21,1613,FIXTURE
29-2056,22,1668,FIXTURE
29-2056,23,488,FIXTURE
29-2056,24,2212,FIXTURE
29-2056,25,2517,FIXTURE
29-2056,26,3608,FIXTURE
29-2056,27,2043,FIXTURE
29-2056,28,1060,FIXTURE
29-2056,29,2204,FIXTURE
29-2056,30,388,FIXTURE
29-2056,31,702,FIXTURE
29-2056,32,1112,FIXTURE
29-2056,33,493,FIXTURE
29-2056,34,3326,FIXTURE
29-2056,35,758,FIXTURE
29-2056,36,7233,FIXTURE
29-2056,37,3738,FIXTURE
29-2056,38,279,FIXTURE
29-2056,39,4225,FIXTURE
29-2056,40,1418,FIXTURE
29-2056,41,1517,FIXTURE
29-2056,42,4655,FIXTURE
29-2056,44,393,FIXTURE
29-2056,45,1833,FIXTURE
29-2056,46,317,FIXTURE
29-2056,47,2474,FIXTURE
29-2056,48,10435,FIXTURE
29-2056,49,1171,FIXTURE
29-2056,50,230,FIXTURE
29-2056,51,3090,FIXTURE
29-2056,53,2759,FIXTURE
29-2056,54,642,FIXTURE
29-2056,55,2110,FIXTURE
29-2056,56,207,FIXTURE
29-2057,01,996,FIXTURE
29-2057,02,145,FIXTURE
29-2057,04,1418,FIXTURE
29-2057,05,597,FIXTURE
29-2057,06,7837,FIXTURE
29-2057,08,1145,FIXTURE
29-2057,09,715,FIXTURE
29-2057,10,196,FIXTURE
29-2057,11,137,FIXTURE
29-2057,12,4269,FIXTURE
29-2057,13,2123,FIXTURE
29-2057,15,288,FIXTURE
29-2057,16,365,FIXTURE
29-2057,17,2540,FIXTURE
29-2057,18,1345,FIXTURE
29-2057,19,632,FIXTURE
29-2057,20,582,FIXTURE
29-2057,21,893,FIXTURE
29-2057,22,923,FIXTURE
29-2057,23,270,FIXTURE
29-2057,24,1224,FIXTURE
29-2057,25,1394,FIXTURE
29-2057,26,1998,FIXTURE
29-2057,27,1131,FIXTURE
29-2057,28,587,FIXTURE
29-2057,29,1220,FIXTURE
29-2057,30,215,FIXTURE
29-2057,31,389,FIXTURE
29-2057,32,615,FIXTURE
29-2057,33,273,FIXTURE
29-2057,34,1841,FIXTURE
29-2057,35,420,FIXTURE
29-2057,36,4004,FIXTURE
29-2057,37,2069,FIXTURE
29-2057,38,154,FIXTURE
29-2057,39,2339,FIXTURE
29-2057,40,785,FIXTURE
29-2057,41,840,FIXTURE
29-2057,42,2577,FIXTURE
29-2057,44,218,FIXTURE
29-2057,45,1015,FIXTURE
29-2057,46,176,FIXTURE
29-2057,47,1370,FIXTURE
29-2057,48,5777,FIXTURE
29-2057,49,649,FIXTURE
29-2057,50,128,FIXTURE
29-2057,51,1711,FIXTURE
29-2057,53,1527,FIXTURE
29-2057,54,356,FIXTURE
29-2057,55,1168,FIXTURE
29-2057,56,114,FIXTURE
29-2061,01,9720,FIXTURE
29-2061,02,1419,FIXTURE
29-2061,04,13836,FIXTURE
29-2061,05,5826,FIXTURE
29-2061,06,76493,FIXTURE
29-2061,08,11170,FIXTURE
29-2061,09,6976,FIXTURE
29-2061,10,1915,FIXTURE
29-2061,11,1334,FIXTURE
29-2061,12,41669,FIXTURE
29-2061,13,20724,FIXTURE
29-2061,15,2815,FIXTURE
29-2061,16,3558,FIXTURE
29-2061,17,24788,FIXTURE
29-2061,18,13128,FIXTURE
29-2061,19,6172,FIXTURE
29-2061,20,5684,FIXTURE
29-2061,21,8717,FIXTURE
29-2061,22,9011,FIXTURE
29-2061,23,2636,FIXTURE
29-2061,24,11951,FIXTURE
29-2061,25,13601,FIXTURE
29-2061,26,19496,FIXTURE
29-2061,27,11040,FIXTURE
29-2061,28,5729,FIXTURE
29-2061,29,11908,FIXTURE
29-2061,30,2098,FIXTURE
29-2061,31,3795,FIXTURE
29-2061,32,6006,FIXTURE
29-2061,33,2665,FIXTURE
29-2061,34,17971,FIXTURE
29-2061,35,4097,FIXTURE
29-2061,36,39082,FIXTURE
29-2061,37,20197,FIXTURE
29-2061,38,1507,FIXTURE
29-2061,39,22828,FIXTURE
29-2061,40,7660,FIXTURE
29-2061,41,8198,FIXTURE
29-2061,42,25156,FIXTURE
29-2061,44,2123,FIXTURE
29-2061,45,9902,FIXTURE
29-2061,46,1715,FIXTURE
29-2061,47,13370,FIXTURE
29-2061,48,56387,FIXTURE
29-2061,49,6329,FIXTURE
29-2061,50,1244,FIXTURE
29-2061,51,16699,FIXTURE
29-2061,53,14907,FIXTURE
29-2061,54,3470,FIXTURE
29-2061,55,11402,FIXTURE
29-2061,56,1116,FIXTURE
29-2072,01,2737,FIXTURE
29-2072,02,400,FIXTURE
29-2072,04,3896,FIXTURE
29-2072,05,1641,FIXTURE
29-2072,06,21540,FIXTURE
29-2072,08,3145,FIXTURE
29-2072,09,1965,FIXTURE
29-2072,10,539,FIXTURE
29-2072,11,376,FIXTURE
29-2072,12,11734,FIXTURE
29-2072,13,5836,FIXTURE
29-2072,15,793,FIXTURE
29-2072,16,1002,FIXTURE
29-2072,17,6980,FIXTURE
29-2072,18,3697,FIXTURE
29-2072,19,1738,FIXTURE
29-2072,20,1601,FIXTURE
29-2072,21,2455,FIXTURE
29-2072,22,2538,FIXTURE
29-2072,23,742,FIXTURE
29-2072,24,3365,FIXTURE
29-2072,25,3830,FIXTURE
29-2072,26,5490,FIXTURE
29-2072,27,3109,FIXTURE
29-2072,28,1613,FIXTURE
29-2072,29,3353,FIXTURE
29-2072,30,591,FIXTURE
29-2072,31,1069,FIXTURE
29-2072,32,1691,FIXTURE
29-2072,33,750,FIXTURE
29-2072,34,5061,FIXTURE
29-2072,35,1154,FIXTURE
29-2072,36,11005,FIXTURE
29-2072,37,5687,FIXTURE
29-2072,38,424,FIXTURE
29-2072,39,6428,FIXTURE
29-2072,40,2157,FIXTURE
29-2072,41,2308,FIXTURE
29-2072,42,7084,FIXTURE
29-2072,44,598,FIXTURE
29-2072,45,2788,FIXTURE
29-2072,46,483,FIXTURE
29-2072,47,3765,FIXTURE
29-2072,48,15878,FIXTURE
29-2072,49,1782,FIXTURE
29-2072,50,350,FIXTURE
29-2072,51,4702,FIXTURE
29-2072,53,4198,FIXTURE
29-2072,54,977,FIXTURE
29-2072,55,3211,FIXTURE
29-2072,56,314,FIXTURE
29-2081,01,1111,FIXTURE
29-2081,02,162,FIXTURE
29-2081,04,1581,FIXTURE
29-2081,05,666,FIXTURE
29-2081,06,8740,FIXTURE
29-2081,08,1276,FIXTURE
29-2081,09,797,FIXTURE
29-2081,10,219,FIXTURE
29-2081,11,152,FIXTURE
29-2081,12,4761,FIXTURE
29-2081,13,2368,FIXTURE
29-2081,15,322,FIXTURE
29-2081,16,407,FIXTURE
29-2081,17,2832,FIXTURE
29-2081,18,1500,FIXTURE
29-2081,19,705,FIXTURE
29-2081,20,649,FIXTURE
29-2081,21,996,FIXTURE
29-2081,22,1030,FIXTURE
29-2081,23,301,FIXTURE
29-2081,24,1366,FIXTURE
29-2081,25,1554,FIXTURE
29-2081,26,2228,FIXTURE
29-2081,27,1261,FIXTURE
29-2081,28,655,FIXTURE
29-2081,29,1361,FIXTURE
29-2081,30,240,FIXTURE
29-2081,31,434,FIXTURE
29-2081,32,686,FIXTURE
29-2081,33,304,FIXTURE
29-2081,34,2053,FIXTURE
29-2081,35,468,FIXTURE
29-2081,36,4466,FIXTURE
29-2081,37,2308,FIXTURE
29-2081,38,172,FIXTURE
29-2081,39,2608,FIXTURE
29-2081,40,875,FIXTURE
29-2081,41,937,FIXTURE
29-2081,42,2874,FIXTURE
29-2081,44,243,FIXTURE
29-2081,45,1131,FIXTURE
29-2081,46,196,FIXTURE
29-2081,47,1528,FIXTURE
29-2081,48,6443,FIXTURE
29-2081,49,723,FIXTURE
29-2081,50,142,FIXTURE
29-2081,51,1908,FIXTURE
29-2081,53,1703,FIXTURE
29-2081,54,397,FIXTURE
29-2081,55,1303,FIXTURE
29-2081,56,128,FIXTURE
29-2091,01,158,FIXTURE
29-2091,02,23,FIXTURE
29-2091,04,225,FIXTURE
29-2091,05,95,FIXTURE
29-2091,06,1242,FIXTURE
29-2091,08,181,FIXTURE
29-2091,09,113,FIXTURE
29-2091,10,31,FIXTURE
29-2091,11,22,FIXTURE
29-2091,12,676,FIXTURE
29-2091,13,336,FIXTURE
29-2091,15,46,FIXTURE
29-2091,16,58,FIXTURE
29-2091,17,402,FIXTURE
29-2091,18,213,FIXTURE
29-2091,19,100,FIXTURE
29-2091,20,92,FIXTURE
29-2091,21,142,FIXTURE
29-2091,22,146,FIXTURE
29-2091,23,43,FIXTURE
29-2091,24,194,FIXTURE
29-2091,25,221,FIXTURE
29-2091,26,317,FIXTURE
29-2091,27,179,FIXTURE
29-2091,28,93,FIXTURE
29-2091,29,193,FIXTURE
29-2091,30,34,FIXTURE
29-2091,31,62,FIXTURE
29-2091,32,98,FIXTURE
29-2091,33,43,FIXTURE
29-2091,34,292,FIXTURE
29-2091,35,67,FIXTURE
29-2091,36,635,FIXTURE
29-2091,37,328,FIXTURE
29-2091,38,24,FIXTURE
29-2091,39,371,FIXTURE
29-2091,40,124,FIXTURE
29-2091,41,133,FIXTURE
29-2091,42,408,FIXTURE
29-2091,44,34,FIXTURE
29-2091,45,161,FIXTURE
29-2091,46,28,FIXTURE
29-2091,47,217,FIXTURE
29-2091,48,915,FIXTURE
29-2091,49,103,FIXTURE
29-2091,50,20,FIXTURE
29-2091,51,271,FIXTURE
29-2091,53,242,FIXTURE
29-2091,54,56,FIXTURE
29-2091,55,185,FIXTURE
29-2091,56,18,FIXTURE
29-2092,01,164,FIXTURE
29-2092,02,24,FIXTURE
29-2092,04,233,FIXTURE
29-2092,05,98,FIXTURE
29-2092,06,1287,FIXTURE
29-2092,08,188,FIXTURE
29-2092,09,117,FIXTURE
29-2092,10,32,FIXTURE
29-2092,11,22,FIXTURE
29-2092,12,701,FIXTURE
29-2092,13,349,FIXTURE
29-2092,15,47,FIXTURE
29-2092,16,60,FIXTURE
29-2092,17,417,FIXTURE
29-2092,18,221,FIXTURE
29-2092,19,104,FIXTURE
29-2092,20,96,FIXTURE
29-2092,21,147,FIXTURE
29-2092,22,152,FIXTURE
29-2092,23,44,FIXTURE
29-2092,24,201,FIXTURE
29-2092,25,229,FIXTURE
29-2092,26,328,FIXTURE
29-2092,27,186,FIXTURE
29-2092,28,96,FIXTURE
29-2092,29,200,FIXTURE
29-2092,30,35,FIXTURE
29-2092,31,64,FIXTURE
29-2092,32,101,FIXTURE
29-2092,33,45,FIXTURE
29-2092,34,302,FIXTURE
29-2092,35,69,FIXTURE
29-2092,36,658,FIXTURE
29-2092,37,340,FIXTURE
29-2092,38,25,FIXTURE
29-2092,39,384,FIXTURE
29-2092,40,129,FIXTURE
29-2092,41,138,FIXTURE
29-2092,42,423,FIXTURE
29-2092,44,36,FIXTURE
29-2092,45,167,FIXTURE
29-2092,46,29,FIXTURE
29-2092,47,225,FIXTURE
29-2092,48,949,FIXTURE
29-2092,49,106,FIXTURE
29-2092,50,21,FIXTURE
29-2092,51,281,FIXTURE
29-2092,53,251,FIXTURE
29-2092,54,58,FIXTURE
29-2092,55,192,FIXTURE
29-2092,56,19,FIXTURE
29-2099,01,2134,FIXTURE
29-2099,02,311,FIXTURE
29-2099,04,3037,FIXTURE
29-2099,05,1279,FIXTURE
29-2099,06,16792,FIXTURE
29-2099,08,2452,FIXTURE
29-2099,09,1531,FIXTURE
29-2099,10,420,FIXTURE
29-2099,11,293,FIXTURE
29-2099,12,9147,FIXTURE
29-2099,13,4549,FIXTURE
29-2099,15,618,FIXTURE
29-2099,16,781,FIXTURE
29-2099,17,5442,FIXTURE
29-2099,18,2882,FIXTURE
29-2099,19,1355,FIXTURE
29-2099,20,1248,FIXTURE
29-2099,21,1914,FIXTURE
29-2099,22,1978,FIXTURE
29-2099,23,579,FIXTURE
29-2099,24,2624,FIXTURE
29-2099,25,2986,FIXTURE
29-2099,26,4280,FIXTURE
29-2099,27,2424,FIXTURE
29-2099,28,1258,FIXTURE
29-2099,29,2614,FIXTURE
29-2099,30,460,FIXTURE
29-2099,31,833,FIXTURE
29-2099,32,1319,FIXTURE
29-2099,33,585,FIXTURE
29-2099,34,3945,FIXTURE
29-2099,35,899,FIXTURE
29-2099,36,8580,FIXTURE
29-2099,37,4434,FIXTURE
29-2099,38,331,FIXTURE
29-2099,39,5011,FIXTURE
29-2099,40,1682,FIXTURE
29-2099,41,1800,FIXTURE
29-2099,42,5522,FIXTURE
29-2099,44,466,FIXTURE
29-2099,45,2174,FIXTURE
29-2099,46,377,FIXTURE
29-2099,47,2935,FIXTURE
29-2099,48,12378,FIXTURE
29-2099,49,1389,FIXTURE
29-2099,50,273,FIXTURE
29-2099,51,3666,FIXTURE
29-2099,53,3273,FIXTURE
29-2099,54,762,FIXTURE
29-2099,55,2503,FIXTURE
29-2099,56,245,FIXTURE
29-9021,01,574,FIXTURE
29-9021,02,84,FIXTURE
29-9021,04,818,FIXTURE
29-9021,05,344,FIXTURE
29-9021,06,4521,FIXTURE
29-9021,08,660,FIXTURE
29-9021,09,412,FIXTURE
29-9021,10,113,FIXTURE
29-9021,11,79,FIXTURE
29-9021,12,2463,FIXTURE
29-9021,13,1225,FIXTURE
29-9021,15,166,FIXTURE
29-9021,16,210,FIXTURE
29-9021,17,1465,FIXTURE
29-9021,18,776,FIXTURE
29-9021,19,365,FIXTURE
29-9021,20,336,FIXTURE
29-9021,21,515,FIXTURE
29-9021,22,533,FIXTURE
29-9021,23,156,FIXTURE
29-9021,24,706,FIXTURE
29-9021,25,804,FIXTURE
29-9021,26,1152,FIXTURE
29-9021,27,653,FIXTURE
29-9021,28,339,FIXTURE
29-9021,29,704,FIXTURE
29-9021,30,124,FIXTURE
29-9021,31,224,FIXTURE
29-9021,32,355,FIXTURE
29-9021,33,158,FIXTURE
29-9021,34,1062,FIXTURE
29-9021,35,242,FIXTURE
29-9021,36,2310,FIXTURE
29-9021,37,1194,FIXTURE
29-9021,38,89,FIXTURE
29-9021,39,1349,FIXTURE
29-9021,40,453,FIXTURE
29-9021,41,485,FIXTURE
29-9021,42,1487,FIXTURE
29-9021,44,125,FIXTURE
29-9021,45,585,FIXTURE
29-9021,46,101,FIXTURE
29-9021,47,790,FIXTURE
29-9021,48,3333,FIXTURE
29-9021,49,374,FIXTURE
29-9021,50,74,FIXTURE
29-9021,51,987,FIXTURE
29-9021,53,881,FIXTURE
29-9021,54,205,FIXTURE
29-9021,55,674,FIXTURE
29-9021,56,66,FIXTURE
29-9091,01,395,FIXTURE
29-9091,02,58,FIXTURE
29-9091,04,562,FIXTURE
29-9091,05,237,FIXTURE
29-9091,06,3110,FIXTURE
29-9091,08,454,FIXTURE
29-9091,09,284,FIXTURE
29-9091,10,78,FIXTURE
29-9091,11,54,FIXTURE
29-9091,12,1694,FIXTURE
29-9091,13,843,FIXTURE
29-9091,15,114,FIXTURE
29-9091,16,145,FIXTURE
29-9091,17,1008,FIXTURE
29-9091,18,534,FIXTURE
29-9091,19,251,FIXTURE
29-9091,20,231,FIXTURE
29-9091,21,354,FIXTURE
29-9091,22,366,FIXTURE
29-9091,23,107,FIXTURE
29-9091,24,486,FIXTURE
29-9091,25,553,FIXTURE
29-9091,26,793,FIXTURE
29-9091,27,449,FIXTURE
29-9091,28,233,FIXTURE
29-9091,29,484,FIXTURE
29-9091,30,85,FIXTURE
29-9091,31,154,FIXTURE
29-9091,32,244,FIXTURE
29-9091,33,108,FIXTURE
29-9091,34,731,FIXTURE
29-9091,35,167,FIXTURE
29-9091,36,1589,FIXTURE
29-9091,37,821,FIXTURE
29-9091,38,61,FIXTURE
29-9091,39,928,FIXTURE
29-9091,40,311,FIXTURE
29-9091,41,333,FIXTURE
29-9091,42,1023,FIXTURE
29-9091,44,86,FIXTURE
29-9091,45,403,FIXTURE
29-9091,46,70,FIXTURE
29-9091,47,544,FIXTURE
29-9091,48,2292,FIXTURE
29-9091,49,257,FIXTURE
29-9091,50,51,FIXTURE
29-9091,51,679,FIXTURE
29-9091,53,606,FIXTURE
29-9091,54,141,FIXTURE
29-9091,55,464,FIXTURE
29-9091,56,45,FIXTURE
29-9092,01,42,FIXTURE
29-9092,02,6,FIXTURE
29-9092,04,59,FIXTURE
29-9092,05,25,FIXTURE
29-9092,06,327,FIXTURE
29-9092,08,48,FIXTURE
29-9092,09,30,FIXTURE
29-9092,10,8,FIXTURE
29-9092,11,6,FIXTURE
29-9092,12,178,FIXTURE
29-9092,13,89,FIXTURE
29-9092,15,12,FIXTURE
29-9092,16,15,FIXTURE
29-9092,17,106,FIXTURE
29-9092,18,56,FIXTURE
29-9092,19,26,FIXTURE
29-9092,20,24,FIXTURE
29-9092,21,37,FIXTURE
29-9092,22,39,FIXTURE
29-9092,23,11,FIXTURE
29-9092,24,51,FIXTURE
29-9092,25,58,FIXTURE
29-9092,26,83,FIXTURE
29-9092,27,47,FIXTURE
29-9092,28,24,FIXTURE
29-9092,29,51,FIXTURE
29-9092,30,9,FIXTURE
29-9092,31,16,FIXTURE
29-9092,32,26,FIXTURE
29-9092,33,11,FIXTURE
29-9092,34,77,FIXTURE
29-9092,35,18,FIXTURE
29-9092,36,167,FIXTURE
29-9092,37,86,FIXTURE
29-9092,38,6,FIXTURE
29-9092,39,98,FIXTURE
29-9092,40,33,FIXTURE
29-9092,41,35,FIXTURE
29-9092,42,108,FIXTURE
29-9092,44,9,FIXTURE
29-9092,45,42,FIXTURE
29-9092,46,7,FIXTURE
29-9092,47,57,FIXTURE
29-9092,48,241,FIXTURE
29-9092,49,27,FIXTURE
29-9092,50,5,FIXTURE
29-9092,51,71,FIXTURE
29-9092,53,64,FIXTURE
29-9092,54,15,FIXTURE
29-9092,55,49,FIXTURE
29-9092,56,5,FIXTURE
29-9093,01,261,FIXTURE
29-9093,02,38,FIXTURE
29-9093,04,372,FIXTURE
29-9093,05,157,FIXTURE
29-9093,06,2058,FIXTURE
29-9093,08,300,FIXTURE
29-9093,09,188,FIXTURE
29-9093,10,52,FIXTURE
29-9093,11,36,FIXTURE
29-9093,12,1121,FIXTURE
29-9093,13,558,FIXTURE
29-9093,15,76,FIXTURE
29-9093,16,96,FIXTURE
29-9093,17,667,FIXTURE
29-9093,18,353,FIXTURE
29-9093,19,166,FIXTURE
29-9093,20,153,FIXTURE
29-9093,21,235,FIXTURE
29-9093,22,242,FIXTURE
29-9093,23,71,FIXTURE
29-9093,24,322,FIXTURE
29-9093,25,366,FIXTURE
29-9093,26,524,FIXTURE
29-9093,27,297,FIXTURE
29-9093,28,154,FIXTURE
29-9093,29,320,FIXTURE
29-9093,30,56,FIXTURE
29-9093,31,102,FIXTURE
29-9093,32,162,FIXTURE
29-9093,33,72,FIXTURE
29-9093,34,483,FIXTURE
29-9093,35,110,FIXTURE
29-9093,36,1051,FIXTURE
29-9093,37,543,FIXTURE
29-9093,38,41,FIXTURE
29-9093,39,614,FIXTURE
29-9093,40,206,FIXTURE
29-9093,41,221,FIXTURE
29-9093,42,677,FIXTURE
29-9093,44,57,FIXTURE
29-9093,45,266,FIXTURE
29-9093,46,46,FIXTURE
29-9093,47,360,FIXTURE
29-9093,48,1517,FIXTURE
29-9093,49,170,FIXTURE
29-9093,50,33,FIXTURE
29-9093,51,449,FIXTURE
29-9093,53,401,FIXTURE
29-9093,54,93,FIXTURE
29-9093,55,307,FIXTURE
29-9093,56,30,FIXTURE
29-9099,01,668,FIXTURE
29-9099,02,98,FIXTURE
29-9099,04,951,FIXTURE
29-9099,05,401,FIXTURE
29-9099,06,5261,FIXTURE
29-9099,08,768,FIXTURE
29-9099,09,480,FIXTURE
29-9099,10,132,FIXTURE
29-9099,11,92,FIXTURE
29-9099,12,2866,FIXTURE
29-9099,13,1425,FIXTURE
29-9099,15,194,FIXTURE
29-9099,16,245,FIXTURE
29-9099,17,1705,FIXTURE
29-9099,18,903,FIXTURE
29-9099,19,424,FIXTURE
29-9099,20,391,FIXTURE
29-9099,21,599,FIXTURE
29-9099,22,620,FIXTURE
29-9099,23,181,FIXTURE
29-9099,24,822,FIXTURE
29-9099,25,935,FIXTURE
29-9099,26,1341,FIXTURE
29-9099,27,759,FIXTURE
29-9099,28,394,FIXTURE
29-9099,29,819,FIXTURE
29-9099,30,144,FIXTURE
29-9099,31,261,FIXTURE
29-9099,32,413,FIXTURE
29-9099,33,183,FIXTURE
29-9099,34,1236,FIXTURE
29-9099,35,282,FIXTURE
29-9099,36,2688,FIXTURE
29-9099,37,1389,FIXTURE
29-9099,38,104,FIXTURE
29-9099,39,1570,FIXTURE
29-9099,40,527,FIXTURE
29-9099,41,564,FIXTURE
29-9099,42,1730,FIXTURE
29-9099,44,146,FIXTURE
29-9099,45,681,FIXTURE
29-9099,46,118,FIXTURE
29-9099,47,919,FIXTURE
29-9099,48,3878,FIXTURE
29-9099,49,435,FIXTURE
29-9099,50,85,FIXTURE
29-9099,51,1148,FIXTURE
29-9099,53,1025,FIXTURE
29-9099,54,239,FIXTURE
29-9099,55,784,FIXTURE
29-9099,56,77,FIXTURE
31-1120,01,51031,FIXTURE
31-1120,02,7449,FIXTURE
31-1120,04,72637,FIXTURE
31-1120,05,30588,FIXTURE
31-1120,06,401584,FIXTURE
31-1120,08,58643,FIXTURE
31-1120,09,36625,FIXTURE
31-1120,10,10055,FIXTURE
31-1120,11,7004,FIXTURE
31-1120,12,218760,FIXTURE
31-1120,13,108799,FIXTURE
31-1120,15,14781,FIXTURE
31-1120,16,18680,FIXTURE
31-1120,17,130135,FIXTURE
31-1120,18,68920,FIXTURE
31-1120,19,32404,FIXTURE
31-1120,20,29840,FIXTURE
31-1120,21,45765,FIXTURE
31-1120,22,47308,FIXTURE
31-1120,23,13837,FIXTURE
31-1120,24,62741,FIXTURE
31-1120,25,71402,FIXTURE
31-1120,26,102354,FIXTURE
31-1120,27,57960,FIXTURE
31-1120,28,30077,FIXTURE
31-1120,29,62514,FIXTURE
31-1120,30,11012,FIXTURE
31-1120,31,19923,FIXTURE
31-1120,32,31533,FIXTURE
31-1120,33,13991,FIXTURE
31-1120,34,94347,FIXTURE
31-1120,35,21507,FIXTURE
31-1120,36,205181,FIXTURE
31-1120,37,106031,FIXTURE
31-1120,38,7913,FIXTURE
31-1120,39,119845,FIXTURE
31-1120,40,40215,FIXTURE
31-1120,41,43037,FIXTURE
31-1120,42,132066,FIXTURE
31-1120,44,11146,FIXTURE
31-1120,45,51987,FIXTURE
31-1120,46,9006,FIXTURE
31-1120,47,70192,FIXTURE
31-1120,48,296026,FIXTURE
31-1120,49,33229,FIXTURE
31-1120,50,6532,FIXTURE
31-1120,51,87668,FIXTURE
31-1120,53,78261,FIXTURE
31-1120,54,18218,FIXTURE
31-1120,55,59862,FIXTURE
31-1120,56,5859,FIXTURE
31-1131,01,19931,FIXTURE
31-1131,02,2909,FIXTURE
31-1131,04,28369,FIXTURE
31-1131,05,11946,FIXTURE
31-1131,06,156845,FIXTURE
31-1131,08,22904,FIXTURE
31-1131,09,14304,FIXTURE
31-1131,10,3927,FIXTURE
31-1131,11,2735,FIXTURE
31-1131,12,85440,FIXTURE
31-1131,13,42493,FIXTURE
31-1131,15,5773,FIXTURE
31-1131,16,7296,FIXTURE
31-1131,17,50826,FIXTURE
31-1131,18,26918,FIXTURE
31-1131,19,12656,FIXTURE
31-1131,20,11654,FIXTURE
31-1131,21,17874,FIXTURE
31-1131,22,18477,FIXTURE
31-1131,23,5404,FIXTURE
31-1131,24,24505,FIXTURE
31-1131,25,27887,FIXTURE
31-1131,26,39976,FIXTURE
31-1131,27,22637,FIXTURE
31-1131,28,11747,FIXTURE
31-1131,29,24416,FIXTURE
31-1131,30,4301,FIXTURE
31-1131,31,7781,FIXTURE
31-1131,32,12316,FIXTURE
31-1131,33,5465,FIXTURE
31-1131,34,36849,FIXTURE
31-1131,35,8400,FIXTURE
31-1131,36,80137,FIXTURE
31-1131,37,41412,FIXTURE
31-1131,38,3091,FIXTURE
31-1131,39,46807,FIXTURE
31-1131,40,15706,FIXTURE
31-1131,41,16809,FIXTURE
31-1131,42,51581,FIXTURE
31-1131,44,4353,FIXTURE
31-1131,45,20304,FIXTURE
31-1131,46,3517,FIXTURE
31-1131,47,27415,FIXTURE
31-1131,48,115618,FIXTURE
31-1131,49,12978,FIXTURE
31-1131,50,2551,FIXTURE
31-1131,51,34240,FIXTURE
31-1131,53,30566,FIXTURE
31-1131,54,7116,FIXTURE
31-1131,55,23380,FIXTURE
31-1131,56,2288,FIXTURE
31-1132,01,685,FIXTURE
31-1132,02,100,FIXTURE
31-1132,04,974,FIXTURE
31-1132,05,410,FIXTURE
31-1132,06,5387,FIXTURE
31-1132,08,787,FIXTURE
31-1132,09,491,FIXTURE
31-1132,10,135,FIXTURE
31-1132,11,94,FIXTURE
31-1132,12,2935,FIXTURE
31-1132,13,1459,FIXTURE
31-1132,15,198,FIXTURE
31-1132,16,251,FIXTURE
31-1132,17,1746,FIXTURE
31-1132,18,924,FIXTURE
31-1132,19,435,FIXTURE
31-1132,20,400,FIXTURE
31-1132,21,614,FIXTURE
31-1132,22,635,FIXTURE
31-1132,23,186,FIXTURE
31-1132,24,842,FIXTURE
31-1132,25,958,FIXTURE
31-1132,26,1373,FIXTURE
31-1132,27,777,FIXTURE
31-1132,28,403,FIXTURE
31-1132,29,839,FIXTURE
31-1132,30,148,FIXTURE
31-1132,31,267,FIXTURE
31-1132,32,423,FIXTURE
31-1132,33,188,FIXTURE
31-1132,34,1266,FIXTURE
31-1132,35,288,FIXTURE
31-1132,36,2752,FIXTURE
31-1132,37,1422,FIXTURE
31-1132,38,106,FIXTURE
31-1132,39,1608,FIXTURE
31-1132,40,539,FIXTURE
31-1132,41,577,FIXTURE
31-1132,42,1772,FIXTURE
31-1132,44,149,FIXTURE
31-1132,45,697,FIXTURE
31-1132,46,121,FIXTURE
31-1132,47,942,FIXTURE
31-1132,48,3971,FIXTURE
31-1132,49,446,FIXTURE
31-1132,50,88,FIXTURE
31-1132,51,1176,FIXTURE
31-1132,53,1050,FIXTURE
31-1132,54,244,FIXTURE
31-1132,55,803,FIXTURE
31-1132,56,79,FIXTURE
31-1133,01,593,FIXTURE
31-1133,02,87,FIXTURE
31-1133,04,844,FIXTURE
31-1133,05,356,FIXTURE
31-1133,06,4669,FIXTURE
31-1133,08,682,FIXTURE
31-1133,09,426,FIXTURE
31-1133,10,117,FIXTURE
31-1133,11,81,FIXTURE
31-1133,12,2543,FIXTURE
31-1133,13,1265,FIXTURE
31-1133,15,172,FIXTURE
31-1133,16,217,FIXTURE
31-1133,17,1513,FIXTURE
31-1133,18,801,FIXTURE
31-1133,19,377,FIXTURE
31-1133,20,347,FIXTURE
31-1133,21,532,FIXTURE
31-1133,22,550,FIXTURE
31-1133,23,161,FIXTURE
31-1133,24,729,FIXTURE
31-1133,25,830,FIXTURE
31-1133,26,1190,FIXTURE
31-1133,27,674,FIXTURE
31-1133,28,350,FIXTURE
31-1133,29,727,FIXTURE
31-1133,30,128,FIXTURE
31-1133,31,232,FIXTURE
31-1133,32,367,FIXTURE
31-1133,33,163,FIXTURE
31-1133,34,1097,FIXTURE
31-1133,35,250,FIXTURE
31-1133,36,2385,FIXTURE
31-1133,37,1233,FIXTURE
31-1133,38,92,FIXTURE
31-1133,39,1393,FIXTURE
31-1133,40,468,FIXTURE
31-1133,41,500,FIXTURE
31-1133,42,1535,FIXTURE
31-1133,44,130,FIXTURE
31-1133,45,604,FIXTURE
31-1133,46,105,FIXTURE
31-1133,47,816,FIXTURE
31-1133,48,3442,FIXTURE
31-1133,49,386,FIXTURE
31-1133,50,76,FIXTURE
31-1133,51,1019,FIXTURE
31-1133,53,910,FIXTURE
31-1133,54,212,FIXTURE
31-1133,55,696,FIXTURE
31-1133,56,68,FIXTURE
31-2011,01,636,FIXTURE
31-2011,02,93,FIXTURE
31-2011,04,906,FIXTURE
31-2011,05,381,FIXTURE
31-2011,06,5008,FIXTURE
31-2011,08,731,FIXTURE
31-2011,09,457,FIXTURE
31-2011,10,125,FIXTURE
31-2011,11,87,FIXTURE
31-2011,12,2728,FIXTURE
31-2011,13,1357,FIXTURE
31-2011,15,184,FIXTURE
31-2011,16,233,FIXTURE
31-2011,17,1623,FIXTURE
31-2011,18,859,FIXTURE
31-2011,19,404,FIXTURE
31-2011,20,372,FIXTURE
31-2011,21,571,FIXTURE
31-2011,22,590,FIXTURE
31-2011,23,173,FIXTURE
31-2011,24,782,FIXTURE
31-2011,25,890,FIXTURE
31-2011,26,1276,FIXTURE
31-2011,27,723,FIXTURE
31-2011,28,375,FIXTURE
31-2011,29,780,FIXTURE
31-2011,30,137,FIXTURE
31-2011,31,248,FIXTURE
31-2011,32,393,FIXTURE
31-2011,33,175,FIXTURE
31-2011,34,1177,FIXTURE
31-2011,35,268,FIXTURE
31-2011,36,2559,FIXTURE
31-2011,37,1322,FIXTURE
31-2011,38,99,FIXTURE
31-2011,39,1495,FIXTURE
31-2011,40,502,FIXTURE
31-2011,41,537,FIXTURE
31-2011,42,1647,FIXTURE
31-2011,44,139,FIXTURE
31-2011,45,648,FIXTURE
31-2011,46,112,FIXTURE
31-2011,47,875,FIXTURE
31-2011,48,3692,FIXTURE
31-2011,49,414,FIXTURE
31-2011,50,81,FIXTURE
31-2011,51,1093,FIXTURE
31-2011,53,976,FIXTURE
31-2011,54,227,FIXTURE
31-2011,55,747,FIXTURE
31-2011,56,73,FIXTURE
31-2012,01,51,FIXTURE
31-2012,02,7,FIXTURE
31-2012,04,73,FIXTURE
31-2012,05,31,FIXTURE
31-2012,06,402,FIXTURE
31-2012,08,59,FIXTURE
31-2012,09,37,FIXTURE
31-2012,10,10,FIXTURE
31-2012,11,7,FIXTURE
31-2012,12,219,FIXTURE
31-2012,13,109,FIXTURE
31-2012,15,15,FIXTURE
31-2012,16,19,FIXTURE
31-2012,17,130,FIXTURE
31-2012,18,69,FIXTURE
31-2012,19,32,FIXTURE
31-2012,20,30,FIXTURE
31-2012,21,46,FIXTURE
31-2012,22,47,FIXTURE
31-2012,23,14,FIXTURE
31-2012,24,63,FIXTURE
31-2012,25,72,FIXTURE
31-2012,26,102,FIXTURE
31-2012,27,58,FIXTURE
31-2012,28,30,FIXTURE
31-2012,29,63,FIXTURE
31-2012,30,11,FIXTURE
31-2012,31,20,FIXTURE
31-2012,32,32,FIXTURE
31-2012,33,14,FIXTURE
31-2012,34,94,FIXTURE
31-2012,35,22,FIXTURE
31-2012,36,205,FIXTURE
31-2012,37,106,FIXTURE
31-2012,38,8,FIXTURE
31-2012,39,120,FIXTURE
31-2012,40,40,FIXTURE
31-2012,41,43,FIXTURE
31-2012,42,132,FIXTURE
31-2012,44,11,FIXTURE
31-2012,45,52,FIXTURE
31-2012,46,9,FIXTURE
31-2012,47,70,FIXTURE
31-2012,48,296,FIXTURE
31-2012,49,33,FIXTURE
31-2012,50,7,FIXTURE
31-2012,51,88,FIXTURE
31-2012,53,78,FIXTURE
31-2012,54,18,FIXTURE
31-2012,55,60,FIXTURE
31-2012,56,6,FIXTURE
31-2021,01,1420,FIXTURE
31-2021,02,207,FIXTURE
31-2021,04,2021,FIXTURE
31-2021,05,851,FIXTURE
31-2021,06,11173,FIXTURE
31-2021,08,1632,FIXTURE
31-2021,09,1019,FIXTURE
31-2021,10,280,FIXTURE
31-2021,11,195,FIXTURE
31-2021,12,6086,FIXTURE
31-2021,13,3027,FIXTURE
31-2021,15,411,FIXTURE
31-2021,16,520,FIXTURE
31-2021,17,3621,FIXTURE
31-2021,18,1917,FIXTURE
31-2021,19,902,FIXTURE
31-2021,20,830,FIXTURE
31-2021,21,1273,FIXTURE
31-2021,22,1316,FIXTURE
31-2021,23,385,FIXTURE
31-2021,24,1746,FIXTURE
31-2021,25,1987,FIXTURE
31-2021,26,2848,FIXTURE
31-2021,27,1613,FIXTURE
31-2021,28,837,FIXTURE
31-2021,29,1739,FIXTURE
31-2021,30,306,FIXTURE
31-2021,31,554,FIXTURE
31-2021,32,877,FIXTURE
31-2021,33,389,FIXTURE
31-2021,34,2625,FIXTURE
31-2021,35,598,FIXTURE
31-2021,36,5708,FIXTURE
31-2021,37,2950,FIXTURE
31-2021,38,220,FIXTURE
31-2021,39,3334,FIXTURE
31-2021,40,1119,FIXTURE
31-2021,41,1197,FIXTURE
31-2021,42,3674,FIXTURE
31-2021,44,310,FIXTURE
31-2021,45,1446,FIXTURE
31-2021,46,251,FIXTURE
31-2021,47,1953,FIXTURE
31-2021,48,8236,FIXTURE
31-2021,49,924,FIXTURE
31-2021,50,182,FIXTURE
31-2021,51,2439,FIXTURE
31-2021,53,2177,FIXTURE
31-2021,54,507,FIXTURE
31-2021,55,1665,FIXTURE
31-2021,56,163,FIXTURE
31-2022,01,642,FIXTURE
31-2022,02,94,FIXTURE
31-2022,04,915,FIXTURE
31-2022,05,385,FIXTURE
31-2022,06,5057,FIXTURE
31-2022,08,738,FIXTURE
31-2022,09,461,FIXTURE
31-2022,10,127,FIXTURE
31-2022,11,88,FIXTURE
31-2022,12,2755,FIXTURE
31-2022,13,1370,FIXTURE
31-2022,15,186,FIXTURE
31-2022,16,235,FIXTURE
31-2022,17,1639,FIXTURE
31-2022,18,868,FIXTURE
31-2022,19,408,FIXTURE
31-2022,20,376,FIXTURE
31-2022,21,576,FIXTURE
31-2022,22,596,FIXTURE
31-2022,23,174,FIXTURE
31-2022,24,790,FIXTURE
31-2022,25,899,FIXTURE
31-2022,26,1289,FIXTURE
31-2022,27,730,FIXTURE
31-2022,28,379,FIXTURE
31-2022,29,787,FIXTURE
31-2022,30,139,FIXTURE
31-2022,31,251,FIXTURE
31-2022,32,397,FIXTURE
31-2022,33,176,FIXTURE
31-2022,34,1188,FIXTURE
31-2022,35,271,FIXTURE
31-2022,36,2584,FIXTURE
31-2022,37,1335,FIXTURE
31-2022,38,100,FIXTURE
31-2022,39,1509,FIXTURE
31-2022,40,506,FIXTURE
31-2022,41,542,FIXTURE
31-2022,42,1663,FIXTURE
31-2022,44,140,FIXTURE
31-2022,45,655,FIXTURE
31-2022,46,113,FIXTURE
31-2022,47,884,FIXTURE
31-2022,48,3727,FIXTURE
31-2022,49,418,FIXTURE
31-2022,50,82,FIXTURE
31-2022,51,1104,FIXTURE
31-2022,53,985,FIXTURE
31-2022,54,229,FIXTURE
31-2022,55,754,FIXTURE
31-2022,56,74,FIXTURE
31-9011,01,1228,FIXTURE
31-9011,02,179,FIXTURE
31-9011,04,1748,FIXTURE
31-9011,05,736,FIXTURE
31-9011,06,9666,FIXTURE
31-9011,08,1411,FIXTURE
31-9011,09,882,FIXTURE
31-9011,10,242,FIXTURE
31-9011,11,169,FIXTURE
31-9011,12,5265,FIXTURE
31-9011,13,2619,FIXTURE
31-9011,15,356,FIXTURE
31-9011,16,450,FIXTURE
31-9011,17,3132,FIXTURE
31-9011,18,1659,FIXTURE
31-9011,19,780,FIXTURE
31-9011,20,718,FIXTURE
31-9011,21,1102,FIXTURE
31-9011,22,1139,FIXTURE
31-9011,23,333,FIXTURE
31-9011,24,1510,FIXTURE
31-9011,25,1719,FIXTURE
31-9011,26,2464,FIXTURE
31-9011,27,1395,FIXTURE
31-9011,28,724,FIXTURE
31-9011,29,1505,FIXTURE
31-9011,30,265,FIXTURE
31-9011,31,479,FIXTURE
31-9011,32,759,FIXTURE
31-9011,33,337,FIXTURE
31-9011,34,2271,FIXTURE
31-9011,35,518,FIXTURE
31-9011,36,4939,FIXTURE
31-9011,37,2552,FIXTURE
31-9011,38,190,FIXTURE
31-9011,39,2885,FIXTURE
31-9011,40,968,FIXTURE
31-9011,41,1036,FIXTURE
31-9011,42,3179,FIXTURE
31-9011,44,268,FIXTURE
31-9011,45,1251,FIXTURE
31-9011,46,217,FIXTURE
31-9011,47,1689,FIXTURE
31-9011,48,7125,FIXTURE
31-9011,49,800,FIXTURE
31-9011,50,157,FIXTURE
31-9011,51,2110,FIXTURE
31-9011,53,1884,FIXTURE
31-9011,54,438,FIXTURE
31-9011,55,1441,FIXTURE
31-9011,56,141,FIXTURE
31-9091,01,5263,FIXTURE
31-9091,02,768,FIXTURE
31-9091,04,7491,FIXTURE
31-9091,05,3154,FIXTURE
31-9091,06,41413,FIXTURE
31-9091,08,6048,FIXTURE
31-9091,09,3777,FIXTURE
31-9091,10,1037,FIXTURE
31-9091,11,722,FIXTURE
31-9091,12,22560,FIXTURE
31-9091,13,11220,FIXTURE
31-9091,15,1524,FIXTURE
31-9091,16,1926,FIXTURE
31-9091,17,13420,FIXTURE
31-9091,18,7107,FIXTURE
31-9091,19,3342,FIXTURE
31-9091,20,3077,FIXTURE
31-9091,21,4720,FIXTURE
31-9091,22,4879,FIXTURE
31-9091,23,1427,FIXTURE
31-9091,24,6470,FIXTURE
31-9091,25,7363,FIXTURE
31-9091,26,10555,FIXTURE
31-9091,27,5977,FIXTURE
31-9091,28,3102,FIXTURE
31-9091,29,6447,FIXTURE
31-9091,30,1136,FIXTURE
31-9091,31,2055,FIXTURE
31-9091,32,3252,FIXTURE
31-9091,33,1443,FIXTURE
31-9091,34,9730,FIXTURE
31-9091,35,2218,FIXTURE
31-9091,36,21159,FIXTURE
31-9091,37,10934,FIXTURE
31-9091,38,816,FIXTURE
31-9091,39,12359,FIXTURE
31-9091,40,4147,FIXTURE
31-9091,41,4438,FIXTURE
31-9091,42,13619,FIXTURE
31-9091,44,1149,FIXTURE
31-9091,45,5361,FIXTURE
31-9091,46,929,FIXTURE
31-9091,47,7239,FIXTURE
31-9091,48,30528,FIXTURE
31-9091,49,3427,FIXTURE
31-9091,50,674,FIXTURE
31-9091,51,9041,FIXTURE
31-9091,53,8071,FIXTURE
31-9091,54,1879,FIXTURE
31-9091,55,6173,FIXTURE
31-9091,56,604,FIXTURE
31-9092,01,11032,FIXTURE
31-9092,02,1610,FIXTURE
31-9092,04,15702,FIXTURE
31-9092,05,6612,FIXTURE
31-9092,06,86814,FIXTURE
31-9092,08,12677,FIXTURE
31-9092,09,7918,FIXTURE
31-9092,10,2174,FIXTURE
31-9092,11,1514,FIXTURE
31-9092,12,47291,FIXTURE
31-9092,13,23520,FIXTURE
31-9092,15,3195,FIXTURE
31-9092,16,4038,FIXTURE
31-9092,17,28132,FIXTURE
31-9092,18,14899,FIXTURE
31-9092,19,7005,FIXTURE
31-9092,20,6451,FIXTURE
31-9092,21,9893,FIXTURE
31-9092,22,10227,FIXTURE
31-9092,23,2991,FIXTURE
31-9092,24,13563,FIXTURE
31-9092,25,15436,FIXTURE
31-9092,26,22127,FIXTURE
31-9092,27,12530,FIXTURE
31-9092,28,6502,FIXTURE
31-9092,29,13514,FIXTURE
31-9092,30,2381,FIXTURE
31-9092,31,4307,FIXTURE
31-9092,32,6817,FIXTURE
31-9092,33,3025,FIXTURE
31-9092,34,20396,FIXTURE
31-9092,35,4649,FIXTURE
31-9092,36,44356,FIXTURE
31-9092,37,22922,FIXTURE
31-9092,38,1711,FIXTURE
31-9092,39,25908,FIXTURE
31-9092,40,8694,FIXTURE
31-9092,41,9304,FIXTURE
31-9092,42,28550,FIXTURE
31-9092,44,2409,FIXTURE
31-9092,45,11238,FIXTURE
31-9092,46,1947,FIXTURE
31-9092,47,15174,FIXTURE
31-9092,48,63994,FIXTURE
31-9092,49,7183,FIXTURE
31-9092,50,1412,FIXTURE
31-9092,51,18952,FIXTURE
31-9092,53,16918,FIXTURE
31-9092,54,3938,FIXTURE
31-9092,55,12941,FIXTURE
31-9092,56,1267,FIXTURE
31-9093,01,927,FIXTURE
31-9093,02,135,FIXTURE
31-9093,04,1320,FIXTURE
31-9093,05,556,FIXTURE
31-9093,06,7297,FIXTURE
31-9093,08,1065,FIXTURE
31-9093,09,665,FIXTURE
31-9093,10,183,FIXTURE
31-9093,11,127,FIXTURE
31-9093,12,3975,FIXTURE
31-9093,13,1977,FIXTURE
31-9093,15,269,FIXTURE
31-9093,16,339,FIXTURE
31-9093,17,2365,FIXTURE
31-9093,18,1252,FIXTURE
31-9093,19,589,FIXTURE
31-9093,20,542,FIXTURE
31-9093,21,832,FIXTURE
31-9093,22,860,FIXTURE
31-9093,23,251,FIXTURE
31-9093,24,1140,FIXTURE
31-9093,25,1297,FIXTURE
31-9093,26,1860,FIXTURE
31-9093,27,1053,FIXTURE
31-9093,28,546,FIXTURE
31-9093,29,1136,FIXTURE
31-9093,30,200,FIXTURE
31-9093,31,362,FIXTURE
31-9093,32,573,FIXTURE
31-9093,33,254,FIXTURE
31-9093,34,1714,FIXTURE
31-9093,35,391,FIXTURE
31-9093,36,3728,FIXTURE
31-9093,37,1927,FIXTURE
31-9093,38,144,FIXTURE
31-9093,39,2178,FIXTURE
31-9093,40,731,FIXTURE
31-9093,41,782,FIXTURE
31-9093,42,2400,FIXTURE
31-9093,44,202,FIXTURE
31-9093,45,945,FIXTURE
31-9093,46,164,FIXTURE
31-9093,47,1275,FIXTURE
31-9093,48,5379,FIXTURE
31-9093,49,604,FIXTURE
31-9093,50,119,FIXTURE
31-9093,51,1593,FIXTURE
31-9093,53,1422,FIXTURE
31-9093,54,331,FIXTURE
31-9093,55,1088,FIXTURE
31-9093,56,106,FIXTURE
31-9094,01,846,FIXTURE
31-9094,02,124,FIXTURE
31-9094,04,1205,FIXTURE
31-9094,05,507,FIXTURE
31-9094,06,6660,FIXTURE
31-9094,08,973,FIXTURE
31-9094,09,607,FIXTURE
31-9094,10,167,FIXTURE
31-9094,11,116,FIXTURE
31-9094,12,3628,FIXTURE
31-9094,13,1804,FIXTURE
31-9094,15,245,FIXTURE
31-9094,16,310,FIXTURE
31-9094,17,2158,FIXTURE
31-9094,18,1143,FIXTURE
31-9094,19,537,FIXTURE
31-9094,20,495,FIXTURE
31-9094,21,759,FIXTURE
31-9094,22,785,FIXTURE
31-9094,23,229,FIXTURE
31-9094,24,1041,FIXTURE
31-9094,25,1184,FIXTURE
31-9094,26,1697,FIXTURE
31-9094,27,961,FIXTURE
31-9094,28,499,FIXTURE
31-9094,29,1037,FIXTURE
31-9094,30,183,FIXTURE
31-9094,31,330,FIXTURE
31-9094,32,523,FIXTURE
31-9094,33,232,FIXTURE
31-9094,34,1565,FIXTURE
31-9094,35,357,FIXTURE
31-9094,36,3403,FIXTURE
31-9094,37,1758,FIXTURE
31-9094,38,131,FIXTURE
31-9094,39,1988,FIXTURE
31-9094,40,667,FIXTURE
31-9094,41,714,FIXTURE
31-9094,42,2190,FIXTURE
31-9094,44,185,FIXTURE
31-9094,45,862,FIXTURE
31-9094,46,149,FIXTURE
31-9094,47,1164,FIXTURE
31-9094,48,4909,FIXTURE
31-9094,49,551,FIXTURE
31-9094,50,108,FIXTURE
31-9094,51,1454,FIXTURE
31-9094,53,1298,FIXTURE
31-9094,54,302,FIXTURE
31-9094,55,993,FIXTURE
31-9094,56,97,FIXTURE
31-9095,01,660,FIXTURE
31-9095,02,96,FIXTURE
31-9095,04,940,FIXTURE
31-9095,05,396,FIXTURE
31-9095,06,5196,FIXTURE
31-9095,08,759,FIXTURE
31-9095,09,474,FIXTURE
31-9095,10,130,FIXTURE
31-9095,11,91,FIXTURE
31-9095,12,2831,FIXTURE
31-9095,13,1408,FIXTURE
31-9095,15,191,FIXTURE
31-9095,16,242,FIXTURE
31-9095,17,1684,FIXTURE
31-9095,18,892,FIXTURE
31-9095,19,419,FIXTURE
31-9095,20,386,FIXTURE
31-9095,21,592,FIXTURE
31-9095,22,612,FIXTURE
31-9095,23,179,FIXTURE
31-9095,24,812,FIXTURE
31-9095,25,924,FIXTURE
31-9095,26,1324,FIXTURE
31-9095,27,750,FIXTURE
31-9095,28,389,FIXTURE
31-9095,29,809,FIXTURE
31-9095,30,142,FIXTURE
31-9095,31,258,FIXTURE
31-9095,32,408,FIXTURE
31-9095,33,181,FIXTURE
31-9095,34,1221,FIXTURE
31-9095,35,278,FIXTURE
31-9095,36,2655,FIXTURE
31-9095,37,1372,FIXTURE
31-9095,38,102,FIXTURE
31-9095,39,1551,FIXTURE
31-9095,40,520,FIXTURE
31-9095,41,557,FIXTURE
31-9095,42,1709,FIXTURE
31-9095,44,144,FIXTURE
31-9095,45,673,FIXTURE
31-9095,46,117,FIXTURE
31-9095,47,908,FIXTURE
31-9095,48,3830,FIXTURE
31-9095,49,430,FIXTURE
31-9095,50,84,FIXTURE
31-9095,51,1134,FIXTURE
31-9095,53,1013,FIXTURE
31-9095,54,236,FIXTURE
31-9095,55,775,FIXTURE
31-9095,56,76,FIXTURE
31-9096,01,1500,FIXTURE
31-9096,02,219,FIXTURE
31-9096,04,2135,FIXTURE
31-9096,05,899,FIXTURE
31-9096,06,11806,FIXTURE
31-9096,08,1724,FIXTURE
31-9096,09,1077,FIXTURE
31-9096,10,296,FIXTURE
31-9096,11,206,FIXTURE
31-9096,12,6431,FIXTURE
31-9096,13,3199,FIXTURE
31-9096,15,434,FIXTURE
31-9096,16,549,FIXTURE
31-9096,17,3826,FIXTURE
31-9096,18,2026,FIXTURE
31-9096,19,953,FIXTURE
31-9096,20,877,FIXTURE
31-9096,21,1345,FIXTURE
31-9096,22,1391,FIXTURE
31-9096,23,407,FIXTURE
31-9096,24,1844,FIXTURE
31-9096,25,2099,FIXTURE
31-9096,26,3009,FIXTURE
31-9096,27,1704,FIXTURE
31-9096,28,884,FIXTURE
31-9096,29,1838,FIXTURE
31-9096,30,324,FIXTURE
31-9096,31,586,FIXTURE
31-9096,32,927,FIXTURE
31-9096,33,411,FIXTURE
31-9096,34,2774,FIXTURE
31-9096,35,632,FIXTURE
31-9096,36,6032,FIXTURE
31-9096,37,3117,FIXTURE
31-9096,38,233,FIXTURE
31-9096,39,3523,FIXTURE
31-9096,40,1182,FIXTURE
31-9096,41,1265,FIXTURE
31-9096,42,3883,FIXTURE
31-9096,44,328,FIXTURE
31-9096,45,1528,FIXTURE
31-9096,46,265,FIXTURE
31-9096,47,2064,FIXTURE
31-9096,48,8703,FIXTURE
31-9096,49,977,FIXTURE
31-9096,50,192,FIXTURE
31-9096,51,2577,FIXTURE
31-9096,53,2301,FIXTURE
31-9096,54,536,FIXTURE
31-9096,55,1760,FIXTURE
31-9096,56,172,FIXTURE
31-9097,01,2012,FIXTURE
31-9097,02,294,FIXTURE
31-9097,04,2864,FIXTURE
31-9097,05,1206,FIXTURE
31-9097,06,15836,FIXTURE
31-9097,08,2312,FIXTURE
31-9097,09,1444,FIXTURE
31-9097,10,396,FIXTURE
31-9097,11,276,FIXTURE
31-9097,12,8626,FIXTURE
31-9097,13,4290,FIXTURE
31-9097,15,583,FIXTURE
31-9097,16,737,FIXTURE
31-9097,17,5132,FIXTURE
31-9097,18,2718,FIXTURE
31-9097,19,1278,FIXTURE
31-9097,20,1177,FIXTURE
31-9097,21,1805,FIXTURE
31-9097,22,1865,FIXTURE
31-9097,23,546,FIXTURE
31-9097,24,2474,FIXTURE
31-9097,25,2816,FIXTURE
31-9097,26,4036,FIXTURE
31-9097,27,2286,FIXTURE
31-9097,28,1186,FIXTURE
31-9097,29,2465,FIXTURE
31-9097,30,434,FIXTURE
31-9097,31,786,FIXTURE
31-9097,32,1243,FIXTURE
31-9097,33,552,FIXTURE
31-9097,34,3720,FIXTURE
31-9097,35,848,FIXTURE
31-9097,36,8091,FIXTURE
31-9097,37,4181,FIXTURE
31-9097,38,312,FIXTURE
31-9097,39,4726,FIXTURE
31-9097,40,1586,FIXTURE
31-9097,41,1697,FIXTURE
31-9097,42,5208,FIXTURE
31-9097,44,440,FIXTURE
31-9097,45,2050,FIXTURE
31-9097,46,355,FIXTURE
31-9097,47,2768,FIXTURE
31-9097,48,11673,FIXTURE
31-9097,49,1310,FIXTURE
31-9097,50,258,FIXTURE
31-9097,51,3457,FIXTURE
31-9097,53,3086,FIXTURE
31-9097,54,718,FIXTURE
31-9097,55,2360,FIXTURE
31-9097,56,231,FIXTURE
31-9099,01,1643,FIXTURE
31-9099,02,240,FIXTURE
31-9099,04,2339,FIXTURE
31-9099,05,985,FIXTURE
31-9099,06,12932,FIXTURE
31-9099,08,1888,FIXTURE
31-9099,09,1179,FIXTURE
31-9099,10,324,FIXTURE
31-9099,11,226,FIXTURE
31-9099,12,7045,FIXTURE
31-9099,13,3504,FIXTURE
31-9099,15,476,FIXTURE
31-9099,16,602,FIXTURE
31-9099,17,4191,FIXTURE
31-9099,18,2219,FIXTURE
31-9099,19,1044,FIXTURE
31-9099,20,961,FIXTURE
31-9099,21,1474,FIXTURE
31-9099,22,1523,FIXTURE
31-9099,23,446,FIXTURE
31-9099,24,2020,FIXTURE
31-9099,25,2299,FIXTURE
31-9099,26,3296,FIXTURE
31-9099,27,1866,FIXTURE
31-9099,28,969,FIXTURE
31-9099,29,2013,FIXTURE
31-9099,30,355,FIXTURE
31-9099,31,642,FIXTURE
31-9099,32,1015,FIXTURE
31-9099,33,451,FIXTURE
31-9099,34,3038,FIXTURE
31-9099,35,693,FIXTURE
31-9099,36,6607,FIXTURE
31-9099,37,3414,FIXTURE
31-9099,38,255,FIXTURE
31-9099,39,3859,FIXTURE
31-9099,40,1295,FIXTURE
31-9099,41,1386,FIXTURE
31-9099,42,4253,FIXTURE
31-9099,44,359,FIXTURE
31-9099,45,1674,FIXTURE
31-9099,46,290,FIXTURE
31-9099,47,2260,FIXTURE
31-9099,48,9533,FIXTURE
31-9099,49,1070,FIXTURE
31-9099,50,210,FIXTURE
31-9099,51,2823,FIXTURE
31-9099,53,2520,FIXTURE
31-9099,54,587,FIXTURE
31-9099,55,1928,FIXTURE
31-9099,56,189,FIXTURE
33-1011,01,826,FIXTURE
33-1011,02,120,FIXTURE
33-1011,04,1175,FIXTURE
33-1011,05,495,FIXTURE
33-1011,06,6498,FIXTURE
33-1011,08,949,FIXTURE
33-1011,09,593,FIXTURE
33-1011,10,163,FIXTURE
33-1011,11,113,FIXTURE
33-1011,12,3540,FIXTURE
33-1011,13,1760,FIXTURE
33-1011,15,239,FIXTURE
33-1011,16,302,FIXTURE
33-1011,17,2106,FIXTURE
33-1011,18,1115,FIXTURE
33-1011,19,524,FIXTURE
33-1011,20,483,FIXTURE
33-1011,21,740,FIXTURE
33-1011,22,765,FIXTURE
33-1011,23,224,FIXTURE
33-1011,24,1015,FIXTURE
33-1011,25,1155,FIXTURE
33-1011,26,1656,FIXTURE
33-1011,27,938,FIXTURE
33-1011,28,487,FIXTURE
33-1011,29,1011,FIXTURE
33-1011,30,178,FIXTURE
33-1011,31,322,FIXTURE
33-1011,32,510,FIXTURE
33-1011,33,226,FIXTURE
33-1011,34,1527,FIXTURE
33-1011,35,348,FIXTURE
33-1011,36,3320,FIXTURE
33-1011,37,1716,FIXTURE
33-1011,38,128,FIXTURE
33-1011,39,1939,FIXTURE
33-1011,40,651,FIXTURE
33-1011,41,696,FIXTURE
33-1011,42,2137,FIXTURE
33-1011,44,180,FIXTURE
33-1011,45,841,FIXTURE
33-1011,46,146,FIXTURE
33-1011,47,1136,FIXTURE
33-1011,48,4790,FIXTURE
33-1011,49,538,FIXTURE
33-1011,50,106,FIXTURE
33-1011,51,1418,FIXTURE
33-1011,53,1266,FIXTURE
33-1011,54,295,FIXTURE
33-1011,55,969,FIXTURE
33-1011,56,95,FIXTURE
33-1012,01,1944,FIXTURE
33-1012,02,284,FIXTURE
33-1012,04,2767,FIXTURE
33-1012,05,1165,FIXTURE
33-1012,06,15296,FIXTURE
33-1012,08,2234,FIXTURE
33-1012,09,1395,FIXTURE
33-1012,10,383,FIXTURE
33-1012,11,267,FIXTURE
33-1012,12,8333,FIXTURE
33-1012,13,4144,FIXTURE
33-1012,15,563,FIXTURE
33-1012,16,711,FIXTURE
33-1012,17,4957,FIXTURE
33-1012,18,2625,FIXTURE
33-1012,19,1234,FIXTURE
33-1012,20,1137,FIXTURE
33-1012,21,1743,FIXTURE
33-1012,22,1802,FIXTURE
33-1012,23,527,FIXTURE
33-1012,24,2390,FIXTURE
33-1012,25,2720,FIXTURE
33-1012,26,3899,FIXTURE
33-1012,27,2208,FIXTURE
33-1012,28,1146,FIXTURE
33-1012,29,2381,FIXTURE
33-1012,30,419,FIXTURE
33-1012,31,759,FIXTURE
33-1012,32,1201,FIXTURE
33-1012,33,533,FIXTURE
33-1012,34,3594,FIXTURE
33-1012,35,819,FIXTURE
33-1012,36,7815,FIXTURE
33-1012,37,4039,FIXTURE
33-1012,38,301,FIXTURE
33-1012,39,4565,FIXTURE
33-1012,40,1532,FIXTURE
33-1012,41,1639,FIXTURE
33-1012,42,5030,FIXTURE
33-1012,44,424,FIXTURE
33-1012,45,1980,FIXTURE
33-1012,46,343,FIXTURE
33-1012,47,2674,FIXTURE
33-1012,48,11276,FIXTURE
33-1012,49,1266,FIXTURE
33-1012,50,249,FIXTURE
33-1012,51,3339,FIXTURE
33-1012,53,2981,FIXTURE
33-1012,54,694,FIXTURE
33-1012,55,2280,FIXTURE
33-1012,56,223,FIXTURE
33-1021,01,1226,FIXTURE
33-1021,02,179,FIXTURE
33-1021,04,1745,FIXTURE
33-1021,05,735,FIXTURE
33-1021,06,9649,FIXTURE
33-1021,08,1409,FIXTURE
33-1021,09,880,FIXTURE
33-1021,10,242,FIXTURE
33-1021,11,168,FIXTURE
33-1021,12,5256,FIXTURE
33-1021,13,2614,FIXTURE
33-1021,15,355,FIXTURE
33-1021,16,449,FIXTURE
33-1021,17,3127,FIXTURE
33-1021,18,1656,FIXTURE
33-1021,19,779,FIXTURE
33-1021,20,717,FIXTURE
33-1021,21,1100,FIXTURE
33-1021,22,1137,FIXTURE
33-1021,23,332,FIXTURE
33-1021,24,1508,FIXTURE
33-1021,25,1716,FIXTURE
33-1021,26,2459,FIXTURE
33-1021,27,1393,FIXTURE
33-1021,28,723,FIXTURE
33-1021,29,1502,FIXTURE
33-1021,30,265,FIXTURE
33-1021,31,479,FIXTURE
33-1021,32,758,FIXTURE
33-1021,33,336,FIXTURE
33-1021,34,2267,FIXTURE
33-1021,35,517,FIXTURE
33-1021,36,4930,FIXTURE
33-1021,37,2548,FIXTURE
33-1021,38,190,FIXTURE
33-1021,39,2880,FIXTURE
33-1021,40,966,FIXTURE
33-1021,41,1034,FIXTURE
33-1021,42,3173,FIXTURE
33-1021,44,268,FIXTURE
33-1021,45,1249,FIXTURE
33-1021,46,216,FIXTURE
33-1021,47,1687,FIXTURE
33-1021,48,7113,FIXTURE
33-1021,49,798,FIXTURE
33-1021,50,157,FIXTURE
33-1021,51,2106,FIXTURE
33-1021,53,1880,FIXTURE
33-1021,54,438,FIXTURE
33-1021,55,1438,FIXTURE
33-1021,56,141,FIXTURE
33-1091,01,841,FIXTURE
33-1091,02,123,FIXTURE
33-1091,04,1196,FIXTURE
33-1091,05,504,FIXTURE
33-1091,06,6615,FIXTURE
33-1091,08,966,FIXTURE
33-1091,09,603,FIXTURE
33-1091,10,166,FIXTURE
33-1091,11,115,FIXTURE
33-1091,12,3603,FIXTURE
33-1091,13,1792,FIXTURE
33-1091,15,243,FIXTURE
33-1091,16,308,FIXTURE
33-1091,17,2144,FIXTURE
33-1091,18,1135,FIXTURE
33-1091,19,534,FIXTURE
33-1091,20,492,FIXTURE
33-1091,21,754,FIXTURE
33-1091,22,779,FIXTURE
33-1091,23,228,FIXTURE
33-1091,24,1033,FIXTURE
33-1091,25,1176,FIXTURE
33-1091,26,1686,FIXTURE
33-1091,27,955,FIXTURE
33-1091,28,495,FIXTURE
33-1091,29,1030,FIXTURE
33-1091,30,181,FIXTURE
33-1091,31,328,FIXTURE
33-1091,32,519,FIXTURE
33-1091,33,230,FIXTURE
33-1091,34,1554,FIXTURE
33-1091,35,354,FIXTURE
33-1091,36,3380,FIXTURE
33-1091,37,1747,FIXTURE
33-1091,38,130,FIXTURE
33-1091,39,1974,FIXTURE
33-1091,40,662,FIXTURE
33-1091,41,709,FIXTURE
33-1091,42,2175,FIXTURE
33-1091,44,184,FIXTURE
33-1091,45,856,FIXTURE
33-1091,46,148,FIXTURE
33-1091,47,1156,FIXTURE
33-1091,48,4876,FIXTURE
33-1091,49,547,FIXTURE
33-1091,50,108,FIXTURE
33-1091,51,1444,FIXTURE
33-1091,53,1289,FIXTURE
33-1091,54,300,FIXTURE
33-1091,55,986,FIXTURE
33-1091,56,97,FIXTURE
33-1099,01,360,FIXTURE
33-1099,02,53,FIXTURE
33-1099,04,513,FIXTURE
33-1099,05,216,FIXTURE
33-1099,06,2837,FIXTURE
33-1099,08,414,FIXTURE
33-1099,09,259,FIXTURE
33-1099,10,71,FIXTURE
33-1099,11,49,FIXTURE
33-1099,12,1545,FIXTURE
33-1099,13,769,FIXTURE
33-1099,15,104,FIXTURE
33-1099,16,132,FIXTURE
33-1099,17,919,FIXTURE
33-1099,18,487,FIXTURE
33-1099,19,229,FIXTURE
33-1099,20,211,FIXTURE
33-1099,21,323,FIXTURE
33-1099,22,334,FIXTURE
33-1099,23,98,FIXTURE
33-1099,24,443,FIXTURE
33-1099,25,504,FIXTURE
33-1099,26,723,FIXTURE
33-1099,27,409,FIXTURE
33-1099,28,212,FIXTURE
33-1099,29,442,FIXTURE
33-1099,30,78,FIXTURE
33-1099,31,141,FIXTURE
33-1099,32,223,FIXTURE
33-1099,33,99,FIXTURE
33-1099,34,666,FIXTURE
33-1099,35,152,FIXTURE
33-1099,36,1449,FIXTURE
33-1099,37,749,FIXTURE
33-1099,38,56,FIXTURE
33-1099,39,847,FIXTURE
33-1099,40,284,FIXTURE
33-1099,41,304,FIXTURE
33-1099,42,933,FIXTURE
33-1099,44,79,FIXTURE
33-1099,45,367,FIXTURE
33-1099,46,64,FIXTURE
33-1099,47,496,FIXTURE
33-1099,48,2091,FIXTURE
33-1099,49,235,FIXTURE
33-1099,50,46,FIXTURE
33-1099,51,619,FIXTURE
33-1099,53,553,FIXTURE
33-1099,54,129,FIXTURE
33-1099,55,423,FIXTURE
33-1099,56,41,FIXTURE
33-2011,01,4810,FIXTURE
33-2011,02,702,FIXTURE
33-2011,04,6846,FIXTURE
33-2011,05,2883,FIXTURE
33-2011,06,37852,FIXTURE
33-2011,08,5527,FIXTURE
33-2011,09,3452,FIXTURE
33-2011,10,948,FIXTURE
33-2011,11,660,FIXTURE
33-2011,12,20619,FIXTURE
33-2011,13,10255,FIXTURE
33-2011,15,1393,FIXTURE
33-2011,16,1761,FIXTURE
33-2011,17,12266,FIXTURE
33-2011,18,6496,FIXTURE
33-2011,19,3054,FIXTURE
33-2011,20,2813,FIXTURE
33-2011,21,4314,FIXTURE
33-2011,22,4459,FIXTURE
33-2011,23,1304,FIXTURE
33-2011,24,5914,FIXTURE
33-2011,25,6730,FIXTURE
33-2011,26,9647,FIXTURE
33-2011,27,5463,FIXTURE
33-2011,28,2835,FIXTURE
33-2011,29,5892,FIXTURE
33-2011,30,1038,FIXTURE
33-2011,31,1878,FIXTURE
33-2011,32,2972,FIXTURE
33-2011,33,1319,FIXTURE
33-2011,34,8893,FIXTURE
33-2011,35,2027,FIXTURE
33-2011,36,19340,FIXTURE
33-2011,37,9994,FIXTURE
33-2011,38,746,FIXTURE
33-2011,39,11296,FIXTURE
33-2011,40,3790,FIXTURE
33-2011,41,4057,FIXTURE
33-2011,42,12448,FIXTURE
33-2011,44,1051,FIXTURE
33-2011,45,4900,FIXTURE
33-2011,46,849,FIXTURE
33-2011,47,6616,FIXTURE
33-2011,48,27902,FIXTURE
33-2011,49,3132,FIXTURE
33-2011,50,616,FIXTURE
33-2011,51,8263,FIXTURE
33-2011,53,7377,FIXTURE
33-2011,54,1717,FIXTURE
33-2011,55,5642,FIXTURE
33-2011,56,552,FIXTURE
33-2021,01,221,FIXTURE
33-2021,02,32,FIXTURE
33-2021,04,315,FIXTURE
33-2021,05,133,FIXTURE
33-2021,06,1742,FIXTURE
33-2021,08,254,FIXTURE
33-2021,09,159,FIXTURE
33-2021,10,44,FIXTURE
33-2021,11,30,FIXTURE
33-2021,12,949,FIXTURE
33-2021,13,472,FIXTURE
33-2021,15,64,FIXTURE
33-2021,16,81,FIXTURE
33-2021,17,564,FIXTURE
33-2021,18,299,FIXTURE
33-2021,19,141,FIXTURE
33-2021,20,129,FIXTURE
33-2021,21,199,FIXTURE
33-2021,22,205,FIXTURE
33-2021,23,60,FIXTURE
33-2021,24,272,FIXTURE
33-2021,25,310,FIXTURE
33-2021,26,444,FIXTURE
33-2021,27,251,FIXTURE
33-2021,28,131,FIXTURE
33-2021,29,271,FIXTURE
33-2021,30,48,FIXTURE
33-2021,31,86,FIXTURE
33-2021,32,137,FIXTURE
33-2021,33,61,FIXTURE
33-2021,34,409,FIXTURE
33-2021,35,93,FIXTURE
33-2021,36,890,FIXTURE
33-2021,37,460,FIXTURE
33-2021,38,34,FIXTURE
33-2021,39,520,FIXTURE
33-2021,40,174,FIXTURE
33-2021,41,187,FIXTURE
33-2021,42,573,FIXTURE
33-2021,44,48,FIXTURE
33-2021,45,226,FIXTURE
33-2021,46,39,FIXTURE
33-2021,47,304,FIXTURE
33-2021,48,1284,FIXTURE
33-2021,49,144,FIXTURE
33-2021,50,28,FIXTURE
33-2021,51,380,FIXTURE
33-2021,53,339,FIXTURE
33-2021,54,79,FIXTURE
33-2021,55,260,FIXTURE
33-2021,56,25,FIXTURE
33-2022,01,42,FIXTURE
33-2022,02,6,FIXTURE
33-2022,04,60,FIXTURE
33-2022,05,25,FIXTURE
33-2022,06,330,FIXTURE
33-2022,08,48,FIXTURE
33-2022,09,30,FIXTURE
33-2022,10,8,FIXTURE
33-2022,11,6,FIXTURE
33-2022,12,180,FIXTURE
33-2022,13,90,FIXTURE
33-2022,15,12,FIXTURE
33-2022,16,15,FIXTURE
33-2022,17,107,FIXTURE
33-2022,18,57,FIXTURE
33-2022,19,27,FIXTURE
33-2022,20,25,FIXTURE
33-2022,21,38,FIXTURE
33-2022,22,39,FIXTURE
33-2022,23,11,FIXTURE
33-2022,24,52,FIXTURE
33-2022,25,59,FIXTURE
33-2022,26,84,FIXTURE
33-2022,27,48,FIXTURE
33-2022,28,25,FIXTURE
33-2022,29,51,FIXTURE
33-2022,30,9,FIXTURE
33-2022,31,16,FIXTURE
33-2022,32,26,FIXTURE
33-2022,33,12,FIXTURE
33-2022,34,78,FIXTURE
33-2022,35,18,FIXTURE
33-2022,36,169,FIXTURE
33-2022,37,87,FIXTURE
33-2022,38,6,FIXTURE
33-2022,39,99,FIXTURE
33-2022,40,33,FIXTURE
33-2022,41,35,FIXTURE
33-2022,42,109,FIXTURE
33-2022,44,9,FIXTURE
33-2022,45,43,FIXTURE
33-2022,46,7,FIXTURE
33-2022,47,58,FIXTURE
33-2022,48,244,FIXTURE
33-2022,49,27,FIXTURE
33-2022,50,5,FIXTURE
33-2022,51,72,FIXTURE
33-2022,53,64,FIXTURE
33-2022,54,15,FIXTURE
33-2022,55,49,FIXTURE
33-2022,56,5,FIXTURE
33-3011,01,249,FIXTURE
33-3011,02,36,FIXTURE
33-3011,04,354,FIXTURE
33-3011,05,149,FIXTURE
33-3011,06,1959,FIXTURE
33-3011,08,286,FIXTURE
33-3011,09,179,FIXTURE
33-3011,10,49,FIXTURE
33-3011,11,34,FIXTURE
33-3011,12,1067,FIXTURE
33-3011,13,531,FIXTURE
33-3011,15,72,FIXTURE
33-3011,16,91,FIXTURE
33-3011,17,635,FIXTURE
33-3011,18,336,FIXTURE
33-3011,19,158,FIXTURE
33-3011,20,145,FIXTURE
33-3011,21,223,FIXTURE
33-3011,22,231,FIXTURE
33-3011,23,67,FIXTURE
33-3011,24,306,FIXTURE
33-3011,25,348,FIXTURE
33-3011,26,499,FIXTURE
33-3011,27,283,FIXTURE
33-3011,28,147,FIXTURE
33-3011,29,305,FIXTURE
33-3011,30,54,FIXTURE
33-3011,31,97,FIXTURE
33-3011,32,154,FIXTURE
33-3011,33,68,FIXTURE
33-3011,34,460,FIXTURE
33-3011,35,105,FIXTURE
33-3011,36,1001,FIXTURE
33-3011,37,517,FIXTURE
33-3011,38,39,FIXTURE
33-3011,39,584,FIXTURE
33-3011,40,196,FIXTURE
33-3011,41,210,FIXTURE
33-3011,42,644,FIXTURE
33-3011,44,54,FIXTURE
33-3011,45,254,FIXTURE
33-3011,46,44,FIXTURE
33-3011,47,342,FIXTURE
33-3011,48,1444,FIXTURE
33-3011,49,162,FIXTURE
33-3011,50,32,FIXTURE
33-3011,51,428,FIXTURE
33-3011,53,382,FIXTURE
33-3011,54,89,FIXTURE
33-3011,55,292,FIXTURE
33-3011,56,29,FIXTURE
33-3012,01,5951,FIXTURE
33-3012,02,869,FIXTURE
33-3012,04,8471,FIXTURE
33-3012,05,3567,FIXTURE
33-3012,06,46833,FIXTURE
33-3012,08,6839,FIXTURE
33-3012,09,4271,FIXTURE
33-3012,10,1173,FIXTURE
33-3012,11,817,FIXTURE
33-3012,12,25512,FIXTURE
33-3012,13,12688,FIXTURE
33-3012,15,1724,FIXTURE
33-3012,16,2178,FIXTURE
33-3012,17,15176,FIXTURE
33-3012,18,8037,FIXTURE
33-3012,19,3779,FIXTURE
33-3012,20,3480,FIXTURE
33-3012,21,5337,FIXTURE
33-3012,22,5517,FIXTURE
33-3012,23,1614,FIXTURE
33-3012,24,7317,FIXTURE
33-3012,25,8327,FIXTURE
33-3012,26,11937,FIXTURE
33-3012,27,6759,FIXTURE
33-3012,28,3508,FIXTURE
33-3012,29,7290,FIXTURE
33-3012,30,1284,FIXTURE
33-3012,31,2323,FIXTURE
33-3012,32,3677,FIXTURE
33-3012,33,1632,FIXTURE
33-3012,34,11003,FIXTURE
33-3012,35,2508,FIXTURE
33-3012,36,23928,FIXTURE
33-3012,37,12365,FIXTURE
33-3012,38,923,FIXTURE
33-3012,39,13976,FIXTURE
33-3012,40,4690,FIXTURE
33-3012,41,5019,FIXTURE
33-3012,42,15402,FIXTURE
33-3012,44,1300,FIXTURE
33-3012,45,6063,FIXTURE
33-3012,46,1050,FIXTURE
33-3012,47,8186,FIXTURE
33-3012,48,34523,FIXTURE
33-3012,49,3875,FIXTURE
33-3012,50,762,FIXTURE
33-3012,51,10224,FIXTURE
33-3012,53,9127,FIXTURE
33-3012,54,2125,FIXTURE
33-3012,55,6981,FIXTURE
33-3012,56,683,FIXTURE
33-3021,01,1635,FIXTURE
33-3021,02,239,FIXTURE
33-3021,04,2328,FIXTURE
33-3021,05,980,FIXTURE
33-3021,06,12870,FIXTURE
33-3021,08,1879,FIXTURE
33-3021,09,1174,FIXTURE
33-3021,10,322,FIXTURE
33-3021,11,224,FIXTURE
33-3021,12,7011,FIXTURE
33-3021,13,3487,FIXTURE
33-3021,15,474,FIXTURE
33-3021,16,599,FIXTURE
33-3021,17,4171,FIXTURE
33-3021,18,2209,FIXTURE
33-3021,19,1038,FIXTURE
33-3021,20,956,FIXTURE
33-3021,21,1467,FIXTURE
33-3021,22,1516,FIXTURE
33-3021,23,443,FIXTURE
33-3021,24,2011,FIXTURE
33-3021,25,2288,FIXTURE
33-3021,26,3280,FIXTURE
33-3021,27,1858,FIXTURE
33-3021,28,964,FIXTURE
33-3021,29,2003,FIXTURE
33-3021,30,353,FIXTURE
33-3021,31,638,FIXTURE
33-3021,32,1011,FIXTURE
33-3021,33,448,FIXTURE
33-3021,34,3024,FIXTURE
33-3021,35,689,FIXTURE
33-3021,36,6576,FIXTURE
33-3021,37,3398,FIXTURE
33-3021,38,254,FIXTURE
33-3021,39,3841,FIXTURE
33-3021,40,1289,FIXTURE
33-3021,41,1379,FIXTURE
33-3021,42,4233,FIXTURE
33-3021,44,357,FIXTURE
33-3021,45,1666,FIXTURE
33-3021,46,289,FIXTURE
33-3021,47,2250,FIXTURE
33-3021,48,9487,FIXTURE
33-3021,49,1065,FIXTURE
33-3021,50,209,FIXTURE
33-3021,51,2810,FIXTURE
33-3021,53,2508,FIXTURE
33-3021,54,584,FIXTURE
33-3021,55,1918,FIXTURE
33-3021,56,188,FIXTURE
33-3031,01,102,FIXTURE
33-3031,02,15,FIXTURE
33-3031,04,145,FIXTURE
33-3031,05,61,FIXTURE
33-3031,06,803,FIXTURE
33-3031,08,117,FIXTURE
33-3031,09,73,FIXTURE
33-3031,10,20,FIXTURE
33-3031,11,14,FIXTURE
33-3031,12,437,FIXTURE
33-3031,13,218,FIXTURE
33-3031,15,30,FIXTURE
33-3031,16,37,FIXTURE
33-3031,17,260,FIXTURE
33-3031,18,138,FIXTURE
33-3031,19,65,FIXTURE
33-3031,20,60,FIXTURE
33-3031,21,91,FIXTURE
33-3031,22,95,FIXTURE
33-3031,23,28,FIXTURE
33-3031,24,125,FIXTURE
33-3031,25,143,FIXTURE
33-3031,26,205,FIXTURE
33-3031,27,116,FIXTURE
33-3031,28,60,FIXTURE
33-3031,29,125,FIXTURE
33-3031,30,22,FIXTURE
33-3031,31,40,FIXTURE
33-3031,32,63,FIXTURE
33-3031,33,28,FIXTURE
33-3031,34,189,FIXTURE
33-3031,35,43,FIXTURE
33-3031,36,410,FIXTURE
33-3031,37,212,FIXTURE
33-3031,38,16,FIXTURE
33-3031,39,240,FIXTURE
33-3031,40,80,FIXTURE
33-3031,41,86,FIXTURE
33-3031,42,264,FIXTURE
33-3031,44,22,FIXTURE
33-3031,45,104,FIXTURE
33-3031,46,18,FIXTURE
33-3031,47,140,FIXTURE
33-3031,48,592,FIXTURE
33-3031,49,66,FIXTURE
33-3031,50,13,FIXTURE
33-3031,51,175,FIXTURE
33-3031,53,156,FIXTURE
33-3031,54,36,FIXTURE
33-3031,55,120,FIXTURE
33-3031,56,12,FIXTURE
33-3041,01,113,FIXTURE
33-3041,02,16,FIXTURE
33-3041,04,161,FIXTURE
33-3041,05,68,FIXTURE
33-3041,06,889,FIXTURE
33-3041,08,130,FIXTURE
33-3041,09,81,FIXTURE
33-3041,10,22,FIXTURE
33-3041,11,15,FIXTURE
33-3041,12,484,FIXTURE
33-3041,13,241,FIXTURE
33-3041,15,33,FIXTURE
33-3041,16,41,FIXTURE
33-3041,17,288,FIXTURE
33-3041,18,153,FIXTURE
33-3041,19,72,FIXTURE
33-3041,20,66,FIXTURE
33-3041,21,101,FIXTURE
33-3041,22,105,FIXTURE
33-3041,23,31,FIXTURE
33-3041,24,139,FIXTURE
33-3041,25,158,FIXTURE
33-3041,26,226,FIXTURE
33-3041,27,128,FIXTURE
33-3041,28,67,FIXTURE
33-3041,29,138,FIXTURE
33-3041,30,24,FIXTURE
33-3041,31,44,FIXTURE
33-3041,32,70,FIXTURE
33-3041,33,31,FIXTURE
33-3041,34,209,FIXTURE
33-3041,35,48,FIXTURE
33-3041,36,454,FIXTURE
33-3041,37,235,FIXTURE
33-3041,38,18,FIXTURE
33-3041,39,265,FIXTURE
33-3041,40,89,FIXTURE
33-3041,41,95,FIXTURE
33-3041,42,292,FIXTURE
33-3041,44,25,FIXTURE
33-3041,45,115,FIXTURE
33-3041,46,20,FIXTURE
33-3041,47,155,FIXTURE
33-3041,48,655,FIXTURE
33-3041,49,74,FIXTURE
33-3041,50,14,FIXTURE
33-3041,51,194,FIXTURE
33-3041,53,173,FIXTURE
33-3041,54,40,FIXTURE
33-3041,55,132,FIXTURE
33-3041,56,13,FIXTURE
33-3051,01,10086,FIXTURE
33-3051,02,1472,FIXTURE
33-3051,04,14357,FIXTURE
33-3051,05,6046,FIXTURE
33-3051,06,79372,FIXTURE
33-3051,08,11591,FIXTURE
33-3051,09,7239,FIXTURE
33-3051,10,1987,FIXTURE
33-3051,11,1384,FIXTURE
33-3051,12,43238,FIXTURE
33-3051,13,21504,FIXTURE
33-3051,15,2921,FIXTURE
33-3051,16,3692,FIXTURE
33-3051,17,25721,FIXTURE
33-3051,18,13622,FIXTURE
33-3051,19,6405,FIXTURE
33-3051,20,5898,FIXTURE
33-3051,21,9045,FIXTURE
33-3051,22,9350,FIXTURE
33-3051,23,2735,FIXTURE
33-3051,24,12401,FIXTURE
33-3051,25,14112,FIXTURE
33-3051,26,20230,FIXTURE
33-3051,27,11456,FIXTURE
33-3051,28,5945,FIXTURE
33-3051,29,12356,FIXTURE
33-3051,30,2177,FIXTURE
33-3051,31,3938,FIXTURE
33-3051,32,6232,FIXTURE
33-3051,33,2765,FIXTURE
33-3051,34,18648,FIXTURE
33-3051,35,4251,FIXTURE
33-3051,36,40554,FIXTURE
33-3051,37,20957,FIXTURE
33-3051,38,1564,FIXTURE
33-3051,39,23687,FIXTURE
33-3051,40,7948,FIXTURE
33-3051,41,8506,FIXTURE
33-3051,42,26103,FIXTURE
33-3051,44,2203,FIXTURE
33-3051,45,10275,FIXTURE
33-3051,46,1780,FIXTURE
33-3051,47,13873,FIXTURE
33-3051,48,58509,FIXTURE
33-3051,49,6568,FIXTURE
33-3051,50,1291,FIXTURE
33-3051,51,17327,FIXTURE
33-3051,53,15468,FIXTURE
33-3051,54,3601,FIXTURE
33-3051,55,11832,FIXTURE
33-3051,56,1158,FIXTURE
33-3052,01,54,FIXTURE
33-3052,02,8,FIXTURE
33-3052,04,77,FIXTURE
33-3052,05,33,FIXTURE
33-3052,06,428,FIXTURE
33-3052,08,63,FIXTURE
33-3052,09,39,FIXTURE
33-3052,10,11,FIXTURE
33-3052,11,7,FIXTURE
33-3052,12,233,FIXTURE
33-3052,13,116,FIXTURE
33-3052,15,16,FIXTURE
33-3052,16,20,FIXTURE
33-3052,17,139,FIXTURE
33-3052,18,73,FIXTURE
33-3052,19,35,FIXTURE
33-3052,20,32,FIXTURE
33-3052,21,49,FIXTURE
33-3052,22,50,FIXTURE
33-3052,23,15,FIXTURE
33-3052,24,67,FIXTURE
33-3052,25,76,FIXTURE
33-3052,26,109,FIXTURE
33-3052,27,62,FIXTURE
33-3052,28,32,FIXTURE
33-3052,29,67,FIXTURE
33-3052,30,12,FIXTURE
33-3052,31,21,FIXTURE
33-3052,32,34,FIXTURE
33-3052,33,15,FIXTURE
33-3052,34,101,FIXTURE
33-3052,35,23,FIXTURE
33-3052,36,219,FIXTURE
33-3052,37,113,FIXTURE
33-3052,38,8,FIXTURE
33-3052,39,128,FIXTURE
33-3052,40,43,FIXTURE
33-3052,41,46,FIXTURE
33-3052,42,141,FIXTURE
33-3052,44,12,FIXTURE
33-3052,45,55,FIXTURE
33-3052,46,10,FIXTURE
33-3052,47,75,FIXTURE
33-3052,48,316,FIXTURE
33-3052,49,35,FIXTURE
33-3052,50,7,FIXTURE
33-3052,51,93,FIXTURE
33-3052,53,83,FIXTURE
33-3052,54,19,FIXTURE
33-3052,55,64,FIXTURE
33-3052,56,6,FIXTURE
33-9011,01,176,FIXTURE
33-9011,02,26,FIXTURE
33-9011,04,250,FIXTURE
33-9011,05,105,FIXTURE
33-9011,06,1384,FIXTURE
33-9011,08,202,FIXTURE
33-9011,09,126,FIXTURE
33-9011,10,35,FIXTURE
33-9011,11,24,FIXTURE
33-9011,12,754,FIXTURE
33-9011,13,375,FIXTURE
33-9011,15,51,FIXTURE
33-9011,16,64,FIXTURE
33-9011,17,448,FIXTURE
33-9011,18,237,FIXTURE
33-9011,19,112,FIXTURE
33-9011,20,103,FIXTURE
33-9011,21,158,FIXTURE
33-9011,22,163,FIXTURE
33-9011,23,48,FIXTURE
33-9011,24,216,FIXTURE
33-9011,25,246,FIXTURE
33-9011,26,353,FIXTURE
33-9011,27,200,FIXTURE
33-9011,28,104,FIXTURE
33-9011,29,215,FIXTURE
33-9011,30,38,FIXTURE
33-9011,31,69,FIXTURE
33-9011,32,109,FIXTURE
33-9011,33,48,FIXTURE
33-9011,34,325,FIXTURE
33-9011,35,74,FIXTURE
33-9011,36,707,FIXTURE
33-9011,37,365,FIXTURE
33-9011,38,27,FIXTURE
33-9011,39,413,FIXTURE
33-9011,40,139,FIXTURE
33-9011,41,148,FIXTURE
33-9011,42,455,FIXTURE
33-9011,44,38,FIXTURE
33-9011,45,179,FIXTURE
33-9011,46,31,FIXTURE
33-9011,47,242,FIXTURE
33-9011,48,1020,FIXTURE
33-9011,49,114,FIXTURE
33-9011,50,23,FIXTURE
33-9011,51,302,FIXTURE
33-9011,53,270,FIXTURE
33-9011,54,63,FIXTURE
33-9011,55,206,FIXTURE
33-9011,56,20,FIXTURE
33-9021,01,437,FIXTURE
33-9021,02,64,FIXTURE
33-9021,04,623,FIXTURE
33-9021,05,262,FIXTURE
33-9021,06,3443,FIXTURE
33-9021,08,503,FIXTURE
33-9021,09,314,FIXTURE
33-9021,10,86,FIXTURE
33-9021,11,60,FIXTURE
33-9021,12,1875,FIXTURE
33-9021,13,933,FIXTURE
33-9021,15,127,FIXTURE
33-9021,16,160,FIXTURE
33-9021,17,1116,FIXTURE
33-9021,18,591,FIXTURE
33-9021,19,278,FIXTURE
33-9021,20,256,FIXTURE
33-9021,21,392,FIXTURE
33-9021,22,406,FIXTURE
33-9021,23,119,FIXTURE
33-9021,24,538,FIXTURE
33-9021,25,612,FIXTURE
33-9021,26,877,FIXTURE
33-9021,27,497,FIXTURE
33-9021,28,258,FIXTURE
33-9021,29,536,FIXTURE
33-9021,30,94,FIXTURE
33-9021,31,171,FIXTURE
33-9021,32,270,FIXTURE
33-9021,33,120,FIXTURE
33-9021,34,809,FIXTURE
33-9021,35,184,FIXTURE
33-9021,36,1759,FIXTURE
33-9021,37,909,FIXTURE
33-9021,38,68,FIXTURE
33-9021,39,1027,FIXTURE
33-9021,40,345,FIXTURE
33-9021,41,369,FIXTURE
33-9021,42,1132,FIXTURE
33-9021,44,95,FIXTURE
33-9021,45,446,FIXTURE
33-9021,46,77,FIXTURE
33-9021,47,602,FIXTURE
33-9021,48,2538,FIXTURE
33-9021,49,285,FIXTURE
33-9021,50,56,FIXTURE
33-9021,51,751,FIXTURE
33-9021,53,671,FIXTURE
33-9021,54,156,FIXTURE
33-9021,55,513,FIXTURE
33-9021,56,50,FIXTURE
33-9031,01,139,FIXTURE
33-9031,02,20,FIXTURE
33-9031,04,198,FIXTURE
33-9031,05,84,FIXTURE
33-9031,06,1096,FIXTURE
33-9031,08,160,FIXTURE
33-9031,09,100,FIXTURE
33-9031,10,27,FIXTURE
33-9031,11,19,FIXTURE
33-9031,12,597,FIXTURE
33-9031,13,297,FIXTURE
33-9031,15,40,FIXTURE
33-9031,16,51,FIXTURE
33-9031,17,355,FIXTURE
33-9031,18,188,FIXTURE
33-9031,19,89,FIXTURE
33-9031,20,82,FIXTURE
33-9031,21,125,FIXTURE
33-9031,22,129,FIXTURE
33-9031,23,38,FIXTURE
33-9031,24,171,FIXTURE
33-9031,25,195,FIXTURE
33-9031,26,279,FIXTURE
33-9031,27,158,FIXTURE
33-9031,28,82,FIXTURE
33-9031,29,171,FIXTURE
33-9031,30,30,FIXTURE
33-9031,31,54,FIXTURE
33-9031,32,86,FIXTURE
33-9031,33,38,FIXTURE
33-9031,34,258,FIXTURE
33-9031,35,59,FIXTURE
33-9031,36,560,FIXTURE
33-9031,37,289,FIXTURE
33-9031,38,22,FIXTURE
33-9031,39,327,FIXTURE
33-9031,40,110,FIXTURE
33-9031,41,118,FIXTURE
33-9031,42,361,FIXTURE
33-9031,44,30,FIXTURE
33-9031,45,142,FIXTURE
33-9031,46,25,FIXTURE
33-9031,47,192,FIXTURE
33-9031,48,808,FIXTURE
33-9031,49,91,FIXTURE
33-9031,50,18,FIXTURE
33-9031,51,239,FIXTURE
33-9031,53,214,FIXTURE
33-9031,54,50,FIXTURE
33-9031,55,163,FIXTURE
33-9031,56,16,FIXTURE
33-9032,01,16024,FIXTURE
33-9032,02,2339,FIXTURE
33-9032,04,22808,FIXTURE
33-9032,05,9605,FIXTURE
33-9032,06,126100,FIXTURE
33-9032,08,18414,FIXTURE
33-9032,09,11501,FIXTURE
33-9032,10,3157,FIXTURE
33-9032,11,2199,FIXTURE
33-9032,12,68692,FIXTURE
33-9032,13,34164,FIXTURE
33-9032,15,4641,FIXTURE
33-9032,16,5866,FIXTURE
33-9032,17,40863,FIXTURE
33-9032,18,21641,FIXTURE
33-9032,19,10175,FIXTURE
33-9032,20,9370,FIXTURE
33-9032,21,14371,FIXTURE
33-9032,22,14855,FIXTURE
33-9032,23,4345,FIXTURE
33-9032,24,19701,FIXTURE
33-9032,25,22421,FIXTURE
33-9032,26,32140,FIXTURE
33-9032,27,18200,FIXTURE
33-9032,28,9444,FIXTURE
33-9032,29,19630,FIXTURE
33-9032,30,3458,FIXTURE
33-9032,31,6256,FIXTURE
33-9032,32,9902,FIXTURE
33-9032,33,4393,FIXTURE
33-9032,34,29626,FIXTURE
33-9032,35,6753,FIXTURE
33-9032,36,64428,FIXTURE
33-9032,37,33295,FIXTURE
33-9032,38,2485,FIXTURE
33-9032,39,37632,FIXTURE
33-9032,40,12628,FIXTURE
33-9032,41,13514,FIXTURE
33-9032,42,41470,FIXTURE
33-9032,44,3500,FIXTURE
33-9032,45,16324,FIXTURE
33-9032,46,2828,FIXTURE
33-9032,47,22041,FIXTURE
33-9032,48,92955,FIXTURE
33-9032,49,10434,FIXTURE
33-9032,50,2051,FIXTURE
33-9032,51,27528,FIXTURE
33-9032,53,24575,FIXTURE
33-9032,54,5721,FIXTURE
33-9032,55,18797,FIXTURE
33-9032,56,1840,FIXTURE
33-9091,01,1254,FIXTURE
33-9091,02,183,FIXTURE
33-9091,04,1784,FIXTURE
33-9091,05,751,FIXTURE
33-9091,06,9864,FIXTURE
33-9091,08,1440,FIXTURE
33-9091,09,900,FIXTURE
33-9091,10,247,FIXTURE
33-9091,11,172,FIXTURE
33-9091,12,5373,FIXTURE
33-9091,13,2672,FIXTURE
33-9091,15,363,FIXTURE
33-9091,16,459,FIXTURE
33-9091,17,3197,FIXTURE
33-9091,18,1693,FIXTURE
33-9091,19,796,FIXTURE
33-9091,20,733,FIXTURE
33-9091,21,1124,FIXTURE
33-9091,22,1162,FIXTURE
33-9091,23,340,FIXTURE
33-9091,24,1541,FIXTURE
33-9091,25,1754,FIXTURE
33-9091,26,2514,FIXTURE
33-9091,27,1424,FIXTURE
33-9091,28,739,FIXTURE
33-9091,29,1536,FIXTURE
33-9091,30,271,FIXTURE
33-9091,31,489,FIXTURE
33-9091,32,775,FIXTURE
33-9091,33,344,FIXTURE
33-9091,34,2317,FIXTURE
33-9091,35,528,FIXTURE
33-9091,36,5040,FIXTURE
33-9091,37,2604,FIXTURE
33-9091,38,194,FIXTURE
33-9091,39,2944,FIXTURE
33-9091,40,988,FIXTURE
33-9091,41,1057,FIXTURE
33-9091,42,3244,FIXTURE
33-9091,44,274,FIXTURE
33-9091,45,1277,FIXTURE
33-9091,46,221,FIXTURE
33-9091,47,1724,FIXTURE
33-9091,48,7271,FIXTURE
33-9091,49,816,FIXTURE
33-9091,50,160,FIXTURE
33-9091,51,2153,FIXTURE
33-9091,53,1922,FIXTURE
33-9091,54,448,FIXTURE
33-9091,55,1470,FIXTURE
33-9091,56,144,FIXTURE
33-9092,01,1733,FIXTURE
33-9092,02,253,FIXTURE
33-9092,04,2467,FIXTURE
33-9092,05,1039,FIXTURE
33-9092,06,13637,FIXTURE
33-9092,08,1991,FIXTURE
33-9092,09,1244,FIXTURE
33-9092,10,341,FIXTURE
33-9092,11,238,FIXTURE
33-9092,12,7429,FIXTURE
33-9092,13,3695,FIXTURE
33-9092,15,502,FIXTURE
33-9092,16,634,FIXTURE
33-9092,17,4419,FIXTURE
33-9092,18,2340,FIXTURE
33-9092,19,1100,FIXTURE
33-9092,20,1013,FIXTURE
33-9092,21,1554,FIXTURE
33-9092,22,1606,FIXTURE
33-9092,23,470,FIXTURE
33-9092,24,2131,FIXTURE
33-9092,25,2425,FIXTURE
33-9092,26,3476,FIXTURE
33-9092,27,1968,FIXTURE
33-9092,28,1021,FIXTURE
33-9092,29,2123,FIXTURE
33-9092,30,374,FIXTURE
33-9092,31,676,FIXTURE
33-9092,32,1071,FIXTURE
33-9092,33,475,FIXTURE
33-9092,34,3204,FIXTURE
33-9092,35,730,FIXTURE
33-9092,36,6968,FIXTURE
33-9092,37,3601,FIXTURE
33-9092,38,269,FIXTURE
33-9092,39,4070,FIXTURE
33-9092,40,1366,FIXTURE
33-9092,41,1461,FIXTURE
33-9092,42,4485,FIXTURE
33-9092,44,378,FIXTURE
33-9092,45,1765,FIXTURE
33-9092,46,306,FIXTURE
33-9092,47,2384,FIXTURE
33-9092,48,10052,FIXTURE
33-9092,49,1128,FIXTURE
33-9092,50,222,FIXTURE
33-9092,51,2977,FIXTURE
33-9092,53,2658,FIXTURE
33-9092,54,619,FIXTURE
33-9092,55,2033,FIXTURE
33-9092,56,199,FIXTURE
33-9093,01,732,FIXTURE
33-9093,02,107,FIXTURE
33-9093,04,1043,FIXTURE
33-9093,05,439,FIXTURE
33-9093,06,5764,FIXTURE
33-9093,08,842,FIXTURE
33-9093,09,526,FIXTURE
33-9093,10,144,FIXTURE
33-9093,11,100,FIXTURE
33-9093,12,3140,FIXTURE
33-9093,13,1562,FIXTURE
33-9093,15,212,FIXTURE
33-9093,16,268,FIXTURE
33-9093,17,1868,FIXTURE
33-9093,18,989,FIXTURE
33-9093,19,465,FIXTURE
33-9093,20,428,FIXTURE
33-9093,21,657,FIXTURE
33-9093,22,679,FIXTURE
33-9093,23,199,FIXTURE
33-9093,24,901,FIXTURE
33-9093,25,1025,FIXTURE
33-9093,26,1469,FIXTURE
33-9093,27,832,FIXTURE
33-9093,28,432,FIXTURE
33-9093,29,897,FIXTURE
33-9093,30,158,FIXTURE
33-9093,31,286,FIXTURE
33-9093,32,453,FIXTURE
33-9093,33,201,FIXTURE
33-9093,34,1354,FIXTURE
33-9093,35,309,FIXTURE
33-9093,36,2945,FIXTURE
33-9093,37,1522,FIXTURE
33-9093,38,114,FIXTURE
33-9093,39,1720,FIXTURE
33-9093,40,577,FIXTURE
33-9093,41,618,FIXTURE
33-9093,42,1896,FIXTURE
33-9093,44,160,FIXTURE
33-9093,45,746,FIXTURE
33-9093,46,129,FIXTURE
33-9093,47,1007,FIXTURE
33-9093,48,4249,FIXTURE
33-9093,49,477,FIXTURE
33-9093,50,94,FIXTURE
33-9093,51,1258,FIXTURE
33-9093,53,1123,FIXTURE
33-9093,54,261,FIXTURE
33-9093,55,859,FIXTURE
33-9093,56,84,FIXTURE
33-9094,01,839,FIXTURE
33-9094,02,122,FIXTURE
33-9094,04,1194,FIXTURE
33-9094,05,503,FIXTURE
33-9094,06,6598,FIXTURE
33-9094,08,964,FIXTURE
33-9094,09,602,FIXTURE
33-9094,10,165,FIXTURE
33-9094,11,115,FIXTURE
33-9094,12,3594,FIXTURE
33-9094,13,1788,FIXTURE
33-9094,15,243,FIXTURE
33-9094,16,307,FIXTURE
33-9094,17,2138,FIXTURE
33-9094,18,1132,FIXTURE
33-9094,19,532,FIXTURE
33-9094,20,490,FIXTURE
33-9094,21,752,FIXTURE
33-9094,22,777,FIXTURE
33-9094,23,227,FIXTURE
33-9094,24,1031,FIXTURE
33-9094,25,1173,FIXTURE
33-9094,26,1682,FIXTURE
33-9094,27,952,FIXTURE
33-9094,28,494,FIXTURE
33-9094,29,1027,FIXTURE
33-9094,30,181,FIXTURE
33-9094,31,327,FIXTURE
33-9094,32,518,FIXTURE
33-9094,33,230,FIXTURE
33-9094,34,1550,FIXTURE
33-9094,35,353,FIXTURE
33-9094,36,3371,FIXTURE
33-9094,37,1742,FIXTURE
33-9094,38,130,FIXTURE
33-9094,39,1969,FIXTURE
33-9094,40,661,FIXTURE
33-9094,41,707,FIXTURE
33-9094,42,2170,FIXTURE
33-9094,44,183,FIXTURE
33-9094,45,854,FIXTURE
33-9094,46,148,FIXTURE
33-9094,47,1153,FIXTURE
33-9094,48,4864,FIXTURE
33-9094,49,546,FIXTURE
33-9094,50,107,FIXTURE
33-9094,51,1440,FIXTURE
33-9094,53,1286,FIXTURE
33-9094,54,299,FIXTURE
33-9094,55,984,FIXTURE
33-9094,56,96,FIXTURE
33-9099,01,1518,FIXTURE
33-9099,02,222,FIXTURE
33-9099,04,2160,FIXTURE
33-9099,05,910,FIXTURE
33-9099,06,11942,FIXTURE
33-9099,08,1744,FIXTURE
33-9099,09,1089,FIXTURE
33-9099,10,299,FIXTURE
33-9099,11,208,FIXTURE
33-9099,12,6505,FIXTURE
33-9099,13,3235,FIXTURE
33-9099,15,440,FIXTURE
33-9099,16,555,FIXTURE
33-9099,17,3870,FIXTURE
33-9099,18,2049,FIXTURE
33-9099,19,964,FIXTURE
33-9099,20,887,FIXTURE
33-9099,21,1361,FIXTURE
33-9099,22,1407,FIXTURE
33-9099,23,412,FIXTURE
33-9099,24,1866,FIXTURE
33-9099,25,2123,FIXTURE
33-9099,26,3044,FIXTURE
33-9099,27,1724,FIXTURE
33-9099,28,894,FIXTURE
33-9099,29,1859,FIXTURE
33-9099,30,327,FIXTURE
33-9099,31,592,FIXTURE
33-9099,32,938,FIXTURE
33-9099,33,416,FIXTURE
33-9099,34,2806,FIXTURE
33-9099,35,640,FIXTURE
33-9099,36,6102,FIXTURE
33-9099,37,3153,FIXTURE
33-9099,38,235,FIXTURE
33-9099,39,3564,FIXTURE
33-9099,40,1196,FIXTURE
33-9099,41,1280,FIXTURE
33-9099,42,3927,FIXTURE
33-9099,44,331,FIXTURE
33-9099,45,1546,FIXTURE
33-9099,46,268,FIXTURE
33-9099,47,2087,FIXTURE
33-9099,48,8803,FIXTURE
33-9099,49,988,FIXTURE
33-9099,50,194,FIXTURE
33-9099,51,2607,FIXTURE
33-9099,53,2327,FIXTURE
33-9099,54,542,FIXTURE
33-9099,55,1780,FIXTURE
33-9099,56,174,FIXTURE
35-1011,01,1968,FIXTURE
35-1011,02,287,FIXTURE
35-1011,04,2801,FIXTURE
35-1011,05,1179,FIXTURE
35-1011,06,15485,FIXTURE
35-1011,08,2261,FIXTURE
35-1011,09,1412,FIXTURE
35-1011,10,388,FIXTURE
35-1011,11,270,FIXTURE
35-1011,12,8435,FIXTURE
35-1011,13,4195,FIXTURE
35-1011,15,570,FIXTURE
35-1011,16,720,FIXTURE
35-1011,17,5018,FIXTURE
35-1011,18,2658,FIXTURE
35-1011,19,1249,FIXTURE
35-1011,20,1151,FIXTURE
35-1011,21,1765,FIXTURE
35-1011,22,1824,FIXTURE
35-1011,23,534,FIXTURE
35-1011,24,2419,FIXTURE
35-1011,25,2753,FIXTURE
35-1011,26,3947,FIXTURE
35-1011,27,2235,FIXTURE
35-1011,28,1160,FIXTURE
35-1011,29,2411,FIXTURE
35-1011,30,425,FIXTURE
35-1011,31,768,FIXTURE
35-1011,32,1216,FIXTURE
35-1011,33,539,FIXTURE
35-1011,34,3638,FIXTURE
35-1011,35,829,FIXTURE
35-1011,36,7912,FIXTURE
35-1011,37,4089,FIXTURE
35-1011,38,305,FIXTURE
35-1011,39,4621,FIXTURE
35-1011,40,1551,FIXTURE
35-1011,41,1659,FIXTURE
35-1011,42,5092,FIXTURE
35-1011,44,430,FIXTURE
35-1011,45,2005,FIXTURE
35-1011,46,347,FIXTURE
35-1011,47,2707,FIXTURE
35-1011,48,11415,FIXTURE
35-1011,49,1281,FIXTURE
35-1011,50,252,FIXTURE
35-1011,51,3380,FIXTURE
35-1011,53,3018,FIXTURE
35-1011,54,702,FIXTURE
35-1011,55,2308,FIXTURE
35-1011,56,226,FIXTURE
35-1012,01,15774,FIXTURE
35-1012,02,2302,FIXTURE
35-1012,04,22452,FIXTURE
35-1012,05,9455,FIXTURE
35-1012,06,124132,FIXTURE
35-1012,08,18127,FIXTURE
35-1012,09,11321,FIXTURE
35-1012,10,3108,FIXTURE
35-1012,11,2165,FIXTURE
35-1012,12,67620,FIXTURE
35-1012,13,33630,FIXTURE
35-1012,15,4569,FIXTURE
35-1012,16,5774,FIXTURE
35-1012,17,40225,FIXTURE
35-1012,18,21303,FIXTURE
35-1012,19,10016,FIXTURE
35-1012,20,9224,FIXTURE
35-1012,21,14146,FIXTURE
35-1012,22,14623,FIXTURE
35-1012,23,4277,FIXTURE
35-1012,24,19394,FIXTURE
35-1012,25,22071,FIXTURE
35-1012,26,31638,FIXTURE
35-1012,27,17916,FIXTURE
35-1012,28,9297,FIXTURE
35-1012,29,19324,FIXTURE
35-1012,30,3404,FIXTURE
35-1012,31,6158,FIXTURE
35-1012,32,9747,FIXTURE
35-1012,33,4325,FIXTURE
35-1012,34,29163,FIXTURE
35-1012,35,6648,FIXTURE
35-1012,36,63423,FIXTURE
35-1012,37,32775,FIXTURE
35-1012,38,2446,FIXTURE
35-1012,39,37045,FIXTURE
35-1012,40,12431,FIXTURE
35-1012,41,13303,FIXTURE
35-1012,42,40823,FIXTURE
35-1012,44,3445,FIXTURE
35-1012,45,16070,FIXTURE
35-1012,46,2784,FIXTURE
35-1012,47,21697,FIXTURE
35-1012,48,91504,FIXTURE
35-1012,49,10271,FIXTURE
35-1012,50,2019,FIXTURE
35-1012,51,27099,FIXTURE
35-1012,53,24191,FIXTURE
35-1012,54,5631,FIXTURE
35-1012,55,18504,FIXTURE
35-1012,56,1811,FIXTURE
35-2011,01,11644,FIXTURE
35-2011,02,1700,FIXTURE
35-2011,04,16573,FIXTURE
35-2011,05,6979,FIXTURE
35-2011,06,91629,FIXTURE
35-2011,08,13380,FIXTURE
35-2011,09,8357,FIXTURE
35-2011,10,2294,FIXTURE
35-2011,11,1598,FIXTURE
35-2011,12,49914,FIXTURE
35-2011,13,24825,FIXTURE
35-2011,15,3373,FIXTURE
35-2011,16,4262,FIXTURE
35-2011,17,29693,FIXTURE
35-2011,18,15725,FIXTURE
35-2011,19,7394,FIXTURE
35-2011,20,6808,FIXTURE
35-2011,21,10442,FIXTURE
35-2011,22,10794,FIXTURE
35-2011,23,3157,FIXTURE
35-2011,24,14316,FIXTURE
35-2011,25,16292,FIXTURE
35-2011,26,23354,FIXTURE
35-2011,27,13225,FIXTURE
35-2011,28,6863,FIXTURE
35-2011,29,14264,FIXTURE
35-2011,30,2513,FIXTURE
35-2011,31,4546,FIXTURE
35-2011,32,7195,FIXTURE
35-2011,33,3192,FIXTURE
35-2011,34,21527,FIXTURE
35-2011,35,4907,FIXTURE
35-2011,36,46816,FIXTURE
35-2011,37,24193,FIXTURE
35-2011,38,1806,FIXTURE
35-2011,39,27345,FIXTURE
35-2011,40,9176,FIXTURE
35-2011,41,9820,FIXTURE
35-2011,42,30134,FIXTURE
35-2011,44,2543,FIXTURE
35-2011,45,11862,FIXTURE
35-2011,46,2055,FIXTURE
35-2011,47,16016,FIXTURE
35-2011,48,67544,FIXTURE
35-2011,49,7582,FIXTURE
35-2011,50,1490,FIXTURE
35-2011,51,20003,FIXTURE
35-2011,53,17857,FIXTURE
35-2011,54,4157,FIXTURE
35-2011,55,13659,FIXTURE
35-2011,56,1337,FIXTURE
35-2012,01,5955,FIXTURE
35-2012,02,869,FIXTURE
35-2012,04,8476,FIXTURE
35-2012,05,3569,FIXTURE
35-2012,06,46864,FIXTURE
35-2012,08,6843,FIXTURE
35-2012,09,4274,FIXTURE
35-2012,10,1173,FIXTURE
35-2012,11,817,FIXTURE
35-2012,12,25529,FIXTURE
35-2012,13,12697,FIXTURE
35-2012,15,1725,FIXTURE
35-2012,16,2180,FIXTURE
35-2012,17,15186,FIXTURE
35-2012,18,8043,FIXTURE
35-2012,19,3781,FIXTURE
35-2012,20,3482,FIXTURE
35-2012,21,5341,FIXTURE
35-2012,22,5521,FIXTURE
35-2012,23,1615,FIXTURE
35-2012,24,7322,FIXTURE
35-2012,25,8332,FIXTURE
35-2012,26,11944,FIXTURE
35-2012,27,6764,FIXTURE
35-2012,28,3510,FIXTURE
35-2012,29,7295,FIXTURE
35-2012,30,1285,FIXTURE
35-2012,31,2325,FIXTURE
35-2012,32,3680,FIXTURE
35-2012,33,1633,FIXTURE
35-2012,34,11010,FIXTURE
35-2012,35,2510,FIXTURE
35-2012,36,23944,FIXTURE
35-2012,37,12374,FIXTURE
35-2012,38,923,FIXTURE
35-2012,39,13986,FIXTURE
35-2012,40,4693,FIXTURE
35-2012,41,5022,FIXTURE
35-2012,42,15412,FIXTURE
35-2012,44,1301,FIXTURE
35-2012,45,6067,FIXTURE
35-2012,46,1051,FIXTURE
35-2012,47,8191,FIXTURE
35-2012,48,34546,FIXTURE
35-2012,49,3878,FIXTURE
35-2012,50,762,FIXTURE
35-2012,51,10231,FIXTURE
35-2012,53,9133,FIXTURE
35-2012,54,2126,FIXTURE
35-2012,55,6986,FIXTURE
35-2012,56,684,FIXTURE
35-2013,01,7,FIXTURE
35-2013,02,1,FIXTURE
35-2013,04,10,FIXTURE
35-2013,05,4,FIXTURE
35-2013,06,53,FIXTURE
35-2013,08,8,FIXTURE
35-2013,09,5,FIXTURE
35-2013,10,1,FIXTURE
35-2013,11,1,FIXTURE
35-2013,12,29,FIXTURE
35-2013,13,14,FIXTURE
35-2013,15,2,FIXTURE
35-2013,16,2,FIXTURE
35-2013,17,17,FIXTURE
35-2013,18,9,FIXTURE
35-2013,19,4,FIXTURE
35-2013,20,4,FIXTURE
35-2013,21,6,FIXTURE
35-2013,22,6,FIXTURE
35-2013,23,2,FIXTURE
35-2013,24,8,FIXTURE
35-2013,25,9,FIXTURE
35-2013,26,13,FIXTURE
35-2013,27,8,FIXTURE
35-2013,28,4,FIXTURE
35-2013,29,8,FIXTURE
35-2013,30,1,FIXTURE
35-2013,31,3,FIXTURE
35-2013,32,4,FIXTURE
35-2013,33,2,FIXTURE
35-2013,34,12,FIXTURE
35-2013,35,3,FIXTURE
35-2013,36,27,FIXTURE
35-2013,37,14,FIXTURE
35-2013,38,1,FIXTURE
35-2013,39,16,FIXTURE
35-2013,40,5,FIXTURE
35-2013,41,6,FIXTURE
35-2013,42,17,FIXTURE
35-2013,44,1,FIXTURE
35-2013,45,7,FIXTURE
35-2013,46,1,FIXTURE
35-2013,47,9,FIXTURE
35-2013,48,39,FIXTURE
35-2013,49,4,FIXTURE
35-2013,50,1,FIXTURE
35-2013,51,11,FIXTURE
35-2013,53,10,FIXTURE
35-2013,54,2,FIXTURE
35-2013,55,8,FIXTURE
35-2013,56,1,FIXTURE
35-2014,01,18097,FIXTURE
35-2014,02,2642,FIXTURE
35-2014,04,25759,FIXTURE
35-2014,05,10847,FIXTURE
35-2014,06,142414,FIXTURE
35-2014,08,20797,FIXTURE
35-2014,09,12988,FIXTURE
35-2014,10,3566,FIXTURE
35-2014,11,2484,FIXTURE
35-2014,12,77579,FIXTURE
35-2014,13,38584,FIXTURE
35-2014,15,5242,FIXTURE
35-2014,16,6624,FIXTURE
35-2014,17,46150,FIXTURE
35-2014,18,24441,FIXTURE
35-2014,19,11492,FIXTURE
35-2014,20,10582,FIXTURE
35-2014,21,16230,FIXTURE
35-2014,22,16777,FIXTURE
35-2014,23,4907,FIXTURE
35-2014,24,22250,FIXTURE
35-2014,25,25321,FIXTURE
35-2014,26,36298,FIXTURE
35-2014,27,20555,FIXTURE
35-2014,28,10666,FIXTURE
35-2014,29,22170,FIXTURE
35-2014,30,3905,FIXTURE
35-2014,31,7065,FIXTURE
35-2014,32,11183,FIXTURE
35-2014,33,4962,FIXTURE
35-2014,34,33458,FIXTURE
35-2014,35,7627,FIXTURE
35-2014,36,72764,FIXTURE
35-2014,37,37602,FIXTURE
35-2014,38,2806,FIXTURE
35-2014,39,42501,FIXTURE
35-2014,40,14261,FIXTURE
35-2014,41,15262,FIXTURE
35-2014,42,46835,FIXTURE
35-2014,44,3953,FIXTURE
35-2014,45,18436,FIXTURE
35-2014,46,3194,FIXTURE
35-2014,47,24892,FIXTURE
35-2014,48,104980,FIXTURE
35-2014,49,11784,FIXTURE
35-2014,50,2316,FIXTURE
35-2014,51,31090,FIXTURE
35-2014,53,27754,FIXTURE
35-2014,54,6461,FIXTURE
35-2014,55,21229,FIXTURE
35-2014,56,2078,FIXTURE
35-2015,01,1892,FIXTURE
35-2015,02,276,FIXTURE
35-2015,04,2693,FIXTURE
35-2015,05,1134,FIXTURE
35-2015,06,14887,FIXTURE
35-2015,08,2174,FIXTURE
35-2015,09,1358,FIXTURE
35-2015,10,373,FIXTURE
35-2015,11,260,FIXTURE
35-2015,12,8110,FIXTURE
35-2015,13,4033,FIXTURE
35-2015,15,548,FIXTURE
35-2015,16,692,FIXTURE
35-2015,17,4824,FIXTURE
35-2015,18,2555,FIXTURE
35-2015,19,1201,FIXTURE
35-2015,20,1106,FIXTURE
35-2015,21,1697,FIXTURE
35-2015,22,1754,FIXTURE
35-2015,23,513,FIXTURE
35-2015,24,2326,FIXTURE
35-2015,25,2647,FIXTURE
35-2015,26,3794,FIXTURE
35-2015,27,2149,FIXTURE
35-2015,28,1115,FIXTURE
35-2015,29,2318,FIXTURE
35-2015,30,408,FIXTURE
35-2015,31,739,FIXTURE
35-2015,32,1169,FIXTURE
35-2015,33,519,FIXTURE
35-2015,34,3498,FIXTURE
35-2015,35,797,FIXTURE
35-2015,36,7606,FIXTURE
35-2015,37,3931,FIXTURE
35-2015,38,293,FIXTURE
35-2015,39,4443,FIXTURE
35-2015,40,1491,FIXTURE
35-2015,41,1595,FIXTURE
35-2015,42,4896,FIXTURE
35-2015,44,413,FIXTURE
35-2015,45,1927,FIXTURE
35-2015,46,334,FIXTURE
35-2015,47,2602,FIXTURE
35-2015,48,10974,FIXTURE
35-2015,49,1232,FIXTURE
35-2015,50,242,FIXTURE
35-2015,51,3250,FIXTURE
35-2015,53,2901,FIXTURE
35-2015,54,675,FIXTURE
35-2015,55,2219,FIXTURE
35-2015,56,217,FIXTURE
35-2019,01,275,FIXTURE
35-2019,02,40,FIXTURE
35-2019,04,392,FIXTURE
35-2019,05,165,FIXTURE
35-2019,06,2168,FIXTURE
35-2019,08,317,FIXTURE
35-2019,09,198,FIXTURE
35-2019,10,54,FIXTURE
35-2019,11,38,FIXTURE
35-2019,12,1181,FIXTURE
35-2019,13,587,FIXTURE
35-2019,15,80,FIXTURE
35-2019,16,101,FIXTURE
35-2019,17,702,FIXTURE
35-2019,18,372,FIXTURE
35-2019,19,175,FIXTURE
35-2019,20,161,FIXTURE
35-2019,21,247,FIXTURE
35-2019,22,255,FIXTURE
35-2019,23,75,FIXTURE
35-2019,24,339,FIXTURE
35-2019,25,385,FIXTURE
35-2019,26,553,FIXTURE
35-2019,27,313,FIXTURE
35-2019,28,162,FIXTURE
35-2019,29,337,FIXTURE
35-2019,30,59,FIXTURE
35-2019,31,108,FIXTURE
35-2019,32,170,FIXTURE
35-2019,33,76,FIXTURE
35-2019,34,509,FIXTURE
35-2019,35,116,FIXTURE
35-2019,36,1107,FIXTURE
35-2019,37,572,FIXTURE
35-2019,38,43,FIXTURE
35-2019,39,647,FIXTURE
35-2019,40,217,FIXTURE
35-2019,41,232,FIXTURE
35-2019,42,713,FIXTURE
35-2019,44,60,FIXTURE
35-2019,45,281,FIXTURE
35-2019,46,49,FIXTURE
35-2019,47,379,FIXTURE
35-2019,48,1598,FIXTURE
35-2019,49,179,FIXTURE
35-2019,50,35,FIXTURE
35-2019,51,473,FIXTURE
35-2019,53,422,FIXTURE
35-2019,54,98,FIXTURE
35-2019,55,323,FIXTURE
35-2019,56,32,FIXTURE
35-2021,01,11874,FIXTURE
35-2021,02,1733,FIXTURE
35-2021,04,16902,FIXTURE
35-2021,05,7117,FIXTURE
35-2021,06,93445,FIXTURE
35-2021,08,13646,FIXTURE
35-2021,09,8522,FIXTURE
35-2021,10,2340,FIXTURE
35-2021,11,1630,FIXTURE
35-2021,12,50903,FIXTURE
35-2021,13,25317,FIXTURE
35-2021,15,3439,FIXTURE
35-2021,16,4347,FIXTURE
35-2021,17,30281,FIXTURE
35-2021,18,16037,FIXTURE
35-2021,19,7540,FIXTURE
35-2021,20,6943,FIXTURE
35-2021,21,10649,FIXTURE
35-2021,22,11008,FIXTURE
35-2021,23,3220,FIXTURE
35-2021,24,14599,FIXTURE
35-2021,25,16615,FIXTURE
35-2021,26,23817,FIXTURE
35-2021,27,13487,FIXTURE
35-2021,28,6999,FIXTURE
35-2021,29,14547,FIXTURE
35-2021,30,2562,FIXTURE
35-2021,31,4636,FIXTURE
35-2021,32,7337,FIXTURE
35-2021,33,3256,FIXTURE
35-2021,34,21954,FIXTURE
35-2021,35,5005,FIXTURE
35-2021,36,47744,FIXTURE
35-2021,37,24672,FIXTURE
35-2021,38,1841,FIXTURE
35-2021,39,27887,FIXTURE
35-2021,40,9358,FIXTURE
35-2021,41,10014,FIXTURE
35-2021,42,30731,FIXTURE
35-2021,44,2594,FIXTURE
35-2021,45,12097,FIXTURE
35-2021,46,2096,FIXTURE
35-2021,47,16333,FIXTURE
35-2021,48,68883,FIXTURE
35-2021,49,7732,FIXTURE
35-2021,50,1520,FIXTURE
35-2021,51,20399,FIXTURE
35-2021,53,18211,FIXTURE
35-2021,54,4239,FIXTURE
35-2021,55,13929,FIXTURE
35-2021,56,1363,FIXTURE
35-3011,01,7357,FIXTURE
35-3011,02,1074,FIXTURE
35-3011,04,10472,FIXTURE
35-3011,05,4410,FIXTURE
35-3011,06,57894,FIXTURE
35-3011,08,8454,FIXTURE
35-3011,09,5280,FIXTURE
35-3011,10,1449,FIXTURE
35-3011,11,1010,FIXTURE
35-3011,12,31538,FIXTURE
35-3011,13,15685,FIXTURE
35-3011,15,2131,FIXTURE
35-3011,16,2693,FIXTURE
35-3011,17,18761,FIXTURE
35-3011,18,9936,FIXTURE
35-3011,19,4671,FIXTURE
35-3011,20,4302,FIXTURE
35-3011,21,6598,FIXTURE
35-3011,22,6820,FIXTURE
35-3011,23,1995,FIXTURE
35-3011,24,9045,FIXTURE
35-3011,25,10294,FIXTURE
35-3011,26,14756,FIXTURE
35-3011,27,8356,FIXTURE
35-3011,28,4336,FIXTURE
35-3011,29,9012,FIXTURE
35-3011,30,1588,FIXTURE
35-3011,31,2872,FIXTURE
35-3011,32,4546,FIXTURE
35-3011,33,2017,FIXTURE
35-3011,34,13602,FIXTURE
35-3011,35,3101,FIXTURE
35-3011,36,29580,FIXTURE
35-3011,37,15286,FIXTURE
35-3011,38,1141,FIXTURE
35-3011,39,17277,FIXTURE
35-3011,40,5797,FIXTURE
35-3011,41,6204,FIXTURE
35-3011,42,19039,FIXTURE
35-3011,44,1607,FIXTURE
35-3011,45,7495,FIXTURE
35-3011,46,1298,FIXTURE
35-3011,47,10119,FIXTURE
35-3011,48,42677,FIXTURE
35-3011,49,4790,FIXTURE
35-3011,50,942,FIXTURE
35-3011,51,12639,FIXTURE
35-3011,53,11283,FIXTURE
35-3011,54,2626,FIXTURE
35-3011,55,8630,FIXTURE
35-3011,56,845,FIXTURE
35-3023,01,46917,FIXTURE
35-3023,02,6849,FIXTURE
35-3023,04,66782,FIXTURE
35-3023,05,28122,FIXTURE
35-3023,06,369213,FIXTURE
35-3023,08,53916,FIXTURE
35-3023,09,33673,FIXTURE
35-3023,10,9244,FIXTURE
35-3023,11,6439,FIXTURE
35-3023,12,201127,FIXTURE
35-3023,13,100029,FIXTURE
35-3023,15,13590,FIXTURE
35-3023,16,17174,FIXTURE
35-3023,17,119645,FIXTURE
35-3023,18,63364,FIXTURE
35-3023,19,29792,FIXTURE
35-3023,20,27434,FIXTURE
35-3023,21,42076,FIXTURE
35-3023,22,43495,FIXTURE
35-3023,23,12722,FIXTURE
35-3023,24,57684,FIXTURE
35-3023,25,65646,FIXTURE
35-3023,26,94104,FIXTURE
35-3023,27,53288,FIXTURE
35-3023,28,27653,FIXTURE
35-3023,29,57475,FIXTURE
35-3023,30,10125,FIXTURE
35-3023,31,18317,FIXTURE
35-3023,32,28991,FIXTURE
35-3023,33,12864,FIXTURE
35-3023,34,86742,FIXTURE
35-3023,35,19774,FIXTURE
35-3023,36,188642,FIXTURE
35-3023,37,97484,FIXTURE
35-3023,38,7275,FIXTURE
35-3023,39,110185,FIXTURE
35-3023,40,36973,FIXTURE
35-3023,41,39568,FIXTURE
35-3023,42,121421,FIXTURE
35-3023,44,10247,FIXTURE
35-3023,45,47797,FIXTURE
35-3023,46,8280,FIXTURE
35-3023,47,64534,FIXTURE
35-3023,48,272165,FIXTURE
35-3023,49,30551,FIXTURE
35-3023,50,6005,FIXTURE
35-3023,51,80601,FIXTURE
35-3023,53,71953,FIXTURE
35-3023,54,16750,FIXTURE
35-3023,55,55036,FIXTURE
35-3023,56,5387,FIXTURE
35-3031,01,27346,FIXTURE
35-3031,02,3992,FIXTURE
35-3031,04,38924,FIXTURE
35-3031,05,16391,FIXTURE
35-3031,06,215201,FIXTURE
35-3031,08,31425,FIXTURE
35-3031,09,19627,FIXTURE
35-3031,10,5388,FIXTURE
35-3031,11,3753,FIXTURE
35-3031,12,117229,FIXTURE
35-3031,13,58303,FIXTURE
35-3031,15,7921,FIXTURE
35-3031,16,10010,FIXTURE
35-3031,17,69737,FIXTURE
35-3031,18,36933,FIXTURE
35-3031,19,17365,FIXTURE
35-3031,20,15990,FIXTURE
35-3031,21,24525,FIXTURE
35-3031,22,25351,FIXTURE
35-3031,23,7415,FIXTURE
35-3031,24,33622,FIXTURE
35-3031,25,38263,FIXTURE
35-3031,26,54849,FIXTURE
35-3031,27,31060,FIXTURE
35-3031,28,16118,FIXTURE
35-3031,29,33500,FIXTURE
35-3031,30,5901,FIXTURE
35-3031,31,10676,FIXTURE
35-3031,32,16898,FIXTURE
35-3031,33,7498,FIXTURE
35-3031,34,50559,FIXTURE
35-3031,35,11525,FIXTURE
35-3031,36,109952,FIXTURE
35-3031,37,56820,FIXTURE
35-3031,38,4240,FIXTURE
35-3031,39,64223,FIXTURE
35-3031,40,21550,FIXTURE
35-3031,41,23063,FIXTURE
35-3031,42,70772,FIXTURE
35-3031,44,5973,FIXTURE
35-3031,45,27859,FIXTURE
35-3031,46,4826,FIXTURE
35-3031,47,37615,FIXTURE
35-3031,48,158635,FIXTURE
35-3031,49,17807,FIXTURE
35-3031,50,3500,FIXTURE
35-3031,51,46979,FIXTURE
35-3031,53,41939,FIXTURE
35-3031,54,9763,FIXTURE
35-3031,55,32079,FIXTURE
35-3031,56,3140,FIXTURE
35-3041,01,3684,FIXTURE
35-3041,02,538,FIXTURE
35-3041,04,5244,FIXTURE
35-3041,05,2208,FIXTURE
35-3041,06,28991,FIXTURE
35-3041,08,4233,FIXTURE
35-3041,09,2644,FIXTURE
35-3041,10,726,FIXTURE
35-3041,11,506,FIXTURE
35-3041,12,15793,FIXTURE
35-3041,13,7854,FIXTURE
35-3041,15,1067,FIXTURE
35-3041,16,1349,FIXTURE
35-3041,17,9395,FIXTURE
35-3041,18,4975,FIXTURE
35-3041,19,2339,FIXTURE
35-3041,20,2154,FIXTURE
35-3041,21,3304,FIXTURE
35-3041,22,3415,FIXTURE
35-3041,23,999,FIXTURE
35-3041,24,4529,FIXTURE
35-3041,25,5155,FIXTURE
35-3041,26,7389,FIXTURE
35-3041,27,4184,FIXTURE
35-3041,28,2171,FIXTURE
35-3041,29,4513,FIXTURE
35-3041,30,795,FIXTURE
35-3041,31,1438,FIXTURE
35-3041,32,2276,FIXTURE
35-3041,33,1010,FIXTURE
35-3041,34,6811,FIXTURE
35-3041,35,1553,FIXTURE
35-3041,36,14812,FIXTURE
35-3041,37,7655,FIXTURE
35-3041,38,571,FIXTURE
35-3041,39,8652,FIXTURE
35-3041,40,2903,FIXTURE
35-3041,41,3107,FIXTURE
35-3041,42,9534,FIXTURE
35-3041,44,805,FIXTURE
35-3041,45,3753,FIXTURE
35-3041,46,650,FIXTURE
35-3041,47,5067,FIXTURE
35-3041,48,21370,FIXTURE
35-3041,49,2399,FIXTURE
35-3041,50,472,FIXTURE
35-3041,51,6329,FIXTURE
35-3041,53,5650,FIXTURE
35-3041,54,1315,FIXTURE
35-3041,55,4321,FIXTURE
35-3041,56,423,FIXTURE
35-9011,01,5108,FIXTURE
35-9011,02,746,FIXTURE
35-9011,04,7271,FIXTURE
35-9011,05,3062,FIXTURE
35-9011,06,40197,FIXTURE
35-9011,08,5870,FIXTURE
35-9011,09,3666,FIXTURE
35-9011,10,1006,FIXTURE
35-9011,11,701,FIXTURE
35-9011,12,21897,FIXTURE
35-9011,13,10890,FIXTURE
35-9011,15,1479,FIXTURE
35-9011,16,1870,FIXTURE
35-9011,17,13026,FIXTURE
35-9011,18,6899,FIXTURE
35-9011,19,3243,FIXTURE
35-9011,20,2987,FIXTURE
35-9011,21,4581,FIXTURE
35-9011,22,4735,FIXTURE
35-9011,23,1385,FIXTURE
35-9011,24,6280,FIXTURE
35-9011,25,7147,FIXTURE
35-9011,26,10245,FIXTURE
35-9011,27,5802,FIXTURE
35-9011,28,3011,FIXTURE
35-9011,29,6257,FIXTURE
35-9011,30,1102,FIXTURE
35-9011,31,1994,FIXTURE
35-9011,32,3156,FIXTURE
35-9011,33,1400,FIXTURE
35-9011,34,9444,FIXTURE
35-9011,35,2153,FIXTURE
35-9011,36,20538,FIXTURE
35-9011,37,10613,FIXTURE
35-9011,38,792,FIXTURE
35-9011,39,11996,FIXTURE
35-9011,40,4025,FIXTURE
35-9011,41,4308,FIXTURE
35-9011,42,13219,FIXTURE
35-9011,44,1116,FIXTURE
35-9011,45,5204,FIXTURE
35-9011,46,901,FIXTURE
35-9011,47,7026,FIXTURE
35-9011,48,29631,FIXTURE
35-9011,49,3326,FIXTURE
35-9011,50,654,FIXTURE
35-9011,51,8775,FIXTURE
35-9011,53,7834,FIXTURE
35-9011,54,1824,FIXTURE
35-9011,55,5992,FIXTURE
35-9011,56,586,FIXTURE
35-9021,01,5715,FIXTURE
35-9021,02,834,FIXTURE
35-9021,04,8135,FIXTURE
35-9021,05,3426,FIXTURE
35-9021,06,44977,FIXTURE
35-9021,08,6568,FIXTURE
35-9021,09,4102,FIXTURE
35-9021,10,1126,FIXTURE
35-9021,11,784,FIXTURE
35-9021,12,24501,FIXTURE
35-9021,13,12185,FIXTURE
35-9021,15,1655,FIXTURE
35-9021,16,2092,FIXTURE
35-9021,17,14575,FIXTURE
35-9021,18,7719,FIXTURE
35-9021,19,3629,FIXTURE
35-9021,20,3342,FIXTURE
35-9021,21,5126,FIXTURE
35-9021,22,5298,FIXTURE
35-9021,23,1550,FIXTURE
35-9021,24,7027,FIXTURE
35-9021,25,7997,FIXTURE
35-9021,26,11464,FIXTURE
35-9021,27,6491,FIXTURE
35-9021,28,3369,FIXTURE
35-9021,29,7002,FIXTURE
35-9021,30,1233,FIXTURE
35-9021,31,2231,FIXTURE
35-9021,32,3532,FIXTURE
35-9021,33,1567,FIXTURE
35-9021,34,10567,FIXTURE
35-9021,35,2409,FIXTURE
35-9021,36,22980,FIXTURE
35-9021,37,11875,FIXTURE
35-9021,38,886,FIXTURE
35-9021,39,13422,FIXTURE
35-9021,40,4504,FIXTURE
35-9021,41,4820,FIXTURE
35-9021,42,14791,FIXTURE
35-9021,44,1248,FIXTURE
35-9021,45,5823,FIXTURE
35-9021,46,1009,FIXTURE
35-9021,47,7861,FIXTURE
35-9021,48,33155,FIXTURE
35-9021,49,3722,FIXTURE
35-9021,50,732,FIXTURE
35-9021,51,9819,FIXTURE
35-9021,53,8765,FIXTURE
35-9021,54,2040,FIXTURE
35-9021,55,6704,FIXTURE
35-9021,56,656,FIXTURE
35-9031,01,4922,FIXTURE
35-9031,02,718,FIXTURE
35-9031,04,7006,FIXTURE
35-9031,05,2950,FIXTURE
35-9031,06,38732,FIXTURE
35-9031,08,5656,FIXTURE
35-9031,09,3532,FIXTURE
35-9031,10,970,FIXTURE
35-9031,11,675,FIXTURE
35-9031,12,21099,FIXTURE
35-9031,13,10493,FIXTURE
35-9031,15,1426,FIXTURE
35-9031,16,1802,FIXTURE
35-9031,17,12551,FIXTURE
35-9031,18,6647,FIXTURE
35-9031,19,3125,FIXTURE
35-9031,20,2878,FIXTURE
35-9031,21,4414,FIXTURE
35-9031,22,4563,FIXTURE
35-9031,23,1335,FIXTURE
35-9031,24,6051,FIXTURE
35-9031,25,6887,FIXTURE
35-9031,26,9872,FIXTURE
35-9031,27,5590,FIXTURE
35-9031,28,2901,FIXTURE
35-9031,29,6029,FIXTURE
35-9031,30,1062,FIXTURE
35-9031,31,1922,FIXTURE
35-9031,32,3041,FIXTURE
35-9031,33,1349,FIXTURE
35-9031,34,9100,FIXTURE
35-9031,35,2074,FIXTURE
35-9031,36,19789,FIXTURE
35-9031,37,10226,FIXTURE
35-9031,38,763,FIXTURE
35-9031,39,11559,FIXTURE
35-9031,40,3879,FIXTURE
35-9031,41,4151,FIXTURE
35-9031,42,12738,FIXTURE
35-9031,44,1075,FIXTURE
35-9031,45,5014,FIXTURE
35-9031,46,869,FIXTURE
35-9031,47,6770,FIXTURE
35-9031,48,28551,FIXTURE
35-9031,49,3205,FIXTURE
35-9031,50,630,FIXTURE
35-9031,51,8455,FIXTURE
35-9031,53,7548,FIXTURE
35-9031,54,1757,FIXTURE
35-9031,55,5774,FIXTURE
35-9031,56,565,FIXTURE
35-9099,01,1262,FIXTURE
35-9099,02,184,FIXTURE
35-9099,04,1796,FIXTURE
35-9099,05,756,FIXTURE
35-9099,06,9930,FIXTURE
35-9099,08,1450,FIXTURE
35-9099,09,906,FIXTURE
35-9099,10,249,FIXTURE
35-9099,11,173,FIXTURE
35-9099,12,5409,FIXTURE
35-9099,13,2690,FIXTURE
35-9099,15,365,FIXTURE
35-9099,16,462,FIXTURE
35-9099,17,3218,FIXTURE
35-9099,18,1704,FIXTURE
35-9099,19,801,FIXTURE
35-9099,20,738,FIXTURE
35-9099,21,1132,FIXTURE
35-9099,22,1170,FIXTURE
35-9099,23,342,FIXTURE
35-9099,24,1551,FIXTURE
35-9099,25,1765,FIXTURE
35-9099,26,2531,FIXTURE
35-9099,27,1433,FIXTURE
35-9099,28,744,FIXTURE
35-9099,29,1546,FIXTURE
35-9099,30,272,FIXTURE
35-9099,31,493,FIXTURE
35-9099,32,780,FIXTURE
35-9099,33,346,FIXTURE
35-9099,34,2333,FIXTURE
35-9099,35,532,FIXTURE
35-9099,36,5073,FIXTURE
35-9099,37,2622,FIXTURE
35-9099,38,196,FIXTURE
35-9099,39,2963,FIXTURE
35-9099,40,994,FIXTURE
35-9099,41,1064,FIXTURE
35-9099,42,3265,FIXTURE
35-9099,44,276,FIXTURE
35-9099,45,1285,FIXTURE
35-9099,46,223,FIXTURE
35-9099,47,1735,FIXTURE
35-9099,48,7320,FIXTURE
35-9099,49,822,FIXTURE
35-9099,50,161,FIXTURE
35-9099,51,2168,FIXTURE
35-9099,53,1935,FIXTURE
35-9099,54,450,FIXTURE
35-9099,55,1480,FIXTURE
35-9099,56,145,FIXTURE
37-1011,01,2329,FIXTURE
37-1011,02,340,FIXTURE
37-1011,04,3315,FIXTURE
37-1011,05,1396,FIXTURE
37-1011,06,18328,FIXTURE
37-1011,08,2676,FIXTURE
37-1011,09,1671,FIXTURE
37-1011,10,459,FIXTURE
37-1011,11,320,FIXTURE
37-1011,12,9984,FIXTURE
37-1011,13,4965,FIXTURE
37-1011,15,675,FIXTURE
37-1011,16,852,FIXTURE
37-1011,17,5939,FIXTURE
37-1011,18,3145,FIXTURE
37-1011,19,1479,FIXTURE
37-1011,20,1362,FIXTURE
37-1011,21,2089,FIXTURE
37-1011,22,2159,FIXTURE
37-1011,23,631,FIXTURE
37-1011,24,2863,FIXTURE
37-1011,25,3259,FIXTURE
37-1011,26,4671,FIXTURE
37-1011,27,2645,FIXTURE
37-1011,28,1373,FIXTURE
37-1011,29,2853,FIXTURE
37-1011,30,503,FIXTURE
37-1011,31,909,FIXTURE
37-1011,32,1439,FIXTURE
37-1011,33,639,FIXTURE
37-1011,34,4306,FIXTURE
37-1011,35,982,FIXTURE
37-1011,36,9364,FIXTURE
37-1011,37,4839,FIXTURE
37-1011,38,361,FIXTURE
37-1011,39,5470,FIXTURE
37-1011,40,1835,FIXTURE
37-1011,41,1964,FIXTURE
37-1011,42,6027,FIXTURE
37-1011,44,509,FIXTURE
37-1011,45,2373,FIXTURE
37-1011,46,411,FIXTURE
37-1011,47,3203,FIXTURE
37-1011,48,13510,FIXTURE
37-1011,49,1517,FIXTURE
37-1011,50,298,FIXTURE
37-1011,51,4001,FIXTURE
37-1011,53,3572,FIXTURE
37-1011,54,831,FIXTURE
37-1011,55,2732,FIXTURE
37-1011,56,267,FIXTURE
37-1012,01,1764,FIXTURE
37-1012,02,257,FIXTURE
37-1012,04,2511,FIXTURE
37-1012,05,1057,FIXTURE
37-1012,06,13883,FIXTURE
37-1012,08,2027,FIXTURE
37-1012,09,1266,FIXTURE
37-1012,10,348,FIXTURE
37-1012,11,242,FIXTURE
37-1012,12,7563,FIXTURE
37-1012,13,3761,FIXTURE
37-1012,15,511,FIXTURE
37-1012,16,646,FIXTURE
37-1012,17,4499,FIXTURE
37-1012,18,2383,FIXTURE
37-1012,19,1120,FIXTURE
37-1012,20,1032,FIXTURE
37-1012,21,1582,FIXTURE
37-1012,22,1635,FIXTURE
37-1012,23,478,FIXTURE
37-1012,24,2169,FIXTURE
37-1012,25,2468,FIXTURE
37-1012,26,3538,FIXTURE
37-1012,27,2004,FIXTURE
37-1012,28,1040,FIXTURE
37-1012,29,2161,FIXTURE
37-1012,30,381,FIXTURE
37-1012,31,689,FIXTURE
37-1012,32,1090,FIXTURE
37-1012,33,484,FIXTURE
37-1012,34,3262,FIXTURE
37-1012,35,743,FIXTURE
37-1012,36,7093,FIXTURE
37-1012,37,3665,FIXTURE
37-1012,38,274,FIXTURE
37-1012,39,4143,FIXTURE
37-1012,40,1390,FIXTURE
37-1012,41,1488,FIXTURE
37-1012,42,4566,FIXTURE
37-1012,44,385,FIXTURE
37-1012,45,1797,FIXTURE
37-1012,46,311,FIXTURE
37-1012,47,2427,FIXTURE
37-1012,48,10234,FIXTURE
37-1012,49,1149,FIXTURE
37-1012,50,226,FIXTURE
37-1012,51,3031,FIXTURE
37-1012,53,2705,FIXTURE
37-1012,54,630,FIXTURE
37-1012,55,2069,FIXTURE
37-1012,56,203,FIXTURE
37-2011,01,30873,FIXTURE
37-2011,02,4507,FIXTURE
37-2011,04,43944,FIXTURE
37-2011,05,18505,FIXTURE
37-2011,06,242953,FIXTURE
37-2011,08,35478,FIXTURE
37-2011,09,22158,FIXTURE
37-2011,10,6083,FIXTURE
37-2011,11,4237,FIXTURE
37-2011,12,132347,FIXTURE
37-2011,13,65822,FIXTURE
37-2011,15,8942,FIXTURE
37-2011,16,11301,FIXTURE
37-2011,17,78730,FIXTURE
37-2011,18,41695,FIXTURE
37-2011,19,19604,FIXTURE
37-2011,20,18053,FIXTURE
37-2011,21,27687,FIXTURE
37-2011,22,28621,FIXTURE
37-2011,23,8371,FIXTURE
37-2011,24,37958,FIXTURE
37-2011,25,43197,FIXTURE
37-2011,26,61923,FIXTURE
37-2011,27,35065,FIXTURE
37-2011,28,18196,FIXTURE
37-2011,29,37821,FIXTURE
37-2011,30,6662,FIXTURE
37-2011,31,12053,FIXTURE
37-2011,32,19077,FIXTURE
37-2011,33,8465,FIXTURE
37-2011,34,57079,FIXTURE
37-2011,35,13012,FIXTURE
37-2011,36,124132,FIXTURE
37-2011,37,64148,FIXTURE
37-2011,38,4787,FIXTURE
37-2011,39,72505,FIXTURE
37-2011,40,24329,FIXTURE
37-2011,41,26037,FIXTURE
37-2011,42,79899,FIXTURE
37-2011,44,6743,FIXTURE
37-2011,45,31452,FIXTURE
37-2011,46,5448,FIXTURE
37-2011,47,42466,FIXTURE
37-2011,48,179092,FIXTURE
37-2011,49,20103,FIXTURE
37-2011,50,3952,FIXTURE
37-2011,51,53038,FIXTURE
37-2011,53,47347,FIXTURE
37-2011,54,11022,FIXTURE
37-2011,55,36216,FIXTURE
37-2011,56,3545,FIXTURE
37-2012,01,10966,FIXTURE
37-2012,02,1601,FIXTURE
37-2012,04,15609,FIXTURE
37-2012,05,6573,FIXTURE
37-2012,06,86297,FIXTURE
37-2012,08,12602,FIXTURE
37-2012,09,7870,FIXTURE
37-2012,10,2161,FIXTURE
37-2012,11,1505,FIXTURE
37-2012,12,47010,FIXTURE
37-2012,13,23380,FIXTURE
37-2012,15,3176,FIXTURE
37-2012,16,4014,FIXTURE
37-2012,17,27965,FIXTURE
37-2012,18,14810,FIXTURE
37-2012,19,6963,FIXTURE
37-2012,20,6412,FIXTURE
37-2012,21,9835,FIXTURE
37-2012,22,10166,FIXTURE
37-2012,23,2974,FIXTURE
37-2012,24,13483,FIXTURE
37-2012,25,15344,FIXTURE
37-2012,26,21995,FIXTURE
37-2012,27,12455,FIXTURE
37-2012,28,6463,FIXTURE
37-2012,29,13434,FIXTURE
37-2012,30,2366,FIXTURE
37-2012,31,4281,FIXTURE
37-2012,32,6776,FIXTURE
37-2012,33,3007,FIXTURE
37-2012,34,20274,FIXTURE
37-2012,35,4622,FIXTURE
37-2012,36,44092,FIXTURE
37-2012,37,22785,FIXTURE
37-2012,38,1700,FIXTURE
37-2012,39,25754,FIXTURE
37-2012,40,8642,FIXTURE
37-2012,41,9248,FIXTURE
37-2012,42,28380,FIXTURE
37-2012,44,2395,FIXTURE
37-2012,45,11172,FIXTURE
37-2012,46,1935,FIXTURE
37-2012,47,15084,FIXTURE
37-2012,48,63614,FIXTURE
37-2012,49,7141,FIXTURE
37-2012,50,1404,FIXTURE
37-2012,51,18839,FIXTURE
37-2012,53,16818,FIXTURE
37-2012,54,3915,FIXTURE
37-2012,55,12864,FIXTURE
37-2012,56,1259,FIXTURE
37-2019,01,263,FIXTURE
37-2019,02,38,FIXTURE
37-2019,04,374,FIXTURE
37-2019,05,158,FIXTURE
37-2019,06,2070,FIXTURE
37-2019,08,302,FIXTURE
37-2019,09,189,FIXTURE
37-2019,10,52,FIXTURE
37-2019,11,36,FIXTURE
37-2019,12,1127,FIXTURE
37-2019,13,561,FIXTURE
37-2019,15,76,FIXTURE
37-2019,16,96,FIXTURE
37-2019,17,671,FIXTURE
37-2019,18,355,FIXTURE
37-2019,19,167,FIXTURE
37-2019,20,154,FIXTURE
37-2019,21,236,FIXTURE
37-2019,22,244,FIXTURE
37-2019,23,71,FIXTURE
37-2019,24,323,FIXTURE
37-2019,25,368,FIXTURE
37-2019,26,527,FIXTURE
37-2019,27,299,FIXTURE
37-2019,28,155,FIXTURE
37-2019,29,322,FIXTURE
37-2019,30,57,FIXTURE
37-2019,31,103,FIXTURE
37-2019,32,163,FIXTURE
37-2019,33,72,FIXTURE
37-2019,34,486,FIXTURE
37-2019,35,111,FIXTURE
37-2019,36,1057,FIXTURE
37-2019,37,546,FIXTURE
37-2019,38,41,FIXTURE
37-2019,39,618,FIXTURE
37-2019,40,207,FIXTURE
37-2019,41,222,FIXTURE
37-2019,42,681,FIXTURE
37-2019,44,57,FIXTURE
37-2019,45,268,FIXTURE
37-2019,46,46,FIXTURE
37-2019,47,362,FIXTURE
37-2019,48,1526,FIXTURE
37-2019,49,171,FIXTURE
37-2019,50,34,FIXTURE
37-2019,51,452,FIXTURE
37-2019,53,403,FIXTURE
37-2019,54,94,FIXTURE
37-2019,55,309,FIXTURE
37-2019,56,30,FIXTURE
37-2021,01,1294,FIXTURE
37-2021,02,189,FIXTURE
37-2021,04,1842,FIXTURE
37-2021,05,776,FIXTURE
37-2021,06,10184,FIXTURE
37-2021,08,1487,FIXTURE
37-2021,09,929,FIXTURE
37-2021,10,255,FIXTURE
37-2021,11,177,FIXTURE
37-2021,12,5547,FIXTURE
37-2021,13,2759,FIXTURE
37-2021,15,375,FIXTURE
37-2021,16,474,FIXTURE
37-2021,17,3300,FIXTURE
37-2021,18,1748,FIXTURE
37-2021,19,822,FIXTURE
37-2021,20,757,FIXTURE
37-2021,21,1160,FIXTURE
37-2021,22,1200,FIXTURE
37-2021,23,351,FIXTURE
37-2021,24,1591,FIXTURE
37-2021,25,1811,FIXTURE
37-2021,26,2595,FIXTURE
37-2021,27,1470,FIXTURE
37-2021,28,763,FIXTURE
37-2021,29,1585,FIXTURE
37-2021,30,279,FIXTURE
37-2021,31,505,FIXTURE
37-2021,32,800,FIXTURE
37-2021,33,355,FIXTURE
37-2021,34,2392,FIXTURE
37-2021,35,545,FIXTURE
37-2021,36,5203,FIXTURE
37-2021,37,2689,FIXTURE
37-2021,38,201,FIXTURE
37-2021,39,3039,FIXTURE
37-2021,40,1020,FIXTURE
37-2021,41,1091,FIXTURE
37-2021,42,3349,FIXTURE
37-2021,44,283,FIXTURE
37-2021,45,1318,FIXTURE
37-2021,46,228,FIXTURE
37-2021,47,1780,FIXTURE
37-2021,48,7507,FIXTURE
37-2021,49,843,FIXTURE
37-2021,50,166,FIXTURE
37-2021,51,2223,FIXTURE
37-2021,53,1985,FIXTURE
37-2021,54,462,FIXTURE
37-2021,55,1518,FIXTURE
37-2021,56,148,FIXTURE
37-3011,01,13528,FIXTURE
37-3011,02,1975,FIXTURE
37-3011,04,19256,FIXTURE
37-3011,05,8109,FIXTURE
37-3011,06,106459,FIXTURE
37-3011,08,15546,FIXTURE
37-3011,09,9709,FIXTURE
37-3011,10,2666,FIXTURE
37-3011,11,1857,FIXTURE
37-3011,12,57993,FIXTURE
37-3011,13,28843,FIXTURE
37-3011,15,3918,FIXTURE
37-3011,16,4952,FIXTURE
37-3011,17,34499,FIXTURE
37-3011,18,18270,FIXTURE
37-3011,19,8590,FIXTURE
37-3011,20,7910,FIXTURE
37-3011,21,12132,FIXTURE
37-3011,22,12541,FIXTURE
37-3011,23,3668,FIXTURE
37-3011,24,16633,FIXTURE
37-3011,25,18929,FIXTURE
37-3011,26,27134,FIXTURE
37-3011,27,15365,FIXTURE
37-3011,28,7973,FIXTURE
37-3011,29,16573,FIXTURE
37-3011,30,2919,FIXTURE
37-3011,31,5281,FIXTURE
37-3011,32,8359,FIXTURE
37-3011,33,3709,FIXTURE
37-3011,34,25011,FIXTURE
37-3011,35,5702,FIXTURE
37-3011,36,54393,FIXTURE
37-3011,37,28109,FIXTURE
37-3011,38,2098,FIXTURE
37-3011,39,31771,FIXTURE
37-3011,40,10661,FIXTURE
37-3011,41,11409,FIXTURE
37-3011,42,35011,FIXTURE
37-3011,44,2955,FIXTURE
37-3011,45,13782,FIXTURE
37-3011,46,2387,FIXTURE
37-3011,47,18608,FIXTURE
37-3011,48,78476,FIXTURE
37-3011,49,8809,FIXTURE
37-3011,50,1732,FIXTURE
37-3011,51,23241,FIXTURE
37-3011,53,20747,FIXTURE
37-3011,54,4830,FIXTURE
37-3011,55,15869,FIXTURE
37-3011,56,1553,FIXTURE
37-3012,01,391,FIXTURE
37-3012,02,57,FIXTURE
37-3012,04,557,FIXTURE
37-3012,05,235,FIXTURE
37-3012,06,3080,FIXTURE
37-3012,08,450,FIXTURE
37-3012,09,281,FIXTURE
37-3012,10,77,FIXTURE
37-3012,11,54,FIXTURE
37-3012,12,1678,FIXTURE
37-3012,13,834,FIXTURE
37-3012,15,113,FIXTURE
37-3012,16,143,FIXTURE
37-3012,17,998,FIXTURE
37-3012,18,529,FIXTURE
37-3012,19,249,FIXTURE
37-3012,20,229,FIXTURE
37-3012,21,351,FIXTURE
37-3012,22,363,FIXTURE
37-3012,23,106,FIXTURE
37-3012,24,481,FIXTURE
37-3012,25,548,FIXTURE
37-3012,26,785,FIXTURE
37-3012,27,445,FIXTURE
37-3012,28,231,FIXTURE
37-3012,29,479,FIXTURE
37-3012,30,84,FIXTURE
37-3012,31,153,FIXTURE
37-3012,32,242,FIXTURE
37-3012,33,107,FIXTURE
37-3012,34,724,FIXTURE
37-3012,35,165,FIXTURE
37-3012,36,1574,FIXTURE
37-3012,37,813,FIXTURE
37-3012,38,61,FIXTURE
37-3012,39,919,FIXTURE
37-3012,40,308,FIXTURE
37-3012,41,330,FIXTURE
37-3012,42,1013,FIXTURE
37-3012,44,86,FIXTURE
37-3012,45,399,FIXTURE
37-3012,46,69,FIXTURE
37-3012,47,538,FIXTURE
37-3012,48,2270,FIXTURE
37-3012,49,255,FIXTURE
37-3012,50,50,FIXTURE
37-3012,51,672,FIXTURE
37-3012,53,600,FIXTURE
37-3012,54,140,FIXTURE
37-3012,55,459,FIXTURE
37-3012,56,45,FIXTURE
37-3013,01,635,FIXTURE
37-3013,02,93,FIXTURE
37-3013,04,904,FIXTURE
37-3013,05,381,FIXTURE
37-3013,06,5001,FIXTURE
37-3013,08,730,FIXTURE
37-3013,09,456,FIXTURE
37-3013,10,125,FIXTURE
37-3013,11,87,FIXTURE
37-3013,12,2724,FIXTURE
37-3013,13,1355,FIXTURE
37-3013,15,184,FIXTURE
37-3013,16,233,FIXTURE
37-3013,17,1620,FIXTURE
37-3013,18,858,FIXTURE
37-3013,19,403,FIXTURE
37-3013,20,372,FIXTURE
37-3013,21,570,FIXTURE
37-3013,22,589,FIXTURE
37-3013,23,172,FIXTURE
37-3013,24,781,FIXTURE
37-3013,25,889,FIXTURE
37-3013,26,1275,FIXTURE
37-3013,27,722,FIXTURE
37-3013,28,375,FIXTURE
37-3013,29,778,FIXTURE
37-3013,30,137,FIXTURE
37-3013,31,248,FIXTURE
37-3013,32,393,FIXTURE
37-3013,33,174,FIXTURE
37-3013,34,1175,FIXTURE
37-3013,35,268,FIXTURE
37-3013,36,2555,FIXTURE
37-3013,37,1320,FIXTURE
37-3013,38,99,FIXTURE
37-3013,39,1492,FIXTURE
37-3013,40,501,FIXTURE
37-3013,41,536,FIXTURE
37-3013,42,1645,FIXTURE
37-3013,44,139,FIXTURE
37-3013,45,647,FIXTURE
37-3013,46,112,FIXTURE
37-3013,47,874,FIXTURE
37-3013,48,3686,FIXTURE
37-3013,49,414,FIXTURE
37-3013,50,81,FIXTURE
37-3013,51,1092,FIXTURE
37-3013,53,975,FIXTURE
37-3013,54,227,FIXTURE
37-3013,55,745,FIXTURE
37-3013,56,73,FIXTURE
37-3019,01,239,FIXTURE
37-3019,02,35,FIXTURE
37-3019,04,340,FIXTURE
37-3019,05,143,FIXTURE
37-3019,06,1881,FIXTURE
37-3019,08,275,FIXTURE
37-3019,09,172,FIXTURE
37-3019,10,47,FIXTURE
37-3019,11,33,FIXTURE
37-3019,12,1025,FIXTURE
37-3019,13,510,FIXTURE
37-3019,15,69,FIXTURE
37-3019,16,87,FIXTURE
37-3019,17,610,FIXTURE
37-3019,18,323,FIXTURE
37-3019,19,152,FIXTURE
37-3019,20,140,FIXTURE
37-3019,21,214,FIXTURE
37-3019,22,222,FIXTURE
37-3019,23,65,FIXTURE
37-3019,24,294,FIXTURE
37-3019,25,334,FIXTURE
37-3019,26,479,FIXTURE
37-3019,27,271,FIXTURE
37-3019,28,141,FIXTURE
37-3019,29,293,FIXTURE
37-3019,30,52,FIXTURE
37-3019,31,93,FIXTURE
37-3019,32,148,FIXTURE
37-3019,33,65,FIXTURE
37-3019,34,442,FIXTURE
37-3019,35,101,FIXTURE
37-3019,36,961,FIXTURE
37-3019,37,497,FIXTURE
37-3019,38,37,FIXTURE
37-3019,39,561,FIXTURE
37-3019,40,188,FIXTURE
37-3019,41,202,FIXTURE
37-3019,42,619,FIXTURE
37-3019,44,52,FIXTURE
37-3019,45,243,FIXTURE
37-3019,46,42,FIXTURE
37-3019,47,329,FIXTURE
37-3019,48,1387,FIXTURE
37-3019,49,156,FIXTURE
37-3019,50,31,FIXTURE
37-3019,51,411,FIXTURE
37-3019,53,367,FIXTURE
37-3019,54,85,FIXTURE
37-3019,55,280,FIXTURE
37-3019,56,27,FIXTURE
39-1013,01,296,FIXTURE
39-1013,02,43,FIXTURE
39-1013,04,421,FIXTURE
39-1013,05,177,FIXTURE
39-1013,06,2327,FIXTURE
39-1013,08,340,FIXTURE
39-1013,09,212,FIXTURE
39-1013,10,58,FIXTURE
39-1013,11,41,FIXTURE
39-1013,12,1268,FIXTURE
39-1013,13,630,FIXTURE
39-1013,15,86,FIXTURE
39-1013,16,108,FIXTURE
39-1013,17,754,FIXTURE
39-1013,18,399,FIXTURE
39-1013,19,188,FIXTURE
39-1013,20,173,FIXTURE
39-1013,21,265,FIXTURE
39-1013,22,274,FIXTURE
39-1013,23,80,FIXTURE
39-1013,24,364,FIXTURE
39-1013,25,414,FIXTURE
39-1013,26,593,FIXTURE
39-1013,27,336,FIXTURE
39-1013,28,174,FIXTURE
39-1013,29,362,FIXTURE
39-1013,30,64,FIXTURE
39-1013,31,115,FIXTURE
39-1013,32,183,FIXTURE
39-1013,33,81,FIXTURE
39-1013,34,547,FIXTURE
39-1013,35,125,FIXTURE
39-1013,36,1189,FIXTURE
39-1013,37,614,FIXTURE
39-1013,38,46,FIXTURE
39-1013,39,695,FIXTURE
39-1013,40,233,FIXTURE
39-1013,41,249,FIXTURE
39-1013,42,765,FIXTURE
39-1013,44,65,FIXTURE
39-1013,45,301,FIXTURE
39-1013,46,52,FIXTURE
39-1013,47,407,FIXTURE
39-1013,48,1716,FIXTURE
39-1013,49,193,FIXTURE
39-1013,50,38,FIXTURE
39-1013,51,508,FIXTURE
39-1013,53,454,FIXTURE
39-1013,54,106,FIXTURE
39-1013,55,347,FIXTURE
39-1013,56,34,FIXTURE
39-1014,01,1013,FIXTURE
39-1014,02,148,FIXTURE
39-1014,04,1443,FIXTURE
39-1014,05,607,FIXTURE
39-1014,06,7976,FIXTURE
39-1014,08,1165,FIXTURE
39-1014,09,727,FIXTURE
39-1014,10,200,FIXTURE
39-1014,11,139,FIXTURE
39-1014,12,4345,FIXTURE
39-1014,13,2161,FIXTURE
39-1014,15,293,FIXTURE
39-1014,16,371,FIXTURE
39-1014,17,2584,FIXTURE
39-1014,18,1369,FIXTURE
39-1014,19,643,FIXTURE
39-1014,20,593,FIXTURE
39-1014,21,909,FIXTURE
39-1014,22,940,FIXTURE
39-1014,23,275,FIXTURE
39-1014,24,1246,FIXTURE
39-1014,25,1418,FIXTURE
39-1014,26,2033,FIXTURE
39-1014,27,1151,FIXTURE
39-1014,28,597,FIXTURE
39-1014,29,1242,FIXTURE
39-1014,30,219,FIXTURE
39-1014,31,396,FIXTURE
39-1014,32,626,FIXTURE
39-1014,33,278,FIXTURE
39-1014,34,1874,FIXTURE
39-1014,35,427,FIXTURE
39-1014,36,4075,FIXTURE
39-1014,37,2106,FIXTURE
39-1014,38,157,FIXTURE
39-1014,39,2380,FIXTURE
39-1014,40,799,FIXTURE
39-1014,41,855,FIXTURE
39-1014,42,2623,FIXTURE
39-1014,44,221,FIXTURE
39-1014,45,1032,FIXTURE
39-1014,46,179,FIXTURE
39-1014,47,1394,FIXTURE
39-1014,48,5879,FIXTURE
39-1014,49,660,FIXTURE
39-1014,50,130,FIXTURE
39-1014,51,1741,FIXTURE
39-1014,53,1554,FIXTURE
39-1014,54,362,FIXTURE
39-1014,55,1189,FIXTURE
39-1014,56,116,FIXTURE
39-1022,01,1531,FIXTURE
39-1022,02,224,FIXTURE
39-1022,04,2180,FIXTURE
39-1022,05,918,FIXTURE
39-1022,06,12052,FIXTURE
39-1022,08,1760,FIXTURE
39-1022,09,1099,FIXTURE
39-1022,10,302,FIXTURE
39-1022,11,210,FIXTURE
39-1022,12,6565,FIXTURE
39-1022,13,3265,FIXTURE
39-1022,15,444,FIXTURE
39-1022,16,561,FIXTURE
39-1022,17,3905,FIXTURE
39-1022,18,2068,FIXTURE
39-1022,19,972,FIXTURE
39-1022,20,896,FIXTURE
39-1022,21,1373,FIXTURE
39-1022,22,1420,FIXTURE
39-1022,23,415,FIXTURE
39-1022,24,1883,FIXTURE
39-1022,25,2143,FIXTURE
39-1022,26,3072,FIXTURE
39-1022,27,1739,FIXTURE
39-1022,28,903,FIXTURE
39-1022,29,1876,FIXTURE
39-1022,30,330,FIXTURE
39-1022,31,598,FIXTURE
39-1022,32,946,FIXTURE
39-1022,33,420,FIXTURE
39-1022,34,2831,FIXTURE
39-1022,35,645,FIXTURE
39-1022,36,6158,FIXTURE
39-1022,37,3182,FIXTURE
39-1022,38,237,FIXTURE
39-1022,39,3597,FIXTURE
39-1022,40,1207,FIXTURE
39-1022,41,1292,FIXTURE
39-1022,42,3963,FIXTURE
39-1022,44,335,FIXTURE
39-1022,45,1560,FIXTURE
39-1022,46,270,FIXTURE
39-1022,47,2107,FIXTURE
39-1022,48,8884,FIXTURE
39-1022,49,997,FIXTURE
39-1022,50,196,FIXTURE
39-1022,51,2631,FIXTURE
39-1022,53,2349,FIXTURE
39-1022,54,547,FIXTURE
39-1022,55,1796,FIXTURE
39-1022,56,176,FIXTURE
39-2011,01,240,FIXTURE
39-2011,02,35,FIXTURE
39-2011,04,342,FIXTURE
39-2011,05,144,FIXTURE
39-2011,06,1890,FIXTURE
39-2011,08,276,FIXTURE
39-2011,09,172,FIXTURE
39-2011,10,47,FIXTURE
39-2011,11,33,FIXTURE
39-2011,12,1029,FIXTURE
39-2011,13,512,FIXTURE
39-2011,15,70,FIXTURE
39-2011,16,88,FIXTURE
39-2011,17,612,FIXTURE
39-2011,18,324,FIXTURE
39-2011,19,152,FIXTURE
39-2011,20,140,FIXTURE
39-2011,21,215,FIXTURE
39-2011,22,223,FIXTURE
39-2011,23,65,FIXTURE
39-2011,24,295,FIXTURE
39-2011,25,336,FIXTURE
39-2011,26,482,FIXTURE
39-2011,27,273,FIXTURE
39-2011,28,142,FIXTURE
39-2011,29,294,FIXTURE
39-2011,30,52,FIXTURE
39-2011,31,94,FIXTURE
39-2011,32,148,FIXTURE
39-2011,33,66,FIXTURE
39-2011,34,444,FIXTURE
39-2011,35,101,FIXTURE
39-2011,36,965,FIXTURE
39-2011,37,499,FIXTURE
39-2011,38,37,FIXTURE
39-2011,39,564,FIXTURE
39-2011,40,189,FIXTURE
39-2011,41,203,FIXTURE
39-2011,42,621,FIXTURE
39-2011,44,52,FIXTURE
39-2011,45,245,FIXTURE
39-2011,46,42,FIXTURE
39-2011,47,330,FIXTURE
39-2011,48,1393,FIXTURE
39-2011,49,156,FIXTURE
39-2011,50,31,FIXTURE
39-2011,51,413,FIXTURE
39-2011,53,368,FIXTURE
39-2011,54,86,FIXTURE
39-2011,55,282,FIXTURE
39-2011,56,28,FIXTURE
39-2021,01,3421,FIXTURE
39-2021,02,499,FIXTURE
39-2021,04,4869,FIXTURE
39-2021,05,2051,FIXTURE
39-2021,06,26921,FIXTURE
39-2021,08,3931,FIXTURE
39-2021,09,2455,FIXTURE
39-2021,10,674,FIXTURE
39-2021,11,470,FIXTURE
39-2021,12,14665,FIXTURE
39-2021,13,7294,FIXTURE
39-2021,15,991,FIXTURE
39-2021,16,1252,FIXTURE
39-2021,17,8724,FIXTURE
39-2021,18,4620,FIXTURE
39-2021,19,2172,FIXTURE
39-2021,20,2000,FIXTURE
39-2021,21,3068,FIXTURE
39-2021,22,3171,FIXTURE
39-2021,23,928,FIXTURE
39-2021,24,4206,FIXTURE
39-2021,25,4787,FIXTURE
39-2021,26,6862,FIXTURE
39-2021,27,3885,FIXTURE
39-2021,28,2016,FIXTURE
39-2021,29,4191,FIXTURE
39-2021,30,738,FIXTURE
39-2021,31,1336,FIXTURE
39-2021,32,2114,FIXTURE
39-2021,33,938,FIXTURE
39-2021,34,6325,FIXTURE
39-2021,35,1442,FIXTURE
39-2021,36,13755,FIXTURE
39-2021,37,7108,FIXTURE
39-2021,38,530,FIXTURE
39-2021,39,8034,FIXTURE
39-2021,40,2696,FIXTURE
39-2021,41,2885,FIXTURE
39-2021,42,8853,FIXTURE
39-2021,44,747,FIXTURE
39-2021,45,3485,FIXTURE
39-2021,46,604,FIXTURE
39-2021,47,4706,FIXTURE
39-2021,48,19845,FIXTURE
39-2021,49,2228,FIXTURE
39-2021,50,438,FIXTURE
39-2021,51,5877,FIXTURE
39-2021,53,5246,FIXTURE
39-2021,54,1221,FIXTURE
39-2021,55,4013,FIXTURE
39-2021,56,393,FIXTURE
39-3011,01,981,FIXTURE
39-3011,02,143,FIXTURE
39-3011,04,1396,FIXTURE
39-3011,05,588,FIXTURE
39-3011,06,7718,FIXTURE
39-3011,08,1127,FIXTURE
39-3011,09,704,FIXTURE
39-3011,10,193,FIXTURE
39-3011,11,135,FIXTURE
39-3011,12,4204,FIXTURE
39-3011,13,2091,FIXTURE
39-3011,15,284,FIXTURE
39-3011,16,359,FIXTURE
39-3011,17,2501,FIXTURE
39-3011,18,1325,FIXTURE
39-3011,19,623,FIXTURE
39-3011,20,574,FIXTURE
39-3011,21,880,FIXTURE
39-3011,22,909,FIXTURE
39-3011,23,266,FIXTURE
39-3011,24,1206,FIXTURE
39-3011,25,1372,FIXTURE
39-3011,26,1967,FIXTURE
39-3011,27,1114,FIXTURE
39-3011,28,578,FIXTURE
39-3011,29,1201,FIXTURE
39-3011,30,212,FIXTURE
39-3011,31,383,FIXTURE
39-3011,32,606,FIXTURE
39-3011,33,269,FIXTURE
39-3011,34,1813,FIXTURE
39-3011,35,413,FIXTURE
39-3011,36,3943,FIXTURE
39-3011,37,2038,FIXTURE
39-3011,38,152,FIXTURE
39-3011,39,2303,FIXTURE
39-3011,40,773,FIXTURE
39-3011,41,827,FIXTURE
39-3011,42,2538,FIXTURE
39-3011,44,214,FIXTURE
39-3011,45,999,FIXTURE
39-3011,46,173,FIXTURE
39-3011,47,1349,FIXTURE
39-3011,48,5689,FIXTURE
39-3011,49,639,FIXTURE
39-3011,50,126,FIXTURE
39-3011,51,1685,FIXTURE
39-3011,53,1504,FIXTURE
39-3011,54,350,FIXTURE
39-3011,55,1150,FIXTURE
39-3011,56,113,FIXTURE
39-3012,01,111,FIXTURE
39-3012,02,16,FIXTURE
39-3012,04,158,FIXTURE
39-3012,05,67,FIXTURE
39-3012,06,876,FIXTURE
39-3012,08,128,FIXTURE
39-3012,09,80,FIXTURE
39-3012,10,22,FIXTURE
39-3012,11,15,FIXTURE
39-3012,12,477,FIXTURE
39-3012,13,237,FIXTURE
39-3012,15,32,FIXTURE
39-3012,16,41,FIXTURE
39-3012,17,284,FIXTURE
39-3012,18,150,FIXTURE
39-3012,19,71,FIXTURE
39-3012,20,65,FIXTURE
39-3012,21,100,FIXTURE
39-3012,22,103,FIXTURE
39-3012,23,30,FIXTURE
39-3012,24,137,FIXTURE
39-3012,25,156,FIXTURE
39-3012,26,223,FIXTURE
39-3012,27,126,FIXTURE
39-3012,28,66,FIXTURE
39-3012,29,136,FIXTURE
39-3012,30,24,FIXTURE
39-3012,31,43,FIXTURE
39-3012,32,69,FIXTURE
39-3012,33,31,FIXTURE
39-3012,34,206,FIXTURE
39-3012,35,47,FIXTURE
39-3012,36,447,FIXTURE
39-3012,37,231,FIXTURE
39-3012,38,17,FIXTURE
39-3012,39,261,FIXTURE
39-3012,40,88,FIXTURE
39-3012,41,94,FIXTURE
39-3012,42,288,FIXTURE
39-3012,44,24,FIXTURE
39-3012,45,113,FIXTURE
39-3012,46,20,FIXTURE
39-3012,47,153,FIXTURE
39-3012,48,645,FIXTURE
39-3012,49,72,FIXTURE
39-3012,50,14,FIXTURE
39-3012,51,191,FIXTURE
39-3012,53,171,FIXTURE
39-3012,54,40,FIXTURE
39-3012,55,131,FIXTURE
39-3012,56,13,FIXTURE
39-3019,01,164,FIXTURE
39-3019,02,24,FIXTURE
39-3019,04,233,FIXTURE
39-3019,05,98,FIXTURE
39-3019,06,1291,FIXTURE
39-3019,08,189,FIXTURE
39-3019,09,118,FIXTURE
39-3019,10,32,FIXTURE
39-3019,11,23,FIXTURE
39-3019,12,703,FIXTURE
39-3019,13,350,FIXTURE
39-3019,15,48,FIXTURE
39-3019,16,60,FIXTURE
39-3019,17,418,FIXTURE
39-3019,18,222,FIXTURE
39-3019,19,104,FIXTURE
39-3019,20,96,FIXTURE
39-3019,21,147,FIXTURE
39-3019,22,152,FIXTURE
39-3019,23,44,FIXTURE
39-3019,24,202,FIXTURE
39-3019,25,230,FIXTURE
39-3019,26,329,FIXTURE
39-3019,27,186,FIXTURE
39-3019,28,97,FIXTURE
39-3019,29,201,FIXTURE
39-3019,30,35,FIXTURE
39-3019,31,64,FIXTURE
39-3019,32,101,FIXTURE
39-3019,33,45,FIXTURE
39-3019,34,303,FIXTURE
39-3019,35,69,FIXTURE
39-3019,36,659,FIXTURE
39-3019,37,341,FIXTURE
39-3019,38,25,FIXTURE
39-3019,39,385,FIXTURE
39-3019,40,129,FIXTURE
39-3019,41,138,FIXTURE
39-3019,42,424,FIXTURE
39-3019,44,36,FIXTURE
39-3019,45,167,FIXTURE
39-3019,46,29,FIXTURE
39-3019,47,226,FIXTURE
39-3019,48,951,FIXTURE
39-3019,49,107,FIXTURE
39-3019,50,21,FIXTURE
39-3019,51,282,FIXTURE
39-3019,53,252,FIXTURE
39-3019,54,59,FIXTURE
39-3019,55,192,FIXTURE
39-3019,56,19,FIXTURE
39-3021,01,25,FIXTURE
39-3021,02,4,FIXTURE
39-3021,04,35,FIXTURE
39-3021,05,15,FIXTURE
39-3021,06,193,FIXTURE
39-3021,08,28,FIXTURE
39-3021,09,18,FIXTURE
39-3021,10,5,FIXTURE
39-3021,11,3,FIXTURE
39-3021,12,105,FIXTURE
39-3021,13,52,FIXTURE
39-3021,15,7,FIXTURE
39-3021,16,9,FIXTURE
39-3021,17,63,FIXTURE
39-3021,18,33,FIXTURE
39-3021,19,16,FIXTURE
39-3021,20,14,FIXTURE
39-3021,21,22,FIXTURE
39-3021,22,23,FIXTURE
39-3021,23,7,FIXTURE
39-3021,24,30,FIXTURE
39-3021,25,34,FIXTURE
39-3021,26,49,FIXTURE
39-3021,27,28,FIXTURE
39-3021,28,14,FIXTURE
39-3021,29,30,FIXTURE
39-3021,30,5,FIXTURE
39-3021,31,10,FIXTURE
39-3021,32,15,FIXTURE
39-3021,33,7,FIXTURE
39-3021,34,45,FIXTURE
39-3021,35,10,FIXTURE
39-3021,36,99,FIXTURE
39-3021,37,51,FIXTURE
39-3021,38,4,FIXTURE
39-3021,39,58,FIXTURE
39-3021,40,19,FIXTURE
39-3021,41,21,FIXTURE
39-3021,42,64,FIXTURE
39-3021,44,5,FIXTURE
39-3021,45,25,FIXTURE
39-3021,46,4,FIXTURE
39-3021,47,34,FIXTURE
39-3021,48,142,FIXTURE
39-3021,49,16,FIXTURE
39-3021,50,3,FIXTURE
39-3021,51,42,FIXTURE
39-3021,53,38,FIXTURE
39-3021,54,9,FIXTURE
39-3021,55,29,FIXTURE
39-3021,56,3,FIXTURE
39-3031,01,833,FIXTURE
39-3031,02,122,FIXTURE
39-3031,04,1186,FIXTURE
39-3031,05,499,FIXTURE
39-3031,06,6557,FIXTURE
39-3031,08,958,FIXTURE
39-3031,09,598,FIXTURE
39-3031,10,164,FIXTURE
39-3031,11,114,FIXTURE
39-3031,12,3572,FIXTURE
39-3031,13,1777,FIXTURE
39-3031,15,241,FIXTURE
39-3031,16,305,FIXTURE
39-3031,17,2125,FIXTURE
39-3031,18,1125,FIXTURE
39-3031,19,529,FIXTURE
39-3031,20,487,FIXTURE
39-3031,21,747,FIXTURE
39-3031,22,773,FIXTURE
39-3031,23,226,FIXTURE
39-3031,24,1025,FIXTURE
39-3031,25,1166,FIXTURE
39-3031,26,1671,FIXTURE
39-3031,27,946,FIXTURE
39-3031,28,491,FIXTURE
39-3031,29,1021,FIXTURE
39-3031,30,180,FIXTURE
39-3031,31,325,FIXTURE
39-3031,32,515,FIXTURE
39-3031,33,228,FIXTURE
39-3031,34,1541,FIXTURE
39-3031,35,351,FIXTURE
39-3031,36,3350,FIXTURE
39-3031,37,1731,FIXTURE
39-3031,38,129,FIXTURE
39-3031,39,1957,FIXTURE
39-3031,40,657,FIXTURE
39-3031,41,703,FIXTURE
39-3031,42,2156,FIXTURE
39-3031,44,182,FIXTURE
39-3031,45,849,FIXTURE
39-3031,46,147,FIXTURE
39-3031,47,1146,FIXTURE
39-3031,48,4834,FIXTURE
39-3031,49,543,FIXTURE
39-3031,50,107,FIXTURE
39-3031,51,1432,FIXTURE
39-3031,53,1278,FIXTURE
39-3031,54,298,FIXTURE
39-3031,55,977,FIXTURE
39-3031,56,96,FIXTURE
39-3091,01,3974,FIXTURE
39-3091,02,580,FIXTURE
39-3091,04,5657,FIXTURE
39-3091,05,2382,FIXTURE
39-3091,06,31274,FIXTURE
39-3091,08,4567,FIXTURE
39-3091,09,2852,FIXTURE
39-3091,10,783,FIXTURE
39-3091,11,545,FIXTURE
39-3091,12,17036,FIXTURE
39-3091,13,8473,FIXTURE
39-3091,15,1151,FIXTURE
39-3091,16,1455,FIXTURE
39-3091,17,10134,FIXTURE
39-3091,18,5367,FIXTURE
39-3091,19,2523,FIXTURE
39-3091,20,2324,FIXTURE
39-3091,21,3564,FIXTURE
39-3091,22,3684,FIXTURE
39-3091,23,1078,FIXTURE
39-3091,24,4886,FIXTURE
39-3091,25,5561,FIXTURE
39-3091,26,7971,FIXTURE
39-3091,27,4514,FIXTURE
39-3091,28,2342,FIXTURE
39-3091,29,4868,FIXTURE
39-3091,30,858,FIXTURE
39-3091,31,1551,FIXTURE
39-3091,32,2456,FIXTURE
39-3091,33,1090,FIXTURE
39-3091,34,7347,FIXTURE
39-3091,35,1675,FIXTURE
39-3091,36,15979,FIXTURE
39-3091,37,8257,FIXTURE
39-3091,38,616,FIXTURE
39-3091,39,9333,FIXTURE
39-3091,40,3132,FIXTURE
39-3091,41,3352,FIXTURE
39-3091,42,10285,FIXTURE
39-3091,44,868,FIXTURE
39-3091,45,4049,FIXTURE
39-3091,46,701,FIXTURE
39-3091,47,5466,FIXTURE
39-3091,48,23054,FIXTURE
39-3091,49,2588,FIXTURE
39-3091,50,509,FIXTURE
39-3091,51,6827,FIXTURE
39-3091,53,6095,FIXTURE
39-3091,54,1419,FIXTURE
39-3091,55,4662,FIXTURE
39-3091,56,456,FIXTURE
39-3092,01,51,FIXTURE
39-3092,02,7,FIXTURE
39-3092,04,73,FIXTURE
39-3092,05,31,FIXTURE
39-3092,06,403,FIXTURE
39-3092,08,59,FIXTURE
39-3092,09,37,FIXTURE
39-3092,10,10,FIXTURE
39-3092,11,7,FIXTURE
39-3092,12,220,FIXTURE
39-3092,13,109,FIXTURE
39-3092,15,15,FIXTURE
39-3092,16,19,FIXTURE
39-3092,17,131,FIXTURE
39-3092,18,69,FIXTURE
39-3092,19,33,FIXTURE
39-3092,20,30,FIXTURE
39-3092,21,46,FIXTURE
39-3092,22,47,FIXTURE
39-3092,23,14,FIXTURE
39-3092,24,63,FIXTURE
39-3092,25,72,FIXTURE
39-3092,26,103,FIXTURE
39-3092,27,58,FIXTURE
39-3092,28,30,FIXTURE
39-3092,29,63,FIXTURE
39-3092,30,11,FIXTURE
39-3092,31,20,FIXTURE
39-3092,32,32,FIXTURE
39-3092,33,14,FIXTURE
39-3092,34,95,FIXTURE
39-3092,35,22,FIXTURE
39-3092,36,206,FIXTURE
39-3092,37,106,FIXTURE
39-3092,38,8,FIXTURE
39-3092,39,120,FIXTURE
39-3092,40,40,FIXTURE
39-3092,41,43,FIXTURE
39-3092,42,133,FIXTURE
39-3092,44,11,FIXTURE
39-3092,45,52,FIXTURE
39-3092,46,9,FIXTURE
39-3092,47,70,FIXTURE
39-3092,48,297,FIXTURE
39-3092,49,33,FIXTURE
39-3092,50,7,FIXTURE
39-3092,51,88,FIXTURE
39-3092,53,79,FIXTURE
39-3092,54,18,FIXTURE
39-3092,55,60,FIXTURE
39-3092,56,6,FIXTURE
39-3093,01,147,FIXTURE
39-3093,02,21,FIXTURE
39-3093,04,209,FIXTURE
39-3093,05,88,FIXTURE
39-3093,06,1154,FIXTURE
39-3093,08,168,FIXTURE
39-3093,09,105,FIXTURE
39-3093,10,29,FIXTURE
39-3093,11,20,FIXTURE
39-3093,12,628,FIXTURE
39-3093,13,313,FIXTURE
39-3093,15,42,FIXTURE
39-3093,16,54,FIXTURE
39-3093,17,374,FIXTURE
39-3093,18,198,FIXTURE
39-3093,19,93,FIXTURE
39-3093,20,86,FIXTURE
39-3093,21,131,FIXTURE
39-3093,22,136,FIXTURE
39-3093,23,40,FIXTURE
39-3093,24,180,FIXTURE
39-3093,25,205,FIXTURE
39-3093,26,294,FIXTURE
39-3093,27,166,FIXTURE
39-3093,28,86,FIXTURE
39-3093,29,180,FIXTURE
39-3093,30,32,FIXTURE
39-3093,31,57,FIXTURE
39-3093,32,91,FIXTURE
39-3093,33,40,FIXTURE
39-3093,34,271,FIXTURE
39-3093,35,62,FIXTURE
39-3093,36,589,FIXTURE
39-3093,37,305,FIXTURE
39-3093,38,23,FIXTURE
39-3093,39,344,FIXTURE
39-3093,40,115,FIXTURE
39-3093,41,124,FIXTURE
39-3093,42,379,FIXTURE
39-3093,44,32,FIXTURE
39-3093,45,149,FIXTURE
39-3093,46,26,FIXTURE
39-3093,47,202,FIXTURE
39-3093,48,850,FIXTURE
39-3093,49,95,FIXTURE
39-3093,50,19,FIXTURE
39-3093,51,252,FIXTURE
39-3093,53,225,FIXTURE
39-3093,54,52,FIXTURE
39-3093,55,172,FIXTURE
39-3093,56,17,FIXTURE
39-3099,01,65,FIXTURE
39-3099,02,10,FIXTURE
39-3099,04,93,FIXTURE
39-3099,05,39,FIXTURE
39-3099,06,512,FIXTURE
39-3099,08,75,FIXTURE
39-3099,09,47,FIXTURE
39-3099,10,13,FIXTURE
39-3099,11,9,FIXTURE
39-3099,12,279,FIXTURE
39-3099,13,139,FIXTURE
39-3099,15,19,FIXTURE
39-3099,16,24,FIXTURE
39-3099,17,166,FIXTURE
39-3099,18,88,FIXTURE
39-3099,19,41,FIXTURE
39-3099,20,38,FIXTURE
39-3099,21,58,FIXTURE
39-3099,22,60,FIXTURE
39-3099,23,18,FIXTURE
39-3099,24,80,FIXTURE
39-3099,25,91,FIXTURE
39-3099,26,130,FIXTURE
39-3099,27,74,FIXTURE
39-3099,28,38,FIXTURE
39-3099,29,80,FIXTURE
39-3099,30,14,FIXTURE
39-3099,31,25,FIXTURE
39-3099,32,40,FIXTURE
39-3099,33,18,FIXTURE
39-3099,34,120,FIXTURE
39-3099,35,27,FIXTURE
39-3099,36,262,FIXTURE
39-3099,37,135,FIXTURE
39-3099,38,10,FIXTURE
39-3099,39,153,FIXTURE
39-3099,40,51,FIXTURE
39-3099,41,55,FIXTURE
39-3099,42,168,FIXTURE
39-3099,44,14,FIXTURE
39-3099,45,66,FIXTURE
39-3099,46,12,FIXTURE
39-3099,47,89,FIXTURE
39-3099,48,377,FIXTURE
39-3099,49,42,FIXTURE
39-3099,50,8,FIXTURE
39-3099,51,112,FIXTURE
39-3099,53,100,FIXTURE
39-3099,54,23,FIXTURE
39-3099,55,76,FIXTURE
39-3099,56,7,FIXTURE
39-4011,01,62,FIXTURE
39-4011,02,9,FIXTURE
39-4011,04,88,FIXTURE
39-4011,05,37,FIXTURE
39-4011,06,486,FIXTURE
39-4011,08,71,FIXTURE
39-4011,09,44,FIXTURE
39-4011,10,12,FIXTURE
39-4011,11,8,FIXTURE
39-4011,12,264,FIXTURE
39-4011,13,132,FIXTURE
39-4011,15,18,FIXTURE
39-4011,16,23,FIXTURE
39-4011,17,157,FIXTURE
39-4011,18,83,FIXTURE
39-4011,19,39,FIXTURE
39-4011,20,36,FIXTURE
39-4011,21,55,FIXTURE
39-4011,22,57,FIXTURE
39-4011,23,17,FIXTURE
39-4011,24,76,FIXTURE
39-4011,25,86,FIXTURE
39-4011,26,124,FIXTURE
39-4011,27,70,FIXTURE
39-4011,28,36,FIXTURE
39-4011,29,76,FIXTURE
39-4011,30,13,FIXTURE
39-4011,31,24,FIXTURE
39-4011,32,38,FIXTURE
39-4011,33,17,FIXTURE
39-4011,34,114,FIXTURE
39-4011,35,26,FIXTURE
39-4011,36,248,FIXTURE
39-4011,37,128,FIXTURE
39-4011,38,10,FIXTURE
39-4011,39,145,FIXTURE
39-4011,40,49,FIXTURE
39-4011,41,52,FIXTURE
39-4011,42,160,FIXTURE
39-4011,44,13,FIXTURE
39-4011,45,63,FIXTURE
39-4011,46,11,FIXTURE
39-4011,47,85,FIXTURE
39-4011,48,358,FIXTURE
39-4011,49,40,FIXTURE
39-4011,50,8,FIXTURE
39-4011,51,106,FIXTURE
39-4011,53,95,FIXTURE
39-4011,54,22,FIXTURE
39-4011,55,72,FIXTURE
39-4011,56,7,FIXTURE
39-4012,01,31,FIXTURE
39-4012,02,5,FIXTURE
39-4012,04,44,FIXTURE
39-4012,05,19,FIXTURE
39-4012,06,243,FIXTURE
39-4012,08,36,FIXTURE
39-4012,09,22,FIXTURE
39-4012,10,6,FIXTURE
39-4012,11,4,FIXTURE
39-4012,12,133,FIXTURE
39-4012,13,66,FIXTURE
39-4012,15,9,FIXTURE
39-4012,16,11,FIXTURE
39-4012,17,79,FIXTURE
39-4012,18,42,FIXTURE
39-4012,19,20,FIXTURE
39-4012,20,18,FIXTURE
39-4012,21,28,FIXTURE
39-4012,22,29,FIXTURE
39-4012,23,8,FIXTURE
39-4012,24,38,FIXTURE
39-4012,25,43,FIXTURE
39-4012,26,62,FIXTURE
39-4012,27,35,FIXTURE
39-4012,28,18,FIXTURE
39-4012,29,38,FIXTURE
39-4012,30,7,FIXTURE
39-4012,31,12,FIXTURE
39-4012,32,19,FIXTURE
39-4012,33,8,FIXTURE
39-4012,34,57,FIXTURE
39-4012,35,13,FIXTURE
39-4012,36,124,FIXTURE
39-4012,37,64,FIXTURE
39-4012,38,5,FIXTURE
39-4012,39,73,FIXTURE
39-4012,40,24,FIXTURE
39-4012,41,26,FIXTURE
39-4012,42,80,FIXTURE
39-4012,44,7,FIXTURE
39-4012,45,32,FIXTURE
39-4012,46,5,FIXTURE
39-4012,47,43,FIXTURE
39-4012,48,179,FIXTURE
39-4012,49,20,FIXTURE
39-4012,50,4,FIXTURE
39-4012,51,53,FIXTURE
39-4012,53,47,FIXTURE
39-4012,54,11,FIXTURE
39-4012,55,36,FIXTURE
39-4012,56,4,FIXTURE
39-4021,01,492,FIXTURE
39-4021,02,72,FIXTURE
39-4021,04,701,FIXTURE
39-4021,05,295,FIXTURE
39-4021,06,3876,FIXTURE
39-4021,08,566,FIXTURE
39-4021,09,353,FIXTURE
39-4021,10,97,FIXTURE
39-4021,11,68,FIXTURE
39-4021,12,2111,FIXTURE
39-4021,13,1050,FIXTURE
39-4021,15,143,FIXTURE
39-4021,16,180,FIXTURE
39-4021,17,1256,FIXTURE
39-4021,18,665,FIXTURE
39-4021,19,313,FIXTURE
39-4021,20,288,FIXTURE
39-4021,21,442,FIXTURE
39-4021,22,457,FIXTURE
39-4021,23,134,FIXTURE
39-4021,24,605,FIXTURE
39-4021,25,689,FIXTURE
39-4021,26,988,FIXTURE
39-4021,27,559,FIXTURE
39-4021,28,290,FIXTURE
39-4021,29,603,FIXTURE
39-4021,30,106,FIXTURE
39-4021,31,192,FIXTURE
39-4021,32,304,FIXTURE
39-4021,33,135,FIXTURE
39-4021,34,911,FIXTURE
39-4021,35,208,FIXTURE
39-4021,36,1980,FIXTURE
39-4021,37,1023,FIXTURE
39-4021,38,76,FIXTURE
39-4021,39,1157,FIXTURE
39-4021,40,388,FIXTURE
39-4021,41,415,FIXTURE
39-4021,42,1275,FIXTURE
39-4021,44,108,FIXTURE
39-4021,45,502,FIXTURE
39-4021,46,87,FIXTURE
39-4021,47,677,FIXTURE
39-4021,48,2857,FIXTURE
39-4021,49,321,FIXTURE
39-4021,50,63,FIXTURE
39-4021,51,846,FIXTURE
39-4021,53,755,FIXTURE
39-4021,54,176,FIXTURE
39-4021,55,578,FIXTURE
39-4021,56,57,FIXTURE
39-4031,01,374,FIXTURE
39-4031,02,55,FIXTURE
39-4031,04,533,FIXTURE
39-4031,05,224,FIXTURE
39-4031,06,2946,FIXTURE
39-4031,08,430,FIXTURE
39-4031,09,269,FIXTURE
39-4031,10,74,FIXTURE
39-4031,11,51,FIXTURE
39-4031,12,1605,FIXTURE
39-4031,13,798,FIXTURE
39-4031,15,109,FIXTURE
39-4031,16,137,FIXTURE
39-4031,17,955,FIXTURE
39-4031,18,506,FIXTURE
39-4031,19,238,FIXTURE
39-4031,20,219,FIXTURE
39-4031,21,336,FIXTURE
39-4031,22,347,FIXTURE
39-4031,23,102,FIXTURE
39-4031,24,460,FIXTURE
39-4031,25,524,FIXTURE
39-4031,26,751,FIXTURE
39-4031,27,425,FIXTURE
39-4031,28,221,FIXTURE
39-4031,29,459,FIXTURE
39-4031,30,81,FIXTURE
39-4031,31,146,FIXTURE
39-4031,32,231,FIXTURE
39-4031,33,103,FIXTURE
39-4031,34,692,FIXTURE
39-4031,35,158,FIXTURE
39-4031,36,1505,FIXTURE
39-4031,37,778,FIXTURE
39-4031,38,58,FIXTURE
39-4031,39,879,FIXTURE
39-4031,40,295,FIXTURE
39-4031,41,316,FIXTURE
39-4031,42,969,FIXTURE
39-4031,44,82,FIXTURE
39-4031,45,381,FIXTURE
39-4031,46,66,FIXTURE
39-4031,47,515,FIXTURE
39-4031,48,2172,FIXTURE
39-4031,49,244,FIXTURE
39-4031,50,48,FIXTURE
39-4031,51,643,FIXTURE
39-4031,53,574,FIXTURE
39-4031,54,134,FIXTURE
39-4031,55,439,FIXTURE
39-4031,56,43,FIXTURE
39-5011,01,196,FIXTURE
39-5011,02,29,FIXTURE
39-5011,04,279,FIXTURE
39-5011,05,117,FIXTURE
39-5011,06,1540,FIXTURE
39-5011,08,225,FIXTURE
39-5011,09,140,FIXTURE
39-5011,10,39,FIXTURE
39-5011,11,27,FIXTURE
39-5011,12,839,FIXTURE
39-5011,13,417,FIXTURE
39-5011,15,57,FIXTURE
39-5011,16,72,FIXTURE
39-5011,17,499,FIXTURE
39-5011,18,264,FIXTURE
39-5011,19,124,FIXTURE
39-5011,20,114,FIXTURE
39-5011,21,176,FIXTURE
39-5011,22,181,FIXTURE
39-5011,23,53,FIXTURE
39-5011,24,241,FIXTURE
39-5011,25,274,FIXTURE
39-5011,26,393,FIXTURE
39-5011,27,222,FIXTURE
39-5011,28,115,FIXTURE
39-5011,29,240,FIXTURE
39-5011,30,42,FIXTURE
39-5011,31,76,FIXTURE
39-5011,32,121,FIXTURE
39-5011,33,54,FIXTURE
39-5011,34,362,FIXTURE
39-5011,35,82,FIXTURE
39-5011,36,787,FIXTURE
39-5011,37,407,FIXTURE
39-5011,38,30,FIXTURE
39-5011,39,460,FIXTURE
39-5011,40,154,FIXTURE
39-5011,41,165,FIXTURE
39-5011,42,506,FIXTURE
39-5011,44,43,FIXTURE
39-5011,45,199,FIXTURE
39-5011,46,35,FIXTURE
39-5011,47,269,FIXTURE
39-5011,48,1135,FIXTURE
39-5011,49,127,FIXTURE
39-5011,50,25,FIXTURE
39-5011,51,336,FIXTURE
39-5011,53,300,FIXTURE
39-5011,54,70,FIXTURE
39-5011,55,230,FIXTURE
39-5011,56,22,FIXTURE
39-5012,01,4335,FIXTURE
39-5012,02,633,FIXTURE
39-5012,04,6170,FIXTURE
39-5012,05,2598,FIXTURE
39-5012,06,34114,FIXTURE
39-5012,08,4982,FIXTURE
39-5012,09,3111,FIXTURE
39-5012,10,854,FIXTURE
39-5012,11,595,FIXTURE
39-5012,12,18583,FIXTURE
39-5012,13,9242,FIXTURE
39-5012,15,1256,FIXTURE
39-5012,16,1587,FIXTURE
39-5012,17,11055,FIXTURE
39-5012,18,5855,FIXTURE
39-5012,19,2753,FIXTURE
39-5012,20,2535,FIXTURE
39-5012,21,3888,FIXTURE
39-5012,22,4019,FIXTURE
39-5012,23,1175,FIXTURE
39-5012,24,5330,FIXTURE
39-5012,25,6065,FIXTURE
39-5012,26,8695,FIXTURE
39-5012,27,4924,FIXTURE
39-5012,28,2555,FIXTURE
39-5012,29,5311,FIXTURE
39-5012,30,935,FIXTURE
39-5012,31,1692,FIXTURE
39-5012,32,2679,FIXTURE
39-5012,33,1189,FIXTURE
39-5012,34,8015,FIXTURE
39-5012,35,1827,FIXTURE
39-5012,36,17430,FIXTURE
39-5012,37,9007,FIXTURE
39-5012,38,672,FIXTURE
39-5012,39,10181,FIXTURE
39-5012,40,3416,FIXTURE
39-5012,41,3656,FIXTURE
39-5012,42,11219,FIXTURE
39-5012,44,947,FIXTURE
39-5012,45,4416,FIXTURE
39-5012,46,765,FIXTURE
39-5012,47,5963,FIXTURE
39-5012,48,25147,FIXTURE
39-5012,49,2823,FIXTURE
39-5012,50,555,FIXTURE
39-5012,51,7447,FIXTURE
39-5012,53,6648,FIXTURE
39-5012,54,1548,FIXTURE
39-5012,55,5085,FIXTURE
39-5012,56,498,FIXTURE
39-5091,01,30,FIXTURE
39-5091,02,4,FIXTURE
39-5091,04,42,FIXTURE
39-5091,05,18,FIXTURE
39-5091,06,234,FIXTURE
39-5091,08,34,FIXTURE
39-5091,09,21,FIXTURE
39-5091,10,6,FIXTURE
39-5091,11,4,FIXTURE
39-5091,12,127,FIXTURE
39-5091,13,63,FIXTURE
39-5091,15,9,FIXTURE
39-5091,16,11,FIXTURE
39-5091,17,76,FIXTURE
39-5091,18,40,FIXTURE
39-5091,19,19,FIXTURE
39-5091,20,17,FIXTURE
39-5091,21,27,FIXTURE
39-5091,22,28,FIXTURE
39-5091,23,8,FIXTURE
39-5091,24,37,FIXTURE
39-5091,25,42,FIXTURE
39-5091,26,60,FIXTURE
39-5091,27,34,FIXTURE
39-5091,28,17,FIXTURE
39-5091,29,36,FIXTURE
39-5091,30,6,FIXTURE
39-5091,31,12,FIXTURE
39-5091,32,18,FIXTURE
39-5091,33,8,FIXTURE
39-5091,34,55,FIXTURE
39-5091,35,13,FIXTURE
39-5091,36,119,FIXTURE
39-5091,37,62,FIXTURE
39-5091,38,5,FIXTURE
39-5091,39,70,FIXTURE
39-5091,40,23,FIXTURE
39-5091,41,25,FIXTURE
39-5091,42,77,FIXTURE
39-5091,44,6,FIXTURE
39-5091,45,30,FIXTURE
39-5091,46,5,FIXTURE
39-5091,47,41,FIXTURE
39-5091,48,172,FIXTURE
39-5091,49,19,FIXTURE
39-5091,50,4,FIXTURE
39-5091,51,51,FIXTURE
39-5091,53,46,FIXTURE
39-5091,54,11,FIXTURE
39-5091,55,35,FIXTURE
39-5091,56,3,FIXTURE
39-5092,01,1827,FIXTURE
39-5092,02,267,FIXTURE
39-5092,04,2601,FIXTURE
39-5092,05,1095,FIXTURE
39-5092,06,14379,FIXTURE
39-5092,08,2100,FIXTURE
39-5092,09,1311,FIXTURE
39-5092,10,360,FIXTURE
39-5092,11,251,FIXTURE
39-5092,12,7833,FIXTURE
39-5092,13,3896,FIXTURE
39-5092,15,529,FIXTURE
39-5092,16,669,FIXTURE
39-5092,17,4660,FIXTURE
39-5092,18,2468,FIXTURE
39-5092,19,1160,FIXTURE
39-5092,20,1068,FIXTURE
39-5092,21,1639,FIXTURE
39-5092,22,1694,FIXTURE
39-5092,23,495,FIXTURE
39-5092,24,2247,FIXTURE
39-5092,25,2557,FIXTURE
39-5092,26,3665,FIXTURE
39-5092,27,2075,FIXTURE
39-5092,28,1077,FIXTURE
39-5092,29,2238,FIXTURE
39-5092,30,394,FIXTURE
39-5092,31,713,FIXTURE
39-5092,32,1129,FIXTURE
39-5092,33,501,FIXTURE
39-5092,34,3378,FIXTURE
39-5092,35,770,FIXTURE
39-5092,36,7347,FIXTURE
39-5092,37,3797,FIXTURE
39-5092,38,283,FIXTURE
39-5092,39,4291,FIXTURE
39-5092,40,1440,FIXTURE
39-5092,41,1541,FIXTURE
39-5092,42,4729,FIXTURE
39-5092,44,399,FIXTURE
39-5092,45,1861,FIXTURE
39-5092,46,323,FIXTURE
39-5092,47,2513,FIXTURE
39-5092,48,10600,FIXTURE
39-5092,49,1190,FIXTURE
39-5092,50,234,FIXTURE
39-5092,51,3139,FIXTURE
39-5092,53,2802,FIXTURE
39-5092,54,652,FIXTURE
39-5092,55,2143,FIXTURE
39-5092,56,210,FIXTURE
39-5093,01,145,FIXTURE
39-5093,02,21,FIXTURE
39-5093,04,206,FIXTURE
39-5093,05,87,FIXTURE
39-5093,06,1140,FIXTURE
39-5093,08,166,FIXTURE
39-5093,09,104,FIXTURE
39-5093,10,29,FIXTURE
39-5093,11,20,FIXTURE
39-5093,12,621,FIXTURE
39-5093,13,309,FIXTURE
39-5093,15,42,FIXTURE
39-5093,16,53,FIXTURE
39-5093,17,370,FIXTURE
39-5093,18,196,FIXTURE
39-5093,19,92,FIXTURE
39-5093,20,85,FIXTURE
39-5093,21,130,FIXTURE
39-5093,22,134,FIXTURE
39-5093,23,39,FIXTURE
39-5093,24,178,FIXTURE
39-5093,25,203,FIXTURE
39-5093,26,291,FIXTURE
39-5093,27,165,FIXTURE
39-5093,28,85,FIXTURE
39-5093,29,177,FIXTURE
39-5093,30,31,FIXTURE
39-5093,31,57,FIXTURE
39-5093,32,89,FIXTURE
39-5093,33,40,FIXTURE
39-5093,34,268,FIXTURE
39-5093,35,61,FIXTURE
39-5093,36,583,FIXTURE
39-5093,37,301,FIXTURE
39-5093,38,22,FIXTURE
39-5093,39,340,FIXTURE
39-5093,40,114,FIXTURE
39-5093,41,122,FIXTURE
39-5093,42,375,FIXTURE
39-5093,44,32,FIXTURE
39-5093,45,148,FIXTURE
39-5093,46,26,FIXTURE
39-5093,47,199,FIXTURE
39-5093,48,841,FIXTURE
39-5093,49,94,FIXTURE
39-5093,50,19,FIXTURE
39-5093,51,249,FIXTURE
39-5093,53,222,FIXTURE
39-5093,54,52,FIXTURE
39-5093,55,170,FIXTURE
39-5093,56,17,FIXTURE
39-5094,01,767,FIXTURE
39-5094,02,112,FIXTURE
39-5094,04,1091,FIXTURE
39-5094,05,460,FIXTURE
39-5094,06,6034,FIXTURE
39-5094,08,881,FIXTURE
39-5094,09,550,FIXTURE
39-5094,10,151,FIXTURE
39-5094,11,105,FIXTURE
39-5094,12,3287,FIXTURE
39-5094,13,1635,FIXTURE
39-5094,15,222,FIXTURE
39-5094,16,281,FIXTURE
39-5094,17,1955,FIXTURE
39-5094,18,1035,FIXTURE
39-5094,19,487,FIXTURE
39-5094,20,448,FIXTURE
39-5094,21,688,FIXTURE
39-5094,22,711,FIXTURE
39-5094,23,208,FIXTURE
39-5094,24,943,FIXTURE
39-5094,25,1073,FIXTURE
39-5094,26,1538,FIXTURE
39-5094,27,871,FIXTURE
39-5094,28,452,FIXTURE
39-5094,29,939,FIXTURE
39-5094,30,165,FIXTURE
39-5094,31,299,FIXTURE
39-5094,32,474,FIXTURE
39-5094,33,210,FIXTURE
39-5094,34,1417,FIXTURE
39-5094,35,323,FIXTURE
39-5094,36,3083,FIXTURE
39-5094,37,1593,FIXTURE
39-5094,38,119,FIXTURE
39-5094,39,1801,FIXTURE
39-5094,40,604,FIXTURE
39-5094,41,647,FIXTURE
39-5094,42,1984,FIXTURE
39-5094,44,167,FIXTURE
39-5094,45,781,FIXTURE
39-5094,46,135,FIXTURE
39-5094,47,1055,FIXTURE
39-5094,48,4448,FIXTURE
39-5094,49,499,FIXTURE
39-5094,50,98,FIXTURE
39-5094,51,1317,FIXTURE
39-5094,53,1176,FIXTURE
39-5094,54,274,FIXTURE
39-5094,55,899,FIXTURE
39-5094,56,88,FIXTURE
39-6011,01,311,FIXTURE
39-6011,02,45,FIXTURE
39-6011,04,443,FIXTURE
39-6011,05,187,FIXTURE
39-6011,06,2449,FIXTURE
39-6011,08,358,FIXTURE
39-6011,09,223,FIXTURE
39-6011,10,61,FIXTURE
39-6011,11,43,FIXTURE
39-6011,12,1334,FIXTURE
39-6011,13,664,FIXTURE
39-6011,15,90,FIXTURE
39-6011,16,114,FIXTURE
39-6011,17,794,FIXTURE
39-6011,18,420,FIXTURE
39-6011,19,198,FIXTURE
39-6011,20,182,FIXTURE
39-6011,21,279,FIXTURE
39-6011,22,289,FIXTURE
39-6011,23,84,FIXTURE
39-6011,24,383,FIXTURE
39-6011,25,435,FIXTURE
39-6011,26,624,FIXTURE
39-6011,27,354,FIXTURE
39-6011,28,183,FIXTURE
39-6011,29,381,FIXTURE
39-6011,30,67,FIXTURE
39-6011,31,122,FIXTURE
39-6011,32,192,FIXTURE
39-6011,33,85,FIXTURE
39-6011,34,575,FIXTURE
39-6011,35,131,FIXTURE
39-6011,36,1251,FIXTURE
39-6011,37,647,FIXTURE
39-6011,38,48,FIXTURE
39-6011,39,731,FIXTURE
39-6011,40,245,FIXTURE
39-6011,41,263,FIXTURE
39-6011,42,805,FIXTURE
39-6011,44,68,FIXTURE
39-6011,45,317,FIXTURE
39-6011,46,55,FIXTURE
39-6011,47,428,FIXTURE
39-6011,48,1805,FIXTURE
39-6011,49,203,FIXTURE
39-6011,50,40,FIXTURE
39-6011,51,535,FIXTURE
39-6011,53,477,FIXTURE
39-6011,54,111,FIXTURE
39-6011,55,365,FIXTURE
39-6011,56,36,FIXTURE
39-6012,01,509,FIXTURE
39-6012,02,74,FIXTURE
39-6012,04,724,FIXTURE
39-6012,05,305,FIXTURE
39-6012,06,4003,FIXTURE
39-6012,08,585,FIXTURE
39-6012,09,365,FIXTURE
39-6012,10,100,FIXTURE
39-6012,11,70,FIXTURE
39-6012,12,2181,FIXTURE
39-6012,13,1085,FIXTURE
39-6012,15,147,FIXTURE
39-6012,16,186,FIXTURE
39-6012,17,1297,FIXTURE
39-6012,18,687,FIXTURE
39-6012,19,323,FIXTURE
39-6012,20,297,FIXTURE
39-6012,21,456,FIXTURE
39-6012,22,472,FIXTURE
39-6012,23,138,FIXTURE
39-6012,24,625,FIXTURE
39-6012,25,712,FIXTURE
39-6012,26,1020,FIXTURE
39-6012,27,578,FIXTURE
39-6012,28,300,FIXTURE
39-6012,29,623,FIXTURE
39-6012,30,110,FIXTURE
39-6012,31,199,FIXTURE
39-6012,32,314,FIXTURE
39-6012,33,140,FIXTURE
39-6012,34,941,FIXTURE
39-6012,35,214,FIXTURE
39-6012,36,2045,FIXTURE
39-6012,37,1057,FIXTURE
39-6012,38,79,FIXTURE
39-6012,39,1195,FIXTURE
39-6012,40,401,FIXTURE
39-6012,41,429,FIXTURE
39-6012,42,1317,FIXTURE
39-6012,44,111,FIXTURE
39-6012,45,518,FIXTURE
39-6012,46,90,FIXTURE
39-6012,47,700,FIXTURE
39-6012,48,2951,FIXTURE
39-6012,49,331,FIXTURE
39-6012,50,65,FIXTURE
39-6012,51,874,FIXTURE
39-6012,53,780,FIXTURE
39-6012,54,182,FIXTURE
39-6012,55,597,FIXTURE
39-6012,56,58,FIXTURE
39-7010,01,470,FIXTURE
39-7010,02,69,FIXTURE
39-7010,04,668,FIXTURE
39-7010,05,282,FIXTURE
39-7010,06,3696,FIXTURE
39-7010,08,540,FIXTURE
39-7010,09,337,FIXTURE
39-7010,10,93,FIXTURE
39-7010,11,64,FIXTURE
39-7010,12,2013,FIXTURE
39-7010,13,1001,FIXTURE
39-7010,15,136,FIXTURE
39-7010,16,172,FIXTURE
39-7010,17,1198,FIXTURE
39-7010,18,634,FIXTURE
39-7010,19,298,FIXTURE
39-7010,20,275,FIXTURE
39-7010,21,421,FIXTURE
39-7010,22,435,FIXTURE
39-7010,23,127,FIXTURE
39-7010,24,577,FIXTURE
39-7010,25,657,FIXTURE
39-7010,26,942,FIXTURE
39-7010,27,533,FIXTURE
39-7010,28,277,FIXTURE
39-7010,29,575,FIXTURE
39-7010,30,101,FIXTURE
39-7010,31,183,FIXTURE
39-7010,32,290,FIXTURE
39-7010,33,129,FIXTURE
39-7010,34,868,FIXTURE
39-7010,35,198,FIXTURE
39-7010,36,1888,FIXTURE
39-7010,37,976,FIXTURE
39-7010,38,73,FIXTURE
39-7010,39,1103,FIXTURE
39-7010,40,370,FIXTURE
39-7010,41,396,FIXTURE
39-7010,42,1215,FIXTURE
39-7010,44,103,FIXTURE
39-7010,45,478,FIXTURE
39-7010,46,83,FIXTURE
39-7010,47,646,FIXTURE
39-7010,48,2724,FIXTURE
39-7010,49,306,FIXTURE
39-7010,50,60,FIXTURE
39-7010,51,807,FIXTURE
39-7010,53,720,FIXTURE
39-7010,54,168,FIXTURE
39-7010,55,551,FIXTURE
39-7010,56,54,FIXTURE
39-9011,01,6647,FIXTURE
39-9011,02,970,FIXTURE
39-9011,04,9462,FIXTURE
39-9011,05,3984,FIXTURE
39-9011,06,52311,FIXTURE
39-9011,08,7639,FIXTURE
39-9011,09,4771,FIXTURE
39-9011,10,1310,FIXTURE
39-9011,11,912,FIXTURE
39-9011,12,28496,FIXTURE
39-9011,13,14172,FIXTURE
39-9011,15,1925,FIXTURE
39-9011,16,2433,FIXTURE
39-9011,17,16951,FIXTURE
39-9011,18,8978,FIXTURE
39-9011,19,4221,FIXTURE
39-9011,20,3887,FIXTURE
39-9011,21,5961,FIXTURE
39-9011,22,6162,FIXTURE
39-9011,23,1802,FIXTURE
39-9011,24,8173,FIXTURE
39-9011,25,9301,FIXTURE
39-9011,26,13333,FIXTURE
39-9011,27,7550,FIXTURE
39-9011,28,3918,FIXTURE
39-9011,29,8143,FIXTURE
39-9011,30,1434,FIXTURE
39-9011,31,2595,FIXTURE
39-9011,32,4108,FIXTURE
39-9011,33,1823,FIXTURE
39-9011,34,12290,FIXTURE
39-9011,35,2802,FIXTURE
39-9011,36,26727,FIXTURE
39-9011,37,13812,FIXTURE
39-9011,38,1031,FIXTURE
39-9011,39,15611,FIXTURE
39-9011,40,5238,FIXTURE
39-9011,41,5606,FIXTURE
39-9011,42,17203,FIXTURE
39-9011,44,1452,FIXTURE
39-9011,45,6772,FIXTURE
39-9011,46,1173,FIXTURE
39-9011,47,9143,FIXTURE
39-9011,48,38561,FIXTURE
39-9011,49,4328,FIXTURE
39-9011,50,851,FIXTURE
39-9011,51,11420,FIXTURE
39-9011,53,10194,FIXTURE
39-9011,54,2373,FIXTURE
39-9011,55,7798,FIXTURE
39-9011,56,763,FIXTURE
39-9031,01,3359,FIXTURE
39-9031,02,490,FIXTURE
39-9031,04,4781,FIXTURE
39-9031,05,2013,FIXTURE
39-9031,06,26434,FIXTURE
39-9031,08,3860,FIXTURE
39-9031,09,2411,FIXTURE
39-9031,10,662,FIXTURE
39-9031,11,461,FIXTURE
39-9031,12,14400,FIXTURE
39-9031,13,7162,FIXTURE
39-9031,15,973,FIXTURE
39-9031,16,1230,FIXTURE
39-9031,17,8566,FIXTURE
39-9031,18,4537,FIXTURE
39-9031,19,2133,FIXTURE
39-9031,20,1964,FIXTURE
39-9031,21,3013,FIXTURE
39-9031,22,3114,FIXTURE
39-9031,23,911,FIXTURE
39-9031,24,4130,FIXTURE
39-9031,25,4700,FIXTURE
39-9031,26,6738,FIXTURE
39-9031,27,3815,FIXTURE
39-9031,28,1980,FIXTURE
39-9031,29,4115,FIXTURE
39-9031,30,725,FIXTURE
39-9031,31,1311,FIXTURE
39-9031,32,2076,FIXTURE
39-9031,33,921,FIXTURE
39-9031,34,6210,FIXTURE
39-9031,35,1416,FIXTURE
39-9031,36,13506,FIXTURE
39-9031,37,6980,FIXTURE
39-9031,38,521,FIXTURE
39-9031,39,7889,FIXTURE
39-9031,40,2647,FIXTURE
39-9031,41,2833,FIXTURE
39-9031,42,8693,FIXTURE
39-9031,44,734,FIXTURE
39-9031,45,3422,FIXTURE
39-9031,46,593,FIXTURE
39-9031,47,4620,FIXTURE
39-9031,48,19486,FIXTURE
39-9031,49,2187,FIXTURE
39-9031,50,430,FIXTURE
39-9031,51,5771,FIXTURE
39-9031,53,5152,FIXTURE
39-9031,54,1199,FIXTURE
39-9031,55,3940,FIXTURE
39-9031,56,386,FIXTURE
39-9032,01,4002,FIXTURE
39-9032,02,584,FIXTURE
39-9032,04,5697,FIXTURE
39-9032,05,2399,FIXTURE
39-9032,06,31495,FIXTURE
39-9032,08,4599,FIXTURE
39-9032,09,2872,FIXTURE
39-9032,10,789,FIXTURE
39-9032,11,549,FIXTURE
39-9032,12,17157,FIXTURE
39-9032,13,8533,FIXTURE
39-9032,15,1159,FIXTURE
39-9032,16,1465,FIXTURE
39-9032,17,10206,FIXTURE
39-9032,18,5405,FIXTURE
39-9032,19,2541,FIXTURE
39-9032,20,2340,FIXTURE
39-9032,21,3589,FIXTURE
39-9032,22,3710,FIXTURE
39-9032,23,1085,FIXTURE
39-9032,24,4921,FIXTURE
39-9032,25,5600,FIXTURE
39-9032,26,8027,FIXTURE
39-9032,27,4546,FIXTURE
39-9032,28,2359,FIXTURE
39-9032,29,4903,FIXTURE
39-9032,30,864,FIXTURE
39-9032,31,1562,FIXTURE
39-9032,32,2473,FIXTURE
39-9032,33,1097,FIXTURE
39-9032,34,7399,FIXTURE
39-9032,35,1687,FIXTURE
39-9032,36,16092,FIXTURE
39-9032,37,8316,FIXTURE
39-9032,38,621,FIXTURE
39-9032,39,9399,FIXTURE
39-9032,40,3154,FIXTURE
39-9032,41,3375,FIXTURE
39-9032,42,10357,FIXTURE
39-9032,44,874,FIXTURE
39-9032,45,4077,FIXTURE
39-9032,46,706,FIXTURE
39-9032,47,5505,FIXTURE
39-9032,48,23216,FIXTURE
39-9032,49,2606,FIXTURE
39-9032,50,512,FIXTURE
39-9032,51,6875,FIXTURE
39-9032,53,6138,FIXTURE
39-9032,54,1429,FIXTURE
39-9032,55,4695,FIXTURE
39-9032,56,459,FIXTURE
39-9041,01,1402,FIXTURE
39-9041,02,205,FIXTURE
39-9041,04,1996,FIXTURE
39-9041,05,840,FIXTURE
39-9041,06,11034,FIXTURE
39-9041,08,1611,FIXTURE
39-9041,09,1006,FIXTURE
39-9041,10,276,FIXTURE
39-9041,11,192,FIXTURE
39-9041,12,6011,FIXTURE
39-9041,13,2990,FIXTURE
39-9041,15,406,FIXTURE
39-9041,16,513,FIXTURE
39-9041,17,3576,FIXTURE
39-9041,18,1894,FIXTURE
39-9041,19,890,FIXTURE
39-9041,20,820,FIXTURE
39-9041,21,1258,FIXTURE
39-9041,22,1300,FIXTURE
39-9041,23,380,FIXTURE
39-9041,24,1724,FIXTURE
39-9041,25,1962,FIXTURE
39-9041,26,2812,FIXTURE
39-9041,27,1593,FIXTURE
39-9041,28,826,FIXTURE
39-9041,29,1718,FIXTURE
39-9041,30,303,FIXTURE
39-9041,31,547,FIXTURE
39-9041,32,866,FIXTURE
39-9041,33,384,FIXTURE
39-9041,34,2592,FIXTURE
39-9041,35,591,FIXTURE
39-9041,36,5638,FIXTURE
39-9041,37,2913,FIXTURE
39-9041,38,217,FIXTURE
39-9041,39,3293,FIXTURE
39-9041,40,1105,FIXTURE
39-9041,41,1183,FIXTURE
39-9041,42,3629,FIXTURE
39-9041,44,306,FIXTURE
39-9041,45,1428,FIXTURE
39-9041,46,248,FIXTURE
39-9041,47,1929,FIXTURE
39-9041,48,8134,FIXTURE
39-9041,49,913,FIXTURE
39-9041,50,180,FIXTURE
39-9041,51,2409,FIXTURE
39-9041,53,2150,FIXTURE
39-9041,54,501,FIXTURE
39-9041,55,1645,FIXTURE
39-9041,56,161,FIXTURE
39-9099,01,1092,FIXTURE
39-9099,02,159,FIXTURE
39-9099,04,1554,FIXTURE
39-9099,05,654,FIXTURE
39-9099,06,8592,FIXTURE
39-9099,08,1255,FIXTURE
39-9099,09,784,FIXTURE
39-9099,10,215,FIXTURE
39-9099,11,150,FIXTURE
39-9099,12,4681,FIXTURE
39-9099,13,2328,FIXTURE
39-9099,15,316,FIXTURE
39-9099,16,400,FIXTURE
39-9099,17,2784,FIXTURE
39-9099,18,1475,FIXTURE
39-9099,19,693,FIXTURE
39-9099,20,638,FIXTURE
39-9099,21,979,FIXTURE
39-9099,22,1012,FIXTURE
39-9099,23,296,FIXTURE
39-9099,24,1342,FIXTURE
39-9099,25,1528,FIXTURE
39-9099,26,2190,FIXTURE
39-9099,27,1240,FIXTURE
39-9099,28,644,FIXTURE
39-9099,29,1338,FIXTURE
39-9099,30,236,FIXTURE
39-9099,31,426,FIXTURE
39-9099,32,675,FIXTURE
39-9099,33,299,FIXTURE
39-9099,34,2019,FIXTURE
39-9099,35,460,FIXTURE
39-9099,36,4390,FIXTURE
39-9099,37,2269,FIXTURE
39-9099,38,169,FIXTURE
39-9099,39,2564,FIXTURE
39-9099,40,860,FIXTURE
39-9099,41,921,FIXTURE
39-9099,42,2826,FIXTURE
39-9099,44,238,FIXTURE
39-9099,45,1112,FIXTURE
39-9099,46,193,FIXTURE
39-9099,47,1502,FIXTURE
39-9099,48,6334,FIXTURE
39-9099,49,711,FIXTURE
39-9099,50,140,FIXTURE
39-9099,51,1876,FIXTURE
39-9099,53,1675,FIXTURE
39-9099,54,390,FIXTURE
39-9099,55,1281,FIXTURE
39-9099,56,125,FIXTURE
41-1011,01,17330,FIXTURE
41-1011,02,2530,FIXTURE
41-1011,04,24668,FIXTURE
41-1011,05,10388,FIXTURE
41-1011,06,136378,FIXTURE
41-1011,08,19915,FIXTURE
41-1011,09,12438,FIXTURE
41-1011,10,3415,FIXTURE
41-1011,11,2378,FIXTURE
41-1011,12,74291,FIXTURE
41-1011,13,36948,FIXTURE
41-1011,15,5020,FIXTURE
41-1011,16,6344,FIXTURE
41-1011,17,44194,FIXTURE
41-1011,18,23405,FIXTURE
41-1011,19,11004,FIXTURE
41-1011,20,10134,FIXTURE
41-1011,21,15542,FIXTURE
41-1011,22,16066,FIXTURE
41-1011,23,4699,FIXTURE
41-1011,24,21307,FIXTURE
41-1011,25,24248,FIXTURE
41-1011,26,34759,FIXTURE
41-1011,27,19683,FIXTURE
41-1011,28,10214,FIXTURE
41-1011,29,21230,FIXTURE
41-1011,30,3740,FIXTURE
41-1011,31,6766,FIXTURE
41-1011,32,10709,FIXTURE
41-1011,33,4751,FIXTURE
41-1011,34,32040,FIXTURE
41-1011,35,7304,FIXTURE
41-1011,36,69680,FIXTURE
41-1011,37,36008,FIXTURE
41-1011,38,2687,FIXTURE
41-1011,39,40700,FIXTURE
41-1011,40,13657,FIXTURE
41-1011,41,14615,FIXTURE
41-1011,42,44850,FIXTURE
41-1011,44,3785,FIXTURE
41-1011,45,17655,FIXTURE
41-1011,46,3058,FIXTURE
41-1011,47,23837,FIXTURE
41-1011,48,100531,FIXTURE
41-1011,49,11285,FIXTURE
41-1011,50,2218,FIXTURE
41-1011,51,29772,FIXTURE
41-1011,53,26578,FIXTURE
41-1011,54,6187,FIXTURE
41-1011,55,20329,FIXTURE
41-1011,56,1990,FIXTURE
41-1012,01,3697,FIXTURE
41-1012,02,540,FIXTURE
41-1012,04,5263,FIXTURE
41-1012,05,2216,FIXTURE
41-1012,06,29097,FIXTURE
41-1012,08,4249,FIXTURE
41-1012,09,2654,FIXTURE
41-1012,10,729,FIXTURE
41-1012,11,507,FIXTURE
41-1012,12,15850,FIXTURE
41-1012,13,7883,FIXTURE
41-1012,15,1071,FIXTURE
41-1012,16,1353,FIXTURE
41-1012,17,9429,FIXTURE
41-1012,18,4994,FIXTURE
41-1012,19,2348,FIXTURE
41-1012,20,2162,FIXTURE
41-1012,21,3316,FIXTURE
41-1012,22,3428,FIXTURE
41-1012,23,1003,FIXTURE
41-1012,24,4546,FIXTURE
41-1012,25,5173,FIXTURE
41-1012,26,7416,FIXTURE
41-1012,27,4200,FIXTURE
41-1012,28,2179,FIXTURE
41-1012,29,4530,FIXTURE
41-1012,30,798,FIXTURE
41-1012,31,1443,FIXTURE
41-1012,32,2285,FIXTURE
41-1012,33,1014,FIXTURE
41-1012,34,6836,FIXTURE
41-1012,35,1558,FIXTURE
41-1012,36,14866,FIXTURE
41-1012,37,7683,FIXTURE
41-1012,38,573,FIXTURE
41-1012,39,8683,FIXTURE
41-1012,40,2914,FIXTURE
41-1012,41,3118,FIXTURE
41-1012,42,9569,FIXTURE
41-1012,44,808,FIXTURE
41-1012,45,3767,FIXTURE
41-1012,46,652,FIXTURE
41-1012,47,5086,FIXTURE
41-1012,48,21449,FIXTURE
41-1012,49,2408,FIXTURE
41-1012,50,473,FIXTURE
41-1012,51,6352,FIXTURE
41-1012,53,5670,FIXTURE
41-1012,54,1320,FIXTURE
41-1012,55,4337,FIXTURE
41-1012,56,425,FIXTURE
41-2011,01,50296,FIXTURE
41-2011,02,7342,FIXTURE
41-2011,04,71591,FIXTURE
41-2011,05,30147,FIXTURE
41-2011,06,395803,FIXTURE
41-2011,08,57799,FIXTURE
41-2011,09,36098,FIXTURE
41-2011,10,9910,FIXTURE
41-2011,11,6903,FIXTURE
41-2011,12,215611,FIXTURE
41-2011,13,107233,FIXTURE
41-2011,15,14568,FIXTURE
41-2011,16,18411,FIXTURE
41-2011,17,128261,FIXTURE
41-2011,18,67927,FIXTURE
41-2011,19,31938,FIXTURE
41-2011,20,29410,FIXTURE
41-2011,21,45106,FIXTURE
41-2011,22,46627,FIXTURE
41-2011,23,13638,FIXTURE
41-2011,24,61838,FIXTURE
41-2011,25,70374,FIXTURE
41-2011,26,100880,FIXTURE
41-2011,27,57126,FIXTURE
41-2011,28,29644,FIXTURE
41-2011,29,61615,FIXTURE
41-2011,30,10854,FIXTURE
41-2011,31,19636,FIXTURE
41-2011,32,31079,FIXTURE
41-2011,33,13790,FIXTURE
41-2011,34,92989,FIXTURE
41-2011,35,21198,FIXTURE
41-2011,36,202227,FIXTURE
41-2011,37,104505,FIXTURE
41-2011,38,7799,FIXTURE
41-2011,39,118120,FIXTURE
41-2011,40,39636,FIXTURE
41-2011,41,42418,FIXTURE
41-2011,42,130165,FIXTURE
41-2011,44,10985,FIXTURE
41-2011,45,51239,FIXTURE
41-2011,46,8876,FIXTURE
41-2011,47,69182,FIXTURE
41-2011,48,291765,FIXTURE
41-2011,49,32751,FIXTURE
41-2011,50,6438,FIXTURE
41-2011,51,86406,FIXTURE
41-2011,53,77135,FIXTURE
41-2011,54,17956,FIXTURE
41-2011,55,59000,FIXTURE
41-2011,56,5775,FIXTURE
41-2012,01,260,FIXTURE
41-2012,02,38,FIXTURE
41-2012,04,370,FIXTURE
41-2012,05,156,FIXTURE
41-2012,06,2046,FIXTURE
41-2012,08,299,FIXTURE
41-2012,09,187,FIXTURE
41-2012,10,51,FIXTURE
41-2012,11,36,FIXTURE
41-2012,12,1114,FIXTURE
41-2012,13,554,FIXTURE
41-2012,15,75,FIXTURE
41-2012,16,95,FIXTURE
41-2012,17,663,FIXTURE
41-2012,18,351,FIXTURE
41-2012,19,165,FIXTURE
41-2012,20,152,FIXTURE
41-2012,21,233,FIXTURE
41-2012,22,241,FIXTURE
41-2012,23,70,FIXTURE
41-2012,24,320,FIXTURE
41-2012,25,364,FIXTURE
41-2012,26,521,FIXTURE
41-2012,27,295,FIXTURE
41-2012,28,153,FIXTURE
41-2012,29,318,FIXTURE
41-2012,30,56,FIXTURE
41-2012,31,101,FIXTURE
41-2012,32,161,FIXTURE
41-2012,33,71,FIXTURE
41-2012,34,481,FIXTURE
41-2012,35,110,FIXTURE
41-2012,36,1045,FIXTURE
41-2012,37,540,FIXTURE
41-2012,38,40,FIXTURE
41-2012,39,611,FIXTURE
41-2012,40,205,FIXTURE
41-2012,41,219,FIXTURE
41-2012,42,673,FIXTURE
41-2012,44,57,FIXTURE
41-2012,45,265,FIXTURE
41-2012,46,46,FIXTURE
41-2012,47,358,FIXTURE
41-2012,48,1508,FIXTURE
41-2012,49,169,FIXTURE
41-2012,50,33,FIXTURE
41-2012,51,447,FIXTURE
41-2012,53,399,FIXTURE
41-2012,54,93,FIXTURE
41-2012,55,305,FIXTURE
41-2012,56,30,FIXTURE
41-2021,01,5633,FIXTURE
41-2021,02,822,FIXTURE
41-2021,04,8018,FIXTURE
41-2021,05,3377,FIXTURE
41-2021,06,44330,FIXTURE
41-2021,08,6473,FIXTURE
41-2021,09,4043,FIXTURE
41-2021,10,1110,FIXTURE
41-2021,11,773,FIXTURE
41-2021,12,24149,FIXTURE
41-2021,13,12010,FIXTURE
41-2021,15,1632,FIXTURE
41-2021,16,2062,FIXTURE
41-2021,17,14365,FIXTURE
41-2021,18,7608,FIXTURE
41-2021,19,3577,FIXTURE
41-2021,20,3294,FIXTURE
41-2021,21,5052,FIXTURE
41-2021,22,5222,FIXTURE
41-2021,23,1527,FIXTURE
41-2021,24,6926,FIXTURE
41-2021,25,7882,FIXTURE
41-2021,26,11299,FIXTURE
41-2021,27,6398,FIXTURE
41-2021,28,3320,FIXTURE
41-2021,29,6901,FIXTURE
41-2021,30,1216,FIXTURE
41-2021,31,2199,FIXTURE
41-2021,32,3481,FIXTURE
41-2021,33,1544,FIXTURE
41-2021,34,10415,FIXTURE
41-2021,35,2374,FIXTURE
41-2021,36,22650,FIXTURE
41-2021,37,11705,FIXTURE
41-2021,38,874,FIXTURE
41-2021,39,13230,FIXTURE
41-2021,40,4439,FIXTURE
41-2021,41,4751,FIXTURE
41-2021,42,14579,FIXTURE
41-2021,44,1230,FIXTURE
41-2021,45,5739,FIXTURE
41-2021,46,994,FIXTURE
41-2021,47,7748,FIXTURE
41-2021,48,32678,FIXTURE
41-2021,49,3668,FIXTURE
41-2021,50,721,FIXTURE
41-2021,51,9677,FIXTURE
41-2021,53,8639,FIXTURE
41-2021,54,2011,FIXTURE
41-2021,55,6608,FIXTURE
41-2021,56,647,FIXTURE
41-2022,01,4019,FIXTURE
41-2022,02,587,FIXTURE
41-2022,04,5721,FIXTURE
41-2022,05,2409,FIXTURE
41-2022,06,31627,FIXTURE
41-2022,08,4619,FIXTURE
41-2022,09,2884,FIXTURE
41-2022,10,792,FIXTURE
41-2022,11,552,FIXTURE
41-2022,12,17229,FIXTURE
41-2022,13,8569,FIXTURE
41-2022,15,1164,FIXTURE
41-2022,16,1471,FIXTURE
41-2022,17,10249,FIXTURE
41-2022,18,5428,FIXTURE
41-2022,19,2552,FIXTURE
41-2022,20,2350,FIXTURE
41-2022,21,3604,FIXTURE
41-2022,22,3726,FIXTURE
41-2022,23,1090,FIXTURE
41-2022,24,4941,FIXTURE
41-2022,25,5623,FIXTURE
41-2022,26,8061,FIXTURE
41-2022,27,4565,FIXTURE
41-2022,28,2369,FIXTURE
41-2022,29,4923,FIXTURE
41-2022,30,867,FIXTURE
41-2022,31,1569,FIXTURE
41-2022,32,2483,FIXTURE
41-2022,33,1102,FIXTURE
41-2022,34,7430,FIXTURE
41-2022,35,1694,FIXTURE
41-2022,36,16159,FIXTURE
41-2022,37,8351,FIXTURE
41-2022,38,623,FIXTURE
41-2022,39,9439,FIXTURE
41-2022,40,3167,FIXTURE
41-2022,41,3389,FIXTURE
41-2022,42,10401,FIXTURE
41-2022,44,878,FIXTURE
41-2022,45,4094,FIXTURE
41-2022,46,709,FIXTURE
41-2022,47,5528,FIXTURE
41-2022,48,23314,FIXTURE
41-2022,49,2617,FIXTURE
41-2022,50,514,FIXTURE
41-2022,51,6904,FIXTURE
41-2022,53,6164,FIXTURE
41-2022,54,1435,FIXTURE
41-2022,55,4714,FIXTURE
41-2022,56,461,FIXTURE
41-2031,01,55988,FIXTURE
41-2031,02,8172,FIXTURE
41-2031,04,79692,FIXTURE
41-2031,05,33559,FIXTURE
41-2031,06,440592,FIXTURE
41-2031,08,64339,FIXTURE
41-2031,09,40183,FIXTURE
41-2031,10,11031,FIXTURE
41-2031,11,7684,FIXTURE
41-2031,12,240010,FIXTURE
41-2031,13,119368,FIXTURE
41-2031,15,16217,FIXTURE
41-2031,16,20494,FIXTURE
41-2031,17,142776,FIXTURE
41-2031,18,75614,FIXTURE
41-2031,19,35552,FIXTURE
41-2031,20,32738,FIXTURE
41-2031,21,50211,FIXTURE
41-2031,22,51903,FIXTURE
41-2031,23,15181,FIXTURE
41-2031,24,68836,FIXTURE
41-2031,25,78338,FIXTURE
41-2031,26,112296,FIXTURE
41-2031,27,63590,FIXTURE
41-2031,28,32999,FIXTURE
41-2031,29,68587,FIXTURE
41-2031,30,12082,FIXTURE
41-2031,31,21858,FIXTURE
41-2031,32,34596,FIXTURE
41-2031,33,15350,FIXTURE
41-2031,34,103511,FIXTURE
41-2031,35,23596,FIXTURE
41-2031,36,225112,FIXTURE
41-2031,37,116331,FIXTURE
41-2031,38,8682,FIXTURE
41-2031,39,131487,FIXTURE
41-2031,40,44121,FIXTURE
41-2031,41,47218,FIXTURE
41-2031,42,144895,FIXTURE
41-2031,44,12229,FIXTURE
41-2031,45,57037,FIXTURE
41-2031,46,9880,FIXTURE
41-2031,47,77011,FIXTURE
41-2031,48,324782,FIXTURE
41-2031,49,36457,FIXTURE
41-2031,50,7166,FIXTURE
41-2031,51,96184,FIXTURE
41-2031,53,85863,FIXTURE
41-2031,54,19988,FIXTURE
41-2031,55,65676,FIXTURE
41-2031,56,6428,FIXTURE
41-3011,01,1465,FIXTURE
41-3011,02,214,FIXTURE
41-3011,04,2086,FIXTURE
41-3011,05,878,FIXTURE
41-3011,06,11530,FIXTURE
41-3011,08,1684,FIXTURE
41-3011,09,1052,FIXTURE
41-3011,10,289,FIXTURE
41-3011,11,201,FIXTURE
41-3011,12,6281,FIXTURE
41-3011,13,3124,FIXTURE
41-3011,15,424,FIXTURE
41-3011,16,536,FIXTURE
41-3011,17,3737,FIXTURE
41-3011,18,1979,FIXTURE
41-3011,19,930,FIXTURE
41-3011,20,857,FIXTURE
41-3011,21,1314,FIXTURE
41-3011,22,1358,FIXTURE
41-3011,23,397,FIXTURE
41-3011,24,1801,FIXTURE
41-3011,25,2050,FIXTURE
41-3011,26,2939,FIXTURE
41-3011,27,1664,FIXTURE
41-3011,28,864,FIXTURE
41-3011,29,1795,FIXTURE
41-3011,30,316,FIXTURE
41-3011,31,572,FIXTURE
41-3011,32,905,FIXTURE
41-3011,33,402,FIXTURE
41-3011,34,2709,FIXTURE
41-3011,35,618,FIXTURE
41-3011,36,5891,FIXTURE
41-3011,37,3044,FIXTURE
41-3011,38,227,FIXTURE
41-3011,39,3441,FIXTURE
41-3011,40,1155,FIXTURE
41-3011,41,1236,FIXTURE
41-3011,42,3792,FIXTURE
41-3011,44,320,FIXTURE
41-3011,45,1493,FIXTURE
41-3011,46,259,FIXTURE
41-3011,47,2015,FIXTURE
41-3011,48,8500,FIXTURE
41-3011,49,954,FIXTURE
41-3011,50,188,FIXTURE
41-3011,51,2517,FIXTURE
41-3011,53,2247,FIXTURE
41-3011,54,523,FIXTURE
41-3011,55,1719,FIXTURE
41-3011,56,168,FIXTURE
41-3021,01,6406,FIXTURE
41-3021,02,935,FIXTURE
41-3021,04,9118,FIXTURE
41-3021,05,3840,FIXTURE
41-3021,06,50411,FIXTURE
41-3021,08,7362,FIXTURE
41-3021,09,4598,FIXTURE
41-3021,10,1262,FIXTURE
41-3021,11,879,FIXTURE
41-3021,12,27461,FIXTURE
41-3021,13,13658,FIXTURE
41-3021,15,1855,FIXTURE
41-3021,16,2345,FIXTURE
41-3021,17,16336,FIXTURE
41-3021,18,8652,FIXTURE
41-3021,19,4068,FIXTURE
41-3021,20,3746,FIXTURE
41-3021,21,5745,FIXTURE
41-3021,22,5939,FIXTURE
41-3021,23,1737,FIXTURE
41-3021,24,7876,FIXTURE
41-3021,25,8963,FIXTURE
41-3021,26,12849,FIXTURE
41-3021,27,7276,FIXTURE
41-3021,28,3776,FIXTURE
41-3021,29,7848,FIXTURE
41-3021,30,1382,FIXTURE
41-3021,31,2501,FIXTURE
41-3021,32,3958,FIXTURE
41-3021,33,1756,FIXTURE
41-3021,34,11844,FIXTURE
41-3021,35,2700,FIXTURE
41-3021,36,25757,FIXTURE
41-3021,37,13310,FIXTURE
41-3021,38,993,FIXTURE
41-3021,39,15044,FIXTURE
41-3021,40,5048,FIXTURE
41-3021,41,5403,FIXTURE
41-3021,42,16579,FIXTURE
41-3021,44,1399,FIXTURE
41-3021,45,6526,FIXTURE
41-3021,46,1130,FIXTURE
41-3021,47,8811,FIXTURE
41-3021,48,37161,FIXTURE
41-3021,49,4171,FIXTURE
41-3021,50,820,FIXTURE
41-3021,51,11005,FIXTURE
41-3021,53,9824,FIXTURE
41-3021,54,2287,FIXTURE
41-3021,55,7515,FIXTURE
41-3021,56,735,FIXTURE
41-3031,01,6471,FIXTURE
41-3031,02,945,FIXTURE
41-3031,04,9210,FIXTURE
41-3031,05,3879,FIXTURE
41-3031,06,50921,FIXTURE
41-3031,08,7436,FIXTURE
41-3031,09,4644,FIXTURE
41-3031,10,1275,FIXTURE
41-3031,11,888,FIXTURE
41-3031,12,27739,FIXTURE
41-3031,13,13796,FIXTURE
41-3031,15,1874,FIXTURE
41-3031,16,2369,FIXTURE
41-3031,17,16501,FIXTURE
41-3031,18,8739,FIXTURE
41-3031,19,4109,FIXTURE
41-3031,20,3784,FIXTURE
41-3031,21,5803,FIXTURE
41-3031,22,5999,FIXTURE
41-3031,23,1755,FIXTURE
41-3031,24,7956,FIXTURE
41-3031,25,9054,FIXTURE
41-3031,26,12979,FIXTURE
41-3031,27,7349,FIXTURE
41-3031,28,3814,FIXTURE
41-3031,29,7927,FIXTURE
41-3031,30,1396,FIXTURE
41-3031,31,2526,FIXTURE
41-3031,32,3998,FIXTURE
41-3031,33,1774,FIXTURE
41-3031,34,11963,FIXTURE
41-3031,35,2727,FIXTURE
41-3031,36,26017,FIXTURE
41-3031,37,13445,FIXTURE
41-3031,38,1003,FIXTURE
41-3031,39,15196,FIXTURE
41-3031,40,5099,FIXTURE
41-3031,41,5457,FIXTURE
41-3031,42,16746,FIXTURE
41-3031,44,1413,FIXTURE
41-3031,45,6592,FIXTURE
41-3031,46,1142,FIXTURE
41-3031,47,8900,FIXTURE
41-3031,48,37536,FIXTURE
41-3031,49,4213,FIXTURE
41-3031,50,828,FIXTURE
41-3031,51,11116,FIXTURE
41-3031,53,9924,FIXTURE
41-3031,54,2310,FIXTURE
41-3031,55,7590,FIXTURE
41-3031,56,743,FIXTURE
41-3041,01,564,FIXTURE
41-3041,02,82,FIXTURE
41-3041,04,802,FIXTURE
41-3041,05,338,FIXTURE
41-3041,06,4436,FIXTURE
41-3041,08,648,FIXTURE
41-3041,09,405,FIXTURE
41-3041,10,111,FIXTURE
41-3041,11,77,FIXTURE
41-3041,12,2417,FIXTURE
41-3041,13,1202,FIXTURE
41-3041,15,163,FIXTURE
41-3041,16,206,FIXTURE
41-3041,17,1438,FIXTURE
41-3041,18,761,FIXTURE
41-3041,19,358,FIXTURE
41-3041,20,330,FIXTURE
41-3041,21,506,FIXTURE
41-3041,22,523,FIXTURE
41-3041,23,153,FIXTURE
41-3041,24,693,FIXTURE
41-3041,25,789,FIXTURE
41-3041,26,1131,FIXTURE
41-3041,27,640,FIXTURE
41-3041,28,332,FIXTURE
41-3041,29,691,FIXTURE
41-3041,30,122,FIXTURE
41-3041,31,220,FIXTURE
41-3041,32,348,FIXTURE
41-3041,33,155,FIXTURE
41-3041,34,1042,FIXTURE
41-3041,35,238,FIXTURE
41-3041,36,2267,FIXTURE
41-3041,37,1171,FIXTURE
41-3041,38,87,FIXTURE
41-3041,39,1324,FIXTURE
41-3041,40,444,FIXTURE
41-3041,41,475,FIXTURE
41-3041,42,1459,FIXTURE
41-3041,44,123,FIXTURE
41-3041,45,574,FIXTURE
41-3041,46,100,FIXTURE
41-3041,47,775,FIXTURE
41-3041,48,3270,FIXTURE
41-3041,49,367,FIXTURE
41-3041,50,72,FIXTURE
41-3041,51,969,FIXTURE
41-3041,53,865,FIXTURE
41-3041,54,201,FIXTURE
41-3041,55,661,FIXTURE
41-3041,56,65,FIXTURE
41-3091,01,15559,FIXTURE
41-3091,02,2271,FIXTURE
41-3091,04,22146,FIXTURE
41-3091,05,9326,FIXTURE
41-3091,06,122437,FIXTURE
41-3091,08,17879,FIXTURE
41-3091,09,11166,FIXTURE
41-3091,10,3066,FIXTURE
41-3091,11,2135,FIXTURE
41-3091,12,66697,FIXTURE
41-3091,13,33171,FIXTURE
41-3091,15,4506,FIXTURE
41-3091,16,5695,FIXTURE
41-3091,17,39676,FIXTURE
41-3091,18,21013,FIXTURE
41-3091,19,9879,FIXTURE
41-3091,20,9098,FIXTURE
41-3091,21,13953,FIXTURE
41-3091,22,14424,FIXTURE
41-3091,23,4219,FIXTURE
41-3091,24,19129,FIXTURE
41-3091,25,21769,FIXTURE
41-3091,26,31206,FIXTURE
41-3091,27,17671,FIXTURE
41-3091,28,9170,FIXTURE
41-3091,29,19060,FIXTURE
41-3091,30,3357,FIXTURE
41-3091,31,6074,FIXTURE
41-3091,32,9614,FIXTURE
41-3091,33,4266,FIXTURE
41-3091,34,28765,FIXTURE
41-3091,35,6557,FIXTURE
41-3091,36,62557,FIXTURE
41-3091,37,32327,FIXTURE
41-3091,38,2413,FIXTURE
41-3091,39,36539,FIXTURE
41-3091,40,12261,FIXTURE
41-3091,41,13121,FIXTURE
41-3091,42,40265,FIXTURE
41-3091,44,3398,FIXTURE
41-3091,45,15850,FIXTURE
41-3091,46,2746,FIXTURE
41-3091,47,21401,FIXTURE
41-3091,48,90254,FIXTURE
41-3091,49,10131,FIXTURE
41-3091,50,1991,FIXTURE
41-3091,51,26729,FIXTURE
41-3091,53,23861,FIXTURE
41-3091,54,5555,FIXTURE
41-3091,55,18251,FIXTURE
41-3091,56,1786,FIXTURE
41-4011,01,4035,FIXTURE
41-4011,02,589,FIXTURE
41-4011,04,5743,FIXTURE
41-4011,05,2418,FIXTURE
41-4011,06,31750,FIXTURE
41-4011,08,4636,FIXTURE
41-4011,09,2896,FIXTURE
41-4011,10,795,FIXTURE
41-4011,11,554,FIXTURE
41-4011,12,17296,FIXTURE
41-4011,13,8602,FIXTURE
41-4011,15,1169,FIXTURE
41-4011,16,1477,FIXTURE
41-4011,17,10289,FIXTURE
41-4011,18,5449,FIXTURE
41-4011,19,2562,FIXTURE
41-4011,20,2359,FIXTURE
41-4011,21,3618,FIXTURE
41-4011,22,3740,FIXTURE
41-4011,23,1094,FIXTURE
41-4011,24,4960,FIXTURE
41-4011,25,5645,FIXTURE
41-4011,26,8092,FIXTURE
41-4011,27,4582,FIXTURE
41-4011,28,2378,FIXTURE
41-4011,29,4943,FIXTURE
41-4011,30,871,FIXTURE
41-4011,31,1575,FIXTURE
41-4011,32,2493,FIXTURE
41-4011,33,1106,FIXTURE
41-4011,34,7459,FIXTURE
41-4011,35,1700,FIXTURE
41-4011,36,16222,FIXTURE
41-4011,37,8383,FIXTURE
41-4011,38,626,FIXTURE
41-4011,39,9475,FIXTURE
41-4011,40,3180,FIXTURE
41-4011,41,3403,FIXTURE
41-4011,42,10441,FIXTURE
41-4011,44,881,FIXTURE
41-4011,45,4110,FIXTURE
41-4011,46,712,FIXTURE
41-4011,47,5550,FIXTURE
41-4011,48,23404,FIXTURE
41-4011,49,2627,FIXTURE
41-4011,50,516,FIXTURE
41-4011,51,6931,FIXTURE
41-4011,53,6188,FIXTURE
41-4011,54,1440,FIXTURE
41-4011,55,4733,FIXTURE
41-4011,56,463,FIXTURE
41-4012,01,18834,FIXTURE
41-4012,02,2749,FIXTURE
41-4012,04,26809,FIXTURE
41-4012,05,11289,FIXTURE
41-4012,06,148215,FIXTURE
41-4012,08,21644,FIXTURE
41-4012,09,13517,FIXTURE
41-4012,10,3711,FIXTURE
41-4012,11,2585,FIXTURE
41-4012,12,80739,FIXTURE
41-4012,13,40155,FIXTURE
41-4012,15,5455,FIXTURE
41-4012,16,6894,FIXTURE
41-4012,17,48030,FIXTURE
41-4012,18,25437,FIXTURE
41-4012,19,11960,FIXTURE
41-4012,20,11013,FIXTURE
41-4012,21,16891,FIXTURE
41-4012,22,17460,FIXTURE
41-4012,23,5107,FIXTURE
41-4012,24,23156,FIXTURE
41-4012,25,26353,FIXTURE
41-4012,26,37776,FIXTURE
41-4012,27,21392,FIXTURE
41-4012,28,11101,FIXTURE
41-4012,29,23073,FIXTURE
41-4012,30,4064,FIXTURE
41-4012,31,7353,FIXTURE
41-4012,32,11638,FIXTURE
41-4012,33,5164,FIXTURE
41-4012,34,34821,FIXTURE
41-4012,35,7938,FIXTURE
41-4012,36,75728,FIXTURE
41-4012,37,39134,FIXTURE
41-4012,38,2921,FIXTURE
41-4012,39,44232,FIXTURE
41-4012,40,14842,FIXTURE
41-4012,41,15884,FIXTURE
41-4012,42,48743,FIXTURE
41-4012,44,4114,FIXTURE
41-4012,45,19187,FIXTURE
41-4012,46,3324,FIXTURE
41-4012,47,25906,FIXTURE
41-4012,48,109257,FIXTURE
41-4012,49,12264,FIXTURE
41-4012,50,2411,FIXTURE
41-4012,51,32356,FIXTURE
41-4012,53,28884,FIXTURE
41-4012,54,6724,FIXTURE
41-4012,55,22094,FIXTURE
41-4012,56,2162,FIXTURE
41-9011,01,617,FIXTURE
41-9011,02,90,FIXTURE
41-9011,04,878,FIXTURE
41-9011,05,370,FIXTURE
41-9011,06,4853,FIXTURE
41-9011,08,709,FIXTURE
41-9011,09,443,FIXTURE
41-9011,10,121,FIXTURE
41-9011,11,85,FIXTURE
41-9011,12,2643,FIXTURE
41-9011,13,1315,FIXTURE
41-9011,15,179,FIXTURE
41-9011,16,226,FIXTURE
41-9011,17,1572,FIXTURE
41-9011,18,833,FIXTURE
41-9011,19,391,FIXTURE
41-9011,20,361,FIXTURE
41-9011,21,553,FIXTURE
41-9011,22,572,FIXTURE
41-9011,23,167,FIXTURE
41-9011,24,758,FIXTURE
41-9011,25,863,FIXTURE
41-9011,26,1237,FIXTURE
41-9011,27,700,FIXTURE
41-9011,28,363,FIXTURE
41-9011,29,755,FIXTURE
41-9011,30,133,FIXTURE
41-9011,31,241,FIXTURE
41-9011,32,381,FIXTURE
41-9011,33,169,FIXTURE
41-9011,34,1140,FIXTURE
41-9011,35,260,FIXTURE
41-9011,36,2479,FIXTURE
41-9011,37,1281,FIXTURE
41-9011,38,96,FIXTURE
41-9011,39,1448,FIXTURE
41-9011,40,486,FIXTURE
41-9011,41,520,FIXTURE
41-9011,42,1596,FIXTURE
41-9011,44,135,FIXTURE
41-9011,45,628,FIXTURE
41-9011,46,109,FIXTURE
41-9011,47,848,FIXTURE
41-9011,48,3577,FIXTURE
41-9011,49,401,FIXTURE
41-9011,50,79,FIXTURE
41-9011,51,1059,FIXTURE
41-9011,53,946,FIXTURE
41-9011,54,220,FIXTURE
41-9011,55,723,FIXTURE
41-9011,56,71,FIXTURE
41-9012,01,30,FIXTURE
41-9012,02,4,FIXTURE
41-9012,04,43,FIXTURE
41-9012,05,18,FIXTURE
41-9012,06,239,FIXTURE
41-9012,08,35,FIXTURE
41-9012,09,22,FIXTURE
41-9012,10,6,FIXTURE
41-9012,11,4,FIXTURE
41-9012,12,130,FIXTURE
41-9012,13,65,FIXTURE
41-9012,15,9,FIXTURE
41-9012,16,11,FIXTURE
41-9012,17,77,FIXTURE
41-9012,18,41,FIXTURE
41-9012,19,19,FIXTURE
41-9012,20,18,FIXTURE
41-9012,21,27,FIXTURE
41-9012,22,28,FIXTURE
41-9012,23,8,FIXTURE
41-9012,24,37,FIXTURE
41-9012,25,42,FIXTURE
41-9012,26,61,FIXTURE
41-9012,27,34,FIXTURE
41-9012,28,18,FIXTURE
41-9012,29,37,FIXTURE
41-9012,30,7,FIXTURE
41-9012,31,12,FIXTURE
41-9012,32,19,FIXTURE
41-9012,33,8,FIXTURE
41-9012,34,56,FIXTURE
41-9012,35,13,FIXTURE
41-9012,36,122,FIXTURE
41-9012,37,63,FIXTURE
41-9012,38,5,FIXTURE
41-9012,39,71,FIXTURE
41-9012,40,24,FIXTURE
41-9012,41,26,FIXTURE
41-9012,42,78,FIXTURE
41-9012,44,7,FIXTURE
41-9012,45,31,FIXTURE
41-9012,46,5,FIXTURE
41-9012,47,42,FIXTURE
41-9012,48,176,FIXTURE
41-9012,49,20,FIXTURE
41-9012,50,4,FIXTURE
41-9012,51,52,FIXTURE
41-9012,53,46,FIXTURE
41-9012,54,11,FIXTURE
41-9012,55,36,FIXTURE
41-9012,56,3,FIXTURE
41-9021,01,735,FIXTURE
41-9021,02,107,FIXTURE
41-9021,04,1046,FIXTURE
41-9021,05,440,FIXTURE
41-9021,06,5781,FIXTURE
41-9021,08,844,FIXTURE
41-9021,09,527,FIXTURE
41-9021,10,145,FIXTURE
41-9021,11,101,FIXTURE
41-9021,12,3149,FIXTURE
41-9021,13,1566,FIXTURE
41-9021,15,213,FIXTURE
41-9021,16,269,FIXTURE
41-9021,17,1873,FIXTURE
41-9021,18,992,FIXTURE
41-9021,19,466,FIXTURE
41-9021,20,430,FIXTURE
41-9021,21,659,FIXTURE
41-9021,22,681,FIXTURE
41-9021,23,199,FIXTURE
41-9021,24,903,FIXTURE
41-9021,25,1028,FIXTURE
41-9021,26,1473,FIXTURE
41-9021,27,834,FIXTURE
41-9021,28,433,FIXTURE
41-9021,29,900,FIXTURE
41-9021,30,159,FIXTURE
41-9021,31,287,FIXTURE
41-9021,32,454,FIXTURE
41-9021,33,201,FIXTURE
41-9021,34,1358,FIXTURE
41-9021,35,310,FIXTURE
41-9021,36,2954,FIXTURE
41-9021,37,1526,FIXTURE
41-9021,38,114,FIXTURE
41-9021,39,1725,FIXTURE
41-9021,40,579,FIXTURE
41-9021,41,620,FIXTURE
41-9021,42,1901,FIXTURE
41-9021,44,160,FIXTURE
41-9021,45,748,FIXTURE
41-9021,46,130,FIXTURE
41-9021,47,1010,FIXTURE
41-9021,48,4261,FIXTURE
41-9021,49,478,FIXTURE
41-9021,50,94,FIXTURE
41-9021,51,1262,FIXTURE
41-9021,53,1127,FIXTURE
41-9021,54,262,FIXTURE
41-9021,55,862,FIXTURE
41-9021,56,84,FIXTURE
41-9022,01,2667,FIXTURE
41-9022,02,389,FIXTURE
41-9022,04,3796,FIXTURE
41-9022,05,1598,FIXTURE
41-9022,06,20985,FIXTURE
41-9022,08,3064,FIXTURE
41-9022,09,1914,FIXTURE
41-9022,10,525,FIXTURE
41-9022,11,366,FIXTURE
41-9022,12,11432,FIXTURE
41-9022,13,5685,FIXTURE
41-9022,15,772,FIXTURE
41-9022,16,976,FIXTURE
41-9022,17,6800,FIXTURE
41-9022,18,3602,FIXTURE
41-9022,19,1693,FIXTURE
41-9022,20,1559,FIXTURE
41-9022,21,2392,FIXTURE
41-9022,22,2472,FIXTURE
41-9022,23,723,FIXTURE
41-9022,24,3279,FIXTURE
41-9022,25,3731,FIXTURE
41-9022,26,5349,FIXTURE
41-9022,27,3029,FIXTURE
41-9022,28,1572,FIXTURE
41-9022,29,3267,FIXTURE
41-9022,30,576,FIXTURE
41-9022,31,1041,FIXTURE
41-9022,32,1648,FIXTURE
41-9022,33,731,FIXTURE
41-9022,34,4930,FIXTURE
41-9022,35,1124,FIXTURE
41-9022,36,10722,FIXTURE
41-9022,37,5541,FIXTURE
41-9022,38,414,FIXTURE
41-9022,39,6263,FIXTURE
41-9022,40,2102,FIXTURE
41-9022,41,2249,FIXTURE
41-9022,42,6901,FIXTURE
41-9022,44,582,FIXTURE
41-9022,45,2717,FIXTURE
41-9022,46,471,FIXTURE
41-9022,47,3668,FIXTURE
41-9022,48,15469,FIXTURE
41-9022,49,1736,FIXTURE
41-9022,50,341,FIXTURE
41-9022,51,4581,FIXTURE
41-9022,53,4090,FIXTURE
41-9022,54,952,FIXTURE
41-9022,55,3128,FIXTURE
41-9022,56,306,FIXTURE
41-9031,01,903,FIXTURE
41-9031,02,132,FIXTURE
41-9031,04,1285,FIXTURE
41-9031,05,541,FIXTURE
41-9031,06,7104,FIXTURE
41-9031,08,1037,FIXTURE
41-9031,09,648,FIXTURE
41-9031,10,178,FIXTURE
41-9031,11,124,FIXTURE
41-9031,12,3870,FIXTURE
41-9031,13,1925,FIXTURE
41-9031,15,261,FIXTURE
41-9031,16,330,FIXTURE
41-9031,17,2302,FIXTURE
41-9031,18,1219,FIXTURE
41-9031,19,573,FIXTURE
41-9031,20,528,FIXTURE
41-9031,21,810,FIXTURE
41-9031,22,837,FIXTURE
41-9031,23,245,FIXTURE
41-9031,24,1110,FIXTURE
41-9031,25,1263,FIXTURE
41-9031,26,1811,FIXTURE
41-9031,27,1025,FIXTURE
41-9031,28,532,FIXTURE
41-9031,29,1106,FIXTURE
41-9031,30,195,FIXTURE
41-9031,31,352,FIXTURE
41-9031,32,558,FIXTURE
41-9031,33,247,FIXTURE
41-9031,34,1669,FIXTURE
41-9031,35,380,FIXTURE
41-9031,36,3629,FIXTURE
41-9031,37,1876,FIXTURE
41-9031,38,140,FIXTURE
41-9031,39,2120,FIXTURE
41-9031,40,711,FIXTURE
41-9031,41,761,FIXTURE
41-9031,42,2336,FIXTURE
41-9031,44,197,FIXTURE
41-9031,45,920,FIXTURE
41-9031,46,159,FIXTURE
41-9031,47,1242,FIXTURE
41-9031,48,5236,FIXTURE
41-9031,49,588,FIXTURE
41-9031,50,115,FIXTURE
41-9031,51,1551,FIXTURE
41-9031,53,1384,FIXTURE
41-9031,54,322,FIXTURE
41-9031,55,1059,FIXTURE
41-9031,56,104,FIXTURE
41-9041,01,1745,FIXTURE
41-9041,02,255,FIXTURE
41-9041,04,2484,FIXTURE
41-9041,05,1046,FIXTURE
41-9041,06,13734,FIXTURE
41-9041,08,2006,FIXTURE
41-9041,09,1253,FIXTURE
41-9041,10,344,FIXTURE
41-9041,11,240,FIXTURE
41-9041,12,7481,FIXTURE
41-9041,13,3721,FIXTURE
41-9041,15,505,FIXTURE
41-9041,16,639,FIXTURE
41-9041,17,4450,FIXTURE
41-9041,18,2357,FIXTURE
41-9041,19,1108,FIXTURE
41-9041,20,1020,FIXTURE
41-9041,21,1565,FIXTURE
41-9041,22,1618,FIXTURE
41-9041,23,473,FIXTURE
41-9041,24,2146,FIXTURE
41-9041,25,2442,FIXTURE
41-9041,26,3500,FIXTURE
41-9041,27,1982,FIXTURE
41-9041,28,1029,FIXTURE
41-9041,29,2138,FIXTURE
41-9041,30,377,FIXTURE
41-9041,31,681,FIXTURE
41-9041,32,1078,FIXTURE
41-9041,33,478,FIXTURE
41-9041,34,3227,FIXTURE
41-9041,35,736,FIXTURE
41-9041,36,7017,FIXTURE
41-9041,37,3626,FIXTURE
41-9041,38,271,FIXTURE
41-9041,39,4099,FIXTURE
41-9041,40,1375,FIXTURE
41-9041,41,1472,FIXTURE
41-9041,42,4517,FIXTURE
41-9041,44,381,FIXTURE
41-9041,45,1778,FIXTURE
41-9041,46,308,FIXTURE
41-9041,47,2401,FIXTURE
41-9041,48,10124,FIXTURE
41-9041,49,1136,FIXTURE
41-9041,50,223,FIXTURE
41-9041,51,2998,FIXTURE
41-9041,53,2676,FIXTURE
41-9041,54,623,FIXTURE
41-9041,55,2047,FIXTURE
41-9041,56,200,FIXTURE
41-9091,01,119,FIXTURE
41-9091,02,17,FIXTURE
41-9091,04,170,FIXTURE
41-9091,05,71,FIXTURE
41-9091,06,938,FIXTURE
41-9091,08,137,FIXTURE
41-9091,09,85,FIXTURE
41-9091,10,23,FIXTURE
41-9091,11,16,FIXTURE
41-9091,12,511,FIXTURE
41-9091,13,254,FIXTURE
41-9091,15,34,FIXTURE
41-9091,16,44,FIXTURE
41-9091,17,304,FIXTURE
41-9091,18,161,FIXTURE
41-9091,19,76,FIXTURE
41-9091,20,70,FIXTURE
41-9091,21,107,FIXTURE
41-9091,22,110,FIXTURE
41-9091,23,32,FIXTURE
41-9091,24,146,FIXTURE
41-9091,25,167,FIXTURE
41-9091,26,239,FIXTURE
41-9091,27,135,FIXTURE
41-9091,28,70,FIXTURE
41-9091,29,146,FIXTURE
41-9091,30,26,FIXTURE
41-9091,31,47,FIXTURE
41-9091,32,74,FIXTURE
41-9091,33,33,FIXTURE
41-9091,34,220,FIXTURE
41-9091,35,50,FIXTURE
41-9091,36,479,FIXTURE
41-9091,37,248,FIXTURE
41-9091,38,18,FIXTURE
41-9091,39,280,FIXTURE
41-9091,40,94,FIXTURE
41-9091,41,100,FIXTURE
41-9091,42,308,FIXTURE
41-9091,44,26,FIXTURE
41-9091,45,121,FIXTURE
41-9091,46,21,FIXTURE
41-9091,47,164,FIXTURE
41-9091,48,691,FIXTURE
41-9091,49,78,FIXTURE
41-9091,50,15,FIXTURE
41-9091,51,205,FIXTURE
41-9091,53,183,FIXTURE
41-9091,54,43,FIXTURE
41-9091,55,140,FIXTURE
41-9091,56,14,FIXTURE
41-9099,01,3573,FIXTURE
41-9099,02,522,FIXTURE
41-9099,04,5086,FIXTURE
41-9099,05,2142,FIXTURE
41-9099,06,28121,FIXTURE
41-9099,08,4107,FIXTURE
41-9099,09,2565,FIXTURE
41-9099,10,704,FIXTURE
41-9099,11,490,FIXTURE
41-9099,12,15319,FIXTURE
41-9099,13,7619,FIXTURE
41-9099,15,1035,FIXTURE
41-9099,16,1308,FIXTURE
41-9099,17,9113,FIXTURE
41-9099,18,4826,FIXTURE
41-9099,19,2269,FIXTURE
41-9099,20,2090,FIXTURE
41-9099,21,3205,FIXTURE
41-9099,22,3313,FIXTURE
41-9099,23,969,FIXTURE
41-9099,24,4393,FIXTURE
41-9099,25,5000,FIXTURE
41-9099,26,7167,FIXTURE
41-9099,27,4059,FIXTURE
41-9099,28,2106,FIXTURE
41-9099,29,4378,FIXTURE
41-9099,30,771,FIXTURE
41-9099,31,1395,FIXTURE
41-9099,32,2208,FIXTURE
41-9099,33,980,FIXTURE
41-9099,34,6607,FIXTURE
41-9099,35,1506,FIXTURE
41-9099,36,14368,FIXTURE
41-9099,37,7425,FIXTURE
41-9099,38,554,FIXTURE
41-9099,39,8392,FIXTURE
41-9099,40,2816,FIXTURE
41-9099,41,3014,FIXTURE
41-9099,42,9248,FIXTURE
41-9099,44,781,FIXTURE
41-9099,45,3640,FIXTURE
41-9099,46,631,FIXTURE
41-9099,47,4915,FIXTURE
41-9099,48,20729,FIXTURE
41-9099,49,2327,FIXTURE
41-9099,50,457,FIXTURE
41-9099,51,6139,FIXTURE
41-9099,53,5480,FIXTURE
41-9099,54,1276,FIXTURE
41-9099,55,4192,FIXTURE
41-9099,56,410,FIXTURE
43-1011,01,21883,FIXTURE
43-1011,02,3194,FIXTURE
43-1011,04,31148,FIXTURE
43-1011,05,13117,FIXTURE
43-1011,06,172209,FIXTURE
43-1011,08,25147,FIXTURE
43-1011,09,15706,FIXTURE
43-1011,10,4312,FIXTURE
43-1011,11,3003,FIXTURE
43-1011,12,93810,FIXTURE
43-1011,13,46656,FIXTURE
43-1011,15,6338,FIXTURE
43-1011,16,8010,FIXTURE
43-1011,17,55805,FIXTURE
43-1011,18,29554,FIXTURE
43-1011,19,13896,FIXTURE
43-1011,20,12796,FIXTURE
43-1011,21,19625,FIXTURE
43-1011,22,20287,FIXTURE
43-1011,23,5934,FIXTURE
43-1011,24,26905,FIXTURE
43-1011,25,30619,FIXTURE
43-1011,26,43892,FIXTURE
43-1011,27,24855,FIXTURE
43-1011,28,12898,FIXTURE
43-1011,29,26808,FIXTURE
43-1011,30,4722,FIXTURE
43-1011,31,8543,FIXTURE
43-1011,32,13522,FIXTURE
43-1011,33,6000,FIXTURE
43-1011,34,40458,FIXTURE
43-1011,35,9223,FIXTURE
43-1011,36,87987,FIXTURE
43-1011,37,45469,FIXTURE
43-1011,38,3393,FIXTURE
43-1011,39,51393,FIXTURE
43-1011,40,17245,FIXTURE
43-1011,41,18455,FIXTURE
43-1011,42,56633,FIXTURE
43-1011,44,4780,FIXTURE
43-1011,45,22293,FIXTURE
43-1011,46,3862,FIXTURE
43-1011,47,30100,FIXTURE
43-1011,48,126944,FIXTURE
43-1011,49,14250,FIXTURE
43-1011,50,2801,FIXTURE
43-1011,51,37594,FIXTURE
43-1011,53,33560,FIXTURE
43-1011,54,7813,FIXTURE
43-1011,55,25670,FIXTURE
43-1011,56,2513,FIXTURE
43-2011,01,730,FIXTURE
43-2011,02,107,FIXTURE
43-2011,04,1040,FIXTURE
43-2011,05,438,FIXTURE
43-2011,06,5749,FIXTURE
43-2011,08,839,FIXTURE
43-2011,09,524,FIXTURE
43-2011,10,144,FIXTURE
43-2011,11,100,FIXTURE
43-2011,12,3131,FIXTURE
43-2011,13,1557,FIXTURE
43-2011,15,212,FIXTURE
43-2011,16,267,FIXTURE
43-2011,17,1863,FIXTURE
43-2011,18,987,FIXTURE
43-2011,19,464,FIXTURE
43-2011,20,427,FIXTURE
43-2011,21,655,FIXTURE
43-2011,22,677,FIXTURE
43-2011,23,198,FIXTURE
43-2011,24,898,FIXTURE
43-2011,25,1022,FIXTURE
43-2011,26,1465,FIXTURE
43-2011,27,830,FIXTURE
43-2011,28,431,FIXTURE
43-2011,29,895,FIXTURE
43-2011,30,158,FIXTURE
43-2011,31,285,FIXTURE
43-2011,32,451,FIXTURE
43-2011,33,200,FIXTURE
43-2011,34,1351,FIXTURE
43-2011,35,308,FIXTURE
43-2011,36,2937,FIXTURE
43-2011,37,1518,FIXTURE
43-2011,38,113,FIXTURE
43-2011,39,1716,FIXTURE
43-2011,40,576,FIXTURE
43-2011,41,616,FIXTURE
43-2011,42,1890,FIXTURE
43-2011,44,160,FIXTURE
43-2011,45,744,FIXTURE
43-2011,46,129,FIXTURE
43-2011,47,1005,FIXTURE
43-2011,48,4237,FIXTURE
43-2011,49,476,FIXTURE
43-2011,50,93,FIXTURE
43-2011,51,1255,FIXTURE
43-2011,53,1120,FIXTURE
43-2011,54,261,FIXTURE
43-2011,55,857,FIXTURE
43-2011,56,84,FIXTURE
43-2021,01,59,FIXTURE
43-2021,02,9,FIXTURE
43-2021,04,83,FIXTURE
43-2021,05,35,FIXTURE
43-2021,06,462,FIXTURE
43-2021,08,67,FIXTURE
43-2021,09,42,FIXTURE
43-2021,10,12,FIXTURE
43-2021,11,8,FIXTURE
43-2021,12,251,FIXTURE
43-2021,13,125,FIXTURE
43-2021,15,17,FIXTURE
43-2021,16,21,FIXTURE
43-2021,17,150,FIXTURE
43-2021,18,79,FIXTURE
43-2021,19,37,FIXTURE
43-2021,20,34,FIXTURE
43-2021,21,53,FIXTURE
43-2021,22,54,FIXTURE
43-2021,23,16,FIXTURE
43-2021,24,72,FIXTURE
43-2021,25,82,FIXTURE
43-2021,26,118,FIXTURE
43-2021,27,67,FIXTURE
43-2021,28,35,FIXTURE
43-2021,29,72,FIXTURE
43-2021,30,13,FIXTURE
43-2021,31,23,FIXTURE
43-2021,32,36,FIXTURE
43-2021,33,16,FIXTURE
43-2021,34,108,FIXTURE
43-2021,35,25,FIXTURE
43-2021,36,236,FIXTURE
43-2021,37,122,FIXTURE
43-2021,38,9,FIXTURE
43-2021,39,138,FIXTURE
43-2021,40,46,FIXTURE
43-2021,41,49,FIXTURE
43-2021,42,152,FIXTURE
43-2021,44,13,FIXTURE
43-2021,45,60,FIXTURE
43-2021,46,10,FIXTURE
43-2021,47,81,FIXTURE
43-2021,48,340,FIXTURE
43-2021,49,38,FIXTURE
43-2021,50,7,FIXTURE
43-2021,51,101,FIXTURE
43-2021,53,90,FIXTURE
43-2021,54,21,FIXTURE
43-2021,55,69,FIXTURE
43-2021,56,7,FIXTURE
43-2099,01,20,FIXTURE
43-2099,02,3,FIXTURE
43-2099,04,29,FIXTURE
43-2099,05,12,FIXTURE
43-2099,06,160,FIXTURE
43-2099,08,23,FIXTURE
43-2099,09,15,FIXTURE
43-2099,10,4,FIXTURE
43-2099,11,3,FIXTURE
43-2099,12,87,FIXTURE
43-2099,13,43,FIXTURE
43-2099,15,6,FIXTURE
43-2099,16,7,FIXTURE
43-2099,17,52,FIXTURE
43-2099,18,27,FIXTURE
43-2099,19,13,FIXTURE
43-2099,20,12,FIXTURE
43-2099,21,18,FIXTURE
43-2099,22,19,FIXTURE
43-2099,23,5,FIXTURE
43-2099,24,25,FIXTURE
43-2099,25,28,FIXTURE
43-2099,26,41,FIXTURE
43-2099,27,23,FIXTURE
43-2099,28,12,FIXTURE
43-2099,29,25,FIXTURE
43-2099,30,4,FIXTURE
43-2099,31,8,FIXTURE
43-2099,32,12,FIXTURE
43-2099,33,6,FIXTURE
43-2099,34,38,FIXTURE
43-2099,35,9,FIXTURE
43-2099,36,82,FIXTURE
43-2099,37,42,FIXTURE
43-2099,38,3,FIXTURE
43-2099,39,48,FIXTURE
43-2099,40,16,FIXTURE
43-2099,41,17,FIXTURE
43-2099,42,53,FIXTURE
43-2099,44,4,FIXTURE
43-2099,45,21,FIXTURE
43-2099,46,4,FIXTURE
43-2099,47,28,FIXTURE
43-2099,48,118,FIXTURE
43-2099,49,13,FIXTURE
43-2099,50,3,FIXTURE
43-2099,51,35,FIXTURE
43-2099,53,31,FIXTURE
43-2099,54,7,FIXTURE
43-2099,55,24,FIXTURE
43-2099,56,2,FIXTURE
43-3011,01,3227,FIXTURE
43-3011,02,471,FIXTURE
43-3011,04,4594,FIXTURE
43-3011,05,1934,FIXTURE
43-3011,06,25397,FIXTURE
43-3011,08,3709,FIXTURE
43-3011,09,2316,FIXTURE
43-3011,10,636,FIXTURE
43-3011,11,443,FIXTURE
43-3011,12,13835,FIXTURE
43-3011,13,6881,FIXTURE
43-3011,15,935,FIXTURE
43-3011,16,1181,FIXTURE
43-3011,17,8230,FIXTURE
43-3011,18,4359,FIXTURE
43-3011,19,2049,FIXTURE
43-3011,20,1887,FIXTURE
43-3011,21,2894,FIXTURE
43-3011,22,2992,FIXTURE
43-3011,23,875,FIXTURE
43-3011,24,3968,FIXTURE
43-3011,25,4516,FIXTURE
43-3011,26,6473,FIXTURE
43-3011,27,3665,FIXTURE
43-3011,28,1902,FIXTURE
43-3011,29,3953,FIXTURE
43-3011,30,696,FIXTURE
43-3011,31,1260,FIXTURE
43-3011,32,1994,FIXTURE
43-3011,33,885,FIXTURE
43-3011,34,5967,FIXTURE
43-3011,35,1360,FIXTURE
43-3011,36,12976,FIXTURE
43-3011,37,6706,FIXTURE
43-3011,38,500,FIXTURE
43-3011,39,7579,FIXTURE
43-3011,40,2543,FIXTURE
43-3011,41,2722,FIXTURE
43-3011,42,8352,FIXTURE
43-3011,44,705,FIXTURE
43-3011,45,3288,FIXTURE
43-3011,46,570,FIXTURE
43-3011,47,4439,FIXTURE
43-3011,48,18721,FIXTURE
43-3011,49,2101,FIXTURE
43-3011,50,413,FIXTURE
43-3011,51,5544,FIXTURE
43-3011,53,4949,FIXTURE
43-3011,54,1152,FIXTURE
43-3011,55,3786,FIXTURE
43-3011,56,370,FIXTURE
43-3021,01,6504,FIXTURE
43-3021,02,949,FIXTURE
43-3021,04,9258,FIXTURE
43-3021,05,3899,FIXTURE
43-3021,06,51184,FIXTURE
43-3021,08,7474,FIXTURE
43-3021,09,4668,FIXTURE
43-3021,10,1282,FIXTURE
43-3021,11,893,FIXTURE
43-3021,12,27882,FIXTURE
43-3021,13,13867,FIXTURE
43-3021,15,1884,FIXTURE
43-3021,16,2381,FIXTURE
43-3021,17,16587,FIXTURE
43-3021,18,8784,FIXTURE
43-3021,19,4130,FIXTURE
43-3021,20,3803,FIXTURE
43-3021,21,5833,FIXTURE
43-3021,22,6030,FIXTURE
43-3021,23,1764,FIXTURE
43-3021,24,7997,FIXTURE
43-3021,25,9101,FIXTURE
43-3021,26,13046,FIXTURE
43-3021,27,7387,FIXTURE
43-3021,28,3834,FIXTURE
43-3021,29,7968,FIXTURE
43-3021,30,1404,FIXTURE
43-3021,31,2539,FIXTURE
43-3021,32,4019,FIXTURE
43-3021,33,1783,FIXTURE
43-3021,34,12025,FIXTURE
43-3021,35,2741,FIXTURE
43-3021,36,26152,FIXTURE
43-3021,37,13514,FIXTURE
43-3021,38,1009,FIXTURE
43-3021,39,15275,FIXTURE
43-3021,40,5126,FIXTURE
43-3021,41,5485,FIXTURE
43-3021,42,16833,FIXTURE
43-3021,44,1421,FIXTURE
43-3021,45,6626,FIXTURE
43-3021,46,1148,FIXTURE
43-3021,47,8946,FIXTURE
43-3021,48,37730,FIXTURE
43-3021,49,4235,FIXTURE
43-3021,50,832,FIXTURE
43-3021,51,11174,FIXTURE
43-3021,53,9975,FIXTURE
43-3021,54,2322,FIXTURE
43-3021,55,7630,FIXTURE
43-3021,56,747,FIXTURE
43-3031,01,22880,FIXTURE
43-3031,02,3340,FIXTURE
43-3031,04,32567,FIXTURE
43-3031,05,13714,FIXTURE
43-3031,06,180051,FIXTURE
43-3031,08,26293,FIXTURE
43-3031,09,16421,FIXTURE
43-3031,10,4508,FIXTURE
43-3031,11,3140,FIXTURE
43-3031,12,98082,FIXTURE
43-3031,13,48780,FIXTURE
43-3031,15,6627,FIXTURE
43-3031,16,8375,FIXTURE
43-3031,17,58346,FIXTURE
43-3031,18,30900,FIXTURE
43-3031,19,14528,FIXTURE
43-3031,20,13379,FIXTURE
43-3031,21,20519,FIXTURE
43-3031,22,21211,FIXTURE
43-3031,23,6204,FIXTURE
43-3031,24,28130,FIXTURE
43-3031,25,32013,FIXTURE
43-3031,26,45891,FIXTURE
43-3031,27,25987,FIXTURE
43-3031,28,13485,FIXTURE
43-3031,29,28029,FIXTURE
43-3031,30,4937,FIXTURE
43-3031,31,8932,FIXTURE
43-3031,32,14138,FIXTURE
43-3031,33,6273,FIXTURE
43-3031,34,42301,FIXTURE
43-3031,35,9643,FIXTURE
43-3031,36,91993,FIXTURE
43-3031,37,47539,FIXTURE
43-3031,38,3548,FIXTURE
43-3031,39,53733,FIXTURE
43-3031,40,18030,FIXTURE
43-3031,41,19296,FIXTURE
43-3031,42,59212,FIXTURE
43-3031,44,4997,FIXTURE
43-3031,45,23309,FIXTURE
43-3031,46,4038,FIXTURE
43-3031,47,31471,FIXTURE
43-3031,48,132724,FIXTURE
43-3031,49,14898,FIXTURE
43-3031,50,2929,FIXTURE
43-3031,51,39306,FIXTURE
43-3031,53,35089,FIXTURE
43-3031,54,8168,FIXTURE
43-3031,55,26839,FIXTURE
43-3031,56,2627,FIXTURE
43-3041,01,169,FIXTURE
43-3041,02,25,FIXTURE
43-3041,04,240,FIXTURE
43-3041,05,101,FIXTURE
43-3041,06,1329,FIXTURE
43-3041,08,194,FIXTURE
43-3041,09,121,FIXTURE
43-3041,10,33,FIXTURE
43-3041,11,23,FIXTURE
43-3041,12,724,FIXTURE
43-3041,13,360,FIXTURE
43-3041,15,49,FIXTURE
43-3041,16,62,FIXTURE
43-3041,17,431,FIXTURE
43-3041,18,228,FIXTURE
43-3041,19,107,FIXTURE
43-3041,20,99,FIXTURE
43-3041,21,151,FIXTURE
43-3041,22,157,FIXTURE
43-3041,23,46,FIXTURE
43-3041,24,208,FIXTURE
43-3041,25,236,FIXTURE
43-3041,26,339,FIXTURE
43-3041,27,192,FIXTURE
43-3041,28,100,FIXTURE
43-3041,29,207,FIXTURE
43-3041,30,36,FIXTURE
43-3041,31,66,FIXTURE
43-3041,32,104,FIXTURE
43-3041,33,46,FIXTURE
43-3041,34,312,FIXTURE
43-3041,35,71,FIXTURE
43-3041,36,679,FIXTURE
43-3041,37,351,FIXTURE
43-3041,38,26,FIXTURE
43-3041,39,397,FIXTURE
43-3041,40,133,FIXTURE
43-3041,41,142,FIXTURE
43-3041,42,437,FIXTURE
43-3041,44,37,FIXTURE
43-3041,45,172,FIXTURE
43-3041,46,30,FIXTURE
43-3041,47,232,FIXTURE
43-3041,48,980,FIXTURE
43-3041,49,110,FIXTURE
43-3041,50,22,FIXTURE
43-3041,51,290,FIXTURE
43-3041,53,259,FIXTURE
43-3041,54,60,FIXTURE
43-3041,55,198,FIXTURE
43-3041,56,19,FIXTURE
43-3051,01,2263,FIXTURE
43-3051,02,330,FIXTURE
43-3051,04,3221,FIXTURE
43-3051,05,1356,FIXTURE
43-3051,06,17809,FIXTURE
43-3051,08,2601,FIXTURE
43-3051,09,1624,FIXTURE
43-3051,10,446,FIXTURE
43-3051,11,311,FIXTURE
43-3051,12,9701,FIXTURE
43-3051,13,4825,FIXTURE
43-3051,15,655,FIXTURE
43-3051,16,828,FIXTURE
43-3051,17,5771,FIXTURE
43-3051,18,3056,FIXTURE
43-3051,19,1437,FIXTURE
43-3051,20,1323,FIXTURE
43-3051,21,2030,FIXTURE
43-3051,22,2098,FIXTURE
43-3051,23,614,FIXTURE
43-3051,24,2782,FIXTURE
43-3051,25,3166,FIXTURE
43-3051,26,4539,FIXTURE
43-3051,27,2570,FIXTURE
43-3051,28,1334,FIXTURE
43-3051,29,2772,FIXTURE
43-3051,30,488,FIXTURE
43-3051,31,883,FIXTURE
43-3051,32,1398,FIXTURE
43-3051,33,620,FIXTURE
43-3051,34,4184,FIXTURE
43-3051,35,954,FIXTURE
43-3051,36,9099,FIXTURE
43-3051,37,4702,FIXTURE
43-3051,38,351,FIXTURE
43-3051,39,5315,FIXTURE
43-3051,40,1783,FIXTURE
43-3051,41,1909,FIXTURE
43-3051,42,5857,FIXTURE
43-3051,44,494,FIXTURE
43-3051,45,2305,FIXTURE
43-3051,46,399,FIXTURE
43-3051,47,3113,FIXTURE
43-3051,48,13128,FIXTURE
43-3051,49,1474,FIXTURE
43-3051,50,290,FIXTURE
43-3051,51,3888,FIXTURE
43-3051,53,3471,FIXTURE
43-3051,54,808,FIXTURE
43-3051,55,2655,FIXTURE
43-3051,56,260,FIXTURE
43-3061,01,939,FIXTURE
43-3061,02,137,FIXTURE
43-3061,04,1336,FIXTURE
43-3061,05,563,FIXTURE
43-3061,06,7388,FIXTURE
43-3061,08,1079,FIXTURE
43-3061,09,674,FIXTURE
43-3061,10,185,FIXTURE
43-3061,11,129,FIXTURE
43-3061,12,4024,FIXTURE
43-3061,13,2001,FIXTURE
43-3061,15,272,FIXTURE
43-3061,16,344,FIXTURE
43-3061,17,2394,FIXTURE
43-3061,18,1268,FIXTURE
43-3061,19,596,FIXTURE
43-3061,20,549,FIXTURE
43-3061,21,842,FIXTURE
43-3061,22,870,FIXTURE
43-3061,23,254,FIXTURE
43-3061,24,1154,FIXTURE
43-3061,25,1313,FIXTURE
43-3061,26,1883,FIXTURE
43-3061,27,1066,FIXTURE
43-3061,28,553,FIXTURE
43-3061,29,1150,FIXTURE
43-3061,30,203,FIXTURE
43-3061,31,366,FIXTURE
43-3061,32,580,FIXTURE
43-3061,33,257,FIXTURE
43-3061,34,1736,FIXTURE
43-3061,35,396,FIXTURE
43-3061,36,3774,FIXTURE
43-3061,37,1951,FIXTURE
43-3061,38,146,FIXTURE
43-3061,39,2205,FIXTURE
43-3061,40,740,FIXTURE
43-3061,41,792,FIXTURE
43-3061,42,2429,FIXTURE
43-3061,44,205,FIXTURE
43-3061,45,956,FIXTURE
43-3061,46,166,FIXTURE
43-3061,47,1291,FIXTURE
43-3061,48,5446,FIXTURE
43-3061,49,611,FIXTURE
43-3061,50,120,FIXTURE
43-3061,51,1613,FIXTURE
43-3061,53,1440,FIXTURE
43-3061,54,335,FIXTURE
43-3061,55,1101,FIXTURE
43-3061,56,108,FIXTURE
43-3071,01,5521,FIXTURE
43-3071,02,806,FIXTURE
43-3071,04,7858,FIXTURE
43-3071,05,3309,FIXTURE
43-3071,06,43446,FIXTURE
43-3071,08,6344,FIXTURE
43-3071,09,3962,FIXTURE
43-3071,10,1088,FIXTURE
43-3071,11,758,FIXTURE
43-3071,12,23667,FIXTURE
43-3071,13,11771,FIXTURE
43-3071,15,1599,FIXTURE
43-3071,16,2021,FIXTURE
43-3071,17,14079,FIXTURE
43-3071,18,7456,FIXTURE
43-3071,19,3506,FIXTURE
43-3071,20,3228,FIXTURE
43-3071,21,4951,FIXTURE
43-3071,22,5118,FIXTURE
43-3071,23,1497,FIXTURE
43-3071,24,6788,FIXTURE
43-3071,25,7725,FIXTURE
43-3071,26,11073,FIXTURE
43-3071,27,6271,FIXTURE
43-3071,28,3254,FIXTURE
43-3071,29,6763,FIXTURE
43-3071,30,1191,FIXTURE
43-3071,31,2155,FIXTURE
43-3071,32,3412,FIXTURE
43-3071,33,1514,FIXTURE
43-3071,34,10207,FIXTURE
43-3071,35,2327,FIXTURE
43-3071,36,22198,FIXTURE
43-3071,37,11471,FIXTURE
43-3071,38,856,FIXTURE
43-3071,39,12966,FIXTURE
43-3071,40,4351,FIXTURE
43-3071,41,4656,FIXTURE
43-3071,42,14288,FIXTURE
43-3071,44,1206,FIXTURE
43-3071,45,5624,FIXTURE
43-3071,46,974,FIXTURE
43-3071,47,7594,FIXTURE
43-3071,48,32026,FIXTURE
43-3071,49,3595,FIXTURE
43-3071,50,707,FIXTURE
43-3071,51,9485,FIXTURE
43-3071,53,8467,FIXTURE
43-3071,54,1971,FIXTURE
43-3071,55,6476,FIXTURE
43-3071,56,634,FIXTURE
43-3099,01,459,FIXTURE
43-3099,02,67,FIXTURE
43-3099,04,654,FIXTURE
43-3099,05,275,FIXTURE
43-3099,06,3616,FIXTURE
43-3099,08,528,FIXTURE
43-3099,09,330,FIXTURE
43-3099,10,90,FIXTURE
43-3099,11,63,FIXTURE
43-3099,12,1970,FIXTURE
43-3099,13,980,FIXTURE
43-3099,15,133,FIXTURE
43-3099,16,168,FIXTURE
43-3099,17,1172,FIXTURE
43-3099,18,620,FIXTURE
43-3099,19,292,FIXTURE
43-3099,20,269,FIXTURE
43-3099,21,412,FIXTURE
43-3099,22,426,FIXTURE
43-3099,23,125,FIXTURE
43-3099,24,565,FIXTURE
43-3099,25,643,FIXTURE
43-3099,26,922,FIXTURE
43-3099,27,522,FIXTURE
43-3099,28,271,FIXTURE
43-3099,29,563,FIXTURE
43-3099,30,99,FIXTURE
43-3099,31,179,FIXTURE
43-3099,32,284,FIXTURE
43-3099,33,126,FIXTURE
43-3099,34,849,FIXTURE
43-3099,35,194,FIXTURE
43-3099,36,1847,FIXTURE
43-3099,37,955,FIXTURE
43-3099,38,71,FIXTURE
43-3099,39,1079,FIXTURE
43-3099,40,362,FIXTURE
43-3099,41,387,FIXTURE
43-3099,42,1189,FIXTURE
43-3099,44,100,FIXTURE
43-3099,45,468,FIXTURE
43-3099,46,81,FIXTURE
43-3099,47,632,FIXTURE
43-3099,48,2665,FIXTURE
43-3099,49,299,FIXTURE
43-3099,50,59,FIXTURE
43-3099,51,789,FIXTURE
43-3099,53,705,FIXTURE
43-3099,54,164,FIXTURE
43-3099,55,539,FIXTURE
43-3099,56,53,FIXTURE
43-4011,01,606,FIXTURE
43-4011,02,88,FIXTURE
43-4011,04,863,FIXTURE
43-4011,05,363,FIXTURE
43-4011,06,4769,FIXTURE
43-4011,08,696,FIXTURE
43-4011,09,435,FIXTURE
43-4011,10,119,FIXTURE
43-4011,11,83,FIXTURE
43-4011,12,2598,FIXTURE
43-4011,13,1292,FIXTURE
43-4011,15,176,FIXTURE
43-4011,16,222,FIXTURE
43-4011,17,1546,FIXTURE
43-4011,18,819,FIXTURE
43-4011,19,385,FIXTURE
43-4011,20,354,FIXTURE
43-4011,21,544,FIXTURE
43-4011,22,562,FIXTURE
43-4011,23,164,FIXTURE
43-4011,24,745,FIXTURE
43-4011,25,848,FIXTURE
43-4011,26,1216,FIXTURE
43-4011,27,688,FIXTURE
43-4011,28,357,FIXTURE
43-4011,29,742,FIXTURE
43-4011,30,131,FIXTURE
43-4011,31,237,FIXTURE
43-4011,32,375,FIXTURE
43-4011,33,166,FIXTURE
43-4011,34,1120,FIXTURE
43-4011,35,255,FIXTURE
43-4011,36,2437,FIXTURE
43-4011,37,1259,FIXTURE
43-4011,38,94,FIXTURE
43-4011,39,1423,FIXTURE
43-4011,40,478,FIXTURE
43-4011,41,511,FIXTURE
43-4011,42,1568,FIXTURE
43-4011,44,132,FIXTURE
43-4011,45,617,FIXTURE
43-4011,46,107,FIXTURE
43-4011,47,834,FIXTURE
43-4011,48,3516,FIXTURE
43-4011,49,395,FIXTURE
43-4011,50,78,FIXTURE
43-4011,51,1041,FIXTURE
43-4011,53,929,FIXTURE
43-4011,54,216,FIXTURE
43-4011,55,711,FIXTURE
43-4011,56,70,FIXTURE
43-4021,01,107,FIXTURE
43-4021,02,16,FIXTURE
43-4021,04,152,FIXTURE
43-4021,05,64,FIXTURE
43-4021,06,842,FIXTURE
43-4021,08,123,FIXTURE
43-4021,09,77,FIXTURE
43-4021,10,21,FIXTURE
43-4021,11,15,FIXTURE
43-4021,12,459,FIXTURE
43-4021,13,228,FIXTURE
43-4021,15,31,FIXTURE
43-4021,16,39,FIXTURE
43-4021,17,273,FIXTURE
43-4021,18,144,FIXTURE
43-4021,19,68,FIXTURE
43-4021,20,63,FIXTURE
43-4021,21,96,FIXTURE
43-4021,22,99,FIXTURE
43-4021,23,29,FIXTURE
43-4021,24,132,FIXTURE
43-4021,25,150,FIXTURE
43-4021,26,215,FIXTURE
43-4021,27,122,FIXTURE
43-4021,28,63,FIXTURE
43-4021,29,131,FIXTURE
43-4021,30,23,FIXTURE
43-4021,31,42,FIXTURE
43-4021,32,66,FIXTURE
43-4021,33,29,FIXTURE
43-4021,34,198,FIXTURE
43-4021,35,45,FIXTURE
43-4021,36,430,FIXTURE
43-4021,37,222,FIXTURE
43-4021,38,17,FIXTURE
43-4021,39,251,FIXTURE
43-4021,40,84,FIXTURE
43-4021,41,90,FIXTURE
43-4021,42,277,FIXTURE
43-4021,44,23,FIXTURE
43-4021,45,109,FIXTURE
43-4021,46,19,FIXTURE
43-4021,47,147,FIXTURE
43-4021,48,621,FIXTURE
43-4021,49,70,FIXTURE
43-4021,50,14,FIXTURE
43-4021,51,184,FIXTURE
43-4021,53,164,FIXTURE
43-4021,54,38,FIXTURE
43-4021,55,126,FIXTURE
43-4021,56,12,FIXTURE
43-4031,01,2276,FIXTURE
43-4031,02,332,FIXTURE
43-4031,04,3240,FIXTURE
43-4031,05,1364,FIXTURE
43-4031,06,17914,FIXTURE
43-4031,08,2616,FIXTURE
43-4031,09,1634,FIXTURE
43-4031,10,449,FIXTURE
43-4031,11,312,FIXTURE
43-4031,12,9758,FIXTURE
43-4031,13,4853,FIXTURE
43-4031,15,659,FIXTURE
43-4031,16,833,FIXTURE
43-4031,17,5805,FIXTURE
43-4031,18,3074,FIXTURE
43-4031,19,1446,FIXTURE
43-4031,20,1331,FIXTURE
43-4031,21,2042,FIXTURE
43-4031,22,2110,FIXTURE
43-4031,23,617,FIXTURE
43-4031,24,2799,FIXTURE
43-4031,25,3185,FIXTURE
43-4031,26,4566,FIXTURE
43-4031,27,2585,FIXTURE
43-4031,28,1342,FIXTURE
43-4031,29,2789,FIXTURE
43-4031,30,491,FIXTURE
43-4031,31,889,FIXTURE
43-4031,32,1407,FIXTURE
43-4031,33,624,FIXTURE
43-4031,34,4209,FIXTURE
43-4031,35,959,FIXTURE
43-4031,36,9153,FIXTURE
43-4031,37,4730,FIXTURE
43-4031,38,353,FIXTURE
43-4031,39,5346,FIXTURE
43-4031,40,1794,FIXTURE
43-4031,41,1920,FIXTURE
43-4031,42,5891,FIXTURE
43-4031,44,497,FIXTURE
43-4031,45,2319,FIXTURE
43-4031,46,402,FIXTURE
43-4031,47,3131,FIXTURE
43-4031,48,13205,FIXTURE
43-4031,49,1482,FIXTURE
43-4031,50,291,FIXTURE
43-4031,51,3911,FIXTURE
43-4031,53,3491,FIXTURE
43-4031,54,813,FIXTURE
43-4031,55,2670,FIXTURE
43-4031,56,261,FIXTURE
43-4041,01,255,FIXTURE
43-4041,02,37,FIXTURE
43-4041,04,363,FIXTURE
43-4041,05,153,FIXTURE
43-4041,06,2006,FIXTURE
43-4041,08,293,FIXTURE
43-4041,09,183,FIXTURE
43-4041,10,50,FIXTURE
43-4041,11,35,FIXTURE
43-4041,12,1093,FIXTURE
43-4041,13,544,FIXTURE
43-4041,15,74,FIXTURE
43-4041,16,93,FIXTURE
43-4041,17,650,FIXTURE
43-4041,18,344,FIXTURE
43-4041,19,162,FIXTURE
43-4041,20,149,FIXTURE
43-4041,21,229,FIXTURE
43-4041,22,236,FIXTURE
43-4041,23,69,FIXTURE
43-4041,24,313,FIXTURE
43-4041,25,357,FIXTURE
43-4041,26,511,FIXTURE
43-4041,27,290,FIXTURE
43-4041,28,150,FIXTURE
43-4041,29,312,FIXTURE
43-4041,30,55,FIXTURE
43-4041,31,100,FIXTURE
43-4041,32,158,FIXTURE
43-4041,33,70,FIXTURE
43-4041,34,471,FIXTURE
43-4041,35,107,FIXTURE
43-4041,36,1025,FIXTURE
43-4041,37,530,FIXTURE
43-4041,38,40,FIXTURE
43-4041,39,599,FIXTURE
43-4041,40,201,FIXTURE
43-4041,41,215,FIXTURE
43-4041,42,660,FIXTURE
43-4041,44,56,FIXTURE
43-4041,45,260,FIXTURE
43-4041,46,45,FIXTURE
43-4041,47,351,FIXTURE
43-4041,48,1479,FIXTURE
43-4041,49,166,FIXTURE
43-4041,50,33,FIXTURE
43-4041,51,438,FIXTURE
43-4041,53,391,FIXTURE
43-4041,54,91,FIXTURE
43-4041,55,299,FIXTURE
43-4041,56,29,FIXTURE
43-4051,01,42248,FIXTURE
43-4051,02,6167,FIXTURE
43-4051,04,60135,FIXTURE
43-4051,05,25323,FIXTURE
43-4051,06,332466,FIXTURE
43-4051,08,48550,FIXTURE
43-4051,09,30321,FIXTURE
43-4051,10,8324,FIXTURE
43-4051,11,5798,FIXTURE
43-4051,12,181109,FIXTURE
43-4051,13,90074,FIXTURE
43-4051,15,12237,FIXTURE
43-4051,16,15464,FIXTURE
43-4051,17,107737,FIXTURE
43-4051,18,57058,FIXTURE
43-4051,19,26827,FIXTURE
43-4051,20,24704,FIXTURE
43-4051,21,37888,FIXTURE
43-4051,22,39166,FIXTURE
43-4051,23,11456,FIXTURE
43-4051,24,51943,FIXTURE
43-4051,25,59113,FIXTURE
43-4051,26,84738,FIXTURE
43-4051,27,47984,FIXTURE
43-4051,28,24901,FIXTURE
43-4051,29,51755,FIXTURE
43-4051,30,9117,FIXTURE
43-4051,31,16494,FIXTURE
43-4051,32,26106,FIXTURE
43-4051,33,11583,FIXTURE
43-4051,34,78109,FIXTURE
43-4051,35,17806,FIXTURE
43-4051,36,169867,FIXTURE
43-4051,37,87782,FIXTURE
43-4051,38,6551,FIXTURE
43-4051,39,99218,FIXTURE
43-4051,40,33293,FIXTURE
43-4051,41,35630,FIXTURE
43-4051,42,109336,FIXTURE
43-4051,44,9228,FIXTURE
43-4051,45,43039,FIXTURE
43-4051,46,7456,FIXTURE
43-4051,47,58111,FIXTURE
43-4051,48,245077,FIXTURE
43-4051,49,27510,FIXTURE
43-4051,50,5407,FIXTURE
43-4051,51,72579,FIXTURE
43-4051,53,64792,FIXTURE
43-4051,54,15083,FIXTURE
43-4051,55,49559,FIXTURE
43-4051,56,4851,FIXTURE
43-4061,01,2294,FIXTURE
43-4061,02,335,FIXTURE
43-4061,04,3265,FIXTURE
43-4061,05,1375,FIXTURE
43-4061,06,18053,FIXTURE
43-4061,08,2636,FIXTURE
43-4061,09,1646,FIXTURE
43-4061,10,452,FIXTURE
43-4061,11,315,FIXTURE
43-4061,12,9834,FIXTURE
43-4061,13,4891,FIXTURE
43-4061,15,664,FIXTURE
43-4061,16,840,FIXTURE
43-4061,17,5850,FIXTURE
43-4061,18,3098,FIXTURE
43-4061,19,1457,FIXTURE
43-4061,20,1341,FIXTURE
43-4061,21,2057,FIXTURE
43-4061,22,2127,FIXTURE
43-4061,23,622,FIXTURE
43-4061,24,2821,FIXTURE
43-4061,25,3210,FIXTURE
43-4061,26,4601,FIXTURE
43-4061,27,2606,FIXTURE
43-4061,28,1352,FIXTURE
43-4061,29,2810,FIXTURE
43-4061,30,495,FIXTURE
43-4061,31,896,FIXTURE
43-4061,32,1418,FIXTURE
43-4061,33,629,FIXTURE
43-4061,34,4241,FIXTURE
43-4061,35,967,FIXTURE
43-4061,36,9224,FIXTURE
43-4061,37,4767,FIXTURE
43-4061,38,356,FIXTURE
43-4061,39,5388,FIXTURE
43-4061,40,1808,FIXTURE
43-4061,41,1935,FIXTURE
43-4061,42,5937,FIXTURE
43-4061,44,501,FIXTURE
43-4061,45,2337,FIXTURE
43-4061,46,405,FIXTURE
43-4061,47,3156,FIXTURE
43-4061,48,13308,FIXTURE
43-4061,49,1494,FIXTURE
43-4061,50,294,FIXTURE
43-4061,51,3941,FIXTURE
43-4061,53,3518,FIXTURE
43-4061,54,819,FIXTURE
43-4061,55,2691,FIXTURE
43-4061,56,263,FIXTURE
43-4071,01,1295,FIXTURE
43-4071,02,189,FIXTURE
43-4071,04,1844,FIXTURE
43-4071,05,776,FIXTURE
43-4071,06,10194,FIXTURE
43-4071,08,1489,FIXTURE
43-4071,09,930,FIXTURE
43-4071,10,255,FIXTURE
43-4071,11,178,FIXTURE
43-4071,12,5553,FIXTURE
43-4071,13,2762,FIXTURE
43-4071,15,375,FIXTURE
43-4071,16,474,FIXTURE
43-4071,17,3303,FIXTURE
43-4071,18,1750,FIXTURE
43-4071,19,823,FIXTURE
43-4071,20,757,FIXTURE
43-4071,21,1162,FIXTURE
43-4071,22,1201,FIXTURE
43-4071,23,351,FIXTURE
43-4071,24,1593,FIXTURE
43-4071,25,1813,FIXTURE
43-4071,26,2598,FIXTURE
43-4071,27,1471,FIXTURE
43-4071,28,763,FIXTURE
43-4071,29,1587,FIXTURE
43-4071,30,280,FIXTURE
43-4071,31,506,FIXTURE
43-4071,32,800,FIXTURE
43-4071,33,355,FIXTURE
43-4071,34,2395,FIXTURE
43-4071,35,546,FIXTURE
43-4071,36,5209,FIXTURE
43-4071,37,2692,FIXTURE
43-4071,38,201,FIXTURE
43-4071,39,3042,FIXTURE
43-4071,40,1021,FIXTURE
43-4071,41,1092,FIXTURE
43-4071,42,3353,FIXTURE
43-4071,44,283,FIXTURE
43-4071,45,1320,FIXTURE
43-4071,46,229,FIXTURE
43-4071,47,1782,FIXTURE
43-4071,48,7515,FIXTURE
43-4071,49,844,FIXTURE
43-4071,50,166,FIXTURE
43-4071,51,2225,FIXTURE
43-4071,53,1987,FIXTURE
43-4071,54,462,FIXTURE
43-4071,55,1520,FIXTURE
43-4071,56,149,FIXTURE
43-4081,01,3341,FIXTURE
43-4081,02,488,FIXTURE
43-4081,04,4755,FIXTURE
43-4081,05,2002,FIXTURE
43-4081,06,26289,FIXTURE
43-4081,08,3839,FIXTURE
43-4081,09,2398,FIXTURE
43-4081,10,658,FIXTURE
43-4081,11,458,FIXTURE
43-4081,12,14321,FIXTURE
43-4081,13,7122,FIXTURE
43-4081,15,968,FIXTURE
43-4081,16,1223,FIXTURE
43-4081,17,8519,FIXTURE
43-4081,18,4512,FIXTURE
43-4081,19,2121,FIXTURE
43-4081,20,1953,FIXTURE
43-4081,21,2996,FIXTURE
43-4081,22,3097,FIXTURE
43-4081,23,906,FIXTURE
43-4081,24,4107,FIXTURE
43-4081,25,4674,FIXTURE
43-4081,26,6700,FIXTURE
43-4081,27,3794,FIXTURE
43-4081,28,1969,FIXTURE
43-4081,29,4092,FIXTURE
43-4081,30,721,FIXTURE
43-4081,31,1304,FIXTURE
43-4081,32,2064,FIXTURE
43-4081,33,916,FIXTURE
43-4081,34,6176,FIXTURE
43-4081,35,1408,FIXTURE
43-4081,36,13432,FIXTURE
43-4081,37,6941,FIXTURE
43-4081,38,518,FIXTURE
43-4081,39,7845,FIXTURE
43-4081,40,2633,FIXTURE
43-4081,41,2817,FIXTURE
43-4081,42,8645,FIXTURE
43-4081,44,730,FIXTURE
43-4081,45,3403,FIXTURE
43-4081,46,590,FIXTURE
43-4081,47,4595,FIXTURE
43-4081,48,19379,FIXTURE
43-4081,49,2175,FIXTURE
43-4081,50,428,FIXTURE
43-4081,51,5739,FIXTURE
43-4081,53,5123,FIXTURE
43-4081,54,1193,FIXTURE
43-4081,55,3919,FIXTURE
43-4081,56,384,FIXTURE
43-4111,01,2575,FIXTURE
43-4111,02,376,FIXTURE
43-4111,04,3665,FIXTURE
43-4111,05,1543,FIXTURE
43-4111,06,20260,FIXTURE
43-4111,08,2959,FIXTURE
43-4111,09,1848,FIXTURE
43-4111,10,507,FIXTURE
43-4111,11,353,FIXTURE
43-4111,12,11037,FIXTURE
43-4111,13,5489,FIXTURE
43-4111,15,746,FIXTURE
43-4111,16,942,FIXTURE
43-4111,17,6565,FIXTURE
43-4111,18,3477,FIXTURE
43-4111,19,1635,FIXTURE
43-4111,20,1505,FIXTURE
43-4111,21,2309,FIXTURE
43-4111,22,2387,FIXTURE
43-4111,23,698,FIXTURE
43-4111,24,3165,FIXTURE
43-4111,25,3602,FIXTURE
43-4111,26,5164,FIXTURE
43-4111,27,2924,FIXTURE
43-4111,28,1517,FIXTURE
43-4111,29,3154,FIXTURE
43-4111,30,556,FIXTURE
43-4111,31,1005,FIXTURE
43-4111,32,1591,FIXTURE
43-4111,33,706,FIXTURE
43-4111,34,4760,FIXTURE
43-4111,35,1085,FIXTURE
43-4111,36,10351,FIXTURE
43-4111,37,5349,FIXTURE
43-4111,38,399,FIXTURE
43-4111,39,6046,FIXTURE
43-4111,40,2029,FIXTURE
43-4111,41,2171,FIXTURE
43-4111,42,6663,FIXTURE
43-4111,44,562,FIXTURE
43-4111,45,2623,FIXTURE
43-4111,46,454,FIXTURE
43-4111,47,3541,FIXTURE
43-4111,48,14935,FIXTURE
43-4111,49,1676,FIXTURE
43-4111,50,330,FIXTURE
43-4111,51,4423,FIXTURE
43-4111,53,3948,FIXTURE
43-4111,54,919,FIXTURE
43-4111,55,3020,FIXTURE
43-4111,56,296,FIXTURE
43-4121,01,1190,FIXTURE
43-4121,02,174,FIXTURE
43-4121,04,1693,FIXTURE
43-4121,05,713,FIXTURE
43-4121,06,9361,FIXTURE
43-4121,08,1367,FIXTURE
43-4121,09,854,FIXTURE
43-4121,10,234,FIXTURE
43-4121,11,163,FIXTURE
43-4121,12,5099,FIXTURE
43-4121,13,2536,FIXTURE
43-4121,15,345,FIXTURE
43-4121,16,435,FIXTURE
43-4121,17,3033,FIXTURE
43-4121,18,1606,FIXTURE
43-4121,19,755,FIXTURE
43-4121,20,696,FIXTURE
43-4121,21,1067,FIXTURE
43-4121,22,1103,FIXTURE
43-4121,23,323,FIXTURE
43-4121,24,1462,FIXTURE
43-4121,25,1664,FIXTURE
43-4121,26,2386,FIXTURE
43-4121,27,1351,FIXTURE
43-4121,28,701,FIXTURE
43-4121,29,1457,FIXTURE
43-4121,30,257,FIXTURE
43-4121,31,464,FIXTURE
43-4121,32,735,FIXTURE
43-4121,33,326,FIXTURE
43-4121,34,2199,FIXTURE
43-4121,35,501,FIXTURE
43-4121,36,4783,FIXTURE
43-4121,37,2472,FIXTURE
43-4121,38,184,FIXTURE
43-4121,39,2794,FIXTURE
43-4121,40,937,FIXTURE
43-4121,41,1003,FIXTURE
43-4121,42,3078,FIXTURE
43-4121,44,260,FIXTURE
43-4121,45,1212,FIXTURE
43-4121,46,210,FIXTURE
43-4121,47,1636,FIXTURE
43-4121,48,6900,FIXTURE
43-4121,49,775,FIXTURE
43-4121,50,152,FIXTURE
43-4121,51,2043,FIXTURE
43-4121,53,1824,FIXTURE
43-4121,54,425,FIXTURE
43-4121,55,1395,FIXTURE
43-4121,56,137,FIXTURE
43-4131,01,3617,FIXTURE
43-4131,02,528,FIXTURE
43-4131,04,5148,FIXTURE
43-4131,05,2168,FIXTURE
43-4131,06,28464,FIXTURE
43-4131,08,4156,FIXTURE
43-4131,09,2596,FIXTURE
43-4131,10,713,FIXTURE
43-4131,11,496,FIXTURE
43-4131,12,15505,FIXTURE
43-4131,13,7711,FIXTURE
43-4131,15,1048,FIXTURE
43-4131,16,1324,FIXTURE
43-4131,17,9224,FIXTURE
43-4131,18,4885,FIXTURE
43-4131,19,2297,FIXTURE
43-4131,20,2115,FIXTURE
43-4131,21,3244,FIXTURE
43-4131,22,3353,FIXTURE
43-4131,23,981,FIXTURE
43-4131,24,4447,FIXTURE
43-4131,25,5061,FIXTURE
43-4131,26,7255,FIXTURE
43-4131,27,4108,FIXTURE
43-4131,28,2132,FIXTURE
43-4131,29,4431,FIXTURE
43-4131,30,781,FIXTURE
43-4131,31,1412,FIXTURE
43-4131,32,2235,FIXTURE
43-4131,33,992,FIXTURE
43-4131,34,6687,FIXTURE
43-4131,35,1524,FIXTURE
43-4131,36,14543,FIXTURE
43-4131,37,7515,FIXTURE
43-4131,38,561,FIXTURE
43-4131,39,8494,FIXTURE
43-4131,40,2850,FIXTURE
43-4131,41,3050,FIXTURE
43-4131,42,9361,FIXTURE
43-4131,44,790,FIXTURE
43-4131,45,3685,FIXTURE
43-4131,46,638,FIXTURE
43-4131,47,4975,FIXTURE
43-4131,48,20982,FIXTURE
43-4131,49,2355,FIXTURE
43-4131,50,463,FIXTURE
43-4131,51,6214,FIXTURE
43-4131,53,5547,FIXTURE
43-4131,54,1291,FIXTURE
43-4131,55,4243,FIXTURE
43-4131,56,415,FIXTURE
43-4141,01,614,FIXTURE
43-4141,02,90,FIXTURE
43-4141,04,874,FIXTURE
43-4141,05,368,FIXTURE
43-4141,06,4831,FIXTURE
43-4141,08,705,FIXTURE
43-4141,09,441,FIXTURE
43-4141,10,121,FIXTURE
43-4141,11,84,FIXTURE
43-4141,12,2632,FIXTURE
43-4141,13,1309,FIXTURE
43-4141,15,178,FIXTURE
43-4141,16,225,FIXTURE
43-4141,17,1566,FIXTURE
43-4141,18,829,FIXTURE
43-4141,19,390,FIXTURE
43-4141,20,359,FIXTURE
43-4141,21,551,FIXTURE
43-4141,22,569,FIXTURE
43-4141,23,166,FIXTURE
43-4141,24,755,FIXTURE
43-4141,25,859,FIXTURE
43-4141,26,1231,FIXTURE
43-4141,27,697,FIXTURE
43-4141,28,362,FIXTURE
43-4141,29,752,FIXTURE
43-4141,30,132,FIXTURE
43-4141,31,240,FIXTURE
43-4141,32,379,FIXTURE
43-4141,33,168,FIXTURE
43-4141,34,1135,FIXTURE
43-4141,35,259,FIXTURE
43-4141,36,2468,FIXTURE
43-4141,37,1276,FIXTURE
43-4141,38,95,FIXTURE
43-4141,39,1442,FIXTURE
43-4141,40,484,FIXTURE
43-4141,41,518,FIXTURE
43-4141,42,1589,FIXTURE
43-4141,44,134,FIXTURE
43-4141,45,625,FIXTURE
43-4141,46,108,FIXTURE
43-4141,47,844,FIXTURE
43-4141,48,3561,FIXTURE
43-4141,49,400,FIXTURE
43-4141,50,79,FIXTURE
43-4141,51,1055,FIXTURE
43-4141,53,942,FIXTURE
43-4141,54,219,FIXTURE
43-4141,55,720,FIXTURE
43-4141,56,70,FIXTURE
43-4151,01,2029,FIXTURE
43-4151,02,296,FIXTURE
43-4151,04,2888,FIXTURE
43-4151,05,1216,FIXTURE
43-4151,06,15967,FIXTURE
43-4151,08,2332,FIXTURE
43-4151,09,1456,FIXTURE
43-4151,10,400,FIXTURE
43-4151,11,278,FIXTURE
43-4151,12,8698,FIXTURE
43-4151,13,4326,FIXTURE
43-4151,15,588,FIXTURE
43-4151,16,743,FIXTURE
43-4151,17,5174,FIXTURE
43-4151,18,2740,FIXTURE
43-4151,19,1288,FIXTURE
43-4151,20,1186,FIXTURE
43-4151,21,1820,FIXTURE
43-4151,22,1881,FIXTURE
43-4151,23,550,FIXTURE
43-4151,24,2495,FIXTURE
43-4151,25,2839,FIXTURE
43-4151,26,4069,FIXTURE
43-4151,27,2304,FIXTURE
43-4151,28,1196,FIXTURE
43-4151,29,2485,FIXTURE
43-4151,30,438,FIXTURE
43-4151,31,792,FIXTURE
43-4151,32,1254,FIXTURE
43-4151,33,556,FIXTURE
43-4151,34,3751,FIXTURE
43-4151,35,855,FIXTURE
43-4151,36,8158,FIXTURE
43-4151,37,4216,FIXTURE
43-4151,38,315,FIXTURE
43-4151,39,4765,FIXTURE
43-4151,40,1599,FIXTURE
43-4151,41,1711,FIXTURE
43-4151,42,5251,FIXTURE
43-4151,44,443,FIXTURE
43-4151,45,2067,FIXTURE
43-4151,46,358,FIXTURE
43-4151,47,2791,FIXTURE
43-4151,48,11770,FIXTURE
43-4151,49,1321,FIXTURE
43-4151,50,260,FIXTURE
43-4151,51,3486,FIXTURE
43-4151,53,3112,FIXTURE
43-4151,54,724,FIXTURE
43-4151,55,2380,FIXTURE
43-4151,56,233,FIXTURE
43-4161,01,1558,FIXTURE
43-4161,02,227,FIXTURE
43-4161,04,2217,FIXTURE
43-4161,05,934,FIXTURE
43-4161,06,12259,FIXTURE
43-4161,08,1790,FIXTURE
43-4161,09,1118,FIXTURE
43-4161,10,307,FIXTURE
43-4161,11,214,FIXTURE
43-4161,12,6678,FIXTURE
43-4161,13,3321,FIXTURE
43-4161,15,451,FIXTURE
43-4161,16,570,FIXTURE
43-4161,17,3973,FIXTURE
43-4161,18,2104,FIXTURE
43-4161,19,989,FIXTURE
43-4161,20,911,FIXTURE
43-4161,21,1397,FIXTURE
43-4161,22,1444,FIXTURE
43-4161,23,423,FIXTURE
43-4161,24,1915,FIXTURE
43-4161,25,2180,FIXTURE
43-4161,26,3125,FIXTURE
43-4161,27,1769,FIXTURE
43-4161,28,918,FIXTURE
43-4161,29,1908,FIXTURE
43-4161,30,336,FIXTURE
43-4161,31,608,FIXTURE
43-4161,32,963,FIXTURE
43-4161,33,427,FIXTURE
43-4161,34,2880,FIXTURE
43-4161,35,657,FIXTURE
43-4161,36,6264,FIXTURE
43-4161,37,3237,FIXTURE
43-4161,38,242,FIXTURE
43-4161,39,3659,FIXTURE
43-4161,40,1228,FIXTURE
43-4161,41,1314,FIXTURE
43-4161,42,4032,FIXTURE
43-4161,44,340,FIXTURE
43-4161,45,1587,FIXTURE
43-4161,46,275,FIXTURE
43-4161,47,2143,FIXTURE
43-4161,48,9037,FIXTURE
43-4161,49,1014,FIXTURE
43-4161,50,199,FIXTURE
43-4161,51,2676,FIXTURE
43-4161,53,2389,FIXTURE
43-4161,54,556,FIXTURE
43-4161,55,1828,FIXTURE
43-4161,56,179,FIXTURE
43-4171,01,14903,FIXTURE
43-4171,02,2175,FIXTURE
43-4171,04,21213,FIXTURE
43-4171,05,8933,FIXTURE
43-4171,06,117279,FIXTURE
43-4171,08,17126,FIXTURE
43-4171,09,10696,FIXTURE
43-4171,10,2936,FIXTURE
43-4171,11,2045,FIXTURE
43-4171,12,63887,FIXTURE
43-4171,13,31774,FIXTURE
43-4171,15,4317,FIXTURE
43-4171,16,5455,FIXTURE
43-4171,17,38005,FIXTURE
43-4171,18,20127,FIXTURE
43-4171,19,9463,FIXTURE
43-4171,20,8714,FIXTURE
43-4171,21,13365,FIXTURE
43-4171,22,13816,FIXTURE
43-4171,23,4041,FIXTURE
43-4171,24,18323,FIXTURE
43-4171,25,20852,FIXTURE
43-4171,26,29892,FIXTURE
43-4171,27,16927,FIXTURE
43-4171,28,8784,FIXTURE
43-4171,29,18257,FIXTURE
43-4171,30,3216,FIXTURE
43-4171,31,5818,FIXTURE
43-4171,32,9209,FIXTURE
43-4171,33,4086,FIXTURE
43-4171,34,27553,FIXTURE
43-4171,35,6281,FIXTURE
43-4171,36,59921,FIXTURE
43-4171,37,30965,FIXTURE
43-4171,38,2311,FIXTURE
43-4171,39,35000,FIXTURE
43-4171,40,11744,FIXTURE
43-4171,41,12569,FIXTURE
43-4171,42,38569,FIXTURE
43-4171,44,3255,FIXTURE
43-4171,45,15182,FIXTURE
43-4171,46,2630,FIXTURE
43-4171,47,20499,FIXTURE
43-4171,48,86452,FIXTURE
43-4171,49,9704,FIXTURE
43-4171,50,1908,FIXTURE
43-4171,51,25603,FIXTURE
43-4171,53,22856,FIXTURE
43-4171,54,5321,FIXTURE
43-4171,55,17482,FIXTURE
43-4171,56,1711,FIXTURE
43-4181,01,1529,FIXTURE
43-4181,02,223,FIXTURE
43-4181,04,2176,FIXTURE
43-4181,05,916,FIXTURE
43-4181,06,12031,FIXTURE
43-4181,08,1757,FIXTURE
43-4181,09,1097,FIXTURE
43-4181,10,301,FIXTURE
43-4181,11,210,FIXTURE
43-4181,12,6554,FIXTURE
43-4181,13,3260,FIXTURE
43-4181,15,443,FIXTURE
43-4181,16,560,FIXTURE
43-4181,17,3899,FIXTURE
43-4181,18,2065,FIXTURE
43-4181,19,971,FIXTURE
43-4181,20,894,FIXTURE
43-4181,21,1371,FIXTURE
43-4181,22,1417,FIXTURE
43-4181,23,415,FIXTURE
43-4181,24,1880,FIXTURE
43-4181,25,2139,FIXTURE
43-4181,26,3066,FIXTURE
43-4181,27,1736,FIXTURE
43-4181,28,901,FIXTURE
43-4181,29,1873,FIXTURE
43-4181,30,330,FIXTURE
43-4181,31,597,FIXTURE
43-4181,32,945,FIXTURE
43-4181,33,419,FIXTURE
43-4181,34,2827,FIXTURE
43-4181,35,644,FIXTURE
43-4181,36,6147,FIXTURE
43-4181,37,3177,FIXTURE
43-4181,38,237,FIXTURE
43-4181,39,3591,FIXTURE
43-4181,40,1205,FIXTURE
43-4181,41,1289,FIXTURE
43-4181,42,3957,FIXTURE
43-4181,44,334,FIXTURE
43-4181,45,1558,FIXTURE
43-4181,46,270,FIXTURE
43-4181,47,2103,FIXTURE
43-4181,48,8869,FIXTURE
43-4181,49,996,FIXTURE
43-4181,50,196,FIXTURE
43-4181,51,2626,FIXTURE
43-4181,53,2345,FIXTURE
43-4181,54,546,FIXTURE
43-4181,55,1793,FIXTURE
43-4181,56,175,FIXTURE
43-4199,01,2351,FIXTURE
43-4199,02,343,FIXTURE
43-4199,04,3346,FIXTURE
43-4199,05,1409,FIXTURE
43-4199,06,18499,FIXTURE
43-4199,08,2701,FIXTURE
43-4199,09,1687,FIXTURE
43-4199,10,463,FIXTURE
43-4199,11,323,FIXTURE
43-4199,12,10077,FIXTURE
43-4199,13,5012,FIXTURE
43-4199,15,681,FIXTURE
43-4199,16,860,FIXTURE
43-4199,17,5995,FIXTURE
43-4199,18,3175,FIXTURE
43-4199,19,1493,FIXTURE
43-4199,20,1375,FIXTURE
43-4199,21,2108,FIXTURE
43-4199,22,2179,FIXTURE
43-4199,23,637,FIXTURE
43-4199,24,2890,FIXTURE
43-4199,25,3289,FIXTURE
43-4199,26,4715,FIXTURE
43-4199,27,2670,FIXTURE
43-4199,28,1386,FIXTURE
43-4199,29,2880,FIXTURE
43-4199,30,507,FIXTURE
43-4199,31,918,FIXTURE
43-4199,32,1453,FIXTURE
43-4199,33,645,FIXTURE
43-4199,34,4346,FIXTURE
43-4199,35,991,FIXTURE
43-4199,36,9452,FIXTURE
43-4199,37,4884,FIXTURE
43-4199,38,365,FIXTURE
43-4199,39,5521,FIXTURE
43-4199,40,1852,FIXTURE
43-4199,41,1983,FIXTURE
43-4199,42,6084,FIXTURE
43-4199,44,513,FIXTURE
43-4199,45,2395,FIXTURE
43-4199,46,415,FIXTURE
43-4199,47,3233,FIXTURE
43-4199,48,13637,FIXTURE
43-4199,49,1531,FIXTURE
43-4199,50,301,FIXTURE
43-4199,51,4038,FIXTURE
43-4199,53,3605,FIXTURE
43-4199,54,839,FIXTURE
43-4199,55,2758,FIXTURE
43-4199,56,270,FIXTURE
43-5011,01,1300,FIXTURE
43-5011,02,190,FIXTURE
43-5011,04,1850,FIXTURE
43-5011,05,779,FIXTURE
43-5011,06,10229,FIXTURE
43-5011,08,1494,FIXTURE
43-5011,09,933,FIXTURE
43-5011,10,256,FIXTURE
43-5011,11,178,FIXTURE
43-5011,12,5572,FIXTURE
43-5011,13,2771,FIXTURE
43-5011,15,377,FIXTURE
43-5011,16,476,FIXTURE
43-5011,17,3315,FIXTURE
43-5011,18,1756,FIXTURE
43-5011,19,825,FIXTURE
43-5011,20,760,FIXTURE
43-5011,21,1166,FIXTURE
43-5011,22,1205,FIXTURE
43-5011,23,353,FIXTURE
43-5011,24,1598,FIXTURE
43-5011,25,1819,FIXTURE
43-5011,26,2607,FIXTURE
43-5011,27,1476,FIXTURE
43-5011,28,766,FIXTURE
43-5011,29,1592,FIXTURE
43-5011,30,281,FIXTURE
43-5011,31,508,FIXTURE
43-5011,32,803,FIXTURE
43-5011,33,356,FIXTURE
43-5011,34,2403,FIXTURE
43-5011,35,548,FIXTURE
43-5011,36,5226,FIXTURE
43-5011,37,2701,FIXTURE
43-5011,38,202,FIXTURE
43-5011,39,3053,FIXTURE
43-5011,40,1024,FIXTURE
43-5011,41,1096,FIXTURE
43-5011,42,3364,FIXTURE
43-5011,44,284,FIXTURE
43-5011,45,1324,FIXTURE
43-5011,46,229,FIXTURE
43-5011,47,1788,FIXTURE
43-5011,48,7540,FIXTURE
43-5011,49,846,FIXTURE
43-5011,50,166,FIXTURE
43-5011,51,2233,FIXTURE
43-5011,53,1994,FIXTURE
43-5011,54,464,FIXTURE
43-5011,55,1525,FIXTURE
43-5011,56,149,FIXTURE
43-5021,01,1035,FIXTURE
43-5021,02,151,FIXTURE
43-5021,04,1474,FIXTURE
43-5021,05,621,FIXTURE
43-5021,06,8149,FIXTURE
43-5021,08,1190,FIXTURE
43-5021,09,743,FIXTURE
43-5021,10,204,FIXTURE
43-5021,11,142,FIXTURE
43-5021,12,4439,FIXTURE
43-5021,13,2208,FIXTURE
43-5021,15,300,FIXTURE
43-5021,16,379,FIXTURE
43-5021,17,2641,FIXTURE
43-5021,18,1398,FIXTURE
43-5021,19,658,FIXTURE
43-5021,20,605,FIXTURE
43-5021,21,929,FIXTURE
43-5021,22,960,FIXTURE
43-5021,23,281,FIXTURE
43-5021,24,1273,FIXTURE
43-5021,25,1449,FIXTURE
43-5021,26,2077,FIXTURE
43-5021,27,1176,FIXTURE
43-5021,28,610,FIXTURE
43-5021,29,1268,FIXTURE
43-5021,30,223,FIXTURE
43-5021,31,404,FIXTURE
43-5021,32,640,FIXTURE
43-5021,33,284,FIXTURE
43-5021,34,1914,FIXTURE
43-5021,35,436,FIXTURE
43-5021,36,4163,FIXTURE
43-5021,37,2151,FIXTURE
43-5021,38,161,FIXTURE
43-5021,39,2432,FIXTURE
43-5021,40,816,FIXTURE
43-5021,41,873,FIXTURE
43-5021,42,2680,FIXTURE
43-5021,44,226,FIXTURE
43-5021,45,1055,FIXTURE
43-5021,46,183,FIXTURE
43-5021,47,1424,FIXTURE
43-5021,48,6007,FIXTURE
43-5021,49,674,FIXTURE
43-5021,50,133,FIXTURE
43-5021,51,1779,FIXTURE
43-5021,53,1588,FIXTURE
43-5021,54,370,FIXTURE
43-5021,55,1215,FIXTURE
43-5021,56,119,FIXTURE
43-5031,01,1471,FIXTURE
43-5031,02,215,FIXTURE
43-5031,04,2094,FIXTURE
43-5031,05,882,FIXTURE
43-5031,06,11577,FIXTURE
43-5031,08,1691,FIXTURE
43-5031,09,1056,FIXTURE
43-5031,10,290,FIXTURE
43-5031,11,202,FIXTURE
43-5031,12,6306,FIXTURE
43-5031,13,3137,FIXTURE
43-5031,15,426,FIXTURE
43-5031,16,538,FIXTURE
43-5031,17,3752,FIXTURE
43-5031,18,1987,FIXTURE
43-5031,19,934,FIXTURE
43-5031,20,860,FIXTURE
43-5031,21,1319,FIXTURE
43-5031,22,1364,FIXTURE
43-5031,23,399,FIXTURE
43-5031,24,1809,FIXTURE
43-5031,25,2058,FIXTURE
43-5031,26,2951,FIXTURE
43-5031,27,1671,FIXTURE
43-5031,28,867,FIXTURE
43-5031,29,1802,FIXTURE
43-5031,30,317,FIXTURE
43-5031,31,574,FIXTURE
43-5031,32,909,FIXTURE
43-5031,33,403,FIXTURE
43-5031,34,2720,FIXTURE
43-5031,35,620,FIXTURE
43-5031,36,5915,FIXTURE
43-5031,37,3057,FIXTURE
43-5031,38,228,FIXTURE
43-5031,39,3455,FIXTURE
43-5031,40,1159,FIXTURE
43-5031,41,1241,FIXTURE
43-5031,42,3807,FIXTURE
43-5031,44,321,FIXTURE
43-5031,45,1499,FIXTURE
43-5031,46,260,FIXTURE
43-5031,47,2024,FIXTURE
43-5031,48,8534,FIXTURE
43-5031,49,958,FIXTURE
43-5031,50,188,FIXTURE
43-5031,51,2527,FIXTURE
43-5031,53,2256,FIXTURE
43-5031,54,525,FIXTURE
43-5031,55,1726,FIXTURE
43-5031,56,169,FIXTURE
43-5032,01,2946,FIXTURE
43-5032,02,430,FIXTURE
43-5032,04,4193,FIXTURE
43-5032,05,1766,FIXTURE
43-5032,06,23181,FIXTURE
43-5032,08,3385,FIXTURE
43-5032,09,2114,FIXTURE
43-5032,10,580,FIXTURE
43-5032,11,404,FIXTURE
43-5032,12,12628,FIXTURE
43-5032,13,6280,FIXTURE
43-5032,15,853,FIXTURE
43-5032,16,1078,FIXTURE
43-5032,17,7512,FIXTURE
43-5032,18,3978,FIXTURE
43-5032,19,1871,FIXTURE
43-5032,20,1722,FIXTURE
43-5032,21,2642,FIXTURE
43-5032,22,2731,FIXTURE
43-5032,23,799,FIXTURE
43-5032,24,3622,FIXTURE
43-5032,25,4122,FIXTURE
43-5032,26,5908,FIXTURE
43-5032,27,3346,FIXTURE
43-5032,28,1736,FIXTURE
43-5032,29,3609,FIXTURE
43-5032,30,636,FIXTURE
43-5032,31,1150,FIXTURE
43-5032,32,1820,FIXTURE
43-5032,33,808,FIXTURE
43-5032,34,5446,FIXTURE
43-5032,35,1242,FIXTURE
43-5032,36,11844,FIXTURE
43-5032,37,6121,FIXTURE
43-5032,38,457,FIXTURE
43-5032,39,6918,FIXTURE
43-5032,40,2321,FIXTURE
43-5032,41,2484,FIXTURE
43-5032,42,7624,FIXTURE
43-5032,44,643,FIXTURE
43-5032,45,3001,FIXTURE
43-5032,46,520,FIXTURE
43-5032,47,4052,FIXTURE
43-5032,48,17088,FIXTURE
43-5032,49,1918,FIXTURE
43-5032,50,377,FIXTURE
43-5032,51,5061,FIXTURE
43-5032,53,4518,FIXTURE
43-5032,54,1052,FIXTURE
43-5032,55,3455,FIXTURE
43-5032,56,338,FIXTURE
43-5041,01,364,FIXTURE
43-5041,02,53,FIXTURE
43-5041,04,518,FIXTURE
43-5041,05,218,FIXTURE
43-5041,06,2863,FIXTURE
43-5041,08,418,FIXTURE
43-5041,09,261,FIXTURE
43-5041,10,72,FIXTURE
43-5041,11,50,FIXTURE
43-5041,12,1560,FIXTURE
43-5041,13,776,FIXTURE
43-5041,15,105,FIXTURE
43-5041,16,133,FIXTURE
43-5041,17,928,FIXTURE
43-5041,18,491,FIXTURE
43-5041,19,231,FIXTURE
43-5041,20,213,FIXTURE
43-5041,21,326,FIXTURE
43-5041,22,337,FIXTURE
43-5041,23,99,FIXTURE
43-5041,24,447,FIXTURE
43-5041,25,509,FIXTURE
43-5041,26,730,FIXTURE
43-5041,27,413,FIXTURE
43-5041,28,214,FIXTURE
43-5041,29,446,FIXTURE
43-5041,30,78,FIXTURE
43-5041,31,142,FIXTURE
43-5041,32,225,FIXTURE
43-5041,33,100,FIXTURE
43-5041,34,673,FIXTURE
43-5041,35,153,FIXTURE
43-5041,36,1463,FIXTURE
43-5041,37,756,FIXTURE
43-5041,38,56,FIXTURE
43-5041,39,854,FIXTURE
43-5041,40,287,FIXTURE
43-5041,41,307,FIXTURE
43-5041,42,941,FIXTURE
43-5041,44,79,FIXTURE
43-5041,45,371,FIXTURE
43-5041,46,64,FIXTURE
43-5041,47,500,FIXTURE
43-5041,48,2110,FIXTURE
43-5041,49,237,FIXTURE
43-5041,50,47,FIXTURE
43-5041,51,625,FIXTURE
43-5041,53,558,FIXTURE
43-5041,54,130,FIXTURE
43-5041,55,427,FIXTURE
43-5041,56,42,FIXTURE
43-5051,01,1202,FIXTURE
43-5051,02,176,FIXTURE
43-5051,04,1711,FIXTURE
43-5051,05,721,FIXTURE
43-5051,06,9462,FIXTURE
43-5051,08,1382,FIXTURE
43-5051,09,863,FIXTURE
43-5051,10,237,FIXTURE
43-5051,11,165,FIXTURE
43-5051,12,5154,FIXTURE
43-5051,13,2563,FIXTURE
43-5051,15,348,FIXTURE
43-5051,16,440,FIXTURE
43-5051,17,3066,FIXTURE
43-5051,18,1624,FIXTURE
43-5051,19,764,FIXTURE
43-5051,20,703,FIXTURE
43-5051,21,1078,FIXTURE
43-5051,22,1115,FIXTURE
43-5051,23,326,FIXTURE
43-5051,24,1478,FIXTURE
43-5051,25,1682,FIXTURE
43-5051,26,2412,FIXTURE
43-5051,27,1366,FIXTURE
43-5051,28,709,FIXTURE
43-5051,29,1473,FIXTURE
43-5051,30,259,FIXTURE
43-5051,31,469,FIXTURE
43-5051,32,743,FIXTURE
43-5051,33,330,FIXTURE
43-5051,34,2223,FIXTURE
43-5051,35,507,FIXTURE
43-5051,36,4834,FIXTURE
43-5051,37,2498,FIXTURE
43-5051,38,186,FIXTURE
43-5051,39,2824,FIXTURE
43-5051,40,948,FIXTURE
43-5051,41,1014,FIXTURE
43-5051,42,3112,FIXTURE
43-5051,44,263,FIXTURE
43-5051,45,1225,FIXTURE
43-5051,46,212,FIXTURE
43-5051,47,1654,FIXTURE
43-5051,48,6975,FIXTURE
43-5051,49,783,FIXTURE
43-5051,50,154,FIXTURE
43-5051,51,2066,FIXTURE
43-5051,53,1844,FIXTURE
43-5051,54,429,FIXTURE
43-5051,55,1410,FIXTURE
43-5051,56,138,FIXTURE
43-5052,01,5086,FIXTURE
43-5052,02,742,FIXTURE
43-5052,04,7240,FIXTURE
43-5052,05,3049,FIXTURE
43-5052,06,40026,FIXTURE
43-5052,08,5845,FIXTURE
43-5052,09,3650,FIXTURE
43-5052,10,1002,FIXTURE
43-5052,11,698,FIXTURE
43-5052,12,21804,FIXTURE
43-5052,13,10844,FIXTURE
43-5052,15,1473,FIXTURE
43-5052,16,1862,FIXTURE
43-5052,17,12971,FIXTURE
43-5052,18,6869,FIXTURE
43-5052,19,3230,FIXTURE
43-5052,20,2974,FIXTURE
43-5052,21,4561,FIXTURE
43-5052,22,4715,FIXTURE
43-5052,23,1379,FIXTURE
43-5052,24,6253,FIXTURE
43-5052,25,7117,FIXTURE
43-5052,26,10202,FIXTURE
43-5052,27,5777,FIXTURE
43-5052,28,2998,FIXTURE
43-5052,29,6231,FIXTURE
43-5052,30,1098,FIXTURE
43-5052,31,1986,FIXTURE
43-5052,32,3143,FIXTURE
43-5052,33,1394,FIXTURE
43-5052,34,9404,FIXTURE
43-5052,35,2144,FIXTURE
43-5052,36,20451,FIXTURE
43-5052,37,10568,FIXTURE
43-5052,38,789,FIXTURE
43-5052,39,11945,FIXTURE
43-5052,40,4008,FIXTURE
43-5052,41,4290,FIXTURE
43-5052,42,13163,FIXTURE
43-5052,44,1111,FIXTURE
43-5052,45,5182,FIXTURE
43-5052,46,898,FIXTURE
43-5052,47,6996,FIXTURE
43-5052,48,29505,FIXTURE
43-5052,49,3312,FIXTURE
43-5052,50,651,FIXTURE
43-5052,51,8738,FIXTURE
43-5052,53,7800,FIXTURE
43-5052,54,1816,FIXTURE
43-5052,55,5966,FIXTURE
43-5052,56,584,FIXTURE
43-5053,01,1700,FIXTURE
43-5053,02,248,FIXTURE
43-5053,04,2419,FIXTURE
43-5053,05,1019,FIXTURE
43-5053,06,13376,FIXTURE
43-5053,08,1953,FIXTURE
43-5053,09,1220,FIXTURE
43-5053,10,335,FIXTURE
43-5053,11,233,FIXTURE
43-5053,12,7286,FIXTURE
43-5053,13,3624,FIXTURE
43-5053,15,492,FIXTURE
43-5053,16,622,FIXTURE
43-5053,17,4334,FIXTURE
43-5053,18,2296,FIXTURE
43-5053,19,1079,FIXTURE
43-5053,20,994,FIXTURE
43-5053,21,1524,FIXTURE
43-5053,22,1576,FIXTURE
43-5053,23,461,FIXTURE
43-5053,24,2090,FIXTURE
43-5053,25,2378,FIXTURE
43-5053,26,3409,FIXTURE
43-5053,27,1931,FIXTURE
43-5053,28,1002,FIXTURE
43-5053,29,2082,FIXTURE
43-5053,30,367,FIXTURE
43-5053,31,664,FIXTURE
43-5053,32,1050,FIXTURE
43-5053,33,466,FIXTURE
43-5053,34,3142,FIXTURE
43-5053,35,716,FIXTURE
43-5053,36,6834,FIXTURE
43-5053,37,3532,FIXTURE
43-5053,38,264,FIXTURE
43-5053,39,3992,FIXTURE
43-5053,40,1339,FIXTURE
43-5053,41,1433,FIXTURE
43-5053,42,4399,FIXTURE
43-5053,44,371,FIXTURE
43-5053,45,1732,FIXTURE
43-5053,46,300,FIXTURE
43-5053,47,2338,FIXTURE
43-5053,48,9860,FIXTURE
43-5053,49,1107,FIXTURE
43-5053,50,218,FIXTURE
43-5053,51,2920,FIXTURE
43-5053,53,2607,FIXTURE
43-5053,54,607,FIXTURE
43-5053,55,1994,FIXTURE
43-5053,56,195,FIXTURE
43-5061,01,5566,FIXTURE
43-5061,02,813,FIXTURE
43-5061,04,7923,FIXTURE
43-5061,05,3336,FIXTURE
43-5061,06,43803,FIXTURE
43-5061,08,6397,FIXTURE
43-5061,09,3995,FIXTURE
43-5061,10,1097,FIXTURE
43-5061,11,764,FIXTURE
43-5061,12,23861,FIXTURE
43-5061,13,11867,FIXTURE
43-5061,15,1612,FIXTURE
43-5061,16,2038,FIXTURE
43-5061,17,14195,FIXTURE
43-5061,18,7517,FIXTURE
43-5061,19,3535,FIXTURE
43-5061,20,3255,FIXTURE
43-5061,21,4992,FIXTURE
43-5061,22,5160,FIXTURE
43-5061,23,1509,FIXTURE
43-5061,24,6844,FIXTURE
43-5061,25,7788,FIXTURE
43-5061,26,11164,FIXTURE
43-5061,27,6322,FIXTURE
43-5061,28,3281,FIXTURE
43-5061,29,6819,FIXTURE
43-5061,30,1201,FIXTURE
43-5061,31,2173,FIXTURE
43-5061,32,3440,FIXTURE
43-5061,33,1526,FIXTURE
43-5061,34,10291,FIXTURE
43-5061,35,2346,FIXTURE
43-5061,36,22380,FIXTURE
43-5061,37,11565,FIXTURE
43-5061,38,863,FIXTURE
43-5061,39,13072,FIXTURE
43-5061,40,4386,FIXTURE
43-5061,41,4694,FIXTURE
43-5061,42,14405,FIXTURE
43-5061,44,1216,FIXTURE
43-5061,45,5671,FIXTURE
43-5061,46,982,FIXTURE
43-5061,47,7656,FIXTURE
43-5061,48,32289,FIXTURE
43-5061,49,3625,FIXTURE
43-5061,50,713,FIXTURE
43-5061,51,9562,FIXTURE
43-5061,53,8536,FIXTURE
43-5061,54,1987,FIXTURE
43-5061,55,6529,FIXTURE
43-5061,56,639,FIXTURE
43-5071,01,12056,FIXTURE
43-5071,02,1760,FIXTURE
43-5071,04,17161,FIXTURE
43-5071,05,7227,FIXTURE
43-5071,06,94878,FIXTURE
43-5071,08,13855,FIXTURE
43-5071,09,8653,FIXTURE
43-5071,10,2375,FIXTURE
43-5071,11,1655,FIXTURE
43-5071,12,51684,FIXTURE
43-5071,13,25705,FIXTURE
43-5071,15,3492,FIXTURE
43-5071,16,4413,FIXTURE
43-5071,17,30745,FIXTURE
43-5071,18,16283,FIXTURE
43-5071,19,7656,FIXTURE
43-5071,20,7050,FIXTURE
43-5071,21,10812,FIXTURE
43-5071,22,11177,FIXTURE
43-5071,23,3269,FIXTURE
43-5071,24,14823,FIXTURE
43-5071,25,16869,FIXTURE
43-5071,26,24182,FIXTURE
43-5071,27,13694,FIXTURE
43-5071,28,7106,FIXTURE
43-5071,29,14770,FIXTURE
43-5071,30,2602,FIXTURE
43-5071,31,4707,FIXTURE
43-5071,32,7450,FIXTURE
43-5071,33,3306,FIXTURE
43-5071,34,22290,FIXTURE
43-5071,35,5081,FIXTURE
43-5071,36,48476,FIXTURE
43-5071,37,25051,FIXTURE
43-5071,38,1869,FIXTURE
43-5071,39,28314,FIXTURE
43-5071,40,9501,FIXTURE
43-5071,41,10168,FIXTURE
43-5071,42,31202,FIXTURE
43-5071,44,2633,FIXTURE
43-5071,45,12282,FIXTURE
43-5071,46,2128,FIXTURE
43-5071,47,16584,FIXTURE
43-5071,48,69939,FIXTURE
43-5071,49,7851,FIXTURE
43-5071,50,1543,FIXTURE
43-5071,51,20712,FIXTURE
43-5071,53,18490,FIXTURE
43-5071,54,4304,FIXTURE
43-5071,55,14143,FIXTURE
43-5071,56,1384,FIXTURE
43-5111,01,830,FIXTURE
43-5111,02,121,FIXTURE
43-5111,04,1182,FIXTURE
43-5111,05,498,FIXTURE
43-5111,06,6532,FIXTURE
43-5111,08,954,FIXTURE
43-5111,09,596,FIXTURE
43-5111,10,164,FIXTURE
43-5111,11,114,FIXTURE
43-5111,12,3558,FIXTURE
43-5111,13,1770,FIXTURE
43-5111,15,240,FIXTURE
43-5111,16,304,FIXTURE
43-5111,17,2117,FIXTURE
43-5111,18,1121,FIXTURE
43-5111,19,527,FIXTURE
43-5111,20,485,FIXTURE
43-5111,21,744,FIXTURE
43-5111,22,770,FIXTURE
43-5111,23,225,FIXTURE
43-5111,24,1021,FIXTURE
43-5111,25,1161,FIXTURE
43-5111,26,1665,FIXTURE
43-5111,27,943,FIXTURE
43-5111,28,489,FIXTURE
43-5111,29,1017,FIXTURE
43-5111,30,179,FIXTURE
43-5111,31,324,FIXTURE
43-5111,32,513,FIXTURE
43-5111,33,228,FIXTURE
43-5111,34,1535,FIXTURE
43-5111,35,350,FIXTURE
43-5111,36,3338,FIXTURE
43-5111,37,1725,FIXTURE
43-5111,38,129,FIXTURE
43-5111,39,1949,FIXTURE
43-5111,40,654,FIXTURE
43-5111,41,700,FIXTURE
43-5111,42,2148,FIXTURE
43-5111,44,181,FIXTURE
43-5111,45,846,FIXTURE
43-5111,46,146,FIXTURE
43-5111,47,1142,FIXTURE
43-5111,48,4815,FIXTURE
43-5111,49,540,FIXTURE
43-5111,50,106,FIXTURE
43-5111,51,1426,FIXTURE
43-5111,53,1273,FIXTURE
43-5111,54,296,FIXTURE
43-5111,55,974,FIXTURE
43-5111,56,95,FIXTURE
43-6011,01,7078,FIXTURE
43-6011,02,1033,FIXTURE
43-6011,04,10074,FIXTURE
43-6011,05,4242,FIXTURE
43-6011,06,55697,FIXTURE
43-6011,08,8133,FIXTURE
43-6011,09,5080,FIXTURE
43-6011,10,1395,FIXTURE
43-6011,11,971,FIXTURE
43-6011,12,30341,FIXTURE
43-6011,13,15090,FIXTURE
43-6011,15,2050,FIXTURE
43-6011,16,2591,FIXTURE
43-6011,17,18049,FIXTURE
43-6011,18,9559,FIXTURE
43-6011,19,4494,FIXTURE
43-6011,20,4139,FIXTURE
43-6011,21,6347,FIXTURE
43-6011,22,6561,FIXTURE
43-6011,23,1919,FIXTURE
43-6011,24,8702,FIXTURE
43-6011,25,9903,FIXTURE
43-6011,26,14196,FIXTURE
43-6011,27,8039,FIXTURE
43-6011,28,4172,FIXTURE
43-6011,29,8670,FIXTURE
43-6011,30,1527,FIXTURE
43-6011,31,2763,FIXTURE
43-6011,32,4373,FIXTURE
43-6011,33,1941,FIXTURE
43-6011,34,13085,FIXTURE
43-6011,35,2983,FIXTURE
43-6011,36,28457,FIXTURE
43-6011,37,14706,FIXTURE
43-6011,38,1097,FIXTURE
43-6011,39,16622,FIXTURE
43-6011,40,5578,FIXTURE
43-6011,41,5969,FIXTURE
43-6011,42,18317,FIXTURE
43-6011,44,1546,FIXTURE
43-6011,45,7210,FIXTURE
43-6011,46,1249,FIXTURE
43-6011,47,9735,FIXTURE
43-6011,48,41057,FIXTURE
43-6011,49,4609,FIXTURE
43-6011,50,906,FIXTURE
43-6011,51,12159,FIXTURE
43-6011,53,10854,FIXTURE
43-6011,54,2527,FIXTURE
43-6011,55,8302,FIXTURE
43-6011,56,813,FIXTURE
43-6012,01,2353,FIXTURE
43-6012,02,344,FIXTURE
43-6012,04,3350,FIXTURE
43-6012,05,1411,FIXTURE
43-6012,06,18520,FIXTURE
43-6012,08,2704,FIXTURE
43-6012,09,1689,FIXTURE
43-6012,10,464,FIXTURE
43-6012,11,323,FIXTURE
43-6012,12,10088,FIXTURE
43-6012,13,5017,FIXTURE
43-6012,15,682,FIXTURE
43-6012,16,861,FIXTURE
43-6012,17,6001,FIXTURE
43-6012,18,3178,FIXTURE
43-6012,19,1494,FIXTURE
43-6012,20,1376,FIXTURE
43-6012,21,2111,FIXTURE
43-6012,22,2182,FIXTURE
43-6012,23,638,FIXTURE
43-6012,24,2893,FIXTURE
43-6012,25,3293,FIXTURE
43-6012,26,4720,FIXTURE
43-6012,27,2673,FIXTURE
43-6012,28,1387,FIXTURE
43-6012,29,2883,FIXTURE
43-6012,30,508,FIXTURE
43-6012,31,919,FIXTURE
43-6012,32,1454,FIXTURE
43-6012,33,645,FIXTURE
43-6012,34,4351,FIXTURE
43-6012,35,992,FIXTURE
43-6012,36,9462,FIXTURE
43-6012,37,4890,FIXTURE
43-6012,38,365,FIXTURE
43-6012,39,5527,FIXTURE
43-6012,40,1855,FIXTURE
43-6012,41,1985,FIXTURE
43-6012,42,6090,FIXTURE
43-6012,44,514,FIXTURE
43-6012,45,2398,FIXTURE
43-6012,46,415,FIXTURE
43-6012,47,3237,FIXTURE
43-6012,48,13652,FIXTURE
43-6012,49,1532,FIXTURE
43-6012,50,301,FIXTURE
43-6012,51,4043,FIXTURE
43-6012,53,3609,FIXTURE
43-6012,54,840,FIXTURE
43-6012,55,2761,FIXTURE
43-6012,56,270,FIXTURE
43-6013,01,9954,FIXTURE
43-6013,02,1453,FIXTURE
43-6013,04,14168,FIXTURE
43-6013,05,5966,FIXTURE
43-6013,06,78330,FIXTURE
43-6013,08,11438,FIXTURE
43-6013,09,7144,FIXTURE
43-6013,10,1961,FIXTURE
43-6013,11,1366,FIXTURE
43-6013,12,42670,FIXTURE
43-6013,13,21221,FIXTURE
43-6013,15,2883,FIXTURE
43-6013,16,3643,FIXTURE
43-6013,17,25383,FIXTURE
43-6013,18,13443,FIXTURE
43-6013,19,6320,FIXTURE
43-6013,20,5820,FIXTURE
43-6013,21,8927,FIXTURE
43-6013,22,9228,FIXTURE
43-6013,23,2699,FIXTURE
43-6013,24,12238,FIXTURE
43-6013,25,13927,FIXTURE
43-6013,26,19964,FIXTURE
43-6013,27,11305,FIXTURE
43-6013,28,5867,FIXTURE
43-6013,29,12194,FIXTURE
43-6013,30,2148,FIXTURE
43-6013,31,3886,FIXTURE
43-6013,32,6151,FIXTURE
43-6013,33,2729,FIXTURE
43-6013,34,18403,FIXTURE
43-6013,35,4195,FIXTURE
43-6013,36,40021,FIXTURE
43-6013,37,20682,FIXTURE
43-6013,38,1543,FIXTURE
43-6013,39,23376,FIXTURE
43-6013,40,7844,FIXTURE
43-6013,41,8394,FIXTURE
43-6013,42,25760,FIXTURE
43-6013,44,2174,FIXTURE
43-6013,45,10140,FIXTURE
43-6013,46,1757,FIXTURE
43-6013,47,13691,FIXTURE
43-6013,48,57741,FIXTURE
43-6013,49,6481,FIXTURE
43-6013,50,1274,FIXTURE
43-6013,51,17100,FIXTURE
43-6013,53,15265,FIXTURE
43-6013,54,3554,FIXTURE
43-6013,55,11676,FIXTURE
43-6013,56,1143,FIXTURE
43-6014,01,27679,FIXTURE
43-6014,02,4040,FIXTURE
43-6014,04,39398,FIXTURE
43-6014,05,16591,FIXTURE
43-6014,06,217819,FIXTURE
43-6014,08,31808,FIXTURE
43-6014,09,19865,FIXTURE
43-6014,10,5454,FIXTURE
43-6014,11,3799,FIXTURE
43-6014,12,118656,FIXTURE
43-6014,13,59013,FIXTURE
43-6014,15,8017,FIXTURE
43-6014,16,10132,FIXTURE
43-6014,17,70585,FIXTURE
43-6014,18,37382,FIXTURE
43-6014,19,17576,FIXTURE
43-6014,20,16185,FIXTURE
43-6014,21,24823,FIXTURE
43-6014,22,25660,FIXTURE
43-6014,23,7505,FIXTURE
43-6014,24,34031,FIXTURE
43-6014,25,38728,FIXTURE
43-6014,26,55517,FIXTURE
43-6014,27,31437,FIXTURE
43-6014,28,16314,FIXTURE
43-6014,29,33908,FIXTURE
43-6014,30,5973,FIXTURE
43-6014,31,10806,FIXTURE
43-6014,32,17104,FIXTURE
43-6014,33,7589,FIXTURE
43-6014,34,51174,FIXTURE
43-6014,35,11666,FIXTURE
43-6014,36,111290,FIXTURE
43-6014,37,57511,FIXTURE
43-6014,38,4292,FIXTURE
43-6014,39,65004,FIXTURE
43-6014,40,21812,FIXTURE
43-6014,41,23343,FIXTURE
43-6014,42,71633,FIXTURE
43-6014,44,6045,FIXTURE
43-6014,45,28198,FIXTURE
43-6014,46,4885,FIXTURE
43-6014,47,38072,FIXTURE
43-6014,48,160565,FIXTURE
43-6014,49,18024,FIXTURE
43-6014,50,3543,FIXTURE
43-6014,51,47551,FIXTURE
43-6014,53,42449,FIXTURE
43-6014,54,9882,FIXTURE
43-6014,55,32469,FIXTURE
43-6014,56,3178,FIXTURE
43-9021,01,2231,FIXTURE
43-9021,02,326,FIXTURE
43-9021,04,3175,FIXTURE
43-9021,05,1337,FIXTURE
43-9021,06,17556,FIXTURE
43-9021,08,2564,FIXTURE
43-9021,09,1601,FIXTURE
43-9021,10,440,FIXTURE
43-9021,11,306,FIXTURE
43-9021,12,9563,FIXTURE
43-9021,13,4756,FIXTURE
43-9021,15,646,FIXTURE
43-9021,16,817,FIXTURE
43-9021,17,5689,FIXTURE
43-9021,18,3013,FIXTURE
43-9021,19,1417,FIXTURE
43-9021,20,1304,FIXTURE
43-9021,21,2001,FIXTURE
43-9021,22,2068,FIXTURE
43-9021,23,605,FIXTURE
43-9021,24,2743,FIXTURE
43-9021,25,3121,FIXTURE
43-9021,26,4475,FIXTURE
43-9021,27,2534,FIXTURE
43-9021,28,1315,FIXTURE
43-9021,29,2733,FIXTURE
43-9021,30,481,FIXTURE
43-9021,31,871,FIXTURE
43-9021,32,1379,FIXTURE
43-9021,33,612,FIXTURE
43-9021,34,4124,FIXTURE
43-9021,35,940,FIXTURE
43-9021,36,8970,FIXTURE
43-9021,37,4635,FIXTURE
43-9021,38,346,FIXTURE
43-9021,39,5239,FIXTURE
43-9021,40,1758,FIXTURE
43-9021,41,1881,FIXTURE
43-9021,42,5773,FIXTURE
43-9021,44,487,FIXTURE
43-9021,45,2273,FIXTURE
43-9021,46,394,FIXTURE
43-9021,47,3069,FIXTURE
43-9021,48,12941,FIXTURE
43-9021,49,1453,FIXTURE
43-9021,50,286,FIXTURE
43-9021,51,3832,FIXTURE
43-9021,53,3421,FIXTURE
43-9021,54,796,FIXTURE
43-9021,55,2617,FIXTURE
43-9021,56,256,FIXTURE
43-9022,01,636,FIXTURE
43-9022,02,93,FIXTURE
43-9022,04,905,FIXTURE
43-9022,05,381,FIXTURE
43-9022,06,5002,FIXTURE
43-9022,08,730,FIXTURE
43-9022,09,456,FIXTURE
43-9022,10,125,FIXTURE
43-9022,11,87,FIXTURE
43-9022,12,2725,FIXTURE
43-9022,13,1355,FIXTURE
43-9022,15,184,FIXTURE
43-9022,16,233,FIXTURE
43-9022,17,1621,FIXTURE
43-9022,18,858,FIXTURE
43-9022,19,404,FIXTURE
43-9022,20,372,FIXTURE
43-9022,21,570,FIXTURE
43-9022,22,589,FIXTURE
43-9022,23,172,FIXTURE
43-9022,24,781,FIXTURE
43-9022,25,889,FIXTURE
43-9022,26,1275,FIXTURE
43-9022,27,722,FIXTURE
43-9022,28,375,FIXTURE
43-9022,29,779,FIXTURE
43-9022,30,137,FIXTURE
43-9022,31,248,FIXTURE
43-9022,32,393,FIXTURE
43-9022,33,174,FIXTURE
43-9022,34,1175,FIXTURE
43-9022,35,268,FIXTURE
43-9022,36,2555,FIXTURE
43-9022,37,1321,FIXTURE
43-9022,38,98,FIXTURE
43-9022,39,1493,FIXTURE
43-9022,40,501,FIXTURE
43-9022,41,536,FIXTURE
43-9022,42,1645,FIXTURE
43-9022,44,139,FIXTURE
43-9022,45,647,FIXTURE
43-9022,46,112,FIXTURE
43-9022,47,874,FIXTURE
43-9022,48,3687,FIXTURE
43-9022,49,414,FIXTURE
43-9022,50,81,FIXTURE
43-9022,51,1092,FIXTURE
43-9022,53,975,FIXTURE
43-9022,54,227,FIXTURE
43-9022,55,746,FIXTURE
43-9022,56,73,FIXTURE
43-9031,01,115,FIXTURE
43-9031,02,17,FIXTURE
43-9031,04,164,FIXTURE
43-9031,05,69,FIXTURE
43-9031,06,907,FIXTURE
43-9031,08,132,FIXTURE
43-9031,09,83,FIXTURE
43-9031,10,23,FIXTURE
43-9031,11,16,FIXTURE
43-9031,12,494,FIXTURE
43-9031,13,246,FIXTURE
43-9031,15,33,FIXTURE
43-9031,16,42,FIXTURE
43-9031,17,294,FIXTURE
43-9031,18,156,FIXTURE
43-9031,19,73,FIXTURE
43-9031,20,67,FIXTURE
43-9031,21,103,FIXTURE
43-9031,22,107,FIXTURE
43-9031,23,31,FIXTURE
43-9031,24,142,FIXTURE
43-9031,25,161,FIXTURE
43-9031,26,231,FIXTURE
43-9031,27,131,FIXTURE
43-9031,28,68,FIXTURE
43-9031,29,141,FIXTURE
43-9031,30,25,FIXTURE
43-9031,31,45,FIXTURE
43-9031,32,71,FIXTURE
43-9031,33,32,FIXTURE
43-9031,34,213,FIXTURE
43-9031,35,49,FIXTURE
43-9031,36,463,FIXTURE
43-9031,37,239,FIXTURE
43-9031,38,18,FIXTURE
43-9031,39,271,FIXTURE
43-9031,40,91,FIXTURE
43-9031,41,97,FIXTURE
43-9031,42,298,FIXTURE
43-9031,44,25,FIXTURE
43-9031,45,117,FIXTURE
43-9031,46,20,FIXTURE
43-9031,47,158,FIXTURE
43-9031,48,668,FIXTURE
43-9031,49,75,FIXTURE
43-9031,50,15,FIXTURE
43-9031,51,198,FIXTURE
43-9031,53,177,FIXTURE
43-9031,54,41,FIXTURE
43-9031,55,135,FIXTURE
43-9031,56,13,FIXTURE
43-9041,01,3309,FIXTURE
43-9041,02,483,FIXTURE
43-9041,04,4710,FIXTURE
43-9041,05,1983,FIXTURE
43-9041,06,26041,FIXTURE
43-9041,08,3803,FIXTURE
43-9041,09,2375,FIXTURE
43-9041,10,652,FIXTURE
43-9041,11,454,FIXTURE
43-9041,12,14185,FIXTURE
43-9041,13,7055,FIXTURE
43-9041,15,958,FIXTURE
43-9041,16,1211,FIXTURE
43-9041,17,8439,FIXTURE
43-9041,18,4469,FIXTURE
43-9041,19,2101,FIXTURE
43-9041,20,1935,FIXTURE
43-9041,21,2968,FIXTURE
43-9041,22,3068,FIXTURE
43-9041,23,897,FIXTURE
43-9041,24,4068,FIXTURE
43-9041,25,4630,FIXTURE
43-9041,26,6637,FIXTURE
43-9041,27,3758,FIXTURE
43-9041,28,1950,FIXTURE
43-9041,29,4054,FIXTURE
43-9041,30,714,FIXTURE
43-9041,31,1292,FIXTURE
43-9041,32,2045,FIXTURE
43-9041,33,907,FIXTURE
43-9041,34,6118,FIXTURE
43-9041,35,1395,FIXTURE
43-9041,36,13305,FIXTURE
43-9041,37,6876,FIXTURE
43-9041,38,513,FIXTURE
43-9041,39,7771,FIXTURE
43-9041,40,2608,FIXTURE
43-9041,41,2791,FIXTURE
43-9041,42,8564,FIXTURE
43-9041,44,723,FIXTURE
43-9041,45,3371,FIXTURE
43-9041,46,584,FIXTURE
43-9041,47,4552,FIXTURE
43-9041,48,19196,FIXTURE
43-9041,49,2155,FIXTURE
43-9041,50,424,FIXTURE
43-9041,51,5685,FIXTURE
43-9041,53,5075,FIXTURE
43-9041,54,1181,FIXTURE
43-9041,55,3882,FIXTURE
43-9041,56,380,FIXTURE
43-9051,01,1052,FIXTURE
43-9051,02,153,FIXTURE
43-9051,04,1497,FIXTURE
43-9051,05,631,FIXTURE
43-9051,06,8279,FIXTURE
43-9051,08,1209,FIXTURE
43-9051,09,755,FIXTURE
43-9051,10,207,FIXTURE
43-9051,11,144,FIXTURE
43-9051,12,4510,FIXTURE
43-9051,13,2243,FIXTURE
43-9051,15,305,FIXTURE
43-9051,16,385,FIXTURE
43-9051,17,2683,FIXTURE
43-9051,18,1421,FIXTURE
43-9051,19,668,FIXTURE
43-9051,20,615,FIXTURE
43-9051,21,943,FIXTURE
43-9051,22,975,FIXTURE
43-9051,23,285,FIXTURE
43-9051,24,1293,FIXTURE
43-9051,25,1472,FIXTURE
43-9051,26,2110,FIXTURE
43-9051,27,1195,FIXTURE
43-9051,28,620,FIXTURE
43-9051,29,1289,FIXTURE
43-9051,30,227,FIXTURE
43-9051,31,411,FIXTURE
43-9051,32,650,FIXTURE
43-9051,33,288,FIXTURE
43-9051,34,1945,FIXTURE
43-9051,35,443,FIXTURE
43-9051,36,4230,FIXTURE
43-9051,37,2186,FIXTURE
43-9051,38,163,FIXTURE
43-9051,39,2471,FIXTURE
43-9051,40,829,FIXTURE
43-9051,41,887,FIXTURE
43-9051,42,2722,FIXTURE
43-9051,44,230,FIXTURE
43-9051,45,1072,FIXTURE
43-9051,46,186,FIXTURE
43-9051,47,1447,FIXTURE
43-9051,48,6103,FIXTURE
43-9051,49,685,FIXTURE
43-9051,50,135,FIXTURE
43-9051,51,1807,FIXTURE
43-9051,53,1613,FIXTURE
43-9051,54,376,FIXTURE
43-9051,55,1234,FIXTURE
43-9051,56,121,FIXTURE
43-9061,01,39081,FIXTURE
43-9061,02,5705,FIXTURE
43-9061,04,55628,FIXTURE
43-9061,05,23425,FIXTURE
43-9061,06,307548,FIXTURE
43-9061,08,44911,FIXTURE
43-9061,09,28049,FIXTURE
43-9061,10,7700,FIXTURE
43-9061,11,5364,FIXTURE
43-9061,12,167535,FIXTURE
43-9061,13,83323,FIXTURE
43-9061,15,11320,FIXTURE
43-9061,16,14306,FIXTURE
43-9061,17,99662,FIXTURE
43-9061,18,52781,FIXTURE
43-9061,19,24816,FIXTURE
43-9061,20,22852,FIXTURE
43-9061,21,35049,FIXTURE
43-9061,22,36230,FIXTURE
43-9061,23,10597,FIXTURE
43-9061,24,48050,FIXTURE
43-9061,25,54682,FIXTURE
43-9061,26,78387,FIXTURE
43-9061,27,44388,FIXTURE
43-9061,28,23034,FIXTURE
43-9061,29,47876,FIXTURE
43-9061,30,8434,FIXTURE
43-9061,31,15258,FIXTURE
43-9061,32,24149,FIXTURE
43-9061,33,10715,FIXTURE
43-9061,34,72254,FIXTURE
43-9061,35,16471,FIXTURE
43-9061,36,157136,FIXTURE
43-9061,37,81203,FIXTURE
43-9061,38,6060,FIXTURE
43-9061,39,91782,FIXTURE
43-9061,40,30798,FIXTURE
43-9061,41,32960,FIXTURE
43-9061,42,101142,FIXTURE
43-9061,44,8536,FIXTURE
43-9061,45,39814,FIXTURE
43-9061,46,6897,FIXTURE
43-9061,47,53756,FIXTURE
43-9061,48,226708,FIXTURE
43-9061,49,25448,FIXTURE
43-9061,50,5002,FIXTURE
43-9061,51,67139,FIXTURE
43-9061,53,59936,FIXTURE
43-9061,54,13952,FIXTURE
43-9061,55,45844,FIXTURE
43-9061,56,4487,FIXTURE
43-9071,01,499,FIXTURE
43-9071,02,73,FIXTURE
43-9071,04,710,FIXTURE
43-9071,05,299,FIXTURE
43-9071,06,3927,FIXTURE
43-9071,08,574,FIXTURE
43-9071,09,358,FIXTURE
43-9071,10,98,FIXTURE
43-9071,11,69,FIXTURE
43-9071,12,2139,FIXTURE
43-9071,13,1064,FIXTURE
43-9071,15,145,FIXTURE
43-9071,16,183,FIXTURE
43-9071,17,1273,FIXTURE
43-9071,18,674,FIXTURE
43-9071,19,317,FIXTURE
43-9071,20,292,FIXTURE
43-9071,21,448,FIXTURE
43-9071,22,463,FIXTURE
43-9071,23,135,FIXTURE
43-9071,24,614,FIXTURE
43-9071,25,698,FIXTURE
43-9071,26,1001,FIXTURE
43-9071,27,567,FIXTURE
43-9071,28,294,FIXTURE
43-9071,29,611,FIXTURE
43-9071,30,108,FIXTURE
43-9071,31,195,FIXTURE
43-9071,32,308,FIXTURE
43-9071,33,137,FIXTURE
43-9071,34,923,FIXTURE
43-9071,35,210,FIXTURE
43-9071,36,2006,FIXTURE
43-9071,37,1037,FIXTURE
43-9071,38,77,FIXTURE
43-9071,39,1172,FIXTURE
43-9071,40,393,FIXTURE
43-9071,41,421,FIXTURE
43-9071,42,1291,FIXTURE
43-9071,44,109,FIXTURE
43-9071,45,508,FIXTURE
43-9071,46,88,FIXTURE
43-9071,47,686,FIXTURE
43-9071,48,2895,FIXTURE
43-9071,49,325,FIXTURE
43-9071,50,64,FIXTURE
43-9071,51,857,FIXTURE
43-9071,53,765,FIXTURE
43-9071,54,178,FIXTURE
43-9071,55,585,FIXTURE
43-9071,56,57,FIXTURE
43-9081,01,81,FIXTURE
43-9081,02,12,FIXTURE
43-9081,04,115,FIXTURE
43-9081,05,49,FIXTURE
43-9081,06,637,FIXTURE
43-9081,08,93,FIXTURE
43-9081,09,58,FIXTURE
43-9081,10,16,FIXTURE
43-9081,11,11,FIXTURE
43-9081,12,347,FIXTURE
43-9081,13,173,FIXTURE
43-9081,15,23,FIXTURE
43-9081,16,30,FIXTURE
43-9081,17,206,FIXTURE
43-9081,18,109,FIXTURE
43-9081,19,51,FIXTURE
43-9081,20,47,FIXTURE
43-9081,21,73,FIXTURE
43-9081,22,75,FIXTURE
43-9081,23,22,FIXTURE
43-9081,24,100,FIXTURE
43-9081,25,113,FIXTURE
43-9081,26,162,FIXTURE
43-9081,27,92,FIXTURE
43-9081,28,48,FIXTURE
43-9081,29,99,FIXTURE
43-9081,30,18,FIXTURE
43-9081,31,32,FIXTURE
43-9081,32,50,FIXTURE
43-9081,33,22,FIXTURE
43-9081,34,150,FIXTURE
43-9081,35,34,FIXTURE
43-9081,36,325,FIXTURE
43-9081,37,168,FIXTURE
43-9081,38,13,FIXTURE
43-9081,39,190,FIXTURE
43-9081,40,64,FIXTURE
43-9081,41,68,FIXTURE
43-9081,42,210,FIXTURE
43-9081,44,18,FIXTURE
43-9081,45,82,FIXTURE
43-9081,46,14,FIXTURE
43-9081,47,111,FIXTURE
43-9081,48,470,FIXTURE
43-9081,49,53,FIXTURE
43-9081,50,10,FIXTURE
43-9081,51,139,FIXTURE
43-9081,53,124,FIXTURE
43-9081,54,29,FIXTURE
43-9081,55,95,FIXTURE
43-9081,56,9,FIXTURE
43-9111,01,94,FIXTURE
43-9111,02,14,FIXTURE
43-9111,04,134,FIXTURE
43-9111,05,56,FIXTURE
43-9111,06,738,FIXTURE
43-9111,08,108,FIXTURE
43-9111,09,67,FIXTURE
43-9111,10,18,FIXTURE
43-9111,11,13,FIXTURE
43-9111,12,402,FIXTURE
43-9111,13,200,FIXTURE
43-9111,15,27,FIXTURE
43-9111,16,34,FIXTURE
43-9111,17,239,FIXTURE
43-9111,18,127,FIXTURE
43-9111,19,60,FIXTURE
43-9111,20,55,FIXTURE
43-9111,21,84,FIXTURE
43-9111,22,87,FIXTURE
43-9111,23,25,FIXTURE
43-9111,24,115,FIXTURE
43-9111,25,131,FIXTURE
43-9111,26,188,FIXTURE
43-9111,27,107,FIXTURE
43-9111,28,55,FIXTURE
43-9111,29,115,FIXTURE
43-9111,30,20,FIXTURE
43-9111,31,37,FIXTURE
43-9111,32,58,FIXTURE
43-9111,33,26,FIXTURE
43-9111,34,173,FIXTURE
43-9111,35,40,FIXTURE
43-9111,36,377,FIXTURE
43-9111,37,195,FIXTURE
43-9111,38,15,FIXTURE
43-9111,39,220,FIXTURE
43-9111,40,74,FIXTURE
43-9111,41,79,FIXTURE
43-9111,42,243,FIXTURE
43-9111,44,21,FIXTURE
43-9111,45,96,FIXTURE
43-9111,46,17,FIXTURE
43-9111,47,129,FIXTURE
43-9111,48,544,FIXTURE
43-9111,49,61,FIXTURE
43-9111,50,12,FIXTURE
43-9111,51,161,FIXTURE
43-9111,53,144,FIXTURE
43-9111,54,34,FIXTURE
43-9111,55,110,FIXTURE
43-9111,56,11,FIXTURE
43-9199,01,2230,FIXTURE
43-9199,02,326,FIXTURE
43-9199,04,3175,FIXTURE
43-9199,05,1337,FIXTURE
43-9199,06,17552,FIXTURE
43-9199,08,2563,FIXTURE
43-9199,09,1601,FIXTURE
43-9199,10,440,FIXTURE
43-9199,11,306,FIXTURE
43-9199,12,9561,FIXTURE
43-9199,13,4755,FIXTURE
43-9199,15,646,FIXTURE
43-9199,16,816,FIXTURE
43-9199,17,5688,FIXTURE
43-9199,18,3012,FIXTURE
43-9199,19,1416,FIXTURE
43-9199,20,1304,FIXTURE
43-9199,21,2000,FIXTURE
43-9199,22,2068,FIXTURE
43-9199,23,605,FIXTURE
43-9199,24,2742,FIXTURE
43-9199,25,3121,FIXTURE
43-9199,26,4474,FIXTURE
43-9199,27,2533,FIXTURE
43-9199,28,1315,FIXTURE
43-9199,29,2732,FIXTURE
43-9199,30,481,FIXTURE
43-9199,31,871,FIXTURE
43-9199,32,1378,FIXTURE
43-9199,33,612,FIXTURE
43-9199,34,4124,FIXTURE
43-9199,35,940,FIXTURE
43-9199,36,8968,FIXTURE
43-9199,37,4634,FIXTURE
43-9199,38,346,FIXTURE
43-9199,39,5238,FIXTURE
43-9199,40,1758,FIXTURE
43-9199,41,1881,FIXTURE
43-9199,42,5772,FIXTURE
43-9199,44,487,FIXTURE
43-9199,45,2272,FIXTURE
43-9199,46,394,FIXTURE
43-9199,47,3068,FIXTURE
43-9199,48,12939,FIXTURE
43-9199,49,1452,FIXTURE
43-9199,50,286,FIXTURE
43-9199,51,3832,FIXTURE
43-9199,53,3421,FIXTURE
43-9199,54,796,FIXTURE
43-9199,55,2616,FIXTURE
43-9199,56,256,FIXTURE
45-1011,01,391,FIXTURE
45-1011,02,57,FIXTURE
45-1011,04,556,FIXTURE
45-1011,05,234,FIXTURE
45-1011,06,3074,FIXTURE
45-1011,08,449,FIXTURE
45-1011,09,280,FIXTURE
45-1011,10,77,FIXTURE
45-1011,11,54,FIXTURE
45-1011,12,1675,FIXTURE
45-1011,13,833,FIXTURE
45-1011,15,113,FIXTURE
45-1011,16,143,FIXTURE
45-1011,17,996,FIXTURE
45-1011,18,528,FIXTURE
45-1011,19,248,FIXTURE
45-1011,20,228,FIXTURE
45-1011,21,350,FIXTURE
45-1011,22,362,FIXTURE
45-1011,23,106,FIXTURE
45-1011,24,480,FIXTURE
45-1011,25,547,FIXTURE
45-1011,26,784,FIXTURE
45-1011,27,444,FIXTURE
45-1011,28,230,FIXTURE
45-1011,29,479,FIXTURE
45-1011,30,84,FIXTURE
45-1011,31,153,FIXTURE
45-1011,32,241,FIXTURE
45-1011,33,107,FIXTURE
45-1011,34,722,FIXTURE
45-1011,35,165,FIXTURE
45-1011,36,1571,FIXTURE
45-1011,37,812,FIXTURE
45-1011,38,61,FIXTURE
45-1011,39,917,FIXTURE
45-1011,40,308,FIXTURE
45-1011,41,329,FIXTURE
45-1011,42,1011,FIXTURE
45-1011,44,85,FIXTURE
45-1011,45,398,FIXTURE
45-1011,46,69,FIXTURE
45-1011,47,537,FIXTURE
45-1011,48,2266,FIXTURE
45-1011,49,254,FIXTURE
45-1011,50,50,FIXTURE
45-1011,51,671,FIXTURE
45-1011,53,599,FIXTURE
45-1011,54,139,FIXTURE
45-1011,55,458,FIXTURE
45-1011,56,45,FIXTURE
45-2011,01,207,FIXTURE
45-2011,02,30,FIXTURE
45-2011,04,294,FIXTURE
45-2011,05,124,FIXTURE
45-2011,06,1626,FIXTURE
45-2011,08,237,FIXTURE
45-2011,09,148,FIXTURE
45-2011,10,41,FIXTURE
45-2011,11,28,FIXTURE
45-2011,12,886,FIXTURE
45-2011,13,440,FIXTURE
45-2011,15,60,FIXTURE
45-2011,16,76,FIXTURE
45-2011,17,527,FIXTURE
45-2011,18,279,FIXTURE
45-2011,19,131,FIXTURE
45-2011,20,121,FIXTURE
45-2011,21,185,FIXTURE
45-2011,22,192,FIXTURE
45-2011,23,56,FIXTURE
45-2011,24,254,FIXTURE
45-2011,25,289,FIXTURE
45-2011,26,414,FIXTURE
45-2011,27,235,FIXTURE
45-2011,28,122,FIXTURE
45-2011,29,253,FIXTURE
45-2011,30,45,FIXTURE
45-2011,31,81,FIXTURE
45-2011,32,128,FIXTURE
45-2011,33,57,FIXTURE
45-2011,34,382,FIXTURE
45-2011,35,87,FIXTURE
45-2011,36,831,FIXTURE
45-2011,37,429,FIXTURE
45-2011,38,32,FIXTURE
45-2011,39,485,FIXTURE
45-2011,40,163,FIXTURE
45-2011,41,174,FIXTURE
45-2011,42,535,FIXTURE
45-2011,44,45,FIXTURE
45-2011,45,210,FIXTURE
45-2011,46,36,FIXTURE
45-2011,47,284,FIXTURE
45-2011,48,1198,FIXTURE
45-2011,49,135,FIXTURE
45-2011,50,26,FIXTURE
45-2011,51,355,FIXTURE
45-2011,53,317,FIXTURE
45-2011,54,74,FIXTURE
45-2011,55,242,FIXTURE
45-2011,56,24,FIXTURE
45-2021,01,14,FIXTURE
45-2021,02,2,FIXTURE
45-2021,04,20,FIXTURE
45-2021,05,9,FIXTURE
45-2021,06,113,FIXTURE
45-2021,08,17,FIXTURE
45-2021,09,10,FIXTURE
45-2021,10,3,FIXTURE
45-2021,11,2,FIXTURE
45-2021,12,62,FIXTURE
45-2021,13,31,FIXTURE
45-2021,15,4,FIXTURE
45-2021,16,5,FIXTURE
45-2021,17,37,FIXTURE
45-2021,18,19,FIXTURE
45-2021,19,9,FIXTURE
45-2021,20,8,FIXTURE
45-2021,21,13,FIXTURE
45-2021,22,13,FIXTURE
45-2021,23,4,FIXTURE
45-2021,24,18,FIXTURE
45-2021,25,20,FIXTURE
45-2021,26,29,FIXTURE
45-2021,27,16,FIXTURE
45-2021,28,8,FIXTURE
45-2021,29,18,FIXTURE
45-2021,30,3,FIXTURE
45-2021,31,6,FIXTURE
45-2021,32,9,FIXTURE
45-2021,33,4,FIXTURE
45-2021,34,27,FIXTURE
45-2021,35,6,FIXTURE
45-2021,36,58,FIXTURE
45-2021,37,30,FIXTURE
45-2021,38,2,FIXTURE
45-2021,39,34,FIXTURE
45-2021,40,11,FIXTURE
45-2021,41,12,FIXTURE
45-2021,42,37,FIXTURE
45-2021,44,3,FIXTURE
45-2021,45,15,FIXTURE
45-2021,46,3,FIXTURE
45-2021,47,20,FIXTURE
45-2021,48,84,FIXTURE
45-2021,49,9,FIXTURE
45-2021,50,2,FIXTURE
45-2021,51,25,FIXTURE
45-2021,53,22,FIXTURE
45-2021,54,5,FIXTURE
45-2021,55,17,FIXTURE
45-2021,56,2,FIXTURE
45-2041,01,387,FIXTURE
45-2041,02,57,FIXTURE
45-2041,04,552,FIXTURE
45-2041,05,232,FIXTURE
45-2041,06,3049,FIXTURE
45-2041,08,445,FIXTURE
45-2041,09,278,FIXTURE
45-2041,10,76,FIXTURE
45-2041,11,53,FIXTURE
45-2041,12,1661,FIXTURE
45-2041,13,826,FIXTURE
45-2041,15,112,FIXTURE
45-2041,16,142,FIXTURE
45-2041,17,988,FIXTURE
45-2041,18,523,FIXTURE
45-2041,19,246,FIXTURE
45-2041,20,227,FIXTURE
45-2041,21,348,FIXTURE
45-2041,22,359,FIXTURE
45-2041,23,105,FIXTURE
45-2041,24,476,FIXTURE
45-2041,25,542,FIXTURE
45-2041,26,777,FIXTURE
45-2041,27,440,FIXTURE
45-2041,28,228,FIXTURE
45-2041,29,475,FIXTURE
45-2041,30,84,FIXTURE
45-2041,31,151,FIXTURE
45-2041,32,239,FIXTURE
45-2041,33,106,FIXTURE
45-2041,34,716,FIXTURE
45-2041,35,163,FIXTURE
45-2041,36,1558,FIXTURE
45-2041,37,805,FIXTURE
45-2041,38,60,FIXTURE
45-2041,39,910,FIXTURE
45-2041,40,305,FIXTURE
45-2041,41,327,FIXTURE
45-2041,42,1003,FIXTURE
45-2041,44,85,FIXTURE
45-2041,45,395,FIXTURE
45-2041,46,68,FIXTURE
45-2041,47,533,FIXTURE
45-2041,48,2248,FIXTURE
45-2041,49,252,FIXTURE
45-2041,50,50,FIXTURE
45-2041,51,666,FIXTURE
45-2041,53,594,FIXTURE
45-2041,54,138,FIXTURE
45-2041,55,455,FIXTURE
45-2041,56,45,FIXTURE
45-2091,01,397,FIXTURE
45-2091,02,58,FIXTURE
45-2091,04,565,FIXTURE
45-2091,05,238,FIXTURE
45-2091,06,3123,FIXTURE
45-2091,08,456,FIXTURE
45-2091,09,285,FIXTURE
45-2091,10,78,FIXTURE
45-2091,11,54,FIXTURE
45-2091,12,1701,FIXTURE
45-2091,13,846,FIXTURE
45-2091,15,115,FIXTURE
45-2091,16,145,FIXTURE
45-2091,17,1012,FIXTURE
45-2091,18,536,FIXTURE
45-2091,19,252,FIXTURE
45-2091,20,232,FIXTURE
45-2091,21,356,FIXTURE
45-2091,22,368,FIXTURE
45-2091,23,108,FIXTURE
45-2091,24,488,FIXTURE
45-2091,25,555,FIXTURE
45-2091,26,796,FIXTURE
45-2091,27,451,FIXTURE
45-2091,28,234,FIXTURE
45-2091,29,486,FIXTURE
45-2091,30,86,FIXTURE
45-2091,31,155,FIXTURE
45-2091,32,245,FIXTURE
45-2091,33,109,FIXTURE
45-2091,34,734,FIXTURE
45-2091,35,167,FIXTURE
45-2091,36,1596,FIXTURE
45-2091,37,824,FIXTURE
45-2091,38,61,FIXTURE
45-2091,39,932,FIXTURE
45-2091,40,313,FIXTURE
45-2091,41,335,FIXTURE
45-2091,42,1027,FIXTURE
45-2091,44,87,FIXTURE
45-2091,45,404,FIXTURE
45-2091,46,70,FIXTURE
45-2091,47,546,FIXTURE
45-2091,48,2302,FIXTURE
45-2091,49,258,FIXTURE
45-2091,50,51,FIXTURE
45-2091,51,682,FIXTURE
45-2091,53,609,FIXTURE
45-2091,54,142,FIXTURE
45-2091,55,465,FIXTURE
45-2091,56,45,FIXTURE
45-2092,01,4202,FIXTURE
45-2092,02,613,FIXTURE
45-2092,04,5981,FIXTURE
45-2092,05,2519,FIXTURE
45-2092,06,33067,FIXTURE
45-2092,08,4829,FIXTURE
45-2092,09,3016,FIXTURE
45-2092,10,828,FIXTURE
45-2092,11,577,FIXTURE
45-2092,12,18013,FIXTURE
45-2092,13,8959,FIXTURE
45-2092,15,1217,FIXTURE
45-2092,16,1538,FIXTURE
45-2092,17,10715,FIXTURE
45-2092,18,5675,FIXTURE
45-2092,19,2668,FIXTURE
45-2092,20,2457,FIXTURE
45-2092,21,3768,FIXTURE
45-2092,22,3895,FIXTURE
45-2092,23,1139,FIXTURE
45-2092,24,5166,FIXTURE
45-2092,25,5879,FIXTURE
45-2092,26,8428,FIXTURE
45-2092,27,4772,FIXTURE
45-2092,28,2477,FIXTURE
45-2092,29,5148,FIXTURE
45-2092,30,907,FIXTURE
45-2092,31,1640,FIXTURE
45-2092,32,2596,FIXTURE
45-2092,33,1152,FIXTURE
45-2092,34,7769,FIXTURE
45-2092,35,1771,FIXTURE
45-2092,36,16895,FIXTURE
45-2092,37,8731,FIXTURE
45-2092,38,652,FIXTURE
45-2092,39,9868,FIXTURE
45-2092,40,3311,FIXTURE
45-2092,41,3544,FIXTURE
45-2092,42,10874,FIXTURE
45-2092,44,918,FIXTURE
45-2092,45,4281,FIXTURE
45-2092,46,742,FIXTURE
45-2092,47,5780,FIXTURE
45-2092,48,24375,FIXTURE
45-2092,49,2736,FIXTURE
45-2092,50,538,FIXTURE
45-2092,51,7219,FIXTURE
45-2092,53,6444,FIXTURE
45-2092,54,1500,FIXTURE
45-2092,55,4929,FIXTURE
45-2092,56,482,FIXTURE
45-2093,01,518,FIXTURE
45-2093,02,76,FIXTURE
45-2093,04,737,FIXTURE
45-2093,05,310,FIXTURE
45-2093,06,4073,FIXTURE
45-2093,08,595,FIXTURE
45-2093,09,371,FIXTURE
45-2093,10,102,FIXTURE
45-2093,11,71,FIXTURE
45-2093,12,2218,FIXTURE
45-2093,13,1103,FIXTURE
45-2093,15,150,FIXTURE
45-2093,16,189,FIXTURE
45-2093,17,1320,FIXTURE
45-2093,18,699,FIXTURE
45-2093,19,329,FIXTURE
45-2093,20,303,FIXTURE
45-2093,21,464,FIXTURE
45-2093,22,480,FIXTURE
45-2093,23,140,FIXTURE
45-2093,24,636,FIXTURE
45-2093,25,724,FIXTURE
45-2093,26,1038,FIXTURE
45-2093,27,588,FIXTURE
45-2093,28,305,FIXTURE
45-2093,29,634,FIXTURE
45-2093,30,112,FIXTURE
45-2093,31,202,FIXTURE
45-2093,32,320,FIXTURE
45-2093,33,142,FIXTURE
45-2093,34,957,FIXTURE
45-2093,35,218,FIXTURE
45-2093,36,2081,FIXTURE
45-2093,37,1075,FIXTURE
45-2093,38,80,FIXTURE
45-2093,39,1215,FIXTURE
45-2093,40,408,FIXTURE
45-2093,41,436,FIXTURE
45-2093,42,1339,FIXTURE
45-2093,44,113,FIXTURE
45-2093,45,527,FIXTURE
45-2093,46,91,FIXTURE
45-2093,47,712,FIXTURE
45-2093,48,3002,FIXTURE
45-2093,49,337,FIXTURE
45-2093,50,66,FIXTURE
45-2093,51,889,FIXTURE
45-2093,53,794,FIXTURE
45-2093,54,185,FIXTURE
45-2093,55,607,FIXTURE
45-2093,56,59,FIXTURE
45-2099,01,93,FIXTURE
45-2099,02,14,FIXTURE
45-2099,04,132,FIXTURE
45-2099,05,55,FIXTURE
45-2099,06,728,FIXTURE
45-2099,08,106,FIXTURE
45-2099,09,66,FIXTURE
45-2099,10,18,FIXTURE
45-2099,11,13,FIXTURE
45-2099,12,396,FIXTURE
45-2099,13,197,FIXTURE
45-2099,15,27,FIXTURE
45-2099,16,34,FIXTURE
45-2099,17,236,FIXTURE
45-2099,18,125,FIXTURE
45-2099,19,59,FIXTURE
45-2099,20,54,FIXTURE
45-2099,21,83,FIXTURE
45-2099,22,86,FIXTURE
45-2099,23,25,FIXTURE
45-2099,24,114,FIXTURE
45-2099,25,129,FIXTURE
45-2099,26,185,FIXTURE
45-2099,27,105,FIXTURE
45-2099,28,55,FIXTURE
45-2099,29,113,FIXTURE
45-2099,30,20,FIXTURE
45-2099,31,36,FIXTURE
45-2099,32,57,FIXTURE
45-2099,33,25,FIXTURE
45-2099,34,171,FIXTURE
45-2099,35,39,FIXTURE
45-2099,36,372,FIXTURE
45-2099,37,192,FIXTURE
45-2099,38,14,FIXTURE
45-2099,39,217,FIXTURE
45-2099,40,73,FIXTURE
45-2099,41,78,FIXTURE
45-2099,42,239,FIXTURE
45-2099,44,20,FIXTURE
45-2099,45,94,FIXTURE
45-2099,46,16,FIXTURE
45-2099,47,127,FIXTURE
45-2099,48,536,FIXTURE
45-2099,49,60,FIXTURE
45-2099,50,12,FIXTURE
45-2099,51,159,FIXTURE
45-2099,53,142,FIXTURE
45-2099,54,33,FIXTURE
45-2099,55,109,FIXTURE
45-2099,56,11,FIXTURE
45-4011,01,95,FIXTURE
45-4011,02,14,FIXTURE
45-4011,04,136,FIXTURE
45-4011,05,57,FIXTURE
45-4011,06,751,FIXTURE
45-4011,08,110,FIXTURE
45-4011,09,69,FIXTURE
45-4011,10,19,FIXTURE
45-4011,11,13,FIXTURE
45-4011,12,409,FIXTURE
45-4011,13,204,FIXTURE
45-4011,15,28,FIXTURE
45-4011,16,35,FIXTURE
45-4011,17,244,FIXTURE
45-4011,18,129,FIXTURE
45-4011,19,61,FIXTURE
45-4011,20,56,FIXTURE
45-4011,21,86,FIXTURE
45-4011,22,89,FIXTURE
45-4011,23,26,FIXTURE
45-4011,24,117,FIXTURE
45-4011,25,134,FIXTURE
45-4011,26,192,FIXTURE
45-4011,27,108,FIXTURE
45-4011,28,56,FIXTURE
45-4011,29,117,FIXTURE
45-4011,30,21,FIXTURE
45-4011,31,37,FIXTURE
45-4011,32,59,FIXTURE
45-4011,33,26,FIXTURE
45-4011,34,177,FIXTURE
45-4011,35,40,FIXTURE
45-4011,36,384,FIXTURE
45-4011,37,198,FIXTURE
45-4011,38,15,FIXTURE
45-4011,39,224,FIXTURE
45-4011,40,75,FIXTURE
45-4011,41,81,FIXTURE
45-4011,42,247,FIXTURE
45-4011,44,21,FIXTURE
45-4011,45,97,FIXTURE
45-4011,46,17,FIXTURE
45-4011,47,131,FIXTURE
45-4011,48,554,FIXTURE
45-4011,49,62,FIXTURE
45-4011,50,12,FIXTURE
45-4011,51,164,FIXTURE
45-4011,53,146,FIXTURE
45-4011,54,34,FIXTURE
45-4011,55,112,FIXTURE
45-4011,56,11,FIXTURE
45-4021,01,63,FIXTURE
45-4021,02,9,FIXTURE
45-4021,04,90,FIXTURE
45-4021,05,38,FIXTURE
45-4021,06,497,FIXTURE
45-4021,08,73,FIXTURE
45-4021,09,45,FIXTURE
45-4021,10,13,FIXTURE
45-4021,11,9,FIXTURE
45-4021,12,271,FIXTURE
45-4021,13,135,FIXTURE
45-4021,15,18,FIXTURE
45-4021,16,23,FIXTURE
45-4021,17,161,FIXTURE
45-4021,18,85,FIXTURE
45-4021,19,40,FIXTURE
45-4021,20,37,FIXTURE
45-4021,21,57,FIXTURE
45-4021,22,59,FIXTURE
45-4021,23,17,FIXTURE
45-4021,24,78,FIXTURE
45-4021,25,88,FIXTURE
45-4021,26,127,FIXTURE
45-4021,27,72,FIXTURE
45-4021,28,37,FIXTURE
45-4021,29,77,FIXTURE
45-4021,30,14,FIXTURE
45-4021,31,25,FIXTURE
45-4021,32,39,FIXTURE
45-4021,33,17,FIXTURE
45-4021,34,117,FIXTURE
45-4021,35,27,FIXTURE
45-4021,36,254,FIXTURE
45-4021,37,131,FIXTURE
45-4021,38,10,FIXTURE
45-4021,39,148,FIXTURE
45-4021,40,50,FIXTURE
45-4021,41,53,FIXTURE
45-4021,42,164,FIXTURE
45-4021,44,14,FIXTURE
45-4021,45,64,FIXTURE
45-4021,46,11,FIXTURE
45-4021,47,87,FIXTURE
45-4021,48,367,FIXTURE
45-4021,49,41,FIXTURE
45-4021,50,8,FIXTURE
45-4021,51,109,FIXTURE
45-4021,53,97,FIXTURE
45-4021,54,23,FIXTURE
45-4021,55,74,FIXTURE
45-4021,56,7,FIXTURE
45-4022,01,387,FIXTURE
45-4022,02,56,FIXTURE
45-4022,04,550,FIXTURE
45-4022,05,232,FIXTURE
45-4022,06,3043,FIXTURE
45-4022,08,444,FIXTURE
45-4022,09,278,FIXTURE
45-4022,10,76,FIXTURE
45-4022,11,53,FIXTURE
45-4022,12,1658,FIXTURE
45-4022,13,824,FIXTURE
45-4022,15,112,FIXTURE
45-4022,16,142,FIXTURE
45-4022,17,986,FIXTURE
45-4022,18,522,FIXTURE
45-4022,19,246,FIXTURE
45-4022,20,226,FIXTURE
45-4022,21,347,FIXTURE
45-4022,22,359,FIXTURE
45-4022,23,105,FIXTURE
45-4022,24,475,FIXTURE
45-4022,25,541,FIXTURE
45-4022,26,776,FIXTURE
45-4022,27,439,FIXTURE
45-4022,28,228,FIXTURE
45-4022,29,474,FIXTURE
45-4022,30,83,FIXTURE
45-4022,31,151,FIXTURE
45-4022,32,239,FIXTURE
45-4022,33,106,FIXTURE
45-4022,34,715,FIXTURE
45-4022,35,163,FIXTURE
45-4022,36,1555,FIXTURE
45-4022,37,803,FIXTURE
45-4022,38,60,FIXTURE
45-4022,39,908,FIXTURE
45-4022,40,305,FIXTURE
45-4022,41,326,FIXTURE
45-4022,42,1001,FIXTURE
45-4022,44,84,FIXTURE
45-4022,45,394,FIXTURE
45-4022,46,68,FIXTURE
45-4022,47,532,FIXTURE
45-4022,48,2243,FIXTURE
45-4022,49,252,FIXTURE
45-4022,50,50,FIXTURE
45-4022,51,664,FIXTURE
45-4022,53,593,FIXTURE
45-4022,54,138,FIXTURE
45-4022,55,454,FIXTURE
45-4022,56,44,FIXTURE
45-4023,01,49,FIXTURE
45-4023,02,7,FIXTURE
45-4023,04,70,FIXTURE
45-4023,05,30,FIXTURE
45-4023,06,389,FIXTURE
45-4023,08,57,FIXTURE
45-4023,09,35,FIXTURE
45-4023,10,10,FIXTURE
45-4023,11,7,FIXTURE
45-4023,12,212,FIXTURE
45-4023,13,105,FIXTURE
45-4023,15,14,FIXTURE
45-4023,16,18,FIXTURE
45-4023,17,126,FIXTURE
45-4023,18,67,FIXTURE
45-4023,19,31,FIXTURE
45-4023,20,29,FIXTURE
45-4023,21,44,FIXTURE
45-4023,22,46,FIXTURE
45-4023,23,13,FIXTURE
45-4023,24,61,FIXTURE
45-4023,25,69,FIXTURE
45-4023,26,99,FIXTURE
45-4023,27,56,FIXTURE
45-4023,28,29,FIXTURE
45-4023,29,60,FIXTURE
45-4023,30,11,FIXTURE
45-4023,31,19,FIXTURE
45-4023,32,30,FIXTURE
45-4023,33,14,FIXTURE
45-4023,34,91,FIXTURE
45-4023,35,21,FIXTURE
45-4023,36,199,FIXTURE
45-4023,37,103,FIXTURE
45-4023,38,8,FIXTURE
45-4023,39,116,FIXTURE
45-4023,40,39,FIXTURE
45-4023,41,42,FIXTURE
45-4023,42,128,FIXTURE
45-4023,44,11,FIXTURE
45-4023,45,50,FIXTURE
45-4023,46,9,FIXTURE
45-4023,47,68,FIXTURE
45-4023,48,287,FIXTURE
45-4023,49,32,FIXTURE
45-4023,50,6,FIXTURE
45-4023,51,85,FIXTURE
45-4023,53,76,FIXTURE
45-4023,54,18,FIXTURE
45-4023,55,58,FIXTURE
45-4023,56,6,FIXTURE
45-4029,01,47,FIXTURE
45-4029,02,7,FIXTURE
45-4029,04,66,FIXTURE
45-4029,05,28,FIXTURE
45-4029,06,367,FIXTURE
45-4029,08,54,FIXTURE
45-4029,09,33,FIXTURE
45-4029,10,9,FIXTURE
45-4029,11,6,FIXTURE
45-4029,12,200,FIXTURE
45-4029,13,100,FIXTURE
45-4029,15,14,FIXTURE
45-4029,16,17,FIXTURE
45-4029,17,119,FIXTURE
45-4029,18,63,FIXTURE
45-4029,19,30,FIXTURE
45-4029,20,27,FIXTURE
45-4029,21,42,FIXTURE
45-4029,22,43,FIXTURE
45-4029,23,13,FIXTURE
45-4029,24,57,FIXTURE
45-4029,25,65,FIXTURE
45-4029,26,94,FIXTURE
45-4029,27,53,FIXTURE
45-4029,28,28,FIXTURE
45-4029,29,57,FIXTURE
45-4029,30,10,FIXTURE
45-4029,31,18,FIXTURE
45-4029,32,29,FIXTURE
45-4029,33,13,FIXTURE
45-4029,34,86,FIXTURE
45-4029,35,20,FIXTURE
45-4029,36,188,FIXTURE
45-4029,37,97,FIXTURE
45-4029,38,7,FIXTURE
45-4029,39,110,FIXTURE
45-4029,40,37,FIXTURE
45-4029,41,39,FIXTURE
45-4029,42,121,FIXTURE
45-4029,44,10,FIXTURE
45-4029,45,48,FIXTURE
45-4029,46,8,FIXTURE
45-4029,47,64,FIXTURE
45-4029,48,271,FIXTURE
45-4029,49,30,FIXTURE
45-4029,50,6,FIXTURE
45-4029,51,80,FIXTURE
45-4029,53,72,FIXTURE
45-4029,54,17,FIXTURE
45-4029,55,55,FIXTURE
45-4029,56,5,FIXTURE
47-1011,01,10094,FIXTURE
47-1011,02,1473,FIXTURE
47-1011,04,14367,FIXTURE
47-1011,05,6050,FIXTURE
47-1011,06,79431,FIXTURE
47-1011,08,11599,FIXTURE
47-1011,09,7244,FIXTURE
47-1011,10,1989,FIXTURE
47-1011,11,1385,FIXTURE
47-1011,12,43269,FIXTURE
47-1011,13,21520,FIXTURE
47-1011,15,2924,FIXTURE
47-1011,16,3695,FIXTURE
47-1011,17,25740,FIXTURE
47-1011,18,13632,FIXTURE
47-1011,19,6409,FIXTURE
47-1011,20,5902,FIXTURE
47-1011,21,9052,FIXTURE
47-1011,22,9357,FIXTURE
47-1011,23,2737,FIXTURE
47-1011,24,12410,FIXTURE
47-1011,25,14123,FIXTURE
47-1011,26,20245,FIXTURE
47-1011,27,11464,FIXTURE
47-1011,28,5949,FIXTURE
47-1011,29,12365,FIXTURE
47-1011,30,2178,FIXTURE
47-1011,31,3941,FIXTURE
47-1011,32,6237,FIXTURE
47-1011,33,2767,FIXTURE
47-1011,34,18661,FIXTURE
47-1011,35,4254,FIXTURE
47-1011,36,40584,FIXTURE
47-1011,37,20972,FIXTURE
47-1011,38,1565,FIXTURE
47-1011,39,23705,FIXTURE
47-1011,40,7954,FIXTURE
47-1011,41,8512,FIXTURE
47-1011,42,26122,FIXTURE
47-1011,44,2205,FIXTURE
47-1011,45,10283,FIXTURE
47-1011,46,1781,FIXTURE
47-1011,47,13884,FIXTURE
47-1011,48,58552,FIXTURE
47-1011,49,6573,FIXTURE
47-1011,50,1292,FIXTURE
47-1011,51,17340,FIXTURE
47-1011,53,15480,FIXTURE
47-1011,54,3604,FIXTURE
47-1011,55,11840,FIXTURE
47-1011,56,1159,FIXTURE
47-2011,01,196,FIXTURE
47-2011,02,29,FIXTURE
47-2011,04,279,FIXTURE
47-2011,05,117,FIXTURE
47-2011,06,1541,FIXTURE
47-2011,08,225,FIXTURE
47-2011,09,141,FIXTURE
47-2011,10,39,FIXTURE
47-2011,11,27,FIXTURE
47-2011,12,840,FIXTURE
47-2011,13,418,FIXTURE
47-2011,15,57,FIXTURE
47-2011,16,72,FIXTURE
47-2011,17,499,FIXTURE
47-2011,18,264,FIXTURE
47-2011,19,124,FIXTURE
47-2011,20,115,FIXTURE
47-2011,21,176,FIXTURE
47-2011,22,182,FIXTURE
47-2011,23,53,FIXTURE
47-2011,24,241,FIXTURE
47-2011,25,274,FIXTURE
47-2011,26,393,FIXTURE
47-2011,27,222,FIXTURE
47-2011,28,115,FIXTURE
47-2011,29,240,FIXTURE
47-2011,30,42,FIXTURE
47-2011,31,76,FIXTURE
47-2011,32,121,FIXTURE
47-2011,33,54,FIXTURE
47-2011,34,362,FIXTURE
47-2011,35,83,FIXTURE
47-2011,36,787,FIXTURE
47-2011,37,407,FIXTURE
47-2011,38,30,FIXTURE
47-2011,39,460,FIXTURE
47-2011,40,154,FIXTURE
47-2011,41,165,FIXTURE
47-2011,42,507,FIXTURE
47-2011,44,43,FIXTURE
47-2011,45,199,FIXTURE
47-2011,46,35,FIXTURE
47-2011,47,269,FIXTURE
47-2011,48,1136,FIXTURE
47-2011,49,128,FIXTURE
47-2011,50,25,FIXTURE
47-2011,51,336,FIXTURE
47-2011,53,300,FIXTURE
47-2011,54,70,FIXTURE
47-2011,55,230,FIXTURE
47-2011,56,22,FIXTURE
47-2021,01,848,FIXTURE
47-2021,02,124,FIXTURE
47-2021,04,1207,FIXTURE
47-2021,05,508,FIXTURE
47-2021,06,6674,FIXTURE
47-2021,08,975,FIXTURE
47-2021,09,609,FIXTURE
47-2021,10,167,FIXTURE
47-2021,11,116,FIXTURE
47-2021,12,3636,FIXTURE
47-2021,13,1808,FIXTURE
47-2021,15,246,FIXTURE
47-2021,16,310,FIXTURE
47-2021,17,2163,FIXTURE
47-2021,18,1145,FIXTURE
47-2021,19,539,FIXTURE
47-2021,20,496,FIXTURE
47-2021,21,761,FIXTURE
47-2021,22,786,FIXTURE
47-2021,23,230,FIXTURE
47-2021,24,1043,FIXTURE
47-2021,25,1187,FIXTURE
47-2021,26,1701,FIXTURE
47-2021,27,963,FIXTURE
47-2021,28,500,FIXTURE
47-2021,29,1039,FIXTURE
47-2021,30,183,FIXTURE
47-2021,31,331,FIXTURE
47-2021,32,524,FIXTURE
47-2021,33,233,FIXTURE
47-2021,34,1568,FIXTURE
47-2021,35,357,FIXTURE
47-2021,36,3410,FIXTURE
47-2021,37,1762,FIXTURE
47-2021,38,131,FIXTURE
47-2021,39,1992,FIXTURE
47-2021,40,668,FIXTURE
47-2021,41,715,FIXTURE
47-2021,42,2195,FIXTURE
47-2021,44,185,FIXTURE
47-2021,45,864,FIXTURE
47-2021,46,150,FIXTURE
47-2021,47,1167,FIXTURE
47-2021,48,4920,FIXTURE
47-2021,49,552,FIXTURE
47-2021,50,109,FIXTURE
47-2021,51,1457,FIXTURE
47-2021,53,1301,FIXTURE
47-2021,54,303,FIXTURE
47-2021,55,995,FIXTURE
47-2021,56,97,FIXTURE
47-2022,01,136,FIXTURE
47-2022,02,20,FIXTURE
47-2022,04,194,FIXTURE
47-2022,05,82,FIXTURE
47-2022,06,1074,FIXTURE
47-2022,08,157,FIXTURE
47-2022,09,98,FIXTURE
47-2022,10,27,FIXTURE
47-2022,11,19,FIXTURE
47-2022,12,585,FIXTURE
47-2022,13,291,FIXTURE
47-2022,15,40,FIXTURE
47-2022,16,50,FIXTURE
47-2022,17,348,FIXTURE
47-2022,18,184,FIXTURE
47-2022,19,87,FIXTURE
47-2022,20,80,FIXTURE
47-2022,21,122,FIXTURE
47-2022,22,126,FIXTURE
47-2022,23,37,FIXTURE
47-2022,24,168,FIXTURE
47-2022,25,191,FIXTURE
47-2022,26,274,FIXTURE
47-2022,27,155,FIXTURE
47-2022,28,80,FIXTURE
47-2022,29,167,FIXTURE
47-2022,30,29,FIXTURE
47-2022,31,53,FIXTURE
47-2022,32,84,FIXTURE
47-2022,33,37,FIXTURE
47-2022,34,252,FIXTURE
47-2022,35,58,FIXTURE
47-2022,36,549,FIXTURE
47-2022,37,283,FIXTURE
47-2022,38,21,FIXTURE
47-2022,39,320,FIXTURE
47-2022,40,108,FIXTURE
47-2022,41,115,FIXTURE
47-2022,42,353,FIXTURE
47-2022,44,30,FIXTURE
47-2022,45,139,FIXTURE
47-2022,46,24,FIXTURE
47-2022,47,188,FIXTURE
47-2022,48,791,FIXTURE
47-2022,49,89,FIXTURE
47-2022,50,17,FIXTURE
47-2022,51,234,FIXTURE
47-2022,53,209,FIXTURE
47-2022,54,49,FIXTURE
47-2022,55,160,FIXTURE
47-2022,56,16,FIXTURE
47-2031,01,10127,FIXTURE
47-2031,02,1478,FIXTURE
47-2031,04,14414,FIXTURE
47-2031,05,6070,FIXTURE
47-2031,06,79692,FIXTURE
47-2031,08,11637,FIXTURE
47-2031,09,7268,FIXTURE
47-2031,10,1995,FIXTURE
47-2031,11,1390,FIXTURE
47-2031,12,43412,FIXTURE
47-2031,13,21591,FIXTURE
47-2031,15,2933,FIXTURE
47-2031,16,3707,FIXTURE
47-2031,17,25825,FIXTURE
47-2031,18,13677,FIXTURE
47-2031,19,6430,FIXTURE
47-2031,20,5921,FIXTURE
47-2031,21,9082,FIXTURE
47-2031,22,9388,FIXTURE
47-2031,23,2746,FIXTURE
47-2031,24,12451,FIXTURE
47-2031,25,14169,FIXTURE
47-2031,26,20312,FIXTURE
47-2031,27,11502,FIXTURE
47-2031,28,5969,FIXTURE
47-2031,29,12406,FIXTURE
47-2031,30,2185,FIXTURE
47-2031,31,3954,FIXTURE
47-2031,32,6258,FIXTURE
47-2031,33,2776,FIXTURE
47-2031,34,18723,FIXTURE
47-2031,35,4268,FIXTURE
47-2031,36,40717,FIXTURE
47-2031,37,21041,FIXTURE
47-2031,38,1570,FIXTURE
47-2031,39,23783,FIXTURE
47-2031,40,7980,FIXTURE
47-2031,41,8540,FIXTURE
47-2031,42,26208,FIXTURE
47-2031,44,2212,FIXTURE
47-2031,45,10317,FIXTURE
47-2031,46,1787,FIXTURE
47-2031,47,13929,FIXTURE
47-2031,48,58745,FIXTURE
47-2031,49,6594,FIXTURE
47-2031,50,1296,FIXTURE
47-2031,51,17397,FIXTURE
47-2031,53,15531,FIXTURE
47-2031,54,3615,FIXTURE
47-2031,55,11879,FIXTURE
47-2031,56,1163,FIXTURE
47-2041,01,300,FIXTURE
47-2041,02,44,FIXTURE
47-2041,04,427,FIXTURE
47-2041,05,180,FIXTURE
47-2041,06,2361,FIXTURE
47-2041,08,345,FIXTURE
47-2041,09,215,FIXTURE
47-2041,10,59,FIXTURE
47-2041,11,41,FIXTURE
47-2041,12,1286,FIXTURE
47-2041,13,640,FIXTURE
47-2041,15,87,FIXTURE
47-2041,16,110,FIXTURE
47-2041,17,765,FIXTURE
47-2041,18,405,FIXTURE
47-2041,19,190,FIXTURE
47-2041,20,175,FIXTURE
47-2041,21,269,FIXTURE
47-2041,22,278,FIXTURE
47-2041,23,81,FIXTURE
47-2041,24,369,FIXTURE
47-2041,25,420,FIXTURE
47-2041,26,602,FIXTURE
47-2041,27,341,FIXTURE
47-2041,28,177,FIXTURE
47-2041,29,368,FIXTURE
47-2041,30,65,FIXTURE
47-2041,31,117,FIXTURE
47-2041,32,185,FIXTURE
47-2041,33,82,FIXTURE
47-2041,34,555,FIXTURE
47-2041,35,126,FIXTURE
47-2041,36,1206,FIXTURE
47-2041,37,623,FIXTURE
47-2041,38,47,FIXTURE
47-2041,39,705,FIXTURE
47-2041,40,236,FIXTURE
47-2041,41,253,FIXTURE
47-2041,42,776,FIXTURE
47-2041,44,66,FIXTURE
47-2041,45,306,FIXTURE
47-2041,46,53,FIXTURE
47-2041,47,413,FIXTURE
47-2041,48,1740,FIXTURE
47-2041,49,195,FIXTURE
47-2041,50,38,FIXTURE
47-2041,51,515,FIXTURE
47-2041,53,460,FIXTURE
47-2041,54,107,FIXTURE
47-2041,55,352,FIXTURE
47-2041,56,34,FIXTURE
47-2042,01,277,FIXTURE
47-2042,02,41,FIXTURE
47-2042,04,395,FIXTURE
47-2042,05,166,FIXTURE
47-2042,06,2183,FIXTURE
47-2042,08,319,FIXTURE
47-2042,09,199,FIXTURE
47-2042,10,55,FIXTURE
47-2042,11,38,FIXTURE
47-2042,12,1189,FIXTURE
47-2042,13,591,FIXTURE
47-2042,15,80,FIXTURE
47-2042,16,102,FIXTURE
47-2042,17,707,FIXTURE
47-2042,18,375,FIXTURE
47-2042,19,176,FIXTURE
47-2042,20,162,FIXTURE
47-2042,21,249,FIXTURE
47-2042,22,257,FIXTURE
47-2042,23,75,FIXTURE
47-2042,24,341,FIXTURE
47-2042,25,388,FIXTURE
47-2042,26,556,FIXTURE
47-2042,27,315,FIXTURE
47-2042,28,164,FIXTURE
47-2042,29,340,FIXTURE
47-2042,30,60,FIXTURE
47-2042,31,108,FIXTURE
47-2042,32,171,FIXTURE
47-2042,33,76,FIXTURE
47-2042,34,513,FIXTURE
47-2042,35,117,FIXTURE
47-2042,36,1115,FIXTURE
47-2042,37,576,FIXTURE
47-2042,38,43,FIXTURE
47-2042,39,651,FIXTURE
47-2042,40,219,FIXTURE
47-2042,41,234,FIXTURE
47-2042,42,718,FIXTURE
47-2042,44,61,FIXTURE
47-2042,45,283,FIXTURE
47-2042,46,49,FIXTURE
47-2042,47,382,FIXTURE
47-2042,48,1609,FIXTURE
47-2042,49,181,FIXTURE
47-2042,50,36,FIXTURE
47-2042,51,477,FIXTURE
47-2042,53,425,FIXTURE
47-2042,54,99,FIXTURE
47-2042,55,325,FIXTURE
47-2042,56,32,FIXTURE
47-2043,01,66,FIXTURE
47-2043,02,10,FIXTURE
47-2043,04,94,FIXTURE
47-2043,05,39,FIXTURE
47-2043,06,518,FIXTURE
47-2043,08,76,FIXTURE
47-2043,09,47,FIXTURE
47-2043,10,13,FIXTURE
47-2043,11,9,FIXTURE
47-2043,12,282,FIXTURE
47-2043,13,140,FIXTURE
47-2043,15,19,FIXTURE
47-2043,16,24,FIXTURE
47-2043,17,168,FIXTURE
47-2043,18,89,FIXTURE
47-2043,19,42,FIXTURE
47-2043,20,38,FIXTURE
47-2043,21,59,FIXTURE
47-2043,22,61,FIXTURE
47-2043,23,18,FIXTURE
47-2043,24,81,FIXTURE
47-2043,25,92,FIXTURE
47-2043,26,132,FIXTURE
47-2043,27,75,FIXTURE
47-2043,28,39,FIXTURE
47-2043,29,81,FIXTURE
47-2043,30,14,FIXTURE
47-2043,31,26,FIXTURE
47-2043,32,41,FIXTURE
47-2043,33,18,FIXTURE
47-2043,34,122,FIXTURE
47-2043,35,28,FIXTURE
47-2043,36,264,FIXTURE
47-2043,37,137,FIXTURE
47-2043,38,10,FIXTURE
47-2043,39,154,FIXTURE
47-2043,40,52,FIXTURE
47-2043,41,55,FIXTURE
47-2043,42,170,FIXTURE
47-2043,44,14,FIXTURE
47-2043,45,67,FIXTURE
47-2043,46,12,FIXTURE
47-2043,47,90,FIXTURE
47-2043,48,382,FIXTURE
47-2043,49,43,FIXTURE
47-2043,50,8,FIXTURE
47-2043,51,113,FIXTURE
47-2043,53,101,FIXTURE
47-2043,54,23,FIXTURE
47-2043,55,77,FIXTURE
47-2043,56,7,FIXTURE
47-2044,01,624,FIXTURE
47-2044,02,91,FIXTURE
47-2044,04,888,FIXTURE
47-2044,05,374,FIXTURE
47-2044,06,4910,FIXTURE
47-2044,08,717,FIXTURE
47-2044,09,448,FIXTURE
47-2044,10,123,FIXTURE
47-2044,11,86,FIXTURE
47-2044,12,2675,FIXTURE
47-2044,13,1330,FIXTURE
47-2044,15,181,FIXTURE
47-2044,16,228,FIXTURE
47-2044,17,1591,FIXTURE
47-2044,18,843,FIXTURE
47-2044,19,396,FIXTURE
47-2044,20,365,FIXTURE
47-2044,21,559,FIXTURE
47-2044,22,578,FIXTURE
47-2044,23,169,FIXTURE
47-2044,24,767,FIXTURE
47-2044,25,873,FIXTURE
47-2044,26,1251,FIXTURE
47-2044,27,709,FIXTURE
47-2044,28,368,FIXTURE
47-2044,29,764,FIXTURE
47-2044,30,135,FIXTURE
47-2044,31,244,FIXTURE
47-2044,32,385,FIXTURE
47-2044,33,171,FIXTURE
47-2044,34,1153,FIXTURE
47-2044,35,263,FIXTURE
47-2044,36,2509,FIXTURE
47-2044,37,1296,FIXTURE
47-2044,38,97,FIXTURE
47-2044,39,1465,FIXTURE
47-2044,40,492,FIXTURE
47-2044,41,526,FIXTURE
47-2044,42,1615,FIXTURE
47-2044,44,136,FIXTURE
47-2044,45,636,FIXTURE
47-2044,46,110,FIXTURE
47-2044,47,858,FIXTURE
47-2044,48,3619,FIXTURE
47-2044,49,406,FIXTURE
47-2044,50,80,FIXTURE
47-2044,51,1072,FIXTURE
47-2044,53,957,FIXTURE
47-2044,54,223,FIXTURE
47-2044,55,732,FIXTURE
47-2044,56,72,FIXTURE
47-2051,01,2829,FIXTURE
47-2051,02,413,FIXTURE
47-2051,04,4026,FIXTURE
47-2051,05,1695,FIXTURE
47-2051,06,22259,FIXTURE
47-2051,08,3250,FIXTURE
47-2051,09,2030,FIXTURE
47-2051,10,557,FIXTURE
47-2051,11,388,FIXTURE
47-2051,12,12126,FIXTURE
47-2051,13,6031,FIXTURE
47-2051,15,819,FIXTURE
47-2051,16,1035,FIXTURE
47-2051,17,7213,FIXTURE
47-2051,18,3820,FIXTURE
47-2051,19,1796,FIXTURE
47-2051,20,1654,FIXTURE
47-2051,21,2537,FIXTURE
47-2051,22,2622,FIXTURE
47-2051,23,767,FIXTURE
47-2051,24,3478,FIXTURE
47-2051,25,3958,FIXTURE
47-2051,26,5673,FIXTURE
47-2051,27,3213,FIXTURE
47-2051,28,1667,FIXTURE
47-2051,29,3465,FIXTURE
47-2051,30,610,FIXTURE
47-2051,31,1104,FIXTURE
47-2051,32,1748,FIXTURE
47-2051,33,776,FIXTURE
47-2051,34,5230,FIXTURE
47-2051,35,1192,FIXTURE
47-2051,36,11373,FIXTURE
47-2051,37,5877,FIXTURE
47-2051,38,439,FIXTURE
47-2051,39,6643,FIXTURE
47-2051,40,2229,FIXTURE
47-2051,41,2386,FIXTURE
47-2051,42,7320,FIXTURE
47-2051,44,618,FIXTURE
47-2051,45,2882,FIXTURE
47-2051,46,499,FIXTURE
47-2051,47,3891,FIXTURE
47-2051,48,16408,FIXTURE
47-2051,49,1842,FIXTURE
47-2051,50,362,FIXTURE
47-2051,51,4859,FIXTURE
47-2051,53,4338,FIXTURE
47-2051,54,1010,FIXTURE
47-2051,55,3318,FIXTURE
47-2051,56,325,FIXTURE
47-2053,01,40,FIXTURE
47-2053,02,6,FIXTURE
47-2053,04,57,FIXTURE
47-2053,05,24,FIXTURE
47-2053,06,315,FIXTURE
47-2053,08,46,FIXTURE
47-2053,09,29,FIXTURE
47-2053,10,8,FIXTURE
47-2053,11,5,FIXTURE
47-2053,12,171,FIXTURE
47-2053,13,85,FIXTURE
47-2053,15,12,FIXTURE
47-2053,16,15,FIXTURE
47-2053,17,102,FIXTURE
47-2053,18,54,FIXTURE
47-2053,19,25,FIXTURE
47-2053,20,23,FIXTURE
47-2053,21,36,FIXTURE
47-2053,22,37,FIXTURE
47-2053,23,11,FIXTURE
47-2053,24,49,FIXTURE
47-2053,25,56,FIXTURE
47-2053,26,80,FIXTURE
47-2053,27,45,FIXTURE
47-2053,28,24,FIXTURE
47-2053,29,49,FIXTURE
47-2053,30,9,FIXTURE
47-2053,31,16,FIXTURE
47-2053,32,25,FIXTURE
47-2053,33,11,FIXTURE
47-2053,34,74,FIXTURE
47-2053,35,17,FIXTURE
47-2053,36,161,FIXTURE
47-2053,37,83,FIXTURE
47-2053,38,6,FIXTURE
47-2053,39,94,FIXTURE
47-2053,40,31,FIXTURE
47-2053,41,34,FIXTURE
47-2053,42,104,FIXTURE
47-2053,44,9,FIXTURE
47-2053,45,41,FIXTURE
47-2053,46,7,FIXTURE
47-2053,47,55,FIXTURE
47-2053,48,232,FIXTURE
47-2053,49,26,FIXTURE
47-2053,50,5,FIXTURE
47-2053,51,69,FIXTURE
47-2053,53,61,FIXTURE
47-2053,54,14,FIXTURE
47-2053,55,47,FIXTURE
47-2053,56,5,FIXTURE
47-2061,01,14685,FIXTURE
47-2061,02,2144,FIXTURE
47-2061,04,20902,FIXTURE
47-2061,05,8802,FIXTURE
47-2061,06,115562,FIXTURE
47-2061,08,16875,FIXTURE
47-2061,09,10540,FIXTURE
47-2061,10,2893,FIXTURE
47-2061,11,2015,FIXTURE
47-2061,12,62952,FIXTURE
47-2061,13,31309,FIXTURE
47-2061,15,4254,FIXTURE
47-2061,16,5375,FIXTURE
47-2061,17,37448,FIXTURE
47-2061,18,19833,FIXTURE
47-2061,19,9325,FIXTURE
47-2061,20,8587,FIXTURE
47-2061,21,13170,FIXTURE
47-2061,22,13614,FIXTURE
47-2061,23,3982,FIXTURE
47-2061,24,18055,FIXTURE
47-2061,25,20547,FIXTURE
47-2061,26,29454,FIXTURE
47-2061,27,16679,FIXTURE
47-2061,28,8655,FIXTURE
47-2061,29,17990,FIXTURE
47-2061,30,3169,FIXTURE
47-2061,31,5733,FIXTURE
47-2061,32,9074,FIXTURE
47-2061,33,4026,FIXTURE
47-2061,34,27150,FIXTURE
47-2061,35,6189,FIXTURE
47-2061,36,59044,FIXTURE
47-2061,37,30512,FIXTURE
47-2061,38,2277,FIXTURE
47-2061,39,34487,FIXTURE
47-2061,40,11572,FIXTURE
47-2061,41,12385,FIXTURE
47-2061,42,38004,FIXTURE
47-2061,44,3207,FIXTURE
47-2061,45,14960,FIXTURE
47-2061,46,2592,FIXTURE
47-2061,47,20199,FIXTURE
47-2061,48,85187,FIXTURE
47-2061,49,9562,FIXTURE
47-2061,50,1880,FIXTURE
47-2061,51,25228,FIXTURE
47-2061,53,22521,FIXTURE
47-2061,54,5243,FIXTURE
47-2061,55,17226,FIXTURE
47-2061,56,1686,FIXTURE
47-2071,01,670,FIXTURE
47-2071,02,98,FIXTURE
47-2071,04,954,FIXTURE
47-2071,05,402,FIXTURE
47-2071,06,5272,FIXTURE
47-2071,08,770,FIXTURE
47-2071,09,481,FIXTURE
47-2071,10,132,FIXTURE
47-2071,11,92,FIXTURE
47-2071,12,2872,FIXTURE
47-2071,13,1428,FIXTURE
47-2071,15,194,FIXTURE
47-2071,16,245,FIXTURE
47-2071,17,1709,FIXTURE
47-2071,18,905,FIXTURE
47-2071,19,425,FIXTURE
47-2071,20,392,FIXTURE
47-2071,21,601,FIXTURE
47-2071,22,621,FIXTURE
47-2071,23,182,FIXTURE
47-2071,24,824,FIXTURE
47-2071,25,937,FIXTURE
47-2071,26,1344,FIXTURE
47-2071,27,761,FIXTURE
47-2071,28,395,FIXTURE
47-2071,29,821,FIXTURE
47-2071,30,145,FIXTURE
47-2071,31,262,FIXTURE
47-2071,32,414,FIXTURE
47-2071,33,184,FIXTURE
47-2071,34,1239,FIXTURE
47-2071,35,282,FIXTURE
47-2071,36,2694,FIXTURE
47-2071,37,1392,FIXTURE
47-2071,38,104,FIXTURE
47-2071,39,1573,FIXTURE
47-2071,40,528,FIXTURE
47-2071,41,565,FIXTURE
47-2071,42,1734,FIXTURE
47-2071,44,146,FIXTURE
47-2071,45,682,FIXTURE
47-2071,46,118,FIXTURE
47-2071,47,922,FIXTURE
47-2071,48,3887,FIXTURE
47-2071,49,436,FIXTURE
47-2071,50,86,FIXTURE
47-2071,51,1151,FIXTURE
47-2071,53,1027,FIXTURE
47-2071,54,239,FIXTURE
47-2071,55,786,FIXTURE
47-2071,56,77,FIXTURE
47-2072,01,57,FIXTURE
47-2072,02,8,FIXTURE
47-2072,04,81,FIXTURE
47-2072,05,34,FIXTURE
47-2072,06,449,FIXTURE
47-2072,08,66,FIXTURE
47-2072,09,41,FIXTURE
47-2072,10,11,FIXTURE
47-2072,11,8,FIXTURE
47-2072,12,244,FIXTURE
47-2072,13,122,FIXTURE
47-2072,15,17,FIXTURE
47-2072,16,21,FIXTURE
47-2072,17,145,FIXTURE
47-2072,18,77,FIXTURE
47-2072,19,36,FIXTURE
47-2072,20,33,FIXTURE
47-2072,21,51,FIXTURE
47-2072,22,53,FIXTURE
47-2072,23,16,FIXTURE
47-2072,24,70,FIXTURE
47-2072,25,80,FIXTURE
47-2072,26,114,FIXTURE
47-2072,27,65,FIXTURE
47-2072,28,34,FIXTURE
47-2072,29,70,FIXTURE
47-2072,30,12,FIXTURE
47-2072,31,22,FIXTURE
47-2072,32,35,FIXTURE
47-2072,33,16,FIXTURE
47-2072,34,105,FIXTURE
47-2072,35,24,FIXTURE
47-2072,36,229,FIXTURE
47-2072,37,118,FIXTURE
47-2072,38,9,FIXTURE
47-2072,39,134,FIXTURE
47-2072,40,45,FIXTURE
47-2072,41,48,FIXTURE
47-2072,42,148,FIXTURE
47-2072,44,12,FIXTURE
47-2072,45,58,FIXTURE
47-2072,46,10,FIXTURE
47-2072,47,78,FIXTURE
47-2072,48,331,FIXTURE
47-2072,49,37,FIXTURE
47-2072,50,7,FIXTURE
47-2072,51,98,FIXTURE
47-2072,53,87,FIXTURE
47-2072,54,20,FIXTURE
47-2072,55,67,FIXTURE
47-2072,56,7,FIXTURE
47-2073,01,6137,FIXTURE
47-2073,02,896,FIXTURE
47-2073,04,8735,FIXTURE
47-2073,05,3678,FIXTURE
47-2073,06,48291,FIXTURE
47-2073,08,7052,FIXTURE
47-2073,09,4404,FIXTURE
47-2073,10,1209,FIXTURE
47-2073,11,842,FIXTURE
47-2073,12,26306,FIXTURE
47-2073,13,13083,FIXTURE
47-2073,15,1777,FIXTURE
47-2073,16,2246,FIXTURE
47-2073,17,15649,FIXTURE
47-2073,18,8288,FIXTURE
47-2073,19,3897,FIXTURE
47-2073,20,3588,FIXTURE
47-2073,21,5503,FIXTURE
47-2073,22,5689,FIXTURE
47-2073,23,1664,FIXTURE
47-2073,24,7545,FIXTURE
47-2073,25,8586,FIXTURE
47-2073,26,12308,FIXTURE
47-2073,27,6970,FIXTURE
47-2073,28,3617,FIXTURE
47-2073,29,7517,FIXTURE
47-2073,30,1324,FIXTURE
47-2073,31,2396,FIXTURE
47-2073,32,3792,FIXTURE
47-2073,33,1682,FIXTURE
47-2073,34,11345,FIXTURE
47-2073,35,2586,FIXTURE
47-2073,36,24673,FIXTURE
47-2073,37,12750,FIXTURE
47-2073,38,952,FIXTURE
47-2073,39,14411,FIXTURE
47-2073,40,4836,FIXTURE
47-2073,41,5175,FIXTURE
47-2073,42,15881,FIXTURE
47-2073,44,1340,FIXTURE
47-2073,45,6251,FIXTURE
47-2073,46,1083,FIXTURE
47-2073,47,8441,FIXTURE
47-2073,48,35597,FIXTURE
47-2073,49,3996,FIXTURE
47-2073,50,785,FIXTURE
47-2073,51,10542,FIXTURE
47-2073,53,9411,FIXTURE
47-2073,54,2191,FIXTURE
47-2073,55,7198,FIXTURE
47-2073,56,705,FIXTURE
47-2081,01,1472,FIXTURE
47-2081,02,215,FIXTURE
47-2081,04,2094,FIXTURE
47-2081,05,882,FIXTURE
47-2081,06,11579,FIXTURE
47-2081,08,1691,FIXTURE
47-2081,09,1056,FIXTURE
47-2081,10,290,FIXTURE
47-2081,11,202,FIXTURE
47-2081,12,6308,FIXTURE
47-2081,13,3137,FIXTURE
47-2081,15,426,FIXTURE
47-2081,16,539,FIXTURE
47-2081,17,3752,FIXTURE
47-2081,18,1987,FIXTURE
47-2081,19,934,FIXTURE
47-2081,20,860,FIXTURE
47-2081,21,1320,FIXTURE
47-2081,22,1364,FIXTURE
47-2081,23,399,FIXTURE
47-2081,24,1809,FIXTURE
47-2081,25,2059,FIXTURE
47-2081,26,2951,FIXTURE
47-2081,27,1671,FIXTURE
47-2081,28,867,FIXTURE
47-2081,29,1803,FIXTURE
47-2081,30,318,FIXTURE
47-2081,31,575,FIXTURE
47-2081,32,909,FIXTURE
47-2081,33,404,FIXTURE
47-2081,34,2720,FIXTURE
47-2081,35,620,FIXTURE
47-2081,36,5916,FIXTURE
47-2081,37,3057,FIXTURE
47-2081,38,228,FIXTURE
47-2081,39,3456,FIXTURE
47-2081,40,1160,FIXTURE
47-2081,41,1241,FIXTURE
47-2081,42,3808,FIXTURE
47-2081,44,321,FIXTURE
47-2081,45,1499,FIXTURE
47-2081,46,260,FIXTURE
47-2081,47,2024,FIXTURE
47-2081,48,8536,FIXTURE
47-2081,49,958,FIXTURE
47-2081,50,188,FIXTURE
47-2081,51,2528,FIXTURE
47-2081,53,2257,FIXTURE
47-2081,54,525,FIXTURE
47-2081,55,1726,FIXTURE
47-2081,56,169,FIXTURE
47-2082,01,221,FIXTURE
47-2082,02,32,FIXTURE
47-2082,04,315,FIXTURE
47-2082,05,133,FIXTURE
47-2082,06,1739,FIXTURE
47-2082,08,254,FIXTURE
47-2082,09,159,FIXTURE
47-2082,10,44,FIXTURE
47-2082,11,30,FIXTURE
47-2082,12,947,FIXTURE
47-2082,13,471,FIXTURE
47-2082,15,64,FIXTURE
47-2082,16,81,FIXTURE
47-2082,17,564,FIXTURE
47-2082,18,299,FIXTURE
47-2082,19,140,FIXTURE
47-2082,20,129,FIXTURE
47-2082,21,198,FIXTURE
47-2082,22,205,FIXTURE
47-2082,23,60,FIXTURE
47-2082,24,272,FIXTURE
47-2082,25,309,FIXTURE
47-2082,26,443,FIXTURE
47-2082,27,251,FIXTURE
47-2082,28,130,FIXTURE
47-2082,29,271,FIXTURE
47-2082,30,48,FIXTURE
47-2082,31,86,FIXTURE
47-2082,32,137,FIXTURE
47-2082,33,61,FIXTURE
47-2082,34,409,FIXTURE
47-2082,35,93,FIXTURE
47-2082,36,889,FIXTURE
47-2082,37,459,FIXTURE
47-2082,38,34,FIXTURE
47-2082,39,519,FIXTURE
47-2082,40,174,FIXTURE
47-2082,41,186,FIXTURE
47-2082,42,572,FIXTURE
47-2082,44,48,FIXTURE
47-2082,45,225,FIXTURE
47-2082,46,39,FIXTURE
47-2082,47,304,FIXTURE
47-2082,48,1282,FIXTURE
47-2082,49,144,FIXTURE
47-2082,50,28,FIXTURE
47-2082,51,380,FIXTURE
47-2082,53,339,FIXTURE
47-2082,54,79,FIXTURE
47-2082,55,259,FIXTURE
47-2082,56,25,FIXTURE
47-2111,01,9862,FIXTURE
47-2111,02,1440,FIXTURE
47-2111,04,14037,FIXTURE
47-2111,05,5911,FIXTURE
47-2111,06,77607,FIXTURE
47-2111,08,11333,FIXTURE
47-2111,09,7078,FIXTURE
47-2111,10,1943,FIXTURE
47-2111,11,1353,FIXTURE
47-2111,12,42276,FIXTURE
47-2111,13,21026,FIXTURE
47-2111,15,2856,FIXTURE
47-2111,16,3610,FIXTURE
47-2111,17,25149,FIXTURE
47-2111,18,13319,FIXTURE
47-2111,19,6262,FIXTURE
47-2111,20,5767,FIXTURE
47-2111,21,8844,FIXTURE
47-2111,22,9142,FIXTURE
47-2111,23,2674,FIXTURE
47-2111,24,12125,FIXTURE
47-2111,25,13799,FIXTURE
47-2111,26,19780,FIXTURE
47-2111,27,11201,FIXTURE
47-2111,28,5812,FIXTURE
47-2111,29,12081,FIXTURE
47-2111,30,2128,FIXTURE
47-2111,31,3850,FIXTURE
47-2111,32,6094,FIXTURE
47-2111,33,2704,FIXTURE
47-2111,34,18233,FIXTURE
47-2111,35,4156,FIXTURE
47-2111,36,39652,FIXTURE
47-2111,37,20491,FIXTURE
47-2111,38,1529,FIXTURE
47-2111,39,23160,FIXTURE
47-2111,40,7772,FIXTURE
47-2111,41,8317,FIXTURE
47-2111,42,25522,FIXTURE
47-2111,44,2154,FIXTURE
47-2111,45,10047,FIXTURE
47-2111,46,1740,FIXTURE
47-2111,47,13565,FIXTURE
47-2111,48,57208,FIXTURE
47-2111,49,6422,FIXTURE
47-2111,50,1262,FIXTURE
47-2111,51,16942,FIXTURE
47-2111,53,15124,FIXTURE
47-2111,54,3521,FIXTURE
47-2111,55,11568,FIXTURE
47-2111,56,1132,FIXTURE
47-2121,01,799,FIXTURE
47-2121,02,117,FIXTURE
47-2121,04,1137,FIXTURE
47-2121,05,479,FIXTURE
47-2121,06,6287,FIXTURE
47-2121,08,918,FIXTURE
47-2121,09,573,FIXTURE
47-2121,10,157,FIXTURE
47-2121,11,110,FIXTURE
47-2121,12,3425,FIXTURE
47-2121,13,1703,FIXTURE
47-2121,15,231,FIXTURE
47-2121,16,292,FIXTURE
47-2121,17,2037,FIXTURE
47-2121,18,1079,FIXTURE
47-2121,19,507,FIXTURE
47-2121,20,467,FIXTURE
47-2121,21,716,FIXTURE
47-2121,22,741,FIXTURE
47-2121,23,217,FIXTURE
47-2121,24,982,FIXTURE
47-2121,25,1118,FIXTURE
47-2121,26,1602,FIXTURE
47-2121,27,907,FIXTURE
47-2121,28,471,FIXTURE
47-2121,29,979,FIXTURE
47-2121,30,172,FIXTURE
47-2121,31,312,FIXTURE
47-2121,32,494,FIXTURE
47-2121,33,219,FIXTURE
47-2121,34,1477,FIXTURE
47-2121,35,337,FIXTURE
47-2121,36,3212,FIXTURE
47-2121,37,1660,FIXTURE
47-2121,38,124,FIXTURE
47-2121,39,1876,FIXTURE
47-2121,40,630,FIXTURE
47-2121,41,674,FIXTURE
47-2121,42,2067,FIXTURE
47-2121,44,174,FIXTURE
47-2121,45,814,FIXTURE
47-2121,46,141,FIXTURE
47-2121,47,1099,FIXTURE
47-2121,48,4634,FIXTURE
47-2121,49,520,FIXTURE
47-2121,50,102,FIXTURE
47-2121,51,1372,FIXTURE
47-2121,53,1225,FIXTURE
47-2121,54,285,FIXTURE
47-2121,55,937,FIXTURE
47-2121,56,92,FIXTURE
47-2131,01,460,FIXTURE
47-2131,02,67,FIXTURE
47-2131,04,655,FIXTURE
47-2131,05,276,FIXTURE
47-2131,06,3622,FIXTURE
47-2131,08,529,FIXTURE
47-2131,09,330,FIXTURE
47-2131,10,91,FIXTURE
47-2131,11,63,FIXTURE
47-2131,12,1973,FIXTURE
47-2131,13,981,FIXTURE
47-2131,15,133,FIXTURE
47-2131,16,168,FIXTURE
47-2131,17,1174,FIXTURE
47-2131,18,621,FIXTURE
47-2131,19,292,FIXTURE
47-2131,20,269,FIXTURE
47-2131,21,413,FIXTURE
47-2131,22,427,FIXTURE
47-2131,23,125,FIXTURE
47-2131,24,566,FIXTURE
47-2131,25,644,FIXTURE
47-2131,26,923,FIXTURE
47-2131,27,523,FIXTURE
47-2131,28,271,FIXTURE
47-2131,29,564,FIXTURE
47-2131,30,99,FIXTURE
47-2131,31,180,FIXTURE
47-2131,32,284,FIXTURE
47-2131,33,126,FIXTURE
47-2131,34,851,FIXTURE
47-2131,35,194,FIXTURE
47-2131,36,1850,FIXTURE
47-2131,37,956,FIXTURE
47-2131,38,71,FIXTURE
47-2131,39,1081,FIXTURE
47-2131,40,363,FIXTURE
47-2131,41,388,FIXTURE
47-2131,42,1191,FIXTURE
47-2131,44,100,FIXTURE
47-2131,45,469,FIXTURE
47-2131,46,81,FIXTURE
47-2131,47,633,FIXTURE
47-2131,48,2670,FIXTURE
47-2131,49,300,FIXTURE
47-2131,50,59,FIXTURE
47-2131,51,791,FIXTURE
47-2131,53,706,FIXTURE
47-2131,54,164,FIXTURE
47-2131,55,540,FIXTURE
47-2131,56,53,FIXTURE
47-2132,01,425,FIXTURE
47-2132,02,62,FIXTURE
47-2132,04,604,FIXTURE
47-2132,05,255,FIXTURE
47-2132,06,3341,FIXTURE
47-2132,08,488,FIXTURE
47-2132,09,305,FIXTURE
47-2132,10,84,FIXTURE
47-2132,11,58,FIXTURE
47-2132,12,1820,FIXTURE
47-2132,13,905,FIXTURE
47-2132,15,123,FIXTURE
47-2132,16,155,FIXTURE
47-2132,17,1083,FIXTURE
47-2132,18,573,FIXTURE
47-2132,19,270,FIXTURE
47-2132,20,248,FIXTURE
47-2132,21,381,FIXTURE
47-2132,22,394,FIXTURE
47-2132,23,115,FIXTURE
47-2132,24,522,FIXTURE
47-2132,25,594,FIXTURE
47-2132,26,852,FIXTURE
47-2132,27,482,FIXTURE
47-2132,28,250,FIXTURE
47-2132,29,520,FIXTURE
47-2132,30,92,FIXTURE
47-2132,31,166,FIXTURE
47-2132,32,262,FIXTURE
47-2132,33,116,FIXTURE
47-2132,34,785,FIXTURE
47-2132,35,179,FIXTURE
47-2132,36,1707,FIXTURE
47-2132,37,882,FIXTURE
47-2132,38,66,FIXTURE
47-2132,39,997,FIXTURE
47-2132,40,335,FIXTURE
47-2132,41,358,FIXTURE
47-2132,42,1099,FIXTURE
47-2132,44,93,FIXTURE
47-2132,45,433,FIXTURE
47-2132,46,75,FIXTURE
47-2132,47,584,FIXTURE
47-2132,48,2463,FIXTURE
47-2132,49,276,FIXTURE
47-2132,50,54,FIXTURE
47-2132,51,729,FIXTURE
47-2132,53,651,FIXTURE
47-2132,54,152,FIXTURE
47-2132,55,498,FIXTURE
47-2132,56,49,FIXTURE
47-2141,01,3247,FIXTURE
47-2141,02,474,FIXTURE
47-2141,04,4622,FIXTURE
47-2141,05,1946,FIXTURE
47-2141,06,25554,FIXTURE
47-2141,08,3732,FIXTURE
47-2141,09,2331,FIXTURE
47-2141,10,640,FIXTURE
47-2141,11,446,FIXTURE
47-2141,12,13920,FIXTURE
47-2141,13,6923,FIXTURE
47-2141,15,941,FIXTURE
47-2141,16,1189,FIXTURE
47-2141,17,8281,FIXTURE
47-2141,18,4386,FIXTURE
47-2141,19,2062,FIXTURE
47-2141,20,1899,FIXTURE
47-2141,21,2912,FIXTURE
47-2141,22,3010,FIXTURE
47-2141,23,880,FIXTURE
47-2141,24,3992,FIXTURE
47-2141,25,4543,FIXTURE
47-2141,26,6513,FIXTURE
47-2141,27,3688,FIXTURE
47-2141,28,1914,FIXTURE
47-2141,29,3978,FIXTURE
47-2141,30,701,FIXTURE
47-2141,31,1268,FIXTURE
47-2141,32,2007,FIXTURE
47-2141,33,890,FIXTURE
47-2141,34,6004,FIXTURE
47-2141,35,1369,FIXTURE
47-2141,36,13056,FIXTURE
47-2141,37,6747,FIXTURE
47-2141,38,503,FIXTURE
47-2141,39,7626,FIXTURE
47-2141,40,2559,FIXTURE
47-2141,41,2739,FIXTURE
47-2141,42,8404,FIXTURE
47-2141,44,709,FIXTURE
47-2141,45,3308,FIXTURE
47-2141,46,573,FIXTURE
47-2141,47,4467,FIXTURE
47-2141,48,18837,FIXTURE
47-2141,49,2114,FIXTURE
47-2141,50,416,FIXTURE
47-2141,51,5579,FIXTURE
47-2141,53,4980,FIXTURE
47-2141,54,1159,FIXTURE
47-2141,55,3809,FIXTURE
47-2141,56,373,FIXTURE
47-2142,01,35,FIXTURE
47-2142,02,5,FIXTURE
47-2142,04,50,FIXTURE
47-2142,05,21,FIXTURE
47-2142,06,279,FIXTURE
47-2142,08,41,FIXTURE
47-2142,09,25,FIXTURE
47-2142,10,7,FIXTURE
47-2142,11,5,FIXTURE
47-2142,12,152,FIXTURE
47-2142,13,76,FIXTURE
47-2142,15,10,FIXTURE
47-2142,16,13,FIXTURE
47-2142,17,90,FIXTURE
47-2142,18,48,FIXTURE
47-2142,19,22,FIXTURE
47-2142,20,21,FIXTURE
47-2142,21,32,FIXTURE
47-2142,22,33,FIXTURE
47-2142,23,10,FIXTURE
47-2142,24,44,FIXTURE
47-2142,25,50,FIXTURE
47-2142,26,71,FIXTURE
47-2142,27,40,FIXTURE
47-2142,28,21,FIXTURE
47-2142,29,43,FIXTURE
47-2142,30,8,FIXTURE
47-2142,31,14,FIXTURE
47-2142,32,22,FIXTURE
47-2142,33,10,FIXTURE
47-2142,34,66,FIXTURE
47-2142,35,15,FIXTURE
47-2142,36,143,FIXTURE
47-2142,37,74,FIXTURE
47-2142,38,5,FIXTURE
47-2142,39,83,FIXTURE
47-2142,40,28,FIXTURE
47-2142,41,30,FIXTURE
47-2142,42,92,FIXTURE
47-2142,44,8,FIXTURE
47-2142,45,36,FIXTURE
47-2142,46,6,FIXTURE
47-2142,47,49,FIXTURE
47-2142,48,206,FIXTURE
47-2142,49,23,FIXTURE
47-2142,50,4,FIXTURE
47-2142,51,61,FIXTURE
47-2142,53,54,FIXTURE
47-2142,54,13,FIXTURE
47-2142,55,42,FIXTURE
47-2142,56,4,FIXTURE
47-2151,01,505,FIXTURE
47-2151,02,74,FIXTURE
47-2151,04,719,FIXTURE
47-2151,05,303,FIXTURE
47-2151,06,3976,FIXTURE
47-2151,08,581,FIXTURE
47-2151,09,363,FIXTURE
47-2151,10,100,FIXTURE
47-2151,11,69,FIXTURE
47-2151,12,2166,FIXTURE
47-2151,13,1077,FIXTURE
47-2151,15,146,FIXTURE
47-2151,16,185,FIXTURE
47-2151,17,1288,FIXTURE
47-2151,18,682,FIXTURE
47-2151,19,321,FIXTURE
47-2151,20,295,FIXTURE
47-2151,21,453,FIXTURE
47-2151,22,468,FIXTURE
47-2151,23,137,FIXTURE
47-2151,24,621,FIXTURE
47-2151,25,707,FIXTURE
47-2151,26,1013,FIXTURE
47-2151,27,574,FIXTURE
47-2151,28,298,FIXTURE
47-2151,29,619,FIXTURE
47-2151,30,109,FIXTURE
47-2151,31,197,FIXTURE
47-2151,32,312,FIXTURE
47-2151,33,139,FIXTURE
47-2151,34,934,FIXTURE
47-2151,35,213,FIXTURE
47-2151,36,2031,FIXTURE
47-2151,37,1050,FIXTURE
47-2151,38,78,FIXTURE
47-2151,39,1187,FIXTURE
47-2151,40,398,FIXTURE
47-2151,41,426,FIXTURE
47-2151,42,1308,FIXTURE
47-2151,44,110,FIXTURE
47-2151,45,515,FIXTURE
47-2151,46,89,FIXTURE
47-2151,47,695,FIXTURE
47-2151,48,2931,FIXTURE
47-2151,49,329,FIXTURE
47-2151,50,65,FIXTURE
47-2151,51,868,FIXTURE
47-2151,53,775,FIXTURE
47-2151,54,180,FIXTURE
47-2151,55,593,FIXTURE
47-2151,56,58,FIXTURE
47-2152,01,6330,FIXTURE
47-2152,02,924,FIXTURE
47-2152,04,9011,FIXTURE
47-2152,05,3794,FIXTURE
47-2152,06,49817,FIXTURE
47-2152,08,7275,FIXTURE
47-2152,09,4543,FIXTURE
47-2152,10,1247,FIXTURE
47-2152,11,869,FIXTURE
47-2152,12,27138,FIXTURE
47-2152,13,13497,FIXTURE
47-2152,15,1834,FIXTURE
47-2152,16,2317,FIXTURE
47-2152,17,16144,FIXTURE
47-2152,18,8550,FIXTURE
47-2152,19,4020,FIXTURE
47-2152,20,3702,FIXTURE
47-2152,21,5677,FIXTURE
47-2152,22,5869,FIXTURE
47-2152,23,1717,FIXTURE
47-2152,24,7783,FIXTURE
47-2152,25,8858,FIXTURE
47-2152,26,12697,FIXTURE
47-2152,27,7190,FIXTURE
47-2152,28,3731,FIXTURE
47-2152,29,7755,FIXTURE
47-2152,30,1366,FIXTURE
47-2152,31,2471,FIXTURE
47-2152,32,3912,FIXTURE
47-2152,33,1736,FIXTURE
47-2152,34,11704,FIXTURE
47-2152,35,2668,FIXTURE
47-2152,36,25453,FIXTURE
47-2152,37,13153,FIXTURE
47-2152,38,982,FIXTURE
47-2152,39,14867,FIXTURE
47-2152,40,4989,FIXTURE
47-2152,41,5339,FIXTURE
47-2152,42,16383,FIXTURE
47-2152,44,1383,FIXTURE
47-2152,45,6449,FIXTURE
47-2152,46,1117,FIXTURE
47-2152,47,8708,FIXTURE
47-2152,48,36723,FIXTURE
47-2152,49,4122,FIXTURE
47-2152,50,810,FIXTURE
47-2152,51,10875,FIXTURE
47-2152,53,9708,FIXTURE
47-2152,54,2260,FIXTURE
47-2152,55,7426,FIXTURE
47-2152,56,727,FIXTURE
47-2161,01,409,FIXTURE
47-2161,02,60,FIXTURE
47-2161,04,582,FIXTURE
47-2161,05,245,FIXTURE
47-2161,06,3218,FIXTURE
47-2161,08,470,FIXTURE
47-2161,09,294,FIXTURE
47-2161,10,81,FIXTURE
47-2161,11,56,FIXTURE
47-2161,12,1753,FIXTURE
47-2161,13,872,FIXTURE
47-2161,15,119,FIXTURE
47-2161,16,150,FIXTURE
47-2161,17,1043,FIXTURE
47-2161,18,552,FIXTURE
47-2161,19,260,FIXTURE
47-2161,20,239,FIXTURE
47-2161,21,367,FIXTURE
47-2161,22,379,FIXTURE
47-2161,23,111,FIXTURE
47-2161,24,503,FIXTURE
47-2161,25,572,FIXTURE
47-2161,26,820,FIXTURE
47-2161,27,465,FIXTURE
47-2161,28,241,FIXTURE
47-2161,29,501,FIXTURE
47-2161,30,88,FIXTURE
47-2161,31,160,FIXTURE
47-2161,32,253,FIXTURE
47-2161,33,112,FIXTURE
47-2161,34,756,FIXTURE
47-2161,35,172,FIXTURE
47-2161,36,1644,FIXTURE
47-2161,37,850,FIXTURE
47-2161,38,63,FIXTURE
47-2161,39,961,FIXTURE
47-2161,40,322,FIXTURE
47-2161,41,345,FIXTURE
47-2161,42,1058,FIXTURE
47-2161,44,89,FIXTURE
47-2161,45,417,FIXTURE
47-2161,46,72,FIXTURE
47-2161,47,563,FIXTURE
47-2161,48,2372,FIXTURE
47-2161,49,266,FIXTURE
47-2161,50,52,FIXTURE
47-2161,51,703,FIXTURE
47-2161,53,627,FIXTURE
47-2161,54,146,FIXTURE
47-2161,55,480,FIXTURE
47-2161,56,47,FIXTURE
47-2171,01,249,FIXTURE
47-2171,02,36,FIXTURE
47-2171,04,354,FIXTURE
47-2171,05,149,FIXTURE
47-2171,06,1959,FIXTURE
47-2171,08,286,FIXTURE
47-2171,09,179,FIXTURE
47-2171,10,49,FIXTURE
47-2171,11,34,FIXTURE
47-2171,12,1067,FIXTURE
47-2171,13,531,FIXTURE
47-2171,15,72,FIXTURE
47-2171,16,91,FIXTURE
47-2171,17,635,FIXTURE
47-2171,18,336,FIXTURE
47-2171,19,158,FIXTURE
47-2171,20,145,FIXTURE
47-2171,21,223,FIXTURE
47-2171,22,231,FIXTURE
47-2171,23,67,FIXTURE
47-2171,24,306,FIXTURE
47-2171,25,348,FIXTURE
47-2171,26,499,FIXTURE
47-2171,27,283,FIXTURE
47-2171,28,147,FIXTURE
47-2171,29,305,FIXTURE
47-2171,30,54,FIXTURE
47-2171,31,97,FIXTURE
47-2171,32,154,FIXTURE
47-2171,33,68,FIXTURE
47-2171,34,460,FIXTURE
47-2171,35,105,FIXTURE
47-2171,36,1001,FIXTURE
47-2171,37,517,FIXTURE
47-2171,38,39,FIXTURE
47-2171,39,584,FIXTURE
47-2171,40,196,FIXTURE
47-2171,41,210,FIXTURE
47-2171,42,644,FIXTURE
47-2171,44,54,FIXTURE
47-2171,45,254,FIXTURE
47-2171,46,44,FIXTURE
47-2171,47,342,FIXTURE
47-2171,48,1444,FIXTURE
47-2171,49,162,FIXTURE
47-2171,50,32,FIXTURE
47-2171,51,428,FIXTURE
47-2171,53,382,FIXTURE
47-2171,54,89,FIXTURE
47-2171,55,292,FIXTURE
47-2171,56,29,FIXTURE
47-2181,01,1969,FIXTURE
47-2181,02,287,FIXTURE
47-2181,04,2803,FIXTURE
47-2181,05,1180,FIXTURE
47-2181,06,15494,FIXTURE
47-2181,08,2263,FIXTURE
47-2181,09,1413,FIXTURE
47-2181,10,388,FIXTURE
47-2181,11,270,FIXTURE
47-2181,12,8440,FIXTURE
47-2181,13,4198,FIXTURE
47-2181,15,570,FIXTURE
47-2181,16,721,FIXTURE
47-2181,17,5021,FIXTURE
47-2181,18,2659,FIXTURE
47-2181,19,1250,FIXTURE
47-2181,20,1151,FIXTURE
47-2181,21,1766,FIXTURE
47-2181,22,1825,FIXTURE
47-2181,23,534,FIXTURE
47-2181,24,2421,FIXTURE
47-2181,25,2755,FIXTURE
47-2181,26,3949,FIXTURE
47-2181,27,2236,FIXTURE
47-2181,28,1160,FIXTURE
47-2181,29,2412,FIXTURE
47-2181,30,425,FIXTURE
47-2181,31,769,FIXTURE
47-2181,32,1217,FIXTURE
47-2181,33,540,FIXTURE
47-2181,34,3640,FIXTURE
47-2181,35,830,FIXTURE
47-2181,36,7917,FIXTURE
47-2181,37,4091,FIXTURE
47-2181,38,305,FIXTURE
47-2181,39,4624,FIXTURE
47-2181,40,1552,FIXTURE
47-2181,41,1661,FIXTURE
47-2181,42,5096,FIXTURE
47-2181,44,430,FIXTURE
47-2181,45,2006,FIXTURE
47-2181,46,347,FIXTURE
47-2181,47,2708,FIXTURE
47-2181,48,11422,FIXTURE
47-2181,49,1282,FIXTURE
47-2181,50,252,FIXTURE
47-2181,51,3382,FIXTURE
47-2181,53,3020,FIXTURE
47-2181,54,703,FIXTURE
47-2181,55,2310,FIXTURE
47-2181,56,226,FIXTURE
47-2211,01,1859,FIXTURE
47-2211,02,271,FIXTURE
47-2211,04,2646,FIXTURE
47-2211,05,1114,FIXTURE
47-2211,06,14628,FIXTURE
47-2211,08,2136,FIXTURE
47-2211,09,1334,FIXTURE
47-2211,10,366,FIXTURE
47-2211,11,255,FIXTURE
47-2211,12,7969,FIXTURE
47-2211,13,3963,FIXTURE
47-2211,15,538,FIXTURE
47-2211,16,680,FIXTURE
47-2211,17,4740,FIXTURE
47-2211,18,2511,FIXTURE
47-2211,19,1180,FIXTURE
47-2211,20,1087,FIXTURE
47-2211,21,1667,FIXTURE
47-2211,22,1723,FIXTURE
47-2211,23,504,FIXTURE
47-2211,24,2286,FIXTURE
47-2211,25,2601,FIXTURE
47-2211,26,3728,FIXTURE
47-2211,27,2111,FIXTURE
47-2211,28,1096,FIXTURE
47-2211,29,2277,FIXTURE
47-2211,30,401,FIXTURE
47-2211,31,726,FIXTURE
47-2211,32,1149,FIXTURE
47-2211,33,510,FIXTURE
47-2211,34,3437,FIXTURE
47-2211,35,784,FIXTURE
47-2211,36,7474,FIXTURE
47-2211,37,3862,FIXTURE
47-2211,38,288,FIXTURE
47-2211,39,4366,FIXTURE
47-2211,40,1465,FIXTURE
47-2211,41,1568,FIXTURE
47-2211,42,4811,FIXTURE
47-2211,44,406,FIXTURE
47-2211,45,1894,FIXTURE
47-2211,46,328,FIXTURE
47-2211,47,2557,FIXTURE
47-2211,48,10783,FIXTURE
47-2211,49,1210,FIXTURE
47-2211,50,238,FIXTURE
47-2211,51,3194,FIXTURE
47-2211,53,2851,FIXTURE
47-2211,54,664,FIXTURE
47-2211,55,2181,FIXTURE
47-2211,56,213,FIXTURE
47-2221,01,1040,FIXTURE
47-2221,02,152,FIXTURE
47-2221,04,1481,FIXTURE
47-2221,05,624,FIXTURE
47-2221,06,8186,FIXTURE
47-2221,08,1195,FIXTURE
47-2221,09,747,FIXTURE
47-2221,10,205,FIXTURE
47-2221,11,143,FIXTURE
47-2221,12,4459,FIXTURE
47-2221,13,2218,FIXTURE
47-2221,15,301,FIXTURE
47-2221,16,381,FIXTURE
47-2221,17,2653,FIXTURE
47-2221,18,1405,FIXTURE
47-2221,19,661,FIXTURE
47-2221,20,608,FIXTURE
47-2221,21,933,FIXTURE
47-2221,22,964,FIXTURE
47-2221,23,282,FIXTURE
47-2221,24,1279,FIXTURE
47-2221,25,1455,FIXTURE
47-2221,26,2086,FIXTURE
47-2221,27,1181,FIXTURE
47-2221,28,613,FIXTURE
47-2221,29,1274,FIXTURE
47-2221,30,225,FIXTURE
47-2221,31,406,FIXTURE
47-2221,32,643,FIXTURE
47-2221,33,285,FIXTURE
47-2221,34,1923,FIXTURE
47-2221,35,438,FIXTURE
47-2221,36,4182,FIXTURE
47-2221,37,2161,FIXTURE
47-2221,38,161,FIXTURE
47-2221,39,2443,FIXTURE
47-2221,40,820,FIXTURE
47-2221,41,877,FIXTURE
47-2221,42,2692,FIXTURE
47-2221,44,227,FIXTURE
47-2221,45,1060,FIXTURE
47-2221,46,184,FIXTURE
47-2221,47,1431,FIXTURE
47-2221,48,6034,FIXTURE
47-2221,49,677,FIXTURE
47-2221,50,133,FIXTURE
47-2221,51,1787,FIXTURE
47-2221,53,1595,FIXTURE
47-2221,54,371,FIXTURE
47-2221,55,1220,FIXTURE
47-2221,56,119,FIXTURE
47-2231,01,249,FIXTURE
47-2231,02,36,FIXTURE
47-2231,04,354,FIXTURE
47-2231,05,149,FIXTURE
47-2231,06,1959,FIXTURE
47-2231,08,286,FIXTURE
47-2231,09,179,FIXTURE
47-2231,10,49,FIXTURE
47-2231,11,34,FIXTURE
47-2231,12,1067,FIXTURE
47-2231,13,531,FIXTURE
47-2231,15,72,FIXTURE
47-2231,16,91,FIXTURE
47-2231,17,635,FIXTURE
47-2231,18,336,FIXTURE
47-2231,19,158,FIXTURE
47-2231,20,145,FIXTURE
47-2231,21,223,FIXTURE
47-2231,22,231,FIXTURE
47-2231,23,67,FIXTURE
47-2231,24,306,FIXTURE
47-2231,25,348,FIXTURE
47-2231,26,499,FIXTURE
47-2231,27,283,FIXTURE
47-2231,28,147,FIXTURE
47-2231,29,305,FIXTURE
47-2231,30,54,FIXTURE
47-2231,31,97,FIXTURE
47-2231,32,154,FIXTURE
47-2231,33,68,FIXTURE
47-2231,34,460,FIXTURE
47-2231,35,105,FIXTURE
47-2231,36,1001,FIXTURE
47-2231,37,517,FIXTURE
47-2231,38,39,FIXTURE
47-2231,39,584,FIXTURE
47-2231,40,196,FIXTURE
47-2231,41,210,FIXTURE
47-2231,42,644,FIXTURE
47-2231,44,54,FIXTURE
47-2231,45,254,FIXTURE
47-2231,46,44,FIXTURE
47-2231,47,342,FIXTURE
47-2231,48,1444,FIXTURE
47-2231,49,162,FIXTURE
47-2231,50,32,FIXTURE
47-2231,51,428,FIXTURE
47-2231,53,382,FIXTURE
47-2231,54,89,FIXTURE
47-2231,55,292,FIXTURE
47-2231,56,29,FIXTURE
47-3011,01,276,FIXTURE
47-3011,02,40,FIXTURE
47-3011,04,393,FIXTURE
47-3011,05,165,FIXTURE
47-3011,06,2172,FIXTURE
47-3011,08,317,FIXTURE
47-3011,09,198,FIXTURE
47-3011,10,54,FIXTURE
47-3011,11,38,FIXTURE
47-3011,12,1183,FIXTURE
47-3011,13,589,FIXTURE
47-3011,15,80,FIXTURE
47-3011,16,101,FIXTURE
47-3011,17,704,FIXTURE
47-3011,18,373,FIXTURE
47-3011,19,175,FIXTURE
47-3011,20,161,FIXTURE
47-3011,21,248,FIXTURE
47-3011,22,256,FIXTURE
47-3011,23,75,FIXTURE
47-3011,24,339,FIXTURE
47-3011,25,386,FIXTURE
47-3011,26,554,FIXTURE
47-3011,27,313,FIXTURE
47-3011,28,163,FIXTURE
47-3011,29,338,FIXTURE
47-3011,30,60,FIXTURE
47-3011,31,108,FIXTURE
47-3011,32,171,FIXTURE
47-3011,33,76,FIXTURE
47-3011,34,510,FIXTURE
47-3011,35,116,FIXTURE
47-3011,36,1110,FIXTURE
47-3011,37,574,FIXTURE
47-3011,38,43,FIXTURE
47-3011,39,648,FIXTURE
47-3011,40,218,FIXTURE
47-3011,41,233,FIXTURE
47-3011,42,714,FIXTURE
47-3011,44,60,FIXTURE
47-3011,45,281,FIXTURE
47-3011,46,49,FIXTURE
47-3011,47,380,FIXTURE
47-3011,48,1601,FIXTURE
47-3011,49,180,FIXTURE
47-3011,50,35,FIXTURE
47-3011,51,474,FIXTURE
47-3011,53,423,FIXTURE
47-3011,54,99,FIXTURE
47-3011,55,324,FIXTURE
47-3011,56,32,FIXTURE
47-3012,01,418,FIXTURE
47-3012,02,61,FIXTURE
47-3012,04,594,FIXTURE
47-3012,05,250,FIXTURE
47-3012,06,3285,FIXTURE
47-3012,08,480,FIXTURE
47-3012,09,300,FIXTURE
47-3012,10,82,FIXTURE
47-3012,11,57,FIXTURE
47-3012,12,1790,FIXTURE
47-3012,13,890,FIXTURE
47-3012,15,121,FIXTURE
47-3012,16,153,FIXTURE
47-3012,17,1065,FIXTURE
47-3012,18,564,FIXTURE
47-3012,19,265,FIXTURE
47-3012,20,244,FIXTURE
47-3012,21,374,FIXTURE
47-3012,22,387,FIXTURE
47-3012,23,113,FIXTURE
47-3012,24,513,FIXTURE
47-3012,25,584,FIXTURE
47-3012,26,837,FIXTURE
47-3012,27,474,FIXTURE
47-3012,28,246,FIXTURE
47-3012,29,511,FIXTURE
47-3012,30,90,FIXTURE
47-3012,31,163,FIXTURE
47-3012,32,258,FIXTURE
47-3012,33,115,FIXTURE
47-3012,34,772,FIXTURE
47-3012,35,176,FIXTURE
47-3012,36,1679,FIXTURE
47-3012,37,867,FIXTURE
47-3012,38,65,FIXTURE
47-3012,39,980,FIXTURE
47-3012,40,329,FIXTURE
47-3012,41,352,FIXTURE
47-3012,42,1080,FIXTURE
47-3012,44,91,FIXTURE
47-3012,45,425,FIXTURE
47-3012,46,74,FIXTURE
47-3012,47,574,FIXTURE
47-3012,48,2422,FIXTURE
47-3012,49,272,FIXTURE
47-3012,50,54,FIXTURE
47-3012,51,717,FIXTURE
47-3012,53,640,FIXTURE
47-3012,54,149,FIXTURE
47-3012,55,490,FIXTURE
47-3012,56,48,FIXTURE
47-3013,01,1094,FIXTURE
47-3013,02,160,FIXTURE
47-3013,04,1557,FIXTURE
47-3013,05,656,FIXTURE
47-3013,06,8607,FIXTURE
47-3013,08,1257,FIXTURE
47-3013,09,785,FIXTURE
47-3013,10,215,FIXTURE
47-3013,11,150,FIXTURE
47-3013,12,4688,FIXTURE
47-3013,13,2332,FIXTURE
47-3013,15,317,FIXTURE
47-3013,16,400,FIXTURE
47-3013,17,2789,FIXTURE
47-3013,18,1477,FIXTURE
47-3013,19,694,FIXTURE
47-3013,20,640,FIXTURE
47-3013,21,981,FIXTURE
47-3013,22,1014,FIXTURE
47-3013,23,297,FIXTURE
47-3013,24,1345,FIXTURE
47-3013,25,1530,FIXTURE
47-3013,26,2194,FIXTURE
47-3013,27,1242,FIXTURE
47-3013,28,645,FIXTURE
47-3013,29,1340,FIXTURE
47-3013,30,236,FIXTURE
47-3013,31,427,FIXTURE
47-3013,32,676,FIXTURE
47-3013,33,300,FIXTURE
47-3013,34,2022,FIXTURE
47-3013,35,461,FIXTURE
47-3013,36,4397,FIXTURE
47-3013,37,2272,FIXTURE
47-3013,38,170,FIXTURE
47-3013,39,2568,FIXTURE
47-3013,40,862,FIXTURE
47-3013,41,922,FIXTURE
47-3013,42,2830,FIXTURE
47-3013,44,239,FIXTURE
47-3013,45,1114,FIXTURE
47-3013,46,193,FIXTURE
47-3013,47,1504,FIXTURE
47-3013,48,6344,FIXTURE
47-3013,49,712,FIXTURE
47-3013,50,140,FIXTURE
47-3013,51,1879,FIXTURE
47-3013,53,1677,FIXTURE
47-3013,54,390,FIXTURE
47-3013,55,1283,FIXTURE
47-3013,56,126,FIXTURE
47-3014,01,135,FIXTURE
47-3014,02,20,FIXTURE
47-3014,04,193,FIXTURE
47-3014,05,81,FIXTURE
47-3014,06,1066,FIXTURE
47-3014,08,156,FIXTURE
47-3014,09,97,FIXTURE
47-3014,10,27,FIXTURE
47-3014,11,19,FIXTURE
47-3014,12,581,FIXTURE
47-3014,13,289,FIXTURE
47-3014,15,39,FIXTURE
47-3014,16,50,FIXTURE
47-3014,17,346,FIXTURE
47-3014,18,183,FIXTURE
47-3014,19,86,FIXTURE
47-3014,20,79,FIXTURE
47-3014,21,121,FIXTURE
47-3014,22,126,FIXTURE
47-3014,23,37,FIXTURE
47-3014,24,167,FIXTURE
47-3014,25,190,FIXTURE
47-3014,26,272,FIXTURE
47-3014,27,154,FIXTURE
47-3014,28,80,FIXTURE
47-3014,29,166,FIXTURE
47-3014,30,29,FIXTURE
47-3014,31,53,FIXTURE
47-3014,32,84,FIXTURE
47-3014,33,37,FIXTURE
47-3014,34,250,FIXTURE
47-3014,35,57,FIXTURE
47-3014,36,545,FIXTURE
47-3014,37,282,FIXTURE
47-3014,38,21,FIXTURE
47-3014,39,318,FIXTURE
47-3014,40,107,FIXTURE
47-3014,41,114,FIXTURE
47-3014,42,351,FIXTURE
47-3014,44,30,FIXTURE
47-3014,45,138,FIXTURE
47-3014,46,24,FIXTURE
47-3014,47,186,FIXTURE
47-3014,48,786,FIXTURE
47-3014,49,88,FIXTURE
47-3014,50,17,FIXTURE
47-3014,51,233,FIXTURE
47-3014,53,208,FIXTURE
47-3014,54,48,FIXTURE
47-3014,55,159,FIXTURE
47-3014,56,15,FIXTURE
47-3015,01,696,FIXTURE
47-3015,02,102,FIXTURE
47-3015,04,991,FIXTURE
47-3015,05,417,FIXTURE
47-3015,06,5479,FIXTURE
47-3015,08,800,FIXTURE
47-3015,09,500,FIXTURE
47-3015,10,137,FIXTURE
47-3015,11,96,FIXTURE
47-3015,12,2985,FIXTURE
47-3015,13,1484,FIXTURE
47-3015,15,202,FIXTURE
47-3015,16,255,FIXTURE
47-3015,17,1776,FIXTURE
47-3015,18,940,FIXTURE
47-3015,19,442,FIXTURE
47-3015,20,407,FIXTURE
47-3015,21,624,FIXTURE
47-3015,22,645,FIXTURE
47-3015,23,189,FIXTURE
47-3015,24,856,FIXTURE
47-3015,25,974,FIXTURE
47-3015,26,1396,FIXTURE
47-3015,27,791,FIXTURE
47-3015,28,410,FIXTURE
47-3015,29,853,FIXTURE
47-3015,30,150,FIXTURE
47-3015,31,272,FIXTURE
47-3015,32,430,FIXTURE
47-3015,33,191,FIXTURE
47-3015,34,1287,FIXTURE
47-3015,35,293,FIXTURE
47-3015,36,2799,FIXTURE
47-3015,37,1447,FIXTURE
47-3015,38,108,FIXTURE
47-3015,39,1635,FIXTURE
47-3015,40,549,FIXTURE
47-3015,41,587,FIXTURE
47-3015,42,1802,FIXTURE
47-3015,44,152,FIXTURE
47-3015,45,709,FIXTURE
47-3015,46,123,FIXTURE
47-3015,47,958,FIXTURE
47-3015,48,4039,FIXTURE
47-3015,49,453,FIXTURE
47-3015,50,89,FIXTURE
47-3015,51,1196,FIXTURE
47-3015,53,1068,FIXTURE
47-3015,54,249,FIXTURE
47-3015,55,817,FIXTURE
47-3015,56,80,FIXTURE
47-3016,01,104,FIXTURE
47-3016,02,15,FIXTURE
47-3016,04,147,FIXTURE
47-3016,05,62,FIXTURE
47-3016,06,815,FIXTURE
47-3016,08,119,FIXTURE
47-3016,09,74,FIXTURE
47-3016,10,20,FIXTURE
47-3016,11,14,FIXTURE
47-3016,12,444,FIXTURE
47-3016,13,221,FIXTURE
47-3016,15,30,FIXTURE
47-3016,16,38,FIXTURE
47-3016,17,264,FIXTURE
47-3016,18,140,FIXTURE
47-3016,19,66,FIXTURE
47-3016,20,61,FIXTURE
47-3016,21,93,FIXTURE
47-3016,22,96,FIXTURE
47-3016,23,28,FIXTURE
47-3016,24,127,FIXTURE
47-3016,25,145,FIXTURE
47-3016,26,208,FIXTURE
47-3016,27,118,FIXTURE
47-3016,28,61,FIXTURE
47-3016,29,127,FIXTURE
47-3016,30,22,FIXTURE
47-3016,31,40,FIXTURE
47-3016,32,64,FIXTURE
47-3016,33,28,FIXTURE
47-3016,34,191,FIXTURE
47-3016,35,44,FIXTURE
47-3016,36,416,FIXTURE
47-3016,37,215,FIXTURE
47-3016,38,16,FIXTURE
47-3016,39,243,FIXTURE
47-3016,40,82,FIXTURE
47-3016,41,87,FIXTURE
47-3016,42,268,FIXTURE
47-3016,44,23,FIXTURE
47-3016,45,106,FIXTURE
47-3016,46,18,FIXTURE
47-3016,47,142,FIXTURE
47-3016,48,601,FIXTURE
47-3016,49,67,FIXTURE
47-3016,50,13,FIXTURE
47-3016,51,178,FIXTURE
47-3016,53,159,FIXTURE
47-3016,54,37,FIXTURE
47-3016,55,121,FIXTURE
47-3016,56,12,FIXTURE
47-3019,01,414,FIXTURE
47-3019,02,60,FIXTURE
47-3019,04,589,FIXTURE
47-3019,05,248,FIXTURE
47-3019,06,3257,FIXTURE
47-3019,08,476,FIXTURE
47-3019,09,297,FIXTURE
47-3019,10,82,FIXTURE
47-3019,11,57,FIXTURE
47-3019,12,1774,FIXTURE
47-3019,13,882,FIXTURE
47-3019,15,120,FIXTURE
47-3019,16,151,FIXTURE
47-3019,17,1055,FIXTURE
47-3019,18,559,FIXTURE
47-3019,19,263,FIXTURE
47-3019,20,242,FIXTURE
47-3019,21,371,FIXTURE
47-3019,22,384,FIXTURE
47-3019,23,112,FIXTURE
47-3019,24,509,FIXTURE
47-3019,25,579,FIXTURE
47-3019,26,830,FIXTURE
47-3019,27,470,FIXTURE
47-3019,28,244,FIXTURE
47-3019,29,507,FIXTURE
47-3019,30,89,FIXTURE
47-3019,31,162,FIXTURE
47-3019,32,256,FIXTURE
47-3019,33,113,FIXTURE
47-3019,34,765,FIXTURE
47-3019,35,174,FIXTURE
47-3019,36,1664,FIXTURE
47-3019,37,860,FIXTURE
47-3019,38,64,FIXTURE
47-3019,39,972,FIXTURE
47-3019,40,326,FIXTURE
47-3019,41,349,FIXTURE
47-3019,42,1071,FIXTURE
47-3019,44,90,FIXTURE
47-3019,45,422,FIXTURE
47-3019,46,73,FIXTURE
47-3019,47,569,FIXTURE
47-3019,48,2401,FIXTURE
47-3019,49,269,FIXTURE
47-3019,50,53,FIXTURE
47-3019,51,711,FIXTURE
47-3019,53,635,FIXTURE
47-3019,54,148,FIXTURE
47-3019,55,485,FIXTURE
47-3019,56,47,FIXTURE
47-4011,01,1786,FIXTURE
47-4011,02,261,FIXTURE
47-4011,04,2542,FIXTURE
47-4011,05,1071,FIXTURE
47-4011,06,14056,FIXTURE
47-4011,08,2053,FIXTURE
47-4011,09,1282,FIXTURE
47-4011,10,352,FIXTURE
47-4011,11,245,FIXTURE
47-4011,12,7657,FIXTURE
47-4011,13,3808,FIXTURE
47-4011,15,517,FIXTURE
47-4011,16,654,FIXTURE
47-4011,17,4555,FIXTURE
47-4011,18,2412,FIXTURE
47-4011,19,1134,FIXTURE
47-4011,20,1044,FIXTURE
47-4011,21,1602,FIXTURE
47-4011,22,1656,FIXTURE
47-4011,23,484,FIXTURE
47-4011,24,2196,FIXTURE
47-4011,25,2499,FIXTURE
47-4011,26,3582,FIXTURE
47-4011,27,2029,FIXTURE
47-4011,28,1053,FIXTURE
47-4011,29,2188,FIXTURE
47-4011,30,385,FIXTURE
47-4011,31,697,FIXTURE
47-4011,32,1104,FIXTURE
47-4011,33,490,FIXTURE
47-4011,34,3302,FIXTURE
47-4011,35,753,FIXTURE
47-4011,36,7182,FIXTURE
47-4011,37,3711,FIXTURE
47-4011,38,277,FIXTURE
47-4011,39,4195,FIXTURE
47-4011,40,1408,FIXTURE
47-4011,41,1506,FIXTURE
47-4011,42,4622,FIXTURE
47-4011,44,390,FIXTURE
47-4011,45,1820,FIXTURE
47-4011,46,315,FIXTURE
47-4011,47,2457,FIXTURE
47-4011,48,10361,FIXTURE
47-4011,49,1163,FIXTURE
47-4011,50,229,FIXTURE
47-4011,51,3068,FIXTURE
47-4011,53,2739,FIXTURE
47-4011,54,638,FIXTURE
47-4011,55,2095,FIXTURE
47-4011,56,205,FIXTURE
47-4021,01,341,FIXTURE
47-4021,02,50,FIXTURE
47-4021,04,486,FIXTURE
47-4021,05,205,FIXTURE
47-4021,06,2685,FIXTURE
47-4021,08,392,FIXTURE
47-4021,09,245,FIXTURE
47-4021,10,67,FIXTURE
47-4021,11,47,FIXTURE
47-4021,12,1463,FIXTURE
47-4021,13,727,FIXTURE
47-4021,15,99,FIXTURE
47-4021,16,125,FIXTURE
47-4021,17,870,FIXTURE
47-4021,18,461,FIXTURE
47-4021,19,217,FIXTURE
47-4021,20,199,FIXTURE
47-4021,21,306,FIXTURE
47-4021,22,316,FIXTURE
47-4021,23,93,FIXTURE
47-4021,24,419,FIXTURE
47-4021,25,477,FIXTURE
47-4021,26,684,FIXTURE
47-4021,27,388,FIXTURE
47-4021,28,201,FIXTURE
47-4021,29,418,FIXTURE
47-4021,30,74,FIXTURE
47-4021,31,133,FIXTURE
47-4021,32,211,FIXTURE
47-4021,33,94,FIXTURE
47-4021,34,631,FIXTURE
47-4021,35,144,FIXTURE
47-4021,36,1372,FIXTURE
47-4021,37,709,FIXTURE
47-4021,38,53,FIXTURE
47-4021,39,801,FIXTURE
47-4021,40,269,FIXTURE
47-4021,41,288,FIXTURE
47-4021,42,883,FIXTURE
47-4021,44,75,FIXTURE
47-4021,45,348,FIXTURE
47-4021,46,60,FIXTURE
47-4021,47,469,FIXTURE
47-4021,48,1979,FIXTURE
47-4021,49,222,FIXTURE
47-4021,50,44,FIXTURE
47-4021,51,586,FIXTURE
47-4021,53,523,FIXTURE
47-4021,54,122,FIXTURE
47-4021,55,400,FIXTURE
47-4021,56,39,FIXTURE
47-4031,01,371,FIXTURE
47-4031,02,54,FIXTURE
47-4031,04,528,FIXTURE
47-4031,05,222,FIXTURE
47-4031,06,2919,FIXTURE
47-4031,08,426,FIXTURE
47-4031,09,266,FIXTURE
47-4031,10,73,FIXTURE
47-4031,11,51,FIXTURE
47-4031,12,1590,FIXTURE
47-4031,13,791,FIXTURE
47-4031,15,107,FIXTURE
47-4031,16,136,FIXTURE
47-4031,17,946,FIXTURE
47-4031,18,501,FIXTURE
47-4031,19,236,FIXTURE
47-4031,20,217,FIXTURE
47-4031,21,333,FIXTURE
47-4031,22,344,FIXTURE
47-4031,23,101,FIXTURE
47-4031,24,456,FIXTURE
47-4031,25,519,FIXTURE
47-4031,26,744,FIXTURE
47-4031,27,421,FIXTURE
47-4031,28,219,FIXTURE
47-4031,29,454,FIXTURE
47-4031,30,80,FIXTURE
47-4031,31,145,FIXTURE
47-4031,32,229,FIXTURE
47-4031,33,102,FIXTURE
47-4031,34,686,FIXTURE
47-4031,35,156,FIXTURE
47-4031,36,1491,FIXTURE
47-4031,37,771,FIXTURE
47-4031,38,58,FIXTURE
47-4031,39,871,FIXTURE
47-4031,40,292,FIXTURE
47-4031,41,313,FIXTURE
47-4031,42,960,FIXTURE
47-4031,44,81,FIXTURE
47-4031,45,378,FIXTURE
47-4031,46,65,FIXTURE
47-4031,47,510,FIXTURE
47-4031,48,2152,FIXTURE
47-4031,49,242,FIXTURE
47-4031,50,47,FIXTURE
47-4031,51,637,FIXTURE
47-4031,53,569,FIXTURE
47-4031,54,132,FIXTURE
47-4031,55,435,FIXTURE
47-4031,56,43,FIXTURE
47-4041,01,671,FIXTURE
47-4041,02,98,FIXTURE
47-4041,04,955,FIXTURE
47-4041,05,402,FIXTURE
47-4041,06,5277,FIXTURE
47-4041,08,771,FIXTURE
47-4041,09,481,FIXTURE
47-4041,10,132,FIXTURE
47-4041,11,92,FIXTURE
47-4041,12,2875,FIXTURE
47-4041,13,1430,FIXTURE
47-4041,15,194,FIXTURE
47-4041,16,245,FIXTURE
47-4041,17,1710,FIXTURE
47-4041,18,906,FIXTURE
47-4041,19,426,FIXTURE
47-4041,20,392,FIXTURE
47-4041,21,601,FIXTURE
47-4041,22,622,FIXTURE
47-4041,23,182,FIXTURE
47-4041,24,825,FIXTURE
47-4041,25,938,FIXTURE
47-4041,26,1345,FIXTURE
47-4041,27,762,FIXTURE
47-4041,28,395,FIXTURE
47-4041,29,822,FIXTURE
47-4041,30,145,FIXTURE
47-4041,31,262,FIXTURE
47-4041,32,414,FIXTURE
47-4041,33,184,FIXTURE
47-4041,34,1240,FIXTURE
47-4041,35,283,FIXTURE
47-4041,36,2696,FIXTURE
47-4041,37,1393,FIXTURE
47-4041,38,104,FIXTURE
47-4041,39,1575,FIXTURE
47-4041,40,528,FIXTURE
47-4041,41,566,FIXTURE
47-4041,42,1736,FIXTURE
47-4041,44,146,FIXTURE
47-4041,45,683,FIXTURE
47-4041,46,118,FIXTURE
47-4041,47,922,FIXTURE
47-4041,48,3890,FIXTURE
47-4041,49,437,FIXTURE
47-4041,50,86,FIXTURE
47-4041,51,1152,FIXTURE
47-4041,53,1028,FIXTURE
47-4041,54,239,FIXTURE
47-4041,55,787,FIXTURE
47-4041,56,77,FIXTURE
47-4051,01,2140,FIXTURE
47-4051,02,312,FIXTURE
47-4051,04,3045,FIXTURE
47-4051,05,1282,FIXTURE
47-4051,06,16838,FIXTURE
47-4051,08,2459,FIXTURE
47-4051,09,1536,FIXTURE
47-4051,10,421,FIXTURE
47-4051,11,294,FIXTURE
47-4051,12,9172,FIXTURE
47-4051,13,4562,FIXTURE
47-4051,15,620,FIXTURE
47-4051,16,783,FIXTURE
47-4051,17,5456,FIXTURE
47-4051,18,2890,FIXTURE
47-4051,19,1359,FIXTURE
47-4051,20,1251,FIXTURE
47-4051,21,1919,FIXTURE
47-4051,22,1983,FIXTURE
47-4051,23,580,FIXTURE
47-4051,24,2631,FIXTURE
47-4051,25,2994,FIXTURE
47-4051,26,4291,FIXTURE
47-4051,27,2430,FIXTURE
47-4051,28,1261,FIXTURE
47-4051,29,2621,FIXTURE
47-4051,30,462,FIXTURE
47-4051,31,835,FIXTURE
47-4051,32,1322,FIXTURE
47-4051,33,587,FIXTURE
47-4051,34,3956,FIXTURE
47-4051,35,902,FIXTURE
47-4051,36,8603,FIXTURE
47-4051,37,4446,FIXTURE
47-4051,38,332,FIXTURE
47-4051,39,5025,FIXTURE
47-4051,40,1686,FIXTURE
47-4051,41,1804,FIXTURE
47-4051,42,5537,FIXTURE
47-4051,44,467,FIXTURE
47-4051,45,2180,FIXTURE
47-4051,46,377,FIXTURE
47-4051,47,2943,FIXTURE
47-4051,48,12412,FIXTURE
47-4051,49,1393,FIXTURE
47-4051,50,274,FIXTURE
47-4051,51,3676,FIXTURE
47-4051,53,3281,FIXTURE
47-4051,54,764,FIXTURE
47-4051,55,2510,FIXTURE
47-4051,56,246,FIXTURE
47-4061,01,319,FIXTURE
47-4061,02,47,FIXTURE
47-4061,04,454,FIXTURE
47-4061,05,191,FIXTURE
47-4061,06,2509,FIXTURE
47-4061,08,366,FIXTURE
47-4061,09,229,FIXTURE
47-4061,10,63,FIXTURE
47-4061,11,44,FIXTURE
47-4061,12,1367,FIXTURE
47-4061,13,680,FIXTURE
47-4061,15,92,FIXTURE
47-4061,16,117,FIXTURE
47-4061,17,813,FIXTURE
47-4061,18,431,FIXTURE
47-4061,19,202,FIXTURE
47-4061,20,186,FIXTURE
47-4061,21,286,FIXTURE
47-4061,22,295,FIXTURE
47-4061,23,86,FIXTURE
47-4061,24,392,FIXTURE
47-4061,25,446,FIXTURE
47-4061,26,639,FIXTURE
47-4061,27,362,FIXTURE
47-4061,28,188,FIXTURE
47-4061,29,390,FIXTURE
47-4061,30,69,FIXTURE
47-4061,31,124,FIXTURE
47-4061,32,197,FIXTURE
47-4061,33,87,FIXTURE
47-4061,34,589,FIXTURE
47-4061,35,134,FIXTURE
47-4061,36,1282,FIXTURE
47-4061,37,662,FIXTURE
47-4061,38,49,FIXTURE
47-4061,39,749,FIXTURE
47-4061,40,251,FIXTURE
47-4061,41,269,FIXTURE
47-4061,42,825,FIXTURE
47-4061,44,70,FIXTURE
47-4061,45,325,FIXTURE
47-4061,46,56,FIXTURE
47-4061,47,438,FIXTURE
47-4061,48,1849,FIXTURE
47-4061,49,208,FIXTURE
47-4061,50,41,FIXTURE
47-4061,51,548,FIXTURE
47-4061,53,489,FIXTURE
47-4061,54,114,FIXTURE
47-4061,55,374,FIXTURE
47-4061,56,37,FIXTURE
47-4071,01,434,FIXTURE
47-4071,02,63,FIXTURE
47-4071,04,617,FIXTURE
47-4071,05,260,FIXTURE
47-4071,06,3414,FIXTURE
47-4071,08,499,FIXTURE
47-4071,09,311,FIXTURE
47-4071,10,85,FIXTURE
47-4071,11,60,FIXTURE
47-4071,12,1860,FIXTURE
47-4071,13,925,FIXTURE
47-4071,15,126,FIXTURE
47-4071,16,159,FIXTURE
47-4071,17,1106,FIXTURE
47-4071,18,586,FIXTURE
47-4071,19,275,FIXTURE
47-4071,20,254,FIXTURE
47-4071,21,389,FIXTURE
47-4071,22,402,FIXTURE
47-4071,23,118,FIXTURE
47-4071,24,533,FIXTURE
47-4071,25,607,FIXTURE
47-4071,26,870,FIXTURE
47-4071,27,493,FIXTURE
47-4071,28,256,FIXTURE
47-4071,29,531,FIXTURE
47-4071,30,94,FIXTURE
47-4071,31,169,FIXTURE
47-4071,32,268,FIXTURE
47-4071,33,119,FIXTURE
47-4071,34,802,FIXTURE
47-4071,35,183,FIXTURE
47-4071,36,1744,FIXTURE
47-4071,37,901,FIXTURE
47-4071,38,67,FIXTURE
47-4071,39,1019,FIXTURE
47-4071,40,342,FIXTURE
47-4071,41,366,FIXTURE
47-4071,42,1123,FIXTURE
47-4071,44,95,FIXTURE
47-4071,45,442,FIXTURE
47-4071,46,77,FIXTURE
47-4071,47,597,FIXTURE
47-4071,48,2517,FIXTURE
47-4071,49,282,FIXTURE
47-4071,50,56,FIXTURE
47-4071,51,745,FIXTURE
47-4071,53,665,FIXTURE
47-4071,54,155,FIXTURE
47-4071,55,509,FIXTURE
47-4071,56,50,FIXTURE
47-4090,01,469,FIXTURE
47-4090,02,68,FIXTURE
47-4090,04,667,FIXTURE
47-4090,05,281,FIXTURE
47-4090,06,3688,FIXTURE
47-4090,08,539,FIXTURE
47-4090,09,336,FIXTURE
47-4090,10,92,FIXTURE
47-4090,11,64,FIXTURE
47-4090,12,2009,FIXTURE
47-4090,13,999,FIXTURE
47-4090,15,136,FIXTURE
47-4090,16,172,FIXTURE
47-4090,17,1195,FIXTURE
47-4090,18,633,FIXTURE
47-4090,19,298,FIXTURE
47-4090,20,274,FIXTURE
47-4090,21,420,FIXTURE
47-4090,22,435,FIXTURE
47-4090,23,127,FIXTURE
47-4090,24,576,FIXTURE
47-4090,25,656,FIXTURE
47-4090,26,940,FIXTURE
47-4090,27,532,FIXTURE
47-4090,28,276,FIXTURE
47-4090,29,574,FIXTURE
47-4090,30,101,FIXTURE
47-4090,31,183,FIXTURE
47-4090,32,290,FIXTURE
47-4090,33,129,FIXTURE
47-4090,34,867,FIXTURE
47-4090,35,198,FIXTURE
47-4090,36,1885,FIXTURE
47-4090,37,974,FIXTURE
47-4090,38,73,FIXTURE
47-4090,39,1101,FIXTURE
47-4090,40,369,FIXTURE
47-4090,41,395,FIXTURE
47-4090,42,1213,FIXTURE
47-4090,44,102,FIXTURE
47-4090,45,477,FIXTURE
47-4090,46,83,FIXTURE
47-4090,47,645,FIXTURE
47-4090,48,2719,FIXTURE
47-4090,49,305,FIXTURE
47-4090,50,60,FIXTURE
47-4090,51,805,FIXTURE
47-4090,53,719,FIXTURE
47-4090,54,167,FIXTURE
47-4090,55,550,FIXTURE
47-4090,56,54,FIXTURE
47-5011,01,119,FIXTURE
47-5011,02,17,FIXTURE
47-5011,04,170,FIXTURE
47-5011,05,72,FIXTURE
47-5011,06,940,FIXTURE
47-5011,08,137,FIXTURE
47-5011,09,86,FIXTURE
47-5011,10,24,FIXTURE
47-5011,11,16,FIXTURE
47-5011,12,512,FIXTURE
47-5011,13,255,FIXTURE
47-5011,15,35,FIXTURE
47-5011,16,44,FIXTURE
47-5011,17,305,FIXTURE
47-5011,18,161,FIXTURE
47-5011,19,76,FIXTURE
47-5011,20,70,FIXTURE
47-5011,21,107,FIXTURE
47-5011,22,111,FIXTURE
47-5011,23,32,FIXTURE
47-5011,24,147,FIXTURE
47-5011,25,167,FIXTURE
47-5011,26,240,FIXTURE
47-5011,27,136,FIXTURE
47-5011,28,70,FIXTURE
47-5011,29,146,FIXTURE
47-5011,30,26,FIXTURE
47-5011,31,47,FIXTURE
47-5011,32,74,FIXTURE
47-5011,33,33,FIXTURE
47-5011,34,221,FIXTURE
47-5011,35,50,FIXTURE
47-5011,36,480,FIXTURE
47-5011,37,248,FIXTURE
47-5011,38,18,FIXTURE
47-5011,39,280,FIXTURE
47-5011,40,94,FIXTURE
47-5011,41,101,FIXTURE
47-5011,42,309,FIXTURE
47-5011,44,26,FIXTURE
47-5011,45,122,FIXTURE
47-5011,46,21,FIXTURE
47-5011,47,164,FIXTURE
47-5011,48,693,FIXTURE
47-5011,49,78,FIXTURE
47-5011,50,15,FIXTURE
47-5011,51,205,FIXTURE
47-5011,53,183,FIXTURE
47-5011,54,43,FIXTURE
47-5011,55,140,FIXTURE
47-5011,56,14,FIXTURE
47-5012,01,169,FIXTURE
47-5012,02,25,FIXTURE
47-5012,04,241,FIXTURE
47-5012,05,101,FIXTURE
47-5012,06,1332,FIXTURE
47-5012,08,195,FIXTURE
47-5012,09,122,FIXTURE
47-5012,10,33,FIXTURE
47-5012,11,23,FIXTURE
47-5012,12,726,FIXTURE
47-5012,13,361,FIXTURE
47-5012,15,49,FIXTURE
47-5012,16,62,FIXTURE
47-5012,17,432,FIXTURE
47-5012,18,229,FIXTURE
47-5012,19,108,FIXTURE
47-5012,20,99,FIXTURE
47-5012,21,152,FIXTURE
47-5012,22,157,FIXTURE
47-5012,23,46,FIXTURE
47-5012,24,208,FIXTURE
47-5012,25,237,FIXTURE
47-5012,26,340,FIXTURE
47-5012,27,192,FIXTURE
47-5012,28,100,FIXTURE
47-5012,29,207,FIXTURE
47-5012,30,37,FIXTURE
47-5012,31,66,FIXTURE
47-5012,32,105,FIXTURE
47-5012,33,46,FIXTURE
47-5012,34,313,FIXTURE
47-5012,35,71,FIXTURE
47-5012,36,681,FIXTURE
47-5012,37,352,FIXTURE
47-5012,38,26,FIXTURE
47-5012,39,398,FIXTURE
47-5012,40,133,FIXTURE
47-5012,41,143,FIXTURE
47-5012,42,438,FIXTURE
47-5012,44,37,FIXTURE
47-5012,45,172,FIXTURE
47-5012,46,30,FIXTURE
47-5012,47,233,FIXTURE
47-5012,48,982,FIXTURE
47-5012,49,110,FIXTURE
47-5012,50,22,FIXTURE
47-5012,51,291,FIXTURE
47-5012,53,260,FIXTURE
47-5012,54,60,FIXTURE
47-5012,55,199,FIXTURE
47-5012,56,19,FIXTURE
47-5013,01,498,FIXTURE
47-5013,02,73,FIXTURE
47-5013,04,709,FIXTURE
47-5013,05,299,FIXTURE
47-5013,06,3921,FIXTURE
47-5013,08,573,FIXTURE
47-5013,09,358,FIXTURE
47-5013,10,98,FIXTURE
47-5013,11,68,FIXTURE
47-5013,12,2136,FIXTURE
47-5013,13,1062,FIXTURE
47-5013,15,144,FIXTURE
47-5013,16,182,FIXTURE
47-5013,17,1271,FIXTURE
47-5013,18,673,FIXTURE
47-5013,19,316,FIXTURE
47-5013,20,291,FIXTURE
47-5013,21,447,FIXTURE
47-5013,22,462,FIXTURE
47-5013,23,135,FIXTURE
47-5013,24,613,FIXTURE
47-5013,25,697,FIXTURE
47-5013,26,999,FIXTURE
47-5013,27,566,FIXTURE
47-5013,28,294,FIXTURE
47-5013,29,610,FIXTURE
47-5013,30,108,FIXTURE
47-5013,31,195,FIXTURE
47-5013,32,308,FIXTURE
47-5013,33,137,FIXTURE
47-5013,34,921,FIXTURE
47-5013,35,210,FIXTURE
47-5013,36,2003,FIXTURE
47-5013,37,1035,FIXTURE
47-5013,38,77,FIXTURE
47-5013,39,1170,FIXTURE
47-5013,40,393,FIXTURE
47-5013,41,420,FIXTURE
47-5013,42,1290,FIXTURE
47-5013,44,109,FIXTURE
47-5013,45,508,FIXTURE
47-5013,46,88,FIXTURE
47-5013,47,685,FIXTURE
47-5013,48,2890,FIXTURE
47-5013,49,324,FIXTURE
47-5013,50,64,FIXTURE
47-5013,51,856,FIXTURE
47-5013,53,764,FIXTURE
47-5013,54,178,FIXTURE
47-5013,55,585,FIXTURE
47-5013,56,57,FIXTURE
47-5022,01,541,FIXTURE
47-5022,02,79,FIXTURE
47-5022,04,771,FIXTURE
47-5022,05,324,FIXTURE
47-5022,06,4261,FIXTURE
47-5022,08,622,FIXTURE
47-5022,09,389,FIXTURE
47-5022,10,107,FIXTURE
47-5022,11,74,FIXTURE
47-5022,12,2321,FIXTURE
47-5022,13,1154,FIXTURE
47-5022,15,157,FIXTURE
47-5022,16,198,FIXTURE
47-5022,17,1381,FIXTURE
47-5022,18,731,FIXTURE
47-5022,19,344,FIXTURE
47-5022,20,317,FIXTURE
47-5022,21,486,FIXTURE
47-5022,22,502,FIXTURE
47-5022,23,147,FIXTURE
47-5022,24,666,FIXTURE
47-5022,25,758,FIXTURE
47-5022,26,1086,FIXTURE
47-5022,27,615,FIXTURE
47-5022,28,319,FIXTURE
47-5022,29,663,FIXTURE
47-5022,30,117,FIXTURE
47-5022,31,211,FIXTURE
47-5022,32,335,FIXTURE
47-5022,33,148,FIXTURE
47-5022,34,1001,FIXTURE
47-5022,35,228,FIXTURE
47-5022,36,2177,FIXTURE
47-5022,37,1125,FIXTURE
47-5022,38,84,FIXTURE
47-5022,39,1272,FIXTURE
47-5022,40,427,FIXTURE
47-5022,41,457,FIXTURE
47-5022,42,1401,FIXTURE
47-5022,44,118,FIXTURE
47-5022,45,552,FIXTURE
47-5022,46,96,FIXTURE
47-5022,47,745,FIXTURE
47-5022,48,3141,FIXTURE
47-5022,49,353,FIXTURE
47-5022,50,69,FIXTURE
47-5022,51,930,FIXTURE
47-5022,53,830,FIXTURE
47-5022,54,193,FIXTURE
47-5022,55,635,FIXTURE
47-5022,56,62,FIXTURE
47-5023,01,240,FIXTURE
47-5023,02,35,FIXTURE
47-5023,04,341,FIXTURE
47-5023,05,144,FIXTURE
47-5023,06,1885,FIXTURE
47-5023,08,275,FIXTURE
47-5023,09,172,FIXTURE
47-5023,10,47,FIXTURE
47-5023,11,33,FIXTURE
47-5023,12,1027,FIXTURE
47-5023,13,511,FIXTURE
47-5023,15,69,FIXTURE
47-5023,16,88,FIXTURE
47-5023,17,611,FIXTURE
47-5023,18,323,FIXTURE
47-5023,19,152,FIXTURE
47-5023,20,140,FIXTURE
47-5023,21,215,FIXTURE
47-5023,22,222,FIXTURE
47-5023,23,65,FIXTURE
47-5023,24,294,FIXTURE
47-5023,25,335,FIXTURE
47-5023,26,480,FIXTURE
47-5023,27,272,FIXTURE
47-5023,28,141,FIXTURE
47-5023,29,293,FIXTURE
47-5023,30,52,FIXTURE
47-5023,31,94,FIXTURE
47-5023,32,148,FIXTURE
47-5023,33,66,FIXTURE
47-5023,34,443,FIXTURE
47-5023,35,101,FIXTURE
47-5023,36,963,FIXTURE
47-5023,37,498,FIXTURE
47-5023,38,37,FIXTURE
47-5023,39,562,FIXTURE
47-5023,40,189,FIXTURE
47-5023,41,202,FIXTURE
47-5023,42,620,FIXTURE
47-5023,44,52,FIXTURE
47-5023,45,244,FIXTURE
47-5023,46,42,FIXTURE
47-5023,47,329,FIXTURE
47-5023,48,1389,FIXTURE
47-5023,49,156,FIXTURE
47-5023,50,31,FIXTURE
47-5023,51,411,FIXTURE
47-5023,53,367,FIXTURE
47-5023,54,86,FIXTURE
47-5023,55,281,FIXTURE
47-5023,56,27,FIXTURE
47-5032,01,81,FIXTURE
47-5032,02,12,FIXTURE
47-5032,04,116,FIXTURE
47-5032,05,49,FIXTURE
47-5032,06,641,FIXTURE
47-5032,08,94,FIXTURE
47-5032,09,58,FIXTURE
47-5032,10,16,FIXTURE
47-5032,11,11,FIXTURE
47-5032,12,349,FIXTURE
47-5032,13,174,FIXTURE
47-5032,15,24,FIXTURE
47-5032,16,30,FIXTURE
47-5032,17,208,FIXTURE
47-5032,18,110,FIXTURE
47-5032,19,52,FIXTURE
47-5032,20,48,FIXTURE
47-5032,21,73,FIXTURE
47-5032,22,75,FIXTURE
47-5032,23,22,FIXTURE
47-5032,24,100,FIXTURE
47-5032,25,114,FIXTURE
47-5032,26,163,FIXTURE
47-5032,27,92,FIXTURE
47-5032,28,48,FIXTURE
47-5032,29,100,FIXTURE
47-5032,30,18,FIXTURE
47-5032,31,32,FIXTURE
47-5032,32,50,FIXTURE
47-5032,33,22,FIXTURE
47-5032,34,150,FIXTURE
47-5032,35,34,FIXTURE
47-5032,36,327,FIXTURE
47-5032,37,169,FIXTURE
47-5032,38,13,FIXTURE
47-5032,39,191,FIXTURE
47-5032,40,64,FIXTURE
47-5032,41,69,FIXTURE
47-5032,42,211,FIXTURE
47-5032,44,18,FIXTURE
47-5032,45,83,FIXTURE
47-5032,46,14,FIXTURE
47-5032,47,112,FIXTURE
47-5032,48,472,FIXTURE
47-5032,49,53,FIXTURE
47-5032,50,10,FIXTURE
47-5032,51,140,FIXTURE
47-5032,53,125,FIXTURE
47-5032,54,29,FIXTURE
47-5032,55,95,FIXTURE
47-5032,56,9,FIXTURE
47-5041,01,223,FIXTURE
47-5041,02,33,FIXTURE
47-5041,04,318,FIXTURE
47-5041,05,134,FIXTURE
47-5041,06,1758,FIXTURE
47-5041,08,257,FIXTURE
47-5041,09,160,FIXTURE
47-5041,10,44,FIXTURE
47-5041,11,31,FIXTURE
47-5041,12,958,FIXTURE
47-5041,13,476,FIXTURE
47-5041,15,65,FIXTURE
47-5041,16,82,FIXTURE
47-5041,17,570,FIXTURE
47-5041,18,302,FIXTURE
47-5041,19,142,FIXTURE
47-5041,20,131,FIXTURE
47-5041,21,200,FIXTURE
47-5041,22,207,FIXTURE
47-5041,23,60,FIXTURE
47-5041,24,275,FIXTURE
47-5041,25,313,FIXTURE
47-5041,26,448,FIXTURE
47-5041,27,254,FIXTURE
47-5041,28,132,FIXTURE
47-5041,29,274,FIXTURE
47-5041,30,48,FIXTURE
47-5041,31,87,FIXTURE
47-5041,32,138,FIXTURE
47-5041,33,61,FIXTURE
47-5041,34,413,FIXTURE
47-5041,35,94,FIXTURE
47-5041,36,898,FIXTURE
47-5041,37,464,FIXTURE
47-5041,38,35,FIXTURE
47-5041,39,525,FIXTURE
47-5041,40,176,FIXTURE
47-5041,41,188,FIXTURE
47-5041,42,578,FIXTURE
47-5041,44,49,FIXTURE
47-5041,45,228,FIXTURE
47-5041,46,39,FIXTURE
47-5041,47,307,FIXTURE
47-5041,48,1296,FIXTURE
47-5041,49,145,FIXTURE
47-5041,50,29,FIXTURE
47-5041,51,384,FIXTURE
47-5041,53,343,FIXTURE
47-5041,54,80,FIXTURE
47-5041,55,262,FIXTURE
47-5041,56,26,FIXTURE
47-5043,01,28,FIXTURE
47-5043,02,4,FIXTURE
47-5043,04,40,FIXTURE
47-5043,05,17,FIXTURE
47-5043,06,221,FIXTURE
47-5043,08,32,FIXTURE
47-5043,09,20,FIXTURE
47-5043,10,5,FIXTURE
47-5043,11,4,FIXTURE
47-5043,12,120,FIXTURE
47-5043,13,60,FIXTURE
47-5043,15,8,FIXTURE
47-5043,16,10,FIXTURE
47-5043,17,71,FIXTURE
47-5043,18,38,FIXTURE
47-5043,19,18,FIXTURE
47-5043,20,16,FIXTURE
47-5043,21,25,FIXTURE
47-5043,22,26,FIXTURE
47-5043,23,8,FIXTURE
47-5043,24,34,FIXTURE
47-5043,25,39,FIXTURE
47-5043,26,56,FIXTURE
47-5043,27,32,FIXTURE
47-5043,28,17,FIXTURE
47-5043,29,34,FIXTURE
47-5043,30,6,FIXTURE
47-5043,31,11,FIXTURE
47-5043,32,17,FIXTURE
47-5043,33,8,FIXTURE
47-5043,34,52,FIXTURE
47-5043,35,12,FIXTURE
47-5043,36,113,FIXTURE
47-5043,37,58,FIXTURE
47-5043,38,4,FIXTURE
47-5043,39,66,FIXTURE
47-5043,40,22,FIXTURE
47-5043,41,24,FIXTURE
47-5043,42,73,FIXTURE
47-5043,44,6,FIXTURE
47-5043,45,29,FIXTURE
47-5043,46,5,FIXTURE
47-5043,47,39,FIXTURE
47-5043,48,163,FIXTURE
47-5043,49,18,FIXTURE
47-5043,50,4,FIXTURE
47-5043,51,48,FIXTURE
47-5043,53,43,FIXTURE
47-5043,54,10,FIXTURE
47-5043,55,33,FIXTURE
47-5043,56,3,FIXTURE
47-5044,01,67,FIXTURE
47-5044,02,10,FIXTURE
47-5044,04,96,FIXTURE
47-5044,05,40,FIXTURE
47-5044,06,531,FIXTURE
47-5044,08,78,FIXTURE
47-5044,09,48,FIXTURE
47-5044,10,13,FIXTURE
47-5044,11,9,FIXTURE
47-5044,12,289,FIXTURE
47-5044,13,144,FIXTURE
47-5044,15,20,FIXTURE
47-5044,16,25,FIXTURE
47-5044,17,172,FIXTURE
47-5044,18,91,FIXTURE
47-5044,19,43,FIXTURE
47-5044,20,39,FIXTURE
47-5044,21,61,FIXTURE
47-5044,22,63,FIXTURE
47-5044,23,18,FIXTURE
47-5044,24,83,FIXTURE
47-5044,25,94,FIXTURE
47-5044,26,135,FIXTURE
47-5044,27,77,FIXTURE
47-5044,28,40,FIXTURE
47-5044,29,83,FIXTURE
47-5044,30,15,FIXTURE
47-5044,31,26,FIXTURE
47-5044,32,42,FIXTURE
47-5044,33,18,FIXTURE
47-5044,34,125,FIXTURE
47-5044,35,28,FIXTURE
47-5044,36,271,FIXTURE
47-5044,37,140,FIXTURE
47-5044,38,10,FIXTURE
47-5044,39,158,FIXTURE
47-5044,40,53,FIXTURE
47-5044,41,57,FIXTURE
47-5044,42,175,FIXTURE
47-5044,44,15,FIXTURE
47-5044,45,69,FIXTURE
47-5044,46,12,FIXTURE
47-5044,47,93,FIXTURE
47-5044,48,391,FIXTURE
47-5044,49,44,FIXTURE
47-5044,50,9,FIXTURE
47-5044,51,116,FIXTURE
47-5044,53,103,FIXTURE
47-5044,54,24,FIXTURE
47-5044,55,79,FIXTURE
47-5044,56,8,FIXTURE
47-5049,01,48,FIXTURE
47-5049,02,7,FIXTURE
47-5049,04,68,FIXTURE
47-5049,05,29,FIXTURE
47-5049,06,376,FIXTURE
47-5049,08,55,FIXTURE
47-5049,09,34,FIXTURE
47-5049,10,9,FIXTURE
47-5049,11,7,FIXTURE
47-5049,12,205,FIXTURE
47-5049,13,102,FIXTURE
47-5049,15,14,FIXTURE
47-5049,16,17,FIXTURE
47-5049,17,122,FIXTURE
47-5049,18,64,FIXTURE
47-5049,19,30,FIXTURE
47-5049,20,28,FIXTURE
47-5049,21,43,FIXTURE
47-5049,22,44,FIXTURE
47-5049,23,13,FIXTURE
47-5049,24,59,FIXTURE
47-5049,25,67,FIXTURE
47-5049,26,96,FIXTURE
47-5049,27,54,FIXTURE
47-5049,28,28,FIXTURE
47-5049,29,59,FIXTURE
47-5049,30,10,FIXTURE
47-5049,31,19,FIXTURE
47-5049,32,30,FIXTURE
47-5049,33,13,FIXTURE
47-5049,34,88,FIXTURE
47-5049,35,20,FIXTURE
47-5049,36,192,FIXTURE
47-5049,37,99,FIXTURE
47-5049,38,7,FIXTURE
47-5049,39,112,FIXTURE
47-5049,40,38,FIXTURE
47-5049,41,40,FIXTURE
47-5049,42,124,FIXTURE
47-5049,44,10,FIXTURE
47-5049,45,49,FIXTURE
47-5049,46,8,FIXTURE
47-5049,47,66,FIXTURE
47-5049,48,277,FIXTURE
47-5049,49,31,FIXTURE
47-5049,50,6,FIXTURE
47-5049,51,82,FIXTURE
47-5049,53,73,FIXTURE
47-5049,54,17,FIXTURE
47-5049,55,56,FIXTURE
47-5049,56,5,FIXTURE
47-5051,01,67,FIXTURE
47-5051,02,10,FIXTURE
47-5051,04,96,FIXTURE
47-5051,05,40,FIXTURE
47-5051,06,531,FIXTURE
47-5051,08,78,FIXTURE
47-5051,09,48,FIXTURE
47-5051,10,13,FIXTURE
47-5051,11,9,FIXTURE
47-5051,12,289,FIXTURE
47-5051,13,144,FIXTURE
47-5051,15,20,FIXTURE
47-5051,16,25,FIXTURE
47-5051,17,172,FIXTURE
47-5051,18,91,FIXTURE
47-5051,19,43,FIXTURE
47-5051,20,39,FIXTURE
47-5051,21,61,FIXTURE
47-5051,22,63,FIXTURE
47-5051,23,18,FIXTURE
47-5051,24,83,FIXTURE
47-5051,25,94,FIXTURE
47-5051,26,135,FIXTURE
47-5051,27,77,FIXTURE
47-5051,28,40,FIXTURE
47-5051,29,83,FIXTURE
47-5051,30,15,FIXTURE
47-5051,31,26,FIXTURE
47-5051,32,42,FIXTURE
47-5051,33,18,FIXTURE
47-5051,34,125,FIXTURE
47-5051,35,28,FIXTURE
47-5051,36,271,FIXTURE
47-5051,37,140,FIXTURE
47-5051,38,10,FIXTURE
47-5051,39,158,FIXTURE
47-5051,40,53,FIXTURE
47-5051,41,57,FIXTURE
47-5051,42,175,FIXTURE
47-5051,44,15,FIXTURE
47-5051,45,69,FIXTURE
47-5051,46,12,FIXTURE
47-5051,47,93,FIXTURE
47-5051,48,391,FIXTURE
47-5051,49,44,FIXTURE
47-5051,50,9,FIXTURE
47-5051,51,116,FIXTURE
47-5051,53,103,FIXTURE
47-5051,54,24,FIXTURE
47-5051,55,79,FIXTURE
47-5051,56,8,FIXTURE
47-5071,01,523,FIXTURE
47-5071,02,76,FIXTURE
47-5071,04,745,FIXTURE
47-5071,05,314,FIXTURE
47-5071,06,4118,FIXTURE
47-5071,08,601,FIXTURE
47-5071,09,376,FIXTURE
47-5071,10,103,FIXTURE
47-5071,11,72,FIXTURE
47-5071,12,2243,FIXTURE
47-5071,13,1116,FIXTURE
47-5071,15,152,FIXTURE
47-5071,16,192,FIXTURE
47-5071,17,1334,FIXTURE
47-5071,18,707,FIXTURE
47-5071,19,332,FIXTURE
47-5071,20,306,FIXTURE
47-5071,21,469,FIXTURE
47-5071,22,485,FIXTURE
47-5071,23,142,FIXTURE
47-5071,24,643,FIXTURE
47-5071,25,732,FIXTURE
47-5071,26,1050,FIXTURE
47-5071,27,594,FIXTURE
47-5071,28,308,FIXTURE
47-5071,29,641,FIXTURE
47-5071,30,113,FIXTURE
47-5071,31,204,FIXTURE
47-5071,32,323,FIXTURE
47-5071,33,144,FIXTURE
47-5071,34,967,FIXTURE
47-5071,35,221,FIXTURE
47-5071,36,2104,FIXTURE
47-5071,37,1087,FIXTURE
47-5071,38,81,FIXTURE
47-5071,39,1229,FIXTURE
47-5071,40,412,FIXTURE
47-5071,41,441,FIXTURE
47-5071,42,1354,FIXTURE
47-5071,44,114,FIXTURE
47-5071,45,533,FIXTURE
47-5071,46,92,FIXTURE
47-5071,47,720,FIXTURE
47-5071,48,3036,FIXTURE
47-5071,49,341,FIXTURE
47-5071,50,67,FIXTURE
47-5071,51,899,FIXTURE
47-5071,53,803,FIXTURE
47-5071,54,187,FIXTURE
47-5071,55,614,FIXTURE
47-5071,56,60,FIXTURE
47-5081,01,91,FIXTURE
47-5081,02,13,FIXTURE
47-5081,04,129,FIXTURE
47-5081,05,54,FIXTURE
47-5081,06,713,FIXTURE
47-5081,08,104,FIXTURE
47-5081,09,65,FIXTURE
47-5081,10,18,FIXTURE
47-5081,11,12,FIXTURE
47-5081,12,389,FIXTURE
47-5081,13,193,FIXTURE
47-5081,15,26,FIXTURE
47-5081,16,33,FIXTURE
47-5081,17,231,FIXTURE
47-5081,18,122,FIXTURE
47-5081,19,58,FIXTURE
47-5081,20,53,FIXTURE
47-5081,21,81,FIXTURE
47-5081,22,84,FIXTURE
47-5081,23,25,FIXTURE
47-5081,24,112,FIXTURE
47-5081,25,127,FIXTURE
47-5081,26,182,FIXTURE
47-5081,27,103,FIXTURE
47-5081,28,53,FIXTURE
47-5081,29,111,FIXTURE
47-5081,30,20,FIXTURE
47-5081,31,35,FIXTURE
47-5081,32,56,FIXTURE
47-5081,33,25,FIXTURE
47-5081,34,168,FIXTURE
47-5081,35,38,FIXTURE
47-5081,36,365,FIXTURE
47-5081,37,188,FIXTURE
47-5081,38,14,FIXTURE
47-5081,39,213,FIXTURE
47-5081,40,71,FIXTURE
47-5081,41,77,FIXTURE
47-5081,42,235,FIXTURE
47-5081,44,20,FIXTURE
47-5081,45,92,FIXTURE
47-5081,46,16,FIXTURE
47-5081,47,125,FIXTURE
47-5081,48,526,FIXTURE
47-5081,49,59,FIXTURE
47-5081,50,12,FIXTURE
47-5081,51,156,FIXTURE
47-5081,53,139,FIXTURE
47-5081,54,32,FIXTURE
47-5081,55,106,FIXTURE
47-5081,56,10,FIXTURE
47-5099,01,82,FIXTURE
47-5099,02,12,FIXTURE
47-5099,04,116,FIXTURE
47-5099,05,49,FIXTURE
47-5099,06,642,FIXTURE
47-5099,08,94,FIXTURE
47-5099,09,58,FIXTURE
47-5099,10,16,FIXTURE
47-5099,11,11,FIXTURE
47-5099,12,350,FIXTURE
47-5099,13,174,FIXTURE
47-5099,15,24,FIXTURE
47-5099,16,30,FIXTURE
47-5099,17,208,FIXTURE
47-5099,18,110,FIXTURE
47-5099,19,52,FIXTURE
47-5099,20,48,FIXTURE
47-5099,21,73,FIXTURE
47-5099,22,76,FIXTURE
47-5099,23,22,FIXTURE
47-5099,24,100,FIXTURE
47-5099,25,114,FIXTURE
47-5099,26,164,FIXTURE
47-5099,27,93,FIXTURE
47-5099,28,48,FIXTURE
47-5099,29,100,FIXTURE
47-5099,30,18,FIXTURE
47-5099,31,32,FIXTURE
47-5099,32,50,FIXTURE
47-5099,33,22,FIXTURE
47-5099,34,151,FIXTURE
47-5099,35,34,FIXTURE
47-5099,36,328,FIXTURE
47-5099,37,169,FIXTURE
47-5099,38,13,FIXTURE
47-5099,39,191,FIXTURE
47-5099,40,64,FIXTURE
47-5099,41,69,FIXTURE
47-5099,42,211,FIXTURE
47-5099,44,18,FIXTURE
47-5099,45,83,FIXTURE
47-5099,46,14,FIXTURE
47-5099,47,112,FIXTURE
47-5099,48,473,FIXTURE
47-5099,49,53,FIXTURE
47-5099,50,10,FIXTURE
47-5099,51,140,FIXTURE
47-5099,53,125,FIXTURE
47-5099,54,29,FIXTURE
47-5099,55,96,FIXTURE
47-5099,56,9,FIXTURE
49-1011,01,7977,FIXTURE
49-1011,02,1164,FIXTURE
49-1011,04,11354,FIXTURE
49-1011,05,4781,FIXTURE
49-1011,06,62775,FIXTURE
49-1011,08,9167,FIXTURE
49-1011,09,5725,FIXTURE
49-1011,10,1572,FIXTURE
49-1011,11,1095,FIXTURE
49-1011,12,34196,FIXTURE
49-1011,13,17007,FIXTURE
49-1011,15,2311,FIXTURE
49-1011,16,2920,FIXTURE
49-1011,17,20342,FIXTURE
49-1011,18,10773,FIXTURE
49-1011,19,5065,FIXTURE
49-1011,20,4665,FIXTURE
49-1011,21,7154,FIXTURE
49-1011,22,7395,FIXTURE
49-1011,23,2163,FIXTURE
49-1011,24,9808,FIXTURE
49-1011,25,11161,FIXTURE
49-1011,26,16000,FIXTURE
49-1011,27,9060,FIXTURE
49-1011,28,4702,FIXTURE
49-1011,29,9772,FIXTURE
49-1011,30,1721,FIXTURE
49-1011,31,3114,FIXTURE
49-1011,32,4929,FIXTURE
49-1011,33,2187,FIXTURE
49-1011,34,14748,FIXTURE
49-1011,35,3362,FIXTURE
49-1011,36,32073,FIXTURE
49-1011,37,16575,FIXTURE
49-1011,38,1237,FIXTURE
49-1011,39,18734,FIXTURE
49-1011,40,6286,FIXTURE
49-1011,41,6728,FIXTURE
49-1011,42,20644,FIXTURE
49-1011,44,1742,FIXTURE
49-1011,45,8127,FIXTURE
49-1011,46,1408,FIXTURE
49-1011,47,10972,FIXTURE
49-1011,48,46274,FIXTURE
49-1011,49,5194,FIXTURE
49-1011,50,1021,FIXTURE
49-1011,51,13704,FIXTURE
49-1011,53,12234,FIXTURE
49-1011,54,2848,FIXTURE
49-1011,55,9358,FIXTURE
49-1011,56,916,FIXTURE
49-2011,01,1310,FIXTURE
49-2011,02,191,FIXTURE
49-2011,04,1865,FIXTURE
49-2011,05,785,FIXTURE
49-2011,06,10309,FIXTURE
49-2011,08,1505,FIXTURE
49-2011,09,940,FIXTURE
49-2011,10,258,FIXTURE
49-2011,11,180,FIXTURE
49-2011,12,5616,FIXTURE
49-2011,13,2793,FIXTURE
49-2011,15,379,FIXTURE
49-2011,16,480,FIXTURE
49-2011,17,3341,FIXTURE
49-2011,18,1769,FIXTURE
49-2011,19,832,FIXTURE
49-2011,20,766,FIXTURE
49-2011,21,1175,FIXTURE
49-2011,22,1214,FIXTURE
49-2011,23,355,FIXTURE
49-2011,24,1611,FIXTURE
49-2011,25,1833,FIXTURE
49-2011,26,2628,FIXTURE
49-2011,27,1488,FIXTURE
49-2011,28,772,FIXTURE
49-2011,29,1605,FIXTURE
49-2011,30,283,FIXTURE
49-2011,31,511,FIXTURE
49-2011,32,809,FIXTURE
49-2011,33,359,FIXTURE
49-2011,34,2422,FIXTURE
49-2011,35,552,FIXTURE
49-2011,36,5267,FIXTURE
49-2011,37,2722,FIXTURE
49-2011,38,203,FIXTURE
49-2011,39,3077,FIXTURE
49-2011,40,1032,FIXTURE
49-2011,41,1105,FIXTURE
49-2011,42,3390,FIXTURE
49-2011,44,286,FIXTURE
49-2011,45,1335,FIXTURE
49-2011,46,231,FIXTURE
49-2011,47,1802,FIXTURE
49-2011,48,7599,FIXTURE
49-2011,49,853,FIXTURE
49-2011,50,168,FIXTURE
49-2011,51,2250,FIXTURE
49-2011,53,2009,FIXTURE
49-2011,54,468,FIXTURE
49-2011,55,1537,FIXTURE
49-2011,56,150,FIXTURE
49-2021,01,208,FIXTURE
49-2021,02,30,FIXTURE
49-2021,04,296,FIXTURE
49-2021,05,124,FIXTURE
49-2021,06,1634,FIXTURE
49-2021,08,239,FIXTURE
49-2021,09,149,FIXTURE
49-2021,10,41,FIXTURE
49-2021,11,28,FIXTURE
49-2021,12,890,FIXTURE
49-2021,13,443,FIXTURE
49-2021,15,60,FIXTURE
49-2021,16,76,FIXTURE
49-2021,17,530,FIXTURE
49-2021,18,280,FIXTURE
49-2021,19,132,FIXTURE
49-2021,20,121,FIXTURE
49-2021,21,186,FIXTURE
49-2021,22,193,FIXTURE
49-2021,23,56,FIXTURE
49-2021,24,255,FIXTURE
49-2021,25,291,FIXTURE
49-2021,26,417,FIXTURE
49-2021,27,236,FIXTURE
49-2021,28,122,FIXTURE
49-2021,29,254,FIXTURE
49-2021,30,45,FIXTURE
49-2021,31,81,FIXTURE
49-2021,32,128,FIXTURE
49-2021,33,57,FIXTURE
49-2021,34,384,FIXTURE
49-2021,35,88,FIXTURE
49-2021,36,835,FIXTURE
49-2021,37,431,FIXTURE
49-2021,38,32,FIXTURE
49-2021,39,488,FIXTURE
49-2021,40,164,FIXTURE
49-2021,41,175,FIXTURE
49-2021,42,537,FIXTURE
49-2021,44,45,FIXTURE
49-2021,45,212,FIXTURE
49-2021,46,37,FIXTURE
49-2021,47,286,FIXTURE
49-2021,48,1205,FIXTURE
49-2021,49,135,FIXTURE
49-2021,50,27,FIXTURE
49-2021,51,357,FIXTURE
49-2021,53,318,FIXTURE
49-2021,54,74,FIXTURE
49-2021,55,244,FIXTURE
49-2021,56,24,FIXTURE
49-2022,01,2620,FIXTURE
49-2022,02,382,FIXTURE
49-2022,04,3729,FIXTURE
49-2022,05,1570,FIXTURE
49-2022,06,20617,FIXTURE
49-2022,08,3011,FIXTURE
49-2022,09,1880,FIXTURE
49-2022,10,516,FIXTURE
49-2022,11,360,FIXTURE
49-2022,12,11231,FIXTURE
49-2022,13,5586,FIXTURE
49-2022,15,759,FIXTURE
49-2022,16,959,FIXTURE
49-2022,17,6681,FIXTURE
49-2022,18,3538,FIXTURE
49-2022,19,1664,FIXTURE
49-2022,20,1532,FIXTURE
49-2022,21,2349,FIXTURE
49-2022,22,2429,FIXTURE
49-2022,23,710,FIXTURE
49-2022,24,3221,FIXTURE
49-2022,25,3666,FIXTURE
49-2022,26,5255,FIXTURE
49-2022,27,2976,FIXTURE
49-2022,28,1544,FIXTURE
49-2022,29,3209,FIXTURE
49-2022,30,565,FIXTURE
49-2022,31,1023,FIXTURE
49-2022,32,1619,FIXTURE
49-2022,33,718,FIXTURE
49-2022,34,4844,FIXTURE
49-2022,35,1104,FIXTURE
49-2022,36,10534,FIXTURE
49-2022,37,5443,FIXTURE
49-2022,38,406,FIXTURE
49-2022,39,6153,FIXTURE
49-2022,40,2065,FIXTURE
49-2022,41,2209,FIXTURE
49-2022,42,6780,FIXTURE
49-2022,44,572,FIXTURE
49-2022,45,2669,FIXTURE
49-2022,46,462,FIXTURE
49-2022,47,3604,FIXTURE
49-2022,48,15197,FIXTURE
49-2022,49,1706,FIXTURE
49-2022,50,335,FIXTURE
49-2022,51,4501,FIXTURE
49-2022,53,4018,FIXTURE
49-2022,54,935,FIXTURE
49-2022,55,3073,FIXTURE
49-2022,56,301,FIXTURE
49-2091,01,287,FIXTURE
49-2091,02,42,FIXTURE
49-2091,04,408,FIXTURE
49-2091,05,172,FIXTURE
49-2091,06,2256,FIXTURE
49-2091,08,329,FIXTURE
49-2091,09,206,FIXTURE
49-2091,10,56,FIXTURE
49-2091,11,39,FIXTURE
49-2091,12,1229,FIXTURE
49-2091,13,611,FIXTURE
49-2091,15,83,FIXTURE
49-2091,16,105,FIXTURE
49-2091,17,731,FIXTURE
49-2091,18,387,FIXTURE
49-2091,19,182,FIXTURE
49-2091,20,168,FIXTURE
49-2091,21,257,FIXTURE
49-2091,22,266,FIXTURE
49-2091,23,78,FIXTURE
49-2091,24,352,FIXTURE
49-2091,25,401,FIXTURE
49-2091,26,575,FIXTURE
49-2091,27,325,FIXTURE
49-2091,28,169,FIXTURE
49-2091,29,351,FIXTURE
49-2091,30,62,FIXTURE
49-2091,31,112,FIXTURE
49-2091,32,177,FIXTURE
49-2091,33,79,FIXTURE
49-2091,34,530,FIXTURE
49-2091,35,121,FIXTURE
49-2091,36,1152,FIXTURE
49-2091,37,596,FIXTURE
49-2091,38,44,FIXTURE
49-2091,39,673,FIXTURE
49-2091,40,226,FIXTURE
49-2091,41,242,FIXTURE
49-2091,42,742,FIXTURE
49-2091,44,63,FIXTURE
49-2091,45,292,FIXTURE
49-2091,46,50,FIXTURE
49-2091,47,394,FIXTURE
49-2091,48,1663,FIXTURE
49-2091,49,187,FIXTURE
49-2091,50,37,FIXTURE
49-2091,51,492,FIXTURE
49-2091,53,440,FIXTURE
49-2091,54,102,FIXTURE
49-2091,55,336,FIXTURE
49-2091,56,33,FIXTURE
49-2092,01,241,FIXTURE
49-2092,02,35,FIXTURE
49-2092,04,343,FIXTURE
49-2092,05,144,FIXTURE
49-2092,06,1894,FIXTURE
49-2092,08,277,FIXTURE
49-2092,09,173,FIXTURE
49-2092,10,47,FIXTURE
49-2092,11,33,FIXTURE
49-2092,12,1032,FIXTURE
49-2092,13,513,FIXTURE
49-2092,15,70,FIXTURE
49-2092,16,88,FIXTURE
49-2092,17,614,FIXTURE
49-2092,18,325,FIXTURE
49-2092,19,153,FIXTURE
49-2092,20,141,FIXTURE
49-2092,21,216,FIXTURE
49-2092,22,223,FIXTURE
49-2092,23,65,FIXTURE
49-2092,24,296,FIXTURE
49-2092,25,337,FIXTURE
49-2092,26,483,FIXTURE
49-2092,27,273,FIXTURE
49-2092,28,142,FIXTURE
49-2092,29,295,FIXTURE
49-2092,30,52,FIXTURE
49-2092,31,94,FIXTURE
49-2092,32,149,FIXTURE
49-2092,33,66,FIXTURE
49-2092,34,445,FIXTURE
49-2092,35,101,FIXTURE
49-2092,36,968,FIXTURE
49-2092,37,500,FIXTURE
49-2092,38,37,FIXTURE
49-2092,39,565,FIXTURE
49-2092,40,190,FIXTURE
49-2092,41,203,FIXTURE
49-2092,42,623,FIXTURE
49-2092,44,53,FIXTURE
49-2092,45,245,FIXTURE
49-2092,46,42,FIXTURE
49-2092,47,331,FIXTURE
49-2092,48,1396,FIXTURE
49-2092,49,157,FIXTURE
49-2092,50,31,FIXTURE
49-2092,51,414,FIXTURE
49-2092,53,369,FIXTURE
49-2092,54,86,FIXTURE
49-2092,55,282,FIXTURE
49-2092,56,28,FIXTURE
49-2093,01,162,FIXTURE
49-2093,02,24,FIXTURE
49-2093,04,231,FIXTURE
49-2093,05,97,FIXTURE
49-2093,06,1278,FIXTURE
49-2093,08,187,FIXTURE
49-2093,09,117,FIXTURE
49-2093,10,32,FIXTURE
49-2093,11,22,FIXTURE
49-2093,12,696,FIXTURE
49-2093,13,346,FIXTURE
49-2093,15,47,FIXTURE
49-2093,16,59,FIXTURE
49-2093,17,414,FIXTURE
49-2093,18,219,FIXTURE
49-2093,19,103,FIXTURE
49-2093,20,95,FIXTURE
49-2093,21,146,FIXTURE
49-2093,22,151,FIXTURE
49-2093,23,44,FIXTURE
49-2093,24,200,FIXTURE
49-2093,25,227,FIXTURE
49-2093,26,326,FIXTURE
49-2093,27,184,FIXTURE
49-2093,28,96,FIXTURE
49-2093,29,199,FIXTURE
49-2093,30,35,FIXTURE
49-2093,31,63,FIXTURE
49-2093,32,100,FIXTURE
49-2093,33,45,FIXTURE
49-2093,34,300,FIXTURE
49-2093,35,68,FIXTURE
49-2093,36,653,FIXTURE
49-2093,37,337,FIXTURE
49-2093,38,25,FIXTURE
49-2093,39,381,FIXTURE
49-2093,40,128,FIXTURE
49-2093,41,137,FIXTURE
49-2093,42,420,FIXTURE
49-2093,44,35,FIXTURE
49-2093,45,165,FIXTURE
49-2093,46,29,FIXTURE
49-2093,47,223,FIXTURE
49-2093,48,942,FIXTURE
49-2093,49,106,FIXTURE
49-2093,50,21,FIXTURE
49-2093,51,279,FIXTURE
49-2093,53,249,FIXTURE
49-2093,54,58,FIXTURE
49-2093,55,190,FIXTURE
49-2093,56,19,FIXTURE
49-2094,01,770,FIXTURE
49-2094,02,112,FIXTURE
49-2094,04,1096,FIXTURE
49-2094,05,461,FIXTURE
49-2094,06,6057,FIXTURE
49-2094,08,885,FIXTURE
49-2094,09,552,FIXTURE
49-2094,10,152,FIXTURE
49-2094,11,106,FIXTURE
49-2094,12,3300,FIXTURE
49-2094,13,1641,FIXTURE
49-2094,15,223,FIXTURE
49-2094,16,282,FIXTURE
49-2094,17,1963,FIXTURE
49-2094,18,1040,FIXTURE
49-2094,19,489,FIXTURE
49-2094,20,450,FIXTURE
49-2094,21,690,FIXTURE
49-2094,22,714,FIXTURE
49-2094,23,209,FIXTURE
49-2094,24,946,FIXTURE
49-2094,25,1077,FIXTURE
49-2094,26,1544,FIXTURE
49-2094,27,874,FIXTURE
49-2094,28,454,FIXTURE
49-2094,29,943,FIXTURE
49-2094,30,166,FIXTURE
49-2094,31,301,FIXTURE
49-2094,32,476,FIXTURE
49-2094,33,211,FIXTURE
49-2094,34,1423,FIXTURE
49-2094,35,324,FIXTURE
49-2094,36,3095,FIXTURE
49-2094,37,1599,FIXTURE
49-2094,38,119,FIXTURE
49-2094,39,1808,FIXTURE
49-2094,40,607,FIXTURE
49-2094,41,649,FIXTURE
49-2094,42,1992,FIXTURE
49-2094,44,168,FIXTURE
49-2094,45,784,FIXTURE
49-2094,46,136,FIXTURE
49-2094,47,1059,FIXTURE
49-2094,48,4465,FIXTURE
49-2094,49,501,FIXTURE
49-2094,50,99,FIXTURE
49-2094,51,1322,FIXTURE
49-2094,53,1180,FIXTURE
49-2094,54,275,FIXTURE
49-2094,55,903,FIXTURE
49-2094,56,88,FIXTURE
49-2095,01,341,FIXTURE
49-2095,02,50,FIXTURE
49-2095,04,485,FIXTURE
49-2095,05,204,FIXTURE
49-2095,06,2683,FIXTURE
49-2095,08,392,FIXTURE
49-2095,09,245,FIXTURE
49-2095,10,67,FIXTURE
49-2095,11,47,FIXTURE
49-2095,12,1461,FIXTURE
49-2095,13,727,FIXTURE
49-2095,15,99,FIXTURE
49-2095,16,125,FIXTURE
49-2095,17,869,FIXTURE
49-2095,18,460,FIXTURE
49-2095,19,216,FIXTURE
49-2095,20,199,FIXTURE
49-2095,21,306,FIXTURE
49-2095,22,316,FIXTURE
49-2095,23,92,FIXTURE
49-2095,24,419,FIXTURE
49-2095,25,477,FIXTURE
49-2095,26,684,FIXTURE
49-2095,27,387,FIXTURE
49-2095,28,201,FIXTURE
49-2095,29,418,FIXTURE
49-2095,30,74,FIXTURE
49-2095,31,133,FIXTURE
49-2095,32,211,FIXTURE
49-2095,33,93,FIXTURE
49-2095,34,630,FIXTURE
49-2095,35,144,FIXTURE
49-2095,36,1371,FIXTURE
49-2095,37,708,FIXTURE
49-2095,38,53,FIXTURE
49-2095,39,801,FIXTURE
49-2095,40,269,FIXTURE
49-2095,41,287,FIXTURE
49-2095,42,882,FIXTURE
49-2095,44,74,FIXTURE
49-2095,45,347,FIXTURE
49-2095,46,60,FIXTURE
49-2095,47,469,FIXTURE
49-2095,48,1978,FIXTURE
49-2095,49,222,FIXTURE
49-2095,50,44,FIXTURE
49-2095,51,586,FIXTURE
49-2095,53,523,FIXTURE
49-2095,54,122,FIXTURE
49-2095,55,400,FIXTURE
49-2095,56,39,FIXTURE
49-2096,01,136,FIXTURE
49-2096,02,20,FIXTURE
49-2096,04,194,FIXTURE
49-2096,05,82,FIXTURE
49-2096,06,1074,FIXTURE
49-2096,08,157,FIXTURE
49-2096,09,98,FIXTURE
49-2096,10,27,FIXTURE
49-2096,11,19,FIXTURE
49-2096,12,585,FIXTURE
49-2096,13,291,FIXTURE
49-2096,15,40,FIXTURE
49-2096,16,50,FIXTURE
49-2096,17,348,FIXTURE
49-2096,18,184,FIXTURE
49-2096,19,87,FIXTURE
49-2096,20,80,FIXTURE
49-2096,21,122,FIXTURE
49-2096,22,126,FIXTURE
49-2096,23,37,FIXTURE
49-2096,24,168,FIXTURE
49-2096,25,191,FIXTURE
49-2096,26,274,FIXTURE
49-2096,27,155,FIXTURE
49-2096,28,80,FIXTURE
49-2096,29,167,FIXTURE
49-2096,30,29,FIXTURE
49-2096,31,53,FIXTURE
49-2096,32,84,FIXTURE
49-2096,33,37,FIXTURE
49-2096,34,252,FIXTURE
49-2096,35,58,FIXTURE
49-2096,36,549,FIXTURE
49-2096,37,283,FIXTURE
49-2096,38,21,FIXTURE
49-2096,39,320,FIXTURE
49-2096,40,108,FIXTURE
49-2096,41,115,FIXTURE
49-2096,42,353,FIXTURE
49-2096,44,30,FIXTURE
49-2096,45,139,FIXTURE
49-2096,46,24,FIXTURE
49-2096,47,188,FIXTURE
49-2096,48,791,FIXTURE
49-2096,49,89,FIXTURE
49-2096,50,17,FIXTURE
49-2096,51,234,FIXTURE
49-2096,53,209,FIXTURE
49-2096,54,49,FIXTURE
49-2096,55,160,FIXTURE
49-2096,56,16,FIXTURE
49-2097,01,326,FIXTURE
49-2097,02,48,FIXTURE
49-2097,04,465,FIXTURE
49-2097,05,196,FIXTURE
49-2097,06,2569,FIXTURE
49-2097,08,375,FIXTURE
49-2097,09,234,FIXTURE
49-2097,10,64,FIXTURE
49-2097,11,45,FIXTURE
49-2097,12,1400,FIXTURE
49-2097,13,696,FIXTURE
49-2097,15,95,FIXTURE
49-2097,16,119,FIXTURE
49-2097,17,833,FIXTURE
49-2097,18,441,FIXTURE
49-2097,19,207,FIXTURE
49-2097,20,191,FIXTURE
49-2097,21,293,FIXTURE
49-2097,22,303,FIXTURE
49-2097,23,89,FIXTURE
49-2097,24,401,FIXTURE
49-2097,25,457,FIXTURE
49-2097,26,655,FIXTURE
49-2097,27,371,FIXTURE
49-2097,28,192,FIXTURE
49-2097,29,400,FIXTURE
49-2097,30,70,FIXTURE
49-2097,31,127,FIXTURE
49-2097,32,202,FIXTURE
49-2097,33,89,FIXTURE
49-2097,34,604,FIXTURE
49-2097,35,138,FIXTURE
49-2097,36,1313,FIXTURE
49-2097,37,678,FIXTURE
49-2097,38,51,FIXTURE
49-2097,39,767,FIXTURE
49-2097,40,257,FIXTURE
49-2097,41,275,FIXTURE
49-2097,42,845,FIXTURE
49-2097,44,71,FIXTURE
49-2097,45,333,FIXTURE
49-2097,46,58,FIXTURE
49-2097,47,449,FIXTURE
49-2097,48,1894,FIXTURE
49-2097,49,213,FIXTURE
49-2097,50,42,FIXTURE
49-2097,51,561,FIXTURE
49-2097,53,501,FIXTURE
49-2097,54,117,FIXTURE
49-2097,55,383,FIXTURE
49-2097,56,37,FIXTURE
49-2098,01,1174,FIXTURE
49-2098,02,171,FIXTURE
49-2098,04,1670,FIXTURE
49-2098,05,703,FIXTURE
49-2098,06,9235,FIXTURE
49-2098,08,1349,FIXTURE
49-2098,09,842,FIXTURE
49-2098,10,231,FIXTURE
49-2098,11,161,FIXTURE
49-2098,12,5031,FIXTURE
49-2098,13,2502,FIXTURE
49-2098,15,340,FIXTURE
49-2098,16,430,FIXTURE
49-2098,17,2993,FIXTURE
49-2098,18,1585,FIXTURE
49-2098,19,745,FIXTURE
49-2098,20,686,FIXTURE
49-2098,21,1052,FIXTURE
49-2098,22,1088,FIXTURE
49-2098,23,318,FIXTURE
49-2098,24,1443,FIXTURE
49-2098,25,1642,FIXTURE
49-2098,26,2354,FIXTURE
49-2098,27,1333,FIXTURE
49-2098,28,692,FIXTURE
49-2098,29,1438,FIXTURE
49-2098,30,253,FIXTURE
49-2098,31,458,FIXTURE
49-2098,32,725,FIXTURE
49-2098,33,322,FIXTURE
49-2098,34,2170,FIXTURE
49-2098,35,495,FIXTURE
49-2098,36,4719,FIXTURE
49-2098,37,2438,FIXTURE
49-2098,38,182,FIXTURE
49-2098,39,2756,FIXTURE
49-2098,40,925,FIXTURE
49-2098,41,990,FIXTURE
49-2098,42,3037,FIXTURE
49-2098,44,256,FIXTURE
49-2098,45,1196,FIXTURE
49-2098,46,207,FIXTURE
49-2098,47,1614,FIXTURE
49-2098,48,6808,FIXTURE
49-2098,49,764,FIXTURE
49-2098,50,150,FIXTURE
49-2098,51,2016,FIXTURE
49-2098,53,1800,FIXTURE
49-2098,54,419,FIXTURE
49-2098,55,1377,FIXTURE
49-2098,56,135,FIXTURE
49-3011,01,1901,FIXTURE
49-3011,02,278,FIXTURE
49-3011,04,2707,FIXTURE
49-3011,05,1140,FIXTURE
49-3011,06,14964,FIXTURE
49-3011,08,2185,FIXTURE
49-3011,09,1365,FIXTURE
49-3011,10,375,FIXTURE
49-3011,11,261,FIXTURE
49-3011,12,8151,FIXTURE
49-3011,13,4054,FIXTURE
49-3011,15,551,FIXTURE
49-3011,16,696,FIXTURE
49-3011,17,4849,FIXTURE
49-3011,18,2568,FIXTURE
49-3011,19,1207,FIXTURE
49-3011,20,1112,FIXTURE
49-3011,21,1705,FIXTURE
49-3011,22,1763,FIXTURE
49-3011,23,516,FIXTURE
49-3011,24,2338,FIXTURE
49-3011,25,2661,FIXTURE
49-3011,26,3814,FIXTURE
49-3011,27,2160,FIXTURE
49-3011,28,1121,FIXTURE
49-3011,29,2329,FIXTURE
49-3011,30,410,FIXTURE
49-3011,31,742,FIXTURE
49-3011,32,1175,FIXTURE
49-3011,33,521,FIXTURE
49-3011,34,3515,FIXTURE
49-3011,35,801,FIXTURE
49-3011,36,7645,FIXTURE
49-3011,37,3951,FIXTURE
49-3011,38,295,FIXTURE
49-3011,39,4466,FIXTURE
49-3011,40,1498,FIXTURE
49-3011,41,1604,FIXTURE
49-3011,42,4921,FIXTURE
49-3011,44,415,FIXTURE
49-3011,45,1937,FIXTURE
49-3011,46,336,FIXTURE
49-3011,47,2615,FIXTURE
49-3011,48,11030,FIXTURE
49-3011,49,1238,FIXTURE
49-3011,50,243,FIXTURE
49-3011,51,3267,FIXTURE
49-3011,53,2916,FIXTURE
49-3011,54,679,FIXTURE
49-3011,55,2231,FIXTURE
49-3011,56,218,FIXTURE
49-3021,01,2081,FIXTURE
49-3021,02,304,FIXTURE
49-3021,04,2962,FIXTURE
49-3021,05,1248,FIXTURE
49-3021,06,16378,FIXTURE
49-3021,08,2392,FIXTURE
49-3021,09,1494,FIXTURE
49-3021,10,410,FIXTURE
49-3021,11,286,FIXTURE
49-3021,12,8922,FIXTURE
49-3021,13,4437,FIXTURE
49-3021,15,603,FIXTURE
49-3021,16,762,FIXTURE
49-3021,17,5307,FIXTURE
49-3021,18,2811,FIXTURE
49-3021,19,1322,FIXTURE
49-3021,20,1217,FIXTURE
49-3021,21,1867,FIXTURE
49-3021,22,1929,FIXTURE
49-3021,23,564,FIXTURE
49-3021,24,2559,FIXTURE
49-3021,25,2912,FIXTURE
49-3021,26,4174,FIXTURE
49-3021,27,2364,FIXTURE
49-3021,28,1227,FIXTURE
49-3021,29,2550,FIXTURE
49-3021,30,449,FIXTURE
49-3021,31,813,FIXTURE
49-3021,32,1286,FIXTURE
49-3021,33,571,FIXTURE
49-3021,34,3848,FIXTURE
49-3021,35,877,FIXTURE
49-3021,36,8368,FIXTURE
49-3021,37,4324,FIXTURE
49-3021,38,323,FIXTURE
49-3021,39,4888,FIXTURE
49-3021,40,1640,FIXTURE
49-3021,41,1755,FIXTURE
49-3021,42,5386,FIXTURE
49-3021,44,455,FIXTURE
49-3021,45,2120,FIXTURE
49-3021,46,367,FIXTURE
49-3021,47,2863,FIXTURE
49-3021,48,12073,FIXTURE
49-3021,49,1355,FIXTURE
49-3021,50,266,FIXTURE
49-3021,51,3576,FIXTURE
49-3021,53,3192,FIXTURE
49-3021,54,743,FIXTURE
49-3021,55,2441,FIXTURE
49-3021,56,239,FIXTURE
49-3022,01,246,FIXTURE
49-3022,02,36,FIXTURE
49-3022,04,350,FIXTURE
49-3022,05,147,FIXTURE
49-3022,06,1936,FIXTURE
49-3022,08,283,FIXTURE
49-3022,09,177,FIXTURE
49-3022,10,48,FIXTURE
49-3022,11,34,FIXTURE
49-3022,12,1055,FIXTURE
49-3022,13,525,FIXTURE
49-3022,15,71,FIXTURE
49-3022,16,90,FIXTURE
49-3022,17,627,FIXTURE
49-3022,18,332,FIXTURE
49-3022,19,156,FIXTURE
49-3022,20,144,FIXTURE
49-3022,21,221,FIXTURE
49-3022,22,228,FIXTURE
49-3022,23,67,FIXTURE
49-3022,24,303,FIXTURE
49-3022,25,344,FIXTURE
49-3022,26,493,FIXTURE
49-3022,27,279,FIXTURE
49-3022,28,145,FIXTURE
49-3022,29,301,FIXTURE
49-3022,30,53,FIXTURE
49-3022,31,96,FIXTURE
49-3022,32,152,FIXTURE
49-3022,33,67,FIXTURE
49-3022,34,455,FIXTURE
49-3022,35,104,FIXTURE
49-3022,36,989,FIXTURE
49-3022,37,511,FIXTURE
49-3022,38,38,FIXTURE
49-3022,39,578,FIXTURE
49-3022,40,194,FIXTURE
49-3022,41,208,FIXTURE
49-3022,42,637,FIXTURE
49-3022,44,54,FIXTURE
49-3022,45,251,FIXTURE
49-3022,46,43,FIXTURE
49-3022,47,338,FIXTURE
49-3022,48,1427,FIXTURE
49-3022,49,160,FIXTURE
49-3022,50,32,FIXTURE
49-3022,51,423,FIXTURE
49-3022,53,377,FIXTURE
49-3022,54,88,FIXTURE
49-3022,55,289,FIXTURE
49-3022,56,28,FIXTURE
49-3023,01,9547,FIXTURE
49-3023,02,1394,FIXTURE
49-3023,04,13588,FIXTURE
49-3023,05,5722,FIXTURE
49-3023,06,75126,FIXTURE
49-3023,08,10971,FIXTURE
49-3023,09,6852,FIXTURE
49-3023,10,1881,FIXTURE
49-3023,11,1310,FIXTURE
49-3023,12,40924,FIXTURE
49-3023,13,20354,FIXTURE
49-3023,15,2765,FIXTURE
49-3023,16,3494,FIXTURE
49-3023,17,24345,FIXTURE
49-3023,18,12893,FIXTURE
49-3023,19,6062,FIXTURE
49-3023,20,5582,FIXTURE
49-3023,21,8561,FIXTURE
49-3023,22,8850,FIXTURE
49-3023,23,2589,FIXTURE
49-3023,24,11737,FIXTURE
49-3023,25,13357,FIXTURE
49-3023,26,19148,FIXTURE
49-3023,27,10843,FIXTURE
49-3023,28,5627,FIXTURE
49-3023,29,11695,FIXTURE
49-3023,30,2060,FIXTURE
49-3023,31,3727,FIXTURE
49-3023,32,5899,FIXTURE
49-3023,33,2617,FIXTURE
49-3023,34,17650,FIXTURE
49-3023,35,4023,FIXTURE
49-3023,36,38384,FIXTURE
49-3023,37,19836,FIXTURE
49-3023,38,1480,FIXTURE
49-3023,39,22420,FIXTURE
49-3023,40,7523,FIXTURE
49-3023,41,8051,FIXTURE
49-3023,42,24706,FIXTURE
49-3023,44,2085,FIXTURE
49-3023,45,9725,FIXTURE
49-3023,46,1685,FIXTURE
49-3023,47,13131,FIXTURE
49-3023,48,55379,FIXTURE
49-3023,49,6216,FIXTURE
49-3023,50,1222,FIXTURE
49-3023,51,16400,FIXTURE
49-3023,53,14641,FIXTURE
49-3023,54,3408,FIXTURE
49-3023,55,11199,FIXTURE
49-3023,56,1096,FIXTURE
49-3031,01,3963,FIXTURE
49-3031,02,578,FIXTURE
49-3031,04,5641,FIXTURE
49-3031,05,2375,FIXTURE
49-3031,06,31184,FIXTURE
49-3031,08,4554,FIXTURE
49-3031,09,2844,FIXTURE
49-3031,10,781,FIXTURE
49-3031,11,544,FIXTURE
49-3031,12,16988,FIXTURE
49-3031,13,8449,FIXTURE
49-3031,15,1148,FIXTURE
49-3031,16,1451,FIXTURE
49-3031,17,10105,FIXTURE
49-3031,18,5352,FIXTURE
49-3031,19,2516,FIXTURE
49-3031,20,2317,FIXTURE
49-3031,21,3554,FIXTURE
49-3031,22,3674,FIXTURE
49-3031,23,1075,FIXTURE
49-3031,24,4872,FIXTURE
49-3031,25,5545,FIXTURE
49-3031,26,7948,FIXTURE
49-3031,27,4501,FIXTURE
49-3031,28,2336,FIXTURE
49-3031,29,4854,FIXTURE
49-3031,30,855,FIXTURE
49-3031,31,1547,FIXTURE
49-3031,32,2449,FIXTURE
49-3031,33,1086,FIXTURE
49-3031,34,7326,FIXTURE
49-3031,35,1670,FIXTURE
49-3031,36,15933,FIXTURE
49-3031,37,8234,FIXTURE
49-3031,38,614,FIXTURE
49-3031,39,9306,FIXTURE
49-3031,40,3123,FIXTURE
49-3031,41,3342,FIXTURE
49-3031,42,10255,FIXTURE
49-3031,44,866,FIXTURE
49-3031,45,4037,FIXTURE
49-3031,46,699,FIXTURE
49-3031,47,5451,FIXTURE
49-3031,48,22988,FIXTURE
49-3031,49,2580,FIXTURE
49-3031,50,507,FIXTURE
49-3031,51,6808,FIXTURE
49-3031,53,6077,FIXTURE
49-3031,54,1415,FIXTURE
49-3031,55,4648,FIXTURE
49-3031,56,455,FIXTURE
49-3041,01,531,FIXTURE
49-3041,02,78,FIXTURE
49-3041,04,756,FIXTURE
49-3041,05,318,FIXTURE
49-3041,06,4179,FIXTURE
49-3041,08,610,FIXTURE
49-3041,09,381,FIXTURE
49-3041,10,105,FIXTURE
49-3041,11,73,FIXTURE
49-3041,12,2276,FIXTURE
49-3041,13,1132,FIXTURE
49-3041,15,154,FIXTURE
49-3041,16,194,FIXTURE
49-3041,17,1354,FIXTURE
49-3041,18,717,FIXTURE
49-3041,19,337,FIXTURE
49-3041,20,311,FIXTURE
49-3041,21,476,FIXTURE
49-3041,22,492,FIXTURE
49-3041,23,144,FIXTURE
49-3041,24,653,FIXTURE
49-3041,25,743,FIXTURE
49-3041,26,1065,FIXTURE
49-3041,27,603,FIXTURE
49-3041,28,313,FIXTURE
49-3041,29,651,FIXTURE
49-3041,30,115,FIXTURE
49-3041,31,207,FIXTURE
49-3041,32,328,FIXTURE
49-3041,33,146,FIXTURE
49-3041,34,982,FIXTURE
49-3041,35,224,FIXTURE
49-3041,36,2135,FIXTURE
49-3041,37,1103,FIXTURE
49-3041,38,82,FIXTURE
49-3041,39,1247,FIXTURE
49-3041,40,418,FIXTURE
49-3041,41,448,FIXTURE
49-3041,42,1374,FIXTURE
49-3041,44,116,FIXTURE
49-3041,45,541,FIXTURE
49-3041,46,94,FIXTURE
49-3041,47,730,FIXTURE
49-3041,48,3080,FIXTURE
49-3041,49,346,FIXTURE
49-3041,50,68,FIXTURE
49-3041,51,912,FIXTURE
49-3041,53,814,FIXTURE
49-3041,54,190,FIXTURE
49-3041,55,623,FIXTURE
49-3041,56,61,FIXTURE
49-3042,01,2201,FIXTURE
49-3042,02,321,FIXTURE
49-3042,04,3134,FIXTURE
49-3042,05,1320,FIXTURE
49-3042,06,17324,FIXTURE
49-3042,08,2530,FIXTURE
49-3042,09,1580,FIXTURE
49-3042,10,434,FIXTURE
49-3042,11,302,FIXTURE
49-3042,12,9437,FIXTURE
49-3042,13,4694,FIXTURE
49-3042,15,638,FIXTURE
49-3042,16,806,FIXTURE
49-3042,17,5614,FIXTURE
49-3042,18,2973,FIXTURE
49-3042,19,1398,FIXTURE
49-3042,20,1287,FIXTURE
49-3042,21,1974,FIXTURE
49-3042,22,2041,FIXTURE
49-3042,23,597,FIXTURE
49-3042,24,2707,FIXTURE
49-3042,25,3080,FIXTURE
49-3042,26,4416,FIXTURE
49-3042,27,2500,FIXTURE
49-3042,28,1298,FIXTURE
49-3042,29,2697,FIXTURE
49-3042,30,475,FIXTURE
49-3042,31,859,FIXTURE
49-3042,32,1360,FIXTURE
49-3042,33,604,FIXTURE
49-3042,34,4070,FIXTURE
49-3042,35,928,FIXTURE
49-3042,36,8851,FIXTURE
49-3042,37,4574,FIXTURE
49-3042,38,341,FIXTURE
49-3042,39,5170,FIXTURE
49-3042,40,1735,FIXTURE
49-3042,41,1857,FIXTURE
49-3042,42,5697,FIXTURE
49-3042,44,481,FIXTURE
49-3042,45,2243,FIXTURE
49-3042,46,388,FIXTURE
49-3042,47,3028,FIXTURE
49-3042,48,12771,FIXTURE
49-3042,49,1434,FIXTURE
49-3042,50,282,FIXTURE
49-3042,51,3782,FIXTURE
49-3042,53,3376,FIXTURE
49-3042,54,786,FIXTURE
49-3042,55,2582,FIXTURE
49-3042,56,253,FIXTURE
49-3043,01,346,FIXTURE
49-3043,02,50,FIXTURE
49-3043,04,492,FIXTURE
49-3043,05,207,FIXTURE
49-3043,06,2720,FIXTURE
49-3043,08,397,FIXTURE
49-3043,09,248,FIXTURE
49-3043,10,68,FIXTURE
49-3043,11,47,FIXTURE
49-3043,12,1482,FIXTURE
49-3043,13,737,FIXTURE
49-3043,15,100,FIXTURE
49-3043,16,127,FIXTURE
49-3043,17,881,FIXTURE
49-3043,18,467,FIXTURE
49-3043,19,219,FIXTURE
49-3043,20,202,FIXTURE
49-3043,21,310,FIXTURE
49-3043,22,320,FIXTURE
49-3043,23,94,FIXTURE
49-3043,24,425,FIXTURE
49-3043,25,484,FIXTURE
49-3043,26,693,FIXTURE
49-3043,27,393,FIXTURE
49-3043,28,204,FIXTURE
49-3043,29,423,FIXTURE
49-3043,30,75,FIXTURE
49-3043,31,135,FIXTURE
49-3043,32,214,FIXTURE
49-3043,33,95,FIXTURE
49-3043,34,639,FIXTURE
49-3043,35,146,FIXTURE
49-3043,36,1390,FIXTURE
49-3043,37,718,FIXTURE
49-3043,38,54,FIXTURE
49-3043,39,812,FIXTURE
49-3043,40,272,FIXTURE
49-3043,41,291,FIXTURE
49-3043,42,894,FIXTURE
49-3043,44,75,FIXTURE
49-3043,45,352,FIXTURE
49-3043,46,61,FIXTURE
49-3043,47,475,FIXTURE
49-3043,48,2005,FIXTURE
49-3043,49,225,FIXTURE
49-3043,50,44,FIXTURE
49-3043,51,594,FIXTURE
49-3043,53,530,FIXTURE
49-3043,54,123,FIXTURE
49-3043,55,405,FIXTURE
49-3043,56,40,FIXTURE
49-3051,01,350,FIXTURE
49-3051,02,51,FIXTURE
49-3051,04,498,FIXTURE
49-3051,05,210,FIXTURE
49-3051,06,2753,FIXTURE
49-3051,08,402,FIXTURE
49-3051,09,251,FIXTURE
49-3051,10,69,FIXTURE
49-3051,11,48,FIXTURE
49-3051,12,1500,FIXTURE
49-3051,13,746,FIXTURE
49-3051,15,101,FIXTURE
49-3051,16,128,FIXTURE
49-3051,17,892,FIXTURE
49-3051,18,472,FIXTURE
49-3051,19,222,FIXTURE
49-3051,20,205,FIXTURE
49-3051,21,314,FIXTURE
49-3051,22,324,FIXTURE
49-3051,23,95,FIXTURE
49-3051,24,430,FIXTURE
49-3051,25,490,FIXTURE
49-3051,26,702,FIXTURE
49-3051,27,397,FIXTURE
49-3051,28,206,FIXTURE
49-3051,29,429,FIXTURE
49-3051,30,75,FIXTURE
49-3051,31,137,FIXTURE
49-3051,32,216,FIXTURE
49-3051,33,96,FIXTURE
49-3051,34,647,FIXTURE
49-3051,35,147,FIXTURE
49-3051,36,1407,FIXTURE
49-3051,37,727,FIXTURE
49-3051,38,54,FIXTURE
49-3051,39,822,FIXTURE
49-3051,40,276,FIXTURE
49-3051,41,295,FIXTURE
49-3051,42,905,FIXTURE
49-3051,44,76,FIXTURE
49-3051,45,356,FIXTURE
49-3051,46,62,FIXTURE
49-3051,47,481,FIXTURE
49-3051,48,2030,FIXTURE
49-3051,49,228,FIXTURE
49-3051,50,45,FIXTURE
49-3051,51,601,FIXTURE
49-3051,53,537,FIXTURE
49-3051,54,125,FIXTURE
49-3051,55,410,FIXTURE
49-3051,56,40,FIXTURE
49-3052,01,228,FIXTURE
49-3052,02,33,FIXTURE
49-3052,04,324,FIXTURE
49-3052,05,137,FIXTURE
49-3052,06,1792,FIXTURE
49-3052,08,262,FIXTURE
49-3052,09,163,FIXTURE
49-3052,10,45,FIXTURE
49-3052,11,31,FIXTURE
49-3052,12,976,FIXTURE
49-3052,13,485,FIXTURE
49-3052,15,66,FIXTURE
49-3052,16,83,FIXTURE
49-3052,17,581,FIXTURE
49-3052,18,308,FIXTURE
49-3052,19,145,FIXTURE
49-3052,20,133,FIXTURE
49-3052,21,204,FIXTURE
49-3052,22,211,FIXTURE
49-3052,23,62,FIXTURE
49-3052,24,280,FIXTURE
49-3052,25,319,FIXTURE
49-3052,26,457,FIXTURE
49-3052,27,259,FIXTURE
49-3052,28,134,FIXTURE
49-3052,29,279,FIXTURE
49-3052,30,49,FIXTURE
49-3052,31,89,FIXTURE
49-3052,32,141,FIXTURE
49-3052,33,62,FIXTURE
49-3052,34,421,FIXTURE
49-3052,35,96,FIXTURE
49-3052,36,915,FIXTURE
49-3052,37,473,FIXTURE
49-3052,38,35,FIXTURE
49-3052,39,535,FIXTURE
49-3052,40,179,FIXTURE
49-3052,41,192,FIXTURE
49-3052,42,589,FIXTURE
49-3052,44,50,FIXTURE
49-3052,45,232,FIXTURE
49-3052,46,40,FIXTURE
49-3052,47,313,FIXTURE
49-3052,48,1321,FIXTURE
49-3052,49,148,FIXTURE
49-3052,50,29,FIXTURE
49-3052,51,391,FIXTURE
49-3052,53,349,FIXTURE
49-3052,54,81,FIXTURE
49-3052,55,267,FIXTURE
49-3052,56,26,FIXTURE
49-3053,01,526,FIXTURE
49-3053,02,77,FIXTURE
49-3053,04,749,FIXTURE
49-3053,05,315,FIXTURE
49-3053,06,4139,FIXTURE
49-3053,08,604,FIXTURE
49-3053,09,378,FIXTURE
49-3053,10,104,FIXTURE
49-3053,11,72,FIXTURE
49-3053,12,2255,FIXTURE
49-3053,13,1121,FIXTURE
49-3053,15,152,FIXTURE
49-3053,16,193,FIXTURE
49-3053,17,1341,FIXTURE
49-3053,18,710,FIXTURE
49-3053,19,334,FIXTURE
49-3053,20,308,FIXTURE
49-3053,21,472,FIXTURE
49-3053,22,488,FIXTURE
49-3053,23,143,FIXTURE
49-3053,24,647,FIXTURE
49-3053,25,736,FIXTURE
49-3053,26,1055,FIXTURE
49-3053,27,597,FIXTURE
49-3053,28,310,FIXTURE
49-3053,29,644,FIXTURE
49-3053,30,113,FIXTURE
49-3053,31,205,FIXTURE
49-3053,32,325,FIXTURE
49-3053,33,144,FIXTURE
49-3053,34,972,FIXTURE
49-3053,35,222,FIXTURE
49-3053,36,2115,FIXTURE
49-3053,37,1093,FIXTURE
49-3053,38,82,FIXTURE
49-3053,39,1235,FIXTURE
49-3053,40,415,FIXTURE
49-3053,41,444,FIXTURE
49-3053,42,1361,FIXTURE
49-3053,44,115,FIXTURE
49-3053,45,536,FIXTURE
49-3053,46,93,FIXTURE
49-3053,47,723,FIXTURE
49-3053,48,3051,FIXTURE
49-3053,49,343,FIXTURE
49-3053,50,67,FIXTURE
49-3053,51,904,FIXTURE
49-3053,53,807,FIXTURE
49-3053,54,188,FIXTURE
49-3053,55,617,FIXTURE
49-3053,56,60,FIXTURE
49-3091,01,224,FIXTURE
49-3091,02,33,FIXTURE
49-3091,04,318,FIXTURE
49-3091,05,134,FIXTURE
49-3091,06,1761,FIXTURE
49-3091,08,257,FIXTURE
49-3091,09,161,FIXTURE
49-3091,10,44,FIXTURE
49-3091,11,31,FIXTURE
49-3091,12,959,FIXTURE
49-3091,13,477,FIXTURE
49-3091,15,65,FIXTURE
49-3091,16,82,FIXTURE
49-3091,17,570,FIXTURE
49-3091,18,302,FIXTURE
49-3091,19,142,FIXTURE
49-3091,20,131,FIXTURE
49-3091,21,201,FIXTURE
49-3091,22,207,FIXTURE
49-3091,23,61,FIXTURE
49-3091,24,275,FIXTURE
49-3091,25,313,FIXTURE
49-3091,26,449,FIXTURE
49-3091,27,254,FIXTURE
49-3091,28,132,FIXTURE
49-3091,29,274,FIXTURE
49-3091,30,48,FIXTURE
49-3091,31,87,FIXTURE
49-3091,32,138,FIXTURE
49-3091,33,61,FIXTURE
49-3091,34,414,FIXTURE
49-3091,35,94,FIXTURE
49-3091,36,900,FIXTURE
49-3091,37,465,FIXTURE
49-3091,38,35,FIXTURE
49-3091,39,525,FIXTURE
49-3091,40,176,FIXTURE
49-3091,41,189,FIXTURE
49-3091,42,579,FIXTURE
49-3091,44,49,FIXTURE
49-3091,45,228,FIXTURE
49-3091,46,39,FIXTURE
49-3091,47,308,FIXTURE
49-3091,48,1298,FIXTURE
49-3091,49,146,FIXTURE
49-3091,50,29,FIXTURE
49-3091,51,384,FIXTURE
49-3091,53,343,FIXTURE
49-3091,54,80,FIXTURE
49-3091,55,262,FIXTURE
49-3091,56,26,FIXTURE
49-3092,01,243,FIXTURE
49-3092,02,35,FIXTURE
49-3092,04,346,FIXTURE
49-3092,05,146,FIXTURE
49-3092,06,1912,FIXTURE
49-3092,08,279,FIXTURE
49-3092,09,174,FIXTURE
49-3092,10,48,FIXTURE
49-3092,11,33,FIXTURE
49-3092,12,1042,FIXTURE
49-3092,13,518,FIXTURE
49-3092,15,70,FIXTURE
49-3092,16,89,FIXTURE
49-3092,17,620,FIXTURE
49-3092,18,328,FIXTURE
49-3092,19,154,FIXTURE
49-3092,20,142,FIXTURE
49-3092,21,218,FIXTURE
49-3092,22,225,FIXTURE
49-3092,23,66,FIXTURE
49-3092,24,299,FIXTURE
49-3092,25,340,FIXTURE
49-3092,26,487,FIXTURE
49-3092,27,276,FIXTURE
49-3092,28,143,FIXTURE
49-3092,29,298,FIXTURE
49-3092,30,52,FIXTURE
49-3092,31,95,FIXTURE
49-3092,32,150,FIXTURE
49-3092,33,67,FIXTURE
49-3092,34,449,FIXTURE
49-3092,35,102,FIXTURE
49-3092,36,977,FIXTURE
49-3092,37,505,FIXTURE
49-3092,38,38,FIXTURE
49-3092,39,571,FIXTURE
49-3092,40,192,FIXTURE
49-3092,41,205,FIXTURE
49-3092,42,629,FIXTURE
49-3092,44,53,FIXTURE
49-3092,45,248,FIXTURE
49-3092,46,43,FIXTURE
49-3092,47,334,FIXTURE
49-3092,48,1410,FIXTURE
49-3092,49,158,FIXTURE
49-3092,50,31,FIXTURE
49-3092,51,417,FIXTURE
49-3092,53,373,FIXTURE
49-3092,54,87,FIXTURE
49-3092,55,285,FIXTURE
49-3092,56,28,FIXTURE
49-3093,01,1413,FIXTURE
49-3093,02,206,FIXTURE
49-3093,04,2011,FIXTURE
49-3093,05,847,FIXTURE
49-3093,06,11115,FIXTURE
49-3093,08,1623,FIXTURE
49-3093,09,1014,FIXTURE
49-3093,10,278,FIXTURE
49-3093,11,194,FIXTURE
49-3093,12,6055,FIXTURE
49-3093,13,3011,FIXTURE
49-3093,15,409,FIXTURE
49-3093,16,517,FIXTURE
49-3093,17,3602,FIXTURE
49-3093,18,1908,FIXTURE
49-3093,19,897,FIXTURE
49-3093,20,826,FIXTURE
49-3093,21,1267,FIXTURE
49-3093,22,1309,FIXTURE
49-3093,23,383,FIXTURE
49-3093,24,1737,FIXTURE
49-3093,25,1976,FIXTURE
49-3093,26,2833,FIXTURE
49-3093,27,1604,FIXTURE
49-3093,28,833,FIXTURE
49-3093,29,1730,FIXTURE
49-3093,30,305,FIXTURE
49-3093,31,551,FIXTURE
49-3093,32,873,FIXTURE
49-3093,33,387,FIXTURE
49-3093,34,2611,FIXTURE
49-3093,35,595,FIXTURE
49-3093,36,5679,FIXTURE
49-3093,37,2935,FIXTURE
49-3093,38,219,FIXTURE
49-3093,39,3317,FIXTURE
49-3093,40,1113,FIXTURE
49-3093,41,1191,FIXTURE
49-3093,42,3655,FIXTURE
49-3093,44,309,FIXTURE
49-3093,45,1439,FIXTURE
49-3093,46,249,FIXTURE
49-3093,47,1943,FIXTURE
49-3093,48,8194,FIXTURE
49-3093,49,920,FIXTURE
49-3093,50,181,FIXTURE
49-3093,51,2427,FIXTURE
49-3093,53,2166,FIXTURE
49-3093,54,504,FIXTURE
49-3093,55,1657,FIXTURE
49-3093,56,162,FIXTURE
49-9011,01,353,FIXTURE
49-9011,02,52,FIXTURE
49-9011,04,503,FIXTURE
49-9011,05,212,FIXTURE
49-9011,06,2779,FIXTURE
49-9011,08,406,FIXTURE
49-9011,09,254,FIXTURE
49-9011,10,70,FIXTURE
49-9011,11,48,FIXTURE
49-9011,12,1514,FIXTURE
49-9011,13,753,FIXTURE
49-9011,15,102,FIXTURE
49-9011,16,129,FIXTURE
49-9011,17,901,FIXTURE
49-9011,18,477,FIXTURE
49-9011,19,224,FIXTURE
49-9011,20,207,FIXTURE
49-9011,21,317,FIXTURE
49-9011,22,327,FIXTURE
49-9011,23,96,FIXTURE
49-9011,24,434,FIXTURE
49-9011,25,494,FIXTURE
49-9011,26,708,FIXTURE
49-9011,27,401,FIXTURE
49-9011,28,208,FIXTURE
49-9011,29,433,FIXTURE
49-9011,30,76,FIXTURE
49-9011,31,138,FIXTURE
49-9011,32,218,FIXTURE
49-9011,33,97,FIXTURE
49-9011,34,653,FIXTURE
49-9011,35,149,FIXTURE
49-9011,36,1420,FIXTURE
49-9011,37,734,FIXTURE
49-9011,38,55,FIXTURE
49-9011,39,829,FIXTURE
49-9011,40,278,FIXTURE
49-9011,41,298,FIXTURE
49-9011,42,914,FIXTURE
49-9011,44,77,FIXTURE
49-9011,45,360,FIXTURE
49-9011,46,62,FIXTURE
49-9011,47,486,FIXTURE
49-9011,48,2049,FIXTURE
49-9011,49,230,FIXTURE
49-9011,50,45,FIXTURE
49-9011,51,607,FIXTURE
49-9011,53,542,FIXTURE
49-9011,54,126,FIXTURE
49-9011,55,414,FIXTURE
49-9011,56,41,FIXTURE
49-9012,01,680,FIXTURE
49-9012,02,99,FIXTURE
49-9012,04,968,FIXTURE
49-9012,05,408,FIXTURE
49-9012,06,5352,FIXTURE
49-9012,08,782,FIXTURE
49-9012,09,488,FIXTURE
49-9012,10,134,FIXTURE
49-9012,11,93,FIXTURE
49-9012,12,2916,FIXTURE
49-9012,13,1450,FIXTURE
49-9012,15,197,FIXTURE
49-9012,16,249,FIXTURE
49-9012,17,1734,FIXTURE
49-9012,18,919,FIXTURE
49-9012,19,432,FIXTURE
49-9012,20,398,FIXTURE
49-9012,21,610,FIXTURE
49-9012,22,631,FIXTURE
49-9012,23,184,FIXTURE
49-9012,24,836,FIXTURE
49-9012,25,952,FIXTURE
49-9012,26,1364,FIXTURE
49-9012,27,773,FIXTURE
49-9012,28,401,FIXTURE
49-9012,29,833,FIXTURE
49-9012,30,147,FIXTURE
49-9012,31,266,FIXTURE
49-9012,32,420,FIXTURE
49-9012,33,186,FIXTURE
49-9012,34,1257,FIXTURE
49-9012,35,287,FIXTURE
49-9012,36,2735,FIXTURE
49-9012,37,1413,FIXTURE
49-9012,38,105,FIXTURE
49-9012,39,1597,FIXTURE
49-9012,40,536,FIXTURE
49-9012,41,574,FIXTURE
49-9012,42,1760,FIXTURE
49-9012,44,149,FIXTURE
49-9012,45,693,FIXTURE
49-9012,46,120,FIXTURE
49-9012,47,936,FIXTURE
49-9012,48,3946,FIXTURE
49-9012,49,443,FIXTURE
49-9012,50,87,FIXTURE
49-9012,51,1168,FIXTURE
49-9012,53,1043,FIXTURE
49-9012,54,243,FIXTURE
49-9012,55,798,FIXTURE
49-9012,56,78,FIXTURE
49-9021,01,5411,FIXTURE
49-9021,02,790,FIXTURE
49-9021,04,7702,FIXTURE
49-9021,05,3243,FIXTURE
49-9021,06,42581,FIXTURE
49-9021,08,6218,FIXTURE
49-9021,09,3883,FIXTURE
49-9021,10,1066,FIXTURE
49-9021,11,743,FIXTURE
49-9021,12,23196,FIXTURE
49-9021,13,11536,FIXTURE
49-9021,15,1567,FIXTURE
49-9021,16,1981,FIXTURE
49-9021,17,13799,FIXTURE
49-9021,18,7308,FIXTURE
49-9021,19,3436,FIXTURE
49-9021,20,3164,FIXTURE
49-9021,21,4853,FIXTURE
49-9021,22,5016,FIXTURE
49-9021,23,1467,FIXTURE
49-9021,24,6653,FIXTURE
49-9021,25,7571,FIXTURE
49-9021,26,10853,FIXTURE
49-9021,27,6146,FIXTURE
49-9021,28,3189,FIXTURE
49-9021,29,6629,FIXTURE
49-9021,30,1168,FIXTURE
49-9021,31,2112,FIXTURE
49-9021,32,3344,FIXTURE
49-9021,33,1484,FIXTURE
49-9021,34,10004,FIXTURE
49-9021,35,2280,FIXTURE
49-9021,36,21756,FIXTURE
49-9021,37,11243,FIXTURE
49-9021,38,839,FIXTURE
49-9021,39,12708,FIXTURE
49-9021,40,4264,FIXTURE
49-9021,41,4563,FIXTURE
49-9021,42,14003,FIXTURE
49-9021,44,1182,FIXTURE
49-9021,45,5512,FIXTURE
49-9021,46,955,FIXTURE
49-9021,47,7443,FIXTURE
49-9021,48,31389,FIXTURE
49-9021,49,3523,FIXTURE
49-9021,50,693,FIXTURE
49-9021,51,9296,FIXTURE
49-9021,53,8298,FIXTURE
49-9021,54,1932,FIXTURE
49-9021,55,6347,FIXTURE
49-9021,56,621,FIXTURE
49-9031,01,426,FIXTURE
49-9031,02,62,FIXTURE
49-9031,04,607,FIXTURE
49-9031,05,256,FIXTURE
49-9031,06,3354,FIXTURE
49-9031,08,490,FIXTURE
49-9031,09,306,FIXTURE
49-9031,10,84,FIXTURE
49-9031,11,59,FIXTURE
49-9031,12,1827,FIXTURE
49-9031,13,909,FIXTURE
49-9031,15,123,FIXTURE
49-9031,16,156,FIXTURE
49-9031,17,1087,FIXTURE
49-9031,18,576,FIXTURE
49-9031,19,271,FIXTURE
49-9031,20,249,FIXTURE
49-9031,21,382,FIXTURE
49-9031,22,395,FIXTURE
49-9031,23,116,FIXTURE
49-9031,24,524,FIXTURE
49-9031,25,596,FIXTURE
49-9031,26,855,FIXTURE
49-9031,27,484,FIXTURE
49-9031,28,251,FIXTURE
49-9031,29,522,FIXTURE
49-9031,30,92,FIXTURE
49-9031,31,166,FIXTURE
49-9031,32,263,FIXTURE
49-9031,33,117,FIXTURE
49-9031,34,788,FIXTURE
49-9031,35,180,FIXTURE
49-9031,36,1714,FIXTURE
49-9031,37,886,FIXTURE
49-9031,38,66,FIXTURE
49-9031,39,1001,FIXTURE
49-9031,40,336,FIXTURE
49-9031,41,360,FIXTURE
49-9031,42,1103,FIXTURE
49-9031,44,93,FIXTURE
49-9031,45,434,FIXTURE
49-9031,46,75,FIXTURE
49-9031,47,586,FIXTURE
49-9031,48,2473,FIXTURE
49-9031,49,278,FIXTURE
49-9031,50,55,FIXTURE
49-9031,51,732,FIXTURE
49-9031,53,654,FIXTURE
49-9031,54,152,FIXTURE
49-9031,55,500,FIXTURE
49-9031,56,49,FIXTURE
49-9041,01,5656,FIXTURE
49-9041,02,826,FIXTURE
49-9041,04,8050,FIXTURE
49-9041,05,3390,FIXTURE
49-9041,06,44506,FIXTURE
49-9041,08,6499,FIXTURE
49-9041,09,4059,FIXTURE
49-9041,10,1114,FIXTURE
49-9041,11,776,FIXTURE
49-9041,12,24244,FIXTURE
49-9041,13,12058,FIXTURE
49-9041,15,1638,FIXTURE
49-9041,16,2070,FIXTURE
49-9041,17,14422,FIXTURE
49-9041,18,7638,FIXTURE
49-9041,19,3591,FIXTURE
49-9041,20,3307,FIXTURE
49-9041,21,5072,FIXTURE
49-9041,22,5243,FIXTURE
49-9041,23,1534,FIXTURE
49-9041,24,6953,FIXTURE
49-9041,25,7913,FIXTURE
49-9041,26,11343,FIXTURE
49-9041,27,6423,FIXTURE
49-9041,28,3333,FIXTURE
49-9041,29,6928,FIXTURE
49-9041,30,1220,FIXTURE
49-9041,31,2208,FIXTURE
49-9041,32,3495,FIXTURE
49-9041,33,1551,FIXTURE
49-9041,34,10456,FIXTURE
49-9041,35,2384,FIXTURE
49-9041,36,22739,FIXTURE
49-9041,37,11751,FIXTURE
49-9041,38,877,FIXTURE
49-9041,39,13282,FIXTURE
49-9041,40,4457,FIXTURE
49-9041,41,4770,FIXTURE
49-9041,42,14636,FIXTURE
49-9041,44,1235,FIXTURE
49-9041,45,5761,FIXTURE
49-9041,46,998,FIXTURE
49-9041,47,7779,FIXTURE
49-9041,48,32807,FIXTURE
49-9041,49,3683,FIXTURE
49-9041,50,724,FIXTURE
49-9041,51,9716,FIXTURE
49-9041,53,8673,FIXTURE
49-9041,54,2019,FIXTURE
49-9041,55,6634,FIXTURE
49-9041,56,649,FIXTURE
49-9043,01,874,FIXTURE
49-9043,02,128,FIXTURE
49-9043,04,1244,FIXTURE
49-9043,05,524,FIXTURE
49-9043,06,6878,FIXTURE
49-9043,08,1004,FIXTURE
49-9043,09,627,FIXTURE
49-9043,10,172,FIXTURE
49-9043,11,120,FIXTURE
49-9043,12,3747,FIXTURE
49-9043,13,1864,FIXTURE
49-9043,15,253,FIXTURE
49-9043,16,320,FIXTURE
49-9043,17,2229,FIXTURE
49-9043,18,1180,FIXTURE
49-9043,19,555,FIXTURE
49-9043,20,511,FIXTURE
49-9043,21,784,FIXTURE
49-9043,22,810,FIXTURE
49-9043,23,237,FIXTURE
49-9043,24,1075,FIXTURE
49-9043,25,1223,FIXTURE
49-9043,26,1753,FIXTURE
49-9043,27,993,FIXTURE
49-9043,28,515,FIXTURE
49-9043,29,1071,FIXTURE
49-9043,30,189,FIXTURE
49-9043,31,341,FIXTURE
49-9043,32,540,FIXTURE
49-9043,33,240,FIXTURE
49-9043,34,1616,FIXTURE
49-9043,35,368,FIXTURE
49-9043,36,3514,FIXTURE
49-9043,37,1816,FIXTURE
49-9043,38,136,FIXTURE
49-9043,39,2053,FIXTURE
49-9043,40,689,FIXTURE
49-9043,41,737,FIXTURE
49-9043,42,2262,FIXTURE
49-9043,44,191,FIXTURE
49-9043,45,890,FIXTURE
49-9043,46,154,FIXTURE
49-9043,47,1202,FIXTURE
49-9043,48,5070,FIXTURE
49-9043,49,569,FIXTURE
49-9043,50,112,FIXTURE
49-9043,51,1502,FIXTURE
49-9043,53,1341,FIXTURE
49-9043,54,312,FIXTURE
49-9043,55,1025,FIXTURE
49-9043,56,100,FIXTURE
49-9044,01,595,FIXTURE
49-9044,02,87,FIXTURE
49-9044,04,847,FIXTURE
49-9044,05,356,FIXTURE
49-9044,06,4681,FIXTURE
49-9044,08,684,FIXTURE
49-9044,09,427,FIXTURE
49-9044,10,117,FIXTURE
49-9044,11,82,FIXTURE
49-9044,12,2550,FIXTURE
49-9044,13,1268,FIXTURE
49-9044,15,172,FIXTURE
49-9044,16,218,FIXTURE
49-9044,17,1517,FIXTURE
49-9044,18,803,FIXTURE
49-9044,19,378,FIXTURE
49-9044,20,348,FIXTURE
49-9044,21,533,FIXTURE
49-9044,22,551,FIXTURE
49-9044,23,161,FIXTURE
49-9044,24,731,FIXTURE
49-9044,25,832,FIXTURE
49-9044,26,1193,FIXTURE
49-9044,27,676,FIXTURE
49-9044,28,351,FIXTURE
49-9044,29,729,FIXTURE
49-9044,30,128,FIXTURE
49-9044,31,232,FIXTURE
49-9044,32,368,FIXTURE
49-9044,33,163,FIXTURE
49-9044,34,1100,FIXTURE
49-9044,35,251,FIXTURE
49-9044,36,2392,FIXTURE
49-9044,37,1236,FIXTURE
49-9044,38,92,FIXTURE
49-9044,39,1397,FIXTURE
49-9044,40,469,FIXTURE
49-9044,41,502,FIXTURE
49-9044,42,1539,FIXTURE
49-9044,44,130,FIXTURE
49-9044,45,606,FIXTURE
49-9044,46,105,FIXTURE
49-9044,47,818,FIXTURE
49-9044,48,3450,FIXTURE
49-9044,49,387,FIXTURE
49-9044,50,76,FIXTURE
49-9044,51,1022,FIXTURE
49-9044,53,912,FIXTURE
49-9044,54,212,FIXTURE
49-9044,55,698,FIXTURE
49-9044,56,68,FIXTURE
49-9045,01,10,FIXTURE
49-9045,02,1,FIXTURE
49-9045,04,14,FIXTURE
49-9045,05,6,FIXTURE
49-9045,06,79,FIXTURE
49-9045,08,12,FIXTURE
49-9045,09,7,FIXTURE
49-9045,10,2,FIXTURE
49-9045,11,1,FIXTURE
49-9045,12,43,FIXTURE
49-9045,13,21,FIXTURE
49-9045,15,3,FIXTURE
49-9045,16,4,FIXTURE
49-9045,17,26,FIXTURE
49-9045,18,14,FIXTURE
49-9045,19,6,FIXTURE
49-9045,20,6,FIXTURE
49-9045,21,9,FIXTURE
49-9045,22,9,FIXTURE
49-9045,23,3,FIXTURE
49-9045,24,12,FIXTURE
49-9045,25,14,FIXTURE
49-9045,26,20,FIXTURE
49-9045,27,11,FIXTURE
49-9045,28,6,FIXTURE
49-9045,29,12,FIXTURE
49-9045,30,2,FIXTURE
49-9045,31,4,FIXTURE
49-9045,32,6,FIXTURE
49-9045,33,3,FIXTURE
49-9045,34,19,FIXTURE
49-9045,35,4,FIXTURE
49-9045,36,40,FIXTURE
49-9045,37,21,FIXTURE
49-9045,38,2,FIXTURE
49-9045,39,23,FIXTURE
49-9045,40,8,FIXTURE
49-9045,41,8,FIXTURE
49-9045,42,26,FIXTURE
49-9045,44,2,FIXTURE
49-9045,45,10,FIXTURE
49-9045,46,2,FIXTURE
49-9045,47,14,FIXTURE
49-9045,48,58,FIXTURE
49-9045,49,7,FIXTURE
49-9045,50,1,FIXTURE
49-9045,51,17,FIXTURE
49-9045,53,15,FIXTURE
49-9045,54,4,FIXTURE
49-9045,55,12,FIXTURE
49-9045,56,1,FIXTURE
49-9051,01,1879,FIXTURE
49-9051,02,274,FIXTURE
49-9051,04,2674,FIXTURE
49-9051,05,1126,FIXTURE
49-9051,06,14785,FIXTURE
49-9051,08,2159,FIXTURE
49-9051,09,1348,FIXTURE
49-9051,10,370,FIXTURE
49-9051,11,258,FIXTURE
49-9051,12,8054,FIXTURE
49-9051,13,4006,FIXTURE
49-9051,15,544,FIXTURE
49-9051,16,688,FIXTURE
49-9051,17,4791,FIXTURE
49-9051,18,2537,FIXTURE
49-9051,19,1193,FIXTURE
49-9051,20,1099,FIXTURE
49-9051,21,1685,FIXTURE
49-9051,22,1742,FIXTURE
49-9051,23,509,FIXTURE
49-9051,24,2310,FIXTURE
49-9051,25,2629,FIXTURE
49-9051,26,3768,FIXTURE
49-9051,27,2134,FIXTURE
49-9051,28,1107,FIXTURE
49-9051,29,2302,FIXTURE
49-9051,30,405,FIXTURE
49-9051,31,733,FIXTURE
49-9051,32,1161,FIXTURE
49-9051,33,515,FIXTURE
49-9051,34,3473,FIXTURE
49-9051,35,792,FIXTURE
49-9051,36,7554,FIXTURE
49-9051,37,3904,FIXTURE
49-9051,38,291,FIXTURE
49-9051,39,4412,FIXTURE
49-9051,40,1481,FIXTURE
49-9051,41,1584,FIXTURE
49-9051,42,4862,FIXTURE
49-9051,44,410,FIXTURE
49-9051,45,1914,FIXTURE
49-9051,46,332,FIXTURE
49-9051,47,2584,FIXTURE
49-9051,48,10899,FIXTURE
49-9051,49,1223,FIXTURE
49-9051,50,240,FIXTURE
49-9051,51,3228,FIXTURE
49-9051,53,2881,FIXTURE
49-9051,54,671,FIXTURE
49-9051,55,2204,FIXTURE
49-9051,56,216,FIXTURE
49-9052,01,1539,FIXTURE
49-9052,02,225,FIXTURE
49-9052,04,2191,FIXTURE
49-9052,05,923,FIXTURE
49-9052,06,12111,FIXTURE
49-9052,08,1769,FIXTURE
49-9052,09,1105,FIXTURE
49-9052,10,303,FIXTURE
49-9052,11,211,FIXTURE
49-9052,12,6598,FIXTURE
49-9052,13,3281,FIXTURE
49-9052,15,446,FIXTURE
49-9052,16,563,FIXTURE
49-9052,17,3925,FIXTURE
49-9052,18,2079,FIXTURE
49-9052,19,977,FIXTURE
49-9052,20,900,FIXTURE
49-9052,21,1380,FIXTURE
49-9052,22,1427,FIXTURE
49-9052,23,417,FIXTURE
49-9052,24,1892,FIXTURE
49-9052,25,2153,FIXTURE
49-9052,26,3087,FIXTURE
49-9052,27,1748,FIXTURE
49-9052,28,907,FIXTURE
49-9052,29,1885,FIXTURE
49-9052,30,332,FIXTURE
49-9052,31,601,FIXTURE
49-9052,32,951,FIXTURE
49-9052,33,422,FIXTURE
49-9052,34,2845,FIXTURE
49-9052,35,649,FIXTURE
49-9052,36,6188,FIXTURE
49-9052,37,3198,FIXTURE
49-9052,38,239,FIXTURE
49-9052,39,3614,FIXTURE
49-9052,40,1213,FIXTURE
49-9052,41,1298,FIXTURE
49-9052,42,3983,FIXTURE
49-9052,44,336,FIXTURE
49-9052,45,1568,FIXTURE
49-9052,46,272,FIXTURE
49-9052,47,2117,FIXTURE
49-9052,48,8928,FIXTURE
49-9052,49,1002,FIXTURE
49-9052,50,197,FIXTURE
49-9052,51,2644,FIXTURE
49-9052,53,2360,FIXTURE
49-9052,54,549,FIXTURE
49-9052,55,1805,FIXTURE
49-9052,56,177,FIXTURE
49-9061,01,35,FIXTURE
49-9061,02,5,FIXTURE
49-9061,04,50,FIXTURE
49-9061,05,21,FIXTURE
49-9061,06,279,FIXTURE
49-9061,08,41,FIXTURE
49-9061,09,25,FIXTURE
49-9061,10,7,FIXTURE
49-9061,11,5,FIXTURE
49-9061,12,152,FIXTURE
49-9061,13,76,FIXTURE
49-9061,15,10,FIXTURE
49-9061,16,13,FIXTURE
49-9061,17,90,FIXTURE
49-9061,18,48,FIXTURE
49-9061,19,22,FIXTURE
49-9061,20,21,FIXTURE
49-9061,21,32,FIXTURE
49-9061,22,33,FIXTURE
49-9061,23,10,FIXTURE
49-9061,24,44,FIXTURE
49-9061,25,50,FIXTURE
49-9061,26,71,FIXTURE
49-9061,27,40,FIXTURE
49-9061,28,21,FIXTURE
49-9061,29,43,FIXTURE
49-9061,30,8,FIXTURE
49-9061,31,14,FIXTURE
49-9061,32,22,FIXTURE
49-9061,33,10,FIXTURE
49-9061,34,66,FIXTURE
49-9061,35,15,FIXTURE
49-9061,36,143,FIXTURE
49-9061,37,74,FIXTURE
49-9061,38,5,FIXTURE
49-9061,39,83,FIXTURE
49-9061,40,28,FIXTURE
49-9061,41,30,FIXTURE
49-9061,42,92,FIXTURE
49-9061,44,8,FIXTURE
49-9061,45,36,FIXTURE
49-9061,46,6,FIXTURE
49-9061,47,49,FIXTURE
49-9061,48,206,FIXTURE
49-9061,49,23,FIXTURE
49-9061,50,4,FIXTURE
49-9061,51,61,FIXTURE
49-9061,53,54,FIXTURE
49-9061,54,13,FIXTURE
49-9061,55,42,FIXTURE
49-9061,56,4,FIXTURE
49-9062,01,809,FIXTURE
49-9062,02,118,FIXTURE
49-9062,04,1152,FIXTURE
49-9062,05,485,FIXTURE
49-9062,06,6370,FIXTURE
49-9062,08,930,FIXTURE
49-9062,09,581,FIXTURE
49-9062,10,159,FIXTURE
49-9062,11,111,FIXTURE
49-9062,12,3470,FIXTURE
49-9062,13,1726,FIXTURE
49-9062,15,234,FIXTURE
49-9062,16,296,FIXTURE
49-9062,17,2064,FIXTURE
49-9062,18,1093,FIXTURE
49-9062,19,514,FIXTURE
49-9062,20,473,FIXTURE
49-9062,21,726,FIXTURE
49-9062,22,750,FIXTURE
49-9062,23,219,FIXTURE
49-9062,24,995,FIXTURE
49-9062,25,1133,FIXTURE
49-9062,26,1624,FIXTURE
49-9062,27,919,FIXTURE
49-9062,28,477,FIXTURE
49-9062,29,992,FIXTURE
49-9062,30,175,FIXTURE
49-9062,31,316,FIXTURE
49-9062,32,500,FIXTURE
49-9062,33,222,FIXTURE
49-9062,34,1497,FIXTURE
49-9062,35,341,FIXTURE
49-9062,36,3255,FIXTURE
49-9062,37,1682,FIXTURE
49-9062,38,126,FIXTURE
49-9062,39,1901,FIXTURE
49-9062,40,638,FIXTURE
49-9062,41,683,FIXTURE
49-9062,42,2095,FIXTURE
49-9062,44,177,FIXTURE
49-9062,45,825,FIXTURE
49-9062,46,143,FIXTURE
49-9062,47,1113,FIXTURE
49-9062,48,4696,FIXTURE
49-9062,49,527,FIXTURE
49-9062,50,104,FIXTURE
49-9062,51,1391,FIXTURE
49-9062,53,1241,FIXTURE
49-9062,54,289,FIXTURE
49-9062,55,950,FIXTURE
49-9062,56,93,FIXTURE
49-9063,01,87,FIXTURE
49-9063,02,13,FIXTURE
49-9063,04,123,FIXTURE
49-9063,05,52,FIXTURE
49-9063,06,681,FIXTURE
49-9063,08,99,FIXTURE
49-9063,09,62,FIXTURE
49-9063,10,17,FIXTURE
49-9063,11,12,FIXTURE
49-9063,12,371,FIXTURE
49-9063,13,185,FIXTURE
49-9063,15,25,FIXTURE
49-9063,16,32,FIXTURE
49-9063,17,221,FIXTURE
49-9063,18,117,FIXTURE
49-9063,19,55,FIXTURE
49-9063,20,51,FIXTURE
49-9063,21,78,FIXTURE
49-9063,22,80,FIXTURE
49-9063,23,23,FIXTURE
49-9063,24,106,FIXTURE
49-9063,25,121,FIXTURE
49-9063,26,174,FIXTURE
49-9063,27,98,FIXTURE
49-9063,28,51,FIXTURE
49-9063,29,106,FIXTURE
49-9063,30,19,FIXTURE
49-9063,31,34,FIXTURE
49-9063,32,53,FIXTURE
49-9063,33,24,FIXTURE
49-9063,34,160,FIXTURE
49-9063,35,36,FIXTURE
49-9063,36,348,FIXTURE
49-9063,37,180,FIXTURE
49-9063,38,13,FIXTURE
49-9063,39,203,FIXTURE
49-9063,40,68,FIXTURE
49-9063,41,73,FIXTURE
49-9063,42,224,FIXTURE
49-9063,44,19,FIXTURE
49-9063,45,88,FIXTURE
49-9063,46,15,FIXTURE
49-9063,47,119,FIXTURE
49-9063,48,502,FIXTURE
49-9063,49,56,FIXTURE
49-9063,50,11,FIXTURE
49-9063,51,149,FIXTURE
49-9063,53,133,FIXTURE
49-9063,54,31,FIXTURE
49-9063,55,102,FIXTURE
49-9063,56,10,FIXTURE
49-9064,01,30,FIXTURE
49-9064,02,4,FIXTURE
49-9064,04,43,FIXTURE
49-9064,05,18,FIXTURE
49-9064,06,235,FIXTURE
49-9064,08,34,FIXTURE
49-9064,09,21,FIXTURE
49-9064,10,6,FIXTURE
49-9064,11,4,FIXTURE
49-9064,12,128,FIXTURE
49-9064,13,64,FIXTURE
49-9064,15,9,FIXTURE
49-9064,16,11,FIXTURE
49-9064,17,76,FIXTURE
49-9064,18,40,FIXTURE
49-9064,19,19,FIXTURE
49-9064,20,17,FIXTURE
49-9064,21,27,FIXTURE
49-9064,22,28,FIXTURE
49-9064,23,8,FIXTURE
49-9064,24,37,FIXTURE
49-9064,25,42,FIXTURE
49-9064,26,60,FIXTURE
49-9064,27,34,FIXTURE
49-9064,28,18,FIXTURE
49-9064,29,37,FIXTURE
49-9064,30,6,FIXTURE
49-9064,31,12,FIXTURE
49-9064,32,18,FIXTURE
49-9064,33,8,FIXTURE
49-9064,34,55,FIXTURE
49-9064,35,13,FIXTURE
49-9064,36,120,FIXTURE
49-9064,37,62,FIXTURE
49-9064,38,5,FIXTURE
49-9064,39,70,FIXTURE
49-9064,40,24,FIXTURE
49-9064,41,25,FIXTURE
49-9064,42,77,FIXTURE
49-9064,44,7,FIXTURE
49-9064,45,30,FIXTURE
49-9064,46,5,FIXTURE
49-9064,47,41,FIXTURE
49-9064,48,173,FIXTURE
49-9064,49,19,FIXTURE
49-9064,50,4,FIXTURE
49-9064,51,51,FIXTURE
49-9064,53,46,FIXTURE
49-9064,54,11,FIXTURE
49-9064,55,35,FIXTURE
49-9064,56,3,FIXTURE
49-9069,01,168,FIXTURE
49-9069,02,25,FIXTURE
49-9069,04,240,FIXTURE
49-9069,05,101,FIXTURE
49-9069,06,1325,FIXTURE
49-9069,08,194,FIXTURE
49-9069,09,121,FIXTURE
49-9069,10,33,FIXTURE
49-9069,11,23,FIXTURE
49-9069,12,722,FIXTURE
49-9069,13,359,FIXTURE
49-9069,15,49,FIXTURE
49-9069,16,62,FIXTURE
49-9069,17,429,FIXTURE
49-9069,18,227,FIXTURE
49-9069,19,107,FIXTURE
49-9069,20,98,FIXTURE
49-9069,21,151,FIXTURE
49-9069,22,156,FIXTURE
49-9069,23,46,FIXTURE
49-9069,24,207,FIXTURE
49-9069,25,236,FIXTURE
49-9069,26,338,FIXTURE
49-9069,27,191,FIXTURE
49-9069,28,99,FIXTURE
49-9069,29,206,FIXTURE
49-9069,30,36,FIXTURE
49-9069,31,66,FIXTURE
49-9069,32,104,FIXTURE
49-9069,33,46,FIXTURE
49-9069,34,311,FIXTURE
49-9069,35,71,FIXTURE
49-9069,36,677,FIXTURE
49-9069,37,350,FIXTURE
49-9069,38,26,FIXTURE
49-9069,39,395,FIXTURE
49-9069,40,133,FIXTURE
49-9069,41,142,FIXTURE
49-9069,42,436,FIXTURE
49-9069,44,37,FIXTURE
49-9069,45,172,FIXTURE
49-9069,46,30,FIXTURE
49-9069,47,232,FIXTURE
49-9069,48,977,FIXTURE
49-9069,49,110,FIXTURE
49-9069,50,22,FIXTURE
49-9069,51,289,FIXTURE
49-9069,53,258,FIXTURE
49-9069,54,60,FIXTURE
49-9069,55,198,FIXTURE
49-9069,56,19,FIXTURE
49-9071,01,21476,FIXTURE
49-9071,02,3135,FIXTURE
49-9071,04,30568,FIXTURE
49-9071,05,12872,FIXTURE
49-9071,06,169001,FIXTURE
49-9071,08,24679,FIXTURE
49-9071,09,15413,FIXTURE
49-9071,10,4231,FIXTURE
49-9071,11,2947,FIXTURE
49-9071,12,92062,FIXTURE
49-9071,13,45787,FIXTURE
49-9071,15,6220,FIXTURE
49-9071,16,7861,FIXTURE
49-9071,17,54766,FIXTURE
49-9071,18,29004,FIXTURE
49-9071,19,13637,FIXTURE
49-9071,20,12558,FIXTURE
49-9071,21,19260,FIXTURE
49-9071,22,19909,FIXTURE
49-9071,23,5823,FIXTURE
49-9071,24,26404,FIXTURE
49-9071,25,30049,FIXTURE
49-9071,26,43074,FIXTURE
49-9071,27,24392,FIXTURE
49-9071,28,12658,FIXTURE
49-9071,29,26308,FIXTURE
49-9071,30,4634,FIXTURE
49-9071,31,8384,FIXTURE
49-9071,32,13270,FIXTURE
49-9071,33,5888,FIXTURE
49-9071,34,39705,FIXTURE
49-9071,35,9051,FIXTURE
49-9071,36,86348,FIXTURE
49-9071,37,44622,FIXTURE
49-9071,38,3330,FIXTURE
49-9071,39,50435,FIXTURE
49-9071,40,16924,FIXTURE
49-9071,41,18112,FIXTURE
49-9071,42,55578,FIXTURE
49-9071,44,4691,FIXTURE
49-9071,45,21878,FIXTURE
49-9071,46,3790,FIXTURE
49-9071,47,29540,FIXTURE
49-9071,48,124579,FIXTURE
49-9071,49,13984,FIXTURE
49-9071,50,2749,FIXTURE
49-9071,51,36894,FIXTURE
49-9071,53,32935,FIXTURE
49-9071,54,7667,FIXTURE
49-9071,55,25192,FIXTURE
49-9071,56,2466,FIXTURE
49-9081,01,153,FIXTURE
49-9081,02,22,FIXTURE
49-9081,04,218,FIXTURE
49-9081,05,92,FIXTURE
49-9081,06,1205,FIXTURE
49-9081,08,176,FIXTURE
49-9081,09,110,FIXTURE
49-9081,10,30,FIXTURE
49-9081,11,21,FIXTURE
49-9081,12,656,FIXTURE
49-9081,13,326,FIXTURE
49-9081,15,44,FIXTURE
49-9081,16,56,FIXTURE
49-9081,17,390,FIXTURE
49-9081,18,207,FIXTURE
49-9081,19,97,FIXTURE
49-9081,20,89,FIXTURE
49-9081,21,137,FIXTURE
49-9081,22,142,FIXTURE
49-9081,23,41,FIXTURE
49-9081,24,188,FIXTURE
49-9081,25,214,FIXTURE
49-9081,26,307,FIXTURE
49-9081,27,174,FIXTURE
49-9081,28,90,FIXTURE
49-9081,29,188,FIXTURE
49-9081,30,33,FIXTURE
49-9081,31,60,FIXTURE
49-9081,32,95,FIXTURE
49-9081,33,42,FIXTURE
49-9081,34,283,FIXTURE
49-9081,35,64,FIXTURE
49-9081,36,616,FIXTURE
49-9081,37,318,FIXTURE
49-9081,38,24,FIXTURE
49-9081,39,360,FIXTURE
49-9081,40,121,FIXTURE
49-9081,41,129,FIXTURE
49-9081,42,396,FIXTURE
49-9081,44,33,FIXTURE
49-9081,45,156,FIXTURE
49-9081,46,27,FIXTURE
49-9081,47,211,FIXTURE
49-9081,48,888,FIXTURE
49-9081,49,100,FIXTURE
49-9081,50,20,FIXTURE
49-9081,51,263,FIXTURE
49-9081,53,235,FIXTURE
49-9081,54,55,FIXTURE
49-9081,55,180,FIXTURE
49-9081,56,18,FIXTURE
49-9091,01,418,FIXTURE
49-9091,02,61,FIXTURE
49-9091,04,594,FIXTURE
49-9091,05,250,FIXTURE
49-9091,06,3285,FIXTURE
49-9091,08,480,FIXTURE
49-9091,09,300,FIXTURE
49-9091,10,82,FIXTURE
49-9091,11,57,FIXTURE
49-9091,12,1790,FIXTURE
49-9091,13,890,FIXTURE
49-9091,15,121,FIXTURE
49-9091,16,153,FIXTURE
49-9091,17,1065,FIXTURE
49-9091,18,564,FIXTURE
49-9091,19,265,FIXTURE
49-9091,20,244,FIXTURE
49-9091,21,374,FIXTURE
49-9091,22,387,FIXTURE
49-9091,23,113,FIXTURE
49-9091,24,513,FIXTURE
49-9091,25,584,FIXTURE
49-9091,26,837,FIXTURE
49-9091,27,474,FIXTURE
49-9091,28,246,FIXTURE
49-9091,29,511,FIXTURE
49-9091,30,90,FIXTURE
49-9091,31,163,FIXTURE
49-9091,32,258,FIXTURE
49-9091,33,115,FIXTURE
49-9091,34,772,FIXTURE
49-9091,35,176,FIXTURE
49-9091,36,1679,FIXTURE
49-9091,37,867,FIXTURE
49-9091,38,65,FIXTURE
49-9091,39,980,FIXTURE
49-9091,40,329,FIXTURE
49-9091,41,352,FIXTURE
49-9091,42,1080,FIXTURE
49-9091,44,91,FIXTURE
49-9091,45,425,FIXTURE
49-9091,46,74,FIXTURE
49-9091,47,574,FIXTURE
49-9091,48,2422,FIXTURE
49-9091,49,272,FIXTURE
49-9091,50,54,FIXTURE
49-9091,51,717,FIXTURE
49-9091,53,640,FIXTURE
49-9091,54,149,FIXTURE
49-9091,55,490,FIXTURE
49-9091,56,48,FIXTURE
49-9092,01,40,FIXTURE
49-9092,02,6,FIXTURE
49-9092,04,58,FIXTURE
49-9092,05,24,FIXTURE
49-9092,06,318,FIXTURE
49-9092,08,46,FIXTURE
49-9092,09,29,FIXTURE
49-9092,10,8,FIXTURE
49-9092,11,6,FIXTURE
49-9092,12,173,FIXTURE
49-9092,13,86,FIXTURE
49-9092,15,12,FIXTURE
49-9092,16,15,FIXTURE
49-9092,17,103,FIXTURE
49-9092,18,55,FIXTURE
49-9092,19,26,FIXTURE
49-9092,20,24,FIXTURE
49-9092,21,36,FIXTURE
49-9092,22,37,FIXTURE
49-9092,23,11,FIXTURE
49-9092,24,50,FIXTURE
49-9092,25,57,FIXTURE
49-9092,26,81,FIXTURE
49-9092,27,46,FIXTURE
49-9092,28,24,FIXTURE
49-9092,29,50,FIXTURE
49-9092,30,9,FIXTURE
49-9092,31,16,FIXTURE
49-9092,32,25,FIXTURE
49-9092,33,11,FIXTURE
49-9092,34,75,FIXTURE
49-9092,35,17,FIXTURE
49-9092,36,163,FIXTURE
49-9092,37,84,FIXTURE
49-9092,38,6,FIXTURE
49-9092,39,95,FIXTURE
49-9092,40,32,FIXTURE
49-9092,41,34,FIXTURE
49-9092,42,105,FIXTURE
49-9092,44,9,FIXTURE
49-9092,45,41,FIXTURE
49-9092,46,7,FIXTURE
49-9092,47,56,FIXTURE
49-9092,48,235,FIXTURE
49-9092,49,26,FIXTURE
49-9092,50,5,FIXTURE
49-9092,51,70,FIXTURE
49-9092,53,62,FIXTURE
49-9092,54,14,FIXTURE
49-9092,55,47,FIXTURE
49-9092,56,5,FIXTURE
49-9094,01,233,FIXTURE
49-9094,02,34,FIXTURE
49-9094,04,332,FIXTURE
49-9094,05,140,FIXTURE
49-9094,06,1835,FIXTURE
49-9094,08,268,FIXTURE
49-9094,09,167,FIXTURE
49-9094,10,46,FIXTURE
49-9094,11,32,FIXTURE
49-9094,12,999,FIXTURE
49-9094,13,497,FIXTURE
49-9094,15,68,FIXTURE
49-9094,16,85,FIXTURE
49-9094,17,595,FIXTURE
49-9094,18,315,FIXTURE
49-9094,19,148,FIXTURE
49-9094,20,136,FIXTURE
49-9094,21,209,FIXTURE
49-9094,22,216,FIXTURE
49-9094,23,63,FIXTURE
49-9094,24,287,FIXTURE
49-9094,25,326,FIXTURE
49-9094,26,468,FIXTURE
49-9094,27,265,FIXTURE
49-9094,28,137,FIXTURE
49-9094,29,286,FIXTURE
49-9094,30,50,FIXTURE
49-9094,31,91,FIXTURE
49-9094,32,144,FIXTURE
49-9094,33,64,FIXTURE
49-9094,34,431,FIXTURE
49-9094,35,98,FIXTURE
49-9094,36,937,FIXTURE
49-9094,37,484,FIXTURE
49-9094,38,36,FIXTURE
49-9094,39,548,FIXTURE
49-9094,40,184,FIXTURE
49-9094,41,197,FIXTURE
49-9094,42,603,FIXTURE
49-9094,44,51,FIXTURE
49-9094,45,237,FIXTURE
49-9094,46,41,FIXTURE
49-9094,47,321,FIXTURE
49-9094,48,1352,FIXTURE
49-9094,49,152,FIXTURE
49-9094,50,30,FIXTURE
49-9094,51,401,FIXTURE
49-9094,53,358,FIXTURE
49-9094,54,83,FIXTURE
49-9094,55,273,FIXTURE
49-9094,56,27,FIXTURE
49-9095,01,54,FIXTURE
49-9095,02,8,FIXTURE
49-9095,04,76,FIXTURE
49-9095,05,32,FIXTURE
49-9095,06,421,FIXTURE
49-9095,08,61,FIXTURE
49-9095,09,38,FIXTURE
49-9095,10,11,FIXTURE
49-9095,11,7,FIXTURE
49-9095,12,229,FIXTURE
49-9095,13,114,FIXTURE
49-9095,15,15,FIXTURE
49-9095,16,20,FIXTURE
49-9095,17,136,FIXTURE
49-9095,18,72,FIXTURE
49-9095,19,34,FIXTURE
49-9095,20,31,FIXTURE
49-9095,21,48,FIXTURE
49-9095,22,50,FIXTURE
49-9095,23,14,FIXTURE
49-9095,24,66,FIXTURE
49-9095,25,75,FIXTURE
49-9095,26,107,FIXTURE
49-9095,27,61,FIXTURE
49-9095,28,32,FIXTURE
49-9095,29,66,FIXTURE
49-9095,30,12,FIXTURE
49-9095,31,21,FIXTURE
49-9095,32,33,FIXTURE
49-9095,33,15,FIXTURE
49-9095,34,99,FIXTURE
49-9095,35,23,FIXTURE
49-9095,36,215,FIXTURE
49-9095,37,111,FIXTURE
49-9095,38,8,FIXTURE
49-9095,39,126,FIXTURE
49-9095,40,42,FIXTURE
49-9095,41,45,FIXTURE
49-9095,42,138,FIXTURE
49-9095,44,12,FIXTURE
49-9095,45,55,FIXTURE
49-9095,46,9,FIXTURE
49-9095,47,74,FIXTURE
49-9095,48,310,FIXTURE
49-9095,49,35,FIXTURE
49-9095,50,7,FIXTURE
49-9095,51,92,FIXTURE
49-9095,53,82,FIXTURE
49-9095,54,19,FIXTURE
49-9095,55,63,FIXTURE
49-9095,56,6,FIXTURE
49-9096,01,273,FIXTURE
49-9096,02,40,FIXTURE
49-9096,04,388,FIXTURE
49-9096,05,163,FIXTURE
49-9096,06,2145,FIXTURE
49-9096,08,313,FIXTURE
49-9096,09,196,FIXTURE
49-9096,10,54,FIXTURE
49-9096,11,37,FIXTURE
49-9096,12,1168,FIXTURE
49-9096,13,581,FIXTURE
49-9096,15,79,FIXTURE
49-9096,16,100,FIXTURE
49-9096,17,695,FIXTURE
49-9096,18,368,FIXTURE
49-9096,19,173,FIXTURE
49-9096,20,159,FIXTURE
49-9096,21,244,FIXTURE
49-9096,22,253,FIXTURE
49-9096,23,74,FIXTURE
49-9096,24,335,FIXTURE
49-9096,25,381,FIXTURE
49-9096,26,547,FIXTURE
49-9096,27,310,FIXTURE
49-9096,28,161,FIXTURE
49-9096,29,334,FIXTURE
49-9096,30,59,FIXTURE
49-9096,31,106,FIXTURE
49-9096,32,168,FIXTURE
49-9096,33,75,FIXTURE
49-9096,34,504,FIXTURE
49-9096,35,115,FIXTURE
49-9096,36,1096,FIXTURE
49-9096,37,566,FIXTURE
49-9096,38,42,FIXTURE
49-9096,39,640,FIXTURE
49-9096,40,215,FIXTURE
49-9096,41,230,FIXTURE
49-9096,42,705,FIXTURE
49-9096,44,60,FIXTURE
49-9096,45,278,FIXTURE
49-9096,46,48,FIXTURE
49-9096,47,375,FIXTURE
49-9096,48,1581,FIXTURE
49-9096,49,177,FIXTURE
49-9096,50,35,FIXTURE
49-9096,51,468,FIXTURE
49-9096,53,418,FIXTURE
49-9096,54,97,FIXTURE
49-9096,55,320,FIXTURE
49-9096,56,31,FIXTURE
49-9097,01,123,FIXTURE
49-9097,02,18,FIXTURE
49-9097,04,174,FIXTURE
49-9097,05,73,FIXTURE
49-9097,06,965,FIXTURE
49-9097,08,141,FIXTURE
49-9097,09,88,FIXTURE
49-9097,10,24,FIXTURE
49-9097,11,17,FIXTURE
49-9097,12,526,FIXTURE
49-9097,13,261,FIXTURE
49-9097,15,35,FIXTURE
49-9097,16,45,FIXTURE
49-9097,17,313,FIXTURE
49-9097,18,165,FIXTURE
49-9097,19,78,FIXTURE
49-9097,20,72,FIXTURE
49-9097,21,110,FIXTURE
49-9097,22,114,FIXTURE
49-9097,23,33,FIXTURE
49-9097,24,151,FIXTURE
49-9097,25,171,FIXTURE
49-9097,26,246,FIXTURE
49-9097,27,139,FIXTURE
49-9097,28,72,FIXTURE
49-9097,29,150,FIXTURE
49-9097,30,26,FIXTURE
49-9097,31,48,FIXTURE
49-9097,32,76,FIXTURE
49-9097,33,34,FIXTURE
49-9097,34,227,FIXTURE
49-9097,35,52,FIXTURE
49-9097,36,493,FIXTURE
49-9097,37,255,FIXTURE
49-9097,38,19,FIXTURE
49-9097,39,288,FIXTURE
49-9097,40,97,FIXTURE
49-9097,41,103,FIXTURE
49-9097,42,317,FIXTURE
49-9097,44,27,FIXTURE
49-9097,45,125,FIXTURE
49-9097,46,22,FIXTURE
49-9097,47,169,FIXTURE
49-9097,48,711,FIXTURE
49-9097,49,80,FIXTURE
49-9097,50,16,FIXTURE
49-9097,51,211,FIXTURE
49-9097,53,188,FIXTURE
49-9097,54,44,FIXTURE
49-9097,55,144,FIXTURE
49-9097,56,14,FIXTURE
49-9098,01,1341,FIXTURE
49-9098,02,196,FIXTURE
49-9098,04,1909,FIXTURE
49-9098,05,804,FIXTURE
49-9098,06,10555,FIXTURE
49-9098,08,1541,FIXTURE
49-9098,09,963,FIXTURE
49-9098,10,264,FIXTURE
49-9098,11,184,FIXTURE
49-9098,12,5750,FIXTURE
49-9098,13,2860,FIXTURE
49-9098,15,388,FIXTURE
49-9098,16,491,FIXTURE
49-9098,17,3420,FIXTURE
49-9098,18,1811,FIXTURE
49-9098,19,852,FIXTURE
49-9098,20,784,FIXTURE
49-9098,21,1203,FIXTURE
49-9098,22,1243,FIXTURE
49-9098,23,364,FIXTURE
49-9098,24,1649,FIXTURE
49-9098,25,1877,FIXTURE
49-9098,26,2690,FIXTURE
49-9098,27,1523,FIXTURE
49-9098,28,790,FIXTURE
49-9098,29,1643,FIXTURE
49-9098,30,289,FIXTURE
49-9098,31,524,FIXTURE
49-9098,32,829,FIXTURE
49-9098,33,368,FIXTURE
49-9098,34,2480,FIXTURE
49-9098,35,565,FIXTURE
49-9098,36,5393,FIXTURE
49-9098,37,2787,FIXTURE
49-9098,38,208,FIXTURE
49-9098,39,3150,FIXTURE
49-9098,40,1057,FIXTURE
49-9098,41,1131,FIXTURE
49-9098,42,3471,FIXTURE
49-9098,44,293,FIXTURE
49-9098,45,1366,FIXTURE
49-9098,46,237,FIXTURE
49-9098,47,1845,FIXTURE
49-9098,48,7780,FIXTURE
49-9098,49,873,FIXTURE
49-9098,50,172,FIXTURE
49-9098,51,2304,FIXTURE
49-9098,53,2057,FIXTURE
49-9098,54,479,FIXTURE
49-9098,55,1573,FIXTURE
49-9098,56,154,FIXTURE
49-9099,01,2487,FIXTURE
49-9099,02,363,FIXTURE
49-9099,04,3540,FIXTURE
49-9099,05,1491,FIXTURE
49-9099,06,19572,FIXTURE
49-9099,08,2858,FIXTURE
49-9099,09,1785,FIXTURE
49-9099,10,490,FIXTURE
49-9099,11,341,FIXTURE
49-9099,12,10662,FIXTURE
49-9099,13,5303,FIXTURE
49-9099,15,720,FIXTURE
49-9099,16,910,FIXTURE
49-9099,17,6342,FIXTURE
49-9099,18,3359,FIXTURE
49-9099,19,1579,FIXTURE
49-9099,20,1454,FIXTURE
49-9099,21,2230,FIXTURE
49-9099,22,2306,FIXTURE
49-9099,23,674,FIXTURE
49-9099,24,3058,FIXTURE
49-9099,25,3480,FIXTURE
49-9099,26,4988,FIXTURE
49-9099,27,2825,FIXTURE
49-9099,28,1466,FIXTURE
49-9099,29,3047,FIXTURE
49-9099,30,537,FIXTURE
49-9099,31,971,FIXTURE
49-9099,32,1537,FIXTURE
49-9099,33,682,FIXTURE
49-9099,34,4598,FIXTURE
49-9099,35,1048,FIXTURE
49-9099,36,10000,FIXTURE
49-9099,37,5168,FIXTURE
49-9099,38,386,FIXTURE
49-9099,39,5841,FIXTURE
49-9099,40,1960,FIXTURE
49-9099,41,2097,FIXTURE
49-9099,42,6436,FIXTURE
49-9099,44,543,FIXTURE
49-9099,45,2534,FIXTURE
49-9099,46,439,FIXTURE
49-9099,47,3421,FIXTURE
49-9099,48,14427,FIXTURE
49-9099,49,1619,FIXTURE
49-9099,50,318,FIXTURE
49-9099,51,4273,FIXTURE
49-9099,53,3814,FIXTURE
49-9099,54,888,FIXTURE
49-9099,55,2917,FIXTURE
49-9099,56,286,FIXTURE
51-1011,01,9541,FIXTURE
51-1011,02,1393,FIXTURE
51-1011,04,13581,FIXTURE
51-1011,05,5719,FIXTURE
51-1011,06,75083,FIXTURE
51-1011,08,10964,FIXTURE
51-1011,09,6848,FIXTURE
51-1011,10,1880,FIXTURE
51-1011,11,1309,FIXTURE
51-1011,12,40901,FIXTURE
51-1011,13,20342,FIXTURE
51-1011,15,2764,FIXTURE
51-1011,16,3492,FIXTURE
51-1011,17,24331,FIXTURE
51-1011,18,12886,FIXTURE
51-1011,19,6058,FIXTURE
51-1011,20,5579,FIXTURE
51-1011,21,8557,FIXTURE
51-1011,22,8845,FIXTURE
51-1011,23,2587,FIXTURE
51-1011,24,11730,FIXTURE
51-1011,25,13350,FIXTURE
51-1011,26,19137,FIXTURE
51-1011,27,10837,FIXTURE
51-1011,28,5623,FIXTURE
51-1011,29,11688,FIXTURE
51-1011,30,2059,FIXTURE
51-1011,31,3725,FIXTURE
51-1011,32,5896,FIXTURE
51-1011,33,2616,FIXTURE
51-1011,34,17640,FIXTURE
51-1011,35,4021,FIXTURE
51-1011,36,38362,FIXTURE
51-1011,37,19824,FIXTURE
51-1011,38,1479,FIXTURE
51-1011,39,22407,FIXTURE
51-1011,40,7519,FIXTURE
51-1011,41,8046,FIXTURE
51-1011,42,24692,FIXTURE
51-1011,44,2084,FIXTURE
51-1011,45,9720,FIXTURE
51-1011,46,1684,FIXTURE
51-1011,47,13124,FIXTURE
51-1011,48,55347,FIXTURE
51-1011,49,6213,FIXTURE
51-1011,50,1221,FIXTURE
51-1011,51,16391,FIXTURE
51-1011,53,14632,FIXTURE
51-1011,54,3406,FIXTURE
51-1011,55,11192,FIXTURE
51-1011,56,1095,FIXTURE
51-2011,01,505,FIXTURE
51-2011,02,74,FIXTURE
51-2011,04,719,FIXTURE
51-2011,05,303,FIXTURE
51-2011,06,3975,FIXTURE
51-2011,08,580,FIXTURE
51-2011,09,362,FIXTURE
51-2011,10,100,FIXTURE
51-2011,11,69,FIXTURE
51-2011,12,2165,FIXTURE
51-2011,13,1077,FIXTURE
51-2011,15,146,FIXTURE
51-2011,16,185,FIXTURE
51-2011,17,1288,FIXTURE
51-2011,18,682,FIXTURE
51-2011,19,321,FIXTURE
51-2011,20,295,FIXTURE
51-2011,21,453,FIXTURE
51-2011,22,468,FIXTURE
51-2011,23,137,FIXTURE
51-2011,24,621,FIXTURE
51-2011,25,707,FIXTURE
51-2011,26,1013,FIXTURE
51-2011,27,574,FIXTURE
51-2011,28,298,FIXTURE
51-2011,29,619,FIXTURE
51-2011,30,109,FIXTURE
51-2011,31,197,FIXTURE
51-2011,32,312,FIXTURE
51-2011,33,138,FIXTURE
51-2011,34,934,FIXTURE
51-2011,35,213,FIXTURE
51-2011,36,2031,FIXTURE
51-2011,37,1049,FIXTURE
51-2011,38,78,FIXTURE
51-2011,39,1186,FIXTURE
51-2011,40,398,FIXTURE
51-2011,41,426,FIXTURE
51-2011,42,1307,FIXTURE
51-2011,44,110,FIXTURE
51-2011,45,515,FIXTURE
51-2011,46,89,FIXTURE
51-2011,47,695,FIXTURE
51-2011,48,2930,FIXTURE
51-2011,49,329,FIXTURE
51-2011,50,65,FIXTURE
51-2011,51,868,FIXTURE
51-2011,53,775,FIXTURE
51-2011,54,180,FIXTURE
51-2011,55,592,FIXTURE
51-2011,56,58,FIXTURE
51-2021,01,168,FIXTURE
51-2021,02,25,FIXTURE
51-2021,04,239,FIXTURE
51-2021,05,101,FIXTURE
51-2021,06,1323,FIXTURE
51-2021,08,193,FIXTURE
51-2021,09,121,FIXTURE
51-2021,10,33,FIXTURE
51-2021,11,23,FIXTURE
51-2021,12,721,FIXTURE
51-2021,13,358,FIXTURE
51-2021,15,49,FIXTURE
51-2021,16,61,FIXTURE
51-2021,17,429,FIXTURE
51-2021,18,227,FIXTURE
51-2021,19,107,FIXTURE
51-2021,20,98,FIXTURE
51-2021,21,151,FIXTURE
51-2021,22,156,FIXTURE
51-2021,23,46,FIXTURE
51-2021,24,207,FIXTURE
51-2021,25,235,FIXTURE
51-2021,26,337,FIXTURE
51-2021,27,191,FIXTURE
51-2021,28,99,FIXTURE
51-2021,29,206,FIXTURE
51-2021,30,36,FIXTURE
51-2021,31,66,FIXTURE
51-2021,32,104,FIXTURE
51-2021,33,46,FIXTURE
51-2021,34,311,FIXTURE
51-2021,35,71,FIXTURE
51-2021,36,676,FIXTURE
51-2021,37,349,FIXTURE
51-2021,38,26,FIXTURE
51-2021,39,395,FIXTURE
51-2021,40,132,FIXTURE
51-2021,41,142,FIXTURE
51-2021,42,435,FIXTURE
51-2021,44,37,FIXTURE
51-2021,45,171,FIXTURE
51-2021,46,30,FIXTURE
51-2021,47,231,FIXTURE
51-2021,48,975,FIXTURE
51-2021,49,109,FIXTURE
51-2021,50,21,FIXTURE
51-2021,51,289,FIXTURE
51-2021,53,258,FIXTURE
51-2021,54,60,FIXTURE
51-2021,55,197,FIXTURE
51-2021,56,19,FIXTURE
51-2028,01,4122,FIXTURE
51-2028,02,602,FIXTURE
51-2028,04,5867,FIXTURE
51-2028,05,2471,FIXTURE
51-2028,06,32437,FIXTURE
51-2028,08,4737,FIXTURE
51-2028,09,2958,FIXTURE
51-2028,10,812,FIXTURE
51-2028,11,566,FIXTURE
51-2028,12,17670,FIXTURE
51-2028,13,8788,FIXTURE
51-2028,15,1194,FIXTURE
51-2028,16,1509,FIXTURE
51-2028,17,10511,FIXTURE
51-2028,18,5567,FIXTURE
51-2028,19,2617,FIXTURE
51-2028,20,2410,FIXTURE
51-2028,21,3697,FIXTURE
51-2028,22,3821,FIXTURE
51-2028,23,1118,FIXTURE
51-2028,24,5068,FIXTURE
51-2028,25,5767,FIXTURE
51-2028,26,8267,FIXTURE
51-2028,27,4682,FIXTURE
51-2028,28,2429,FIXTURE
51-2028,29,5050,FIXTURE
51-2028,30,890,FIXTURE
51-2028,31,1609,FIXTURE
51-2028,32,2547,FIXTURE
51-2028,33,1130,FIXTURE
51-2028,34,7621,FIXTURE
51-2028,35,1737,FIXTURE
51-2028,36,16573,FIXTURE
51-2028,37,8565,FIXTURE
51-2028,38,639,FIXTURE
51-2028,39,9680,FIXTURE
51-2028,40,3248,FIXTURE
51-2028,41,3476,FIXTURE
51-2028,42,10667,FIXTURE
51-2028,44,900,FIXTURE
51-2028,45,4199,FIXTURE
51-2028,46,727,FIXTURE
51-2028,47,5670,FIXTURE
51-2028,48,23911,FIXTURE
51-2028,49,2684,FIXTURE
51-2028,50,528,FIXTURE
51-2028,51,7081,FIXTURE
51-2028,53,6321,FIXTURE
51-2028,54,1472,FIXTURE
51-2028,55,4835,FIXTURE
51-2028,56,473,FIXTURE
51-2031,01,697,FIXTURE
51-2031,02,102,FIXTURE
51-2031,04,992,FIXTURE
51-2031,05,418,FIXTURE
51-2031,06,5486,FIXTURE
51-2031,08,801,FIXTURE
51-2031,09,500,FIXTURE
51-2031,10,137,FIXTURE
51-2031,11,96,FIXTURE
51-2031,12,2989,FIXTURE
51-2031,13,1486,FIXTURE
51-2031,15,202,FIXTURE
51-2031,16,255,FIXTURE
51-2031,17,1778,FIXTURE
51-2031,18,942,FIXTURE
51-2031,19,443,FIXTURE
51-2031,20,408,FIXTURE
51-2031,21,625,FIXTURE
51-2031,22,646,FIXTURE
51-2031,23,189,FIXTURE
51-2031,24,857,FIXTURE
51-2031,25,975,FIXTURE
51-2031,26,1398,FIXTURE
51-2031,27,792,FIXTURE
51-2031,28,411,FIXTURE
51-2031,29,854,FIXTURE
51-2031,30,151,FIXTURE
51-2031,31,272,FIXTURE
51-2031,32,431,FIXTURE
51-2031,33,191,FIXTURE
51-2031,34,1289,FIXTURE
51-2031,35,294,FIXTURE
51-2031,36,2803,FIXTURE
51-2031,37,1449,FIXTURE
51-2031,38,108,FIXTURE
51-2031,39,1637,FIXTURE
51-2031,40,549,FIXTURE
51-2031,41,588,FIXTURE
51-2031,42,1804,FIXTURE
51-2031,44,152,FIXTURE
51-2031,45,710,FIXTURE
51-2031,46,123,FIXTURE
51-2031,47,959,FIXTURE
51-2031,48,4044,FIXTURE
51-2031,49,454,FIXTURE
51-2031,50,89,FIXTURE
51-2031,51,1198,FIXTURE
51-2031,53,1069,FIXTURE
51-2031,54,249,FIXTURE
51-2031,55,818,FIXTURE
51-2031,56,80,FIXTURE
51-2041,01,926,FIXTURE
51-2041,02,135,FIXTURE
51-2041,04,1318,FIXTURE
51-2041,05,555,FIXTURE
51-2041,06,7285,FIXTURE
51-2041,08,1064,FIXTURE
51-2041,09,664,FIXTURE
51-2041,10,182,FIXTURE
51-2041,11,127,FIXTURE
51-2041,12,3968,FIXTURE
51-2041,13,1974,FIXTURE
51-2041,15,268,FIXTURE
51-2041,16,339,FIXTURE
51-2041,17,2361,FIXTURE
51-2041,18,1250,FIXTURE
51-2041,19,588,FIXTURE
51-2041,20,541,FIXTURE
51-2041,21,830,FIXTURE
51-2041,22,858,FIXTURE
51-2041,23,251,FIXTURE
51-2041,24,1138,FIXTURE
51-2041,25,1295,FIXTURE
51-2041,26,1857,FIXTURE
51-2041,27,1051,FIXTURE
51-2041,28,546,FIXTURE
51-2041,29,1134,FIXTURE
51-2041,30,200,FIXTURE
51-2041,31,361,FIXTURE
51-2041,32,572,FIXTURE
51-2041,33,254,FIXTURE
51-2041,34,1712,FIXTURE
51-2041,35,390,FIXTURE
51-2041,36,3722,FIXTURE
51-2041,37,1923,FIXTURE
51-2041,38,144,FIXTURE
51-2041,39,2174,FIXTURE
51-2041,40,730,FIXTURE
51-2041,41,781,FIXTURE
51-2041,42,2396,FIXTURE
51-2041,44,202,FIXTURE
51-2041,45,943,FIXTURE
51-2041,46,163,FIXTURE
51-2041,47,1273,FIXTURE
51-2041,48,5370,FIXTURE
51-2041,49,603,FIXTURE
51-2041,50,119,FIXTURE
51-2041,51,1590,FIXTURE
51-2041,53,1420,FIXTURE
51-2041,54,331,FIXTURE
51-2041,55,1086,FIXTURE
51-2041,56,106,FIXTURE
51-2051,01,264,FIXTURE
51-2051,02,39,FIXTURE
51-2051,04,375,FIXTURE
51-2051,05,158,FIXTURE
51-2051,06,2073,FIXTURE
51-2051,08,303,FIXTURE
51-2051,09,189,FIXTURE
51-2051,10,52,FIXTURE
51-2051,11,36,FIXTURE
51-2051,12,1129,FIXTURE
51-2051,13,562,FIXTURE
51-2051,15,76,FIXTURE
51-2051,16,96,FIXTURE
51-2051,17,672,FIXTURE
51-2051,18,356,FIXTURE
51-2051,19,167,FIXTURE
51-2051,20,154,FIXTURE
51-2051,21,236,FIXTURE
51-2051,22,244,FIXTURE
51-2051,23,71,FIXTURE
51-2051,24,324,FIXTURE
51-2051,25,369,FIXTURE
51-2051,26,528,FIXTURE
51-2051,27,299,FIXTURE
51-2051,28,155,FIXTURE
51-2051,29,323,FIXTURE
51-2051,30,57,FIXTURE
51-2051,31,103,FIXTURE
51-2051,32,163,FIXTURE
51-2051,33,72,FIXTURE
51-2051,34,487,FIXTURE
51-2051,35,111,FIXTURE
51-2051,36,1059,FIXTURE
51-2051,37,547,FIXTURE
51-2051,38,41,FIXTURE
51-2051,39,619,FIXTURE
51-2051,40,208,FIXTURE
51-2051,41,222,FIXTURE
51-2051,42,682,FIXTURE
51-2051,44,58,FIXTURE
51-2051,45,268,FIXTURE
51-2051,46,47,FIXTURE
51-2051,47,362,FIXTURE
51-2051,48,1528,FIXTURE
51-2051,49,172,FIXTURE
51-2051,50,34,FIXTURE
51-2051,51,453,FIXTURE
51-2051,53,404,FIXTURE
51-2051,54,94,FIXTURE
51-2051,55,309,FIXTURE
51-2051,56,30,FIXTURE
51-2061,01,8,FIXTURE
51-2061,02,1,FIXTURE
51-2061,04,12,FIXTURE
51-2061,05,5,FIXTURE
51-2061,06,67,FIXTURE
51-2061,08,10,FIXTURE
51-2061,09,6,FIXTURE
51-2061,10,2,FIXTURE
51-2061,11,1,FIXTURE
51-2061,12,36,FIXTURE
51-2061,13,18,FIXTURE
51-2061,15,2,FIXTURE
51-2061,16,3,FIXTURE
51-2061,17,22,FIXTURE
51-2061,18,11,FIXTURE
51-2061,19,5,FIXTURE
51-2061,20,5,FIXTURE
51-2061,21,8,FIXTURE
51-2061,22,8,FIXTURE
51-2061,23,2,FIXTURE
51-2061,24,10,FIXTURE
51-2061,25,12,FIXTURE
51-2061,26,17,FIXTURE
51-2061,27,10,FIXTURE
51-2061,28,5,FIXTURE
51-2061,29,10,FIXTURE
51-2061,30,2,FIXTURE
51-2061,31,3,FIXTURE
51-2061,32,5,FIXTURE
51-2061,33,2,FIXTURE
51-2061,34,16,FIXTURE
51-2061,35,4,FIXTURE
51-2061,36,34,FIXTURE
51-2061,37,18,FIXTURE
51-2061,38,1,FIXTURE
51-2061,39,20,FIXTURE
51-2061,40,7,FIXTURE
51-2061,41,7,FIXTURE
51-2061,42,22,FIXTURE
51-2061,44,2,FIXTURE
51-2061,45,9,FIXTURE
51-2061,46,2,FIXTURE
51-2061,47,12,FIXTURE
51-2061,48,49,FIXTURE
51-2061,49,6,FIXTURE
51-2061,50,1,FIXTURE
51-2061,51,15,FIXTURE
51-2061,53,13,FIXTURE
51-2061,54,3,FIXTURE
51-2061,55,10,FIXTURE
51-2061,56,1,FIXTURE
51-2090,01,20139,FIXTURE
51-2090,02,2940,FIXTURE
51-2090,04,28665,FIXTURE
51-2090,05,12071,FIXTURE
51-2090,06,158481,FIXTURE
51-2090,08,23143,FIXTURE
51-2090,09,14454,FIXTURE
51-2090,10,3968,FIXTURE
51-2090,11,2764,FIXTURE
51-2090,12,86332,FIXTURE
51-2090,13,42936,FIXTURE
51-2090,15,5833,FIXTURE
51-2090,16,7372,FIXTURE
51-2090,17,51356,FIXTURE
51-2090,18,27198,FIXTURE
51-2090,19,12788,FIXTURE
51-2090,20,11776,FIXTURE
51-2090,21,18061,FIXTURE
51-2090,22,18670,FIXTURE
51-2090,23,5461,FIXTURE
51-2090,24,24760,FIXTURE
51-2090,25,28178,FIXTURE
51-2090,26,40393,FIXTURE
51-2090,27,22873,FIXTURE
51-2090,28,11870,FIXTURE
51-2090,29,24671,FIXTURE
51-2090,30,4346,FIXTURE
51-2090,31,7862,FIXTURE
51-2090,32,12444,FIXTURE
51-2090,33,5521,FIXTURE
51-2090,34,37233,FIXTURE
51-2090,35,8488,FIXTURE
51-2090,36,80973,FIXTURE
51-2090,37,41844,FIXTURE
51-2090,38,3123,FIXTURE
51-2090,39,47296,FIXTURE
51-2090,40,15870,FIXTURE
51-2090,41,16984,FIXTURE
51-2090,42,52119,FIXTURE
51-2090,44,4399,FIXTURE
51-2090,45,20516,FIXTURE
51-2090,46,3554,FIXTURE
51-2090,47,27701,FIXTURE
51-2090,48,116824,FIXTURE
51-2090,49,13114,FIXTURE
51-2090,50,2578,FIXTURE
51-2090,51,34597,FIXTURE
51-2090,53,30885,FIXTURE
51-2090,54,7190,FIXTURE
51-2090,55,23624,FIXTURE
51-2090,56,2312,FIXTURE
51-3011,01,2756,FIXTURE
51-3011,02,402,FIXTURE
51-3011,04,3923,FIXTURE
51-3011,05,1652,FIXTURE
51-3011,06,21687,FIXTURE
51-3011,08,3167,FIXTURE
51-3011,09,1978,FIXTURE
51-3011,10,543,FIXTURE
51-3011,11,378,FIXTURE
51-3011,12,11814,FIXTURE
51-3011,13,5876,FIXTURE
51-3011,15,798,FIXTURE
51-3011,16,1009,FIXTURE
51-3011,17,7028,FIXTURE
51-3011,18,3722,FIXTURE
51-3011,19,1750,FIXTURE
51-3011,20,1611,FIXTURE
51-3011,21,2471,FIXTURE
51-3011,22,2555,FIXTURE
51-3011,23,747,FIXTURE
51-3011,24,3388,FIXTURE
51-3011,25,3856,FIXTURE
51-3011,26,5527,FIXTURE
51-3011,27,3130,FIXTURE
51-3011,28,1624,FIXTURE
51-3011,29,3376,FIXTURE
51-3011,30,595,FIXTURE
51-3011,31,1076,FIXTURE
51-3011,32,1703,FIXTURE
51-3011,33,756,FIXTURE
51-3011,34,5095,FIXTURE
51-3011,35,1161,FIXTURE
51-3011,36,11080,FIXTURE
51-3011,37,5726,FIXTURE
51-3011,38,427,FIXTURE
51-3011,39,6472,FIXTURE
51-3011,40,2172,FIXTURE
51-3011,41,2324,FIXTURE
51-3011,42,7132,FIXTURE
51-3011,44,602,FIXTURE
51-3011,45,2807,FIXTURE
51-3011,46,486,FIXTURE
51-3011,47,3791,FIXTURE
51-3011,48,15986,FIXTURE
51-3011,49,1795,FIXTURE
51-3011,50,353,FIXTURE
51-3011,51,4734,FIXTURE
51-3011,53,4226,FIXTURE
51-3011,54,984,FIXTURE
51-3011,55,3233,FIXTURE
51-3011,56,316,FIXTURE
51-3021,01,2212,FIXTURE
51-3021,02,323,FIXTURE
51-3021,04,3149,FIXTURE
51-3021,05,1326,FIXTURE
51-3021,06,17408,FIXTURE
51-3021,08,2542,FIXTURE
51-3021,09,1588,FIXTURE
51-3021,10,436,FIXTURE
51-3021,11,304,FIXTURE
51-3021,12,9483,FIXTURE
51-3021,13,4716,FIXTURE
51-3021,15,641,FIXTURE
51-3021,16,810,FIXTURE
51-3021,17,5641,FIXTURE
51-3021,18,2987,FIXTURE
51-3021,19,1405,FIXTURE
51-3021,20,1293,FIXTURE
51-3021,21,1984,FIXTURE
51-3021,22,2051,FIXTURE
51-3021,23,600,FIXTURE
51-3021,24,2720,FIXTURE
51-3021,25,3095,FIXTURE
51-3021,26,4437,FIXTURE
51-3021,27,2512,FIXTURE
51-3021,28,1304,FIXTURE
51-3021,29,2710,FIXTURE
51-3021,30,477,FIXTURE
51-3021,31,864,FIXTURE
51-3021,32,1367,FIXTURE
51-3021,33,606,FIXTURE
51-3021,34,4090,FIXTURE
51-3021,35,932,FIXTURE
51-3021,36,8894,FIXTURE
51-3021,37,4596,FIXTURE
51-3021,38,343,FIXTURE
51-3021,39,5195,FIXTURE
51-3021,40,1743,FIXTURE
51-3021,41,1866,FIXTURE
51-3021,42,5725,FIXTURE
51-3021,44,483,FIXTURE
51-3021,45,2253,FIXTURE
51-3021,46,390,FIXTURE
51-3021,47,3043,FIXTURE
51-3021,48,12832,FIXTURE
51-3021,49,1440,FIXTURE
51-3021,50,283,FIXTURE
51-3021,51,3800,FIXTURE
51-3021,53,3392,FIXTURE
51-3021,54,790,FIXTURE
51-3021,55,2595,FIXTURE
51-3021,56,254,FIXTURE
51-3022,01,2003,FIXTURE
51-3022,02,292,FIXTURE
51-3022,04,2850,FIXTURE
51-3022,05,1200,FIXTURE
51-3022,06,15758,FIXTURE
51-3022,08,2301,FIXTURE
51-3022,09,1437,FIXTURE
51-3022,10,395,FIXTURE
51-3022,11,275,FIXTURE
51-3022,12,8584,FIXTURE
51-3022,13,4269,FIXTURE
51-3022,15,580,FIXTURE
51-3022,16,733,FIXTURE
51-3022,17,5107,FIXTURE
51-3022,18,2705,FIXTURE
51-3022,19,1272,FIXTURE
51-3022,20,1171,FIXTURE
51-3022,21,1796,FIXTURE
51-3022,22,1856,FIXTURE
51-3022,23,543,FIXTURE
51-3022,24,2462,FIXTURE
51-3022,25,2802,FIXTURE
51-3022,26,4016,FIXTURE
51-3022,27,2274,FIXTURE
51-3022,28,1180,FIXTURE
51-3022,29,2453,FIXTURE
51-3022,30,432,FIXTURE
51-3022,31,782,FIXTURE
51-3022,32,1237,FIXTURE
51-3022,33,549,FIXTURE
51-3022,34,3702,FIXTURE
51-3022,35,844,FIXTURE
51-3022,36,8051,FIXTURE
51-3022,37,4161,FIXTURE
51-3022,38,311,FIXTURE
51-3022,39,4703,FIXTURE
51-3022,40,1578,FIXTURE
51-3022,41,1689,FIXTURE
51-3022,42,5182,FIXTURE
51-3022,44,437,FIXTURE
51-3022,45,2040,FIXTURE
51-3022,46,353,FIXTURE
51-3022,47,2754,FIXTURE
51-3022,48,11616,FIXTURE
51-3022,49,1304,FIXTURE
51-3022,50,256,FIXTURE
51-3022,51,3440,FIXTURE
51-3022,53,3071,FIXTURE
51-3022,54,715,FIXTURE
51-3022,55,2349,FIXTURE
51-3022,56,230,FIXTURE
51-3023,01,1310,FIXTURE
51-3023,02,191,FIXTURE
51-3023,04,1865,FIXTURE
51-3023,05,786,FIXTURE
51-3023,06,10313,FIXTURE
51-3023,08,1506,FIXTURE
51-3023,09,941,FIXTURE
51-3023,10,258,FIXTURE
51-3023,11,180,FIXTURE
51-3023,12,5618,FIXTURE
51-3023,13,2794,FIXTURE
51-3023,15,380,FIXTURE
51-3023,16,480,FIXTURE
51-3023,17,3342,FIXTURE
51-3023,18,1770,FIXTURE
51-3023,19,832,FIXTURE
51-3023,20,766,FIXTURE
51-3023,21,1175,FIXTURE
51-3023,22,1215,FIXTURE
51-3023,23,355,FIXTURE
51-3023,24,1611,FIXTURE
51-3023,25,1834,FIXTURE
51-3023,26,2628,FIXTURE
51-3023,27,1488,FIXTURE
51-3023,28,772,FIXTURE
51-3023,29,1605,FIXTURE
51-3023,30,283,FIXTURE
51-3023,31,512,FIXTURE
51-3023,32,810,FIXTURE
51-3023,33,359,FIXTURE
51-3023,34,2423,FIXTURE
51-3023,35,552,FIXTURE
51-3023,36,5269,FIXTURE
51-3023,37,2723,FIXTURE
51-3023,38,203,FIXTURE
51-3023,39,3078,FIXTURE
51-3023,40,1033,FIXTURE
51-3023,41,1105,FIXTURE
51-3023,42,3391,FIXTURE
51-3023,44,286,FIXTURE
51-3023,45,1335,FIXTURE
51-3023,46,231,FIXTURE
51-3023,47,1803,FIXTURE
51-3023,48,7602,FIXTURE
51-3023,49,853,FIXTURE
51-3023,50,168,FIXTURE
51-3023,51,2251,FIXTURE
51-3023,53,2010,FIXTURE
51-3023,54,468,FIXTURE
51-3023,55,1537,FIXTURE
51-3023,56,150,FIXTURE
51-3091,01,319,FIXTURE
51-3091,02,47,FIXTURE
51-3091,04,454,FIXTURE
51-3091,05,191,FIXTURE
51-3091,06,2511,FIXTURE
51-3091,08,367,FIXTURE
51-3091,09,229,FIXTURE
51-3091,10,63,FIXTURE
51-3091,11,44,FIXTURE
51-3091,12,1368,FIXTURE
51-3091,13,680,FIXTURE
51-3091,15,92,FIXTURE
51-3091,16,117,FIXTURE
51-3091,17,814,FIXTURE
51-3091,18,431,FIXTURE
51-3091,19,203,FIXTURE
51-3091,20,187,FIXTURE
51-3091,21,286,FIXTURE
51-3091,22,296,FIXTURE
51-3091,23,87,FIXTURE
51-3091,24,392,FIXTURE
51-3091,25,446,FIXTURE
51-3091,26,640,FIXTURE
51-3091,27,362,FIXTURE
51-3091,28,188,FIXTURE
51-3091,29,391,FIXTURE
51-3091,30,69,FIXTURE
51-3091,31,125,FIXTURE
51-3091,32,197,FIXTURE
51-3091,33,88,FIXTURE
51-3091,34,590,FIXTURE
51-3091,35,134,FIXTURE
51-3091,36,1283,FIXTURE
51-3091,37,663,FIXTURE
51-3091,38,49,FIXTURE
51-3091,39,749,FIXTURE
51-3091,40,251,FIXTURE
51-3091,41,269,FIXTURE
51-3091,42,826,FIXTURE
51-3091,44,70,FIXTURE
51-3091,45,325,FIXTURE
51-3091,46,56,FIXTURE
51-3091,47,439,FIXTURE
51-3091,48,1851,FIXTURE
51-3091,49,208,FIXTURE
51-3091,50,41,FIXTURE
51-3091,51,548,FIXTURE
51-3091,53,489,FIXTURE
51-3091,54,114,FIXTURE
51-3091,55,374,FIXTURE
51-3091,56,37,FIXTURE
51-3092,01,2353,FIXTURE
51-3092,02,343,FIXTURE
51-3092,04,3350,FIXTURE
51-3092,05,1411,FIXTURE
51-3092,06,18518,FIXTURE
51-3092,08,2704,FIXTURE
51-3092,09,1689,FIXTURE
51-3092,10,464,FIXTURE
51-3092,11,323,FIXTURE
51-3092,12,10088,FIXTURE
51-3092,13,5017,FIXTURE
51-3092,15,682,FIXTURE
51-3092,16,861,FIXTURE
51-3092,17,6001,FIXTURE
51-3092,18,3178,FIXTURE
51-3092,19,1494,FIXTURE
51-3092,20,1376,FIXTURE
51-3092,21,2110,FIXTURE
51-3092,22,2182,FIXTURE
51-3092,23,638,FIXTURE
51-3092,24,2893,FIXTURE
51-3092,25,3293,FIXTURE
51-3092,26,4720,FIXTURE
51-3092,27,2673,FIXTURE
51-3092,28,1387,FIXTURE
51-3092,29,2883,FIXTURE
51-3092,30,508,FIXTURE
51-3092,31,919,FIXTURE
51-3092,32,1454,FIXTURE
51-3092,33,645,FIXTURE
51-3092,34,4351,FIXTURE
51-3092,35,992,FIXTURE
51-3092,36,9462,FIXTURE
51-3092,37,4889,FIXTURE
51-3092,38,365,FIXTURE
51-3092,39,5526,FIXTURE
51-3092,40,1854,FIXTURE
51-3092,41,1985,FIXTURE
51-3092,42,6090,FIXTURE
51-3092,44,514,FIXTURE
51-3092,45,2397,FIXTURE
51-3092,46,415,FIXTURE
51-3092,47,3237,FIXTURE
51-3092,48,13651,FIXTURE
51-3092,49,1532,FIXTURE
51-3092,50,301,FIXTURE
51-3092,51,4043,FIXTURE
51-3092,53,3609,FIXTURE
51-3092,54,840,FIXTURE
51-3092,55,2760,FIXTURE
51-3092,56,270,FIXTURE
51-3093,01,405,FIXTURE
51-3093,02,59,FIXTURE
51-3093,04,576,FIXTURE
51-3093,05,243,FIXTURE
51-3093,06,3186,FIXTURE
51-3093,08,465,FIXTURE
51-3093,09,291,FIXTURE
51-3093,10,80,FIXTURE
51-3093,11,56,FIXTURE
51-3093,12,1736,FIXTURE
51-3093,13,863,FIXTURE
51-3093,15,117,FIXTURE
51-3093,16,148,FIXTURE
51-3093,17,1032,FIXTURE
51-3093,18,547,FIXTURE
51-3093,19,257,FIXTURE
51-3093,20,237,FIXTURE
51-3093,21,363,FIXTURE
51-3093,22,375,FIXTURE
51-3093,23,110,FIXTURE
51-3093,24,498,FIXTURE
51-3093,25,566,FIXTURE
51-3093,26,812,FIXTURE
51-3093,27,460,FIXTURE
51-3093,28,239,FIXTURE
51-3093,29,496,FIXTURE
51-3093,30,87,FIXTURE
51-3093,31,158,FIXTURE
51-3093,32,250,FIXTURE
51-3093,33,111,FIXTURE
51-3093,34,749,FIXTURE
51-3093,35,171,FIXTURE
51-3093,36,1628,FIXTURE
51-3093,37,841,FIXTURE
51-3093,38,63,FIXTURE
51-3093,39,951,FIXTURE
51-3093,40,319,FIXTURE
51-3093,41,341,FIXTURE
51-3093,42,1048,FIXTURE
51-3093,44,88,FIXTURE
51-3093,45,412,FIXTURE
51-3093,46,71,FIXTURE
51-3093,47,557,FIXTURE
51-3093,48,2349,FIXTURE
51-3093,49,264,FIXTURE
51-3093,50,52,FIXTURE
51-3093,51,696,FIXTURE
51-3093,53,621,FIXTURE
51-3093,54,145,FIXTURE
51-3093,55,475,FIXTURE
51-3093,56,46,FIXTURE
51-3099,01,703,FIXTURE
51-3099,02,103,FIXTURE
51-3099,04,1000,FIXTURE
51-3099,05,421,FIXTURE
51-3099,06,5530,FIXTURE
51-3099,08,808,FIXTURE
51-3099,09,504,FIXTURE
51-3099,10,138,FIXTURE
51-3099,11,96,FIXTURE
51-3099,12,3013,FIXTURE
51-3099,13,1498,FIXTURE
51-3099,15,204,FIXTURE
51-3099,16,257,FIXTURE
51-3099,17,1792,FIXTURE
51-3099,18,949,FIXTURE
51-3099,19,446,FIXTURE
51-3099,20,411,FIXTURE
51-3099,21,630,FIXTURE
51-3099,22,651,FIXTURE
51-3099,23,191,FIXTURE
51-3099,24,864,FIXTURE
51-3099,25,983,FIXTURE
51-3099,26,1410,FIXTURE
51-3099,27,798,FIXTURE
51-3099,28,414,FIXTURE
51-3099,29,861,FIXTURE
51-3099,30,152,FIXTURE
51-3099,31,274,FIXTURE
51-3099,32,434,FIXTURE
51-3099,33,193,FIXTURE
51-3099,34,1299,FIXTURE
51-3099,35,296,FIXTURE
51-3099,36,2826,FIXTURE
51-3099,37,1460,FIXTURE
51-3099,38,109,FIXTURE
51-3099,39,1650,FIXTURE
51-3099,40,554,FIXTURE
51-3099,41,593,FIXTURE
51-3099,42,1819,FIXTURE
51-3099,44,153,FIXTURE
51-3099,45,716,FIXTURE
51-3099,46,124,FIXTURE
51-3099,47,967,FIXTURE
51-3099,48,4077,FIXTURE
51-3099,49,458,FIXTURE
51-3099,50,90,FIXTURE
51-3099,51,1207,FIXTURE
51-3099,53,1078,FIXTURE
51-3099,54,251,FIXTURE
51-3099,55,824,FIXTURE
51-3099,56,81,FIXTURE
51-4021,01,902,FIXTURE
51-4021,02,132,FIXTURE
51-4021,04,1284,FIXTURE
51-4021,05,540,FIXTURE
51-4021,06,7096,FIXTURE
51-4021,08,1036,FIXTURE
51-4021,09,647,FIXTURE
51-4021,10,178,FIXTURE
51-4021,11,124,FIXTURE
51-4021,12,3866,FIXTURE
51-4021,13,1923,FIXTURE
51-4021,15,261,FIXTURE
51-4021,16,330,FIXTURE
51-4021,17,2300,FIXTURE
51-4021,18,1218,FIXTURE
51-4021,19,573,FIXTURE
51-4021,20,527,FIXTURE
51-4021,21,809,FIXTURE
51-4021,22,836,FIXTURE
51-4021,23,244,FIXTURE
51-4021,24,1109,FIXTURE
51-4021,25,1262,FIXTURE
51-4021,26,1809,FIXTURE
51-4021,27,1024,FIXTURE
51-4021,28,531,FIXTURE
51-4021,29,1105,FIXTURE
51-4021,30,195,FIXTURE
51-4021,31,352,FIXTURE
51-4021,32,557,FIXTURE
51-4021,33,247,FIXTURE
51-4021,34,1667,FIXTURE
51-4021,35,380,FIXTURE
51-4021,36,3626,FIXTURE
51-4021,37,1874,FIXTURE
51-4021,38,140,FIXTURE
51-4021,39,2118,FIXTURE
51-4021,40,711,FIXTURE
51-4021,41,760,FIXTURE
51-4021,42,2334,FIXTURE
51-4021,44,197,FIXTURE
51-4021,45,919,FIXTURE
51-4021,46,159,FIXTURE
51-4021,47,1240,FIXTURE
51-4021,48,5231,FIXTURE
51-4021,49,587,FIXTURE
51-4021,50,115,FIXTURE
51-4021,51,1549,FIXTURE
51-4021,53,1383,FIXTURE
51-4021,54,322,FIXTURE
51-4021,55,1058,FIXTURE
51-4021,56,103,FIXTURE
51-4022,01,174,FIXTURE
51-4022,02,25,FIXTURE
51-4022,04,248,FIXTURE
51-4022,05,105,FIXTURE
51-4022,06,1372,FIXTURE
51-4022,08,200,FIXTURE
51-4022,09,125,FIXTURE
51-4022,10,34,FIXTURE
51-4022,11,24,FIXTURE
51-4022,12,747,FIXTURE
51-4022,13,372,FIXTURE
51-4022,15,51,FIXTURE
51-4022,16,64,FIXTURE
51-4022,17,445,FIXTURE
51-4022,18,235,FIXTURE
51-4022,19,111,FIXTURE
51-4022,20,102,FIXTURE
51-4022,21,156,FIXTURE
51-4022,22,162,FIXTURE
51-4022,23,47,FIXTURE
51-4022,24,214,FIXTURE
51-4022,25,244,FIXTURE
51-4022,26,350,FIXTURE
51-4022,27,198,FIXTURE
51-4022,28,103,FIXTURE
51-4022,29,214,FIXTURE
51-4022,30,38,FIXTURE
51-4022,31,68,FIXTURE
51-4022,32,108,FIXTURE
51-4022,33,48,FIXTURE
51-4022,34,322,FIXTURE
51-4022,35,73,FIXTURE
51-4022,36,701,FIXTURE
51-4022,37,362,FIXTURE
51-4022,38,27,FIXTURE
51-4022,39,409,FIXTURE
51-4022,40,137,FIXTURE
51-4022,41,147,FIXTURE
51-4022,42,451,FIXTURE
51-4022,44,38,FIXTURE
51-4022,45,178,FIXTURE
51-4022,46,31,FIXTURE
51-4022,47,240,FIXTURE
51-4022,48,1011,FIXTURE
51-4022,49,114,FIXTURE
51-4022,50,22,FIXTURE
51-4022,51,299,FIXTURE
51-4022,53,267,FIXTURE
51-4022,54,62,FIXTURE
51-4022,55,205,FIXTURE
51-4022,56,20,FIXTURE
51-4023,01,480,FIXTURE
51-4023,02,70,FIXTURE
51-4023,04,683,FIXTURE
51-4023,05,288,FIXTURE
51-4023,06,3775,FIXTURE
51-4023,08,551,FIXTURE
51-4023,09,344,FIXTURE
51-4023,10,94,FIXTURE
51-4023,11,66,FIXTURE
51-4023,12,2057,FIXTURE
51-4023,13,1023,FIXTURE
51-4023,15,139,FIXTURE
51-4023,16,176,FIXTURE
51-4023,17,1223,FIXTURE
51-4023,18,648,FIXTURE
51-4023,19,305,FIXTURE
51-4023,20,281,FIXTURE
51-4023,21,430,FIXTURE
51-4023,22,445,FIXTURE
51-4023,23,130,FIXTURE
51-4023,24,590,FIXTURE
51-4023,25,671,FIXTURE
51-4023,26,962,FIXTURE
51-4023,27,545,FIXTURE
51-4023,28,283,FIXTURE
51-4023,29,588,FIXTURE
51-4023,30,103,FIXTURE
51-4023,31,187,FIXTURE
51-4023,32,296,FIXTURE
51-4023,33,132,FIXTURE
51-4023,34,887,FIXTURE
51-4023,35,202,FIXTURE
51-4023,36,1929,FIXTURE
51-4023,37,997,FIXTURE
51-4023,38,74,FIXTURE
51-4023,39,1127,FIXTURE
51-4023,40,378,FIXTURE
51-4023,41,405,FIXTURE
51-4023,42,1242,FIXTURE
51-4023,44,105,FIXTURE
51-4023,45,489,FIXTURE
51-4023,46,85,FIXTURE
51-4023,47,660,FIXTURE
51-4023,48,2783,FIXTURE
51-4023,49,312,FIXTURE
51-4023,50,61,FIXTURE
51-4023,51,824,FIXTURE
51-4023,53,736,FIXTURE
51-4023,54,171,FIXTURE
51-4023,55,563,FIXTURE
51-4023,56,55,FIXTURE
51-4031,01,2723,FIXTURE
51-4031,02,397,FIXTURE
51-4031,04,3876,FIXTURE
51-4031,05,1632,FIXTURE
51-4031,06,21428,FIXTURE
51-4031,08,3129,FIXTURE
51-4031,09,1954,FIXTURE
51-4031,10,536,FIXTURE
51-4031,11,374,FIXTURE
51-4031,12,11673,FIXTURE
51-4031,13,5805,FIXTURE
51-4031,15,789,FIXTURE
51-4031,16,997,FIXTURE
51-4031,17,6944,FIXTURE
51-4031,18,3677,FIXTURE
51-4031,19,1729,FIXTURE
51-4031,20,1592,FIXTURE
51-4031,21,2442,FIXTURE
51-4031,22,2524,FIXTURE
51-4031,23,738,FIXTURE
51-4031,24,3348,FIXTURE
51-4031,25,3810,FIXTURE
51-4031,26,5461,FIXTURE
51-4031,27,3093,FIXTURE
51-4031,28,1605,FIXTURE
51-4031,29,3336,FIXTURE
51-4031,30,588,FIXTURE
51-4031,31,1063,FIXTURE
51-4031,32,1683,FIXTURE
51-4031,33,747,FIXTURE
51-4031,34,5034,FIXTURE
51-4031,35,1148,FIXTURE
51-4031,36,10948,FIXTURE
51-4031,37,5658,FIXTURE
51-4031,38,422,FIXTURE
51-4031,39,6395,FIXTURE
51-4031,40,2146,FIXTURE
51-4031,41,2296,FIXTURE
51-4031,42,7047,FIXTURE
51-4031,44,595,FIXTURE
51-4031,45,2774,FIXTURE
51-4031,46,480,FIXTURE
51-4031,47,3745,FIXTURE
51-4031,48,15795,FIXTURE
51-4031,49,1773,FIXTURE
51-4031,50,348,FIXTURE
51-4031,51,4678,FIXTURE
51-4031,53,4176,FIXTURE
51-4031,54,972,FIXTURE
51-4031,55,3194,FIXTURE
51-4031,56,313,FIXTURE
51-4032,01,103,FIXTURE
51-4032,02,15,FIXTURE
51-4032,04,147,FIXTURE
51-4032,05,62,FIXTURE
51-4032,06,812,FIXTURE
51-4032,08,119,FIXTURE
51-4032,09,74,FIXTURE
51-4032,10,20,FIXTURE
51-4032,11,14,FIXTURE
51-4032,12,443,FIXTURE
51-4032,13,220,FIXTURE
51-4032,15,30,FIXTURE
51-4032,16,38,FIXTURE
51-4032,17,263,FIXTURE
51-4032,18,139,FIXTURE
51-4032,19,66,FIXTURE
51-4032,20,60,FIXTURE
51-4032,21,93,FIXTURE
51-4032,22,96,FIXTURE
51-4032,23,28,FIXTURE
51-4032,24,127,FIXTURE
51-4032,25,145,FIXTURE
51-4032,26,207,FIXTURE
51-4032,27,117,FIXTURE
51-4032,28,61,FIXTURE
51-4032,29,127,FIXTURE
51-4032,30,22,FIXTURE
51-4032,31,40,FIXTURE
51-4032,32,64,FIXTURE
51-4032,33,28,FIXTURE
51-4032,34,191,FIXTURE
51-4032,35,44,FIXTURE
51-4032,36,415,FIXTURE
51-4032,37,215,FIXTURE
51-4032,38,16,FIXTURE
51-4032,39,242,FIXTURE
51-4032,40,81,FIXTURE
51-4032,41,87,FIXTURE
51-4032,42,267,FIXTURE
51-4032,44,23,FIXTURE
51-4032,45,105,FIXTURE
51-4032,46,18,FIXTURE
51-4032,47,142,FIXTURE
51-4032,48,599,FIXTURE
51-4032,49,67,FIXTURE
51-4032,50,13,FIXTURE
51-4032,51,177,FIXTURE
51-4032,53,158,FIXTURE
51-4032,54,37,FIXTURE
51-4032,55,121,FIXTURE
51-4032,56,12,FIXTURE
51-4033,01,1027,FIXTURE
51-4033,02,150,FIXTURE
51-4033,04,1462,FIXTURE
51-4033,05,616,FIXTURE
51-4033,06,8082,FIXTURE
51-4033,08,1180,FIXTURE
51-4033,09,737,FIXTURE
51-4033,10,202,FIXTURE
51-4033,11,141,FIXTURE
51-4033,12,4403,FIXTURE
51-4033,13,2190,FIXTURE
51-4033,15,297,FIXTURE
51-4033,16,376,FIXTURE
51-4033,17,2619,FIXTURE
51-4033,18,1387,FIXTURE
51-4033,19,652,FIXTURE
51-4033,20,600,FIXTURE
51-4033,21,921,FIXTURE
51-4033,22,952,FIXTURE
51-4033,23,278,FIXTURE
51-4033,24,1263,FIXTURE
51-4033,25,1437,FIXTURE
51-4033,26,2060,FIXTURE
51-4033,27,1166,FIXTURE
51-4033,28,605,FIXTURE
51-4033,29,1258,FIXTURE
51-4033,30,222,FIXTURE
51-4033,31,401,FIXTURE
51-4033,32,635,FIXTURE
51-4033,33,282,FIXTURE
51-4033,34,1899,FIXTURE
51-4033,35,433,FIXTURE
51-4033,36,4129,FIXTURE
51-4033,37,2134,FIXTURE
51-4033,38,159,FIXTURE
51-4033,39,2412,FIXTURE
51-4033,40,809,FIXTURE
51-4033,41,866,FIXTURE
51-4033,42,2658,FIXTURE
51-4033,44,224,FIXTURE
51-4033,45,1046,FIXTURE
51-4033,46,181,FIXTURE
51-4033,47,1413,FIXTURE
51-4033,48,5957,FIXTURE
51-4033,49,669,FIXTURE
51-4033,50,131,FIXTURE
51-4033,51,1764,FIXTURE
51-4033,53,1575,FIXTURE
51-4033,54,367,FIXTURE
51-4033,55,1205,FIXTURE
51-4033,56,118,FIXTURE
51-4034,01,298,FIXTURE
51-4034,02,44,FIXTURE
51-4034,04,425,FIXTURE
51-4034,05,179,FIXTURE
51-4034,06,2349,FIXTURE
51-4034,08,343,FIXTURE
51-4034,09,214,FIXTURE
51-4034,10,59,FIXTURE
51-4034,11,41,FIXTURE
51-4034,12,1279,FIXTURE
51-4034,13,636,FIXTURE
51-4034,15,86,FIXTURE
51-4034,16,109,FIXTURE
51-4034,17,761,FIXTURE
51-4034,18,403,FIXTURE
51-4034,19,190,FIXTURE
51-4034,20,175,FIXTURE
51-4034,21,268,FIXTURE
51-4034,22,277,FIXTURE
51-4034,23,81,FIXTURE
51-4034,24,367,FIXTURE
51-4034,25,418,FIXTURE
51-4034,26,599,FIXTURE
51-4034,27,339,FIXTURE
51-4034,28,176,FIXTURE
51-4034,29,366,FIXTURE
51-4034,30,64,FIXTURE
51-4034,31,116,FIXTURE
51-4034,32,184,FIXTURE
51-4034,33,82,FIXTURE
51-4034,34,552,FIXTURE
51-4034,35,126,FIXTURE
51-4034,36,1200,FIXTURE
51-4034,37,620,FIXTURE
51-4034,38,46,FIXTURE
51-4034,39,701,FIXTURE
51-4034,40,235,FIXTURE
51-4034,41,252,FIXTURE
51-4034,42,772,FIXTURE
51-4034,44,65,FIXTURE
51-4034,45,304,FIXTURE
51-4034,46,53,FIXTURE
51-4034,47,411,FIXTURE
51-4034,48,1731,FIXTURE
51-4034,49,194,FIXTURE
51-4034,50,38,FIXTURE
51-4034,51,513,FIXTURE
51-4034,53,458,FIXTURE
51-4034,54,107,FIXTURE
51-4034,55,350,FIXTURE
51-4034,56,34,FIXTURE
51-4035,01,226,FIXTURE
51-4035,02,33,FIXTURE
51-4035,04,322,FIXTURE
51-4035,05,136,FIXTURE
51-4035,06,1780,FIXTURE
51-4035,08,260,FIXTURE
51-4035,09,162,FIXTURE
51-4035,10,45,FIXTURE
51-4035,11,31,FIXTURE
51-4035,12,970,FIXTURE
51-4035,13,482,FIXTURE
51-4035,15,66,FIXTURE
51-4035,16,83,FIXTURE
51-4035,17,577,FIXTURE
51-4035,18,305,FIXTURE
51-4035,19,144,FIXTURE
51-4035,20,132,FIXTURE
51-4035,21,203,FIXTURE
51-4035,22,210,FIXTURE
51-4035,23,61,FIXTURE
51-4035,24,278,FIXTURE
51-4035,25,316,FIXTURE
51-4035,26,454,FIXTURE
51-4035,27,257,FIXTURE
51-4035,28,133,FIXTURE
51-4035,29,277,FIXTURE
51-4035,30,49,FIXTURE
51-4035,31,88,FIXTURE
51-4035,32,140,FIXTURE
51-4035,33,62,FIXTURE
51-4035,34,418,FIXTURE
51-4035,35,95,FIXTURE
51-4035,36,909,FIXTURE
51-4035,37,470,FIXTURE
51-4035,38,35,FIXTURE
51-4035,39,531,FIXTURE
51-4035,40,178,FIXTURE
51-4035,41,191,FIXTURE
51-4035,42,585,FIXTURE
51-4035,44,49,FIXTURE
51-4035,45,230,FIXTURE
51-4035,46,40,FIXTURE
51-4035,47,311,FIXTURE
51-4035,48,1312,FIXTURE
51-4035,49,147,FIXTURE
51-4035,50,29,FIXTURE
51-4035,51,389,FIXTURE
51-4035,53,347,FIXTURE
51-4035,54,81,FIXTURE
51-4035,55,265,FIXTURE
51-4035,56,26,FIXTURE
51-4041,01,5051,FIXTURE
51-4041,02,737,FIXTURE
51-4041,04,7190,FIXTURE
51-4041,05,3028,FIXTURE
51-4041,06,39749,FIXTURE
51-4041,08,5805,FIXTURE
51-4041,09,3625,FIXTURE
51-4041,10,995,FIXTURE
51-4041,11,693,FIXTURE
51-4041,12,21653,FIXTURE
51-4041,13,10769,FIXTURE
51-4041,15,1463,FIXTURE
51-4041,16,1849,FIXTURE
51-4041,17,12881,FIXTURE
51-4041,18,6822,FIXTURE
51-4041,19,3207,FIXTURE
51-4041,20,2954,FIXTURE
51-4041,21,4530,FIXTURE
51-4041,22,4683,FIXTURE
51-4041,23,1370,FIXTURE
51-4041,24,6210,FIXTURE
51-4041,25,7067,FIXTURE
51-4041,26,10131,FIXTURE
51-4041,27,5737,FIXTURE
51-4041,28,2977,FIXTURE
51-4041,29,6188,FIXTURE
51-4041,30,1090,FIXTURE
51-4041,31,1972,FIXTURE
51-4041,32,3121,FIXTURE
51-4041,33,1385,FIXTURE
51-4041,34,9339,FIXTURE
51-4041,35,2129,FIXTURE
51-4041,36,20309,FIXTURE
51-4041,37,10495,FIXTURE
51-4041,38,783,FIXTURE
51-4041,39,11863,FIXTURE
51-4041,40,3981,FIXTURE
51-4041,41,4260,FIXTURE
51-4041,42,13072,FIXTURE
51-4041,44,1103,FIXTURE
51-4041,45,5146,FIXTURE
51-4041,46,891,FIXTURE
51-4041,47,6948,FIXTURE
51-4041,48,29301,FIXTURE
51-4041,49,3289,FIXTURE
51-4041,50,647,FIXTURE
51-4041,51,8678,FIXTURE
51-4041,53,7746,FIXTURE
51-4041,54,1803,FIXTURE
51-4041,55,5925,FIXTURE
51-4041,56,580,FIXTURE
51-4051,01,236,FIXTURE
51-4051,02,34,FIXTURE
51-4051,04,335,FIXTURE
51-4051,05,141,FIXTURE
51-4051,06,1854,FIXTURE
51-4051,08,271,FIXTURE
51-4051,09,169,FIXTURE
51-4051,10,46,FIXTURE
51-4051,11,32,FIXTURE
51-4051,12,1010,FIXTURE
51-4051,13,502,FIXTURE
51-4051,15,68,FIXTURE
51-4051,16,86,FIXTURE
51-4051,17,601,FIXTURE
51-4051,18,318,FIXTURE
51-4051,19,150,FIXTURE
51-4051,20,138,FIXTURE
51-4051,21,211,FIXTURE
51-4051,22,218,FIXTURE
51-4051,23,64,FIXTURE
51-4051,24,290,FIXTURE
51-4051,25,330,FIXTURE
51-4051,26,472,FIXTURE
51-4051,27,268,FIXTURE
51-4051,28,139,FIXTURE
51-4051,29,289,FIXTURE
51-4051,30,51,FIXTURE
51-4051,31,92,FIXTURE
51-4051,32,146,FIXTURE
51-4051,33,65,FIXTURE
51-4051,34,435,FIXTURE
51-4051,35,99,FIXTURE
51-4051,36,947,FIXTURE
51-4051,37,489,FIXTURE
51-4051,38,37,FIXTURE
51-4051,39,553,FIXTURE
51-4051,40,186,FIXTURE
51-4051,41,199,FIXTURE
51-4051,42,610,FIXTURE
51-4051,44,51,FIXTURE
51-4051,45,240,FIXTURE
51-4051,46,42,FIXTURE
51-4051,47,324,FIXTURE
51-4051,48,1366,FIXTURE
51-4051,49,153,FIXTURE
51-4051,50,30,FIXTURE
51-4051,51,405,FIXTURE
51-4051,53,361,FIXTURE
51-4051,54,84,FIXTURE
51-4051,55,276,FIXTURE
51-4051,56,27,FIXTURE
51-4052,01,100,FIXTURE
51-4052,02,15,FIXTURE
51-4052,04,142,FIXTURE
51-4052,05,60,FIXTURE
51-4052,06,784,FIXTURE
51-4052,08,114,FIXTURE
51-4052,09,71,FIXTURE
51-4052,10,20,FIXTURE
51-4052,11,14,FIXTURE
51-4052,12,427,FIXTURE
51-4052,13,212,FIXTURE
51-4052,15,29,FIXTURE
51-4052,16,36,FIXTURE
51-4052,17,254,FIXTURE
51-4052,18,135,FIXTURE
51-4052,19,63,FIXTURE
51-4052,20,58,FIXTURE
51-4052,21,89,FIXTURE
51-4052,22,92,FIXTURE
51-4052,23,27,FIXTURE
51-4052,24,122,FIXTURE
51-4052,25,139,FIXTURE
51-4052,26,200,FIXTURE
51-4052,27,113,FIXTURE
51-4052,28,59,FIXTURE
51-4052,29,122,FIXTURE
51-4052,30,21,FIXTURE
51-4052,31,39,FIXTURE
51-4052,32,62,FIXTURE
51-4052,33,27,FIXTURE
51-4052,34,184,FIXTURE
51-4052,35,42,FIXTURE
51-4052,36,400,FIXTURE
51-4052,37,207,FIXTURE
51-4052,38,15,FIXTURE
51-4052,39,234,FIXTURE
51-4052,40,78,FIXTURE
51-4052,41,84,FIXTURE
51-4052,42,258,FIXTURE
51-4052,44,22,FIXTURE
51-4052,45,101,FIXTURE
51-4052,46,18,FIXTURE
51-4052,47,137,FIXTURE
51-4052,48,578,FIXTURE
51-4052,49,65,FIXTURE
51-4052,50,13,FIXTURE
51-4052,51,171,FIXTURE
51-4052,53,153,FIXTURE
51-4052,54,36,FIXTURE
51-4052,55,117,FIXTURE
51-4052,56,11,FIXTURE
51-4061,01,56,FIXTURE
51-4061,02,8,FIXTURE
51-4061,04,80,FIXTURE
51-4061,05,34,FIXTURE
51-4061,06,440,FIXTURE
51-4061,08,64,FIXTURE
51-4061,09,40,FIXTURE
51-4061,10,11,FIXTURE
51-4061,11,8,FIXTURE
51-4061,12,240,FIXTURE
51-4061,13,119,FIXTURE
51-4061,15,16,FIXTURE
51-4061,16,20,FIXTURE
51-4061,17,143,FIXTURE
51-4061,18,76,FIXTURE
51-4061,19,35,FIXTURE
51-4061,20,33,FIXTURE
51-4061,21,50,FIXTURE
51-4061,22,52,FIXTURE
51-4061,23,15,FIXTURE
51-4061,24,69,FIXTURE
51-4061,25,78,FIXTURE
51-4061,26,112,FIXTURE
51-4061,27,64,FIXTURE
51-4061,28,33,FIXTURE
51-4061,29,69,FIXTURE
51-4061,30,12,FIXTURE
51-4061,31,22,FIXTURE
51-4061,32,35,FIXTURE
51-4061,33,15,FIXTURE
51-4061,34,103,FIXTURE
51-4061,35,24,FIXTURE
51-4061,36,225,FIXTURE
51-4061,37,116,FIXTURE
51-4061,38,9,FIXTURE
51-4061,39,131,FIXTURE
51-4061,40,44,FIXTURE
51-4061,41,47,FIXTURE
51-4061,42,145,FIXTURE
51-4061,44,12,FIXTURE
51-4061,45,57,FIXTURE
51-4061,46,10,FIXTURE
51-4061,47,77,FIXTURE
51-4061,48,324,FIXTURE
51-4061,49,36,FIXTURE
51-4061,50,7,FIXTURE
51-4061,51,96,FIXTURE
51-4061,53,86,FIXTURE
51-4061,54,20,FIXTURE
51-4061,55,66,FIXTURE
51-4061,56,6,FIXTURE
51-4062,01,32,FIXTURE
51-4062,02,5,FIXTURE
51-4062,04,45,FIXTURE
51-4062,05,19,FIXTURE
51-4062,06,249,FIXTURE
51-4062,08,36,FIXTURE
51-4062,09,23,FIXTURE
51-4062,10,6,FIXTURE
51-4062,11,4,FIXTURE
51-4062,12,136,FIXTURE
51-4062,13,67,FIXTURE
51-4062,15,9,FIXTURE
51-4062,16,12,FIXTURE
51-4062,17,81,FIXTURE
51-4062,18,43,FIXTURE
51-4062,19,20,FIXTURE
51-4062,20,18,FIXTURE
51-4062,21,28,FIXTURE
51-4062,22,29,FIXTURE
51-4062,23,9,FIXTURE
51-4062,24,39,FIXTURE
51-4062,25,44,FIXTURE
51-4062,26,63,FIXTURE
51-4062,27,36,FIXTURE
51-4062,28,19,FIXTURE
51-4062,29,39,FIXTURE
51-4062,30,7,FIXTURE
51-4062,31,12,FIXTURE
51-4062,32,20,FIXTURE
51-4062,33,9,FIXTURE
51-4062,34,59,FIXTURE
51-4062,35,13,FIXTURE
51-4062,36,127,FIXTURE
51-4062,37,66,FIXTURE
51-4062,38,5,FIXTURE
51-4062,39,74,FIXTURE
51-4062,40,25,FIXTURE
51-4062,41,27,FIXTURE
51-4062,42,82,FIXTURE
51-4062,44,7,FIXTURE
51-4062,45,32,FIXTURE
51-4062,46,6,FIXTURE
51-4062,47,44,FIXTURE
51-4062,48,184,FIXTURE
51-4062,49,21,FIXTURE
51-4062,50,4,FIXTURE
51-4062,51,54,FIXTURE
51-4062,53,49,FIXTURE
51-4062,54,11,FIXTURE
51-4062,55,37,FIXTURE
51-4062,56,4,FIXTURE
51-4071,01,206,FIXTURE
51-4071,02,30,FIXTURE
51-4071,04,294,FIXTURE
51-4071,05,124,FIXTURE
51-4071,06,1624,FIXTURE
51-4071,08,237,FIXTURE
51-4071,09,148,FIXTURE
51-4071,10,41,FIXTURE
51-4071,11,28,FIXTURE
51-4071,12,884,FIXTURE
51-4071,13,440,FIXTURE
51-4071,15,60,FIXTURE
51-4071,16,75,FIXTURE
51-4071,17,526,FIXTURE
51-4071,18,279,FIXTURE
51-4071,19,131,FIXTURE
51-4071,20,121,FIXTURE
51-4071,21,185,FIXTURE
51-4071,22,191,FIXTURE
51-4071,23,56,FIXTURE
51-4071,24,254,FIXTURE
51-4071,25,289,FIXTURE
51-4071,26,414,FIXTURE
51-4071,27,234,FIXTURE
51-4071,28,122,FIXTURE
51-4071,29,253,FIXTURE
51-4071,30,44,FIXTURE
51-4071,31,81,FIXTURE
51-4071,32,127,FIXTURE
51-4071,33,57,FIXTURE
51-4071,34,381,FIXTURE
51-4071,35,87,FIXTURE
51-4071,36,829,FIXTURE
51-4071,37,429,FIXTURE
51-4071,38,32,FIXTURE
51-4071,39,484,FIXTURE
51-4071,40,163,FIXTURE
51-4071,41,174,FIXTURE
51-4071,42,534,FIXTURE
51-4071,44,45,FIXTURE
51-4071,45,210,FIXTURE
51-4071,46,36,FIXTURE
51-4071,47,284,FIXTURE
51-4071,48,1197,FIXTURE
51-4071,49,134,FIXTURE
51-4071,50,26,FIXTURE
51-4071,51,354,FIXTURE
51-4071,53,316,FIXTURE
51-4071,54,74,FIXTURE
51-4071,55,242,FIXTURE
51-4071,56,24,FIXTURE
51-4072,01,2474,FIXTURE
51-4072,02,361,FIXTURE
51-4072,04,3521,FIXTURE
51-4072,05,1483,FIXTURE
51-4072,06,19469,FIXTURE
51-4072,08,2843,FIXTURE
51-4072,09,1776,FIXTURE
51-4072,10,487,FIXTURE
51-4072,11,339,FIXTURE
51-4072,12,10606,FIXTURE
51-4072,13,5275,FIXTURE
51-4072,15,717,FIXTURE
51-4072,16,906,FIXTURE
51-4072,17,6309,FIXTURE
51-4072,18,3341,FIXTURE
51-4072,19,1571,FIXTURE
51-4072,20,1447,FIXTURE
51-4072,21,2219,FIXTURE
51-4072,22,2293,FIXTURE
51-4072,23,671,FIXTURE
51-4072,24,3042,FIXTURE
51-4072,25,3462,FIXTURE
51-4072,26,4962,FIXTURE
51-4072,27,2810,FIXTURE
51-4072,28,1458,FIXTURE
51-4072,29,3031,FIXTURE
51-4072,30,534,FIXTURE
51-4072,31,966,FIXTURE
51-4072,32,1529,FIXTURE
51-4072,33,678,FIXTURE
51-4072,34,4574,FIXTURE
51-4072,35,1043,FIXTURE
51-4072,36,9947,FIXTURE
51-4072,37,5140,FIXTURE
51-4072,38,384,FIXTURE
51-4072,39,5810,FIXTURE
51-4072,40,1950,FIXTURE
51-4072,41,2086,FIXTURE
51-4072,42,6403,FIXTURE
51-4072,44,540,FIXTURE
51-4072,45,2520,FIXTURE
51-4072,46,437,FIXTURE
51-4072,47,3403,FIXTURE
51-4072,48,14352,FIXTURE
51-4072,49,1611,FIXTURE
51-4072,50,317,FIXTURE
51-4072,51,4250,FIXTURE
51-4072,53,3794,FIXTURE
51-4072,54,883,FIXTURE
51-4072,55,2902,FIXTURE
51-4072,56,284,FIXTURE
51-4081,01,2045,FIXTURE
51-4081,02,298,FIXTURE
51-4081,04,2910,FIXTURE
51-4081,05,1226,FIXTURE
51-4081,06,16090,FIXTURE
51-4081,08,2350,FIXTURE
51-4081,09,1467,FIXTURE
51-4081,10,403,FIXTURE
51-4081,11,281,FIXTURE
51-4081,12,8765,FIXTURE
51-4081,13,4359,FIXTURE
51-4081,15,592,FIXTURE
51-4081,16,748,FIXTURE
51-4081,17,5214,FIXTURE
51-4081,18,2761,FIXTURE
51-4081,19,1298,FIXTURE
51-4081,20,1196,FIXTURE
51-4081,21,1834,FIXTURE
51-4081,22,1895,FIXTURE
51-4081,23,554,FIXTURE
51-4081,24,2514,FIXTURE
51-4081,25,2861,FIXTURE
51-4081,26,4101,FIXTURE
51-4081,27,2322,FIXTURE
51-4081,28,1205,FIXTURE
51-4081,29,2505,FIXTURE
51-4081,30,441,FIXTURE
51-4081,31,798,FIXTURE
51-4081,32,1263,FIXTURE
51-4081,33,561,FIXTURE
51-4081,34,3780,FIXTURE
51-4081,35,862,FIXTURE
51-4081,36,8221,FIXTURE
51-4081,37,4248,FIXTURE
51-4081,38,317,FIXTURE
51-4081,39,4802,FIXTURE
51-4081,40,1611,FIXTURE
51-4081,41,1724,FIXTURE
51-4081,42,5291,FIXTURE
51-4081,44,447,FIXTURE
51-4081,45,2083,FIXTURE
51-4081,46,361,FIXTURE
51-4081,47,2812,FIXTURE
51-4081,48,11860,FIXTURE
51-4081,49,1331,FIXTURE
51-4081,50,262,FIXTURE
51-4081,51,3512,FIXTURE
51-4081,53,3136,FIXTURE
51-4081,54,730,FIXTURE
51-4081,55,2398,FIXTURE
51-4081,56,235,FIXTURE
51-4111,01,965,FIXTURE
51-4111,02,141,FIXTURE
51-4111,04,1373,FIXTURE
51-4111,05,578,FIXTURE
51-4111,06,7590,FIXTURE
51-4111,08,1108,FIXTURE
51-4111,09,692,FIXTURE
51-4111,10,190,FIXTURE
51-4111,11,132,FIXTURE
51-4111,12,4135,FIXTURE
51-4111,13,2056,FIXTURE
51-4111,15,279,FIXTURE
51-4111,16,353,FIXTURE
51-4111,17,2460,FIXTURE
51-4111,18,1303,FIXTURE
51-4111,19,612,FIXTURE
51-4111,20,564,FIXTURE
51-4111,21,865,FIXTURE
51-4111,22,894,FIXTURE
51-4111,23,262,FIXTURE
51-4111,24,1186,FIXTURE
51-4111,25,1350,FIXTURE
51-4111,26,1935,FIXTURE
51-4111,27,1096,FIXTURE
51-4111,28,569,FIXTURE
51-4111,29,1182,FIXTURE
51-4111,30,208,FIXTURE
51-4111,31,377,FIXTURE
51-4111,32,596,FIXTURE
51-4111,33,264,FIXTURE
51-4111,34,1783,FIXTURE
51-4111,35,407,FIXTURE
51-4111,36,3878,FIXTURE
51-4111,37,2004,FIXTURE
51-4111,38,150,FIXTURE
51-4111,39,2265,FIXTURE
51-4111,40,760,FIXTURE
51-4111,41,813,FIXTURE
51-4111,42,2496,FIXTURE
51-4111,44,211,FIXTURE
51-4111,45,983,FIXTURE
51-4111,46,170,FIXTURE
51-4111,47,1327,FIXTURE
51-4111,48,5595,FIXTURE
51-4111,49,628,FIXTURE
51-4111,50,123,FIXTURE
51-4111,51,1657,FIXTURE
51-4111,53,1479,FIXTURE
51-4111,54,344,FIXTURE
51-4111,55,1131,FIXTURE
51-4111,56,111,FIXTURE
51-4121,01,6027,FIXTURE
51-4121,02,880,FIXTURE
51-4121,04,8579,FIXTURE
51-4121,05,3613,FIXTURE
51-4121,06,47429,FIXTURE
51-4121,08,6926,FIXTURE
51-4121,09,4326,FIXTURE
51-4121,10,1187,FIXTURE
51-4121,11,827,FIXTURE
51-4121,12,25837,FIXTURE
51-4121,13,12850,FIXTURE
51-4121,15,1746,FIXTURE
51-4121,16,2206,FIXTURE
51-4121,17,15370,FIXTURE
51-4121,18,8140,FIXTURE
51-4121,19,3827,FIXTURE
51-4121,20,3524,FIXTURE
51-4121,21,5405,FIXTURE
51-4121,22,5587,FIXTURE
51-4121,23,1634,FIXTURE
51-4121,24,7410,FIXTURE
51-4121,25,8433,FIXTURE
51-4121,26,12089,FIXTURE
51-4121,27,6845,FIXTURE
51-4121,28,3552,FIXTURE
51-4121,29,7383,FIXTURE
51-4121,30,1301,FIXTURE
51-4121,31,2353,FIXTURE
51-4121,32,3724,FIXTURE
51-4121,33,1652,FIXTURE
51-4121,34,11143,FIXTURE
51-4121,35,2540,FIXTURE
51-4121,36,24233,FIXTURE
51-4121,37,12523,FIXTURE
51-4121,38,935,FIXTURE
51-4121,39,14154,FIXTURE
51-4121,40,4750,FIXTURE
51-4121,41,5083,FIXTURE
51-4121,42,15598,FIXTURE
51-4121,44,1316,FIXTURE
51-4121,45,6140,FIXTURE
51-4121,46,1064,FIXTURE
51-4121,47,8290,FIXTURE
51-4121,48,34962,FIXTURE
51-4121,49,3925,FIXTURE
51-4121,50,771,FIXTURE
51-4121,51,10354,FIXTURE
51-4121,53,9243,FIXTURE
51-4121,54,2152,FIXTURE
51-4121,55,7070,FIXTURE
51-4121,56,692,FIXTURE
51-4122,01,455,FIXTURE
51-4122,02,66,FIXTURE
51-4122,04,647,FIXTURE
51-4122,05,272,FIXTURE
51-4122,06,3576,FIXTURE
51-4122,08,522,FIXTURE
51-4122,09,326,FIXTURE
51-4122,10,90,FIXTURE
51-4122,11,62,FIXTURE
51-4122,12,1948,FIXTURE
51-4122,13,969,FIXTURE
51-4122,15,132,FIXTURE
51-4122,16,166,FIXTURE
51-4122,17,1159,FIXTURE
51-4122,18,614,FIXTURE
51-4122,19,289,FIXTURE
51-4122,20,266,FIXTURE
51-4122,21,408,FIXTURE
51-4122,22,421,FIXTURE
51-4122,23,123,FIXTURE
51-4122,24,559,FIXTURE
51-4122,25,636,FIXTURE
51-4122,26,912,FIXTURE
51-4122,27,516,FIXTURE
51-4122,28,268,FIXTURE
51-4122,29,557,FIXTURE
51-4122,30,98,FIXTURE
51-4122,31,177,FIXTURE
51-4122,32,281,FIXTURE
51-4122,33,125,FIXTURE
51-4122,34,840,FIXTURE
51-4122,35,192,FIXTURE
51-4122,36,1827,FIXTURE
51-4122,37,944,FIXTURE
51-4122,38,71,FIXTURE
51-4122,39,1067,FIXTURE
51-4122,40,358,FIXTURE
51-4122,41,383,FIXTURE
51-4122,42,1176,FIXTURE
51-4122,44,99,FIXTURE
51-4122,45,463,FIXTURE
51-4122,46,80,FIXTURE
51-4122,47,625,FIXTURE
51-4122,48,2636,FIXTURE
51-4122,49,296,FIXTURE
51-4122,50,58,FIXTURE
51-4122,51,781,FIXTURE
51-4122,53,697,FIXTURE
51-4122,54,162,FIXTURE
51-4122,55,533,FIXTURE
51-4122,56,52,FIXTURE
51-4191,01,220,FIXTURE
51-4191,02,32,FIXTURE
51-4191,04,314,FIXTURE
51-4191,05,132,FIXTURE
51-4191,06,1734,FIXTURE
51-4191,08,253,FIXTURE
51-4191,09,158,FIXTURE
51-4191,10,43,FIXTURE
51-4191,11,30,FIXTURE
51-4191,12,945,FIXTURE
51-4191,13,470,FIXTURE
51-4191,15,64,FIXTURE
51-4191,16,81,FIXTURE
51-4191,17,562,FIXTURE
51-4191,18,298,FIXTURE
51-4191,19,140,FIXTURE
51-4191,20,129,FIXTURE
51-4191,21,198,FIXTURE
51-4191,22,204,FIXTURE
51-4191,23,60,FIXTURE
51-4191,24,271,FIXTURE
51-4191,25,308,FIXTURE
51-4191,26,442,FIXTURE
51-4191,27,250,FIXTURE
51-4191,28,130,FIXTURE
51-4191,29,270,FIXTURE
51-4191,30,48,FIXTURE
51-4191,31,86,FIXTURE
51-4191,32,136,FIXTURE
51-4191,33,60,FIXTURE
51-4191,34,407,FIXTURE
51-4191,35,93,FIXTURE
51-4191,36,886,FIXTURE
51-4191,37,458,FIXTURE
51-4191,38,34,FIXTURE
51-4191,39,518,FIXTURE
51-4191,40,174,FIXTURE
51-4191,41,186,FIXTURE
51-4191,42,570,FIXTURE
51-4191,44,48,FIXTURE
51-4191,45,225,FIXTURE
51-4191,46,39,FIXTURE
51-4191,47,303,FIXTURE
51-4191,48,1279,FIXTURE
51-4191,49,144,FIXTURE
51-4191,50,28,FIXTURE
51-4191,51,379,FIXTURE
51-4191,53,338,FIXTURE
51-4191,54,79,FIXTURE
51-4191,55,259,FIXTURE
51-4191,56,25,FIXTURE
51-4192,01,104,FIXTURE
51-4192,02,15,FIXTURE
51-4192,04,148,FIXTURE
51-4192,05,62,FIXTURE
51-4192,06,816,FIXTURE
51-4192,08,119,FIXTURE
51-4192,09,74,FIXTURE
51-4192,10,20,FIXTURE
51-4192,11,14,FIXTURE
51-4192,12,444,FIXTURE
51-4192,13,221,FIXTURE
51-4192,15,30,FIXTURE
51-4192,16,38,FIXTURE
51-4192,17,264,FIXTURE
51-4192,18,140,FIXTURE
51-4192,19,66,FIXTURE
51-4192,20,61,FIXTURE
51-4192,21,93,FIXTURE
51-4192,22,96,FIXTURE
51-4192,23,28,FIXTURE
51-4192,24,128,FIXTURE
51-4192,25,145,FIXTURE
51-4192,26,208,FIXTURE
51-4192,27,118,FIXTURE
51-4192,28,61,FIXTURE
51-4192,29,127,FIXTURE
51-4192,30,22,FIXTURE
51-4192,31,41,FIXTURE
51-4192,32,64,FIXTURE
51-4192,33,28,FIXTURE
51-4192,34,192,FIXTURE
51-4192,35,44,FIXTURE
51-4192,36,417,FIXTURE
51-4192,37,215,FIXTURE
51-4192,38,16,FIXTURE
51-4192,39,244,FIXTURE
51-4192,40,82,FIXTURE
51-4192,41,87,FIXTURE
51-4192,42,268,FIXTURE
51-4192,44,23,FIXTURE
51-4192,45,106,FIXTURE
51-4192,46,18,FIXTURE
51-4192,47,143,FIXTURE
51-4192,48,601,FIXTURE
51-4192,49,68,FIXTURE
51-4192,50,13,FIXTURE
51-4192,51,178,FIXTURE
51-4192,53,159,FIXTURE
51-4192,54,37,FIXTURE
51-4192,55,122,FIXTURE
51-4192,56,12,FIXTURE
51-4193,01,490,FIXTURE
51-4193,02,71,FIXTURE
51-4193,04,697,FIXTURE
51-4193,05,294,FIXTURE
51-4193,06,3854,FIXTURE
51-4193,08,563,FIXTURE
51-4193,09,352,FIXTURE
51-4193,10,97,FIXTURE
51-4193,11,67,FIXTURE
51-4193,12,2100,FIXTURE
51-4193,13,1044,FIXTURE
51-4193,15,142,FIXTURE
51-4193,16,179,FIXTURE
51-4193,17,1249,FIXTURE
51-4193,18,661,FIXTURE
51-4193,19,311,FIXTURE
51-4193,20,286,FIXTURE
51-4193,21,439,FIXTURE
51-4193,22,454,FIXTURE
51-4193,23,133,FIXTURE
51-4193,24,602,FIXTURE
51-4193,25,685,FIXTURE
51-4193,26,982,FIXTURE
51-4193,27,556,FIXTURE
51-4193,28,289,FIXTURE
51-4193,29,600,FIXTURE
51-4193,30,106,FIXTURE
51-4193,31,191,FIXTURE
51-4193,32,303,FIXTURE
51-4193,33,134,FIXTURE
51-4193,34,906,FIXTURE
51-4193,35,206,FIXTURE
51-4193,36,1969,FIXTURE
51-4193,37,1018,FIXTURE
51-4193,38,76,FIXTURE
51-4193,39,1150,FIXTURE
51-4193,40,386,FIXTURE
51-4193,41,413,FIXTURE
51-4193,42,1268,FIXTURE
51-4193,44,107,FIXTURE
51-4193,45,499,FIXTURE
51-4193,46,86,FIXTURE
51-4193,47,674,FIXTURE
51-4193,48,2841,FIXTURE
51-4193,49,319,FIXTURE
51-4193,50,63,FIXTURE
51-4193,51,841,FIXTURE
51-4193,53,751,FIXTURE
51-4193,54,175,FIXTURE
51-4193,55,575,FIXTURE
51-4193,56,56,FIXTURE
51-4194,01,93,FIXTURE
51-4194,02,14,FIXTURE
51-4194,04,132,FIXTURE
51-4194,05,55,FIXTURE
51-4194,06,728,FIXTURE
51-4194,08,106,FIXTURE
51-4194,09,66,FIXTURE
51-4194,10,18,FIXTURE
51-4194,11,13,FIXTURE
51-4194,12,396,FIXTURE
51-4194,13,197,FIXTURE
51-4194,15,27,FIXTURE
51-4194,16,34,FIXTURE
51-4194,17,236,FIXTURE
51-4194,18,125,FIXTURE
51-4194,19,59,FIXTURE
51-4194,20,54,FIXTURE
51-4194,21,83,FIXTURE
51-4194,22,86,FIXTURE
51-4194,23,25,FIXTURE
51-4194,24,114,FIXTURE
51-4194,25,129,FIXTURE
51-4194,26,185,FIXTURE
51-4194,27,105,FIXTURE
51-4194,28,55,FIXTURE
51-4194,29,113,FIXTURE
51-4194,30,20,FIXTURE
51-4194,31,36,FIXTURE
51-4194,32,57,FIXTURE
51-4194,33,25,FIXTURE
51-4194,34,171,FIXTURE
51-4194,35,39,FIXTURE
51-4194,36,372,FIXTURE
51-4194,37,192,FIXTURE
51-4194,38,14,FIXTURE
51-4194,39,217,FIXTURE
51-4194,40,73,FIXTURE
51-4194,41,78,FIXTURE
51-4194,42,239,FIXTURE
51-4194,44,20,FIXTURE
51-4194,45,94,FIXTURE
51-4194,46,16,FIXTURE
51-4194,47,127,FIXTURE
51-4194,48,536,FIXTURE
51-4194,49,60,FIXTURE
51-4194,50,12,FIXTURE
51-4194,51,159,FIXTURE
51-4194,53,142,FIXTURE
51-4194,54,33,FIXTURE
51-4194,55,109,FIXTURE
51-4194,56,11,FIXTURE
51-4199,01,284,FIXTURE
51-4199,02,42,FIXTURE
51-4199,04,404,FIXTURE
51-4199,05,170,FIXTURE
51-4199,06,2236,FIXTURE
51-4199,08,326,FIXTURE
51-4199,09,204,FIXTURE
51-4199,10,56,FIXTURE
51-4199,11,39,FIXTURE
51-4199,12,1218,FIXTURE
51-4199,13,606,FIXTURE
51-4199,15,82,FIXTURE
51-4199,16,104,FIXTURE
51-4199,17,724,FIXTURE
51-4199,18,384,FIXTURE
51-4199,19,180,FIXTURE
51-4199,20,166,FIXTURE
51-4199,21,255,FIXTURE
51-4199,22,263,FIXTURE
51-4199,23,77,FIXTURE
51-4199,24,349,FIXTURE
51-4199,25,398,FIXTURE
51-4199,26,570,FIXTURE
51-4199,27,323,FIXTURE
51-4199,28,167,FIXTURE
51-4199,29,348,FIXTURE
51-4199,30,61,FIXTURE
51-4199,31,111,FIXTURE
51-4199,32,176,FIXTURE
51-4199,33,78,FIXTURE
51-4199,34,525,FIXTURE
51-4199,35,120,FIXTURE
51-4199,36,1142,FIXTURE
51-4199,37,590,FIXTURE
51-4199,38,44,FIXTURE
51-4199,39,667,FIXTURE
51-4199,40,224,FIXTURE
51-4199,41,240,FIXTURE
51-4199,42,735,FIXTURE
51-4199,44,62,FIXTURE
51-4199,45,289,FIXTURE
51-4199,46,50,FIXTURE
51-4199,47,391,FIXTURE
51-4199,48,1648,FIXTURE
51-4199,49,185,FIXTURE
51-4199,50,36,FIXTURE
51-4199,51,488,FIXTURE
51-4199,53,436,FIXTURE
51-4199,54,101,FIXTURE
51-4199,55,333,FIXTURE
51-4199,56,33,FIXTURE
51-5111,01,392,FIXTURE
51-5111,02,57,FIXTURE
51-5111,04,558,FIXTURE
51-5111,05,235,FIXTURE
51-5111,06,3082,FIXTURE
51-5111,08,450,FIXTURE
51-5111,09,281,FIXTURE
51-5111,10,77,FIXTURE
51-5111,11,54,FIXTURE
51-5111,12,1679,FIXTURE
51-5111,13,835,FIXTURE
51-5111,15,113,FIXTURE
51-5111,16,143,FIXTURE
51-5111,17,999,FIXTURE
51-5111,18,529,FIXTURE
51-5111,19,249,FIXTURE
51-5111,20,229,FIXTURE
51-5111,21,351,FIXTURE
51-5111,22,363,FIXTURE
51-5111,23,106,FIXTURE
51-5111,24,482,FIXTURE
51-5111,25,548,FIXTURE
51-5111,26,786,FIXTURE
51-5111,27,445,FIXTURE
51-5111,28,231,FIXTURE
51-5111,29,480,FIXTURE
51-5111,30,84,FIXTURE
51-5111,31,153,FIXTURE
51-5111,32,242,FIXTURE
51-5111,33,107,FIXTURE
51-5111,34,724,FIXTURE
51-5111,35,165,FIXTURE
51-5111,36,1575,FIXTURE
51-5111,37,814,FIXTURE
51-5111,38,61,FIXTURE
51-5111,39,920,FIXTURE
51-5111,40,309,FIXTURE
51-5111,41,330,FIXTURE
51-5111,42,1014,FIXTURE
51-5111,44,86,FIXTURE
51-5111,45,399,FIXTURE
51-5111,46,69,FIXTURE
51-5111,47,539,FIXTURE
51-5111,48,2272,FIXTURE
51-5111,49,255,FIXTURE
51-5111,50,50,FIXTURE
51-5111,51,673,FIXTURE
51-5111,53,601,FIXTURE
51-5111,54,140,FIXTURE
51-5111,55,459,FIXTURE
51-5111,56,45,FIXTURE
51-5112,01,2202,FIXTURE
51-5112,02,321,FIXTURE
51-5112,04,3135,FIXTURE
51-5112,05,1320,FIXTURE
51-5112,06,17331,FIXTURE
51-5112,08,2531,FIXTURE
51-5112,09,1581,FIXTURE
51-5112,10,434,FIXTURE
51-5112,11,302,FIXTURE
51-5112,12,9441,FIXTURE
51-5112,13,4696,FIXTURE
51-5112,15,638,FIXTURE
51-5112,16,806,FIXTURE
51-5112,17,5616,FIXTURE
51-5112,18,2974,FIXTURE
51-5112,19,1398,FIXTURE
51-5112,20,1288,FIXTURE
51-5112,21,1975,FIXTURE
51-5112,22,2042,FIXTURE
51-5112,23,597,FIXTURE
51-5112,24,2708,FIXTURE
51-5112,25,3082,FIXTURE
51-5112,26,4417,FIXTURE
51-5112,27,2501,FIXTURE
51-5112,28,1298,FIXTURE
51-5112,29,2698,FIXTURE
51-5112,30,475,FIXTURE
51-5112,31,860,FIXTURE
51-5112,32,1361,FIXTURE
51-5112,33,604,FIXTURE
51-5112,34,4072,FIXTURE
51-5112,35,928,FIXTURE
51-5112,36,8855,FIXTURE
51-5112,37,4576,FIXTURE
51-5112,38,342,FIXTURE
51-5112,39,5172,FIXTURE
51-5112,40,1736,FIXTURE
51-5112,41,1857,FIXTURE
51-5112,42,5700,FIXTURE
51-5112,44,481,FIXTURE
51-5112,45,2244,FIXTURE
51-5112,46,389,FIXTURE
51-5112,47,3029,FIXTURE
51-5112,48,12776,FIXTURE
51-5112,49,1434,FIXTURE
51-5112,50,282,FIXTURE
51-5112,51,3784,FIXTURE
51-5112,53,3378,FIXTURE
51-5112,54,786,FIXTURE
51-5112,55,2584,FIXTURE
51-5112,56,253,FIXTURE
51-5113,01,619,FIXTURE
51-5113,02,90,FIXTURE
51-5113,04,880,FIXTURE
51-5113,05,371,FIXTURE
51-5113,06,4868,FIXTURE
51-5113,08,711,FIXTURE
51-5113,09,444,FIXTURE
51-5113,10,122,FIXTURE
51-5113,11,85,FIXTURE
51-5113,12,2652,FIXTURE
51-5113,13,1319,FIXTURE
51-5113,15,179,FIXTURE
51-5113,16,226,FIXTURE
51-5113,17,1577,FIXTURE
51-5113,18,835,FIXTURE
51-5113,19,393,FIXTURE
51-5113,20,362,FIXTURE
51-5113,21,555,FIXTURE
51-5113,22,573,FIXTURE
51-5113,23,168,FIXTURE
51-5113,24,761,FIXTURE
51-5113,25,865,FIXTURE
51-5113,26,1241,FIXTURE
51-5113,27,703,FIXTURE
51-5113,28,365,FIXTURE
51-5113,29,758,FIXTURE
51-5113,30,133,FIXTURE
51-5113,31,241,FIXTURE
51-5113,32,382,FIXTURE
51-5113,33,170,FIXTURE
51-5113,34,1144,FIXTURE
51-5113,35,261,FIXTURE
51-5113,36,2487,FIXTURE
51-5113,37,1285,FIXTURE
51-5113,38,96,FIXTURE
51-5113,39,1453,FIXTURE
51-5113,40,487,FIXTURE
51-5113,41,522,FIXTURE
51-5113,42,1601,FIXTURE
51-5113,44,135,FIXTURE
51-5113,45,630,FIXTURE
51-5113,46,109,FIXTURE
51-5113,47,851,FIXTURE
51-5113,48,3589,FIXTURE
51-5113,49,403,FIXTURE
51-5113,50,79,FIXTURE
51-5113,51,1063,FIXTURE
51-5113,53,949,FIXTURE
51-5113,54,221,FIXTURE
51-5113,55,726,FIXTURE
51-5113,56,71,FIXTURE
51-6011,01,2386,FIXTURE
51-6011,02,348,FIXTURE
51-6011,04,3396,FIXTURE
51-6011,05,1430,FIXTURE
51-6011,06,18776,FIXTURE
51-6011,08,2742,FIXTURE
51-6011,09,1712,FIXTURE
51-6011,10,470,FIXTURE
51-6011,11,327,FIXTURE
51-6011,12,10228,FIXTURE
51-6011,13,5087,FIXTURE
51-6011,15,691,FIXTURE
51-6011,16,873,FIXTURE
51-6011,17,6085,FIXTURE
51-6011,18,3222,FIXTURE
51-6011,19,1515,FIXTURE
51-6011,20,1395,FIXTURE
51-6011,21,2140,FIXTURE
51-6011,22,2212,FIXTURE
51-6011,23,647,FIXTURE
51-6011,24,2934,FIXTURE
51-6011,25,3338,FIXTURE
51-6011,26,4786,FIXTURE
51-6011,27,2710,FIXTURE
51-6011,28,1406,FIXTURE
51-6011,29,2923,FIXTURE
51-6011,30,515,FIXTURE
51-6011,31,932,FIXTURE
51-6011,32,1474,FIXTURE
51-6011,33,654,FIXTURE
51-6011,34,4411,FIXTURE
51-6011,35,1006,FIXTURE
51-6011,36,9593,FIXTURE
51-6011,37,4958,FIXTURE
51-6011,38,370,FIXTURE
51-6011,39,5603,FIXTURE
51-6011,40,1880,FIXTURE
51-6011,41,2012,FIXTURE
51-6011,42,6175,FIXTURE
51-6011,44,521,FIXTURE
51-6011,45,2431,FIXTURE
51-6011,46,421,FIXTURE
51-6011,47,3282,FIXTURE
51-6011,48,13841,FIXTURE
51-6011,49,1554,FIXTURE
51-6011,50,305,FIXTURE
51-6011,51,4099,FIXTURE
51-6011,53,3659,FIXTURE
51-6011,54,852,FIXTURE
51-6011,55,2799,FIXTURE
51-6011,56,274,FIXTURE
51-6021,01,408,FIXTURE
51-6021,02,60,FIXTURE
51-6021,04,581,FIXTURE
51-6021,05,244,FIXTURE
51-6021,06,3210,FIXTURE
51-6021,08,469,FIXTURE
51-6021,09,293,FIXTURE
51-6021,10,80,FIXTURE
51-6021,11,56,FIXTURE
51-6021,12,1749,FIXTURE
51-6021,13,870,FIXTURE
51-6021,15,118,FIXTURE
51-6021,16,149,FIXTURE
51-6021,17,1040,FIXTURE
51-6021,18,551,FIXTURE
51-6021,19,259,FIXTURE
51-6021,20,238,FIXTURE
51-6021,21,366,FIXTURE
51-6021,22,378,FIXTURE
51-6021,23,111,FIXTURE
51-6021,24,501,FIXTURE
51-6021,25,571,FIXTURE
51-6021,26,818,FIXTURE
51-6021,27,463,FIXTURE
51-6021,28,240,FIXTURE
51-6021,29,500,FIXTURE
51-6021,30,88,FIXTURE
51-6021,31,159,FIXTURE
51-6021,32,252,FIXTURE
51-6021,33,112,FIXTURE
51-6021,34,754,FIXTURE
51-6021,35,172,FIXTURE
51-6021,36,1640,FIXTURE
51-6021,37,848,FIXTURE
51-6021,38,63,FIXTURE
51-6021,39,958,FIXTURE
51-6021,40,321,FIXTURE
51-6021,41,344,FIXTURE
51-6021,42,1056,FIXTURE
51-6021,44,89,FIXTURE
51-6021,45,416,FIXTURE
51-6021,46,72,FIXTURE
51-6021,47,561,FIXTURE
51-6021,48,2366,FIXTURE
51-6021,49,266,FIXTURE
51-6021,50,52,FIXTURE
51-6021,51,701,FIXTURE
51-6021,53,626,FIXTURE
51-6021,54,146,FIXTURE
51-6021,55,478,FIXTURE
51-6021,56,47,FIXTURE
51-6031,01,1762,FIXTURE
51-6031,02,257,FIXTURE
51-6031,04,2508,FIXTURE
51-6031,05,1056,FIXTURE
51-6031,06,13864,FIXTURE
51-6031,08,2025,FIXTURE
51-6031,09,1264,FIXTURE
51-6031,10,347,FIXTURE
51-6031,11,242,FIXTURE
51-6031,12,7552,FIXTURE
51-6031,13,3756,FIXTURE
51-6031,15,510,FIXTURE
51-6031,16,645,FIXTURE
51-6031,17,4493,FIXTURE
51-6031,18,2379,FIXTURE
51-6031,19,1119,FIXTURE
51-6031,20,1030,FIXTURE
51-6031,21,1580,FIXTURE
51-6031,22,1633,FIXTURE
51-6031,23,478,FIXTURE
51-6031,24,2166,FIXTURE
51-6031,25,2465,FIXTURE
51-6031,26,3534,FIXTURE
51-6031,27,2001,FIXTURE
51-6031,28,1038,FIXTURE
51-6031,29,2158,FIXTURE
51-6031,30,380,FIXTURE
51-6031,31,688,FIXTURE
51-6031,32,1089,FIXTURE
51-6031,33,483,FIXTURE
51-6031,34,3257,FIXTURE
51-6031,35,742,FIXTURE
51-6031,36,7083,FIXTURE
51-6031,37,3660,FIXTURE
51-6031,38,273,FIXTURE
51-6031,39,4137,FIXTURE
51-6031,40,1388,FIXTURE
51-6031,41,1486,FIXTURE
51-6031,42,4559,FIXTURE
51-6031,44,385,FIXTURE
51-6031,45,1795,FIXTURE
51-6031,46,311,FIXTURE
51-6031,47,2423,FIXTURE
51-6031,48,10220,FIXTURE
51-6031,49,1147,FIXTURE
51-6031,50,225,FIXTURE
51-6031,51,3027,FIXTURE
51-6031,53,2702,FIXTURE
51-6031,54,629,FIXTURE
51-6031,55,2067,FIXTURE
51-6031,56,202,FIXTURE
51-6041,01,85,FIXTURE
51-6041,02,12,FIXTURE
51-6041,04,121,FIXTURE
51-6041,05,51,FIXTURE
51-6041,06,670,FIXTURE
51-6041,08,98,FIXTURE
51-6041,09,61,FIXTURE
51-6041,10,17,FIXTURE
51-6041,11,12,FIXTURE
51-6041,12,365,FIXTURE
51-6041,13,182,FIXTURE
51-6041,15,25,FIXTURE
51-6041,16,31,FIXTURE
51-6041,17,217,FIXTURE
51-6041,18,115,FIXTURE
51-6041,19,54,FIXTURE
51-6041,20,50,FIXTURE
51-6041,21,76,FIXTURE
51-6041,22,79,FIXTURE
51-6041,23,23,FIXTURE
51-6041,24,105,FIXTURE
51-6041,25,119,FIXTURE
51-6041,26,171,FIXTURE
51-6041,27,97,FIXTURE
51-6041,28,50,FIXTURE
51-6041,29,104,FIXTURE
51-6041,30,18,FIXTURE
51-6041,31,33,FIXTURE
51-6041,32,53,FIXTURE
51-6041,33,23,FIXTURE
51-6041,34,158,FIXTURE
51-6041,35,36,FIXTURE
51-6041,36,343,FIXTURE
51-6041,37,177,FIXTURE
51-6041,38,13,FIXTURE
51-6041,39,200,FIXTURE
51-6041,40,67,FIXTURE
51-6041,41,72,FIXTURE
51-6041,42,221,FIXTURE
51-6041,44,19,FIXTURE
51-6041,45,87,FIXTURE
51-6041,46,15,FIXTURE
51-6041,47,117,FIXTURE
51-6041,48,494,FIXTURE
51-6041,49,56,FIXTURE
51-6041,50,11,FIXTURE
51-6041,51,146,FIXTURE
51-6041,53,131,FIXTURE
51-6041,54,30,FIXTURE
51-6041,55,100,FIXTURE
51-6041,56,10,FIXTURE
51-6042,01,55,FIXTURE
51-6042,02,8,FIXTURE
51-6042,04,78,FIXTURE
51-6042,05,33,FIXTURE
51-6042,06,431,FIXTURE
51-6042,08,63,FIXTURE
51-6042,09,39,FIXTURE
51-6042,10,11,FIXTURE
51-6042,11,7,FIXTURE
51-6042,12,235,FIXTURE
51-6042,13,117,FIXTURE
51-6042,15,16,FIXTURE
51-6042,16,20,FIXTURE
51-6042,17,139,FIXTURE
51-6042,18,74,FIXTURE
51-6042,19,35,FIXTURE
51-6042,20,32,FIXTURE
51-6042,21,49,FIXTURE
51-6042,22,51,FIXTURE
51-6042,23,15,FIXTURE
51-6042,24,67,FIXTURE
51-6042,25,77,FIXTURE
51-6042,26,110,FIXTURE
51-6042,27,62,FIXTURE
51-6042,28,32,FIXTURE
51-6042,29,67,FIXTURE
51-6042,30,12,FIXTURE
51-6042,31,21,FIXTURE
51-6042,32,34,FIXTURE
51-6042,33,15,FIXTURE
51-6042,34,101,FIXTURE
51-6042,35,23,FIXTURE
51-6042,36,220,FIXTURE
51-6042,37,114,FIXTURE
51-6042,38,8,FIXTURE
51-6042,39,128,FIXTURE
51-6042,40,43,FIXTURE
51-6042,41,46,FIXTURE
51-6042,42,142,FIXTURE
51-6042,44,12,FIXTURE
51-6042,45,56,FIXTURE
51-6042,46,10,FIXTURE
51-6042,47,75,FIXTURE
51-6042,48,317,FIXTURE
51-6042,49,36,FIXTURE
51-6042,50,7,FIXTURE
51-6042,51,94,FIXTURE
51-6042,53,84,FIXTURE
51-6042,54,19,FIXTURE
51-6042,55,64,FIXTURE
51-6042,56,6,FIXTURE
51-6051,01,63,FIXTURE
51-6051,02,9,FIXTURE
51-6051,04,90,FIXTURE
51-6051,05,38,FIXTURE
51-6051,06,497,FIXTURE
51-6051,08,73,FIXTURE
51-6051,09,45,FIXTURE
51-6051,10,13,FIXTURE
51-6051,11,9,FIXTURE
51-6051,12,271,FIXTURE
51-6051,13,135,FIXTURE
51-6051,15,18,FIXTURE
51-6051,16,23,FIXTURE
51-6051,17,161,FIXTURE
51-6051,18,85,FIXTURE
51-6051,19,40,FIXTURE
51-6051,20,37,FIXTURE
51-6051,21,57,FIXTURE
51-6051,22,59,FIXTURE
51-6051,23,17,FIXTURE
51-6051,24,78,FIXTURE
51-6051,25,88,FIXTURE
51-6051,26,127,FIXTURE
51-6051,27,72,FIXTURE
51-6051,28,37,FIXTURE
51-6051,29,77,FIXTURE
51-6051,30,14,FIXTURE
51-6051,31,25,FIXTURE
51-6051,32,39,FIXTURE
51-6051,33,17,FIXTURE
51-6051,34,117,FIXTURE
51-6051,35,27,FIXTURE
51-6051,36,254,FIXTURE
51-6051,37,131,FIXTURE
51-6051,38,10,FIXTURE
51-6051,39,148,FIXTURE
51-6051,40,50,FIXTURE
51-6051,41,53,FIXTURE
51-6051,42,164,FIXTURE
51-6051,44,14,FIXTURE
51-6051,45,64,FIXTURE
51-6051,46,11,FIXTURE
51-6051,47,87,FIXTURE
51-6051,48,367,FIXTURE
51-6051,49,41,FIXTURE
51-6051,50,8,FIXTURE
51-6051,51,109,FIXTURE
51-6051,53,97,FIXTURE
51-6051,54,23,FIXTURE
51-6051,55,74,FIXTURE
51-6051,56,7,FIXTURE
51-6052,01,262,FIXTURE
51-6052,02,38,FIXTURE
51-6052,04,373,FIXTURE
51-6052,05,157,FIXTURE
51-6052,06,2060,FIXTURE
51-6052,08,301,FIXTURE
51-6052,09,188,FIXTURE
51-6052,10,52,FIXTURE
51-6052,11,36,FIXTURE
51-6052,12,1122,FIXTURE
51-6052,13,558,FIXTURE
51-6052,15,76,FIXTURE
51-6052,16,96,FIXTURE
51-6052,17,668,FIXTURE
51-6052,18,354,FIXTURE
51-6052,19,166,FIXTURE
51-6052,20,153,FIXTURE
51-6052,21,235,FIXTURE
51-6052,22,243,FIXTURE
51-6052,23,71,FIXTURE
51-6052,24,322,FIXTURE
51-6052,25,366,FIXTURE
51-6052,26,525,FIXTURE
51-6052,27,297,FIXTURE
51-6052,28,154,FIXTURE
51-6052,29,321,FIXTURE
51-6052,30,56,FIXTURE
51-6052,31,102,FIXTURE
51-6052,32,162,FIXTURE
51-6052,33,72,FIXTURE
51-6052,34,484,FIXTURE
51-6052,35,110,FIXTURE
51-6052,36,1053,FIXTURE
51-6052,37,544,FIXTURE
51-6052,38,41,FIXTURE
51-6052,39,615,FIXTURE
51-6052,40,206,FIXTURE
51-6052,41,221,FIXTURE
51-6052,42,677,FIXTURE
51-6052,44,57,FIXTURE
51-6052,45,267,FIXTURE
51-6052,46,46,FIXTURE
51-6052,47,360,FIXTURE
51-6052,48,1519,FIXTURE
51-6052,49,170,FIXTURE
51-6052,50,33,FIXTURE
51-6052,51,450,FIXTURE
51-6052,53,401,FIXTURE
51-6052,54,93,FIXTURE
51-6052,55,307,FIXTURE
51-6052,56,30,FIXTURE
51-6061,01,94,FIXTURE
51-6061,02,14,FIXTURE
51-6061,04,135,FIXTURE
51-6061,05,57,FIXTURE
51-6061,06,744,FIXTURE
51-6061,08,109,FIXTURE
51-6061,09,68,FIXTURE
51-6061,10,19,FIXTURE
51-6061,11,13,FIXTURE
51-6061,12,405,FIXTURE
51-6061,13,202,FIXTURE
51-6061,15,27,FIXTURE
51-6061,16,35,FIXTURE
51-6061,17,241,FIXTURE
51-6061,18,128,FIXTURE
51-6061,19,60,FIXTURE
51-6061,20,55,FIXTURE
51-6061,21,85,FIXTURE
51-6061,22,88,FIXTURE
51-6061,23,26,FIXTURE
51-6061,24,116,FIXTURE
51-6061,25,132,FIXTURE
51-6061,26,190,FIXTURE
51-6061,27,107,FIXTURE
51-6061,28,56,FIXTURE
51-6061,29,116,FIXTURE
51-6061,30,20,FIXTURE
51-6061,31,37,FIXTURE
51-6061,32,58,FIXTURE
51-6061,33,26,FIXTURE
51-6061,34,175,FIXTURE
51-6061,35,40,FIXTURE
51-6061,36,380,FIXTURE
51-6061,37,196,FIXTURE
51-6061,38,15,FIXTURE
51-6061,39,222,FIXTURE
51-6061,40,74,FIXTURE
51-6061,41,80,FIXTURE
51-6061,42,245,FIXTURE
51-6061,44,21,FIXTURE
51-6061,45,96,FIXTURE
51-6061,46,17,FIXTURE
51-6061,47,130,FIXTURE
51-6061,48,549,FIXTURE
51-6061,49,62,FIXTURE
51-6061,50,12,FIXTURE
51-6061,51,162,FIXTURE
51-6061,53,145,FIXTURE
51-6061,54,34,FIXTURE
51-6061,55,111,FIXTURE
51-6061,56,11,FIXTURE
51-6062,01,181,FIXTURE
51-6062,02,26,FIXTURE
51-6062,04,258,FIXTURE
51-6062,05,109,FIXTURE
51-6062,06,1428,FIXTURE
51-6062,08,208,FIXTURE
51-6062,09,130,FIXTURE
51-6062,10,36,FIXTURE
51-6062,11,25,FIXTURE
51-6062,12,778,FIXTURE
51-6062,13,387,FIXTURE
51-6062,15,53,FIXTURE
51-6062,16,66,FIXTURE
51-6062,17,463,FIXTURE
51-6062,18,245,FIXTURE
51-6062,19,115,FIXTURE
51-6062,20,106,FIXTURE
51-6062,21,163,FIXTURE
51-6062,22,168,FIXTURE
51-6062,23,49,FIXTURE
51-6062,24,223,FIXTURE
51-6062,25,254,FIXTURE
51-6062,26,364,FIXTURE
51-6062,27,206,FIXTURE
51-6062,28,107,FIXTURE
51-6062,29,222,FIXTURE
51-6062,30,39,FIXTURE
51-6062,31,71,FIXTURE
51-6062,32,112,FIXTURE
51-6062,33,50,FIXTURE
51-6062,34,335,FIXTURE
51-6062,35,76,FIXTURE
51-6062,36,730,FIXTURE
51-6062,37,377,FIXTURE
51-6062,38,28,FIXTURE
51-6062,39,426,FIXTURE
51-6062,40,143,FIXTURE
51-6062,41,153,FIXTURE
51-6062,42,470,FIXTURE
51-6062,44,40,FIXTURE
51-6062,45,185,FIXTURE
51-6062,46,32,FIXTURE
51-6062,47,250,FIXTURE
51-6062,48,1053,FIXTURE
51-6062,49,118,FIXTURE
51-6062,50,23,FIXTURE
51-6062,51,312,FIXTURE
51-6062,53,278,FIXTURE
51-6062,54,65,FIXTURE
51-6062,55,213,FIXTURE
51-6062,56,21,FIXTURE
51-6063,01,248,FIXTURE
51-6063,02,36,FIXTURE
51-6063,04,352,FIXTURE
51-6063,05,148,FIXTURE
51-6063,06,1948,FIXTURE
51-6063,08,285,FIXTURE
51-6063,09,178,FIXTURE
51-6063,10,49,FIXTURE
51-6063,11,34,FIXTURE
51-6063,12,1061,FIXTURE
51-6063,13,528,FIXTURE
51-6063,15,72,FIXTURE
51-6063,16,91,FIXTURE
51-6063,17,631,FIXTURE
51-6063,18,334,FIXTURE
51-6063,19,157,FIXTURE
51-6063,20,145,FIXTURE
51-6063,21,222,FIXTURE
51-6063,22,230,FIXTURE
51-6063,23,67,FIXTURE
51-6063,24,304,FIXTURE
51-6063,25,346,FIXTURE
51-6063,26,497,FIXTURE
51-6063,27,281,FIXTURE
51-6063,28,146,FIXTURE
51-6063,29,303,FIXTURE
51-6063,30,53,FIXTURE
51-6063,31,97,FIXTURE
51-6063,32,153,FIXTURE
51-6063,33,68,FIXTURE
51-6063,34,458,FIXTURE
51-6063,35,104,FIXTURE
51-6063,36,995,FIXTURE
51-6063,37,514,FIXTURE
51-6063,38,38,FIXTURE
51-6063,39,581,FIXTURE
51-6063,40,195,FIXTURE
51-6063,41,209,FIXTURE
51-6063,42,641,FIXTURE
51-6063,44,54,FIXTURE
51-6063,45,252,FIXTURE
51-6063,46,44,FIXTURE
51-6063,47,341,FIXTURE
51-6063,48,1436,FIXTURE
51-6063,49,161,FIXTURE
51-6063,50,32,FIXTURE
51-6063,51,425,FIXTURE
51-6063,53,380,FIXTURE
51-6063,54,88,FIXTURE
51-6063,55,290,FIXTURE
51-6063,56,28,FIXTURE
51-6064,01,336,FIXTURE
51-6064,02,49,FIXTURE
51-6064,04,478,FIXTURE
51-6064,05,201,FIXTURE
51-6064,06,2643,FIXTURE
51-6064,08,386,FIXTURE
51-6064,09,241,FIXTURE
51-6064,10,66,FIXTURE
51-6064,11,46,FIXTURE
51-6064,12,1440,FIXTURE
51-6064,13,716,FIXTURE
51-6064,15,97,FIXTURE
51-6064,16,123,FIXTURE
51-6064,17,857,FIXTURE
51-6064,18,454,FIXTURE
51-6064,19,213,FIXTURE
51-6064,20,196,FIXTURE
51-6064,21,301,FIXTURE
51-6064,22,311,FIXTURE
51-6064,23,91,FIXTURE
51-6064,24,413,FIXTURE
51-6064,25,470,FIXTURE
51-6064,26,674,FIXTURE
51-6064,27,382,FIXTURE
51-6064,28,198,FIXTURE
51-6064,29,412,FIXTURE
51-6064,30,73,FIXTURE
51-6064,31,131,FIXTURE
51-6064,32,208,FIXTURE
51-6064,33,92,FIXTURE
51-6064,34,621,FIXTURE
51-6064,35,142,FIXTURE
51-6064,36,1351,FIXTURE
51-6064,37,698,FIXTURE
51-6064,38,52,FIXTURE
51-6064,39,789,FIXTURE
51-6064,40,265,FIXTURE
51-6064,41,283,FIXTURE
51-6064,42,869,FIXTURE
51-6064,44,73,FIXTURE
51-6064,45,342,FIXTURE
51-6064,46,59,FIXTURE
51-6064,47,462,FIXTURE
51-6064,48,1949,FIXTURE
51-6064,49,219,FIXTURE
51-6064,50,43,FIXTURE
51-6064,51,577,FIXTURE
51-6064,53,515,FIXTURE
51-6064,54,120,FIXTURE
51-6064,55,394,FIXTURE
51-6064,56,39,FIXTURE
51-6091,01,213,FIXTURE
51-6091,02,31,FIXTURE
51-6091,04,303,FIXTURE
51-6091,05,127,FIXTURE
51-6091,06,1675,FIXTURE
51-6091,08,245,FIXTURE
51-6091,09,153,FIXTURE
51-6091,10,42,FIXTURE
51-6091,11,29,FIXTURE
51-6091,12,912,FIXTURE
51-6091,13,454,FIXTURE
51-6091,15,62,FIXTURE
51-6091,16,78,FIXTURE
51-6091,17,543,FIXTURE
51-6091,18,287,FIXTURE
51-6091,19,135,FIXTURE
51-6091,20,124,FIXTURE
51-6091,21,191,FIXTURE
51-6091,22,197,FIXTURE
51-6091,23,58,FIXTURE
51-6091,24,262,FIXTURE
51-6091,25,298,FIXTURE
51-6091,26,427,FIXTURE
51-6091,27,242,FIXTURE
51-6091,28,125,FIXTURE
51-6091,29,261,FIXTURE
51-6091,30,46,FIXTURE
51-6091,31,83,FIXTURE
51-6091,32,131,FIXTURE
51-6091,33,58,FIXTURE
51-6091,34,393,FIXTURE
51-6091,35,90,FIXTURE
51-6091,36,856,FIXTURE
51-6091,37,442,FIXTURE
51-6091,38,33,FIXTURE
51-6091,39,500,FIXTURE
51-6091,40,168,FIXTURE
51-6091,41,179,FIXTURE
51-6091,42,551,FIXTURE
51-6091,44,46,FIXTURE
51-6091,45,217,FIXTURE
51-6091,46,37,FIXTURE
51-6091,47,293,FIXTURE
51-6091,48,1235,FIXTURE
51-6091,49,139,FIXTURE
51-6091,50,27,FIXTURE
51-6091,51,366,FIXTURE
51-6091,53,326,FIXTURE
51-6091,54,76,FIXTURE
51-6091,55,250,FIXTURE
51-6091,56,24,FIXTURE
51-6092,01,49,FIXTURE
51-6092,02,7,FIXTURE
51-6092,04,70,FIXTURE
51-6092,05,29,FIXTURE
51-6092,06,384,FIXTURE
51-6092,08,56,FIXTURE
51-6092,09,35,FIXTURE
51-6092,10,10,FIXTURE
51-6092,11,7,FIXTURE
51-6092,12,209,FIXTURE
51-6092,13,104,FIXTURE
51-6092,15,14,FIXTURE
51-6092,16,18,FIXTURE
51-6092,17,124,FIXTURE
51-6092,18,66,FIXTURE
51-6092,19,31,FIXTURE
51-6092,20,29,FIXTURE
51-6092,21,44,FIXTURE
51-6092,22,45,FIXTURE
51-6092,23,13,FIXTURE
51-6092,24,60,FIXTURE
51-6092,25,68,FIXTURE
51-6092,26,98,FIXTURE
51-6092,27,55,FIXTURE
51-6092,28,29,FIXTURE
51-6092,29,60,FIXTURE
51-6092,30,11,FIXTURE
51-6092,31,19,FIXTURE
51-6092,32,30,FIXTURE
51-6092,33,13,FIXTURE
51-6092,34,90,FIXTURE
51-6092,35,21,FIXTURE
51-6092,36,196,FIXTURE
51-6092,37,101,FIXTURE
51-6092,38,8,FIXTURE
51-6092,39,115,FIXTURE
51-6092,40,38,FIXTURE
51-6092,41,41,FIXTURE
51-6092,42,126,FIXTURE
51-6092,44,11,FIXTURE
51-6092,45,50,FIXTURE
51-6092,46,9,FIXTURE
51-6092,47,67,FIXTURE
51-6092,48,283,FIXTURE
51-6092,49,32,FIXTURE
51-6092,50,6,FIXTURE
51-6092,51,84,FIXTURE
51-6092,53,75,FIXTURE
51-6092,54,17,FIXTURE
51-6092,55,57,FIXTURE
51-6092,56,6,FIXTURE
51-6093,01,425,FIXTURE
51-6093,02,62,FIXTURE
51-6093,04,605,FIXTURE
51-6093,05,255,FIXTURE
51-6093,06,3342,FIXTURE
51-6093,08,488,FIXTURE
51-6093,09,305,FIXTURE
51-6093,10,84,FIXTURE
51-6093,11,58,FIXTURE
51-6093,12,1821,FIXTURE
51-6093,13,906,FIXTURE
51-6093,15,123,FIXTURE
51-6093,16,155,FIXTURE
51-6093,17,1083,FIXTURE
51-6093,18,574,FIXTURE
51-6093,19,270,FIXTURE
51-6093,20,248,FIXTURE
51-6093,21,381,FIXTURE
51-6093,22,394,FIXTURE
51-6093,23,115,FIXTURE
51-6093,24,522,FIXTURE
51-6093,25,594,FIXTURE
51-6093,26,852,FIXTURE
51-6093,27,482,FIXTURE
51-6093,28,250,FIXTURE
51-6093,29,520,FIXTURE
51-6093,30,92,FIXTURE
51-6093,31,166,FIXTURE
51-6093,32,262,FIXTURE
51-6093,33,116,FIXTURE
51-6093,34,785,FIXTURE
51-6093,35,179,FIXTURE
51-6093,36,1708,FIXTURE
51-6093,37,883,FIXTURE
51-6093,38,66,FIXTURE
51-6093,39,997,FIXTURE
51-6093,40,335,FIXTURE
51-6093,41,358,FIXTURE
51-6093,42,1099,FIXTURE
51-6093,44,93,FIXTURE
51-6093,45,433,FIXTURE
51-6093,46,75,FIXTURE
51-6093,47,584,FIXTURE
51-6093,48,2464,FIXTURE
51-6093,49,277,FIXTURE
51-6093,50,54,FIXTURE
51-6093,51,730,FIXTURE
51-6093,53,651,FIXTURE
51-6093,54,152,FIXTURE
51-6093,55,498,FIXTURE
51-6093,56,49,FIXTURE
51-6099,01,193,FIXTURE
51-6099,02,28,FIXTURE
51-6099,04,275,FIXTURE
51-6099,05,116,FIXTURE
51-6099,06,1521,FIXTURE
51-6099,08,222,FIXTURE
51-6099,09,139,FIXTURE
51-6099,10,38,FIXTURE
51-6099,11,27,FIXTURE
51-6099,12,829,FIXTURE
51-6099,13,412,FIXTURE
51-6099,15,56,FIXTURE
51-6099,16,71,FIXTURE
51-6099,17,493,FIXTURE
51-6099,18,261,FIXTURE
51-6099,19,123,FIXTURE
51-6099,20,113,FIXTURE
51-6099,21,173,FIXTURE
51-6099,22,179,FIXTURE
51-6099,23,52,FIXTURE
51-6099,24,238,FIXTURE
51-6099,25,270,FIXTURE
51-6099,26,388,FIXTURE
51-6099,27,220,FIXTURE
51-6099,28,114,FIXTURE
51-6099,29,237,FIXTURE
51-6099,30,42,FIXTURE
51-6099,31,75,FIXTURE
51-6099,32,119,FIXTURE
51-6099,33,53,FIXTURE
51-6099,34,357,FIXTURE
51-6099,35,81,FIXTURE
51-6099,36,777,FIXTURE
51-6099,37,402,FIXTURE
51-6099,38,30,FIXTURE
51-6099,39,454,FIXTURE
51-6099,40,152,FIXTURE
51-6099,41,163,FIXTURE
51-6099,42,500,FIXTURE
51-6099,44,42,FIXTURE
51-6099,45,197,FIXTURE
51-6099,46,34,FIXTURE
51-6099,47,266,FIXTURE
51-6099,48,1121,FIXTURE
51-6099,49,126,FIXTURE
51-6099,50,25,FIXTURE
51-6099,51,332,FIXTURE
51-6099,53,296,FIXTURE
51-6099,54,69,FIXTURE
51-6099,55,227,FIXTURE
51-6099,56,22,FIXTURE
51-7011,01,1411,FIXTURE
51-7011,02,206,FIXTURE
51-7011,04,2008,FIXTURE
51-7011,05,846,FIXTURE
51-7011,06,11102,FIXTURE
51-7011,08,1621,FIXTURE
51-7011,09,1012,FIXTURE
51-7011,10,278,FIXTURE
51-7011,11,194,FIXTURE
51-7011,12,6048,FIXTURE
51-7011,13,3008,FIXTURE
51-7011,15,409,FIXTURE
51-7011,16,516,FIXTURE
51-7011,17,3598,FIXTURE
51-7011,18,1905,FIXTURE
51-7011,19,896,FIXTURE
51-7011,20,825,FIXTURE
51-7011,21,1265,FIXTURE
51-7011,22,1308,FIXTURE
51-7011,23,382,FIXTURE
51-7011,24,1735,FIXTURE
51-7011,25,1974,FIXTURE
51-7011,26,2830,FIXTURE
51-7011,27,1602,FIXTURE
51-7011,28,831,FIXTURE
51-7011,29,1728,FIXTURE
51-7011,30,304,FIXTURE
51-7011,31,551,FIXTURE
51-7011,32,872,FIXTURE
51-7011,33,387,FIXTURE
51-7011,34,2608,FIXTURE
51-7011,35,595,FIXTURE
51-7011,36,5672,FIXTURE
51-7011,37,2931,FIXTURE
51-7011,38,219,FIXTURE
51-7011,39,3313,FIXTURE
51-7011,40,1112,FIXTURE
51-7011,41,1190,FIXTURE
51-7011,42,3651,FIXTURE
51-7011,44,308,FIXTURE
51-7011,45,1437,FIXTURE
51-7011,46,249,FIXTURE
51-7011,47,1940,FIXTURE
51-7011,48,8184,FIXTURE
51-7011,49,919,FIXTURE
51-7011,50,181,FIXTURE
51-7011,51,2424,FIXTURE
51-7011,53,2164,FIXTURE
51-7011,54,504,FIXTURE
51-7011,55,1655,FIXTURE
51-7011,56,162,FIXTURE
51-7021,01,247,FIXTURE
51-7021,02,36,FIXTURE
51-7021,04,352,FIXTURE
51-7021,05,148,FIXTURE
51-7021,06,1944,FIXTURE
51-7021,08,284,FIXTURE
51-7021,09,177,FIXTURE
51-7021,10,49,FIXTURE
51-7021,11,34,FIXTURE
51-7021,12,1059,FIXTURE
51-7021,13,527,FIXTURE
51-7021,15,72,FIXTURE
51-7021,16,90,FIXTURE
51-7021,17,630,FIXTURE
51-7021,18,334,FIXTURE
51-7021,19,157,FIXTURE
51-7021,20,144,FIXTURE
51-7021,21,222,FIXTURE
51-7021,22,229,FIXTURE
51-7021,23,67,FIXTURE
51-7021,24,304,FIXTURE
51-7021,25,346,FIXTURE
51-7021,26,496,FIXTURE
51-7021,27,281,FIXTURE
51-7021,28,146,FIXTURE
51-7021,29,303,FIXTURE
51-7021,30,53,FIXTURE
51-7021,31,96,FIXTURE
51-7021,32,153,FIXTURE
51-7021,33,68,FIXTURE
51-7021,34,457,FIXTURE
51-7021,35,104,FIXTURE
51-7021,36,993,FIXTURE
51-7021,37,513,FIXTURE
51-7021,38,38,FIXTURE
51-7021,39,580,FIXTURE
51-7021,40,195,FIXTURE
51-7021,41,208,FIXTURE
51-7021,42,639,FIXTURE
51-7021,44,54,FIXTURE
51-7021,45,252,FIXTURE
51-7021,46,44,FIXTURE
51-7021,47,340,FIXTURE
51-7021,48,1433,FIXTURE
51-7021,49,161,FIXTURE
51-7021,50,32,FIXTURE
51-7021,51,424,FIXTURE
51-7021,53,379,FIXTURE
51-7021,54,88,FIXTURE
51-7021,55,290,FIXTURE
51-7021,56,28,FIXTURE
51-7031,01,5,FIXTURE
51-7031,02,1,FIXTURE
51-7031,04,7,FIXTURE
51-7031,05,3,FIXTURE
51-7031,06,41,FIXTURE
51-7031,08,6,FIXTURE
51-7031,09,4,FIXTURE
51-7031,10,1,FIXTURE
51-7031,11,1,FIXTURE
51-7031,12,22,FIXTURE
51-7031,13,11,FIXTURE
51-7031,15,2,FIXTURE
51-7031,16,2,FIXTURE
51-7031,17,13,FIXTURE
51-7031,18,7,FIXTURE
51-7031,19,3,FIXTURE
51-7031,20,3,FIXTURE
51-7031,21,5,FIXTURE
51-7031,22,5,FIXTURE
51-7031,23,1,FIXTURE
51-7031,24,6,FIXTURE
51-7031,25,7,FIXTURE
51-7031,26,10,FIXTURE
51-7031,27,6,FIXTURE
51-7031,28,3,FIXTURE
51-7031,29,6,FIXTURE
51-7031,30,1,FIXTURE
51-7031,31,2,FIXTURE
51-7031,32,3,FIXTURE
51-7031,33,1,FIXTURE
51-7031,34,10,FIXTURE
51-7031,35,2,FIXTURE
51-7031,36,21,FIXTURE
51-7031,37,11,FIXTURE
51-7031,38,1,FIXTURE
51-7031,39,12,FIXTURE
51-7031,40,4,FIXTURE
51-7031,41,4,FIXTURE
51-7031,42,13,FIXTURE
51-7031,44,1,FIXTURE
51-7031,45,5,FIXTURE
51-7031,46,1,FIXTURE
51-7031,47,7,FIXTURE
51-7031,48,30,FIXTURE
51-7031,49,3,FIXTURE
51-7031,50,1,FIXTURE
51-7031,51,9,FIXTURE
51-7031,53,8,FIXTURE
51-7031,54,2,FIXTURE
51-7031,55,6,FIXTURE
51-7031,56,1,FIXTURE
51-7032,01,3,FIXTURE
51-7032,02,0,FIXTURE
51-7032,04,5,FIXTURE
51-7032,05,2,FIXTURE
51-7032,06,25,FIXTURE
51-7032,08,4,FIXTURE
51-7032,09,2,FIXTURE
51-7032,10,1,FIXTURE
51-7032,11,0,FIXTURE
51-7032,12,14,FIXTURE
51-7032,13,7,FIXTURE
51-7032,15,1,FIXTURE
51-7032,16,1,FIXTURE
51-7032,17,8,FIXTURE
51-7032,18,4,FIXTURE
51-7032,19,2,FIXTURE
51-7032,20,2,FIXTURE
51-7032,21,3,FIXTURE
51-7032,22,3,FIXTURE
51-7032,23,1,FIXTURE
51-7032,24,4,FIXTURE
51-7032,25,4,FIXTURE
51-7032,26,6,FIXTURE
51-7032,27,4,FIXTURE
51-7032,28,2,FIXTURE
51-7032,29,4,FIXTURE
51-7032,30,1,FIXTURE
51-7032,31,1,FIXTURE
51-7032,32,2,FIXTURE
51-7032,33,1,FIXTURE
51-7032,34,6,FIXTURE
51-7032,35,1,FIXTURE
51-7032,36,13,FIXTURE
51-7032,37,7,FIXTURE
51-7032,38,1,FIXTURE
51-7032,39,7,FIXTURE
51-7032,40,3,FIXTURE
51-7032,41,3,FIXTURE
51-7032,42,8,FIXTURE
51-7032,44,1,FIXTURE
51-7032,45,3,FIXTURE
51-7032,46,1,FIXTURE
51-7032,47,4,FIXTURE
51-7032,48,18,FIXTURE
51-7032,49,2,FIXTURE
51-7032,50,0,FIXTURE
51-7032,51,5,FIXTURE
51-7032,53,5,FIXTURE
51-7032,54,1,FIXTURE
51-7032,55,4,FIXTURE
51-7032,56,0,FIXTURE
51-7041,01,687,FIXTURE
51-7041,02,100,FIXTURE
51-7041,04,979,FIXTURE
51-7041,05,412,FIXTURE
51-7041,06,5410,FIXTURE
51-7041,08,790,FIXTURE
51-7041,09,493,FIXTURE
51-7041,10,136,FIXTURE
51-7041,11,94,FIXTURE
51-7041,12,2947,FIXTURE
51-7041,13,1466,FIXTURE
51-7041,15,199,FIXTURE
51-7041,16,252,FIXTURE
51-7041,17,1753,FIXTURE
51-7041,18,928,FIXTURE
51-7041,19,437,FIXTURE
51-7041,20,402,FIXTURE
51-7041,21,617,FIXTURE
51-7041,22,637,FIXTURE
51-7041,23,186,FIXTURE
51-7041,24,845,FIXTURE
51-7041,25,962,FIXTURE
51-7041,26,1379,FIXTURE
51-7041,27,781,FIXTURE
51-7041,28,405,FIXTURE
51-7041,29,842,FIXTURE
51-7041,30,148,FIXTURE
51-7041,31,268,FIXTURE
51-7041,32,425,FIXTURE
51-7041,33,189,FIXTURE
51-7041,34,1271,FIXTURE
51-7041,35,290,FIXTURE
51-7041,36,2764,FIXTURE
51-7041,37,1428,FIXTURE
51-7041,38,107,FIXTURE
51-7041,39,1614,FIXTURE
51-7041,40,542,FIXTURE
51-7041,41,580,FIXTURE
51-7041,42,1779,FIXTURE
51-7041,44,150,FIXTURE
51-7041,45,700,FIXTURE
51-7041,46,121,FIXTURE
51-7041,47,946,FIXTURE
51-7041,48,3988,FIXTURE
51-7041,49,448,FIXTURE
51-7041,50,88,FIXTURE
51-7041,51,1181,FIXTURE
51-7041,53,1054,FIXTURE
51-7041,54,245,FIXTURE
51-7041,55,806,FIXTURE
51-7041,56,79,FIXTURE
51-7042,01,1019,FIXTURE
51-7042,02,149,FIXTURE
51-7042,04,1450,FIXTURE
51-7042,05,611,FIXTURE
51-7042,06,8017,FIXTURE
51-7042,08,1171,FIXTURE
51-7042,09,731,FIXTURE
51-7042,10,201,FIXTURE
51-7042,11,140,FIXTURE
51-7042,12,4367,FIXTURE
51-7042,13,2172,FIXTURE
51-7042,15,295,FIXTURE
51-7042,16,373,FIXTURE
51-7042,17,2598,FIXTURE
51-7042,18,1376,FIXTURE
51-7042,19,647,FIXTURE
51-7042,20,596,FIXTURE
51-7042,21,914,FIXTURE
51-7042,22,944,FIXTURE
51-7042,23,276,FIXTURE
51-7042,24,1253,FIXTURE
51-7042,25,1426,FIXTURE
51-7042,26,2043,FIXTURE
51-7042,27,1157,FIXTURE
51-7042,28,600,FIXTURE
51-7042,29,1248,FIXTURE
51-7042,30,220,FIXTURE
51-7042,31,398,FIXTURE
51-7042,32,630,FIXTURE
51-7042,33,279,FIXTURE
51-7042,34,1884,FIXTURE
51-7042,35,429,FIXTURE
51-7042,36,4096,FIXTURE
51-7042,37,2117,FIXTURE
51-7042,38,158,FIXTURE
51-7042,39,2393,FIXTURE
51-7042,40,803,FIXTURE
51-7042,41,859,FIXTURE
51-7042,42,2637,FIXTURE
51-7042,44,223,FIXTURE
51-7042,45,1038,FIXTURE
51-7042,46,180,FIXTURE
51-7042,47,1401,FIXTURE
51-7042,48,5910,FIXTURE
51-7042,49,663,FIXTURE
51-7042,50,130,FIXTURE
51-7042,51,1750,FIXTURE
51-7042,53,1562,FIXTURE
51-7042,54,364,FIXTURE
51-7042,55,1195,FIXTURE
51-7042,56,117,FIXTURE
51-7099,01,120,FIXTURE
51-7099,02,17,FIXTURE
51-7099,04,171,FIXTURE
51-7099,05,72,FIXTURE
51-7099,06,944,FIXTURE
51-7099,08,138,FIXTURE
51-7099,09,86,FIXTURE
51-7099,10,24,FIXTURE
51-7099,11,16,FIXTURE
51-7099,12,514,FIXTURE
51-7099,13,256,FIXTURE
51-7099,15,35,FIXTURE
51-7099,16,44,FIXTURE
51-7099,17,306,FIXTURE
51-7099,18,162,FIXTURE
51-7099,19,76,FIXTURE
51-7099,20,70,FIXTURE
51-7099,21,107,FIXTURE
51-7099,22,111,FIXTURE
51-7099,23,32,FIXTURE
51-7099,24,147,FIXTURE
51-7099,25,168,FIXTURE
51-7099,26,240,FIXTURE
51-7099,27,136,FIXTURE
51-7099,28,71,FIXTURE
51-7099,29,147,FIXTURE
51-7099,30,26,FIXTURE
51-7099,31,47,FIXTURE
51-7099,32,74,FIXTURE
51-7099,33,33,FIXTURE
51-7099,34,222,FIXTURE
51-7099,35,50,FIXTURE
51-7099,36,482,FIXTURE
51-7099,37,249,FIXTURE
51-7099,38,19,FIXTURE
51-7099,39,282,FIXTURE
51-7099,40,94,FIXTURE
51-7099,41,101,FIXTURE
51-7099,42,310,FIXTURE
51-7099,44,26,FIXTURE
51-7099,45,122,FIXTURE
51-7099,46,21,FIXTURE
51-7099,47,165,FIXTURE
51-7099,48,696,FIXTURE
51-7099,49,78,FIXTURE
51-7099,50,15,FIXTURE
51-7099,51,206,FIXTURE
51-7099,53,184,FIXTURE
51-7099,54,43,FIXTURE
51-7099,55,141,FIXTURE
51-7099,56,14,FIXTURE
51-8011,01,73,FIXTURE
51-8011,02,11,FIXTURE
51-8011,04,104,FIXTURE
51-8011,05,44,FIXTURE
51-8011,06,575,FIXTURE
51-8011,08,84,FIXTURE
51-8011,09,52,FIXTURE
51-8011,10,14,FIXTURE
51-8011,11,10,FIXTURE
51-8011,12,313,FIXTURE
51-8011,13,156,FIXTURE
51-8011,15,21,FIXTURE
51-8011,16,27,FIXTURE
51-8011,17,186,FIXTURE
51-8011,18,99,FIXTURE
51-8011,19,46,FIXTURE
51-8011,20,43,FIXTURE
51-8011,21,66,FIXTURE
51-8011,22,68,FIXTURE
51-8011,23,20,FIXTURE
51-8011,24,90,FIXTURE
51-8011,25,102,FIXTURE
51-8011,26,147,FIXTURE
51-8011,27,83,FIXTURE
51-8011,28,43,FIXTURE
51-8011,29,89,FIXTURE
51-8011,30,16,FIXTURE
51-8011,31,28,FIXTURE
51-8011,32,45,FIXTURE
51-8011,33,20,FIXTURE
51-8011,34,135,FIXTURE
51-8011,35,31,FIXTURE
51-8011,36,294,FIXTURE
51-8011,37,152,FIXTURE
51-8011,38,11,FIXTURE
51-8011,39,172,FIXTURE
51-8011,40,58,FIXTURE
51-8011,41,62,FIXTURE
51-8011,42,189,FIXTURE
51-8011,44,16,FIXTURE
51-8011,45,74,FIXTURE
51-8011,46,13,FIXTURE
51-8011,47,100,FIXTURE
51-8011,48,424,FIXTURE
51-8011,49,48,FIXTURE
51-8011,50,9,FIXTURE
51-8011,51,125,FIXTURE
51-8011,53,112,FIXTURE
51-8011,54,26,FIXTURE
51-8011,55,86,FIXTURE
51-8011,56,8,FIXTURE
51-8012,01,146,FIXTURE
51-8012,02,21,FIXTURE
51-8012,04,208,FIXTURE
51-8012,05,88,FIXTURE
51-8012,06,1152,FIXTURE
51-8012,08,168,FIXTURE
51-8012,09,105,FIXTURE
51-8012,10,29,FIXTURE
51-8012,11,20,FIXTURE
51-8012,12,628,FIXTURE
51-8012,13,312,FIXTURE
51-8012,15,42,FIXTURE
51-8012,16,54,FIXTURE
51-8012,17,373,FIXTURE
51-8012,18,198,FIXTURE
51-8012,19,93,FIXTURE
51-8012,20,86,FIXTURE
51-8012,21,131,FIXTURE
51-8012,22,136,FIXTURE
51-8012,23,40,FIXTURE
51-8012,24,180,FIXTURE
51-8012,25,205,FIXTURE
51-8012,26,294,FIXTURE
51-8012,27,166,FIXTURE
51-8012,28,86,FIXTURE
51-8012,29,179,FIXTURE
51-8012,30,32,FIXTURE
51-8012,31,57,FIXTURE
51-8012,32,91,FIXTURE
51-8012,33,40,FIXTURE
51-8012,34,271,FIXTURE
51-8012,35,62,FIXTURE
51-8012,36,589,FIXTURE
51-8012,37,304,FIXTURE
51-8012,38,23,FIXTURE
51-8012,39,344,FIXTURE
51-8012,40,115,FIXTURE
51-8012,41,124,FIXTURE
51-8012,42,379,FIXTURE
51-8012,44,32,FIXTURE
51-8012,45,149,FIXTURE
51-8012,46,26,FIXTURE
51-8012,47,201,FIXTURE
51-8012,48,849,FIXTURE
51-8012,49,95,FIXTURE
51-8012,50,19,FIXTURE
51-8012,51,252,FIXTURE
51-8012,53,225,FIXTURE
51-8012,54,52,FIXTURE
51-8012,55,172,FIXTURE
51-8012,56,17,FIXTURE
51-8013,01,439,FIXTURE
51-8013,02,64,FIXTURE
51-8013,04,625,FIXTURE
51-8013,05,263,FIXTURE
51-8013,06,3455,FIXTURE
51-8013,08,504,FIXTURE
51-8013,09,315,FIXTURE
51-8013,10,87,FIXTURE
51-8013,11,60,FIXTURE
51-8013,12,1882,FIXTURE
51-8013,13,936,FIXTURE
51-8013,15,127,FIXTURE
51-8013,16,161,FIXTURE
51-8013,17,1119,FIXTURE
51-8013,18,593,FIXTURE
51-8013,19,279,FIXTURE
51-8013,20,257,FIXTURE
51-8013,21,394,FIXTURE
51-8013,22,407,FIXTURE
51-8013,23,119,FIXTURE
51-8013,24,540,FIXTURE
51-8013,25,614,FIXTURE
51-8013,26,880,FIXTURE
51-8013,27,499,FIXTURE
51-8013,28,259,FIXTURE
51-8013,29,538,FIXTURE
51-8013,30,95,FIXTURE
51-8013,31,171,FIXTURE
51-8013,32,271,FIXTURE
51-8013,33,120,FIXTURE
51-8013,34,812,FIXTURE
51-8013,35,185,FIXTURE
51-8013,36,1765,FIXTURE
51-8013,37,912,FIXTURE
51-8013,38,68,FIXTURE
51-8013,39,1031,FIXTURE
51-8013,40,346,FIXTURE
51-8013,41,370,FIXTURE
51-8013,42,1136,FIXTURE
51-8013,44,96,FIXTURE
51-8013,45,447,FIXTURE
51-8013,46,77,FIXTURE
51-8013,47,604,FIXTURE
51-8013,48,2547,FIXTURE
51-8013,49,286,FIXTURE
51-8013,50,56,FIXTURE
51-8013,51,754,FIXTURE
51-8013,53,673,FIXTURE
51-8013,54,157,FIXTURE
51-8013,55,515,FIXTURE
51-8013,56,50,FIXTURE
51-8021,01,452,FIXTURE
51-8021,02,66,FIXTURE
51-8021,04,643,FIXTURE
51-8021,05,271,FIXTURE
51-8021,06,3557,FIXTURE
51-8021,08,519,FIXTURE
51-8021,09,324,FIXTURE
51-8021,10,89,FIXTURE
51-8021,11,62,FIXTURE
51-8021,12,1938,FIXTURE
51-8021,13,964,FIXTURE
51-8021,15,131,FIXTURE
51-8021,16,165,FIXTURE
51-8021,17,1153,FIXTURE
51-8021,18,611,FIXTURE
51-8021,19,287,FIXTURE
51-8021,20,264,FIXTURE
51-8021,21,405,FIXTURE
51-8021,22,419,FIXTURE
51-8021,23,123,FIXTURE
51-8021,24,556,FIXTURE
51-8021,25,632,FIXTURE
51-8021,26,907,FIXTURE
51-8021,27,513,FIXTURE
51-8021,28,266,FIXTURE
51-8021,29,554,FIXTURE
51-8021,30,98,FIXTURE
51-8021,31,176,FIXTURE
51-8021,32,279,FIXTURE
51-8021,33,124,FIXTURE
51-8021,34,836,FIXTURE
51-8021,35,191,FIXTURE
51-8021,36,1818,FIXTURE
51-8021,37,939,FIXTURE
51-8021,38,70,FIXTURE
51-8021,39,1062,FIXTURE
51-8021,40,356,FIXTURE
51-8021,41,381,FIXTURE
51-8021,42,1170,FIXTURE
51-8021,44,99,FIXTURE
51-8021,45,461,FIXTURE
51-8021,46,80,FIXTURE
51-8021,47,622,FIXTURE
51-8021,48,2622,FIXTURE
51-8021,49,294,FIXTURE
51-8021,50,58,FIXTURE
51-8021,51,777,FIXTURE
51-8021,53,693,FIXTURE
51-8021,54,161,FIXTURE
51-8021,55,530,FIXTURE
51-8021,56,52,FIXTURE
51-8031,01,1836,FIXTURE
51-8031,02,268,FIXTURE
51-8031,04,2614,FIXTURE
51-8031,05,1101,FIXTURE
51-8031,06,14452,FIXTURE
51-8031,08,2110,FIXTURE
51-8031,09,1318,FIXTURE
51-8031,10,362,FIXTURE
51-8031,11,252,FIXTURE
51-8031,12,7873,FIXTURE
51-8031,13,3915,FIXTURE
51-8031,15,532,FIXTURE
51-8031,16,672,FIXTURE
51-8031,17,4683,FIXTURE
51-8031,18,2480,FIXTURE
51-8031,19,1166,FIXTURE
51-8031,20,1074,FIXTURE
51-8031,21,1647,FIXTURE
51-8031,22,1702,FIXTURE
51-8031,23,498,FIXTURE
51-8031,24,2258,FIXTURE
51-8031,25,2570,FIXTURE
51-8031,26,3683,FIXTURE
51-8031,27,2086,FIXTURE
51-8031,28,1082,FIXTURE
51-8031,29,2250,FIXTURE
51-8031,30,396,FIXTURE
51-8031,31,717,FIXTURE
51-8031,32,1135,FIXTURE
51-8031,33,504,FIXTURE
51-8031,34,3395,FIXTURE
51-8031,35,774,FIXTURE
51-8031,36,7384,FIXTURE
51-8031,37,3816,FIXTURE
51-8031,38,285,FIXTURE
51-8031,39,4313,FIXTURE
51-8031,40,1447,FIXTURE
51-8031,41,1549,FIXTURE
51-8031,42,4753,FIXTURE
51-8031,44,401,FIXTURE
51-8031,45,1871,FIXTURE
51-8031,46,324,FIXTURE
51-8031,47,2526,FIXTURE
51-8031,48,10653,FIXTURE
51-8031,49,1196,FIXTURE
51-8031,50,235,FIXTURE
51-8031,51,3155,FIXTURE
51-8031,53,2816,FIXTURE
51-8031,54,656,FIXTURE
51-8031,55,2154,FIXTURE
51-8031,56,211,FIXTURE
51-8091,01,330,FIXTURE
51-8091,02,48,FIXTURE
51-8091,04,469,FIXTURE
51-8091,05,197,FIXTURE
51-8091,06,2593,FIXTURE
51-8091,08,379,FIXTURE
51-8091,09,236,FIXTURE
51-8091,10,65,FIXTURE
51-8091,11,45,FIXTURE
51-8091,12,1413,FIXTURE
51-8091,13,703,FIXTURE
51-8091,15,95,FIXTURE
51-8091,16,121,FIXTURE
51-8091,17,840,FIXTURE
51-8091,18,445,FIXTURE
51-8091,19,209,FIXTURE
51-8091,20,193,FIXTURE
51-8091,21,296,FIXTURE
51-8091,22,305,FIXTURE
51-8091,23,89,FIXTURE
51-8091,24,405,FIXTURE
51-8091,25,461,FIXTURE
51-8091,26,661,FIXTURE
51-8091,27,374,FIXTURE
51-8091,28,194,FIXTURE
51-8091,29,404,FIXTURE
51-8091,30,71,FIXTURE
51-8091,31,129,FIXTURE
51-8091,32,204,FIXTURE
51-8091,33,90,FIXTURE
51-8091,34,609,FIXTURE
51-8091,35,139,FIXTURE
51-8091,36,1325,FIXTURE
51-8091,37,685,FIXTURE
51-8091,38,51,FIXTURE
51-8091,39,774,FIXTURE
51-8091,40,260,FIXTURE
51-8091,41,278,FIXTURE
51-8091,42,853,FIXTURE
51-8091,44,72,FIXTURE
51-8091,45,336,FIXTURE
51-8091,46,58,FIXTURE
51-8091,47,453,FIXTURE
51-8091,48,1912,FIXTURE
51-8091,49,215,FIXTURE
51-8091,50,42,FIXTURE
51-8091,51,566,FIXTURE
51-8091,53,505,FIXTURE
51-8091,54,118,FIXTURE
51-8091,55,387,FIXTURE
51-8091,56,38,FIXTURE
51-8092,01,229,FIXTURE
51-8092,02,33,FIXTURE
51-8092,04,326,FIXTURE
51-8092,05,137,FIXTURE
51-8092,06,1803,FIXTURE
51-8092,08,263,FIXTURE
51-8092,09,164,FIXTURE
51-8092,10,45,FIXTURE
51-8092,11,31,FIXTURE
51-8092,12,982,FIXTURE
51-8092,13,488,FIXTURE
51-8092,15,66,FIXTURE
51-8092,16,84,FIXTURE
51-8092,17,584,FIXTURE
51-8092,18,309,FIXTURE
51-8092,19,146,FIXTURE
51-8092,20,134,FIXTURE
51-8092,21,205,FIXTURE
51-8092,22,212,FIXTURE
51-8092,23,62,FIXTURE
51-8092,24,282,FIXTURE
51-8092,25,321,FIXTURE
51-8092,26,459,FIXTURE
51-8092,27,260,FIXTURE
51-8092,28,135,FIXTURE
51-8092,29,281,FIXTURE
51-8092,30,49,FIXTURE
51-8092,31,89,FIXTURE
51-8092,32,142,FIXTURE
51-8092,33,63,FIXTURE
51-8092,34,424,FIXTURE
51-8092,35,97,FIXTURE
51-8092,36,921,FIXTURE
51-8092,37,476,FIXTURE
51-8092,38,36,FIXTURE
51-8092,39,538,FIXTURE
51-8092,40,181,FIXTURE
51-8092,41,193,FIXTURE
51-8092,42,593,FIXTURE
51-8092,44,50,FIXTURE
51-8092,45,233,FIXTURE
51-8092,46,40,FIXTURE
51-8092,47,315,FIXTURE
51-8092,48,1329,FIXTURE
51-8092,49,149,FIXTURE
51-8092,50,29,FIXTURE
51-8092,51,394,FIXTURE
51-8092,53,351,FIXTURE
51-8092,54,82,FIXTURE
51-8092,55,269,FIXTURE
51-8092,56,26,FIXTURE
51-8093,01,519,FIXTURE
51-8093,02,76,FIXTURE
51-8093,04,739,FIXTURE
51-8093,05,311,FIXTURE
51-8093,06,4083,FIXTURE
51-8093,08,596,FIXTURE
51-8093,09,372,FIXTURE
51-8093,10,102,FIXTURE
51-8093,11,71,FIXTURE
51-8093,12,2224,FIXTURE
51-8093,13,1106,FIXTURE
51-8093,15,150,FIXTURE
51-8093,16,190,FIXTURE
51-8093,17,1323,FIXTURE
51-8093,18,701,FIXTURE
51-8093,19,329,FIXTURE
51-8093,20,303,FIXTURE
51-8093,21,465,FIXTURE
51-8093,22,481,FIXTURE
51-8093,23,141,FIXTURE
51-8093,24,638,FIXTURE
51-8093,25,726,FIXTURE
51-8093,26,1041,FIXTURE
51-8093,27,589,FIXTURE
51-8093,28,306,FIXTURE
51-8093,29,636,FIXTURE
51-8093,30,112,FIXTURE
51-8093,31,203,FIXTURE
51-8093,32,321,FIXTURE
51-8093,33,142,FIXTURE
51-8093,34,959,FIXTURE
51-8093,35,219,FIXTURE
51-8093,36,2086,FIXTURE
51-8093,37,1078,FIXTURE
51-8093,38,80,FIXTURE
51-8093,39,1219,FIXTURE
51-8093,40,409,FIXTURE
51-8093,41,438,FIXTURE
51-8093,42,1343,FIXTURE
51-8093,44,113,FIXTURE
51-8093,45,529,FIXTURE
51-8093,46,92,FIXTURE
51-8093,47,714,FIXTURE
51-8093,48,3010,FIXTURE
51-8093,49,338,FIXTURE
51-8093,50,66,FIXTURE
51-8093,51,891,FIXTURE
51-8093,53,796,FIXTURE
51-8093,54,185,FIXTURE
51-8093,55,609,FIXTURE
51-8093,56,60,FIXTURE
51-8099,01,234,FIXTURE
51-8099,02,34,FIXTURE
51-8099,04,333,FIXTURE
51-8099,05,140,FIXTURE
51-8099,06,1839,FIXTURE
51-8099,08,269,FIXTURE
51-8099,09,168,FIXTURE
51-8099,10,46,FIXTURE
51-8099,11,32,FIXTURE
51-8099,12,1002,FIXTURE
51-8099,13,498,FIXTURE
51-8099,15,68,FIXTURE
51-8099,16,86,FIXTURE
51-8099,17,596,FIXTURE
51-8099,18,316,FIXTURE
51-8099,19,148,FIXTURE
51-8099,20,137,FIXTURE
51-8099,21,210,FIXTURE
51-8099,22,217,FIXTURE
51-8099,23,63,FIXTURE
51-8099,24,287,FIXTURE
51-8099,25,327,FIXTURE
51-8099,26,469,FIXTURE
51-8099,27,266,FIXTURE
51-8099,28,138,FIXTURE
51-8099,29,286,FIXTURE
51-8099,30,50,FIXTURE
51-8099,31,91,FIXTURE
51-8099,32,144,FIXTURE
51-8099,33,64,FIXTURE
51-8099,34,432,FIXTURE
51-8099,35,99,FIXTURE
51-8099,36,940,FIXTURE
51-8099,37,486,FIXTURE
51-8099,38,36,FIXTURE
51-8099,39,549,FIXTURE
51-8099,40,184,FIXTURE
51-8099,41,197,FIXTURE
51-8099,42,605,FIXTURE
51-8099,44,51,FIXTURE
51-8099,45,238,FIXTURE
51-8099,46,41,FIXTURE
51-8099,47,322,FIXTURE
51-8099,48,1356,FIXTURE
51-8099,49,152,FIXTURE
51-8099,50,30,FIXTURE
51-8099,51,402,FIXTURE
51-8099,53,358,FIXTURE
51-8099,54,83,FIXTURE
51-8099,55,274,FIXTURE
51-8099,56,27,FIXTURE
51-9011,01,1609,FIXTURE
51-9011,02,235,FIXTURE
51-9011,04,2291,FIXTURE
51-9011,05,965,FIXTURE
51-9011,06,12665,FIXTURE
51-9011,08,1849,FIXTURE
51-9011,09,1155,FIXTURE
51-9011,10,317,FIXTURE
51-9011,11,221,FIXTURE
51-9011,12,6899,FIXTURE
51-9011,13,3431,FIXTURE
51-9011,15,466,FIXTURE
51-9011,16,589,FIXTURE
51-9011,17,4104,FIXTURE
51-9011,18,2174,FIXTURE
51-9011,19,1022,FIXTURE
51-9011,20,941,FIXTURE
51-9011,21,1443,FIXTURE
51-9011,22,1492,FIXTURE
51-9011,23,436,FIXTURE
51-9011,24,1979,FIXTURE
51-9011,25,2252,FIXTURE
51-9011,26,3228,FIXTURE
51-9011,27,1828,FIXTURE
51-9011,28,949,FIXTURE
51-9011,29,1972,FIXTURE
51-9011,30,347,FIXTURE
51-9011,31,628,FIXTURE
51-9011,32,994,FIXTURE
51-9011,33,441,FIXTURE
51-9011,34,2975,FIXTURE
51-9011,35,678,FIXTURE
51-9011,36,6471,FIXTURE
51-9011,37,3344,FIXTURE
51-9011,38,250,FIXTURE
51-9011,39,3780,FIXTURE
51-9011,40,1268,FIXTURE
51-9011,41,1357,FIXTURE
51-9011,42,4165,FIXTURE
51-9011,44,351,FIXTURE
51-9011,45,1640,FIXTURE
51-9011,46,284,FIXTURE
51-9011,47,2214,FIXTURE
51-9011,48,9336,FIXTURE
51-9011,49,1048,FIXTURE
51-9011,50,206,FIXTURE
51-9011,51,2765,FIXTURE
51-9011,53,2468,FIXTURE
51-9011,54,575,FIXTURE
51-9011,55,1888,FIXTURE
51-9011,56,185,FIXTURE
51-9012,01,737,FIXTURE
51-9012,02,108,FIXTURE
51-9012,04,1049,FIXTURE
51-9012,05,442,FIXTURE
51-9012,06,5800,FIXTURE
51-9012,08,847,FIXTURE
51-9012,09,529,FIXTURE
51-9012,10,145,FIXTURE
51-9012,11,101,FIXTURE
51-9012,12,3159,FIXTURE
51-9012,13,1571,FIXTURE
51-9012,15,214,FIXTURE
51-9012,16,270,FIXTURE
51-9012,17,1880,FIXTURE
51-9012,18,995,FIXTURE
51-9012,19,468,FIXTURE
51-9012,20,431,FIXTURE
51-9012,21,661,FIXTURE
51-9012,22,683,FIXTURE
51-9012,23,200,FIXTURE
51-9012,24,906,FIXTURE
51-9012,25,1031,FIXTURE
51-9012,26,1478,FIXTURE
51-9012,27,837,FIXTURE
51-9012,28,434,FIXTURE
51-9012,29,903,FIXTURE
51-9012,30,159,FIXTURE
51-9012,31,288,FIXTURE
51-9012,32,455,FIXTURE
51-9012,33,202,FIXTURE
51-9012,34,1363,FIXTURE
51-9012,35,311,FIXTURE
51-9012,36,2963,FIXTURE
51-9012,37,1531,FIXTURE
51-9012,38,114,FIXTURE
51-9012,39,1731,FIXTURE
51-9012,40,581,FIXTURE
51-9012,41,622,FIXTURE
51-9012,42,1907,FIXTURE
51-9012,44,161,FIXTURE
51-9012,45,751,FIXTURE
51-9012,46,130,FIXTURE
51-9012,47,1014,FIXTURE
51-9012,48,4275,FIXTURE
51-9012,49,480,FIXTURE
51-9012,50,94,FIXTURE
51-9012,51,1266,FIXTURE
51-9012,53,1130,FIXTURE
51-9012,54,263,FIXTURE
51-9012,55,865,FIXTURE
51-9012,56,85,FIXTURE
51-9021,01,482,FIXTURE
51-9021,02,70,FIXTURE
51-9021,04,686,FIXTURE
51-9021,05,289,FIXTURE
51-9021,06,3793,FIXTURE
51-9021,08,554,FIXTURE
51-9021,09,346,FIXTURE
51-9021,10,95,FIXTURE
51-9021,11,66,FIXTURE
51-9021,12,2066,FIXTURE
51-9021,13,1028,FIXTURE
51-9021,15,140,FIXTURE
51-9021,16,176,FIXTURE
51-9021,17,1229,FIXTURE
51-9021,18,651,FIXTURE
51-9021,19,306,FIXTURE
51-9021,20,282,FIXTURE
51-9021,21,432,FIXTURE
51-9021,22,447,FIXTURE
51-9021,23,131,FIXTURE
51-9021,24,593,FIXTURE
51-9021,25,675,FIXTURE
51-9021,26,967,FIXTURE
51-9021,27,548,FIXTURE
51-9021,28,284,FIXTURE
51-9021,29,591,FIXTURE
51-9021,30,104,FIXTURE
51-9021,31,188,FIXTURE
51-9021,32,298,FIXTURE
51-9021,33,132,FIXTURE
51-9021,34,891,FIXTURE
51-9021,35,203,FIXTURE
51-9021,36,1938,FIXTURE
51-9021,37,1002,FIXTURE
51-9021,38,75,FIXTURE
51-9021,39,1132,FIXTURE
51-9021,40,380,FIXTURE
51-9021,41,407,FIXTURE
51-9021,42,1248,FIXTURE
51-9021,44,105,FIXTURE
51-9021,45,491,FIXTURE
51-9021,46,85,FIXTURE
51-9021,47,663,FIXTURE
51-9021,48,2796,FIXTURE
51-9021,49,314,FIXTURE
51-9021,50,62,FIXTURE
51-9021,51,828,FIXTURE
51-9021,53,739,FIXTURE
51-9021,54,172,FIXTURE
51-9021,55,565,FIXTURE
51-9021,56,55,FIXTURE
51-9022,01,238,FIXTURE
51-9022,02,35,FIXTURE
51-9022,04,338,FIXTURE
51-9022,05,143,FIXTURE
51-9022,06,1870,FIXTURE
51-9022,08,273,FIXTURE
51-9022,09,171,FIXTURE
51-9022,10,47,FIXTURE
51-9022,11,33,FIXTURE
51-9022,12,1019,FIXTURE
51-9022,13,507,FIXTURE
51-9022,15,69,FIXTURE
51-9022,16,87,FIXTURE
51-9022,17,606,FIXTURE
51-9022,18,321,FIXTURE
51-9022,19,151,FIXTURE
51-9022,20,139,FIXTURE
51-9022,21,213,FIXTURE
51-9022,22,220,FIXTURE
51-9022,23,64,FIXTURE
51-9022,24,292,FIXTURE
51-9022,25,333,FIXTURE
51-9022,26,477,FIXTURE
51-9022,27,270,FIXTURE
51-9022,28,140,FIXTURE
51-9022,29,291,FIXTURE
51-9022,30,51,FIXTURE
51-9022,31,93,FIXTURE
51-9022,32,147,FIXTURE
51-9022,33,65,FIXTURE
51-9022,34,439,FIXTURE
51-9022,35,100,FIXTURE
51-9022,36,956,FIXTURE
51-9022,37,494,FIXTURE
51-9022,38,37,FIXTURE
51-9022,39,558,FIXTURE
51-9022,40,187,FIXTURE
51-9022,41,200,FIXTURE
51-9022,42,615,FIXTURE
51-9022,44,52,FIXTURE
51-9022,45,242,FIXTURE
51-9022,46,42,FIXTURE
51-9022,47,327,FIXTURE
51-9022,48,1379,FIXTURE
51-9022,49,155,FIXTURE
51-9022,50,30,FIXTURE
51-9022,51,408,FIXTURE
51-9022,53,365,FIXTURE
51-9022,54,85,FIXTURE
51-9022,55,279,FIXTURE
51-9022,56,27,FIXTURE
51-9023,01,1644,FIXTURE
51-9023,02,240,FIXTURE
51-9023,04,2340,FIXTURE
51-9023,05,985,FIXTURE
51-9023,06,12936,FIXTURE
51-9023,08,1889,FIXTURE
51-9023,09,1180,FIXTURE
51-9023,10,324,FIXTURE
51-9023,11,225,FIXTURE
51-9023,12,7047,FIXTURE
51-9023,13,3505,FIXTURE
51-9023,15,476,FIXTURE
51-9023,16,602,FIXTURE
51-9023,17,4192,FIXTURE
51-9023,18,2220,FIXTURE
51-9023,19,1044,FIXTURE
51-9023,20,961,FIXTURE
51-9023,21,1474,FIXTURE
51-9023,22,1524,FIXTURE
51-9023,23,446,FIXTURE
51-9023,24,2021,FIXTURE
51-9023,25,2300,FIXTURE
51-9023,26,3297,FIXTURE
51-9023,27,1867,FIXTURE
51-9023,28,969,FIXTURE
51-9023,29,2014,FIXTURE
51-9023,30,355,FIXTURE
51-9023,31,642,FIXTURE
51-9023,32,1016,FIXTURE
51-9023,33,451,FIXTURE
51-9023,34,3039,FIXTURE
51-9023,35,693,FIXTURE
51-9023,36,6609,FIXTURE
51-9023,37,3415,FIXTURE
51-9023,38,255,FIXTURE
51-9023,39,3860,FIXTURE
51-9023,40,1295,FIXTURE
51-9023,41,1386,FIXTURE
51-9023,42,4254,FIXTURE
51-9023,44,359,FIXTURE
51-9023,45,1674,FIXTURE
51-9023,46,290,FIXTURE
51-9023,47,2261,FIXTURE
51-9023,48,9535,FIXTURE
51-9023,49,1070,FIXTURE
51-9023,50,210,FIXTURE
51-9023,51,2824,FIXTURE
51-9023,53,2521,FIXTURE
51-9023,54,587,FIXTURE
51-9023,55,1928,FIXTURE
51-9023,56,189,FIXTURE
51-9031,01,120,FIXTURE
51-9031,02,17,FIXTURE
51-9031,04,171,FIXTURE
51-9031,05,72,FIXTURE
51-9031,06,945,FIXTURE
51-9031,08,138,FIXTURE
51-9031,09,86,FIXTURE
51-9031,10,24,FIXTURE
51-9031,11,16,FIXTURE
51-9031,12,515,FIXTURE
51-9031,13,256,FIXTURE
51-9031,15,35,FIXTURE
51-9031,16,44,FIXTURE
51-9031,17,306,FIXTURE
51-9031,18,162,FIXTURE
51-9031,19,76,FIXTURE
51-9031,20,70,FIXTURE
51-9031,21,108,FIXTURE
51-9031,22,111,FIXTURE
51-9031,23,33,FIXTURE
51-9031,24,148,FIXTURE
51-9031,25,168,FIXTURE
51-9031,26,241,FIXTURE
51-9031,27,136,FIXTURE
51-9031,28,71,FIXTURE
51-9031,29,147,FIXTURE
51-9031,30,26,FIXTURE
51-9031,31,47,FIXTURE
51-9031,32,74,FIXTURE
51-9031,33,33,FIXTURE
51-9031,34,222,FIXTURE
51-9031,35,51,FIXTURE
51-9031,36,483,FIXTURE
51-9031,37,249,FIXTURE
51-9031,38,19,FIXTURE
51-9031,39,282,FIXTURE
51-9031,40,95,FIXTURE
51-9031,41,101,FIXTURE
51-9031,42,311,FIXTURE
51-9031,44,26,FIXTURE
51-9031,45,122,FIXTURE
51-9031,46,21,FIXTURE
51-9031,47,165,FIXTURE
51-9031,48,696,FIXTURE
51-9031,49,78,FIXTURE
51-9031,50,15,FIXTURE
51-9031,51,206,FIXTURE
51-9031,53,184,FIXTURE
51-9031,54,43,FIXTURE
51-9031,55,141,FIXTURE
51-9031,56,14,FIXTURE
51-9032,01,848,FIXTURE
51-9032,02,124,FIXTURE
51-9032,04,1207,FIXTURE
51-9032,05,508,FIXTURE
51-9032,06,6672,FIXTURE
51-9032,08,974,FIXTURE
51-9032,09,608,FIXTURE
51-9032,10,167,FIXTURE
51-9032,11,116,FIXTURE
51-9032,12,3634,FIXTURE
51-9032,13,1808,FIXTURE
51-9032,15,246,FIXTURE
51-9032,16,310,FIXTURE
51-9032,17,2162,FIXTURE
51-9032,18,1145,FIXTURE
51-9032,19,538,FIXTURE
51-9032,20,496,FIXTURE
51-9032,21,760,FIXTURE
51-9032,22,786,FIXTURE
51-9032,23,230,FIXTURE
51-9032,24,1042,FIXTURE
51-9032,25,1186,FIXTURE
51-9032,26,1701,FIXTURE
51-9032,27,963,FIXTURE
51-9032,28,500,FIXTURE
51-9032,29,1039,FIXTURE
51-9032,30,183,FIXTURE
51-9032,31,331,FIXTURE
51-9032,32,524,FIXTURE
51-9032,33,232,FIXTURE
51-9032,34,1567,FIXTURE
51-9032,35,357,FIXTURE
51-9032,36,3409,FIXTURE
51-9032,37,1762,FIXTURE
51-9032,38,131,FIXTURE
51-9032,39,1991,FIXTURE
51-9032,40,668,FIXTURE
51-9032,41,715,FIXTURE
51-9032,42,2194,FIXTURE
51-9032,44,185,FIXTURE
51-9032,45,864,FIXTURE
51-9032,46,150,FIXTURE
51-9032,47,1166,FIXTURE
51-9032,48,4918,FIXTURE
51-9032,49,552,FIXTURE
51-9032,50,109,FIXTURE
51-9032,51,1457,FIXTURE
51-9032,53,1300,FIXTURE
51-9032,54,303,FIXTURE
51-9032,55,995,FIXTURE
51-9032,56,97,FIXTURE
51-9041,01,858,FIXTURE
51-9041,02,125,FIXTURE
51-9041,04,1221,FIXTURE
51-9041,05,514,FIXTURE
51-9041,06,6748,FIXTURE
51-9041,08,985,FIXTURE
51-9041,09,615,FIXTURE
51-9041,10,169,FIXTURE
51-9041,11,118,FIXTURE
51-9041,12,3676,FIXTURE
51-9041,13,1828,FIXTURE
51-9041,15,248,FIXTURE
51-9041,16,314,FIXTURE
51-9041,17,2187,FIXTURE
51-9041,18,1158,FIXTURE
51-9041,19,545,FIXTURE
51-9041,20,501,FIXTURE
51-9041,21,769,FIXTURE
51-9041,22,795,FIXTURE
51-9041,23,233,FIXTURE
51-9041,24,1054,FIXTURE
51-9041,25,1200,FIXTURE
51-9041,26,1720,FIXTURE
51-9041,27,974,FIXTURE
51-9041,28,505,FIXTURE
51-9041,29,1051,FIXTURE
51-9041,30,185,FIXTURE
51-9041,31,335,FIXTURE
51-9041,32,530,FIXTURE
51-9041,33,235,FIXTURE
51-9041,34,1585,FIXTURE
51-9041,35,361,FIXTURE
51-9041,36,3448,FIXTURE
51-9041,37,1782,FIXTURE
51-9041,38,133,FIXTURE
51-9041,39,2014,FIXTURE
51-9041,40,676,FIXTURE
51-9041,41,723,FIXTURE
51-9041,42,2219,FIXTURE
51-9041,44,187,FIXTURE
51-9041,45,874,FIXTURE
51-9041,46,151,FIXTURE
51-9041,47,1180,FIXTURE
51-9041,48,4974,FIXTURE
51-9041,49,558,FIXTURE
51-9041,50,110,FIXTURE
51-9041,51,1473,FIXTURE
51-9041,53,1315,FIXTURE
51-9041,54,306,FIXTURE
51-9041,55,1006,FIXTURE
51-9041,56,99,FIXTURE
51-9051,01,215,FIXTURE
51-9051,02,31,FIXTURE
51-9051,04,306,FIXTURE
51-9051,05,129,FIXTURE
51-9051,06,1692,FIXTURE
51-9051,08,247,FIXTURE
51-9051,09,154,FIXTURE
51-9051,10,42,FIXTURE
51-9051,11,30,FIXTURE
51-9051,12,921,FIXTURE
51-9051,13,458,FIXTURE
51-9051,15,62,FIXTURE
51-9051,16,79,FIXTURE
51-9051,17,548,FIXTURE
51-9051,18,290,FIXTURE
51-9051,19,137,FIXTURE
51-9051,20,126,FIXTURE
51-9051,21,193,FIXTURE
51-9051,22,199,FIXTURE
51-9051,23,58,FIXTURE
51-9051,24,264,FIXTURE
51-9051,25,301,FIXTURE
51-9051,26,431,FIXTURE
51-9051,27,244,FIXTURE
51-9051,28,127,FIXTURE
51-9051,29,263,FIXTURE
51-9051,30,46,FIXTURE
51-9051,31,84,FIXTURE
51-9051,32,133,FIXTURE
51-9051,33,59,FIXTURE
51-9051,34,397,FIXTURE
51-9051,35,91,FIXTURE
51-9051,36,864,FIXTURE
51-9051,37,447,FIXTURE
51-9051,38,33,FIXTURE
51-9051,39,505,FIXTURE
51-9051,40,169,FIXTURE
51-9051,41,181,FIXTURE
51-9051,42,556,FIXTURE
51-9051,44,47,FIXTURE
51-9051,45,219,FIXTURE
51-9051,46,38,FIXTURE
51-9051,47,296,FIXTURE
51-9051,48,1247,FIXTURE
51-9051,49,140,FIXTURE
51-9051,50,28,FIXTURE
51-9051,51,369,FIXTURE
51-9051,53,330,FIXTURE
51-9051,54,77,FIXTURE
51-9051,55,252,FIXTURE
51-9051,56,25,FIXTURE
51-9061,01,8358,FIXTURE
51-9061,02,1220,FIXTURE
51-9061,04,11897,FIXTURE
51-9061,05,5010,FIXTURE
51-9061,06,65773,FIXTURE
51-9061,08,9605,FIXTURE
51-9061,09,5999,FIXTURE
51-9061,10,1647,FIXTURE
51-9061,11,1147,FIXTURE
51-9061,12,35830,FIXTURE
51-9061,13,17820,FIXTURE
51-9061,15,2421,FIXTURE
51-9061,16,3059,FIXTURE
51-9061,17,21314,FIXTURE
51-9061,18,11288,FIXTURE
51-9061,19,5307,FIXTURE
51-9061,20,4887,FIXTURE
51-9061,21,7496,FIXTURE
51-9061,22,7748,FIXTURE
51-9061,23,2266,FIXTURE
51-9061,24,10276,FIXTURE
51-9061,25,11695,FIXTURE
51-9061,26,16764,FIXTURE
51-9061,27,9493,FIXTURE
51-9061,28,4926,FIXTURE
51-9061,29,10239,FIXTURE
51-9061,30,1804,FIXTURE
51-9061,31,3263,FIXTURE
51-9061,32,5165,FIXTURE
51-9061,33,2292,FIXTURE
51-9061,34,15453,FIXTURE
51-9061,35,3523,FIXTURE
51-9061,36,33606,FIXTURE
51-9061,37,17366,FIXTURE
51-9061,38,1296,FIXTURE
51-9061,39,19629,FIXTURE
51-9061,40,6586,FIXTURE
51-9061,41,7049,FIXTURE
51-9061,42,21630,FIXTURE
51-9061,44,1825,FIXTURE
51-9061,45,8515,FIXTURE
51-9061,46,1475,FIXTURE
51-9061,47,11496,FIXTURE
51-9061,48,48485,FIXTURE
51-9061,49,5442,FIXTURE
51-9061,50,1070,FIXTURE
51-9061,51,14359,FIXTURE
51-9061,53,12818,FIXTURE
51-9061,54,2984,FIXTURE
51-9061,55,9804,FIXTURE
51-9061,56,960,FIXTURE
51-9071,01,369,FIXTURE
51-9071,02,54,FIXTURE
51-9071,04,525,FIXTURE
51-9071,05,221,FIXTURE
51-9071,06,2905,FIXTURE
51-9071,08,424,FIXTURE
51-9071,09,265,FIXTURE
51-9071,10,73,FIXTURE
51-9071,11,51,FIXTURE
51-9071,12,1582,FIXTURE
51-9071,13,787,FIXTURE
51-9071,15,107,FIXTURE
51-9071,16,135,FIXTURE
51-9071,17,941,FIXTURE
51-9071,18,499,FIXTURE
51-9071,19,234,FIXTURE
51-9071,20,216,FIXTURE
51-9071,21,331,FIXTURE
51-9071,22,342,FIXTURE
51-9071,23,100,FIXTURE
51-9071,24,454,FIXTURE
51-9071,25,517,FIXTURE
51-9071,26,740,FIXTURE
51-9071,27,419,FIXTURE
51-9071,28,218,FIXTURE
51-9071,29,452,FIXTURE
51-9071,30,80,FIXTURE
51-9071,31,144,FIXTURE
51-9071,32,228,FIXTURE
51-9071,33,101,FIXTURE
51-9071,34,683,FIXTURE
51-9071,35,156,FIXTURE
51-9071,36,1484,FIXTURE
51-9071,37,767,FIXTURE
51-9071,38,57,FIXTURE
51-9071,39,867,FIXTURE
51-9071,40,291,FIXTURE
51-9071,41,311,FIXTURE
51-9071,42,955,FIXTURE
51-9071,44,81,FIXTURE
51-9071,45,376,FIXTURE
51-9071,46,65,FIXTURE
51-9071,47,508,FIXTURE
51-9071,48,2141,FIXTURE
51-9071,49,240,FIXTURE
51-9071,50,47,FIXTURE
51-9071,51,634,FIXTURE
51-9071,53,566,FIXTURE
51-9071,54,132,FIXTURE
51-9071,55,433,FIXTURE
51-9071,56,42,FIXTURE
51-9081,01,518,FIXTURE
51-9081,02,76,FIXTURE
51-9081,04,737,FIXTURE
51-9081,05,310,FIXTURE
51-9081,06,4074,FIXTURE
51-9081,08,595,FIXTURE
51-9081,09,372,FIXTURE
51-9081,10,102,FIXTURE
51-9081,11,71,FIXTURE
51-9081,12,2219,FIXTURE
51-9081,13,1104,FIXTURE
51-9081,15,150,FIXTURE
51-9081,16,190,FIXTURE
51-9081,17,1320,FIXTURE
51-9081,18,699,FIXTURE
51-9081,19,329,FIXTURE
51-9081,20,303,FIXTURE
51-9081,21,464,FIXTURE
51-9081,22,480,FIXTURE
51-9081,23,140,FIXTURE
51-9081,24,636,FIXTURE
51-9081,25,724,FIXTURE
51-9081,26,1038,FIXTURE
51-9081,27,588,FIXTURE
51-9081,28,305,FIXTURE
51-9081,29,634,FIXTURE
51-9081,30,112,FIXTURE
51-9081,31,202,FIXTURE
51-9081,32,320,FIXTURE
51-9081,33,142,FIXTURE
51-9081,34,957,FIXTURE
51-9081,35,218,FIXTURE
51-9081,36,2081,FIXTURE
51-9081,37,1076,FIXTURE
51-9081,38,80,FIXTURE
51-9081,39,1216,FIXTURE
51-9081,40,408,FIXTURE
51-9081,41,437,FIXTURE
51-9081,42,1340,FIXTURE
51-9081,44,113,FIXTURE
51-9081,45,527,FIXTURE
51-9081,46,91,FIXTURE
51-9081,47,712,FIXTURE
51-9081,48,3003,FIXTURE
51-9081,49,337,FIXTURE
51-9081,50,66,FIXTURE
51-9081,51,889,FIXTURE
51-9081,53,794,FIXTURE
51-9081,54,185,FIXTURE
51-9081,55,607,FIXTURE
51-9081,56,59,FIXTURE
51-9082,01,232,FIXTURE
51-9082,02,34,FIXTURE
51-9082,04,330,FIXTURE
51-9082,05,139,FIXTURE
51-9082,06,1825,FIXTURE
51-9082,08,267,FIXTURE
51-9082,09,166,FIXTURE
51-9082,10,46,FIXTURE
51-9082,11,32,FIXTURE
51-9082,12,994,FIXTURE
51-9082,13,494,FIXTURE
51-9082,15,67,FIXTURE
51-9082,16,85,FIXTURE
51-9082,17,591,FIXTURE
51-9082,18,313,FIXTURE
51-9082,19,147,FIXTURE
51-9082,20,136,FIXTURE
51-9082,21,208,FIXTURE
51-9082,22,215,FIXTURE
51-9082,23,63,FIXTURE
51-9082,24,285,FIXTURE
51-9082,25,324,FIXTURE
51-9082,26,465,FIXTURE
51-9082,27,263,FIXTURE
51-9082,28,137,FIXTURE
51-9082,29,284,FIXTURE
51-9082,30,50,FIXTURE
51-9082,31,91,FIXTURE
51-9082,32,143,FIXTURE
51-9082,33,64,FIXTURE
51-9082,34,429,FIXTURE
51-9082,35,98,FIXTURE
51-9082,36,932,FIXTURE
51-9082,37,482,FIXTURE
51-9082,38,36,FIXTURE
51-9082,39,545,FIXTURE
51-9082,40,183,FIXTURE
51-9082,41,196,FIXTURE
51-9082,42,600,FIXTURE
51-9082,44,51,FIXTURE
51-9082,45,236,FIXTURE
51-9082,46,41,FIXTURE
51-9082,47,319,FIXTURE
51-9082,48,1345,FIXTURE
51-9082,49,151,FIXTURE
51-9082,50,30,FIXTURE
51-9082,51,398,FIXTURE
51-9082,53,356,FIXTURE
51-9082,54,83,FIXTURE
51-9082,55,272,FIXTURE
51-9082,56,27,FIXTURE
51-9083,01,287,FIXTURE
51-9083,02,42,FIXTURE
51-9083,04,408,FIXTURE
51-9083,05,172,FIXTURE
51-9083,06,2258,FIXTURE
51-9083,08,330,FIXTURE
51-9083,09,206,FIXTURE
51-9083,10,56,FIXTURE
51-9083,11,39,FIXTURE
51-9083,12,1230,FIXTURE
51-9083,13,612,FIXTURE
51-9083,15,83,FIXTURE
51-9083,16,105,FIXTURE
51-9083,17,732,FIXTURE
51-9083,18,388,FIXTURE
51-9083,19,182,FIXTURE
51-9083,20,168,FIXTURE
51-9083,21,257,FIXTURE
51-9083,22,266,FIXTURE
51-9083,23,78,FIXTURE
51-9083,24,353,FIXTURE
51-9083,25,401,FIXTURE
51-9083,26,576,FIXTURE
51-9083,27,326,FIXTURE
51-9083,28,169,FIXTURE
51-9083,29,351,FIXTURE
51-9083,30,62,FIXTURE
51-9083,31,112,FIXTURE
51-9083,32,177,FIXTURE
51-9083,33,79,FIXTURE
51-9083,34,530,FIXTURE
51-9083,35,121,FIXTURE
51-9083,36,1154,FIXTURE
51-9083,37,596,FIXTURE
51-9083,38,44,FIXTURE
51-9083,39,674,FIXTURE
51-9083,40,226,FIXTURE
51-9083,41,242,FIXTURE
51-9083,42,743,FIXTURE
51-9083,44,63,FIXTURE
51-9083,45,292,FIXTURE
51-9083,46,51,FIXTURE
51-9083,47,395,FIXTURE
51-9083,48,1665,FIXTURE
51-9083,49,187,FIXTURE
51-9083,50,37,FIXTURE
51-9083,51,493,FIXTURE
51-9083,53,440,FIXTURE
51-9083,54,102,FIXTURE
51-9083,55,337,FIXTURE
51-9083,56,33,FIXTURE
51-9111,01,5436,FIXTURE
51-9111,02,794,FIXTURE
51-9111,04,7738,FIXTURE
51-9111,05,3259,FIXTURE
51-9111,06,42782,FIXTURE
51-9111,08,6247,FIXTURE
51-9111,09,3902,FIXTURE
51-9111,10,1071,FIXTURE
51-9111,11,746,FIXTURE
51-9111,12,23305,FIXTURE
51-9111,13,11591,FIXTURE
51-9111,15,1575,FIXTURE
51-9111,16,1990,FIXTURE
51-9111,17,13864,FIXTURE
51-9111,18,7342,FIXTURE
51-9111,19,3452,FIXTURE
51-9111,20,3179,FIXTURE
51-9111,21,4876,FIXTURE
51-9111,22,5040,FIXTURE
51-9111,23,1474,FIXTURE
51-9111,24,6684,FIXTURE
51-9111,25,7607,FIXTURE
51-9111,26,10904,FIXTURE
51-9111,27,6175,FIXTURE
51-9111,28,3204,FIXTURE
51-9111,29,6660,FIXTURE
51-9111,30,1173,FIXTURE
51-9111,31,2122,FIXTURE
51-9111,32,3359,FIXTURE
51-9111,33,1491,FIXTURE
51-9111,34,10051,FIXTURE
51-9111,35,2291,FIXTURE
51-9111,36,21858,FIXTURE
51-9111,37,11296,FIXTURE
51-9111,38,843,FIXTURE
51-9111,39,12767,FIXTURE
51-9111,40,4284,FIXTURE
51-9111,41,4585,FIXTURE
51-9111,42,14069,FIXTURE
51-9111,44,1187,FIXTURE
51-9111,45,5538,FIXTURE
51-9111,46,959,FIXTURE
51-9111,47,7478,FIXTURE
51-9111,48,31537,FIXTURE
51-9111,49,3540,FIXTURE
51-9111,50,696,FIXTURE
51-9111,51,9340,FIXTURE
51-9111,53,8337,FIXTURE
51-9111,54,1941,FIXTURE
51-9111,55,6377,FIXTURE
51-9111,56,624,FIXTURE
51-9123,01,180,FIXTURE
51-9123,02,26,FIXTURE
51-9123,04,256,FIXTURE
51-9123,05,108,FIXTURE
51-9123,06,1414,FIXTURE
51-9123,08,206,FIXTURE
51-9123,09,129,FIXTURE
51-9123,10,35,FIXTURE
51-9123,11,25,FIXTURE
51-9123,12,770,FIXTURE
51-9123,13,383,FIXTURE
51-9123,15,52,FIXTURE
51-9123,16,66,FIXTURE
51-9123,17,458,FIXTURE
51-9123,18,243,FIXTURE
51-9123,19,114,FIXTURE
51-9123,20,105,FIXTURE
51-9123,21,161,FIXTURE
51-9123,22,166,FIXTURE
51-9123,23,49,FIXTURE
51-9123,24,221,FIXTURE
51-9123,25,251,FIXTURE
51-9123,26,360,FIXTURE
51-9123,27,204,FIXTURE
51-9123,28,106,FIXTURE
51-9123,29,220,FIXTURE
51-9123,30,39,FIXTURE
51-9123,31,70,FIXTURE
51-9123,32,111,FIXTURE
51-9123,33,49,FIXTURE
51-9123,34,332,FIXTURE
51-9123,35,76,FIXTURE
51-9123,36,722,FIXTURE
51-9123,37,373,FIXTURE
51-9123,38,28,FIXTURE
51-9123,39,422,FIXTURE
51-9123,40,141,FIXTURE
51-9123,41,151,FIXTURE
51-9123,42,465,FIXTURE
51-9123,44,39,FIXTURE
51-9123,45,183,FIXTURE
51-9123,46,32,FIXTURE
51-9123,47,247,FIXTURE
51-9123,48,1042,FIXTURE
51-9123,49,117,FIXTURE
51-9123,50,23,FIXTURE
51-9123,51,309,FIXTURE
51-9123,53,275,FIXTURE
51-9123,54,64,FIXTURE
51-9123,55,211,FIXTURE
51-9123,56,21,FIXTURE
51-9124,01,2204,FIXTURE
51-9124,02,322,FIXTURE
51-9124,04,3137,FIXTURE
51-9124,05,1321,FIXTURE
51-9124,06,17346,FIXTURE
51-9124,08,2533,FIXTURE
51-9124,09,1582,FIXTURE
51-9124,10,434,FIXTURE
51-9124,11,303,FIXTURE
51-9124,12,9449,FIXTURE
51-9124,13,4699,FIXTURE
51-9124,15,638,FIXTURE
51-9124,16,807,FIXTURE
51-9124,17,5621,FIXTURE
51-9124,18,2977,FIXTURE
51-9124,19,1400,FIXTURE
51-9124,20,1289,FIXTURE
51-9124,21,1977,FIXTURE
51-9124,22,2043,FIXTURE
51-9124,23,598,FIXTURE
51-9124,24,2710,FIXTURE
51-9124,25,3084,FIXTURE
51-9124,26,4421,FIXTURE
51-9124,27,2504,FIXTURE
51-9124,28,1299,FIXTURE
51-9124,29,2700,FIXTURE
51-9124,30,476,FIXTURE
51-9124,31,861,FIXTURE
51-9124,32,1362,FIXTURE
51-9124,33,604,FIXTURE
51-9124,34,4075,FIXTURE
51-9124,35,929,FIXTURE
51-9124,36,8862,FIXTURE
51-9124,37,4580,FIXTURE
51-9124,38,342,FIXTURE
51-9124,39,5177,FIXTURE
51-9124,40,1737,FIXTURE
51-9124,41,1859,FIXTURE
51-9124,42,5704,FIXTURE
51-9124,44,481,FIXTURE
51-9124,45,2246,FIXTURE
51-9124,46,389,FIXTURE
51-9124,47,3032,FIXTURE
51-9124,48,12786,FIXTURE
51-9124,49,1435,FIXTURE
51-9124,50,282,FIXTURE
51-9124,51,3787,FIXTURE
51-9124,53,3380,FIXTURE
51-9124,54,787,FIXTURE
51-9124,55,2586,FIXTURE
51-9124,56,253,FIXTURE
51-9141,01,364,FIXTURE
51-9141,02,53,FIXTURE
51-9141,04,518,FIXTURE
51-9141,05,218,FIXTURE
51-9141,06,2865,FIXTURE
51-9141,08,418,FIXTURE
51-9141,09,261,FIXTURE
51-9141,10,72,FIXTURE
51-9141,11,50,FIXTURE
51-9141,12,1561,FIXTURE
51-9141,13,776,FIXTURE
51-9141,15,105,FIXTURE
51-9141,16,133,FIXTURE
51-9141,17,929,FIXTURE
51-9141,18,492,FIXTURE
51-9141,19,231,FIXTURE
51-9141,20,213,FIXTURE
51-9141,21,327,FIXTURE
51-9141,22,338,FIXTURE
51-9141,23,99,FIXTURE
51-9141,24,448,FIXTURE
51-9141,25,509,FIXTURE
51-9141,26,730,FIXTURE
51-9141,27,414,FIXTURE
51-9141,28,215,FIXTURE
51-9141,29,446,FIXTURE
51-9141,30,79,FIXTURE
51-9141,31,142,FIXTURE
51-9141,32,225,FIXTURE
51-9141,33,100,FIXTURE
51-9141,34,673,FIXTURE
51-9141,35,153,FIXTURE
51-9141,36,1464,FIXTURE
51-9141,37,757,FIXTURE
51-9141,38,56,FIXTURE
51-9141,39,855,FIXTURE
51-9141,40,287,FIXTURE
51-9141,41,307,FIXTURE
51-9141,42,942,FIXTURE
51-9141,44,80,FIXTURE
51-9141,45,371,FIXTURE
51-9141,46,64,FIXTURE
51-9141,47,501,FIXTURE
51-9141,48,2112,FIXTURE
51-9141,49,237,FIXTURE
51-9141,50,47,FIXTURE
51-9141,51,626,FIXTURE
51-9141,53,558,FIXTURE
51-9141,54,130,FIXTURE
51-9141,55,427,FIXTURE
51-9141,56,42,FIXTURE
51-9151,01,87,FIXTURE
51-9151,02,13,FIXTURE
51-9151,04,124,FIXTURE
51-9151,05,52,FIXTURE
51-9151,06,685,FIXTURE
51-9151,08,100,FIXTURE
51-9151,09,62,FIXTURE
51-9151,10,17,FIXTURE
51-9151,11,12,FIXTURE
51-9151,12,373,FIXTURE
51-9151,13,185,FIXTURE
51-9151,15,25,FIXTURE
51-9151,16,32,FIXTURE
51-9151,17,222,FIXTURE
51-9151,18,117,FIXTURE
51-9151,19,55,FIXTURE
51-9151,20,51,FIXTURE
51-9151,21,78,FIXTURE
51-9151,22,81,FIXTURE
51-9151,23,24,FIXTURE
51-9151,24,107,FIXTURE
51-9151,25,122,FIXTURE
51-9151,26,174,FIXTURE
51-9151,27,99,FIXTURE
51-9151,28,51,FIXTURE
51-9151,29,107,FIXTURE
51-9151,30,19,FIXTURE
51-9151,31,34,FIXTURE
51-9151,32,54,FIXTURE
51-9151,33,24,FIXTURE
51-9151,34,161,FIXTURE
51-9151,35,37,FIXTURE
51-9151,36,350,FIXTURE
51-9151,37,181,FIXTURE
51-9151,38,13,FIXTURE
51-9151,39,204,FIXTURE
51-9151,40,69,FIXTURE
51-9151,41,73,FIXTURE
51-9151,42,225,FIXTURE
51-9151,44,19,FIXTURE
51-9151,45,89,FIXTURE
51-9151,46,15,FIXTURE
51-9151,47,120,FIXTURE
51-9151,48,505,FIXTURE
51-9151,49,57,FIXTURE
51-9151,50,11,FIXTURE
51-9151,51,149,FIXTURE
51-9151,53,133,FIXTURE
51-9151,54,31,FIXTURE
51-9151,55,102,FIXTURE
51-9151,56,10,FIXTURE
51-9161,01,2393,FIXTURE
51-9161,02,349,FIXTURE
51-9161,04,3406,FIXTURE
51-9161,05,1434,FIXTURE
51-9161,06,18829,FIXTURE
51-9161,08,2750,FIXTURE
51-9161,09,1717,FIXTURE
51-9161,10,471,FIXTURE
51-9161,11,328,FIXTURE
51-9161,12,10257,FIXTURE
51-9161,13,5101,FIXTURE
51-9161,15,693,FIXTURE
51-9161,16,876,FIXTURE
51-9161,17,6102,FIXTURE
51-9161,18,3231,FIXTURE
51-9161,19,1519,FIXTURE
51-9161,20,1399,FIXTURE
51-9161,21,2146,FIXTURE
51-9161,22,2218,FIXTURE
51-9161,23,649,FIXTURE
51-9161,24,2942,FIXTURE
51-9161,25,3348,FIXTURE
51-9161,26,4799,FIXTURE
51-9161,27,2718,FIXTURE
51-9161,28,1410,FIXTURE
51-9161,29,2931,FIXTURE
51-9161,30,516,FIXTURE
51-9161,31,934,FIXTURE
51-9161,32,1478,FIXTURE
51-9161,33,656,FIXTURE
51-9161,34,4424,FIXTURE
51-9161,35,1008,FIXTURE
51-9161,36,9620,FIXTURE
51-9161,37,4971,FIXTURE
51-9161,38,371,FIXTURE
51-9161,39,5619,FIXTURE
51-9161,40,1886,FIXTURE
51-9161,41,2018,FIXTURE
51-9161,42,6192,FIXTURE
51-9161,44,523,FIXTURE
51-9161,45,2437,FIXTURE
51-9161,46,422,FIXTURE
51-9161,47,3291,FIXTURE
51-9161,48,13879,FIXTURE
51-9161,49,1558,FIXTURE
51-9161,50,306,FIXTURE
51-9161,51,4110,FIXTURE
51-9161,53,3669,FIXTURE
51-9161,54,854,FIXTURE
51-9161,55,2807,FIXTURE
51-9161,56,275,FIXTURE
51-9162,01,391,FIXTURE
51-9162,02,57,FIXTURE
51-9162,04,557,FIXTURE
51-9162,05,234,FIXTURE
51-9162,06,3078,FIXTURE
51-9162,08,449,FIXTURE
51-9162,09,281,FIXTURE
51-9162,10,77,FIXTURE
51-9162,11,54,FIXTURE
51-9162,12,1677,FIXTURE
51-9162,13,834,FIXTURE
51-9162,15,113,FIXTURE
51-9162,16,143,FIXTURE
51-9162,17,997,FIXTURE
51-9162,18,528,FIXTURE
51-9162,19,248,FIXTURE
51-9162,20,229,FIXTURE
51-9162,21,351,FIXTURE
51-9162,22,363,FIXTURE
51-9162,23,106,FIXTURE
51-9162,24,481,FIXTURE
51-9162,25,547,FIXTURE
51-9162,26,784,FIXTURE
51-9162,27,444,FIXTURE
51-9162,28,230,FIXTURE
51-9162,29,479,FIXTURE
51-9162,30,84,FIXTURE
51-9162,31,153,FIXTURE
51-9162,32,242,FIXTURE
51-9162,33,107,FIXTURE
51-9162,34,723,FIXTURE
51-9162,35,165,FIXTURE
51-9162,36,1572,FIXTURE
51-9162,37,813,FIXTURE
51-9162,38,61,FIXTURE
51-9162,39,918,FIXTURE
51-9162,40,308,FIXTURE
51-9162,41,330,FIXTURE
51-9162,42,1012,FIXTURE
51-9162,44,85,FIXTURE
51-9162,45,398,FIXTURE
51-9162,46,69,FIXTURE
51-9162,47,538,FIXTURE
51-9162,48,2269,FIXTURE
51-9162,49,255,FIXTURE
51-9162,50,50,FIXTURE
51-9162,51,672,FIXTURE
51-9162,53,600,FIXTURE
51-9162,54,140,FIXTURE
51-9162,55,459,FIXTURE
51-9162,56,45,FIXTURE
51-9191,01,190,FIXTURE
51-9191,02,28,FIXTURE
51-9191,04,270,FIXTURE
51-9191,05,114,FIXTURE
51-9191,06,1492,FIXTURE
51-9191,08,218,FIXTURE
51-9191,09,136,FIXTURE
51-9191,10,37,FIXTURE
51-9191,11,26,FIXTURE
51-9191,12,813,FIXTURE
51-9191,13,404,FIXTURE
51-9191,15,55,FIXTURE
51-9191,16,69,FIXTURE
51-9191,17,484,FIXTURE
51-9191,18,256,FIXTURE
51-9191,19,120,FIXTURE
51-9191,20,111,FIXTURE
51-9191,21,170,FIXTURE
51-9191,22,176,FIXTURE
51-9191,23,51,FIXTURE
51-9191,24,233,FIXTURE
51-9191,25,265,FIXTURE
51-9191,26,380,FIXTURE
51-9191,27,215,FIXTURE
51-9191,28,112,FIXTURE
51-9191,29,232,FIXTURE
51-9191,30,41,FIXTURE
51-9191,31,74,FIXTURE
51-9191,32,117,FIXTURE
51-9191,33,52,FIXTURE
51-9191,34,351,FIXTURE
51-9191,35,80,FIXTURE
51-9191,36,763,FIXTURE
51-9191,37,394,FIXTURE
51-9191,38,29,FIXTURE
51-9191,39,445,FIXTURE
51-9191,40,149,FIXTURE
51-9191,41,160,FIXTURE
51-9191,42,491,FIXTURE
51-9191,44,41,FIXTURE
51-9191,45,193,FIXTURE
51-9191,46,34,FIXTURE
51-9191,47,261,FIXTURE
51-9191,48,1100,FIXTURE
51-9191,49,124,FIXTURE
51-9191,50,24,FIXTURE
51-9191,51,326,FIXTURE
51-9191,53,291,FIXTURE
51-9191,54,68,FIXTURE
51-9191,55,223,FIXTURE
51-9191,56,22,FIXTURE
51-9192,01,206,FIXTURE
51-9192,02,30,FIXTURE
51-9192,04,293,FIXTURE
51-9192,05,123,FIXTURE
51-9192,06,1620,FIXTURE
51-9192,08,237,FIXTURE
51-9192,09,148,FIXTURE
51-9192,10,41,FIXTURE
51-9192,11,28,FIXTURE
51-9192,12,882,FIXTURE
51-9192,13,439,FIXTURE
51-9192,15,60,FIXTURE
51-9192,16,75,FIXTURE
51-9192,17,525,FIXTURE
51-9192,18,278,FIXTURE
51-9192,19,131,FIXTURE
51-9192,20,120,FIXTURE
51-9192,21,185,FIXTURE
51-9192,22,191,FIXTURE
51-9192,23,56,FIXTURE
51-9192,24,253,FIXTURE
51-9192,25,288,FIXTURE
51-9192,26,413,FIXTURE
51-9192,27,234,FIXTURE
51-9192,28,121,FIXTURE
51-9192,29,252,FIXTURE
51-9192,30,44,FIXTURE
51-9192,31,80,FIXTURE
51-9192,32,127,FIXTURE
51-9192,33,56,FIXTURE
51-9192,34,381,FIXTURE
51-9192,35,87,FIXTURE
51-9192,36,828,FIXTURE
51-9192,37,428,FIXTURE
51-9192,38,32,FIXTURE
51-9192,39,483,FIXTURE
51-9192,40,162,FIXTURE
51-9192,41,174,FIXTURE
51-9192,42,533,FIXTURE
51-9192,44,45,FIXTURE
51-9192,45,210,FIXTURE
51-9192,46,36,FIXTURE
51-9192,47,283,FIXTURE
51-9192,48,1194,FIXTURE
51-9192,49,134,FIXTURE
51-9192,50,26,FIXTURE
51-9192,51,354,FIXTURE
51-9192,53,316,FIXTURE
51-9192,54,73,FIXTURE
51-9192,55,241,FIXTURE
51-9192,56,24,FIXTURE
51-9193,01,114,FIXTURE
51-9193,02,17,FIXTURE
51-9193,04,162,FIXTURE
51-9193,05,68,FIXTURE
51-9193,06,895,FIXTURE
51-9193,08,131,FIXTURE
51-9193,09,82,FIXTURE
51-9193,10,22,FIXTURE
51-9193,11,16,FIXTURE
51-9193,12,487,FIXTURE
51-9193,13,242,FIXTURE
51-9193,15,33,FIXTURE
51-9193,16,42,FIXTURE
51-9193,17,290,FIXTURE
51-9193,18,154,FIXTURE
51-9193,19,72,FIXTURE
51-9193,20,66,FIXTURE
51-9193,21,102,FIXTURE
51-9193,22,105,FIXTURE
51-9193,23,31,FIXTURE
51-9193,24,140,FIXTURE
51-9193,25,159,FIXTURE
51-9193,26,228,FIXTURE
51-9193,27,129,FIXTURE
51-9193,28,67,FIXTURE
51-9193,29,139,FIXTURE
51-9193,30,25,FIXTURE
51-9193,31,44,FIXTURE
51-9193,32,70,FIXTURE
51-9193,33,31,FIXTURE
51-9193,34,210,FIXTURE
51-9193,35,48,FIXTURE
51-9193,36,457,FIXTURE
51-9193,37,236,FIXTURE
51-9193,38,18,FIXTURE
51-9193,39,267,FIXTURE
51-9193,40,90,FIXTURE
51-9193,41,96,FIXTURE
51-9193,42,294,FIXTURE
51-9193,44,25,FIXTURE
51-9193,45,116,FIXTURE
51-9193,46,20,FIXTURE
51-9193,47,156,FIXTURE
51-9193,48,659,FIXTURE
51-9193,49,74,FIXTURE
51-9193,50,15,FIXTURE
51-9193,51,195,FIXTURE
51-9193,53,174,FIXTURE
51-9193,54,41,FIXTURE
51-9193,55,133,FIXTURE
51-9193,56,13,FIXTURE
51-9194,01,108,FIXTURE
51-9194,02,16,FIXTURE
51-9194,04,153,FIXTURE
51-9194,05,65,FIXTURE
51-9194,06,848,FIXTURE
51-9194,08,124,FIXTURE
51-9194,09,77,FIXTURE
51-9194,10,21,FIXTURE
51-9194,11,15,FIXTURE
51-9194,12,462,FIXTURE
51-9194,13,230,FIXTURE
51-9194,15,31,FIXTURE
51-9194,16,39,FIXTURE
51-9194,17,275,FIXTURE
51-9194,18,146,FIXTURE
51-9194,19,68,FIXTURE
51-9194,20,63,FIXTURE
51-9194,21,97,FIXTURE
51-9194,22,100,FIXTURE
51-9194,23,29,FIXTURE
51-9194,24,133,FIXTURE
51-9194,25,151,FIXTURE
51-9194,26,216,FIXTURE
51-9194,27,122,FIXTURE
51-9194,28,64,FIXTURE
51-9194,29,132,FIXTURE
51-9194,30,23,FIXTURE
51-9194,31,42,FIXTURE
51-9194,32,67,FIXTURE
51-9194,33,30,FIXTURE
51-9194,34,199,FIXTURE
51-9194,35,45,FIXTURE
51-9194,36,433,FIXTURE
51-9194,37,224,FIXTURE
51-9194,38,17,FIXTURE
51-9194,39,253,FIXTURE
51-9194,40,85,FIXTURE
51-9194,41,91,FIXTURE
51-9194,42,279,FIXTURE
51-9194,44,24,FIXTURE
51-9194,45,110,FIXTURE
51-9194,46,19,FIXTURE
51-9194,47,148,FIXTURE
51-9194,48,625,FIXTURE
51-9194,49,70,FIXTURE
51-9194,50,14,FIXTURE
51-9194,51,185,FIXTURE
51-9194,53,165,FIXTURE
51-9194,54,39,FIXTURE
51-9194,55,126,FIXTURE
51-9194,56,12,FIXTURE
51-9195,01,582,FIXTURE
51-9195,02,85,FIXTURE
51-9195,04,829,FIXTURE
51-9195,05,349,FIXTURE
51-9195,06,4583,FIXTURE
51-9195,08,669,FIXTURE
51-9195,09,418,FIXTURE
51-9195,10,115,FIXTURE
51-9195,11,80,FIXTURE
51-9195,12,2497,FIXTURE
51-9195,13,1242,FIXTURE
51-9195,15,169,FIXTURE
51-9195,16,213,FIXTURE
51-9195,17,1485,FIXTURE
51-9195,18,787,FIXTURE
51-9195,19,370,FIXTURE
51-9195,20,341,FIXTURE
51-9195,21,522,FIXTURE
51-9195,22,540,FIXTURE
51-9195,23,158,FIXTURE
51-9195,24,716,FIXTURE
51-9195,25,815,FIXTURE
51-9195,26,1168,FIXTURE
51-9195,27,661,FIXTURE
51-9195,28,343,FIXTURE
51-9195,29,713,FIXTURE
51-9195,30,126,FIXTURE
51-9195,31,227,FIXTURE
51-9195,32,360,FIXTURE
51-9195,33,160,FIXTURE
51-9195,34,1077,FIXTURE
51-9195,35,245,FIXTURE
51-9195,36,2342,FIXTURE
51-9195,37,1210,FIXTURE
51-9195,38,90,FIXTURE
51-9195,39,1368,FIXTURE
51-9195,40,459,FIXTURE
51-9195,41,491,FIXTURE
51-9195,42,1507,FIXTURE
51-9195,44,127,FIXTURE
51-9195,45,593,FIXTURE
51-9195,46,103,FIXTURE
51-9195,47,801,FIXTURE
51-9195,48,3378,FIXTURE
51-9195,49,379,FIXTURE
51-9195,50,75,FIXTURE
51-9195,51,1001,FIXTURE
51-9195,53,893,FIXTURE
51-9195,54,208,FIXTURE
51-9195,55,683,FIXTURE
51-9195,56,67,FIXTURE
51-9196,01,1326,FIXTURE
51-9196,02,194,FIXTURE
51-9196,04,1888,FIXTURE
51-9196,05,795,FIXTURE
51-9196,06,10435,FIXTURE
51-9196,08,1524,FIXTURE
51-9196,09,952,FIXTURE
51-9196,10,261,FIXTURE
51-9196,11,182,FIXTURE
51-9196,12,5685,FIXTURE
51-9196,13,2827,FIXTURE
51-9196,15,384,FIXTURE
51-9196,16,485,FIXTURE
51-9196,17,3382,FIXTURE
51-9196,18,1791,FIXTURE
51-9196,19,842,FIXTURE
51-9196,20,775,FIXTURE
51-9196,21,1189,FIXTURE
51-9196,22,1229,FIXTURE
51-9196,23,360,FIXTURE
51-9196,24,1630,FIXTURE
51-9196,25,1855,FIXTURE
51-9196,26,2660,FIXTURE
51-9196,27,1506,FIXTURE
51-9196,28,782,FIXTURE
51-9196,29,1624,FIXTURE
51-9196,30,286,FIXTURE
51-9196,31,518,FIXTURE
51-9196,32,819,FIXTURE
51-9196,33,364,FIXTURE
51-9196,34,2452,FIXTURE
51-9196,35,559,FIXTURE
51-9196,36,5332,FIXTURE
51-9196,37,2755,FIXTURE
51-9196,38,206,FIXTURE
51-9196,39,3114,FIXTURE
51-9196,40,1045,FIXTURE
51-9196,41,1118,FIXTURE
51-9196,42,3432,FIXTURE
51-9196,44,290,FIXTURE
51-9196,45,1351,FIXTURE
51-9196,46,234,FIXTURE
51-9196,47,1824,FIXTURE
51-9196,48,7692,FIXTURE
51-9196,49,863,FIXTURE
51-9196,50,170,FIXTURE
51-9196,51,2278,FIXTURE
51-9196,53,2034,FIXTURE
51-9196,54,473,FIXTURE
51-9196,55,1556,FIXTURE
51-9196,56,152,FIXTURE
51-9197,01,261,FIXTURE
51-9197,02,38,FIXTURE
51-9197,04,372,FIXTURE
51-9197,05,157,FIXTURE
51-9197,06,2057,FIXTURE
51-9197,08,300,FIXTURE
51-9197,09,188,FIXTURE
51-9197,10,52,FIXTURE
51-9197,11,36,FIXTURE
51-9197,12,1120,FIXTURE
51-9197,13,557,FIXTURE
51-9197,15,76,FIXTURE
51-9197,16,96,FIXTURE
51-9197,17,666,FIXTURE
51-9197,18,353,FIXTURE
51-9197,19,166,FIXTURE
51-9197,20,153,FIXTURE
51-9197,21,234,FIXTURE
51-9197,22,242,FIXTURE
51-9197,23,71,FIXTURE
51-9197,24,321,FIXTURE
51-9197,25,366,FIXTURE
51-9197,26,524,FIXTURE
51-9197,27,297,FIXTURE
51-9197,28,154,FIXTURE
51-9197,29,320,FIXTURE
51-9197,30,56,FIXTURE
51-9197,31,102,FIXTURE
51-9197,32,162,FIXTURE
51-9197,33,72,FIXTURE
51-9197,34,483,FIXTURE
51-9197,35,110,FIXTURE
51-9197,36,1051,FIXTURE
51-9197,37,543,FIXTURE
51-9197,38,41,FIXTURE
51-9197,39,614,FIXTURE
51-9197,40,206,FIXTURE
51-9197,41,220,FIXTURE
51-9197,42,676,FIXTURE
51-9197,44,57,FIXTURE
51-9197,45,266,FIXTURE
51-9197,46,46,FIXTURE
51-9197,47,359,FIXTURE
51-9197,48,1516,FIXTURE
51-9197,49,170,FIXTURE
51-9197,50,33,FIXTURE
51-9197,51,449,FIXTURE
51-9197,53,401,FIXTURE
51-9197,54,93,FIXTURE
51-9197,55,307,FIXTURE
51-9197,56,30,FIXTURE
51-9198,01,3075,FIXTURE
51-9198,02,449,FIXTURE
51-9198,04,4377,FIXTURE
51-9198,05,1843,FIXTURE
51-9198,06,24199,FIXTURE
51-9198,08,3534,FIXTURE
51-9198,09,2207,FIXTURE
51-9198,10,606,FIXTURE
51-9198,11,422,FIXTURE
51-9198,12,13182,FIXTURE
51-9198,13,6556,FIXTURE
51-9198,15,891,FIXTURE
51-9198,16,1126,FIXTURE
51-9198,17,7842,FIXTURE
51-9198,18,4153,FIXTURE
51-9198,19,1953,FIXTURE
51-9198,20,1798,FIXTURE
51-9198,21,2758,FIXTURE
51-9198,22,2851,FIXTURE
51-9198,23,834,FIXTURE
51-9198,24,3781,FIXTURE
51-9198,25,4302,FIXTURE
51-9198,26,6168,FIXTURE
51-9198,27,3493,FIXTURE
51-9198,28,1812,FIXTURE
51-9198,29,3767,FIXTURE
51-9198,30,663,FIXTURE
51-9198,31,1200,FIXTURE
51-9198,32,1900,FIXTURE
51-9198,33,843,FIXTURE
51-9198,34,5685,FIXTURE
51-9198,35,1296,FIXTURE
51-9198,36,12364,FIXTURE
51-9198,37,6389,FIXTURE
51-9198,38,477,FIXTURE
51-9198,39,7222,FIXTURE
51-9198,40,2423,FIXTURE
51-9198,41,2593,FIXTURE
51-9198,42,7958,FIXTURE
51-9198,44,672,FIXTURE
51-9198,45,3133,FIXTURE
51-9198,46,543,FIXTURE
51-9198,47,4230,FIXTURE
51-9198,48,17838,FIXTURE
51-9198,49,2002,FIXTURE
51-9198,50,393,FIXTURE
51-9198,51,5283,FIXTURE
51-9198,53,4716,FIXTURE
51-9198,54,1098,FIXTURE
51-9198,55,3607,FIXTURE
51-9198,56,353,FIXTURE
51-9199,01,3100,FIXTURE
51-9199,02,452,FIXTURE
51-9199,04,4412,FIXTURE
51-9199,05,1858,FIXTURE
51-9199,06,24395,FIXTURE
51-9199,08,3562,FIXTURE
51-9199,09,2225,FIXTURE
51-9199,10,611,FIXTURE
51-9199,11,425,FIXTURE
51-9199,12,13289,FIXTURE
51-9199,13,6609,FIXTURE
51-9199,15,898,FIXTURE
51-9199,16,1135,FIXTURE
51-9199,17,7905,FIXTURE
51-9199,18,4187,FIXTURE
51-9199,19,1968,FIXTURE
51-9199,20,1813,FIXTURE
51-9199,21,2780,FIXTURE
51-9199,22,2874,FIXTURE
51-9199,23,841,FIXTURE
51-9199,24,3811,FIXTURE
51-9199,25,4337,FIXTURE
51-9199,26,6218,FIXTURE
51-9199,27,3521,FIXTURE
51-9199,28,1827,FIXTURE
51-9199,29,3798,FIXTURE
51-9199,30,669,FIXTURE
51-9199,31,1210,FIXTURE
51-9199,32,1916,FIXTURE
51-9199,33,850,FIXTURE
51-9199,34,5731,FIXTURE
51-9199,35,1306,FIXTURE
51-9199,36,12464,FIXTURE
51-9199,37,6441,FIXTURE
51-9199,38,481,FIXTURE
51-9199,39,7280,FIXTURE
51-9199,40,2443,FIXTURE
51-9199,41,2614,FIXTURE
51-9199,42,8022,FIXTURE
51-9199,44,677,FIXTURE
51-9199,45,3158,FIXTURE
51-9199,46,547,FIXTURE
51-9199,47,4264,FIXTURE
51-9199,48,17982,FIXTURE
51-9199,49,2019,FIXTURE
51-9199,50,397,FIXTURE
51-9199,51,5325,FIXTURE
51-9199,53,4754,FIXTURE
51-9199,54,1107,FIXTURE
51-9199,55,3636,FIXTURE
51-9199,56,356,FIXTURE
53-1041,01,130,FIXTURE
53-1041,02,19,FIXTURE
53-1041,04,185,FIXTURE
53-1041,05,78,FIXTURE
53-1041,06,1025,FIXTURE
53-1041,08,150,FIXTURE
53-1041,09,93,FIXTURE
53-1041,10,26,FIXTURE
53-1041,11,18,FIXTURE
53-1041,12,558,FIXTURE
53-1041,13,278,FIXTURE
53-1041,15,38,FIXTURE
53-1041,16,48,FIXTURE
53-1041,17,332,FIXTURE
53-1041,18,176,FIXTURE
53-1041,19,83,FIXTURE
53-1041,20,76,FIXTURE
53-1041,21,117,FIXTURE
53-1041,22,121,FIXTURE
53-1041,23,35,FIXTURE
53-1041,24,160,FIXTURE
53-1041,25,182,FIXTURE
53-1041,26,261,FIXTURE
53-1041,27,148,FIXTURE
53-1041,28,77,FIXTURE
53-1041,29,159,FIXTURE
53-1041,30,28,FIXTURE
53-1041,31,51,FIXTURE
53-1041,32,80,FIXTURE
53-1041,33,36,FIXTURE
53-1041,34,241,FIXTURE
53-1041,35,55,FIXTURE
53-1041,36,523,FIXTURE
53-1041,37,270,FIXTURE
53-1041,38,20,FIXTURE
53-1041,39,306,FIXTURE
53-1041,40,102,FIXTURE
53-1041,41,110,FIXTURE
53-1041,42,337,FIXTURE
53-1041,44,28,FIXTURE
53-1041,45,133,FIXTURE
53-1041,46,23,FIXTURE
53-1041,47,179,FIXTURE
53-1041,48,755,FIXTURE
53-1041,49,85,FIXTURE
53-1041,50,17,FIXTURE
53-1041,51,224,FIXTURE
53-1041,53,200,FIXTURE
53-1041,54,46,FIXTURE
53-1041,55,153,FIXTURE
53-1041,56,15,FIXTURE
53-1047,01,8326,FIXTURE
53-1047,02,1215,FIXTURE
53-1047,04,11851,FIXTURE
53-1047,05,4990,FIXTURE
53-1047,06,65521,FIXTURE
53-1047,08,9568,FIXTURE
53-1047,09,5976,FIXTURE
53-1047,10,1640,FIXTURE
53-1047,11,1143,FIXTURE
53-1047,12,35692,FIXTURE
53-1047,13,17751,FIXTURE
53-1047,15,2412,FIXTURE
53-1047,16,3048,FIXTURE
53-1047,17,21232,FIXTURE
53-1047,18,11245,FIXTURE
53-1047,19,5287,FIXTURE
53-1047,20,4868,FIXTURE
53-1047,21,7467,FIXTURE
53-1047,22,7719,FIXTURE
53-1047,23,2258,FIXTURE
53-1047,24,10237,FIXTURE
53-1047,25,11650,FIXTURE
53-1047,26,16700,FIXTURE
53-1047,27,9456,FIXTURE
53-1047,28,4907,FIXTURE
53-1047,29,10200,FIXTURE
53-1047,30,1797,FIXTURE
53-1047,31,3250,FIXTURE
53-1047,32,5145,FIXTURE
53-1047,33,2283,FIXTURE
53-1047,34,15393,FIXTURE
53-1047,35,3509,FIXTURE
53-1047,36,33476,FIXTURE
53-1047,37,17300,FIXTURE
53-1047,38,1291,FIXTURE
53-1047,39,19553,FIXTURE
53-1047,40,6561,FIXTURE
53-1047,41,7022,FIXTURE
53-1047,42,21547,FIXTURE
53-1047,44,1818,FIXTURE
53-1047,45,8482,FIXTURE
53-1047,46,1469,FIXTURE
53-1047,47,11452,FIXTURE
53-1047,48,48298,FIXTURE
53-1047,49,5422,FIXTURE
53-1047,50,1066,FIXTURE
53-1047,51,14303,FIXTURE
53-1047,53,12769,FIXTURE
53-1047,54,2972,FIXTURE
53-1047,55,9767,FIXTURE
53-1047,56,956,FIXTURE
53-2011,01,1233,FIXTURE
53-2011,02,180,FIXTURE
53-2011,04,1754,FIXTURE
53-2011,05,739,FIXTURE
53-2011,06,9699,FIXTURE
53-2011,08,1416,FIXTURE
53-2011,09,885,FIXTURE
53-2011,10,243,FIXTURE
53-2011,11,169,FIXTURE
53-2011,12,5284,FIXTURE
53-2011,13,2628,FIXTURE
53-2011,15,357,FIXTURE
53-2011,16,451,FIXTURE
53-2011,17,3143,FIXTURE
53-2011,18,1665,FIXTURE
53-2011,19,783,FIXTURE
53-2011,20,721,FIXTURE
53-2011,21,1105,FIXTURE
53-2011,22,1143,FIXTURE
53-2011,23,334,FIXTURE
53-2011,24,1515,FIXTURE
53-2011,25,1725,FIXTURE
53-2011,26,2472,FIXTURE
53-2011,27,1400,FIXTURE
53-2011,28,726,FIXTURE
53-2011,29,1510,FIXTURE
53-2011,30,266,FIXTURE
53-2011,31,481,FIXTURE
53-2011,32,762,FIXTURE
53-2011,33,338,FIXTURE
53-2011,34,2279,FIXTURE
53-2011,35,519,FIXTURE
53-2011,36,4956,FIXTURE
53-2011,37,2561,FIXTURE
53-2011,38,191,FIXTURE
53-2011,39,2895,FIXTURE
53-2011,40,971,FIXTURE
53-2011,41,1039,FIXTURE
53-2011,42,3190,FIXTURE
53-2011,44,269,FIXTURE
53-2011,45,1256,FIXTURE
53-2011,46,217,FIXTURE
53-2011,47,1695,FIXTURE
53-2011,48,7150,FIXTURE
53-2011,49,803,FIXTURE
53-2011,50,158,FIXTURE
53-2011,51,2117,FIXTURE
53-2011,53,1890,FIXTURE
53-2011,54,440,FIXTURE
53-2011,55,1446,FIXTURE
53-2011,56,141,FIXTURE
53-2012,01,648,FIXTURE
53-2012,02,95,FIXTURE
53-2012,04,923,FIXTURE
53-2012,05,389,FIXTURE
53-2012,06,5102,FIXTURE
53-2012,08,745,FIXTURE
53-2012,09,465,FIXTURE
53-2012,10,128,FIXTURE
53-2012,11,89,FIXTURE
53-2012,12,2779,FIXTURE
53-2012,13,1382,FIXTURE
53-2012,15,188,FIXTURE
53-2012,16,237,FIXTURE
53-2012,17,1653,FIXTURE
53-2012,18,876,FIXTURE
53-2012,19,412,FIXTURE
53-2012,20,379,FIXTURE
53-2012,21,581,FIXTURE
53-2012,22,601,FIXTURE
53-2012,23,176,FIXTURE
53-2012,24,797,FIXTURE
53-2012,25,907,FIXTURE
53-2012,26,1300,FIXTURE
53-2012,27,736,FIXTURE
53-2012,28,382,FIXTURE
53-2012,29,794,FIXTURE
53-2012,30,140,FIXTURE
53-2012,31,253,FIXTURE
53-2012,32,401,FIXTURE
53-2012,33,178,FIXTURE
53-2012,34,1199,FIXTURE
53-2012,35,273,FIXTURE
53-2012,36,2607,FIXTURE
53-2012,37,1347,FIXTURE
53-2012,38,101,FIXTURE
53-2012,39,1523,FIXTURE
53-2012,40,511,FIXTURE
53-2012,41,547,FIXTURE
53-2012,42,1678,FIXTURE
53-2012,44,142,FIXTURE
53-2012,45,660,FIXTURE
53-2012,46,114,FIXTURE
53-2012,47,892,FIXTURE
53-2012,48,3761,FIXTURE
53-2012,49,422,FIXTURE
53-2012,50,83,FIXTURE
53-2012,51,1114,FIXTURE
53-2012,53,994,FIXTURE
53-2012,54,231,FIXTURE
53-2012,55,761,FIXTURE
53-2012,56,74,FIXTURE
53-2021,01,322,FIXTURE
53-2021,02,47,FIXTURE
53-2021,04,458,FIXTURE
53-2021,05,193,FIXTURE
53-2021,06,2532,FIXTURE
53-2021,08,370,FIXTURE
53-2021,09,231,FIXTURE
53-2021,10,63,FIXTURE
53-2021,11,44,FIXTURE
53-2021,12,1380,FIXTURE
53-2021,13,686,FIXTURE
53-2021,15,93,FIXTURE
53-2021,16,118,FIXTURE
53-2021,17,821,FIXTURE
53-2021,18,435,FIXTURE
53-2021,19,204,FIXTURE
53-2021,20,188,FIXTURE
53-2021,21,289,FIXTURE
53-2021,22,298,FIXTURE
53-2021,23,87,FIXTURE
53-2021,24,396,FIXTURE
53-2021,25,450,FIXTURE
53-2021,26,645,FIXTURE
53-2021,27,365,FIXTURE
53-2021,28,190,FIXTURE
53-2021,29,394,FIXTURE
53-2021,30,69,FIXTURE
53-2021,31,126,FIXTURE
53-2021,32,199,FIXTURE
53-2021,33,88,FIXTURE
53-2021,34,595,FIXTURE
53-2021,35,136,FIXTURE
53-2021,36,1294,FIXTURE
53-2021,37,669,FIXTURE
53-2021,38,50,FIXTURE
53-2021,39,756,FIXTURE
53-2021,40,254,FIXTURE
53-2021,41,271,FIXTURE
53-2021,42,833,FIXTURE
53-2021,44,70,FIXTURE
53-2021,45,328,FIXTURE
53-2021,46,57,FIXTURE
53-2021,47,443,FIXTURE
53-2021,48,1867,FIXTURE
53-2021,49,210,FIXTURE
53-2021,50,41,FIXTURE
53-2021,51,553,FIXTURE
53-2021,53,493,FIXTURE
53-2021,54,115,FIXTURE
53-2021,55,377,FIXTURE
53-2021,56,37,FIXTURE
53-2022,01,191,FIXTURE
53-2022,02,28,FIXTURE
53-2022,04,272,FIXTURE
53-2022,05,115,FIXTURE
53-2022,06,1504,FIXTURE
53-2022,08,220,FIXTURE
53-2022,09,137,FIXTURE
53-2022,10,38,FIXTURE
53-2022,11,26,FIXTURE
53-2022,12,819,FIXTURE
53-2022,13,408,FIXTURE
53-2022,15,55,FIXTURE
53-2022,16,70,FIXTURE
53-2022,17,487,FIXTURE
53-2022,18,258,FIXTURE
53-2022,19,121,FIXTURE
53-2022,20,112,FIXTURE
53-2022,21,171,FIXTURE
53-2022,22,177,FIXTURE
53-2022,23,52,FIXTURE
53-2022,24,235,FIXTURE
53-2022,25,267,FIXTURE
53-2022,26,383,FIXTURE
53-2022,27,217,FIXTURE
53-2022,28,113,FIXTURE
53-2022,29,234,FIXTURE
53-2022,30,41,FIXTURE
53-2022,31,75,FIXTURE
53-2022,32,118,FIXTURE
53-2022,33,52,FIXTURE
53-2022,34,353,FIXTURE
53-2022,35,81,FIXTURE
53-2022,36,769,FIXTURE
53-2022,37,397,FIXTURE
53-2022,38,30,FIXTURE
53-2022,39,449,FIXTURE
53-2022,40,151,FIXTURE
53-2022,41,161,FIXTURE
53-2022,42,495,FIXTURE
53-2022,44,42,FIXTURE
53-2022,45,195,FIXTURE
53-2022,46,34,FIXTURE
53-2022,47,263,FIXTURE
53-2022,48,1109,FIXTURE
53-2022,49,125,FIXTURE
53-2022,50,25,FIXTURE
53-2022,51,328,FIXTURE
53-2022,53,293,FIXTURE
53-2022,54,68,FIXTURE
53-2022,55,224,FIXTURE
53-2022,56,22,FIXTURE
53-2031,01,1469,FIXTURE
53-2031,02,214,FIXTURE
53-2031,04,2091,FIXTURE
53-2031,05,880,FIXTURE
53-2031,06,11559,FIXTURE
53-2031,08,1688,FIXTURE
53-2031,09,1054,FIXTURE
53-2031,10,289,FIXTURE
53-2031,11,202,FIXTURE
53-2031,12,6297,FIXTURE
53-2031,13,3132,FIXTURE
53-2031,15,425,FIXTURE
53-2031,16,538,FIXTURE
53-2031,17,3746,FIXTURE
53-2031,18,1984,FIXTURE
53-2031,19,933,FIXTURE
53-2031,20,859,FIXTURE
53-2031,21,1317,FIXTURE
53-2031,22,1362,FIXTURE
53-2031,23,398,FIXTURE
53-2031,24,1806,FIXTURE
53-2031,25,2055,FIXTURE
53-2031,26,2946,FIXTURE
53-2031,27,1668,FIXTURE
53-2031,28,866,FIXTURE
53-2031,29,1799,FIXTURE
53-2031,30,317,FIXTURE
53-2031,31,573,FIXTURE
53-2031,32,908,FIXTURE
53-2031,33,403,FIXTURE
53-2031,34,2716,FIXTURE
53-2031,35,619,FIXTURE
53-2031,36,5906,FIXTURE
53-2031,37,3052,FIXTURE
53-2031,38,228,FIXTURE
53-2031,39,3450,FIXTURE
53-2031,40,1158,FIXTURE
53-2031,41,1239,FIXTURE
53-2031,42,3801,FIXTURE
53-2031,44,321,FIXTURE
53-2031,45,1496,FIXTURE
53-2031,46,259,FIXTURE
53-2031,47,2020,FIXTURE
53-2031,48,8521,FIXTURE
53-2031,49,956,FIXTURE
53-2031,50,188,FIXTURE
53-2031,51,2523,FIXTURE
53-2031,53,2253,FIXTURE
53-2031,54,524,FIXTURE
53-2031,55,1723,FIXTURE
53-2031,56,169,FIXTURE
53-3011,01,177,FIXTURE
53-3011,02,26,FIXTURE
53-3011,04,253,FIXTURE
53-3011,05,106,FIXTURE
53-3011,06,1397,FIXTURE
53-3011,08,204,FIXTURE
53-3011,09,127,FIXTURE
53-3011,10,35,FIXTURE
53-3011,11,24,FIXTURE
53-3011,12,761,FIXTURE
53-3011,13,378,FIXTURE
53-3011,15,51,FIXTURE
53-3011,16,65,FIXTURE
53-3011,17,453,FIXTURE
53-3011,18,240,FIXTURE
53-3011,19,113,FIXTURE
53-3011,20,104,FIXTURE
53-3011,21,159,FIXTURE
53-3011,22,165,FIXTURE
53-3011,23,48,FIXTURE
53-3011,24,218,FIXTURE
53-3011,25,248,FIXTURE
53-3011,26,356,FIXTURE
53-3011,27,202,FIXTURE
53-3011,28,105,FIXTURE
53-3011,29,217,FIXTURE
53-3011,30,38,FIXTURE
53-3011,31,69,FIXTURE
53-3011,32,110,FIXTURE
53-3011,33,49,FIXTURE
53-3011,34,328,FIXTURE
53-3011,35,75,FIXTURE
53-3011,36,714,FIXTURE
53-3011,37,369,FIXTURE
53-3011,38,28,FIXTURE
53-3011,39,417,FIXTURE
53-3011,40,140,FIXTURE
53-3011,41,150,FIXTURE
53-3011,42,459,FIXTURE
53-3011,44,39,FIXTURE
53-3011,45,181,FIXTURE
53-3011,46,31,FIXTURE
53-3011,47,244,FIXTURE
53-3011,48,1030,FIXTURE
53-3011,49,116,FIXTURE
53-3011,50,23,FIXTURE
53-3011,51,305,FIXTURE
53-3011,53,272,FIXTURE
53-3011,54,63,FIXTURE
53-3011,55,208,FIXTURE
53-3011,56,20,FIXTURE
53-3031,01,7231,FIXTURE
53-3031,02,1056,FIXTURE
53-3031,04,10292,FIXTURE
53-3031,05,4334,FIXTURE
53-3031,06,56903,FIXTURE
53-3031,08,8310,FIXTURE
53-3031,09,5190,FIXTURE
53-3031,10,1425,FIXTURE
53-3031,11,992,FIXTURE
53-3031,12,30998,FIXTURE
53-3031,13,15417,FIXTURE
53-3031,15,2094,FIXTURE
53-3031,16,2647,FIXTURE
53-3031,17,18440,FIXTURE
53-3031,18,9766,FIXTURE
53-3031,19,4592,FIXTURE
53-3031,20,4228,FIXTURE
53-3031,21,6485,FIXTURE
53-3031,22,6703,FIXTURE
53-3031,23,1961,FIXTURE
53-3031,24,8890,FIXTURE
53-3031,25,10117,FIXTURE
53-3031,26,14503,FIXTURE
53-3031,27,8213,FIXTURE
53-3031,28,4262,FIXTURE
53-3031,29,8858,FIXTURE
53-3031,30,1560,FIXTURE
53-3031,31,2823,FIXTURE
53-3031,32,4468,FIXTURE
53-3031,33,1983,FIXTURE
53-3031,34,13369,FIXTURE
53-3031,35,3048,FIXTURE
53-3031,36,29074,FIXTURE
53-3031,37,15024,FIXTURE
53-3031,38,1121,FIXTURE
53-3031,39,16982,FIXTURE
53-3031,40,5698,FIXTURE
53-3031,41,6098,FIXTURE
53-3031,42,18713,FIXTURE
53-3031,44,1579,FIXTURE
53-3031,45,7366,FIXTURE
53-3031,46,1276,FIXTURE
53-3031,47,9946,FIXTURE
53-3031,48,41946,FIXTURE
53-3031,49,4708,FIXTURE
53-3031,50,926,FIXTURE
53-3031,51,12422,FIXTURE
53-3031,53,11089,FIXTURE
53-3031,54,2582,FIXTURE
53-3031,55,8482,FIXTURE
53-3031,56,830,FIXTURE
53-3032,01,28853,FIXTURE
53-3032,02,4212,FIXTURE
53-3032,04,41069,FIXTURE
53-3032,05,17294,FIXTURE
53-3032,06,227057,FIXTURE
53-3032,08,33157,FIXTURE
53-3032,09,20708,FIXTURE
53-3032,10,5685,FIXTURE
53-3032,11,3960,FIXTURE
53-3032,12,123688,FIXTURE
53-3032,13,61516,FIXTURE
53-3032,15,8357,FIXTURE
53-3032,16,10561,FIXTURE
53-3032,17,73579,FIXTURE
53-3032,18,38967,FIXTURE
53-3032,19,18321,FIXTURE
53-3032,20,16871,FIXTURE
53-3032,21,25876,FIXTURE
53-3032,22,26748,FIXTURE
53-3032,23,7824,FIXTURE
53-3032,24,35474,FIXTURE
53-3032,25,40371,FIXTURE
53-3032,26,57871,FIXTURE
53-3032,27,32771,FIXTURE
53-3032,28,17006,FIXTURE
53-3032,29,35346,FIXTURE
53-3032,30,6226,FIXTURE
53-3032,31,11264,FIXTURE
53-3032,32,17829,FIXTURE
53-3032,33,7911,FIXTURE
53-3032,34,53344,FIXTURE
53-3032,35,12160,FIXTURE
53-3032,36,116010,FIXTURE
53-3032,37,59951,FIXTURE
53-3032,38,4474,FIXTURE
53-3032,39,67761,FIXTURE
53-3032,40,22737,FIXTURE
53-3032,41,24333,FIXTURE
53-3032,42,74671,FIXTURE
53-3032,44,6302,FIXTURE
53-3032,45,29394,FIXTURE
53-3032,46,5092,FIXTURE
53-3032,47,39687,FIXTURE
53-3032,48,167374,FIXTURE
53-3032,49,18788,FIXTURE
53-3032,50,3693,FIXTURE
53-3032,51,49568,FIXTURE
53-3032,53,44249,FIXTURE
53-3032,54,10301,FIXTURE
53-3032,55,33846,FIXTURE
53-3032,56,3313,FIXTURE
53-3033,01,15311,FIXTURE
53-3033,02,2235,FIXTURE
53-3033,04,21793,FIXTURE
53-3033,05,9177,FIXTURE
53-3033,06,120486,FIXTURE
53-3033,08,17594,FIXTURE
53-3033,09,10988,FIXTURE
53-3033,10,3017,FIXTURE
53-3033,11,2101,FIXTURE
53-3033,12,65634,FIXTURE
53-3033,13,32643,FIXTURE
53-3033,15,4435,FIXTURE
53-3033,16,5604,FIXTURE
53-3033,17,39044,FIXTURE
53-3033,18,20678,FIXTURE
53-3033,19,9722,FIXTURE
53-3033,20,8953,FIXTURE
53-3033,21,13731,FIXTURE
53-3033,22,14194,FIXTURE
53-3033,23,4152,FIXTURE
53-3033,24,18824,FIXTURE
53-3033,25,21423,FIXTURE
53-3033,26,30709,FIXTURE
53-3033,27,17390,FIXTURE
53-3033,28,9024,FIXTURE
53-3033,29,18756,FIXTURE
53-3033,30,3304,FIXTURE
53-3033,31,5977,FIXTURE
53-3033,32,9461,FIXTURE
53-3033,33,4198,FIXTURE
53-3033,34,28307,FIXTURE
53-3033,35,6453,FIXTURE
53-3033,36,61560,FIXTURE
53-3033,37,31812,FIXTURE
53-3033,38,2374,FIXTURE
53-3033,39,35957,FIXTURE
53-3033,40,12065,FIXTURE
53-3033,41,12912,FIXTURE
53-3033,42,39624,FIXTURE
53-3033,44,3344,FIXTURE
53-3033,45,15598,FIXTURE
53-3033,46,2702,FIXTURE
53-3033,47,21060,FIXTURE
53-3033,48,88816,FIXTURE
53-3033,49,9970,FIXTURE
53-3033,50,1960,FIXTURE
53-3033,51,26303,FIXTURE
53-3033,53,23481,FIXTURE
53-3033,54,5466,FIXTURE
53-3033,55,17960,FIXTURE
53-3033,56,1758,FIXTURE
53-3051,01,5479,FIXTURE
53-3051,02,800,FIXTURE
53-3051,04,7798,FIXTURE
53-3051,05,3284,FIXTURE
53-3051,06,43113,FIXTURE
53-3051,08,6296,FIXTURE
53-3051,09,3932,FIXTURE
53-3051,10,1079,FIXTURE
53-3051,11,752,FIXTURE
53-3051,12,23486,FIXTURE
53-3051,13,11681,FIXTURE
53-3051,15,1587,FIXTURE
53-3051,16,2005,FIXTURE
53-3051,17,13971,FIXTURE
53-3051,18,7399,FIXTURE
53-3051,19,3479,FIXTURE
53-3051,20,3204,FIXTURE
53-3051,21,4913,FIXTURE
53-3051,22,5079,FIXTURE
53-3051,23,1486,FIXTURE
53-3051,24,6736,FIXTURE
53-3051,25,7666,FIXTURE
53-3051,26,10989,FIXTURE
53-3051,27,6222,FIXTURE
53-3051,28,3229,FIXTURE
53-3051,29,6711,FIXTURE
53-3051,30,1182,FIXTURE
53-3051,31,2139,FIXTURE
53-3051,32,3385,FIXTURE
53-3051,33,1502,FIXTURE
53-3051,34,10129,FIXTURE
53-3051,35,2309,FIXTURE
53-3051,36,22028,FIXTURE
53-3051,37,11383,FIXTURE
53-3051,38,850,FIXTURE
53-3051,39,12866,FIXTURE
53-3051,40,4317,FIXTURE
53-3051,41,4620,FIXTURE
53-3051,42,14178,FIXTURE
53-3051,44,1197,FIXTURE
53-3051,45,5581,FIXTURE
53-3051,46,967,FIXTURE
53-3051,47,7536,FIXTURE
53-3051,48,31781,FIXTURE
53-3051,49,3567,FIXTURE
53-3051,50,701,FIXTURE
53-3051,51,9412,FIXTURE
53-3051,53,8402,FIXTURE
53-3051,54,1956,FIXTURE
53-3051,55,6427,FIXTURE
53-3051,56,629,FIXTURE
53-3052,01,2209,FIXTURE
53-3052,02,322,FIXTURE
53-3052,04,3144,FIXTURE
53-3052,05,1324,FIXTURE
53-3052,06,17383,FIXTURE
53-3052,08,2538,FIXTURE
53-3052,09,1585,FIXTURE
53-3052,10,435,FIXTURE
53-3052,11,303,FIXTURE
53-3052,12,9469,FIXTURE
53-3052,13,4709,FIXTURE
53-3052,15,640,FIXTURE
53-3052,16,808,FIXTURE
53-3052,17,5633,FIXTURE
53-3052,18,2983,FIXTURE
53-3052,19,1403,FIXTURE
53-3052,20,1292,FIXTURE
53-3052,21,1981,FIXTURE
53-3052,22,2048,FIXTURE
53-3052,23,599,FIXTURE
53-3052,24,2716,FIXTURE
53-3052,25,3091,FIXTURE
53-3052,26,4430,FIXTURE
53-3052,27,2509,FIXTURE
53-3052,28,1302,FIXTURE
53-3052,29,2706,FIXTURE
53-3052,30,477,FIXTURE
53-3052,31,862,FIXTURE
53-3052,32,1365,FIXTURE
53-3052,33,606,FIXTURE
53-3052,34,4084,FIXTURE
53-3052,35,931,FIXTURE
53-3052,36,8881,FIXTURE
53-3052,37,4590,FIXTURE
53-3052,38,342,FIXTURE
53-3052,39,5187,FIXTURE
53-3052,40,1741,FIXTURE
53-3052,41,1863,FIXTURE
53-3052,42,5717,FIXTURE
53-3052,44,482,FIXTURE
53-3052,45,2250,FIXTURE
53-3052,46,390,FIXTURE
53-3052,47,3038,FIXTURE
53-3052,48,12814,FIXTURE
53-3052,49,1438,FIXTURE
53-3052,50,283,FIXTURE
53-3052,51,3795,FIXTURE
53-3052,53,3388,FIXTURE
53-3052,54,789,FIXTURE
53-3052,55,2591,FIXTURE
53-3052,56,254,FIXTURE
53-3053,01,2663,FIXTURE
53-3053,02,389,FIXTURE
53-3053,04,3790,FIXTURE
53-3053,05,1596,FIXTURE
53-3053,06,20954,FIXTURE
53-3053,08,3060,FIXTURE
53-3053,09,1911,FIXTURE
53-3053,10,525,FIXTURE
53-3053,11,365,FIXTURE
53-3053,12,11415,FIXTURE
53-3053,13,5677,FIXTURE
53-3053,15,771,FIXTURE
53-3053,16,975,FIXTURE
53-3053,17,6790,FIXTURE
53-3053,18,3596,FIXTURE
53-3053,19,1691,FIXTURE
53-3053,20,1557,FIXTURE
53-3053,21,2388,FIXTURE
53-3053,22,2468,FIXTURE
53-3053,23,722,FIXTURE
53-3053,24,3274,FIXTURE
53-3053,25,3726,FIXTURE
53-3053,26,5341,FIXTURE
53-3053,27,3024,FIXTURE
53-3053,28,1569,FIXTURE
53-3053,29,3262,FIXTURE
53-3053,30,575,FIXTURE
53-3053,31,1039,FIXTURE
53-3053,32,1645,FIXTURE
53-3053,33,730,FIXTURE
53-3053,34,4923,FIXTURE
53-3053,35,1122,FIXTURE
53-3053,36,10706,FIXTURE
53-3053,37,5533,FIXTURE
53-3053,38,413,FIXTURE
53-3053,39,6253,FIXTURE
53-3053,40,2098,FIXTURE
53-3053,41,2246,FIXTURE
53-3053,42,6891,FIXTURE
53-3053,44,582,FIXTURE
53-3053,45,2713,FIXTURE
53-3053,46,470,FIXTURE
53-3053,47,3663,FIXTURE
53-3053,48,15446,FIXTURE
53-3053,49,1734,FIXTURE
53-3053,50,341,FIXTURE
53-3053,51,4574,FIXTURE
53-3053,53,4084,FIXTURE
53-3053,54,951,FIXTURE
53-3053,55,3123,FIXTURE
53-3053,56,306,FIXTURE
53-3054,01,211,FIXTURE
53-3054,02,31,FIXTURE
53-3054,04,301,FIXTURE
53-3054,05,127,FIXTURE
53-3054,06,1664,FIXTURE
53-3054,08,243,FIXTURE
53-3054,09,152,FIXTURE
53-3054,10,42,FIXTURE
53-3054,11,29,FIXTURE
53-3054,12,907,FIXTURE
53-3054,13,451,FIXTURE
53-3054,15,61,FIXTURE
53-3054,16,77,FIXTURE
53-3054,17,539,FIXTURE
53-3054,18,286,FIXTURE
53-3054,19,134,FIXTURE
53-3054,20,124,FIXTURE
53-3054,21,190,FIXTURE
53-3054,22,196,FIXTURE
53-3054,23,57,FIXTURE
53-3054,24,260,FIXTURE
53-3054,25,296,FIXTURE
53-3054,26,424,FIXTURE
53-3054,27,240,FIXTURE
53-3054,28,125,FIXTURE
53-3054,29,259,FIXTURE
53-3054,30,46,FIXTURE
53-3054,31,83,FIXTURE
53-3054,32,131,FIXTURE
53-3054,33,58,FIXTURE
53-3054,34,391,FIXTURE
53-3054,35,89,FIXTURE
53-3054,36,850,FIXTURE
53-3054,37,439,FIXTURE
53-3054,38,33,FIXTURE
53-3054,39,497,FIXTURE
53-3054,40,167,FIXTURE
53-3054,41,178,FIXTURE
53-3054,42,547,FIXTURE
53-3054,44,46,FIXTURE
53-3054,45,215,FIXTURE
53-3054,46,37,FIXTURE
53-3054,47,291,FIXTURE
53-3054,48,1227,FIXTURE
53-3054,49,138,FIXTURE
53-3054,50,27,FIXTURE
53-3054,51,363,FIXTURE
53-3054,53,324,FIXTURE
53-3054,54,75,FIXTURE
53-3054,55,248,FIXTURE
53-3054,56,24,FIXTURE
53-3099,01,738,FIXTURE
53-3099,02,108,FIXTURE
53-3099,04,1051,FIXTURE
53-3099,05,442,FIXTURE
53-3099,06,5808,FIXTURE
53-3099,08,848,FIXTURE
53-3099,09,530,FIXTURE
53-3099,10,145,FIXTURE
53-3099,11,101,FIXTURE
53-3099,12,3164,FIXTURE
53-3099,13,1574,FIXTURE
53-3099,15,214,FIXTURE
53-3099,16,270,FIXTURE
53-3099,17,1882,FIXTURE
53-3099,18,997,FIXTURE
53-3099,19,469,FIXTURE
53-3099,20,432,FIXTURE
53-3099,21,662,FIXTURE
53-3099,22,684,FIXTURE
53-3099,23,200,FIXTURE
53-3099,24,907,FIXTURE
53-3099,25,1033,FIXTURE
53-3099,26,1480,FIXTURE
53-3099,27,838,FIXTURE
53-3099,28,435,FIXTURE
53-3099,29,904,FIXTURE
53-3099,30,159,FIXTURE
53-3099,31,288,FIXTURE
53-3099,32,456,FIXTURE
53-3099,33,202,FIXTURE
53-3099,34,1365,FIXTURE
53-3099,35,311,FIXTURE
53-3099,36,2968,FIXTURE
53-3099,37,1534,FIXTURE
53-3099,38,114,FIXTURE
53-3099,39,1733,FIXTURE
53-3099,40,582,FIXTURE
53-3099,41,622,FIXTURE
53-3099,42,1910,FIXTURE
53-3099,44,161,FIXTURE
53-3099,45,752,FIXTURE
53-3099,46,130,FIXTURE
53-3099,47,1015,FIXTURE
53-3099,48,4282,FIXTURE
53-3099,49,481,FIXTURE
53-3099,50,94,FIXTURE
53-3099,51,1268,FIXTURE
53-3099,53,1132,FIXTURE
53-3099,54,264,FIXTURE
53-3099,55,866,FIXTURE
53-3099,56,85,FIXTURE
53-4011,01,591,FIXTURE
53-4011,02,86,FIXTURE
53-4011,04,841,FIXTURE
53-4011,05,354,FIXTURE
53-4011,06,4650,FIXTURE
53-4011,08,679,FIXTURE
53-4011,09,424,FIXTURE
53-4011,10,116,FIXTURE
53-4011,11,81,FIXTURE
53-4011,12,2533,FIXTURE
53-4011,13,1260,FIXTURE
53-4011,15,171,FIXTURE
53-4011,16,216,FIXTURE
53-4011,17,1507,FIXTURE
53-4011,18,798,FIXTURE
53-4011,19,375,FIXTURE
53-4011,20,345,FIXTURE
53-4011,21,530,FIXTURE
53-4011,22,548,FIXTURE
53-4011,23,160,FIXTURE
53-4011,24,726,FIXTURE
53-4011,25,827,FIXTURE
53-4011,26,1185,FIXTURE
53-4011,27,671,FIXTURE
53-4011,28,348,FIXTURE
53-4011,29,724,FIXTURE
53-4011,30,128,FIXTURE
53-4011,31,231,FIXTURE
53-4011,32,365,FIXTURE
53-4011,33,162,FIXTURE
53-4011,34,1092,FIXTURE
53-4011,35,249,FIXTURE
53-4011,36,2376,FIXTURE
53-4011,37,1228,FIXTURE
53-4011,38,92,FIXTURE
53-4011,39,1388,FIXTURE
53-4011,40,466,FIXTURE
53-4011,41,498,FIXTURE
53-4011,42,1529,FIXTURE
53-4011,44,129,FIXTURE
53-4011,45,602,FIXTURE
53-4011,46,104,FIXTURE
53-4011,47,813,FIXTURE
53-4011,48,3428,FIXTURE
53-4011,49,385,FIXTURE
53-4011,50,76,FIXTURE
53-4011,51,1015,FIXTURE
53-4011,53,906,FIXTURE
53-4011,54,211,FIXTURE
53-4011,55,693,FIXTURE
53-4011,56,68,FIXTURE
53-4013,01,68,FIXTURE
53-4013,02,10,FIXTURE
53-4013,04,96,FIXTURE
53-4013,05,40,FIXTURE
53-4013,06,532,FIXTURE
53-4013,08,78,FIXTURE
53-4013,09,48,FIXTURE
53-4013,10,13,FIXTURE
53-4013,11,9,FIXTURE
53-4013,12,290,FIXTURE
53-4013,13,144,FIXTURE
53-4013,15,20,FIXTURE
53-4013,16,25,FIXTURE
53-4013,17,172,FIXTURE
53-4013,18,91,FIXTURE
53-4013,19,43,FIXTURE
53-4013,20,39,FIXTURE
53-4013,21,61,FIXTURE
53-4013,22,63,FIXTURE
53-4013,23,18,FIXTURE
53-4013,24,83,FIXTURE
53-4013,25,95,FIXTURE
53-4013,26,136,FIXTURE
53-4013,27,77,FIXTURE
53-4013,28,40,FIXTURE
53-4013,29,83,FIXTURE
53-4013,30,15,FIXTURE
53-4013,31,26,FIXTURE
53-4013,32,42,FIXTURE
53-4013,33,19,FIXTURE
53-4013,34,125,FIXTURE
53-4013,35,28,FIXTURE
53-4013,36,272,FIXTURE
53-4013,37,140,FIXTURE
53-4013,38,10,FIXTURE
53-4013,39,159,FIXTURE
53-4013,40,53,FIXTURE
53-4013,41,57,FIXTURE
53-4013,42,175,FIXTURE
53-4013,44,15,FIXTURE
53-4013,45,69,FIXTURE
53-4013,46,12,FIXTURE
53-4013,47,93,FIXTURE
53-4013,48,392,FIXTURE
53-4013,49,44,FIXTURE
53-4013,50,9,FIXTURE
53-4013,51,116,FIXTURE
53-4013,53,104,FIXTURE
53-4013,54,24,FIXTURE
53-4013,55,79,FIXTURE
53-4013,56,8,FIXTURE
53-4022,01,246,FIXTURE
53-4022,02,36,FIXTURE
53-4022,04,349,FIXTURE
53-4022,05,147,FIXTURE
53-4022,06,1932,FIXTURE
53-4022,08,282,FIXTURE
53-4022,09,176,FIXTURE
53-4022,10,48,FIXTURE
53-4022,11,34,FIXTURE
53-4022,12,1053,FIXTURE
53-4022,13,524,FIXTURE
53-4022,15,71,FIXTURE
53-4022,16,90,FIXTURE
53-4022,17,626,FIXTURE
53-4022,18,332,FIXTURE
53-4022,19,156,FIXTURE
53-4022,20,144,FIXTURE
53-4022,21,220,FIXTURE
53-4022,22,228,FIXTURE
53-4022,23,67,FIXTURE
53-4022,24,302,FIXTURE
53-4022,25,344,FIXTURE
53-4022,26,493,FIXTURE
53-4022,27,279,FIXTURE
53-4022,28,145,FIXTURE
53-4022,29,301,FIXTURE
53-4022,30,53,FIXTURE
53-4022,31,96,FIXTURE
53-4022,32,152,FIXTURE
53-4022,33,67,FIXTURE
53-4022,34,454,FIXTURE
53-4022,35,103,FIXTURE
53-4022,36,987,FIXTURE
53-4022,37,510,FIXTURE
53-4022,38,38,FIXTURE
53-4022,39,577,FIXTURE
53-4022,40,193,FIXTURE
53-4022,41,207,FIXTURE
53-4022,42,635,FIXTURE
53-4022,44,54,FIXTURE
53-4022,45,250,FIXTURE
53-4022,46,43,FIXTURE
53-4022,47,338,FIXTURE
53-4022,48,1424,FIXTURE
53-4022,49,160,FIXTURE
53-4022,50,31,FIXTURE
53-4022,51,422,FIXTURE
53-4022,53,377,FIXTURE
53-4022,54,88,FIXTURE
53-4022,55,288,FIXTURE
53-4022,56,28,FIXTURE
53-4031,01,728,FIXTURE
53-4031,02,106,FIXTURE
53-4031,04,1036,FIXTURE
53-4031,05,436,FIXTURE
53-4031,06,5729,FIXTURE
53-4031,08,837,FIXTURE
53-4031,09,523,FIXTURE
53-4031,10,143,FIXTURE
53-4031,11,100,FIXTURE
53-4031,12,3121,FIXTURE
53-4031,13,1552,FIXTURE
53-4031,15,211,FIXTURE
53-4031,16,267,FIXTURE
53-4031,17,1857,FIXTURE
53-4031,18,983,FIXTURE
53-4031,19,462,FIXTURE
53-4031,20,426,FIXTURE
53-4031,21,653,FIXTURE
53-4031,22,675,FIXTURE
53-4031,23,197,FIXTURE
53-4031,24,895,FIXTURE
53-4031,25,1019,FIXTURE
53-4031,26,1460,FIXTURE
53-4031,27,827,FIXTURE
53-4031,28,429,FIXTURE
53-4031,29,892,FIXTURE
53-4031,30,157,FIXTURE
53-4031,31,284,FIXTURE
53-4031,32,450,FIXTURE
53-4031,33,200,FIXTURE
53-4031,34,1346,FIXTURE
53-4031,35,307,FIXTURE
53-4031,36,2927,FIXTURE
53-4031,37,1513,FIXTURE
53-4031,38,113,FIXTURE
53-4031,39,1710,FIXTURE
53-4031,40,574,FIXTURE
53-4031,41,614,FIXTURE
53-4031,42,1884,FIXTURE
53-4031,44,159,FIXTURE
53-4031,45,742,FIXTURE
53-4031,46,129,FIXTURE
53-4031,47,1001,FIXTURE
53-4031,48,4223,FIXTURE
53-4031,49,474,FIXTURE
53-4031,50,93,FIXTURE
53-4031,51,1251,FIXTURE
53-4031,53,1117,FIXTURE
53-4031,54,260,FIXTURE
53-4031,55,854,FIXTURE
53-4031,56,84,FIXTURE
53-4041,01,156,FIXTURE
53-4041,02,23,FIXTURE
53-4041,04,222,FIXTURE
53-4041,05,94,FIXTURE
53-4041,06,1230,FIXTURE
53-4041,08,180,FIXTURE
53-4041,09,112,FIXTURE
53-4041,10,31,FIXTURE
53-4041,11,21,FIXTURE
53-4041,12,670,FIXTURE
53-4041,13,333,FIXTURE
53-4041,15,45,FIXTURE
53-4041,16,57,FIXTURE
53-4041,17,399,FIXTURE
53-4041,18,211,FIXTURE
53-4041,19,99,FIXTURE
53-4041,20,91,FIXTURE
53-4041,21,140,FIXTURE
53-4041,22,145,FIXTURE
53-4041,23,42,FIXTURE
53-4041,24,192,FIXTURE
53-4041,25,219,FIXTURE
53-4041,26,313,FIXTURE
53-4041,27,178,FIXTURE
53-4041,28,92,FIXTURE
53-4041,29,191,FIXTURE
53-4041,30,34,FIXTURE
53-4041,31,61,FIXTURE
53-4041,32,97,FIXTURE
53-4041,33,43,FIXTURE
53-4041,34,289,FIXTURE
53-4041,35,66,FIXTURE
53-4041,36,628,FIXTURE
53-4041,37,325,FIXTURE
53-4041,38,24,FIXTURE
53-4041,39,367,FIXTURE
53-4041,40,123,FIXTURE
53-4041,41,132,FIXTURE
53-4041,42,404,FIXTURE
53-4041,44,34,FIXTURE
53-4041,45,159,FIXTURE
53-4041,46,28,FIXTURE
53-4041,47,215,FIXTURE
53-4041,48,907,FIXTURE
53-4041,49,102,FIXTURE
53-4041,50,20,FIXTURE
53-4041,51,269,FIXTURE
53-4041,53,240,FIXTURE
53-4041,54,56,FIXTURE
53-4041,55,183,FIXTURE
53-4041,56,18,FIXTURE
53-4099,01,17,FIXTURE
53-4099,02,3,FIXTURE
53-4099,04,25,FIXTURE
53-4099,05,10,FIXTURE
53-4099,06,136,FIXTURE
53-4099,08,20,FIXTURE
53-4099,09,12,FIXTURE
53-4099,10,3,FIXTURE
53-4099,11,2,FIXTURE
53-4099,12,74,FIXTURE
53-4099,13,37,FIXTURE
53-4099,15,5,FIXTURE
53-4099,16,6,FIXTURE
53-4099,17,44,FIXTURE
53-4099,18,23,FIXTURE
53-4099,19,11,FIXTURE
53-4099,20,10,FIXTURE
53-4099,21,15,FIXTURE
53-4099,22,16,FIXTURE
53-4099,23,5,FIXTURE
53-4099,24,21,FIXTURE
53-4099,25,24,FIXTURE
53-4099,26,35,FIXTURE
53-4099,27,20,FIXTURE
53-4099,28,10,FIXTURE
53-4099,29,21,FIXTURE
53-4099,30,4,FIXTURE
53-4099,31,7,FIXTURE
53-4099,32,11,FIXTURE
53-4099,33,5,FIXTURE
53-4099,34,32,FIXTURE
53-4099,35,7,FIXTURE
53-4099,36,69,FIXTURE
53-4099,37,36,FIXTURE
53-4099,38,3,FIXTURE
53-4099,39,41,FIXTURE
53-4099,40,14,FIXTURE
53-4099,41,15,FIXTURE
53-4099,42,45,FIXTURE
53-4099,44,4,FIXTURE
53-4099,45,18,FIXTURE
53-4099,46,3,FIXTURE
53-4099,47,24,FIXTURE
53-4099,48,100,FIXTURE
53-4099,49,11,FIXTURE
53-4099,50,2,FIXTURE
53-4099,51,30,FIXTURE
53-4099,53,26,FIXTURE
53-4099,54,6,FIXTURE
53-4099,55,20,FIXTURE
53-4099,56,2,FIXTURE
53-5011,01,403,FIXTURE
53-5011,02,59,FIXTURE
53-5011,04,574,FIXTURE
53-5011,05,242,FIXTURE
53-5011,06,3174,FIXTURE
53-5011,08,464,FIXTURE
53-5011,09,289,FIXTURE
53-5011,10,79,FIXTURE
53-5011,11,55,FIXTURE
53-5011,12,1729,FIXTURE
53-5011,13,860,FIXTURE
53-5011,15,117,FIXTURE
53-5011,16,148,FIXTURE
53-5011,17,1029,FIXTURE
53-5011,18,545,FIXTURE
53-5011,19,256,FIXTURE
53-5011,20,236,FIXTURE
53-5011,21,362,FIXTURE
53-5011,22,374,FIXTURE
53-5011,23,109,FIXTURE
53-5011,24,496,FIXTURE
53-5011,25,564,FIXTURE
53-5011,26,809,FIXTURE
53-5011,27,458,FIXTURE
53-5011,28,238,FIXTURE
53-5011,29,494,FIXTURE
53-5011,30,87,FIXTURE
53-5011,31,157,FIXTURE
53-5011,32,249,FIXTURE
53-5011,33,111,FIXTURE
53-5011,34,746,FIXTURE
53-5011,35,170,FIXTURE
53-5011,36,1622,FIXTURE
53-5011,37,838,FIXTURE
53-5011,38,63,FIXTURE
53-5011,39,947,FIXTURE
53-5011,40,318,FIXTURE
53-5011,41,340,FIXTURE
53-5011,42,1044,FIXTURE
53-5011,44,88,FIXTURE
53-5011,45,411,FIXTURE
53-5011,46,71,FIXTURE
53-5011,47,555,FIXTURE
53-5011,48,2340,FIXTURE
53-5011,49,263,FIXTURE
53-5011,50,52,FIXTURE
53-5011,51,693,FIXTURE
53-5011,53,619,FIXTURE
53-5011,54,144,FIXTURE
53-5011,55,473,FIXTURE
53-5011,56,46,FIXTURE
53-5021,01,508,FIXTURE
53-5021,02,74,FIXTURE
53-5021,04,723,FIXTURE
53-5021,05,304,FIXTURE
53-5021,06,3995,FIXTURE
53-5021,08,583,FIXTURE
53-5021,09,364,FIXTURE
53-5021,10,100,FIXTURE
53-5021,11,70,FIXTURE
53-5021,12,2176,FIXTURE
53-5021,13,1082,FIXTURE
53-5021,15,147,FIXTURE
53-5021,16,186,FIXTURE
53-5021,17,1295,FIXTURE
53-5021,18,686,FIXTURE
53-5021,19,322,FIXTURE
53-5021,20,297,FIXTURE
53-5021,21,455,FIXTURE
53-5021,22,471,FIXTURE
53-5021,23,138,FIXTURE
53-5021,24,624,FIXTURE
53-5021,25,710,FIXTURE
53-5021,26,1018,FIXTURE
53-5021,27,577,FIXTURE
53-5021,28,299,FIXTURE
53-5021,29,622,FIXTURE
53-5021,30,110,FIXTURE
53-5021,31,198,FIXTURE
53-5021,32,314,FIXTURE
53-5021,33,139,FIXTURE
53-5021,34,939,FIXTURE
53-5021,35,214,FIXTURE
53-5021,36,2041,FIXTURE
53-5021,37,1055,FIXTURE
53-5021,38,79,FIXTURE
53-5021,39,1192,FIXTURE
53-5021,40,400,FIXTURE
53-5021,41,428,FIXTURE
53-5021,42,1314,FIXTURE
53-5021,44,111,FIXTURE
53-5021,45,517,FIXTURE
53-5021,46,90,FIXTURE
53-5021,47,698,FIXTURE
53-5021,48,2945,FIXTURE
53-5021,49,331,FIXTURE
53-5021,50,65,FIXTURE
53-5021,51,872,FIXTURE
53-5021,53,778,FIXTURE
53-5021,54,181,FIXTURE
53-5021,55,595,FIXTURE
53-5021,56,58,FIXTURE
53-5022,01,42,FIXTURE
53-5022,02,6,FIXTURE
53-5022,04,59,FIXTURE
53-5022,05,25,FIXTURE
53-5022,06,327,FIXTURE
53-5022,08,48,FIXTURE
53-5022,09,30,FIXTURE
53-5022,10,8,FIXTURE
53-5022,11,6,FIXTURE
53-5022,12,178,FIXTURE
53-5022,13,89,FIXTURE
53-5022,15,12,FIXTURE
53-5022,16,15,FIXTURE
53-5022,17,106,FIXTURE
53-5022,18,56,FIXTURE
53-5022,19,26,FIXTURE
53-5022,20,24,FIXTURE
53-5022,21,37,FIXTURE
53-5022,22,39,FIXTURE
53-5022,23,11,FIXTURE
53-5022,24,51,FIXTURE
53-5022,25,58,FIXTURE
53-5022,26,83,FIXTURE
53-5022,27,47,FIXTURE
53-5022,28,24,FIXTURE
53-5022,29,51,FIXTURE
53-5022,30,9,FIXTURE
53-5022,31,16,FIXTURE
53-5022,32,26,FIXTURE
53-5022,33,11,FIXTURE
53-5022,34,77,FIXTURE
53-5022,35,18,FIXTURE
53-5022,36,167,FIXTURE
53-5022,37,86,FIXTURE
53-5022,38,6,FIXTURE
53-5022,39,98,FIXTURE
53-5022,40,33,FIXTURE
53-5022,41,35,FIXTURE
53-5022,42,108,FIXTURE
53-5022,44,9,FIXTURE
53-5022,45,42,FIXTURE
53-5022,46,7,FIXTURE
53-5022,47,57,FIXTURE
53-5022,48,241,FIXTURE
53-5022,49,27,FIXTURE
53-5022,50,5,FIXTURE
53-5022,51,71,FIXTURE
53-5022,53,64,FIXTURE
53-5022,54,15,FIXTURE
53-5022,55,49,FIXTURE
53-5022,56,5,FIXTURE
53-5031,01,116,FIXTURE
53-5031,02,17,FIXTURE
53-5031,04,165,FIXTURE
53-5031,05,70,FIXTURE
53-5031,06,913,FIXTURE
53-5031,08,133,FIXTURE
53-5031,09,83,FIXTURE
53-5031,10,23,FIXTURE
53-5031,11,16,FIXTURE
53-5031,12,497,FIXTURE
53-5031,13,247,FIXTURE
53-5031,15,34,FIXTURE
53-5031,16,42,FIXTURE
53-5031,17,296,FIXTURE
53-5031,18,157,FIXTURE
53-5031,19,74,FIXTURE
53-5031,20,68,FIXTURE
53-5031,21,104,FIXTURE
53-5031,22,107,FIXTURE
53-5031,23,31,FIXTURE
53-5031,24,143,FIXTURE
53-5031,25,162,FIXTURE
53-5031,26,233,FIXTURE
53-5031,27,132,FIXTURE
53-5031,28,68,FIXTURE
53-5031,29,142,FIXTURE
53-5031,30,25,FIXTURE
53-5031,31,45,FIXTURE
53-5031,32,72,FIXTURE
53-5031,33,32,FIXTURE
53-5031,34,214,FIXTURE
53-5031,35,49,FIXTURE
53-5031,36,466,FIXTURE
53-5031,37,241,FIXTURE
53-5031,38,18,FIXTURE
53-5031,39,272,FIXTURE
53-5031,40,91,FIXTURE
53-5031,41,98,FIXTURE
53-5031,42,300,FIXTURE
53-5031,44,25,FIXTURE
53-5031,45,118,FIXTURE
53-5031,46,20,FIXTURE
53-5031,47,160,FIXTURE
53-5031,48,673,FIXTURE
53-5031,49,76,FIXTURE
53-5031,50,15,FIXTURE
53-5031,51,199,FIXTURE
53-5031,53,178,FIXTURE
53-5031,54,41,FIXTURE
53-5031,55,136,FIXTURE
53-5031,56,13,FIXTURE
53-6011,01,61,FIXTURE
53-6011,02,9,FIXTURE
53-6011,04,87,FIXTURE
53-6011,05,37,FIXTURE
53-6011,06,482,FIXTURE
53-6011,08,70,FIXTURE
53-6011,09,44,FIXTURE
53-6011,10,12,FIXTURE
53-6011,11,8,FIXTURE
53-6011,12,263,FIXTURE
53-6011,13,131,FIXTURE
53-6011,15,18,FIXTURE
53-6011,16,22,FIXTURE
53-6011,17,156,FIXTURE
53-6011,18,83,FIXTURE
53-6011,19,39,FIXTURE
53-6011,20,36,FIXTURE
53-6011,21,55,FIXTURE
53-6011,22,57,FIXTURE
53-6011,23,17,FIXTURE
53-6011,24,75,FIXTURE
53-6011,25,86,FIXTURE
53-6011,26,123,FIXTURE
53-6011,27,70,FIXTURE
53-6011,28,36,FIXTURE
53-6011,29,75,FIXTURE
53-6011,30,13,FIXTURE
53-6011,31,24,FIXTURE
53-6011,32,38,FIXTURE
53-6011,33,17,FIXTURE
53-6011,34,113,FIXTURE
53-6011,35,26,FIXTURE
53-6011,36,246,FIXTURE
53-6011,37,127,FIXTURE
53-6011,38,9,FIXTURE
53-6011,39,144,FIXTURE
53-6011,40,48,FIXTURE
53-6011,41,52,FIXTURE
53-6011,42,158,FIXTURE
53-6011,44,13,FIXTURE
53-6011,45,62,FIXTURE
53-6011,46,11,FIXTURE
53-6011,47,84,FIXTURE
53-6011,48,355,FIXTURE
53-6011,49,40,FIXTURE
53-6011,50,8,FIXTURE
53-6011,51,105,FIXTURE
53-6011,53,94,FIXTURE
53-6011,54,22,FIXTURE
53-6011,55,72,FIXTURE
53-6011,56,7,FIXTURE
53-6021,01,1382,FIXTURE
53-6021,02,202,FIXTURE
53-6021,04,1967,FIXTURE
53-6021,05,828,FIXTURE
53-6021,06,10874,FIXTURE
53-6021,08,1588,FIXTURE
53-6021,09,992,FIXTURE
53-6021,10,272,FIXTURE
53-6021,11,190,FIXTURE
53-6021,12,5924,FIXTURE
53-6021,13,2946,FIXTURE
53-6021,15,400,FIXTURE
53-6021,16,506,FIXTURE
53-6021,17,3524,FIXTURE
53-6021,18,1866,FIXTURE
53-6021,19,877,FIXTURE
53-6021,20,808,FIXTURE
53-6021,21,1239,FIXTURE
53-6021,22,1281,FIXTURE
53-6021,23,375,FIXTURE
53-6021,24,1699,FIXTURE
53-6021,25,1933,FIXTURE
53-6021,26,2772,FIXTURE
53-6021,27,1570,FIXTURE
53-6021,28,814,FIXTURE
53-6021,29,1693,FIXTURE
53-6021,30,298,FIXTURE
53-6021,31,540,FIXTURE
53-6021,32,854,FIXTURE
53-6021,33,379,FIXTURE
53-6021,34,2555,FIXTURE
53-6021,35,582,FIXTURE
53-6021,36,5556,FIXTURE
53-6021,37,2871,FIXTURE
53-6021,38,214,FIXTURE
53-6021,39,3245,FIXTURE
53-6021,40,1089,FIXTURE
53-6021,41,1165,FIXTURE
53-6021,42,3576,FIXTURE
53-6021,44,302,FIXTURE
53-6021,45,1408,FIXTURE
53-6021,46,244,FIXTURE
53-6021,47,1901,FIXTURE
53-6021,48,8016,FIXTURE
53-6021,49,900,FIXTURE
53-6021,50,177,FIXTURE
53-6021,51,2374,FIXTURE
53-6021,53,2119,FIXTURE
53-6021,54,493,FIXTURE
53-6021,55,1621,FIXTURE
53-6021,56,159,FIXTURE
53-6031,01,1690,FIXTURE
53-6031,02,247,FIXTURE
53-6031,04,2405,FIXTURE
53-6031,05,1013,FIXTURE
53-6031,06,13298,FIXTURE
53-6031,08,1942,FIXTURE
53-6031,09,1213,FIXTURE
53-6031,10,333,FIXTURE
53-6031,11,232,FIXTURE
53-6031,12,7244,FIXTURE
53-6031,13,3603,FIXTURE
53-6031,15,490,FIXTURE
53-6031,16,619,FIXTURE
53-6031,17,4309,FIXTURE
53-6031,18,2282,FIXTURE
53-6031,19,1073,FIXTURE
53-6031,20,988,FIXTURE
53-6031,21,1516,FIXTURE
53-6031,22,1567,FIXTURE
53-6031,23,458,FIXTURE
53-6031,24,2078,FIXTURE
53-6031,25,2365,FIXTURE
53-6031,26,3389,FIXTURE
53-6031,27,1919,FIXTURE
53-6031,28,996,FIXTURE
53-6031,29,2070,FIXTURE
53-6031,30,365,FIXTURE
53-6031,31,660,FIXTURE
53-6031,32,1044,FIXTURE
53-6031,33,463,FIXTURE
53-6031,34,3124,FIXTURE
53-6031,35,712,FIXTURE
53-6031,36,6795,FIXTURE
53-6031,37,3511,FIXTURE
53-6031,38,262,FIXTURE
53-6031,39,3969,FIXTURE
53-6031,40,1332,FIXTURE
53-6031,41,1425,FIXTURE
53-6031,42,4373,FIXTURE
53-6031,44,369,FIXTURE
53-6031,45,1722,FIXTURE
53-6031,46,298,FIXTURE
53-6031,47,2324,FIXTURE
53-6031,48,9803,FIXTURE
53-6031,49,1100,FIXTURE
53-6031,50,216,FIXTURE
53-6031,51,2903,FIXTURE
53-6031,53,2592,FIXTURE
53-6031,54,603,FIXTURE
53-6031,55,1982,FIXTURE
53-6031,56,194,FIXTURE
53-6032,01,184,FIXTURE
53-6032,02,27,FIXTURE
53-6032,04,263,FIXTURE
53-6032,05,111,FIXTURE
53-6032,06,1452,FIXTURE
53-6032,08,212,FIXTURE
53-6032,09,132,FIXTURE
53-6032,10,36,FIXTURE
53-6032,11,25,FIXTURE
53-6032,12,791,FIXTURE
53-6032,13,393,FIXTURE
53-6032,15,53,FIXTURE
53-6032,16,68,FIXTURE
53-6032,17,470,FIXTURE
53-6032,18,249,FIXTURE
53-6032,19,117,FIXTURE
53-6032,20,108,FIXTURE
53-6032,21,165,FIXTURE
53-6032,22,171,FIXTURE
53-6032,23,50,FIXTURE
53-6032,24,227,FIXTURE
53-6032,25,258,FIXTURE
53-6032,26,370,FIXTURE
53-6032,27,210,FIXTURE
53-6032,28,109,FIXTURE
53-6032,29,226,FIXTURE
53-6032,30,40,FIXTURE
53-6032,31,72,FIXTURE
53-6032,32,114,FIXTURE
53-6032,33,51,FIXTURE
53-6032,34,341,FIXTURE
53-6032,35,78,FIXTURE
53-6032,36,742,FIXTURE
53-6032,37,383,FIXTURE
53-6032,38,29,FIXTURE
53-6032,39,433,FIXTURE
53-6032,40,145,FIXTURE
53-6032,41,156,FIXTURE
53-6032,42,477,FIXTURE
53-6032,44,40,FIXTURE
53-6032,45,188,FIXTURE
53-6032,46,33,FIXTURE
53-6032,47,254,FIXTURE
53-6032,48,1070,FIXTURE
53-6032,49,120,FIXTURE
53-6032,50,24,FIXTURE
53-6032,51,317,FIXTURE
53-6032,53,283,FIXTURE
53-6032,54,66,FIXTURE
53-6032,55,216,FIXTURE
53-6032,56,21,FIXTURE
53-6041,01,118,FIXTURE
53-6041,02,17,FIXTURE
53-6041,04,168,FIXTURE
53-6041,05,71,FIXTURE
53-6041,06,927,FIXTURE
53-6041,08,135,FIXTURE
53-6041,09,84,FIXTURE
53-6041,10,23,FIXTURE
53-6041,11,16,FIXTURE
53-6041,12,505,FIXTURE
53-6041,13,251,FIXTURE
53-6041,15,34,FIXTURE
53-6041,16,43,FIXTURE
53-6041,17,300,FIXTURE
53-6041,18,159,FIXTURE
53-6041,19,75,FIXTURE
53-6041,20,69,FIXTURE
53-6041,21,106,FIXTURE
53-6041,22,109,FIXTURE
53-6041,23,32,FIXTURE
53-6041,24,145,FIXTURE
53-6041,25,165,FIXTURE
53-6041,26,236,FIXTURE
53-6041,27,134,FIXTURE
53-6041,28,69,FIXTURE
53-6041,29,144,FIXTURE
53-6041,30,25,FIXTURE
53-6041,31,46,FIXTURE
53-6041,32,73,FIXTURE
53-6041,33,32,FIXTURE
53-6041,34,218,FIXTURE
53-6041,35,50,FIXTURE
53-6041,36,474,FIXTURE
53-6041,37,245,FIXTURE
53-6041,38,18,FIXTURE
53-6041,39,277,FIXTURE
53-6041,40,93,FIXTURE
53-6041,41,99,FIXTURE
53-6041,42,305,FIXTURE
53-6041,44,26,FIXTURE
53-6041,45,120,FIXTURE
53-6041,46,21,FIXTURE
53-6041,47,162,FIXTURE
53-6041,48,683,FIXTURE
53-6041,49,77,FIXTURE
53-6041,50,15,FIXTURE
53-6041,51,202,FIXTURE
53-6041,53,181,FIXTURE
53-6041,54,42,FIXTURE
53-6041,55,138,FIXTURE
53-6041,56,13,FIXTURE
53-6051,01,380,FIXTURE
53-6051,02,55,FIXTURE
53-6051,04,541,FIXTURE
53-6051,05,228,FIXTURE
53-6051,06,2991,FIXTURE
53-6051,08,437,FIXTURE
53-6051,09,273,FIXTURE
53-6051,10,75,FIXTURE
53-6051,11,52,FIXTURE
53-6051,12,1629,FIXTURE
53-6051,13,810,FIXTURE
53-6051,15,110,FIXTURE
53-6051,16,139,FIXTURE
53-6051,17,969,FIXTURE
53-6051,18,513,FIXTURE
53-6051,19,241,FIXTURE
53-6051,20,222,FIXTURE
53-6051,21,341,FIXTURE
53-6051,22,352,FIXTURE
53-6051,23,103,FIXTURE
53-6051,24,467,FIXTURE
53-6051,25,532,FIXTURE
53-6051,26,762,FIXTURE
53-6051,27,432,FIXTURE
53-6051,28,224,FIXTURE
53-6051,29,466,FIXTURE
53-6051,30,82,FIXTURE
53-6051,31,148,FIXTURE
53-6051,32,235,FIXTURE
53-6051,33,104,FIXTURE
53-6051,34,703,FIXTURE
53-6051,35,160,FIXTURE
53-6051,36,1528,FIXTURE
53-6051,37,790,FIXTURE
53-6051,38,59,FIXTURE
53-6051,39,892,FIXTURE
53-6051,40,299,FIXTURE
53-6051,41,321,FIXTURE
53-6051,42,983,FIXTURE
53-6051,44,83,FIXTURE
53-6051,45,387,FIXTURE
53-6051,46,67,FIXTURE
53-6051,47,523,FIXTURE
53-6051,48,2204,FIXTURE
53-6051,49,247,FIXTURE
53-6051,50,49,FIXTURE
53-6051,51,653,FIXTURE
53-6051,53,583,FIXTURE
53-6051,54,136,FIXTURE
53-6051,55,446,FIXTURE
53-6051,56,44,FIXTURE
53-6061,01,322,FIXTURE
53-6061,02,47,FIXTURE
53-6061,04,458,FIXTURE
53-6061,05,193,FIXTURE
53-6061,06,2534,FIXTURE
53-6061,08,370,FIXTURE
53-6061,09,231,FIXTURE
53-6061,10,63,FIXTURE
53-6061,11,44,FIXTURE
53-6061,12,1380,FIXTURE
53-6061,13,686,FIXTURE
53-6061,15,93,FIXTURE
53-6061,16,118,FIXTURE
53-6061,17,821,FIXTURE
53-6061,18,435,FIXTURE
53-6061,19,204,FIXTURE
53-6061,20,188,FIXTURE
53-6061,21,289,FIXTURE
53-6061,22,298,FIXTURE
53-6061,23,87,FIXTURE
53-6061,24,396,FIXTURE
53-6061,25,451,FIXTURE
53-6061,26,646,FIXTURE
53-6061,27,366,FIXTURE
53-6061,28,190,FIXTURE
53-6061,29,394,FIXTURE
53-6061,30,69,FIXTURE
53-6061,31,126,FIXTURE
53-6061,32,199,FIXTURE
53-6061,33,88,FIXTURE
53-6061,34,595,FIXTURE
53-6061,35,136,FIXTURE
53-6061,36,1295,FIXTURE
53-6061,37,669,FIXTURE
53-6061,38,50,FIXTURE
53-6061,39,756,FIXTURE
53-6061,40,254,FIXTURE
53-6061,41,272,FIXTURE
53-6061,42,833,FIXTURE
53-6061,44,70,FIXTURE
53-6061,45,328,FIXTURE
53-6061,46,57,FIXTURE
53-6061,47,443,FIXTURE
53-6061,48,1868,FIXTURE
53-6061,49,210,FIXTURE
53-6061,50,41,FIXTURE
53-6061,51,553,FIXTURE
53-6061,53,494,FIXTURE
53-6061,54,115,FIXTURE
53-6061,55,378,FIXTURE
53-6061,56,37,FIXTURE
53-6099,01,208,FIXTURE
53-6099,02,30,FIXTURE
53-6099,04,297,FIXTURE
53-6099,05,125,FIXTURE
53-6099,06,1640,FIXTURE
53-6099,08,240,FIXTURE
53-6099,09,150,FIXTURE
53-6099,10,41,FIXTURE
53-6099,11,29,FIXTURE
53-6099,12,894,FIXTURE
53-6099,13,444,FIXTURE
53-6099,15,60,FIXTURE
53-6099,16,76,FIXTURE
53-6099,17,532,FIXTURE
53-6099,18,281,FIXTURE
53-6099,19,132,FIXTURE
53-6099,20,122,FIXTURE
53-6099,21,187,FIXTURE
53-6099,22,193,FIXTURE
53-6099,23,57,FIXTURE
53-6099,24,256,FIXTURE
53-6099,25,292,FIXTURE
53-6099,26,418,FIXTURE
53-6099,27,237,FIXTURE
53-6099,28,123,FIXTURE
53-6099,29,255,FIXTURE
53-6099,30,45,FIXTURE
53-6099,31,81,FIXTURE
53-6099,32,129,FIXTURE
53-6099,33,57,FIXTURE
53-6099,34,385,FIXTURE
53-6099,35,88,FIXTURE
53-6099,36,838,FIXTURE
53-6099,37,433,FIXTURE
53-6099,38,32,FIXTURE
53-6099,39,489,FIXTURE
53-6099,40,164,FIXTURE
53-6099,41,176,FIXTURE
53-6099,42,539,FIXTURE
53-6099,44,46,FIXTURE
53-6099,45,212,FIXTURE
53-6099,46,37,FIXTURE
53-6099,47,287,FIXTURE
53-6099,48,1209,FIXTURE
53-6099,49,136,FIXTURE
53-6099,50,27,FIXTURE
53-6099,51,358,FIXTURE
53-6099,53,320,FIXTURE
53-6099,54,74,FIXTURE
53-6099,55,245,FIXTURE
53-6099,56,24,FIXTURE
53-7011,01,434,FIXTURE
53-7011,02,63,FIXTURE
53-7011,04,618,FIXTURE
53-7011,05,260,FIXTURE
53-7011,06,3418,FIXTURE
53-7011,08,499,FIXTURE
53-7011,09,312,FIXTURE
53-7011,10,86,FIXTURE
53-7011,11,60,FIXTURE
53-7011,12,1862,FIXTURE
53-7011,13,926,FIXTURE
53-7011,15,126,FIXTURE
53-7011,16,159,FIXTURE
53-7011,17,1107,FIXTURE
53-7011,18,587,FIXTURE
53-7011,19,276,FIXTURE
53-7011,20,254,FIXTURE
53-7011,21,389,FIXTURE
53-7011,22,403,FIXTURE
53-7011,23,118,FIXTURE
53-7011,24,534,FIXTURE
53-7011,25,608,FIXTURE
53-7011,26,871,FIXTURE
53-7011,27,493,FIXTURE
53-7011,28,256,FIXTURE
53-7011,29,532,FIXTURE
53-7011,30,94,FIXTURE
53-7011,31,170,FIXTURE
53-7011,32,268,FIXTURE
53-7011,33,119,FIXTURE
53-7011,34,803,FIXTURE
53-7011,35,183,FIXTURE
53-7011,36,1746,FIXTURE
53-7011,37,902,FIXTURE
53-7011,38,67,FIXTURE
53-7011,39,1020,FIXTURE
53-7011,40,342,FIXTURE
53-7011,41,366,FIXTURE
53-7011,42,1124,FIXTURE
53-7011,44,95,FIXTURE
53-7011,45,442,FIXTURE
53-7011,46,77,FIXTURE
53-7011,47,597,FIXTURE
53-7011,48,2519,FIXTURE
53-7011,49,283,FIXTURE
53-7011,50,56,FIXTURE
53-7011,51,746,FIXTURE
53-7011,53,666,FIXTURE
53-7011,54,155,FIXTURE
53-7011,55,509,FIXTURE
53-7011,56,50,FIXTURE
53-7021,01,658,FIXTURE
53-7021,02,96,FIXTURE
53-7021,04,936,FIXTURE
53-7021,05,394,FIXTURE
53-7021,06,5177,FIXTURE
53-7021,08,756,FIXTURE
53-7021,09,472,FIXTURE
53-7021,10,130,FIXTURE
53-7021,11,90,FIXTURE
53-7021,12,2820,FIXTURE
53-7021,13,1403,FIXTURE
53-7021,15,191,FIXTURE
53-7021,16,241,FIXTURE
53-7021,17,1678,FIXTURE
53-7021,18,888,FIXTURE
53-7021,19,418,FIXTURE
53-7021,20,385,FIXTURE
53-7021,21,590,FIXTURE
53-7021,22,610,FIXTURE
53-7021,23,178,FIXTURE
53-7021,24,809,FIXTURE
53-7021,25,920,FIXTURE
53-7021,26,1320,FIXTURE
53-7021,27,747,FIXTURE
53-7021,28,388,FIXTURE
53-7021,29,806,FIXTURE
53-7021,30,142,FIXTURE
53-7021,31,257,FIXTURE
53-7021,32,407,FIXTURE
53-7021,33,180,FIXTURE
53-7021,34,1216,FIXTURE
53-7021,35,277,FIXTURE
53-7021,36,2645,FIXTURE
53-7021,37,1367,FIXTURE
53-7021,38,102,FIXTURE
53-7021,39,1545,FIXTURE
53-7021,40,518,FIXTURE
53-7021,41,555,FIXTURE
53-7021,42,1703,FIXTURE
53-7021,44,144,FIXTURE
53-7021,45,670,FIXTURE
53-7021,46,116,FIXTURE
53-7021,47,905,FIXTURE
53-7021,48,3816,FIXTURE
53-7021,49,428,FIXTURE
53-7021,50,84,FIXTURE
53-7021,51,1130,FIXTURE
53-7021,53,1009,FIXTURE
53-7021,54,235,FIXTURE
53-7021,55,772,FIXTURE
53-7021,56,76,FIXTURE
53-7031,01,25,FIXTURE
53-7031,02,4,FIXTURE
53-7031,04,36,FIXTURE
53-7031,05,15,FIXTURE
53-7031,06,197,FIXTURE
53-7031,08,29,FIXTURE
53-7031,09,18,FIXTURE
53-7031,10,5,FIXTURE
53-7031,11,3,FIXTURE
53-7031,12,107,FIXTURE
53-7031,13,53,FIXTURE
53-7031,15,7,FIXTURE
53-7031,16,9,FIXTURE
53-7031,17,64,FIXTURE
53-7031,18,34,FIXTURE
53-7031,19,16,FIXTURE
53-7031,20,15,FIXTURE
53-7031,21,22,FIXTURE
53-7031,22,23,FIXTURE
53-7031,23,7,FIXTURE
53-7031,24,31,FIXTURE
53-7031,25,35,FIXTURE
53-7031,26,50,FIXTURE
53-7031,27,28,FIXTURE
53-7031,28,15,FIXTURE
53-7031,29,31,FIXTURE
53-7031,30,5,FIXTURE
53-7031,31,10,FIXTURE
53-7031,32,15,FIXTURE
53-7031,33,7,FIXTURE
53-7031,34,46,FIXTURE
53-7031,35,11,FIXTURE
53-7031,36,101,FIXTURE
53-7031,37,52,FIXTURE
53-7031,38,4,FIXTURE
53-7031,39,59,FIXTURE
53-7031,40,20,FIXTURE
53-7031,41,21,FIXTURE
53-7031,42,65,FIXTURE
53-7031,44,5,FIXTURE
53-7031,45,26,FIXTURE
53-7031,46,4,FIXTURE
53-7031,47,34,FIXTURE
53-7031,48,145,FIXTURE
53-7031,49,16,FIXTURE
53-7031,50,3,FIXTURE
53-7031,51,43,FIXTURE
53-7031,53,38,FIXTURE
53-7031,54,9,FIXTURE
53-7031,55,29,FIXTURE
53-7031,56,3,FIXTURE
53-7041,01,40,FIXTURE
53-7041,02,6,FIXTURE
53-7041,04,56,FIXTURE
53-7041,05,24,FIXTURE
53-7041,06,311,FIXTURE
53-7041,08,46,FIXTURE
53-7041,09,28,FIXTURE
53-7041,10,8,FIXTURE
53-7041,11,5,FIXTURE
53-7041,12,170,FIXTURE
53-7041,13,84,FIXTURE
53-7041,15,11,FIXTURE
53-7041,16,15,FIXTURE
53-7041,17,101,FIXTURE
53-7041,18,53,FIXTURE
53-7041,19,25,FIXTURE
53-7041,20,23,FIXTURE
53-7041,21,36,FIXTURE
53-7041,22,37,FIXTURE
53-7041,23,11,FIXTURE
53-7041,24,49,FIXTURE
53-7041,25,55,FIXTURE
53-7041,26,79,FIXTURE
53-7041,27,45,FIXTURE
53-7041,28,23,FIXTURE
53-7041,29,49,FIXTURE
53-7041,30,9,FIXTURE
53-7041,31,15,FIXTURE
53-7041,32,24,FIXTURE
53-7041,33,11,FIXTURE
53-7041,34,73,FIXTURE
53-7041,35,17,FIXTURE
53-7041,36,159,FIXTURE
53-7041,37,82,FIXTURE
53-7041,38,6,FIXTURE
53-7041,39,93,FIXTURE
53-7041,40,31,FIXTURE
53-7041,41,33,FIXTURE
53-7041,42,102,FIXTURE
53-7041,44,9,FIXTURE
53-7041,45,40,FIXTURE
53-7041,46,7,FIXTURE
53-7041,47,54,FIXTURE
53-7041,48,230,FIXTURE
53-7041,49,26,FIXTURE
53-7041,50,5,FIXTURE
53-7041,51,68,FIXTURE
53-7041,53,61,FIXTURE
53-7041,54,14,FIXTURE
53-7041,55,46,FIXTURE
53-7041,56,5,FIXTURE
53-7051,01,11495,FIXTURE
53-7051,02,1678,FIXTURE
53-7051,04,16361,FIXTURE
53-7051,05,6890,FIXTURE
53-7051,06,90456,FIXTURE
53-7051,08,13209,FIXTURE
53-7051,09,8250,FIXTURE
53-7051,10,2265,FIXTURE
53-7051,11,1578,FIXTURE
53-7051,12,49275,FIXTURE
53-7051,13,24507,FIXTURE
53-7051,15,3329,FIXTURE
53-7051,16,4207,FIXTURE
53-7051,17,29312,FIXTURE
53-7051,18,15524,FIXTURE
53-7051,19,7299,FIXTURE
53-7051,20,6721,FIXTURE
53-7051,21,10308,FIXTURE
53-7051,22,10656,FIXTURE
53-7051,23,3117,FIXTURE
53-7051,24,14132,FIXTURE
53-7051,25,16083,FIXTURE
53-7051,26,23055,FIXTURE
53-7051,27,13055,FIXTURE
53-7051,28,6775,FIXTURE
53-7051,29,14081,FIXTURE
53-7051,30,2480,FIXTURE
53-7051,31,4488,FIXTURE
53-7051,32,7103,FIXTURE
53-7051,33,3151,FIXTURE
53-7051,34,21251,FIXTURE
53-7051,35,4844,FIXTURE
53-7051,36,46216,FIXTURE
53-7051,37,23883,FIXTURE
53-7051,38,1782,FIXTURE
53-7051,39,26995,FIXTURE
53-7051,40,9058,FIXTURE
53-7051,41,9694,FIXTURE
53-7051,42,29748,FIXTURE
53-7051,44,2511,FIXTURE
53-7051,45,11710,FIXTURE
53-7051,46,2029,FIXTURE
53-7051,47,15811,FIXTURE
53-7051,48,66679,FIXTURE
53-7051,49,7485,FIXTURE
53-7051,50,1471,FIXTURE
53-7051,51,19747,FIXTURE
53-7051,53,17628,FIXTURE
53-7051,54,4104,FIXTURE
53-7051,55,13484,FIXTURE
53-7051,56,1320,FIXTURE
53-7061,01,5335,FIXTURE
53-7061,02,779,FIXTURE
53-7061,04,7594,FIXTURE
53-7061,05,3198,FIXTURE
53-7061,06,41985,FIXTURE
53-7061,08,6131,FIXTURE
53-7061,09,3829,FIXTURE
53-7061,10,1051,FIXTURE
53-7061,11,732,FIXTURE
53-7061,12,22871,FIXTURE
53-7061,13,11375,FIXTURE
53-7061,15,1545,FIXTURE
53-7061,16,1953,FIXTURE
53-7061,17,13605,FIXTURE
53-7061,18,7205,FIXTURE
53-7061,19,3388,FIXTURE
53-7061,20,3120,FIXTURE
53-7061,21,4785,FIXTURE
53-7061,22,4946,FIXTURE
53-7061,23,1447,FIXTURE
53-7061,24,6559,FIXTURE
53-7061,25,7465,FIXTURE
53-7061,26,10701,FIXTURE
53-7061,27,6060,FIXTURE
53-7061,28,3145,FIXTURE
53-7061,29,6536,FIXTURE
53-7061,30,1151,FIXTURE
53-7061,31,2083,FIXTURE
53-7061,32,3297,FIXTURE
53-7061,33,1463,FIXTURE
53-7061,34,9864,FIXTURE
53-7061,35,2249,FIXTURE
53-7061,36,21451,FIXTURE
53-7061,37,11085,FIXTURE
53-7061,38,827,FIXTURE
53-7061,39,12530,FIXTURE
53-7061,40,4204,FIXTURE
53-7061,41,4499,FIXTURE
53-7061,42,13807,FIXTURE
53-7061,44,1165,FIXTURE
53-7061,45,5435,FIXTURE
53-7061,46,942,FIXTURE
53-7061,47,7338,FIXTURE
53-7061,48,30949,FIXTURE
53-7061,49,3474,FIXTURE
53-7061,50,683,FIXTURE
53-7061,51,9166,FIXTURE
53-7061,53,8182,FIXTURE
53-7061,54,1905,FIXTURE
53-7061,55,6258,FIXTURE
53-7061,56,613,FIXTURE
53-7062,01,41368,FIXTURE
53-7062,02,6038,FIXTURE
53-7062,04,58882,FIXTURE
53-7062,05,24796,FIXTURE
53-7062,06,325541,FIXTURE
53-7062,08,47538,FIXTURE
53-7062,09,29690,FIXTURE
53-7062,10,8151,FIXTURE
53-7062,11,5677,FIXTURE
53-7062,12,177336,FIXTURE
53-7062,13,88197,FIXTURE
53-7062,15,11982,FIXTURE
53-7062,16,15142,FIXTURE
53-7062,17,105493,FIXTURE
53-7062,18,55869,FIXTURE
53-7062,19,26268,FIXTURE
53-7062,20,24189,FIXTURE
53-7062,21,37099,FIXTURE
53-7062,22,38350,FIXTURE
53-7062,23,11217,FIXTURE
53-7062,24,50861,FIXTURE
53-7062,25,57881,FIXTURE
53-7062,26,82972,FIXTURE
53-7062,27,46985,FIXTURE
53-7062,28,24382,FIXTURE
53-7062,29,50677,FIXTURE
53-7062,30,8927,FIXTURE
53-7062,31,16150,FIXTURE
53-7062,32,25562,FIXTURE
53-7062,33,11342,FIXTURE
53-7062,34,76482,FIXTURE
53-7062,35,17435,FIXTURE
53-7062,36,166328,FIXTURE
53-7062,37,85953,FIXTURE
53-7062,38,6415,FIXTURE
53-7062,39,97152,FIXTURE
53-7062,40,32600,FIXTURE
53-7062,41,34888,FIXTURE
53-7062,42,107059,FIXTURE
53-7062,44,9035,FIXTURE
53-7062,45,42143,FIXTURE
53-7062,46,7300,FIXTURE
53-7062,47,56901,FIXTURE
53-7062,48,239971,FIXTURE
53-7062,49,26937,FIXTURE
53-7062,50,5295,FIXTURE
53-7062,51,71067,FIXTURE
53-7062,53,63442,FIXTURE
53-7062,54,14769,FIXTURE
53-7062,55,48526,FIXTURE
53-7062,56,4750,FIXTURE
53-7063,01,923,FIXTURE
53-7063,02,135,FIXTURE
53-7063,04,1314,FIXTURE
53-7063,05,553,FIXTURE
53-7063,06,7262,FIXTURE
53-7063,08,1061,FIXTURE
53-7063,09,662,FIXTURE
53-7063,10,182,FIXTURE
53-7063,11,127,FIXTURE
53-7063,12,3956,FIXTURE
53-7063,13,1968,FIXTURE
53-7063,15,267,FIXTURE
53-7063,16,338,FIXTURE
53-7063,17,2353,FIXTURE
53-7063,18,1246,FIXTURE
53-7063,19,586,FIXTURE
53-7063,20,540,FIXTURE
53-7063,21,828,FIXTURE
53-7063,22,856,FIXTURE
53-7063,23,250,FIXTURE
53-7063,24,1135,FIXTURE
53-7063,25,1291,FIXTURE
53-7063,26,1851,FIXTURE
53-7063,27,1048,FIXTURE
53-7063,28,544,FIXTURE
53-7063,29,1131,FIXTURE
53-7063,30,199,FIXTURE
53-7063,31,360,FIXTURE
53-7063,32,570,FIXTURE
53-7063,33,253,FIXTURE
53-7063,34,1706,FIXTURE
53-7063,35,389,FIXTURE
53-7063,36,3711,FIXTURE
53-7063,37,1918,FIXTURE
53-7063,38,143,FIXTURE
53-7063,39,2167,FIXTURE
53-7063,40,727,FIXTURE
53-7063,41,778,FIXTURE
53-7063,42,2388,FIXTURE
53-7063,44,202,FIXTURE
53-7063,45,940,FIXTURE
53-7063,46,163,FIXTURE
53-7063,47,1269,FIXTURE
53-7063,48,5353,FIXTURE
53-7063,49,601,FIXTURE
53-7063,50,118,FIXTURE
53-7063,51,1585,FIXTURE
53-7063,53,1415,FIXTURE
53-7063,54,329,FIXTURE
53-7063,55,1083,FIXTURE
53-7063,56,106,FIXTURE
53-7064,01,8872,FIXTURE
53-7064,02,1295,FIXTURE
53-7064,04,12628,FIXTURE
53-7064,05,5318,FIXTURE
53-7064,06,69816,FIXTURE
53-7064,08,10195,FIXTURE
53-7064,09,6367,FIXTURE
53-7064,10,1748,FIXTURE
53-7064,11,1218,FIXTURE
53-7064,12,38032,FIXTURE
53-7064,13,18915,FIXTURE
53-7064,15,2570,FIXTURE
53-7064,16,3247,FIXTURE
53-7064,17,22624,FIXTURE
53-7064,18,11982,FIXTURE
53-7064,19,5634,FIXTURE
53-7064,20,5188,FIXTURE
53-7064,21,7956,FIXTURE
53-7064,22,8225,FIXTURE
53-7064,23,2406,FIXTURE
53-7064,24,10908,FIXTURE
53-7064,25,12413,FIXTURE
53-7064,26,17794,FIXTURE
53-7064,27,10076,FIXTURE
53-7064,28,5229,FIXTURE
53-7064,29,10868,FIXTURE
53-7064,30,1915,FIXTURE
53-7064,31,3464,FIXTURE
53-7064,32,5482,FIXTURE
53-7064,33,2432,FIXTURE
53-7064,34,16402,FIXTURE
53-7064,35,3739,FIXTURE
53-7064,36,35671,FIXTURE
53-7064,37,18434,FIXTURE
53-7064,38,1376,FIXTURE
53-7064,39,20835,FIXTURE
53-7064,40,6991,FIXTURE
53-7064,41,7482,FIXTURE
53-7064,42,22960,FIXTURE
53-7064,44,1938,FIXTURE
53-7064,45,9038,FIXTURE
53-7064,46,1566,FIXTURE
53-7064,47,12203,FIXTURE
53-7064,48,51465,FIXTURE
53-7064,49,5777,FIXTURE
53-7064,50,1136,FIXTURE
53-7064,51,15241,FIXTURE
53-7064,53,13606,FIXTURE
53-7064,54,3167,FIXTURE
53-7064,55,10407,FIXTURE
53-7064,56,1019,FIXTURE
53-7065,01,37160,FIXTURE
53-7065,02,5424,FIXTURE
53-7065,04,52893,FIXTURE
53-7065,05,22274,FIXTURE
53-7065,06,292428,FIXTURE
53-7065,08,42703,FIXTURE
53-7065,09,26670,FIXTURE
53-7065,10,7322,FIXTURE
53-7065,11,5100,FIXTURE
53-7065,12,159299,FIXTURE
53-7065,13,79226,FIXTURE
53-7065,15,10763,FIXTURE
53-7065,16,13602,FIXTURE
53-7065,17,94763,FIXTURE
53-7065,18,50186,FIXTURE
53-7065,19,23596,FIXTURE
53-7065,20,21729,FIXTURE
53-7065,21,33326,FIXTURE
53-7065,22,34449,FIXTURE
53-7065,23,10076,FIXTURE
53-7065,24,45687,FIXTURE
53-7065,25,51994,FIXTURE
53-7065,26,74533,FIXTURE
53-7065,27,42206,FIXTURE
53-7065,28,21902,FIXTURE
53-7065,29,45522,FIXTURE
53-7065,30,8019,FIXTURE
53-7065,31,14508,FIXTURE
53-7065,32,22962,FIXTURE
53-7065,33,10188,FIXTURE
53-7065,34,68702,FIXTURE
53-7065,35,15661,FIXTURE
53-7065,36,149410,FIXTURE
53-7065,37,77211,FIXTURE
53-7065,38,5762,FIXTURE
53-7065,39,87270,FIXTURE
53-7065,40,29284,FIXTURE
53-7065,41,31339,FIXTURE
53-7065,42,96169,FIXTURE
53-7065,44,8116,FIXTURE
53-7065,45,37856,FIXTURE
53-7065,46,6558,FIXTURE
53-7065,47,51113,FIXTURE
53-7065,48,215563,FIXTURE
53-7065,49,24197,FIXTURE
53-7065,50,4756,FIXTURE
53-7065,51,63839,FIXTURE
53-7065,53,56989,FIXTURE
53-7065,54,13267,FIXTURE
53-7065,55,43591,FIXTURE
53-7065,56,4267,FIXTURE
53-7071,01,44,FIXTURE
53-7071,02,6,FIXTURE
53-7071,04,63,FIXTURE
53-7071,05,26,FIXTURE
53-7071,06,347,FIXTURE
53-7071,08,51,FIXTURE
53-7071,09,32,FIXTURE
53-7071,10,9,FIXTURE
53-7071,11,6,FIXTURE
53-7071,12,189,FIXTURE
53-7071,13,94,FIXTURE
53-7071,15,13,FIXTURE
53-7071,16,16,FIXTURE
53-7071,17,112,FIXTURE
53-7071,18,59,FIXTURE
53-7071,19,28,FIXTURE
53-7071,20,26,FIXTURE
53-7071,21,39,FIXTURE
53-7071,22,41,FIXTURE
53-7071,23,12,FIXTURE
53-7071,24,54,FIXTURE
53-7071,25,62,FIXTURE
53-7071,26,88,FIXTURE
53-7071,27,50,FIXTURE
53-7071,28,26,FIXTURE
53-7071,29,54,FIXTURE
53-7071,30,9,FIXTURE
53-7071,31,17,FIXTURE
53-7071,32,27,FIXTURE
53-7071,33,12,FIXTURE
53-7071,34,81,FIXTURE
53-7071,35,19,FIXTURE
53-7071,36,177,FIXTURE
53-7071,37,92,FIXTURE
53-7071,38,7,FIXTURE
53-7071,39,104,FIXTURE
53-7071,40,35,FIXTURE
53-7071,41,37,FIXTURE
53-7071,42,114,FIXTURE
53-7071,44,10,FIXTURE
53-7071,45,45,FIXTURE
53-7071,46,8,FIXTURE
53-7071,47,61,FIXTURE
53-7071,48,256,FIXTURE
53-7071,49,29,FIXTURE
53-7071,50,6,FIXTURE
53-7071,51,76,FIXTURE
53-7071,53,68,FIXTURE
53-7071,54,16,FIXTURE
53-7071,55,52,FIXTURE
53-7071,56,5,FIXTURE
53-7072,01,161,FIXTURE
53-7072,02,23,FIXTURE
53-7072,04,229,FIXTURE
53-7072,05,96,FIXTURE
53-7072,06,1264,FIXTURE
53-7072,08,185,FIXTURE
53-7072,09,115,FIXTURE
53-7072,10,32,FIXTURE
53-7072,11,22,FIXTURE
53-7072,12,689,FIXTURE
53-7072,13,343,FIXTURE
53-7072,15,46,FIXTURE
53-7072,16,59,FIXTURE
53-7072,17,410,FIXTURE
53-7072,18,217,FIXTURE
53-7072,19,102,FIXTURE
53-7072,20,94,FIXTURE
53-7072,21,144,FIXTURE
53-7072,22,149,FIXTURE
53-7072,23,44,FIXTURE
53-7072,24,198,FIXTURE
53-7072,25,225,FIXTURE
53-7072,26,322,FIXTURE
53-7072,27,182,FIXTURE
53-7072,28,95,FIXTURE
53-7072,29,197,FIXTURE
53-7072,30,35,FIXTURE
53-7072,31,63,FIXTURE
53-7072,32,99,FIXTURE
53-7072,33,44,FIXTURE
53-7072,34,297,FIXTURE
53-7072,35,68,FIXTURE
53-7072,36,646,FIXTURE
53-7072,37,334,FIXTURE
53-7072,38,25,FIXTURE
53-7072,39,377,FIXTURE
53-7072,40,127,FIXTURE
53-7072,41,135,FIXTURE
53-7072,42,416,FIXTURE
53-7072,44,35,FIXTURE
53-7072,45,164,FIXTURE
53-7072,46,28,FIXTURE
53-7072,47,221,FIXTURE
53-7072,48,932,FIXTURE
53-7072,49,105,FIXTURE
53-7072,50,21,FIXTURE
53-7072,51,276,FIXTURE
53-7072,53,246,FIXTURE
53-7072,54,57,FIXTURE
53-7072,55,188,FIXTURE
53-7072,56,18,FIXTURE
53-7073,01,243,FIXTURE
53-7073,02,36,FIXTURE
53-7073,04,346,FIXTURE
53-7073,05,146,FIXTURE
53-7073,06,1913,FIXTURE
53-7073,08,279,FIXTURE
53-7073,09,175,FIXTURE
53-7073,10,48,FIXTURE
53-7073,11,33,FIXTURE
53-7073,12,1042,FIXTURE
53-7073,13,518,FIXTURE
53-7073,15,70,FIXTURE
53-7073,16,89,FIXTURE
53-7073,17,620,FIXTURE
53-7073,18,328,FIXTURE
53-7073,19,154,FIXTURE
53-7073,20,142,FIXTURE
53-7073,21,218,FIXTURE
53-7073,22,225,FIXTURE
53-7073,23,66,FIXTURE
53-7073,24,299,FIXTURE
53-7073,25,340,FIXTURE
53-7073,26,488,FIXTURE
53-7073,27,276,FIXTURE
53-7073,28,143,FIXTURE
53-7073,29,298,FIXTURE
53-7073,30,53,FIXTURE
53-7073,31,95,FIXTURE
53-7073,32,150,FIXTURE
53-7073,33,67,FIXTURE
53-7073,34,450,FIXTURE
53-7073,35,103,FIXTURE
53-7073,36,978,FIXTURE
53-7073,37,505,FIXTURE
53-7073,38,38,FIXTURE
53-7073,39,571,FIXTURE
53-7073,40,192,FIXTURE
53-7073,41,205,FIXTURE
53-7073,42,629,FIXTURE
53-7073,44,53,FIXTURE
53-7073,45,248,FIXTURE
53-7073,46,43,FIXTURE
53-7073,47,334,FIXTURE
53-7073,48,1411,FIXTURE
53-7073,49,158,FIXTURE
53-7073,50,31,FIXTURE
53-7073,51,418,FIXTURE
53-7073,53,373,FIXTURE
53-7073,54,87,FIXTURE
53-7073,55,285,FIXTURE
53-7073,56,28,FIXTURE
53-7081,01,1911,FIXTURE
53-7081,02,279,FIXTURE
53-7081,04,2720,FIXTURE
53-7081,05,1145,FIXTURE
53-7081,06,15036,FIXTURE
53-7081,08,2196,FIXTURE
53-7081,09,1371,FIXTURE
53-7081,10,377,FIXTURE
53-7081,11,262,FIXTURE
53-7081,12,8191,FIXTURE
53-7081,13,4074,FIXTURE
53-7081,15,554,FIXTURE
53-7081,16,699,FIXTURE
53-7081,17,4873,FIXTURE
53-7081,18,2581,FIXTURE
53-7081,19,1213,FIXTURE
53-7081,20,1117,FIXTURE
53-7081,21,1714,FIXTURE
53-7081,22,1771,FIXTURE
53-7081,23,518,FIXTURE
53-7081,24,2349,FIXTURE
53-7081,25,2674,FIXTURE
53-7081,26,3832,FIXTURE
53-7081,27,2170,FIXTURE
53-7081,28,1126,FIXTURE
53-7081,29,2341,FIXTURE
53-7081,30,412,FIXTURE
53-7081,31,746,FIXTURE
53-7081,32,1181,FIXTURE
53-7081,33,524,FIXTURE
53-7081,34,3533,FIXTURE
53-7081,35,805,FIXTURE
53-7081,36,7683,FIXTURE
53-7081,37,3970,FIXTURE
53-7081,38,296,FIXTURE
53-7081,39,4487,FIXTURE
53-7081,40,1506,FIXTURE
53-7081,41,1611,FIXTURE
53-7081,42,4945,FIXTURE
53-7081,44,417,FIXTURE
53-7081,45,1947,FIXTURE
53-7081,46,337,FIXTURE
53-7081,47,2628,FIXTURE
53-7081,48,11084,FIXTURE
53-7081,49,1244,FIXTURE
53-7081,50,245,FIXTURE
53-7081,51,3283,FIXTURE
53-7081,53,2930,FIXTURE
53-7081,54,682,FIXTURE
53-7081,55,2241,FIXTURE
53-7081,56,219,FIXTURE
53-7121,01,183,FIXTURE
53-7121,02,27,FIXTURE
53-7121,04,261,FIXTURE
53-7121,05,110,FIXTURE
53-7121,06,1442,FIXTURE
53-7121,08,211,FIXTURE
53-7121,09,132,FIXTURE
53-7121,10,36,FIXTURE
53-7121,11,25,FIXTURE
53-7121,12,786,FIXTURE
53-7121,13,391,FIXTURE
53-7121,15,53,FIXTURE
53-7121,16,67,FIXTURE
53-7121,17,467,FIXTURE
53-7121,18,248,FIXTURE
53-7121,19,116,FIXTURE
53-7121,20,107,FIXTURE
53-7121,21,164,FIXTURE
53-7121,22,170,FIXTURE
53-7121,23,50,FIXTURE
53-7121,24,225,FIXTURE
53-7121,25,256,FIXTURE
53-7121,26,368,FIXTURE
53-7121,27,208,FIXTURE
53-7121,28,108,FIXTURE
53-7121,29,225,FIXTURE
53-7121,30,40,FIXTURE
53-7121,31,72,FIXTURE
53-7121,32,113,FIXTURE
53-7121,33,50,FIXTURE
53-7121,34,339,FIXTURE
53-7121,35,77,FIXTURE
53-7121,36,737,FIXTURE
53-7121,37,381,FIXTURE
53-7121,38,28,FIXTURE
53-7121,39,430,FIXTURE
53-7121,40,144,FIXTURE
53-7121,41,155,FIXTURE
53-7121,42,474,FIXTURE
53-7121,44,40,FIXTURE
53-7121,45,187,FIXTURE
53-7121,46,32,FIXTURE
53-7121,47,252,FIXTURE
53-7121,48,1063,FIXTURE
53-7121,49,119,FIXTURE
53-7121,50,24,FIXTURE
53-7121,51,315,FIXTURE
53-7121,53,281,FIXTURE
53-7121,54,65,FIXTURE
53-7121,55,215,FIXTURE
53-7121,56,21,FIXTURE
53-7199,01,341,FIXTURE
53-7199,02,50,FIXTURE
53-7199,04,485,FIXTURE
53-7199,05,204,FIXTURE
53-7199,06,2680,FIXTURE
53-7199,08,391,FIXTURE
53-7199,09,244,FIXTURE
53-7199,10,67,FIXTURE
53-7199,11,47,FIXTURE
53-7199,12,1460,FIXTURE
53-7199,13,726,FIXTURE
53-7199,15,99,FIXTURE
53-7199,16,125,FIXTURE
53-7199,17,869,FIXTURE
53-7199,18,460,FIXTURE
53-7199,19,216,FIXTURE
53-7199,20,199,FIXTURE
53-7199,21,305,FIXTURE
53-7199,22,316,FIXTURE
53-7199,23,92,FIXTURE
53-7199,24,419,FIXTURE
53-7199,25,477,FIXTURE
53-7199,26,683,FIXTURE
53-7199,27,387,FIXTURE
53-7199,28,201,FIXTURE
53-7199,29,417,FIXTURE
53-7199,30,73,FIXTURE
53-7199,31,133,FIXTURE
53-7199,32,210,FIXTURE
53-7199,33,93,FIXTURE
53-7199,34,630,FIXTURE
53-7199,35,144,FIXTURE
53-7199,36,1370,FIXTURE
53-7199,37,708,FIXTURE
53-7199,38,53,FIXTURE
53-7199,39,800,FIXTURE
53-7199,40,268,FIXTURE
53-7199,41,287,FIXTURE
53-7199,42,881,FIXTURE
53-7199,44,74,FIXTURE
53-7199,45,347,FIXTURE
53-7199,46,60,FIXTURE
53-7199,47,469,FIXTURE
53-7199,48,1976,FIXTURE
53-7199,49,222,FIXTURE
53-7199,50,44,FIXTURE
53-7199,51,585,FIXTURE
53-7199,53,522,FIXTURE
53-7199,54,122,FIXTURE
53-7199,55,400,FIXTURE
53-7199,56,39,FIXTURE
