occ_code,title,major_group,cluster_id,cluster_title,emp_national,wage_mean_annual,wage_p10_annual,wage_median_annual,baseline_growth_10y,source_tag,eloundou_beta,n_tasks,growth_match_level,wage_imputed,beta_imputed,cluster_size,cluster_rule
11-1011,Chief Executives,11,c001,Chief Executives,204350,269630.0,75700.0,213990.0,-0.057,partial:OEWS_May2025;EP_2020-30,0.4386111111111111,49,detailed,0,0,1,single
11-1021,General and Operations Managers,11,c002,General and Operations Managers,3503020,134940.0,50090.0,105770.0,0.094,partial:OEWS_May2025;EP_2020-30,0.4326923076923077,17,detailed,0,0,1,anchor
11-1031,Legislators,11,c003,Legislators,44590,57110.0,17850.0,37270.0,0.076,partial:OEWS_May2025;EP_2020-30,0.4583333333333333,30,detailed,0,0,1,single
11-2011,Advertising and Promotions Managers,11,c006,Public Relations Managers (+2),21470,154280.0,63300.0,133660.0,0.10300000000000001,partial:OEWS_May2025;EP_2020-30,0.5116279069767442,30,detailed,0,0,3,merged
11-2021,Marketing Managers,11,c004,Marketing Managers,395240,177770.0,90260.0,166790.0,0.1,partial:OEWS_May2025;EP_2020-30,0.5390625,20,detailed,0,0,1,anchor
11-2022,Sales Managers,11,c005,Sales Managers,637080,164350.0,73170.0,148270.0,0.07,partial:OEWS_May2025;EP_2020-30,0.4666666666666667,17,detailed,0,0,1,anchor
11-2032,Public Relations Managers,11,c006,Public Relations Managers (+2),74850,164760.0,82410.0,146910.0,0.126,partial:OEWS_May2025;EP_2020-30,0.5625,20,broad,0,0,3,merged
11-2033,Fundraising Managers,11,c006,Public Relations Managers (+2),38810,140020.0,75130.0,125470.0,0.126,partial:OEWS_May2025;EP_2020-30,0.53125,16,broad,0,0,3,merged
11-3012,Administrative Services Managers,11,c007,Administrative Services Managers (+3),263960,129870.0,67100.0,114130.0,0.08900000000000001,partial:OEWS_May2025;EP_2020-30,0.44565217391304346,18,broad,0,0,4,merged
11-3013,Facilities Managers,11,c007,Administrative Services Managers (+3),156180,116890.0,64480.0,106660.0,0.08900000000000001,partial:OEWS_May2025;EP_2020-30,0.4021915584415584,39,broad,0,0,4,merged
11-3021,Computer and Information Systems Managers,11,c008,Computer and Information Systems Managers,670570,192160.0,107550.0,175140.0,0.109,partial:OEWS_May2025;EP_2020-30,0.5454545454545454,17,detailed,0,0,1,anchor
11-3031,Financial Managers,11,c009,Financial Managers,841710,186910.0,94310.0,166570.0,0.17300000000000001,partial:OEWS_May2025;EP_2020-30,0.4695929638912095,63,detailed,0,0,1,anchor
11-3051,Industrial Production Managers,11,c007,Administrative Services Managers (+3),246250,134170.0,78000.0,126060.0,0.053,partial:OEWS_May2025;EP_2020-30,0.36766130390835583,117,detailed,0,0,4,merged
11-3061,Purchasing Managers,11,c010,Purchasing Managers,84320,156360.0,92490.0,148080.0,0.061,partial:OEWS_May2025;EP_2020-30,0.5285714285714286,18,detailed,0,0,1,single
11-3071,"Transportation, Storage, and Distribution Managers",11,c007,Administrative Services Managers (+3),221180,121600.0,65120.0,107230.0,0.083,partial:OEWS_May2025;EP_2020-30,0.4797483766233766,60,detailed,0,0,4,merged
11-3111,Compensation and Benefits Managers,11,c011,Human Resources Managers (+2),22940,162640.0,89160.0,149230.0,0.04,partial:OEWS_May2025;EP_2020-30,0.48684210526315785,24,detailed,0,0,3,merged
11-3121,Human Resources Managers,11,c011,Human Resources Managers (+2),220660,164230.0,88200.0,149280.0,0.092,partial:OEWS_May2025;EP_2020-30,0.46499999999999997,26,detailed,0,0,3,merged
11-3131,Training and Development Managers,11,c011,Human Resources Managers (+2),48050,148370.0,79550.0,133000.0,0.107,partial:OEWS_May2025;EP_2020-30,0.48863636363636365,12,detailed,0,0,3,merged
11-9013,"Farmers, Ranchers, and Other Agricultural Managers",11,c012,"Farmers, Ranchers, and Other Agricultural Managers",6500,99820.0,54320.0,89900.0,-0.006999999999999999,partial:OEWS_May2025;EP_2020-30,0.3061224489795918,30,detailed,0,0,1,single
11-9021,Construction Managers,11,c013,Construction Managers,380360,124360.0,69690.0,114990.0,0.115,partial:OEWS_May2025;EP_2020-30,0.4222222222222223,25,detailed,0,0,1,anchor
11-9031,"Education and Childcare Administrators, Preschool and Daycare",11,c017,Food Service Managers (+3),73660,64800.0,38580.0,59300.0,0.114,partial:OEWS_May2025;EP_2020-30,0.4921875,17,detailed,0,0,4,merged
11-9032,"Education Administrators, Kindergarten through Secondary",11,c014,"Education Administrators, Kindergarten through Secondary",328330,116100.0,76280.0,105870.0,0.078,partial:OEWS_May2025;EP_2020-30,0.43636363636363634,32,detailed,0,0,1,anchor
11-9033,"Education Administrators, Postsecondary",11,c015,"Education Administrators, Postsecondary (+2)",180470,126540.0,64560.0,104590.0,0.075,partial:OEWS_May2025;EP_2020-30,0.4573170731707317,29,detailed,0,0,3,merged
11-9039,"Education Administrators, All Other",11,c015,"Education Administrators, Postsecondary (+2)",55130,101900.0,51910.0,95200.0,0.126,partial:OEWS_May2025;EP_2020-30,0.4238261032936537,0,detailed,0,1,3,merged
11-9041,Architectural and Engineering Managers,11,c016,Architectural and Engineering Managers,220260,181540.0,120810.0,171270.0,0.040999999999999995,partial:OEWS_May2025;EP_2020-30,0.3866995073891626,40,detailed,0,0,1,single
11-9051,Food Service Managers,11,c017,Food Service Managers (+3),238430,74880.0,45960.0,69390.0,0.149,partial:OEWS_May2025;EP_2020-30,0.40625,28,detailed,0,0,4,merged
11-9071,Gambling Managers,11,c015,"Education Administrators, Postsecondary (+2)",5030,103050.0,55960.0,93220.0,0.201,partial:OEWS_May2025;EP_2020-30,0.5294117647058824,19,detailed,0,0,3,merged
11-9072,"Entertainment and Recreation Managers, Except Gambling",11,c017,Food Service Managers (+3),37980,89750.0,46270.0,79520.0,0.092,partial:OEWS_May2025;EP_2020-30,0.3676470588235294,17,minor,0,0,4,merged
11-9081,Lodging Managers,11,c017,Food Service Managers (+3),42620,78740.0,40070.0,69250.0,0.087,partial:OEWS_May2025;EP_2020-30,0.4184782608695652,24,detailed,0,0,4,merged
11-9111,Medical and Health Services Managers,11,c018,Medical and Health Services Managers,597080,140970.0,73390.0,123860.0,0.325,partial:OEWS_May2025;EP_2020-30,0.4,18,detailed,0,0,1,anchor
11-9121,Natural Sciences Managers,11,c019,Natural Sciences Managers,108690,180250.0,79710.0,167220.0,0.057999999999999996,partial:OEWS_May2025;EP_2020-30,0.5086146708924716,70,detailed,0,0,1,single
11-9131,Postmasters and Mail Superintendents,11,c020,Postmasters and Mail Superintendents,13810,97360.0,85090.0,96660.0,-0.077,partial:OEWS_May2025;EP_2020-30,0.488095238095238,13,detailed,0,0,1,single
11-9141,"Property, Real Estate, and Community Association Managers",11,c021,"Property, Real Estate, and Community Association Managers",311180,83710.0,41010.0,69990.0,0.031,partial:OEWS_May2025;EP_2020-30,0.4375,27,detailed,0,0,1,anchor
11-9151,Social and Community Service Managers,11,c022,Social and Community Service Managers (+3),209330,88880.0,53150.0,80390.0,0.152,partial:OEWS_May2025;EP_2020-30,0.4196428571428571,16,detailed,0,0,4,merged
11-9161,Emergency Management Directors,11,c022,Social and Community Service Managers (+3),13500,102420.0,54210.0,93330.0,0.062,partial:OEWS_May2025;EP_2020-30,0.5111111111111111,23,detailed,0,0,4,merged
11-9171,Funeral Home Managers,11,c022,Social and Community Service Managers (+3),13910,92840.0,49700.0,78790.0,0.032,partial:OEWS_May2025;EP_2020-30,0.4821428571428571,22,detailed,0,0,4,merged
11-9179,"Personal Service Managers, All Other",11,c022,Social and Community Service Managers (+3),10450,78190.0,44910.0,69770.0,0.092,partial:OEWS_May2025;EP_2020-30,0.3887163561076604,45,minor,0,0,4,merged
11-9199,"Managers, All Other",11,c023,"Managers, All Other",622190,153890.0,74300.0,141900.0,0.092,partial:OEWS_May2025;EP_2020-30,0.4783791940440964,138,minor,0,0,1,anchor
13-1011,"Agents and Business Managers of Artists, Performers, and Athletes",13,c029,Logisticians (+4),12620,141580.0,48010.0,82890.0,0.46299999999999997,partial:OEWS_May2025;EP_2020-30,0.45652173913043476,14,detailed,0,0,5,merged
13-1020,Buyers and Purchasing Agents,13,c024,Buyers and Purchasing Agents,491430,83770.0,48380.0,77710.0,-0.054000000000000006,partial:OEWS_May2025;EP_2020-30,0.41442495126705653,51,detailed,0,0,1,anchor
13-1031,"Claims Adjusters, Examiners, and Investigators",13,c025,"Claims Adjusters, Examiners, and Investigators",324230,80470.0,48850.0,78000.0,-0.027000000000000003,partial:OEWS_May2025;EP_2020-30,0.505,29,detailed,0,0,1,anchor
13-1032,"Insurance Appraisers, Auto Damage",13,c029,Logisticians (+4),11560,78900.0,58360.0,78240.0,0.006,partial:OEWS_May2025;EP_2020-30,0.5,7,detailed,0,0,5,merged
13-1041,Compliance Officers,13,c026,Compliance Officers,417070,88400.0,48220.0,80730.0,0.062,partial:OEWS_May2025;EP_2020-30,0.5264205276105768,150,detailed,0,0,1,anchor
13-1051,Cost Estimators,13,c029,Logisticians (+4),224220,85390.0,48530.0,78740.0,0.006,partial:OEWS_May2025;EP_2020-30,0.4903846153846154,14,detailed,0,0,5,merged
13-1071,Human Resources Specialists,13,c027,Human Resources Specialists,912430,81990.0,47180.0,75940.0,0.10400000000000001,partial:OEWS_May2025;EP_2020-30,0.6166666666666667,26,detailed,0,0,1,anchor
13-1074,Farm Labor Contractors,13,c028,Farm Labor Contractors,310,58470.0,30930.0,58460.0,0.106,partial:OEWS_May2025;EP_2020-30,0.07142857142857142,8,detailed,0,0,1,single
13-1075,Labor Relations Specialists,13,c029,Logisticians (+4),64810,98720.0,50490.0,95420.0,-0.043,partial:OEWS_May2025;EP_2020-30,0.49528301886792453,28,detailed,0,0,5,merged
13-1081,Logisticians,13,c029,Logisticians (+4),251040,89730.0,50890.0,82320.0,0.295,partial:OEWS_May2025;EP_2020-30,0.5622134954309731,83,detailed,0,0,5,merged
13-1082,Project Management Specialists,13,c030,Project Management Specialists,1066670,110740.0,61580.0,102320.0,0.09300000000000001,partial:OEWS_May2025;EP_2020-30,0.47500000000000003,20,minor,0,0,1,anchor
13-1111,Management Analysts,13,c031,Management Analysts,898280,113790.0,60640.0,101860.0,0.13699999999999998,partial:OEWS_May2025;EP_2020-30,0.4523809523809524,11,detailed,0,0,1,anchor
13-1121,"Meeting, Convention, and Event Planners",13,c032,"Meeting, Convention, and Event Planners (+1)",142860,66520.0,36830.0,61160.0,0.175,partial:OEWS_May2025;EP_2020-30,0.4256756756756757,21,detailed,0,0,2,merged
13-1131,Fundraisers,13,c032,"Meeting, Convention, and Event Planners (+1)",111040,77200.0,46630.0,72550.0,0.159,partial:OEWS_May2025;EP_2020-30,0.5048076923076923,28,detailed,0,0,2,merged
13-1141,"Compensation, Benefits, and Job Analysis Specialists",13,c033,"Compensation, Benefits, and Job Analysis Specialists",112380,84330.0,49480.0,78210.0,0.096,partial:OEWS_May2025;EP_2020-30,0.47368421052631576,24,detailed,0,0,1,single
13-1151,Training and Development Specialists,13,c034,Training and Development Specialists,458300,75550.0,38760.0,69280.0,0.10800000000000001,partial:OEWS_May2025;EP_2020-30,0.5723684210526315,20,detailed,0,0,1,anchor
13-1161,Market Research Analysts and Marketing Specialists,13,c035,Market Research Analysts and Marketing Specialists,899580,89490.0,43390.0,78760.0,0.221,partial:OEWS_May2025;EP_2020-30,0.5335750315258513,49,detailed,0,0,1,anchor
13-1199,"Business Operations Specialists, All Other",13,c036,"Business Operations Specialists, All Other",1087090,93970.0,47880.0,83050.0,0.09300000000000001,partial:OEWS_May2025;EP_2020-30,0.560415349816381,92,minor,0,0,1,anchor
13-2011,Accountants and Auditors,13,c037,Accountants and Auditors,1449500,94750.0,56020.0,83680.0,0.069,partial:OEWS_May2025;EP_2020-30,0.54,30,detailed,0,0,1,anchor
13-2020,Property Appraisers and Assessors,13,c040,Loan Officers (+6),57070,75770.0,40030.0,67960.0,0.044000000000000004,partial:OEWS_May2025;EP_2020-30,0.5245535714285714,44,detailed,0,0,7,merged
13-2031,Budget Analysts,13,c040,Loan Officers (+6),47160,96370.0,62250.0,91640.0,0.048,partial:OEWS_May2025;EP_2020-30,0.5800000000000001,13,detailed,0,0,7,merged
13-2041,Credit Analysts,13,c040,Loan Officers (+6),64390,100850.0,56250.0,83510.0,-0.057999999999999996,partial:OEWS_May2025;EP_2020-30,0.5555555555555556,11,detailed,0,0,7,merged
13-2051,Financial and Investment Analysts,13,c038,Financial and Investment Analysts,361980,116800.0,63720.0,102740.0,0.052000000000000005,partial:OEWS_May2025;EP_2020-30,0.4807692307692308,26,minor,0,0,1,anchor
13-2052,Personal Financial Advisors,13,c039,Personal Financial Advisors (+1),266800,156670.0,50190.0,105070.0,0.046,partial:OEWS_May2025;EP_2020-30,0.5855263157894737,21,detailed,0,0,2,merged
13-2053,Insurance Underwriters,13,c040,Loan Officers (+6),105420,93700.0,55530.0,81370.0,-0.018000000000000002,partial:OEWS_May2025;EP_2020-30,0.5357142857142857,7,detailed,0,0,7,merged
13-2054,Financial Risk Specialists,13,c039,Personal Financial Advisors (+1),63850,124420.0,64820.0,117330.0,0.052000000000000005,partial:OEWS_May2025;EP_2020-30,0.5583333333333333,30,minor,0,0,2,merged
13-2061,Financial Examiners,13,c040,Loan Officers (+6),67830,106240.0,56230.0,94160.0,0.179,partial:OEWS_May2025;EP_2020-30,0.5378787878787878,17,detailed,0,0,7,merged
13-2071,Credit Counselors,13,c041,Tax Preparers (+2),27770,57210.0,38350.0,52230.0,0.09,partial:OEWS_May2025;EP_2020-30,0.6590909090909092,23,detailed,0,0,3,merged
13-2072,Loan Officers,13,c040,Loan Officers (+6),274330,87790.0,39430.0,76690.0,0.013000000000000001,partial:OEWS_May2025;EP_2020-30,0.6193181818181819,30,detailed,0,0,7,merged
13-2081,"Tax Examiners and Collectors, and Revenue Agents",13,c041,Tax Preparers (+2),56610,70520.0,42000.0,62370.0,-0.037000000000000005,partial:OEWS_May2025;EP_2020-30,0.629032258064516,25,detailed,0,0,3,merged
13-2082,Tax Preparers,13,c041,Tax Preparers (+2),76480,60930.0,33760.0,54920.0,0.016,partial:OEWS_May2025;EP_2020-30,0.625,12,detailed,0,0,3,merged
13-2099,"Financial Specialists, All Other",13,c040,Loan Officers (+6),132130,93810.0,48460.0,81100.0,0.052000000000000005,partial:OEWS_May2025;EP_2020-30,0.5878378378378378,44,minor,0,0,7,merged
15-1211,Computer Systems Analysts,15,c042,Computer Systems Analysts,519530,114610.0,67340.0,105850.0,0.07,partial:OEWS_May2025;EP_2020-30,0.5854500891265597,39,detailed,0,0,1,anchor
15-1212,Information Security Analysts,15,c043,Information Security Analysts (+2),190650,132510.0,75090.0,129180.0,0.33299999999999996,partial:OEWS_May2025;EP_2020-30,0.5978260869565217,12,detailed,0,0,3,merged
15-1221,Computer and Information Research Scientists,15,c043,Information Security Analysts (+2),37200,153930.0,82200.0,140300.0,0.21899999999999997,partial:OEWS_May2025;EP_2020-30,0.5673076923076923,15,detailed,0,0,3,merged
15-1231,Computer Network Support Specialists,15,c044,Computer Network Support Specialists,146190,81870.0,47120.0,76220.0,0.075,partial:OEWS_May2025;EP_2020-30,0.5865384615384617,26,detailed,0,0,1,single
15-1232,Computer User Support Specialists,15,c045,Computer User Support Specialists,717190,67330.0,40980.0,61860.0,0.08900000000000001,partial:OEWS_May2025;EP_2020-30,0.6388888888888888,16,detailed,0,0,1,anchor
15-1241,Computer Network Architects,15,c043,Information Security Analysts (+2),179740,139580.0,79900.0,134050.0,0.055,partial:OEWS_May2025;EP_2020-30,0.5892619680851063,59,detailed,0,0,3,merged
15-1242,Database Administrators,15,c049,Software Quality Assurance Analysts and Testers (+4),69990,110090.0,60230.0,104620.0,0.06,partial:OEWS_May2025;EP_2020-30,0.7661290322580645,18,broad,0,0,5,merged
15-1243,Database Architects,15,c046,Database Architects,67140,144440.0,86240.0,139500.0,0.06,partial:OEWS_May2025;EP_2020-30,0.7786246612466124,43,broad,0,0,1,single
15-1244,Network and Computer Systems Administrators,15,c047,Network and Computer Systems Administrators,314340,103680.0,62640.0,99130.0,0.054000000000000006,partial:OEWS_May2025;EP_2020-30,0.6216216216216217,20,detailed,0,0,1,anchor
15-1251,Computer Programmers,15,c049,Software Quality Assurance Analysts and Testers (+4),92230,105170.0,57710.0,100390.0,-0.099,partial:OEWS_May2025;EP_2020-30,0.8166666666666667,17,detailed,0,0,5,merged
15-1252,Software Developers,15,c048,Software Developers,1687890,148100.0,82460.0,135980.0,0.187,partial:OEWS_May2025;EP_2020-30,0.6578947368421052,19,broad,0,0,1,anchor
15-1253,Software Quality Assurance Analysts and Testers,15,c049,Software Quality Assurance Analysts and Testers (+4),186740,111490.0,61440.0,104300.0,0.187,partial:OEWS_May2025;EP_2020-30,0.7456140350877192,30,broad,0,0,5,merged
15-1254,Web Developers,15,c049,Software Quality Assurance Analysts and Testers (+4),70190,98770.0,48100.0,92650.0,0.187,partial:OEWS_May2025;EP_2020-30,0.7836538461538463,29,broad,0,0,5,merged
15-1255,Web and Digital Interface Designers,15,c049,Software Quality Assurance Analysts and Testers (+4),113330,117490.0,53750.0,104000.0,0.187,partial:OEWS_May2025;EP_2020-30,0.6916666666666667,54,broad,0,0,5,merged
15-1299,"Computer Occupations, All Other",15,c050,"Computer Occupations, All Other",435370,122230.0,55940.0,116580.0,0.092,partial:OEWS_May2025;EP_2020-30,0.6663749294184077,215,detailed,0,0,1,anchor
15-2011,Actuaries,15,c051,Actuaries,26670,141480.0,78570.0,130000.0,0.245,partial:OEWS_May2025;EP_2020-30,0.5185185185185185,15,detailed,0,0,1,single
15-2021,Mathematicians,15,c052,Mathematicians,2030,129260.0,69240.0,126710.0,0.027000000000000003,partial:OEWS_May2025;EP_2020-30,0.8452380952380952,11,detailed,0,0,1,single
15-2031,Operations Research Analysts,15,c053,Operations Research Analysts,108510,99730.0,57060.0,88940.0,0.24600000000000002,partial:OEWS_May2025;EP_2020-30,0.6290322580645161,16,detailed,0,0,1,single
15-2041,Statisticians,15,c054,Data Scientists (+1),29030,115700.0,64000.0,105650.0,0.354,partial:OEWS_May2025;EP_2020-30,0.725,44,detailed,0,0,2,merged
15-2051,Data Scientists,15,c054,Data Scientists (+1),262440,126800.0,67240.0,120230.0,0.28,partial:OEWS_May2025;EP_2020-30,0.6381628787878788,54,minor,0,0,2,merged
15-2099,"Mathematical Science Occupations, All Other",15,c055,"Mathematical Science Occupations, All Other",3720,91550.0,47980.0,81490.0,0.28,partial:OEWS_May2025;EP_2020-30,0.7583333333333333,19,minor,0,0,1,single
17-1011,"Architects, Except Landscape and Naval",17,c056,"Architects, Except Landscape and Naval (+2)",106770,106260.0,62300.0,99280.0,0.031,partial:OEWS_May2025;EP_2020-30,0.45930232558139533,24,detailed,0,0,3,merged
17-1012,Landscape Architects,17,c056,"Architects, Except Landscape and Naval (+2)",19600,88780.0,54770.0,79870.0,-0.003,partial:OEWS_May2025;EP_2020-30,0.39473684210526316,19,detailed,0,0,3,merged
17-1021,Cartographers and Photogrammetrists,17,c056,"Architects, Except Landscape and Naval (+2)",14260,86690.0,53740.0,81390.0,0.054000000000000006,partial:OEWS_May2025;EP_2020-30,0.49,14,detailed,0,0,3,merged
17-1022,Surveyors,17,c057,Surveyors,50830,80570.0,46880.0,75440.0,0.016,partial:OEWS_May2025;EP_2020-30,0.46493055555555557,40,detailed,0,0,1,single
17-2011,Aerospace Engineers,17,c062,Electrical Engineers (+4),67710,142060.0,86700.0,134960.0,0.083,partial:OEWS_May2025;EP_2020-30,0.5446428571428571,18,detailed,0,0,5,merged
17-2021,Agricultural Engineers,17,c058,Agricultural Engineers,1480,108230.0,68060.0,98590.0,0.045,partial:OEWS_May2025;EP_2020-30,0.37962962962962965,14,detailed,0,0,1,single
17-2031,Bioengineers and Biomedical Engineers,17,c062,Electrical Engineers (+4),23480,116890.0,71850.0,109370.0,0.059000000000000004,partial:OEWS_May2025;EP_2020-30,0.5641025641025641,30,detailed,0,0,5,merged
17-2041,Chemical Engineers,17,c059,Chemical Engineers,21070,129980.0,79420.0,125040.0,0.09300000000000001,partial:OEWS_May2025;EP_2020-30,0.40384615384615385,13,detailed,0,0,1,single
17-2051,Civil Engineers,17,c060,Civil Engineers,367840,108670.0,68240.0,100840.0,0.08199999999999999,partial:OEWS_May2025;EP_2020-30,0.46834415584415584,71,detailed,0,0,1,anchor
17-2061,Computer Hardware Engineers,17,c061,Computer Hardware Engineers,76660,162670.0,92940.0,161740.0,0.015,partial:OEWS_May2025;EP_2020-30,0.5227272727272727,18,detailed,0,0,1,single
17-2071,Electrical Engineers,17,c062,Electrical Engineers (+4),198750,125100.0,76550.0,120630.0,0.068,partial:OEWS_May2025;EP_2020-30,0.484375,22,detailed,0,0,5,merged
17-2072,"Electronics Engineers, Except Computer",17,c062,Electrical Engineers (+4),96900,137280.0,81840.0,130220.0,0.062,partial:OEWS_May2025;EP_2020-30,0.5339635854341735,42,detailed,0,0,5,merged
17-2081,Environmental Engineers,17,c062,Electrical Engineers (+4),38340,112910.0,69990.0,107110.0,0.037000000000000005,partial:OEWS_May2025;EP_2020-30,0.5277777777777778,28,detailed,0,0,5,merged
17-2111,"Health and Safety Engineers, Except Mining Safety Engineers and Inspectors",17,c065,Mechanical Engineers (+4),21450,119770.0,68420.0,115160.0,0.061,partial:OEWS_May2025;EP_2020-30,0.5359615384615385,40,detailed,0,0,5,merged
17-2112,Industrial Engineers,17,c063,Industrial Engineers,365740,109900.0,74370.0,102440.0,0.13699999999999998,partial:OEWS_May2025;EP_2020-30,0.5371996480563109,92,detailed,0,0,1,anchor
17-2121,Marine Engineers and Naval Architects,17,c065,Mechanical Engineers (+4),8250,124180.0,83010.0,112230.0,0.039,partial:OEWS_May2025;EP_2020-30,0.4122807017543859,30,detailed,0,0,5,merged
17-2131,Materials Engineers,17,c064,Materials Engineers,22770,120250.0,72300.0,112860.0,0.084,partial:OEWS_May2025;EP_2020-30,0.4024390243902439,21,detailed,0,0,1,single
17-2141,Mechanical Engineers,17,c065,Mechanical Engineers (+4),296810,113610.0,73990.0,104110.0,0.07,partial:OEWS_May2025;EP_2020-30,0.5160282717738258,79,detailed,0,0,5,merged
17-2151,"Mining and Geological Engineers, Including Mining Safety Engineers",17,c065,Mechanical Engineers (+4),6080,115410.0,67490.0,106220.0,0.039,partial:OEWS_May2025;EP_2020-30,0.4907407407407407,18,detailed,0,0,5,merged
17-2161,Nuclear Engineers,17,c066,Petroleum Engineers (+1),15280,140420.0,92960.0,133970.0,-0.084,partial:OEWS_May2025;EP_2020-30,0.5125000000000001,20,detailed,0,0,2,merged
17-2171,Petroleum Engineers,17,c066,Petroleum Engineers (+1),18060,157150.0,81440.0,144910.0,0.076,partial:OEWS_May2025;EP_2020-30,0.47916666666666663,23,detailed,0,0,2,merged
17-2199,"Engineers, All Other",17,c065,Mechanical Engineers (+4),154070,125330.0,66810.0,122930.0,0.027000000000000003,partial:OEWS_May2025;EP_2020-30,0.48441145838008803,179,detailed,0,0,5,merged
17-3011,Architectural and Civil Drafters,17,c067,Architectural and Civil Drafters (+6),103700,70740.0,46260.0,66150.0,-0.009000000000000001,partial:OEWS_May2025;EP_2020-30,0.53,28,detailed,0,0,7,merged
17-3012,Electrical and Electronics Drafters,17,c067,Architectural and Civil Drafters (+6),17920,81280.0,50040.0,76870.0,0.023,partial:OEWS_May2025;EP_2020-30,0.5319148936170213,30,detailed,0,0,7,merged
17-3013,Mechanical Drafters,17,c067,Architectural and Civil Drafters (+6),39960,75060.0,48360.0,71550.0,-0.047,partial:OEWS_May2025;EP_2020-30,0.48275862068965514,15,detailed,0,0,7,merged
17-3019,"Drafters, All Other",17,c067,Architectural and Civil Drafters (+6),14470,68250.0,43420.0,63520.0,-0.054000000000000006,partial:OEWS_May2025;EP_2020-30,0.4259292903960859,0,detailed,0,1,7,merged
17-3021,Aerospace Engineering and Operations Technologists and Technicians,17,c068,Electrical and Electronic Engineering Technologists and Technicians (+5),11280,91310.0,59050.0,82890.0,0.08900000000000001,partial:OEWS_May2025;EP_2020-30,0.275,12,detailed,0,0,6,merged
17-3022,Civil Engineering Technologists and Technicians,17,c067,Architectural and Civil Drafters (+6),68520,68990.0,44220.0,64950.0,0.018000000000000002,partial:OEWS_May2025;EP_2020-30,0.5340909090909092,15,detailed,0,0,7,merged
17-3023,Electrical and Electronic Engineering Technologists and Technicians,17,c068,Electrical and Electronic Engineering Technologists and Technicians (+5),95130,80680.0,49510.0,78190.0,0.016,partial:OEWS_May2025;EP_2020-30,0.36792452830188677,30,detailed,0,0,6,merged
17-3024,Electro-Mechanical and Mechatronics Technologists and Technicians,17,c068,Electrical and Electronic Engineering Technologists and Technicians (+5),15520,76420.0,47840.0,73900.0,-0.017,partial:OEWS_May2025;EP_2020-30,0.3042362002567394,52,detailed,0,0,6,merged
17-3025,Environmental Engineering Technologists and Technicians,17,c067,Architectural and Civil Drafters (+6),12190,64870.0,39910.0,59920.0,0.078,partial:OEWS_May2025;EP_2020-30,0.42105263157894735,26,detailed,0,0,7,merged
17-3026,Industrial Engineering Technologists and Technicians,17,c068,Electrical and Electronic Engineering Technologists and Technicians (+5),75570,70700.0,47300.0,66120.0,0.044000000000000004,partial:OEWS_May2025;EP_2020-30,0.39369089834515364,55,detailed,0,0,6,merged
17-3027,Mechanical Engineering Technologists and Technicians,17,c068,Electrical and Electronic Engineering Technologists and Technicians (+5),36190,76380.0,48400.0,74510.0,0.057,partial:OEWS_May2025;EP_2020-30,0.3469387755102041,48,detailed,0,0,6,merged
17-3028,Calibration Technologists and Technicians,17,c068,Electrical and Electronic Engineering Technologists and Technicians (+5),16540,74170.0,46680.0,67820.0,0.031,partial:OEWS_May2025;EP_2020-30,0.33333333333333337,15,broad,0,0,6,merged
17-3029,"Engineering Technologists and Technicians, Except Drafters, All Other",17,c069,"Engineering Technologists and Technicians, Except Drafters, All Other",59930,80960.0,47030.0,78350.0,0.031,partial:OEWS_May2025;EP_2020-30,0.26446360153256704,46,broad,0,0,1,single
17-3031,Surveying and Mapping Technicians,17,c067,Architectural and Civil Drafters (+6),58010,58000.0,37520.0,54240.0,0.037000000000000005,partial:OEWS_May2025;EP_2020-30,0.5053191489361701,30,detailed,0,0,7,merged
19-1011,Animal Scientists,19,c070,Animal Scientists,3100,88350.0,44350.0,68940.0,0.09699999999999999,partial:OEWS_May2025;EP_2020-30,0.6875,9,detailed,0,0,1,single
19-1012,Food Scientists and Technologists,19,c073,Conservation Scientists (+3),13060,95360.0,52920.0,88720.0,0.067,partial:OEWS_May2025;EP_2020-30,0.4230769230769231,13,detailed,0,0,4,merged
19-1013,Soil and Plant Scientists,19,c073,Conservation Scientists (+3),15730,87720.0,48680.0,78850.0,0.1,partial:OEWS_May2025;EP_2020-30,0.5597826086956522,27,detailed,0,0,4,merged
19-1021,Biochemists and Biophysicists,19,c071,Biochemists and Biophysicists,33830,129840.0,74290.0,127410.0,0.047,partial:OEWS_May2025;EP_2020-30,0.44886363636363635,24,detailed,0,0,1,single
19-1022,Microbiologists,19,c072,Microbiologists (+1),18940,97600.0,54670.0,87990.0,0.046,partial:OEWS_May2025;EP_2020-30,0.35416666666666663,14,detailed,0,0,2,merged
19-1023,Zoologists and Wildlife Biologists,19,c073,Conservation Scientists (+3),18120,83020.0,49100.0,76780.0,0.052000000000000005,partial:OEWS_May2025;EP_2020-30,0.488095238095238,14,detailed,0,0,4,merged
19-1029,"Biological Scientists, All Other",19,c074,"Medical Scientists, Except Epidemiologists (+3)",55850,106330.0,60430.0,98920.0,0.037000000000000005,partial:OEWS_May2025;EP_2020-30,0.5050530222144032,88,detailed,0,0,4,merged
19-1031,Conservation Scientists,19,c073,Conservation Scientists (+3),25950,77130.0,47550.0,73010.0,0.061,partial:OEWS_May2025;EP_2020-30,0.4595407326407874,65,detailed,0,0,4,merged
19-1032,Foresters,19,c072,Microbiologists (+1),10430,79170.0,50790.0,76400.0,0.1,partial:OEWS_May2025;EP_2020-30,0.3676470588235294,25,detailed,0,0,2,merged
19-1041,Epidemiologists,19,c074,"Medical Scientists, Except Epidemiologists (+3)",12090,97890.0,61270.0,87220.0,0.29600000000000004,partial:OEWS_May2025;EP_2020-30,0.5,15,detailed,0,0,4,merged
19-1042,"Medical Scientists, Except Epidemiologists",19,c074,"Medical Scientists, Except Epidemiologists (+3)",172340,116840.0,64800.0,103410.0,0.16899999999999998,partial:OEWS_May2025;EP_2020-30,0.5454545454545454,14,detailed,0,0,4,merged
19-1099,"Life Scientists, All Other",19,c074,"Medical Scientists, Except Epidemiologists (+3)",7460,107860.0,58670.0,93750.0,0.084,partial:OEWS_May2025;EP_2020-30,0.49531683000971377,0,detailed,0,1,4,merged
19-2011,Astronomers,19,c079,"Physical Scientists, All Other (+2)",2120,132920.0,78010.0,128820.0,0.045,partial:OEWS_May2025;EP_2020-30,0.4296875,17,detailed,0,0,3,merged
19-2012,Physicists,19,c075,Physicists,20430,171180.0,82110.0,172250.0,0.08800000000000001,partial:OEWS_May2025;EP_2020-30,0.6931818181818181,15,detailed,0,0,1,single
19-2021,Atmospheric and Space Scientists,19,c076,Atmospheric and Space Scientists (+1),10000,106110.0,53060.0,99070.0,0.083,partial:OEWS_May2025;EP_2020-30,0.5869565217391304,27,detailed,0,0,2,merged
19-2031,Chemists,19,c077,Chemists (+1),82770,100450.0,58460.0,91240.0,0.067,partial:OEWS_May2025;EP_2020-30,0.39,13,detailed,0,0,2,merged
19-2032,Materials Scientists,19,c079,"Physical Scientists, All Other (+2)",8470,126180.0,66820.0,117790.0,0.039,partial:OEWS_May2025;EP_2020-30,0.5,16,detailed,0,0,3,merged
19-2041,"Environmental Scientists and Specialists, Including Health",19,c078,"Environmental Scientists and Specialists, Including Health",89250,91680.0,52520.0,82220.0,0.084,partial:OEWS_May2025;EP_2020-30,0.6160101049536224,97,detailed,0,0,1,single
19-2042,"Geoscientists, Except Hydrologists and Geographers",19,c077,Chemists (+1),23470,116150.0,59330.0,101920.0,0.07,partial:OEWS_May2025;EP_2020-30,0.4722222222222222,32,detailed,0,0,2,merged
19-2043,Hydrologists,19,c076,Atmospheric and Space Scientists (+1),5850,103600.0,64020.0,96600.0,0.055999999999999994,partial:OEWS_May2025;EP_2020-30,0.515625,25,detailed,0,0,2,merged
19-2099,"Physical Scientists, All Other",19,c079,"Physical Scientists, All Other (+2)",22300,129230.0,67000.0,122570.0,0.01,partial:OEWS_May2025;EP_2020-30,0.45108695652173914,24,detailed,0,0,3,merged
19-3011,Economists,19,c080,Economists (+1),17790,142130.0,67360.0,124720.0,0.131,partial:OEWS_May2025;EP_2020-30,0.5849780701754386,33,detailed,0,0,2,merged
19-3022,Survey Researchers,19,c081,Survey Researchers,8290,79580.0,39260.0,69460.0,0.043,partial:OEWS_May2025;EP_2020-30,0.734375,16,detailed,0,0,1,single
19-3032,Industrial-Organizational Psychologists,19,c082,Industrial-Organizational Psychologists,790,170230.0,79010.0,193950.0,0.022000000000000002,partial:OEWS_May2025;EP_2020-30,0.538888888888889,25,detailed,0,0,1,single
19-3033,Clinical and Counseling Psychologists,19,c083,Clinical and Counseling Psychologists (+4),75990,112750.0,55170.0,100580.0,0.076,partial:OEWS_May2025;EP_2020-30,0.43981481481481477,30,broad,0,0,5,merged
19-3034,School Psychologists,19,c083,Clinical and Counseling Psychologists (+4),63940,99160.0,63070.0,95990.0,0.076,partial:OEWS_May2025;EP_2020-30,0.4864864864864865,19,broad,0,0,5,merged
19-3039,"Psychologists, All Other",19,c084,"Psychologists, All Other",18820,111210.0,54990.0,110840.0,0.02,partial:OEWS_May2025;EP_2020-30,0.3680555555555556,32,detailed,0,0,1,single
19-3041,Sociologists,19,c083,Clinical and Counseling Psychologists (+4),2260,114920.0,65160.0,106030.0,0.048,partial:OEWS_May2025;EP_2020-30,0.576923076923077,13,detailed,0,0,5,merged
19-3051,Urban and Regional Planners,19,c083,Clinical and Counseling Psychologists (+4),44230,94750.0,60010.0,89320.0,0.068,partial:OEWS_May2025;EP_2020-30,0.5284090909090909,25,detailed,0,0,5,merged
19-3091,Anthropologists and Archeologists,19,c085,Anthropologists and Archeologists (+1),8990,75620.0,49050.0,70770.0,0.07400000000000001,partial:OEWS_May2025;EP_2020-30,0.47844827586206895,30,detailed,0,0,2,merged
19-3092,Geographers,19,c083,Clinical and Counseling Psychologists (+4),1400,102350.0,66770.0,102040.0,0.011000000000000001,partial:OEWS_May2025;EP_2020-30,0.4375,12,detailed,0,0,5,merged
19-3093,Historians,19,c085,Anthropologists and Archeologists (+1),3450,81240.0,42730.0,76750.0,0.055,partial:OEWS_May2025;EP_2020-30,0.48684210526315785,21,detailed,0,0,2,merged
19-3094,Political Scientists,19,c080,Economists (+1),5540,142510.0,83350.0,142080.0,0.086,partial:OEWS_May2025;EP_2020-30,0.5104166666666666,14,detailed,0,0,2,merged
19-3099,"Social Scientists and Related Workers, All Other",19,c086,"Social Scientists and Related Workers, All Other",37100,107690.0,66120.0,101110.0,0.028999999999999998,partial:OEWS_May2025;EP_2020-30,0.5930232558139534,22,detailed,0,0,1,single
19-4012,Agricultural Technicians,19,c087,Biological Technicians (+5),15130,53840.0,35980.0,49630.0,0.079,partial:OEWS_May2025;EP_2020-30,0.3715277777777778,48,broad,0,0,6,merged
19-4013,Food Science Technicians,19,c087,Biological Technicians (+5),14600,56660.0,39820.0,52130.0,0.079,partial:OEWS_May2025;EP_2020-30,0.3214285714285714,16,broad,0,0,6,merged
19-4021,Biological Technicians,19,c087,Biological Technicians (+5),69620,61380.0,40330.0,57510.0,0.067,partial:OEWS_May2025;EP_2020-30,0.3416666666666667,18,detailed,0,0,6,merged
19-4031,Chemical Technicians,19,c087,Biological Technicians (+5),57540,63900.0,41740.0,60390.0,0.05,partial:OEWS_May2025;EP_2020-30,0.39285714285714285,16,detailed,0,0,6,merged
19-4042,"Environmental Science and Protection Technicians, Including Health",19,c091,"Life, Physical, and Social Science Technicians, All Other (+2)",34670,60800.0,38170.0,55090.0,0.106,partial:OEWS_May2025;EP_2020-30,0.4388888888888889,26,detailed,0,0,3,merged
19-4043,"Geological Technicians, Except Hydrologic Technicians",19,c087,Biological Technicians (+5),6980,61870.0,35770.0,53350.0,0.099,partial:OEWS_May2025;EP_2020-30,0.3475609756097561,30,broad,0,0,6,merged
19-4044,Hydrologic Technicians,19,c091,"Life, Physical, and Social Science Technicians, All Other (+2)",2840,69530.0,44950.0,64790.0,0.099,partial:OEWS_May2025;EP_2020-30,0.515625,16,broad,0,0,3,merged
19-4051,Nuclear Technicians,19,c088,Nuclear Technicians,6470,108940.0,73150.0,110240.0,-0.124,partial:OEWS_May2025;EP_2020-30,0.23457792207792205,40,detailed,0,0,1,single
19-4061,Social Science Research Assistants,19,c089,Social Science Research Assistants,30640,66140.0,38090.0,61990.0,0.084,partial:OEWS_May2025;EP_2020-30,0.643939393939394,23,detailed,0,0,1,single
19-4071,Forest and Conservation Technicians,19,c087,Biological Technicians (+5),30410,59060.0,40330.0,54560.0,0.006999999999999999,partial:OEWS_May2025;EP_2020-30,0.3269230769230769,21,detailed,0,0,6,merged
19-4092,Forensic Science Technicians,19,c090,Forensic Science Technicians,19120,79200.0,48250.0,72060.0,0.156,partial:OEWS_May2025;EP_2020-30,0.29032258064516125,21,detailed,0,0,1,single
19-4099,"Life, Physical, and Social Science Technicians, All Other",19,c091,"Life, Physical, and Social Science Technicians, All Other (+2)",73910,66280.0,39000.0,62280.0,0.083,partial:OEWS_May2025;EP_2020-30,0.5040322580645161,48,detailed,0,0,3,merged
19-5011,Occupational Health and Safety Specialists,19,c092,Occupational Health and Safety Specialists,140610,93860.0,55000.0,90150.0,0.07,partial:OEWS_May2025;EP_2020-30,0.34523809523809523,21,detailed,0,0,1,single
19-5012,Occupational Health and Safety Technicians,19,c093,Occupational Health and Safety Technicians,30590,68120.0,46280.0,61560.0,0.09,partial:OEWS_May2025;EP_2020-30,0.40625,26,detailed,0,0,1,single
21-1012,"Educational, Guidance, and Career Counselors and Advisors",21,c094,"Educational, Guidance, and Career Counselors and Advisors",353310,71430.0,45020.0,64330.0,0.115,partial:OEWS_May2025;EP_2020-30,0.30701754385964913,34,detailed,0,0,1,anchor
21-1013,Marriage and Family Therapists,21,c095,Marriage and Family Therapists,66740,76960.0,44650.0,66940.0,0.16399999999999998,partial:OEWS_May2025;EP_2020-30,0.19444444444444445,16,detailed,0,0,1,single
21-1015,Rehabilitation Counselors,21,c096,Rehabilitation Counselors,94740,51820.0,35060.0,46850.0,0.10400000000000001,partial:OEWS_May2025;EP_2020-30,0.41129032258064513,17,detailed,0,0,1,single
21-1018,"Substance Abuse, Behavioral Disorder, and Mental Health Counselors",21,c097,"Substance Abuse, Behavioral Disorder, and Mental Health Counselors",491930,64440.0,38940.0,59350.0,0.22899999999999998,partial:OEWS_May2025;EP_2020-30,0.25212418300653594,50,detailed,0,0,1,anchor
21-1019,"Counselors, All Other",21,c099,Healthcare Social Workers (+6),28580,58210.0,36240.0,50860.0,0.08900000000000001,partial:OEWS_May2025;EP_2020-30,0.32830597972058945,0,detailed,0,1,7,merged
21-1021,"Child, Family, and School Social Workers",21,c098,"Child, Family, and School Social Workers",392550,64000.0,42280.0,59550.0,0.126,partial:OEWS_May2025;EP_2020-30,0.2714285714285714,23,detailed,0,0,1,anchor
21-1022,Healthcare Social Workers,21,c099,Healthcare Social Workers (+6),187630,71790.0,46220.0,67880.0,0.132,partial:OEWS_May2025;EP_2020-30,0.3828125,17,detailed,0,0,7,merged
21-1023,Mental Health and Substance Abuse Social Workers,21,c099,Healthcare Social Workers (+6),132810,68030.0,39740.0,60280.0,0.149,partial:OEWS_May2025;EP_2020-30,0.3125,13,detailed,0,0,7,merged
21-1029,"Social Workers, All Other",21,c099,Healthcare Social Workers (+6),62930,75910.0,43620.0,71900.0,0.057999999999999996,partial:OEWS_May2025;EP_2020-30,0.32830597972058945,0,detailed,0,1,7,merged
21-1091,Health Education Specialists,21,c100,Health Education Specialists,65690,73280.0,42990.0,64070.0,0.124,partial:OEWS_May2025;EP_2020-30,0.5161290322580645,16,detailed,0,0,1,single
21-1092,Probation Officers and Correctional Treatment Specialists,21,c099,Healthcare Social Workers (+6),89390,73130.0,46840.0,66270.0,0.038,partial:OEWS_May2025;EP_2020-30,0.42105263157894735,21,detailed,0,0,7,merged
21-1093,Social and Human Service Assistants,21,c101,Social and Human Service Assistants,437860,47690.0,34200.0,45930.0,0.166,partial:OEWS_May2025;EP_2020-30,0.3839285714285714,20,detailed,0,0,1,anchor
21-1094,Community Health Workers,21,c099,Healthcare Social Workers (+6),61660,56180.0,38810.0,51850.0,0.21,partial:OEWS_May2025;EP_2020-30,0.3333333333333333,29,detailed,0,0,7,merged
21-1099,"Community and Social Service Specialists, All Other",21,c099,Healthcare Social Workers (+6),107730,59590.0,37310.0,56730.0,0.133,partial:OEWS_May2025;EP_2020-30,0.32830597972058945,0,detailed,0,1,7,merged
21-2011,Clergy,21,c102,Clergy,57200,66860.0,37860.0,60810.0,0.025,partial:OEWS_May2025;EP_2020-30,0.2857142857142857,21,detailed,0,0,1,single
21-2021,"Directors, Religious Activities and Education",21,c103,"Directors, Religious Activities and Education",22160,62100.0,34670.0,52100.0,0.022000000000000002,partial:OEWS_May2025;EP_2020-30,0.446969696969697,19,detailed,0,0,1,single
21-2099,"Religious Workers, All Other",21,c104,"Religious Workers, All Other",15760,53870.0,31200.0,45280.0,0.02,partial:OEWS_May2025;EP_2020-30,0.3328846943556513,0,detailed,0,1,1,single
23-1011,Lawyers,23,c105,Lawyers,754500,185840.0,78360.0,159670.0,0.08900000000000001,partial:OEWS_May2025;EP_2020-30,0.45000000000000007,22,detailed,0,0,1,anchor
23-1012,Judicial Law Clerks,23,c106,Judicial Law Clerks (+1),13290,72950.0,46180.0,64920.0,0.039,partial:OEWS_May2025;EP_2020-30,0.4827586206896552,19,detailed,0,0,2,merged
23-1021,"Administrative Law Judges, Adjudicators, and Hearing Officers",23,c107,"Administrative Law Judges, Adjudicators, and Hearing Officers",16370,125990.0,61110.0,117860.0,0.008,partial:OEWS_May2025;EP_2020-30,0.4230769230769231,14,detailed,0,0,1,single
23-1022,"Arbitrators, Mediators, and Conciliators",23,c106,Judicial Law Clerks (+1),9210,91010.0,47220.0,75530.0,0.09699999999999999,partial:OEWS_May2025;EP_2020-30,0.43548387096774194,20,detailed,0,0,2,merged
23-1023,"Judges, Magistrate Judges, and Magistrates",23,c108,"Judges, Magistrate Judges, and Magistrates",24030,143830.0,46950.0,153990.0,0.034,partial:OEWS_May2025;EP_2020-30,0.3333333333333333,21,detailed,0,0,1,single
23-2011,Paralegals and Legal Assistants,23,c109,Paralegals and Legal Assistants,392880,69700.0,44740.0,62890.0,0.12,partial:OEWS_May2025;EP_2020-30,0.48750000000000004,12,detailed,0,0,1,anchor
23-2093,"Title Examiners, Abstractors, and Searchers",23,c110,"Title Examiners, Abstractors, and Searchers",48580,62350.0,38170.0,58650.0,0.017,partial:OEWS_May2025;EP_2020-30,0.5625,17,detailed,0,0,1,single
23-2099,"Legal Support Workers, All Other",23,c111,"Legal Support Workers, All Other",46760,89660.0,43800.0,72110.0,0.005,partial:OEWS_May2025;EP_2020-30,0.4973840662036201,0,detailed,0,1,1,single
25-1011,"Business Teachers, Postsecondary",25,c114,"Health Specialties Teachers, Postsecondary (+15)",82150,114720.0,47180.0,99080.0,0.065,partial:OEWS_May2025;EP_2020-30,0.4545454545454546,25,detailed,0,0,16,merged
25-1021,"Computer Science Teachers, Postsecondary",25,c114,"Health Specialties Teachers, Postsecondary (+15)",35480,104420.0,49460.0,96980.0,0.069,partial:OEWS_May2025;EP_2020-30,0.44047619047619047,26,detailed,0,0,16,merged
25-1022,"Mathematical Science Teachers, Postsecondary",25,c115,"Nursing Instructors and Teachers, Postsecondary (+5)",47670,91550.0,49180.0,79940.0,0.055999999999999994,partial:OEWS_May2025;EP_2020-30,0.4864864864864865,24,detailed,0,0,6,merged
25-1031,"Architecture Teachers, Postsecondary",25,c114,"Health Specialties Teachers, Postsecondary (+15)",7700,101250.0,58430.0,96870.0,0.083,partial:OEWS_May2025;EP_2020-30,0.4573170731707317,22,detailed,0,0,16,merged
25-1032,"Engineering Teachers, Postsecondary",25,c114,"Health Specialties Teachers, Postsecondary (+15)",40270,124520.0,61550.0,109270.0,0.125,partial:OEWS_May2025;EP_2020-30,0.4583333333333333,24,detailed,0,0,16,merged
25-1041,"Agricultural Sciences Teachers, Postsecondary",25,c112,"Agricultural Sciences Teachers, Postsecondary",8920,102050.0,50870.0,98700.0,0.05,partial:OEWS_May2025;EP_2020-30,0.5444444444444445,23,detailed,0,0,1,single
25-1042,"Biological Science Teachers, Postsecondary",25,c114,"Health Specialties Teachers, Postsecondary (+15)",50190,102840.0,52150.0,84620.0,0.128,partial:OEWS_May2025;EP_2020-30,0.4336734693877551,27,detailed,0,0,16,merged
25-1043,"Forestry and Conservation Science Teachers, Postsecondary",25,c114,"Health Specialties Teachers, Postsecondary (+15)",1520,102450.0,50100.0,101420.0,0.055,partial:OEWS_May2025;EP_2020-30,0.45108695652173914,25,detailed,0,0,16,merged
25-1051,"Atmospheric, Earth, Marine, and Space Sciences Teachers, Postsecondary",25,c114,"Health Specialties Teachers, Postsecondary (+15)",9900,116020.0,59700.0,103170.0,0.064,partial:OEWS_May2025;EP_2020-30,0.4375,26,detailed,0,0,16,merged
25-1052,"Chemistry Teachers, Postsecondary",25,c114,"Health Specialties Teachers, Postsecondary (+15)",19980,105210.0,57870.0,93250.0,0.079,partial:OEWS_May2025;EP_2020-30,0.4166666666666667,28,detailed,0,0,16,merged
25-1053,"Environmental Science Teachers, Postsecondary",25,c114,"Health Specialties Teachers, Postsecondary (+15)",6690,103610.0,57780.0,94980.0,0.068,partial:OEWS_May2025;EP_2020-30,0.47282608695652173,25,detailed,0,0,16,merged
25-1054,"Physics Teachers, Postsecondary",25,c114,"Health Specialties Teachers, Postsecondary (+15)",13090,111460.0,60200.0,100310.0,0.081,partial:OEWS_May2025;EP_2020-30,0.3953488372093023,24,detailed,0,0,16,merged
25-1061,"Anthropology and Archeology Teachers, Postsecondary",25,c114,"Health Specialties Teachers, Postsecondary (+15)",5240,106880.0,57840.0,99650.0,0.081,partial:OEWS_May2025;EP_2020-30,0.4642857142857142,26,detailed,0,0,16,merged
25-1062,"Area, Ethnic, and Cultural Studies Teachers, Postsecondary",25,c114,"Health Specialties Teachers, Postsecondary (+15)",11300,98330.0,52070.0,85020.0,0.08800000000000001,partial:OEWS_May2025;EP_2020-30,0.4722222222222222,23,detailed,0,0,16,merged
25-1063,"Economics Teachers, Postsecondary",25,c113,"Economics Teachers, Postsecondary",11560,138850.0,64060.0,123920.0,0.09,partial:OEWS_May2025;EP_2020-30,0.4573170731707317,22,detailed,0,0,1,single
25-1064,"Geography Teachers, Postsecondary",25,c114,"Health Specialties Teachers, Postsecondary (+15)",3330,102350.0,52550.0,97590.0,0.063,partial:OEWS_May2025;EP_2020-30,0.4715909090909091,25,detailed,0,0,16,merged
25-1065,"Political Science Teachers, Postsecondary",25,c114,"Health Specialties Teachers, Postsecondary (+15)",16970,108100.0,56450.0,98070.0,0.087,partial:OEWS_May2025;EP_2020-30,0.44512195121951226,22,detailed,0,0,16,merged
25-1066,"Psychology Teachers, Postsecondary",25,c115,"Nursing Instructors and Teachers, Postsecondary (+5)",41530,93860.0,49050.0,80340.0,0.10300000000000001,partial:OEWS_May2025;EP_2020-30,0.43500000000000005,29,detailed,0,0,6,merged
25-1067,"Sociology Teachers, Postsecondary",25,c114,"Health Specialties Teachers, Postsecondary (+15)",11850,96980.0,49930.0,84290.0,0.076,partial:OEWS_May2025;EP_2020-30,0.4147727272727273,24,detailed,0,0,16,merged
25-1069,"Social Sciences Teachers, Postsecondary, All Other",25,c115,"Nursing Instructors and Teachers, Postsecondary (+5)",16580,88390.0,40670.0,72990.0,0.043,partial:OEWS_May2025;EP_2020-30,0.44040493961991334,0,detailed,0,1,6,merged
25-1071,"Health Specialties Teachers, Postsecondary",25,c114,"Health Specialties Teachers, Postsecondary (+15)",221270,147570.0,59270.0,107310.0,0.243,partial:OEWS_May2025;EP_2020-30,0.43125,23,detailed,0,0,16,merged
25-1072,"Nursing Instructors and Teachers, Postsecondary",25,c115,"Nursing Instructors and Teachers, Postsecondary (+5)",77960,86410.0,48800.0,80250.0,0.22399999999999998,partial:OEWS_May2025;EP_2020-30,0.3872549019607843,29,detailed,0,0,6,merged
25-1081,"Education Teachers, Postsecondary",25,c115,"Nursing Instructors and Teachers, Postsecondary (+5)",60830,79350.0,39530.0,75350.0,0.083,partial:OEWS_May2025;EP_2020-30,0.4642857142857143,24,detailed,0,0,6,merged
25-1082,"Library Science Teachers, Postsecondary",25,c115,"Nursing Instructors and Teachers, Postsecondary (+5)",3630,88110.0,57200.0,80340.0,0.059000000000000004,partial:OEWS_May2025;EP_2020-30,0.46808510638297873,25,detailed,0,0,6,merged
25-1111,"Criminal Justice and Law Enforcement Teachers, Postsecondary",25,c117,"Postsecondary Teachers, All Other (+11)",13150,87550.0,45000.0,76590.0,0.111,partial:OEWS_May2025;EP_2020-30,0.46875,23,detailed,0,0,12,merged
25-1112,"Law Teachers, Postsecondary",25,c116,"Law Teachers, Postsecondary",20060,144770.0,64250.0,128500.0,0.106,partial:OEWS_May2025;EP_2020-30,0.51875,23,detailed,0,0,1,single
25-1113,"Social Work Teachers, Postsecondary",25,c117,"Postsecondary Teachers, All Other (+11)",12610,83940.0,48200.0,77570.0,0.08900000000000001,partial:OEWS_May2025;EP_2020-30,0.46590909090909094,24,detailed,0,0,12,merged
25-1121,"Art, Drama, and Music Teachers, Postsecondary",25,c117,"Postsecondary Teachers, All Other (+11)",93560,94700.0,47570.0,78620.0,0.10099999999999999,partial:OEWS_May2025;EP_2020-30,0.515625,28,detailed,0,0,12,merged
25-1122,"Communications Teachers, Postsecondary",25,c117,"Postsecondary Teachers, All Other (+11)",29420,90010.0,47590.0,78580.0,0.073,partial:OEWS_May2025;EP_2020-30,0.5,23,detailed,0,0,12,merged
25-1123,"English Language and Literature Teachers, Postsecondary",25,c117,"Postsecondary Teachers, All Other (+11)",57720,89580.0,48270.0,78760.0,0.062,partial:OEWS_May2025;EP_2020-30,0.5491071428571428,33,detailed,0,0,12,merged
25-1124,"Foreign Language and Literature Teachers, Postsecondary",25,c117,"Postsecondary Teachers, All Other (+11)",19830,89990.0,49060.0,79350.0,0.094,partial:OEWS_May2025;EP_2020-30,0.55,25,detailed,0,0,12,merged
25-1125,"History Teachers, Postsecondary",25,c117,"Postsecondary Teachers, All Other (+11)",18790,96580.0,48410.0,83820.0,0.079,partial:OEWS_May2025;EP_2020-30,0.55,25,detailed,0,0,12,merged
25-1126,"Philosophy and Religion Teachers, Postsecondary",25,c117,"Postsecondary Teachers, All Other (+11)",20460,92040.0,49140.0,80260.0,0.11,partial:OEWS_May2025;EP_2020-30,0.5511363636363636,23,detailed,0,0,12,merged
25-1192,"Family and Consumer Sciences Teachers, Postsecondary",25,c117,"Postsecondary Teachers, All Other (+11)",2770,81940.0,47830.0,75870.0,0.057999999999999996,partial:OEWS_May2025;EP_2020-30,0.59375,23,detailed,0,0,12,merged
25-1193,"Recreation and Fitness Studies Teachers, Postsecondary",25,c117,"Postsecondary Teachers, All Other (+11)",12630,86620.0,44900.0,77270.0,0.068,partial:OEWS_May2025;EP_2020-30,0.5872093023255813,24,detailed,0,0,12,merged
25-1194,"Career/Technical Education Teachers, Postsecondary",25,c117,"Postsecondary Teachers, All Other (+11)",114110,72060.0,41960.0,63820.0,0.034,partial:OEWS_May2025;EP_2020-30,0.46794871794871795,20,detailed,0,0,12,merged
25-1199,"Postsecondary Teachers, All Other",25,c117,"Postsecondary Teachers, All Other (+11)",149840,90630.0,44300.0,77640.0,0.059000000000000004,partial:OEWS_May2025;EP_2020-30,0.5120194086486808,0,detailed,0,1,12,merged
25-2011,"Preschool Teachers, Except Special Education",25,c118,"Preschool Teachers, Except Special Education",478780,43030.0,28990.0,38140.0,0.184,partial:OEWS_May2025;EP_2020-30,0.2689393939393939,34,detailed,0,0,1,anchor
25-2012,"Kindergarten Teachers, Except Special Education",25,c122,"Special Education Teachers, Kindergarten and Elementary School (+7)",108870,69370.0,46990.0,62680.0,0.081,partial:OEWS_May2025;EP_2020-30,0.26369863013698625,37,detailed,0,0,8,merged
25-2021,"Elementary School Teachers, Except Special Education",25,c119,"Elementary School Teachers, Except Special Education",1388390,72650.0,47960.0,63970.0,0.07400000000000001,partial:OEWS_May2025;EP_2020-30,0.31081081081081086,38,detailed,0,0,1,anchor
25-2022,"Middle School Teachers, Except Special and Career/Technical Education",25,c120,"Middle School Teachers, Except Special and Career/Technical Education",620090,72030.0,48080.0,64370.0,0.075,partial:OEWS_May2025;EP_2020-30,0.3442028985507246,35,detailed,0,0,1,anchor
25-2023,"Career/Technical Education Teachers, Middle School",25,c122,"Special Education Teachers, Kindergarten and Elementary School (+7)",16870,71590.0,49200.0,65030.0,0.07400000000000001,partial:OEWS_May2025;EP_2020-30,0.33064516129032256,31,detailed,0,0,8,merged
25-2031,"Secondary School Teachers, Except Special and Career/Technical Education",25,c121,"Secondary School Teachers, Except Special and Career/Technical Education",1065210,76320.0,48780.0,72040.0,0.078,partial:OEWS_May2025;EP_2020-30,0.3373015873015873,32,detailed,0,0,1,anchor
25-2032,"Career/Technical Education Teachers, Secondary School",25,c122,"Special Education Teachers, Kindergarten and Elementary School (+7)",111420,72680.0,50040.0,66270.0,0.071,partial:OEWS_May2025;EP_2020-30,0.33333333333333337,33,detailed,0,0,8,merged
25-2051,"Special Education Teachers, Preschool",25,c122,"Special Education Teachers, Kindergarten and Elementary School (+7)",29510,76380.0,45620.0,64830.0,0.121,partial:OEWS_May2025;EP_2020-30,0.25357142857142856,36,detailed,0,0,8,merged
25-2052,"Special Education Teachers, Kindergarten and Elementary School",25,c122,"Special Education Teachers, Kindergarten and Elementary School (+7)",260870,72650.0,49350.0,65120.0,0.078,partial:OEWS_May2025;EP_2020-30,0.31666666666666665,60,detailed,0,0,8,merged
25-2057,"Special Education Teachers, Middle School",25,c122,"Special Education Teachers, Kindergarten and Elementary School (+7)",95200,73780.0,49420.0,66810.0,0.075,partial:OEWS_May2025;EP_2020-30,0.30519480519480524,40,detailed,0,0,8,merged
25-2058,"Special Education Teachers, Secondary School",25,c122,"Special Education Teachers, Kindergarten and Elementary School (+7)",163930,77260.0,49800.0,74260.0,0.077,partial:OEWS_May2025;EP_2020-30,0.2980769230769231,40,detailed,0,0,8,merged
25-2059,"Special Education Teachers, All Other",25,c122,"Special Education Teachers, Kindergarten and Elementary School (+7)",33930,79750.0,48440.0,76580.0,0.105,partial:OEWS_May2025;EP_2020-30,0.36250000000000004,20,detailed,0,0,8,merged
25-3011,"Adult Basic Education, Adult Secondary Education, and English as a Second Language Instructors",25,c126,"Teachers and Instructors, All Other (+1)",37310,65860.0,41810.0,61540.0,-0.05,partial:OEWS_May2025;EP_2020-30,0.4154411764705882,39,detailed,0,0,2,merged
25-3021,Self-Enrichment Teachers,25,c123,Self-Enrichment Teachers,332110,54740.0,30050.0,46800.0,0.235,partial:OEWS_May2025;EP_2020-30,0.37,30,detailed,0,0,1,anchor
25-3031,"Substitute Teachers, Short-Term",25,c124,"Substitute Teachers, Short-Term",524770,46420.0,28560.0,41670.0,0.126,partial:OEWS_May2025;EP_2020-30,0.2222222222222222,18,detailed,0,0,1,anchor
25-3041,Tutors,25,c125,Tutors,175070,48050.0,29430.0,43350.0,0.157,partial:OEWS_May2025;EP_2020-30,0.45714285714285713,19,minor,0,0,1,single
25-3099,"Teachers and Instructors, All Other",25,c126,"Teachers and Instructors, All Other (+1)",113790,73880.0,37010.0,66140.0,0.157,partial:OEWS_May2025;EP_2020-30,0.31747877123707074,0,minor,0,1,2,merged
25-4011,Archivists,25,c128,Librarians and Media Collections Specialists (+2),7970,70640.0,39970.0,64550.0,0.109,partial:OEWS_May2025;EP_2020-30,0.5,13,detailed,0,0,3,merged
25-4012,Curators,25,c128,Librarians and Media Collections Specialists (+2),12150,71560.0,40470.0,63420.0,0.21600000000000003,partial:OEWS_May2025;EP_2020-30,0.5092592592592593,15,detailed,0,0,3,merged
25-4013,Museum Technicians and Conservators,25,c127,Museum Technicians and Conservators,12310,57410.0,33780.0,51440.0,0.20600000000000002,partial:OEWS_May2025;EP_2020-30,0.23684210526315788,26,detailed,0,0,1,single
25-4022,Librarians and Media Collections Specialists,25,c128,Librarians and Media Collections Specialists (+2),133790,72840.0,43660.0,68270.0,0.091,partial:OEWS_May2025;EP_2020-30,0.5175438596491229,30,detailed,0,0,3,merged
25-4031,Library Technicians,25,c129,Library Technicians,68690,45500.0,29300.0,44580.0,0.002,partial:OEWS_May2025;EP_2020-30,0.5480769230769231,35,detailed,0,0,1,single
25-9021,Farm and Home Management Educators,25,c130,Farm and Home Management Educators,8220,61060.0,37650.0,60220.0,-0.012,partial:OEWS_May2025;EP_2020-30,0.45370370370370366,15,detailed,0,0,1,single
25-9031,Instructional Coordinators,25,c131,Instructional Coordinators,227760,80920.0,47980.0,77440.0,0.09699999999999999,partial:OEWS_May2025;EP_2020-30,0.5062500000000001,30,detailed,0,0,1,single
25-9044,"Teaching Assistants, Postsecondary",25,c132,"Teaching Assistants, Postsecondary",164090,47670.0,28600.0,42910.0,0.064,partial:OEWS_May2025;EP_2020-30,0.44696969696969696,20,detailed,0,0,1,single
25-9045,"Teaching Assistants, Except Postsecondary",25,c133,"Teaching Assistants, Except Postsecondary",1420350,38290.0,27150.0,36780.0,0.08900000000000001,partial:OEWS_May2025;EP_2020-30,0.29166666666666663,60,detailed,0,0,1,anchor
25-9099,"Educational Instruction and Library Workers, All Other",25,c134,"Educational Instruction and Library Workers, All Other",118590,59060.0,25180.0,50890.0,0.08,partial:OEWS_May2025;EP_2020-30,0.3316951674371783,0,detailed,0,1,1,single
27-1011,Art Directors,27,c135,Art Directors (+1),53070,129440.0,64900.0,114850.0,0.11,partial:OEWS_May2025;EP_2020-30,0.46551724137931033,16,detailed,0,0,2,merged
27-1012,Craft Artists,27,c138,Merchandise Displayers and Window Trimmers (+2),4580,49740.0,25960.0,46080.0,0.132,partial:OEWS_May2025;EP_2020-30,0.2413793103448276,15,detailed,0,0,3,merged
27-1013,"Fine Artists, Including Painters, Sculptors, and Illustrators",27,c137,Graphic Designers (+5),11220,73150.0,31630.0,55490.0,0.17300000000000001,partial:OEWS_May2025;EP_2020-30,0.36875,32,detailed,0,0,6,merged
27-1014,Special Effects Artists and Animators,27,c135,Art Directors (+1),19970,112870.0,58600.0,102030.0,0.158,partial:OEWS_May2025;EP_2020-30,0.5,14,detailed,0,0,2,merged
27-1019,"Artists and Related Workers, All Other",27,c137,Graphic Designers (+5),6930,80530.0,36580.0,71240.0,0.095,partial:OEWS_May2025;EP_2020-30,0.38920283894832763,0,detailed,0,1,6,merged
27-1021,Commercial and Industrial Designers,27,c136,Commercial and Industrial Designers (+1),33490,93260.0,53460.0,83910.0,0.055999999999999994,partial:OEWS_May2025;EP_2020-30,0.4396551724137931,17,detailed,0,0,2,merged
27-1022,Fashion Designers,27,c136,Commercial and Industrial Designers (+1),21450,91230.0,39490.0,80960.0,0.005,partial:OEWS_May2025;EP_2020-30,0.3828125,20,detailed,0,0,2,merged
27-1023,Floral Designers,27,c138,Merchandise Displayers and Window Trimmers (+2),40590,39520.0,28600.0,37360.0,-0.201,partial:OEWS_May2025;EP_2020-30,0.23333333333333334,16,detailed,0,0,3,merged
27-1024,Graphic Designers,27,c137,Graphic Designers (+5),197830,70560.0,39520.0,62960.0,0.028999999999999998,partial:OEWS_May2025;EP_2020-30,0.45535714285714285,16,detailed,0,0,6,merged
27-1025,Interior Designers,27,c137,Graphic Designers (+5),71500,74540.0,41420.0,67190.0,-0.002,partial:OEWS_May2025;EP_2020-30,0.43103448275862066,15,detailed,0,0,6,merged
27-1026,Merchandise Displayers and Window Trimmers,27,c138,Merchandise Displayers and Window Trimmers (+2),165220,42830.0,30760.0,39390.0,0.044000000000000004,partial:OEWS_May2025;EP_2020-30,0.28658536585365857,25,detailed,0,0,3,merged
27-1027,Set and Exhibit Designers,27,c137,Graphic Designers (+5),10630,83160.0,41750.0,75240.0,0.091,partial:OEWS_May2025;EP_2020-30,0.375,27,detailed,0,0,6,merged
27-1029,"Designers, All Other",27,c137,Graphic Designers (+5),9480,79090.0,43030.0,64950.0,0.001,partial:OEWS_May2025;EP_2020-30,0.38920283894832763,0,detailed,0,1,6,merged
27-2011,Actors,27,c141,Coaches and Scouts (+5),55000,66100.0,29010.0,51190.0,0.324,partial:OEWS_May2025;EP_2020-30,0.171875,19,detailed,1,0,6,merged
27-2012,Producers and Directors,27,c139,Producers and Directors (+1),143120,113300.0,45780.0,90360.0,0.24100000000000002,partial:OEWS_May2025;EP_2020-30,0.4532869612656847,83,detailed,0,0,2,merged
27-2021,Athletes and Sports Competitors,27,c140,Athletes and Sports Competitors,15070,206180.0,26500.0,66710.0,0.38,partial:OEWS_May2025;EP_2020-30,0.0,9,detailed,0,0,1,single
27-2022,Coaches and Scouts,27,c141,Coaches and Scouts (+5),248950,60160.0,28790.0,47320.0,0.256,partial:OEWS_May2025;EP_2020-30,0.2222222222222222,28,detailed,0,0,6,merged
27-2023,"Umpires, Referees, and Other Sports Officials",27,c141,Coaches and Scouts (+5),15780,53010.0,26540.0,40710.0,0.294,partial:OEWS_May2025;EP_2020-30,0.23958333333333331,16,detailed,0,0,6,merged
27-2031,Dancers,27,c142,Dancers,8130,66100.0,29010.0,51190.0,0.3,partial:OEWS_May2025;EP_2020-30,0.03125,14,detailed,1,0,1,single
27-2032,Choreographers,27,c141,Coaches and Scouts (+5),2860,73100.0,34090.0,55310.0,0.321,partial:OEWS_May2025;EP_2020-30,0.22142857142857142,18,detailed,0,0,6,merged
27-2041,Music Directors and Composers,27,c139,Producers and Directors (+1),12540,90470.0,39880.0,73710.0,0.063,partial:OEWS_May2025;EP_2020-30,0.4956140350877193,30,detailed,0,0,2,merged
27-2042,Musicians and Singers,27,c141,Coaches and Scouts (+5),36180,66100.0,29010.0,51190.0,0.111,partial:OEWS_May2025;EP_2020-30,0.2704081632653061,30,detailed,1,0,6,merged
27-2091,"Disc Jockeys, Except Radio",27,c143,"Disc Jockeys, Except Radio",7920,66100.0,29010.0,51190.0,0.33799999999999997,partial:OEWS_May2025;EP_2020-30,0.4473684210526315,19,broad,1,0,1,single
27-2099,"Entertainers and Performers, Sports and Related Workers, All Other",27,c141,Coaches and Scouts (+5),16550,66100.0,29010.0,51190.0,0.33799999999999997,partial:OEWS_May2025;EP_2020-30,0.2965179499634404,0,broad,1,1,6,merged
27-3011,Broadcast Announcers and Radio Disc Jockeys,27,c144,Broadcast Announcers and Radio Disc Jockeys,21240,78720.0,28190.0,47340.0,0.10300000000000001,partial:OEWS_May2025;EP_2020-30,0.59375,24,detailed,0,0,1,single
27-3023,"News Analysts, Reporters, and Journalists",27,c145,Public Relations Specialists (+5),39250,102460.0,36240.0,62200.0,0.06,partial:OEWS_May2025;EP_2020-30,0.6416666666666666,30,detailed,0,0,6,merged
27-3031,Public Relations Specialists,27,c145,Public Relations Specialists (+5),283380,84120.0,44110.0,74750.0,0.114,partial:OEWS_May2025;EP_2020-30,0.6893939393939394,18,detailed,0,0,6,merged
27-3041,Editors,27,c145,Public Relations Specialists (+5),91690,90060.0,41250.0,77920.0,0.051,partial:OEWS_May2025;EP_2020-30,0.6470588235294118,21,detailed,0,0,6,merged
27-3042,Technical Writers,27,c145,Public Relations Specialists (+5),45500,96970.0,57440.0,90390.0,0.11599999999999999,partial:OEWS_May2025;EP_2020-30,0.6666666666666666,15,detailed,0,0,6,merged
27-3043,Writers and Authors,27,c146,Writers and Authors,47940,86090.0,44310.0,76910.0,0.085,partial:OEWS_May2025;EP_2020-30,0.8256766381766382,36,detailed,0,0,1,single
27-3091,Interpreters and Translators,27,c147,Interpreters and Translators,52060,66360.0,37070.0,60170.0,0.237,partial:OEWS_May2025;EP_2020-30,0.86,17,detailed,0,0,1,single
27-3092,Court Reporters and Simultaneous Captioners,27,c145,Public Relations Specialists (+5),12870,78760.0,42130.0,72420.0,0.025,partial:OEWS_May2025;EP_2020-30,0.7395833333333333,14,detailed,0,0,6,merged
27-3099,"Media and Communication Workers, All Other",27,c145,Public Relations Specialists (+5),19590,83860.0,39120.0,73620.0,0.22899999999999998,partial:OEWS_May2025;EP_2020-30,0.7023189042945331,0,detailed,0,1,6,merged
27-4011,Audio and Video Technicians,27,c148,Audio and Video Technicians (+1),70230,64630.0,37990.0,58100.0,0.262,partial:OEWS_May2025;EP_2020-30,0.36875,29,detailed,0,0,2,merged
27-4012,Broadcast Technicians,27,c148,Audio and Video Technicians (+1),21110,67960.0,31390.0,59570.0,0.11199999999999999,partial:OEWS_May2025;EP_2020-30,0.369047619047619,29,detailed,0,0,2,merged
27-4014,Sound Engineering Technicians,27,c151,"Camera Operators, Television, Video, and Film (+2)",13080,81390.0,37570.0,73130.0,0.174,partial:OEWS_May2025;EP_2020-30,0.35185185185185186,14,detailed,0,0,3,merged
27-4015,Lighting Technicians,27,c149,Lighting Technicians,8900,78380.0,42310.0,68060.0,0.21,partial:OEWS_May2025;EP_2020-30,0.125,16,minor,0,0,1,single
27-4021,Photographers,27,c150,Photographers,51760,55410.0,30820.0,44660.0,0.171,partial:OEWS_May2025;EP_2020-30,0.3020833333333333,29,detailed,0,0,1,single
27-4031,"Camera Operators, Television, Video, and Film",27,c151,"Camera Operators, Television, Video, and Film (+2)",21550,83210.0,38520.0,74990.0,0.24100000000000002,partial:OEWS_May2025;EP_2020-30,0.30303030303030304,24,detailed,0,0,3,merged
27-4032,Film and Video Editors,27,c152,Film and Video Editors,25610,86130.0,40280.0,75420.0,0.332,partial:OEWS_May2025;EP_2020-30,0.5,23,detailed,0,0,1,single
27-4099,"Media and Communication Equipment Workers, All Other",27,c151,"Camera Operators, Television, Video, and Film (+2)",12450,81040.0,38870.0,70720.0,0.21,partial:OEWS_May2025;EP_2020-30,0.36068211879019835,0,minor,0,1,3,merged
29-1011,Chiropractors,29,c153,Chiropractors,39630,90520.0,43460.0,79200.0,0.10800000000000001,partial:OEWS_May2025;EP_2020-30,0.38636363636363635,11,detailed,0,0,1,single
29-1021,"Dentists, General",29,c154,"Dentists, General",124390,191350.0,86250.0,170950.0,0.081,partial:OEWS_May2025;EP_2020-30,0.2375,20,detailed,0,0,1,single
29-1022,Oral and Maxillofacial Surgeons,29,c155,Oral and Maxillofacial Surgeons (+1),4910,346490.0,86250.0,352220.0,0.077,partial:OEWS_May2025;EP_2020-30,0.06,14,detailed,1,0,2,merged
29-1023,Orthodontists,29,c156,Orthodontists,6210,259400.0,99850.0,289140.0,0.081,partial:OEWS_May2025;EP_2020-30,0.25,10,detailed,1,0,1,single
29-1024,Prosthodontists,29,c155,Oral and Maxillofacial Surgeons (+1),870,268630.0,103510.0,311180.0,0.085,partial:OEWS_May2025;EP_2020-30,0.06818181818181818,11,detailed,0,0,2,merged
29-1029,"Dentists, All Other Specialists",29,c157,"Dentists, All Other Specialists",5230,247930.0,104120.0,224990.0,0.05,partial:OEWS_May2025;EP_2020-30,0.33426897768470265,0,detailed,0,1,1,single
29-1031,Dietitians and Nutritionists,29,c158,Dietitians and Nutritionists,77570,77130.0,49090.0,76400.0,0.107,partial:OEWS_May2025;EP_2020-30,0.5060975609756098,28,detailed,0,0,1,single
29-1041,Optometrists,29,c160,Physician Assistants (+2),42790,141550.0,74870.0,136570.0,0.09,partial:OEWS_May2025;EP_2020-30,0.17500000000000002,10,detailed,0,0,3,merged
29-1051,Pharmacists,29,c159,Pharmacists,321970,140920.0,99290.0,140910.0,-0.022000000000000002,partial:OEWS_May2025;EP_2020-30,0.41428571428571426,21,detailed,0,0,1,anchor
29-1071,Physician Assistants,29,c160,Physician Assistants (+2),162150,141280.0,99380.0,135880.0,0.31,partial:OEWS_May2025;EP_2020-30,0.19047619047619047,28,detailed,0,0,3,merged
29-1081,Podiatrists,29,c160,Physician Assistants (+2),9680,175480.0,66010.0,160300.0,0.018000000000000002,partial:OEWS_May2025;EP_2020-30,0.2857142857142857,11,detailed,0,0,3,merged
29-1122,Occupational Therapists,29,c161,Physical Therapists (+3),162450,101280.0,71690.0,100330.0,0.175,partial:OEWS_May2025;EP_2020-30,0.31486742424242425,38,detailed,0,0,4,merged
29-1123,Physical Therapists,29,c161,Physical Therapists (+3),267330,105280.0,77140.0,102760.0,0.205,partial:OEWS_May2025;EP_2020-30,0.26595744680851063,24,detailed,0,0,4,merged
29-1124,Radiation Therapists,29,c161,Physical Therapists (+3),17070,114990.0,80560.0,105310.0,0.091,partial:OEWS_May2025;EP_2020-30,0.225609756097561,22,detailed,0,0,4,merged
29-1125,Recreational Therapists,29,c162,Recreational Therapists (+1),14930,67630.0,40990.0,61960.0,0.10400000000000001,partial:OEWS_May2025;EP_2020-30,0.34090909090909094,11,detailed,0,0,2,merged
29-1126,Respiratory Therapists,29,c161,Physical Therapists (+3),139790,87300.0,63660.0,82280.0,0.23,partial:OEWS_May2025;EP_2020-30,0.19642857142857142,22,detailed,0,0,4,merged
29-1127,Speech-Language Pathologists,29,c163,Speech-Language Pathologists (+1),183390,98170.0,62900.0,97870.0,0.287,partial:OEWS_May2025;EP_2020-30,0.4207317073170732,24,detailed,0,0,2,merged
29-1128,Exercise Physiologists,29,c162,Recreational Therapists (+1),8560,60940.0,42760.0,59460.0,0.131,partial:OEWS_May2025;EP_2020-30,0.30000000000000004,25,detailed,0,0,2,merged
29-1129,"Therapists, All Other",29,c164,"Therapists, All Other",22640,90420.0,46540.0,77930.0,0.14800000000000002,partial:OEWS_May2025;EP_2020-30,0.3875886524822695,55,detailed,0,0,1,single
29-1131,Veterinarians,29,c165,Veterinarians (+1),83900,142680.0,73920.0,130100.0,0.168,partial:OEWS_May2025;EP_2020-30,0.25,23,detailed,0,0,2,merged
29-1141,Registered Nurses,29,c166,Registered Nurses,3379720,101420.0,68940.0,97550.0,0.09,partial:OEWS_May2025;EP_2020-30,0.35758659785753383,137,detailed,0,0,1,anchor
29-1151,Nurse Anesthetists,29,c167,Nurse Anesthetists,51840,248320.0,155250.0,236590.0,0.126,partial:OEWS_May2025;EP_2020-30,0.14583333333333331,24,detailed,0,0,1,single
29-1161,Nurse Midwives,29,c165,Veterinarians (+1),7920,136980.0,93620.0,134040.0,0.113,partial:OEWS_May2025;EP_2020-30,0.34146341463414637,21,detailed,0,0,2,merged
29-1171,Nurse Practitioners,29,c168,Nurse Practitioners,323040,137300.0,101340.0,132300.0,0.522,partial:OEWS_May2025;EP_2020-30,0.39814814814814814,27,detailed,0,0,1,anchor
29-1181,Audiologists,29,c163,Speech-Language Pathologists (+1),13660,97740.0,64610.0,95780.0,0.157,partial:OEWS_May2025;EP_2020-30,0.4545454545454546,22,detailed,0,0,2,merged
29-1211,Anesthesiologists,29,c169,Anesthesiologists (+4),38760,360570.0,101460.0,391490.0,-0.005,partial:OEWS_May2025;EP_2020-30,0.2720588235294118,18,detailed,1,0,5,merged
29-1212,Cardiologists,29,c170,Cardiologists (+1),17290,454940.0,107190.0,496010.0,0.115,partial:OEWS_May2025;EP_2020-30,0.28846153846153844,26,minor,1,0,2,merged
29-1213,Dermatologists,29,c169,Anesthesiologists (+4),11370,323530.0,102810.0,328730.0,0.115,partial:OEWS_May2025;EP_2020-30,0.3529411764705882,18,minor,1,0,5,merged
29-1214,Emergency Medicine Physicians,29,c171,Emergency Medicine Physicians,32880,317480.0,103610.0,335550.0,0.115,partial:OEWS_May2025;EP_2020-30,0.39705882352941174,17,minor,1,0,1,single
29-1215,Family Medicine Physicians,29,c172,Family Medicine Physicians (+6),107510,255820.0,76830.0,244180.0,0.049,partial:OEWS_May2025;EP_2020-30,0.40625,13,detailed,1,0,7,merged
29-1216,General Internal Medicine Physicians,29,c172,Family Medicine Physicians (+6),67150,267200.0,73570.0,256560.0,-0.006999999999999999,partial:OEWS_May2025;EP_2020-30,0.41428571428571426,19,detailed,1,0,7,merged
29-1217,Neurologists,29,c172,Family Medicine Physicians (+6),10590,267630.0,83370.0,248560.0,0.115,partial:OEWS_May2025;EP_2020-30,0.4130434782608695,24,minor,1,0,7,merged
29-1218,Obstetricians and Gynecologists,29,c172,Family Medicine Physicians (+6),21260,279040.0,94680.0,292910.0,-0.021,partial:OEWS_May2025;EP_2020-30,0.3482142857142857,15,detailed,1,0,7,merged
29-1221,"Pediatricians, General",29,c172,Family Medicine Physicians (+6),39390,212110.0,91470.0,210040.0,-0.018000000000000002,partial:OEWS_May2025;EP_2020-30,0.42500000000000004,17,detailed,0,0,7,merged
29-1222,"Physicians, Pathologists",29,c169,Anesthesiologists (+4),11110,285420.0,92540.0,312400.0,0.115,partial:OEWS_May2025;EP_2020-30,0.3939393939393939,19,minor,1,0,5,merged
29-1223,Psychiatrists,29,c172,Family Medicine Physicians (+6),27980,269940.0,84060.0,281870.0,0.125,partial:OEWS_May2025;EP_2020-30,0.5,12,detailed,1,0,7,merged
29-1224,Radiologists,29,c173,Radiologists,26770,381530.0,89010.0,420860.0,0.115,partial:OEWS_May2025;EP_2020-30,0.5,30,minor,1,0,1,single
29-1229,"Physicians, All Other",29,c174,"Physicians, All Other",342720,262040.0,69170.0,265930.0,0.115,partial:OEWS_May2025;EP_2020-30,0.36720575022461815,101,minor,1,0,1,anchor
29-1241,"Ophthalmologists, Except Pediatric",29,c172,Family Medicine Physicians (+6),8950,304650.0,100180.0,300080.0,0.115,partial:OEWS_May2025;EP_2020-30,0.38235294117647056,18,minor,1,0,7,merged
29-1242,"Orthopedic Surgeons, Except Pediatric",29,c169,Anesthesiologists (+4),14100,373570.0,84170.0,358550.0,0.115,partial:OEWS_May2025;EP_2020-30,0.2833333333333333,15,minor,1,0,5,merged
29-1243,Pediatric Surgeons,29,c170,Cardiologists (+1),1190,502050.0,215410.0,559030.0,0.115,partial:OEWS_May2025;EP_2020-30,0.29166666666666663,18,minor,1,0,2,merged
29-1249,"Surgeons, All Other",29,c169,Anesthesiologists (+4),25140,373930.0,80320.0,414010.0,0.115,partial:OEWS_May2025;EP_2020-30,0.32836049669173295,0,minor,1,1,5,merged
29-1291,Acupuncturists,29,c175,Acupuncturists,7830,87020.0,38830.0,76040.0,0.098,partial:OEWS_May2025;EP_2020-30,0.2361111111111111,18,broad,0,0,1,single
29-1292,Dental Hygienists,29,c176,Dental Hygienists,222740,98990.0,74880.0,98100.0,0.11199999999999999,partial:OEWS_May2025;EP_2020-30,0.140625,18,detailed,0,0,1,single
29-1299,"Healthcare Diagnosing or Treating Practitioners, All Other",29,c177,"Healthcare Diagnosing or Treating Practitioners, All Other",28630,127660.0,65210.0,115210.0,0.098,partial:OEWS_May2025;EP_2020-30,0.40604967948717946,36,broad,0,0,1,single
29-2010,Clinical Laboratory Technologists and Technicians,29,c178,Clinical Laboratory Technologists and Technicians,332940,67350.0,38910.0,62930.0,0.109,partial:OEWS_May2025;EP_2020-30,0.21509835112205802,98,detailed,0,0,1,anchor
29-2031,Cardiovascular Technologists and Technicians,29,c180,Radiologic Technologists and Technicians (+2),62960,76940.0,39000.0,74310.0,0.081,partial:OEWS_May2025;EP_2020-30,0.2642857142857143,25,detailed,0,0,3,merged
29-2032,Diagnostic Medical Sonographers,29,c179,Diagnostic Medical Sonographers (+2),90160,97240.0,67820.0,96590.0,0.19,partial:OEWS_May2025;EP_2020-30,0.29605263157894735,20,detailed,0,0,3,merged
29-2033,Nuclear Medicine Technologists,29,c179,Diagnostic Medical Sonographers (+2),17080,105160.0,78080.0,101370.0,0.078,partial:OEWS_May2025;EP_2020-30,0.27419354838709675,17,detailed,0,0,3,merged
29-2034,Radiologic Technologists and Technicians,29,c180,Radiologic Technologists and Technicians (+2),230490,83840.0,55980.0,80110.0,0.086,partial:OEWS_May2025;EP_2020-30,0.3289473684210526,30,detailed,0,0,3,merged
29-2035,Magnetic Resonance Imaging Technologists,29,c179,Diagnostic Medical Sonographers (+2),43390,96120.0,68890.0,95480.0,0.081,partial:OEWS_May2025;EP_2020-30,0.27222222222222225,23,detailed,0,0,3,merged
29-2036,Medical Dosimetrists,29,c181,Medical Dosimetrists,3410,148500.0,111670.0,147470.0,0.09300000000000001,partial:OEWS_May2025;EP_2020-30,0.375,20,minor,0,0,1,single
29-2042,Emergency Medical Technicians,29,c182,Emergency Medical Technicians (+3),180510,46830.0,34130.0,44470.0,0.11,partial:OEWS_May2025;EP_2020-30,0.20833333333333331,12,broad,0,0,4,merged
29-2043,Paramedics,29,c183,Paramedics,100610,63360.0,44230.0,60600.0,0.11,partial:OEWS_May2025;EP_2020-30,0.17307692307692307,13,broad,0,0,1,single
29-2051,Dietetic Technicians,29,c184,Dietetic Technicians,31560,40630.0,29720.0,37640.0,0.07400000000000001,partial:OEWS_May2025;EP_2020-30,0.4782608695652174,13,detailed,0,0,1,single
29-2052,Pharmacy Technicians,29,c185,Pharmacy Technicians,471680,46620.0,36020.0,45750.0,0.04,partial:OEWS_May2025;EP_2020-30,0.4264705882352941,21,detailed,0,0,1,anchor
29-2053,Psychiatric Technicians,29,c182,Emergency Medical Technicians (+3),156960,46610.0,35090.0,45130.0,0.128,partial:OEWS_May2025;EP_2020-30,0.23,16,detailed,0,0,4,merged
29-2055,Surgical Technologists,29,c186,Surgical Technologists (+1),117460,68710.0,45940.0,64650.0,0.087,partial:OEWS_May2025;EP_2020-30,0.041666666666666664,16,detailed,0,0,2,merged
29-2056,Veterinary Technologists and Technicians,29,c182,Emergency Medical Technicians (+3),129140,49120.0,35710.0,47380.0,0.149,partial:OEWS_May2025;EP_2020-30,0.1557377049180328,31,detailed,0,0,4,merged
29-2057,Ophthalmic Medical Technicians,29,c182,Emergency Medical Technicians (+3),71010,47060.0,35700.0,45570.0,0.14300000000000002,partial:OEWS_May2025;EP_2020-30,0.21710526315789472,20,detailed,0,0,4,merged
29-2061,Licensed Practical and Licensed Vocational Nurses,29,c187,Licensed Practical and Licensed Vocational Nurses,648410,67050.0,49740.0,64400.0,0.09300000000000001,partial:OEWS_May2025;EP_2020-30,0.25,23,detailed,0,0,1,anchor
29-2072,Medical Records Specialists,29,c188,Medical Records Specialists,194720,56790.0,37000.0,51140.0,0.09300000000000001,partial:OEWS_May2025;EP_2020-30,0.5882352941176471,17,minor,0,0,1,single
29-2081,"Opticians, Dispensing",29,c189,"Health Technologists and Technicians, All Other (+1)",73530,51770.0,35610.0,47260.0,0.062,partial:OEWS_May2025;EP_2020-30,0.26190476190476186,21,detailed,0,0,2,merged
29-2091,Orthotists and Prosthetists,29,c180,Radiologic Technologists and Technicians (+2),9390,83740.0,46350.0,81110.0,0.184,partial:OEWS_May2025;EP_2020-30,0.23275862068965517,15,detailed,0,0,3,merged
29-2092,Hearing Aid Specialists,29,c186,Surgical Technologists (+1),11270,66370.0,38400.0,65160.0,0.113,partial:OEWS_May2025;EP_2020-30,0.125,11,detailed,0,0,2,merged
29-2099,"Health Technologists and Technicians, All Other",29,c189,"Health Technologists and Technicians, All Other (+1)",182610,58710.0,38180.0,50290.0,0.09300000000000001,partial:OEWS_May2025;EP_2020-30,0.34330357142857143,60,minor,0,0,2,merged
29-9021,Health Information Technologists and Medical Registrars,29,c190,Health Information Technologists and Medical Registrars,38100,74970.0,39830.0,68020.0,0.142,partial:OEWS_May2025;EP_2020-30,0.59375,16,minor,0,0,1,single
29-9091,Athletic Trainers,29,c193,"Healthcare Practitioners and Technical Workers, All Other (+1)",30500,66620.0,48180.0,62520.0,0.23399999999999999,partial:OEWS_May2025;EP_2020-30,0.3430232558139535,23,detailed,0,0,2,merged
29-9092,Genetic Counselors,29,c191,Genetic Counselors,3740,104620.0,78270.0,100040.0,0.262,partial:OEWS_May2025;EP_2020-30,0.5657894736842105,19,detailed,0,0,1,single
29-9093,Surgical Assistants,29,c192,Surgical Assistants,22270,72710.0,39690.0,66800.0,0.142,partial:OEWS_May2025;EP_2020-30,0.0392156862745098,28,minor,0,0,1,single
29-9099,"Healthcare Practitioners and Technical Workers, All Other",29,c193,"Healthcare Practitioners and Technical Workers, All Other (+1)",35010,76720.0,38660.0,65790.0,0.142,partial:OEWS_May2025;EP_2020-30,0.3142857142857143,36,minor,0,0,2,merged
31-1120,Home Health and Personal Care Aides,31,c194,Home Health and Personal Care Aides,4305810,36120.0,27040.0,35800.0,0.326,partial:OEWS_May2025;EP_2020-30,0.16773504273504275,26,detailed,0,0,1,anchor
31-1131,Nursing Assistants,31,c195,Nursing Assistants,1448910,42700.0,33940.0,42260.0,0.083,partial:OEWS_May2025;EP_2020-30,0.11864406779661017,33,detailed,0,0,1,anchor
31-1132,Orderlies,31,c196,Orderlies,52440,40660.0,32240.0,38290.0,0.07200000000000001,partial:OEWS_May2025;EP_2020-30,0.0234375,24,detailed,0,0,1,single
31-1133,Psychiatric Aides,31,c197,Psychiatric Aides,35520,45690.0,32090.0,44910.0,0.07400000000000001,partial:OEWS_May2025;EP_2020-30,0.125,17,detailed,0,0,1,single
31-2011,Occupational Therapy Assistants,31,c198,Occupational Therapy Assistants,51290,70710.0,51490.0,72300.0,0.361,partial:OEWS_May2025;EP_2020-30,0.25,22,detailed,0,0,1,single
31-2012,Occupational Therapy Aides,31,c200,Physical Therapist Aides (+1),4310,44110.0,29430.0,39160.0,0.214,partial:OEWS_May2025;EP_2020-30,0.15740740740740738,15,detailed,0,0,2,merged
31-2021,Physical Therapist Assistants,31,c199,Physical Therapist Assistants,112430,68730.0,47750.0,68380.0,0.354,partial:OEWS_May2025;EP_2020-30,0.1282051282051282,21,detailed,0,0,1,single
31-2022,Physical Therapist Aides,31,c200,Physical Therapist Aides (+1),48150,36430.0,25360.0,35240.0,0.253,partial:OEWS_May2025;EP_2020-30,0.16666666666666669,19,detailed,0,0,2,merged
31-9011,Massage Therapists,31,c201,Massage Therapists (+1),98790,63830.0,33640.0,58450.0,0.322,partial:OEWS_May2025;EP_2020-30,0.12962962962962962,14,detailed,0,0,2,merged
31-9091,Dental Assistants,31,c202,Dental Assistants,387790,50200.0,37130.0,48070.0,0.11199999999999999,partial:OEWS_May2025;EP_2020-30,0.18333333333333335,16,detailed,0,0,1,anchor
31-9092,Medical Assistants,31,c203,Medical Assistants,817870,46120.0,36050.0,45690.0,0.184,partial:OEWS_May2025;EP_2020-30,0.25,20,detailed,0,0,1,anchor
31-9093,Medical Equipment Preparers,31,c201,Massage Therapists (+1),77420,50510.0,36410.0,47700.0,0.084,partial:OEWS_May2025;EP_2020-30,0.07407407407407407,16,detailed,0,0,2,merged
31-9094,Medical Transcriptionists,31,c204,Medical Transcriptionists,41550,41710.0,28250.0,40410.0,-0.07400000000000001,partial:OEWS_May2025;EP_2020-30,0.5535714285714286,15,detailed,0,0,1,single
31-9095,Pharmacy Aides,31,c205,Phlebotomists (+3),39530,40450.0,29820.0,37680.0,-0.147,partial:OEWS_May2025;EP_2020-30,0.26,17,detailed,0,0,4,merged
31-9096,Veterinary Assistants and Laboratory Animal Caretakers,31,c205,Phlebotomists (+3),126580,40340.0,30120.0,38150.0,0.14300000000000002,partial:OEWS_May2025;EP_2020-30,0.18518518518518517,28,detailed,0,0,4,merged
31-9097,Phlebotomists,31,c205,Phlebotomists (+3),143540,45520.0,35780.0,45230.0,0.222,partial:OEWS_May2025;EP_2020-30,0.14634146341463414,24,detailed,0,0,4,merged
31-9099,"Healthcare Support Workers, All Other",31,c205,Phlebotomists (+3),109740,50810.0,34770.0,48430.0,0.105,partial:OEWS_May2025;EP_2020-30,0.23519736842105263,23,detailed,0,0,4,merged
33-1011,First-Line Supervisors of Correctional Officers,33,c206,First-Line Supervisors of Correctional Officers (+1),53380,84380.0,52330.0,77970.0,-0.027999999999999997,partial:OEWS_May2025;EP_2020-30,0.2826086956521739,23,detailed,0,0,2,merged
33-1012,First-Line Supervisors of Police and Detectives,33,c207,First-Line Supervisors of Police and Detectives (+1),154610,112190.0,63350.0,106040.0,0.068,partial:OEWS_May2025;EP_2020-30,0.3421052631578947,20,detailed,0,0,2,merged
33-1021,First-Line Supervisors of Firefighting and Prevention Workers,33,c207,First-Line Supervisors of Police and Detectives (+1),99140,96930.0,53430.0,93530.0,0.08199999999999999,partial:OEWS_May2025;EP_2020-30,0.410377358490566,30,detailed,0,0,2,merged
33-1091,First-Line Supervisors of Security Workers,33,c208,First-Line Supervisors of Security Workers,81480,59900.0,37300.0,55940.0,0.102,partial:OEWS_May2025;EP_2020-30,0.3333333333333333,21,broad,0,0,1,single
33-1099,"First-Line Supervisors of Protective Service Workers, All Other",33,c206,First-Line Supervisors of Correctional Officers (+1),20690,74390.0,41110.0,76400.0,0.102,partial:OEWS_May2025;EP_2020-30,0.34773260847713755,0,broad,0,1,2,merged
33-2011,Firefighters,33,c209,Firefighters,345990,63630.0,34910.0,59280.0,0.085,partial:OEWS_May2025;EP_2020-30,0.11403508771929824,30,detailed,0,0,1,anchor
33-2021,Fire Inspectors and Investigators,33,c210,Fire Inspectors and Investigators,13800,78670.0,46530.0,75920.0,0.08900000000000001,partial:OEWS_May2025;EP_2020-30,0.33653846153846156,30,detailed,0,0,1,single
33-2022,Forest Fire Inspectors and Prevention Specialists,33,c211,Forest Fire Inspectors and Prevention Specialists,2780,66640.0,35420.0,56870.0,0.239,partial:OEWS_May2025;EP_2020-30,0.296875,16,detailed,0,0,1,single
33-3011,Bailiffs,33,c212,Bailiffs,17310,61660.0,32140.0,56600.0,0.004,partial:OEWS_May2025;EP_2020-30,0.0982142857142857,15,detailed,0,0,1,single
33-3012,Correctional Officers and Jailers,33,c213,Correctional Officers and Jailers,380500,63630.0,42760.0,58940.0,-0.07200000000000001,partial:OEWS_May2025;EP_2020-30,0.25,26,detailed,0,0,1,anchor
33-3021,Detectives and Criminal Investigators,33,c214,Detectives and Criminal Investigators (+1),114430,99430.0,55390.0,93790.0,0.025,partial:OEWS_May2025;EP_2020-30,0.3725741578682755,65,detailed,0,0,2,merged
33-3031,Fish and Game Wardens,33,c215,Fish and Game Wardens,5770,74950.0,50990.0,74060.0,0.002,partial:OEWS_May2025;EP_2020-30,0.22159090909090912,24,detailed,0,0,1,single
33-3041,Parking Enforcement Workers,33,c216,Parking Enforcement Workers,9050,51190.0,35130.0,46730.0,-0.35,partial:OEWS_May2025;EP_2020-30,0.3205128205128205,23,detailed,0,0,1,single
33-3051,Police and Sheriff's Patrol Officers,33,c217,Police and Sheriff's Patrol Officers,670520,79200.0,47510.0,76210.0,0.07200000000000001,partial:OEWS_May2025;EP_2020-30,0.2992610837438423,41,detailed,0,0,1,anchor
33-3052,Transit and Railroad Police,33,c214,Detectives and Criminal Investigators (+1),4390,91810.0,57690.0,90230.0,0.086,partial:OEWS_May2025;EP_2020-30,0.34375,14,detailed,0,0,2,merged
33-9011,Animal Control Workers,33,c218,Animal Control Workers,12070,48440.0,33090.0,45660.0,0.105,partial:OEWS_May2025;EP_2020-30,0.24166666666666664,16,detailed,0,0,1,single
33-9021,Private Detectives and Investigators,33,c219,Private Detectives and Investigators,35580,60150.0,36740.0,51220.0,0.132,partial:OEWS_May2025;EP_2020-30,0.38888888888888884,17,detailed,0,0,1,single
33-9031,Gambling Surveillance Officers and Gambling Investigators,33,c223,"Protective Service Workers, All Other (+1)",9520,45630.0,32730.0,43370.0,0.155,partial:OEWS_May2025;EP_2020-30,0.375,8,detailed,0,0,2,merged
33-9032,Security Guards,33,c220,Security Guards,1283470,42470.0,30210.0,38020.0,0.146,partial:OEWS_May2025;EP_2020-30,0.20833333333333331,14,detailed,0,0,1,anchor
33-9091,Crossing Guards and Flaggers,33,c221,"Lifeguards, Ski Patrol, and Other Recreational Protective Service Workers (+2)",94360,43350.0,30840.0,38100.0,0.134,partial:OEWS_May2025;EP_2020-30,0.18421052631578946,12,detailed,0,0,3,merged
33-9092,"Lifeguards, Ski Patrol, and Other Recreational Protective Service Workers",33,c221,"Lifeguards, Ski Patrol, and Other Recreational Protective Service Workers (+2)",157550,34470.0,25780.0,33580.0,0.245,partial:OEWS_May2025;EP_2020-30,0.12,15,detailed,0,0,3,merged
33-9093,Transportation Security Screeners,33,c222,Transportation Security Screeners,50290,64310.0,44700.0,66770.0,0.002,partial:OEWS_May2025;EP_2020-30,0.245,26,detailed,0,0,1,single
33-9094,School Bus Monitors,33,c221,"Lifeguards, Ski Patrol, and Other Recreational Protective Service Workers (+2)",78420,35150.0,28130.0,35100.0,0.142,partial:OEWS_May2025;EP_2020-30,0.18055555555555552,18,broad,0,0,3,merged
33-9099,"Protective Service Workers, All Other",33,c223,"Protective Service Workers, All Other (+1)",81500,48070.0,32470.0,42540.0,0.142,partial:OEWS_May2025;EP_2020-30,0.3597560975609756,21,broad,0,0,2,merged
35-1011,Chefs and Head Cooks,35,c224,Chefs and Head Cooks,200040,66700.0,37900.0,62470.0,0.253,partial:OEWS_May2025;EP_2020-30,0.26190476190476186,21,detailed,0,0,1,single
35-1012,First-Line Supervisors of Food Preparation and Serving Workers,35,c225,First-Line Supervisors of Food Preparation and Serving Workers,1223240,46180.0,29940.0,44080.0,0.20800000000000002,partial:OEWS_May2025;EP_2020-30,0.38333333333333336,26,detailed,0,0,1,anchor
35-2011,"Cooks, Fast Food",35,c226,"Cooks, Fast Food",641070,32390.0,22580.0,30890.0,-0.021,partial:OEWS_May2025;EP_2020-30,0.013157894736842105,19,detailed,0,0,1,anchor
35-2012,"Cooks, Institution and Cafeteria",35,c227,"Cooks, Institution and Cafeteria",441050,38810.0,28480.0,37450.0,0.068,partial:OEWS_May2025;EP_2020-30,0.10344827586206896,17,detailed,0,0,1,anchor
35-2013,"Cooks, Private Household",35,c228,"Cooks, Private Household",1100,53680.0,36090.0,47940.0,0.021,partial:OEWS_May2025;EP_2020-30,0.26,13,detailed,0,0,1,single
35-2014,"Cooks, Restaurant",35,c229,"Cooks, Restaurant",1409890,38730.0,28700.0,37390.0,0.489,partial:OEWS_May2025;EP_2020-30,0.10810810810810811,20,detailed,0,0,1,anchor
35-2015,"Cooks, Short Order",35,c230,"Cooks, Short Order (+1)",138650,36120.0,23440.0,35880.0,0.096,partial:OEWS_May2025;EP_2020-30,0.0,11,detailed,0,0,2,merged
35-2019,"Cooks, All Other",35,c230,"Cooks, Short Order (+1)",19350,39150.0,27040.0,37690.0,0.14,partial:OEWS_May2025;EP_2020-30,0.06513605049232167,0,detailed,0,1,2,merged
35-2021,Food Preparation Workers,35,c231,Food Preparation Workers,893600,35290.0,25810.0,35320.0,0.064,partial:OEWS_May2025;EP_2020-30,0.041666666666666664,31,detailed,0,0,1,anchor
35-3011,Bartenders,35,c232,Bartenders,756390,40790.0,20110.0,34340.0,0.325,partial:OEWS_May2025;EP_2020-30,0.16666666666666666,20,detailed,0,0,1,anchor
35-3023,Fast Food and Counter Workers,35,c233,Fast Food and Counter Workers,3854050,32150.0,22840.0,31200.0,0.15,partial:OEWS_May2025;EP_2020-30,0.10622258771929824,47,detailed,0,0,1,anchor
35-3031,Waiters and Waitresses,35,c234,Waiters and Waitresses,2270910,40060.0,18100.0,35230.0,0.201,partial:OEWS_May2025;EP_2020-30,0.2040816326530612,25,detailed,0,0,1,anchor
35-3041,"Food Servers, Nonrestaurant",35,c235,"Food Servers, Nonrestaurant",293900,36140.0,28030.0,35360.0,0.138,partial:OEWS_May2025;EP_2020-30,0.12037037037037036,14,detailed,0,0,1,single
35-9011,Dining Room and Cafeteria Attendants and Bartender Helpers,35,c236,Dining Room and Cafeteria Attendants and Bartender Helpers,542750,34230.0,21300.0,33980.0,0.266,partial:OEWS_May2025;EP_2020-30,0.0,24,detailed,0,0,1,anchor
35-9021,Dishwashers,35,c237,Dishwashers,477450,34310.0,26200.0,34810.0,0.19,partial:OEWS_May2025;EP_2020-30,0.0,13,detailed,0,0,1,anchor
35-9031,"Hosts and Hostesses, Restaurant, Lounge, and Coffee Shop",35,c238,"Hosts and Hostesses, Restaurant, Lounge, and Coffee Shop",432690,32690.0,22340.0,31200.0,0.253,partial:OEWS_May2025;EP_2020-30,0.2785714285714286,22,detailed,0,0,1,anchor
35-9099,"Food Preparation and Serving Related Workers, All Other",35,c239,"Food Preparation and Serving Related Workers, All Other",84630,36810.0,25470.0,35840.0,0.228,partial:OEWS_May2025;EP_2020-30,0.08707938494546755,0,detailed,0,1,1,single
37-1011,First-Line Supervisors of Housekeeping and Janitorial Workers,37,c240,First-Line Supervisors of Housekeeping and Janitorial Workers (+1),178760,53320.0,35520.0,49100.0,0.059000000000000004,partial:OEWS_May2025;EP_2020-30,0.260204081632653,26,detailed,0,0,2,merged
37-1012,"First-Line Supervisors of Landscaping, Lawn Service, and Groundskeeping Workers",37,c240,First-Line Supervisors of Housekeeping and Janitorial Workers (+1),130760,60960.0,40560.0,58430.0,0.04,partial:OEWS_May2025;EP_2020-30,0.3,28,detailed,0,0,2,merged
37-2011,"Janitors and Cleaners, Except Maids and Housekeeping Cleaners",37,c241,"Janitors and Cleaners, Except Maids and Housekeeping Cleaners",2209760,38760.0,28640.0,36840.0,0.057,partial:OEWS_May2025;EP_2020-30,0.013888888888888888,23,detailed,0,0,1,anchor
37-2012,Maids and Housekeeping Cleaners,37,c242,Maids and Housekeeping Cleaners,860670,37080.0,27640.0,35510.0,0.113,partial:OEWS_May2025;EP_2020-30,0.029411764705882353,25,detailed,0,0,1,anchor
37-2019,"Building Cleaning Workers, All Other",37,c243,"Building Cleaning Workers, All Other",17210,46420.0,32370.0,44040.0,0.035,partial:OEWS_May2025;EP_2020-30,0.02460667596681943,0,detailed,0,1,1,single
37-2021,Pest Control Workers,37,c244,Pest Control Workers,102620,46400.0,34680.0,45250.0,0.095,partial:OEWS_May2025;EP_2020-30,0.23958333333333331,15,detailed,0,0,1,single
37-3011,Landscaping and Groundskeeping Workers,37,c245,Landscaping and Groundskeeping Workers,952640,42290.0,31150.0,39150.0,0.076,partial:OEWS_May2025;EP_2020-30,0.024390243902439025,27,detailed,0,0,1,anchor
37-3012,"Pesticide Handlers, Sprayers, and Applicators, Vegetation",37,c246,Tree Trimmers and Pruners (+2),27050,47070.0,35570.0,46340.0,0.083,partial:OEWS_May2025;EP_2020-30,0.05555555555555555,10,detailed,0,0,3,merged
37-3013,Tree Trimmers and Pruners,37,c246,Tree Trimmers and Pruners (+2),55160,55970.0,37940.0,50960.0,0.061,partial:OEWS_May2025;EP_2020-30,0.06097560975609756,26,detailed,0,0,3,merged
37-3019,"Grounds Maintenance Workers, All Other",37,c246,Tree Trimmers and Pruners (+2),13630,48830.0,31650.0,46860.0,0.086,partial:OEWS_May2025;EP_2020-30,0.026825539920382176,0,detailed,0,1,3,merged
39-1013,First-Line Supervisors of Gambling Services Workers,39,c247,First-Line Supervisors of Gambling Services Workers,26010,64830.0,41400.0,63820.0,0.214,partial:OEWS_May2025;EP_2020-30,0.38461538461538464,30,detailed,0,0,1,single
39-1014,"First-Line Supervisors of Entertainment and Recreation Workers, Except Gambling Services",39,c248,First-Line Supervisors of Personal Service Workers (+1),103190,53550.0,34760.0,48560.0,0.239,partial:OEWS_May2025;EP_2020-30,0.35526315789473684,19,minor,0,0,2,merged
39-1022,First-Line Supervisors of Personal Service Workers,39,c248,First-Line Supervisors of Personal Service Workers (+1),114110,52360.0,34010.0,48590.0,0.239,partial:OEWS_May2025;EP_2020-30,0.3879310344827586,17,minor,0,0,2,merged
39-2011,Animal Trainers,39,c249,Animal Trainers,18770,47020.0,29600.0,39990.0,0.285,partial:OEWS_May2025;EP_2020-30,0.12068965517241378,19,detailed,0,0,1,single
39-2021,Animal Caretakers,39,c250,Animal Caretakers,266910,37300.0,27250.0,35360.0,0.344,partial:OEWS_May2025;EP_2020-30,0.22727272727272727,22,detailed,0,0,1,single
39-3011,Gambling Dealers,39,c251,"Ushers, Lobby Attendants, and Ticket Takers (+6)",83910,42550.0,24040.0,34320.0,0.24,partial:OEWS_May2025;EP_2020-30,0.14189189189189189,21,detailed,0,0,7,merged
39-3012,Gambling and Sports Book Writers and Runners,39,c251,"Ushers, Lobby Attendants, and Ticket Takers (+6)",8950,36450.0,22090.0,34980.0,0.285,partial:OEWS_May2025;EP_2020-30,0.25,22,detailed,0,0,7,merged
39-3019,"Gambling Service Workers, All Other",39,c251,"Ushers, Lobby Attendants, and Ticket Takers (+6)",14140,41380.0,23160.0,36310.0,0.272,partial:OEWS_May2025;EP_2020-30,0.24299175981555662,0,detailed,0,1,7,merged
39-3021,Motion Picture Projectionists,39,c251,"Ushers, Lobby Attendants, and Ticket Takers (+6)",1480,51480.0,23390.0,38270.0,0.705,partial:OEWS_May2025;EP_2020-30,0.12878787878787878,22,detailed,0,0,7,merged
39-3031,"Ushers, Lobby Attendants, and Ticket Takers",39,c251,"Ushers, Lobby Attendants, and Ticket Takers (+6)",121770,33080.0,23560.0,32910.0,0.618,partial:OEWS_May2025;EP_2020-30,0.17142857142857143,23,detailed,0,0,7,merged
39-3091,Amusement and Recreation Attendants,39,c252,Amusement and Recreation Attendants,397830,32640.0,22350.0,32150.0,0.32299999999999995,partial:OEWS_May2025;EP_2020-30,0.2884615384615385,19,detailed,0,0,1,anchor
39-3092,Costume Attendants,39,c253,Costume Attendants,6510,63440.0,32150.0,50400.0,0.44299999999999995,partial:OEWS_May2025;EP_2020-30,0.25,21,detailed,0,0,1,single
39-3093,"Locker Room, Coatroom, and Dressing Room Attendants",39,c251,"Ushers, Lobby Attendants, and Ticket Takers (+6)",15560,38460.0,26590.0,36300.0,0.263,partial:OEWS_May2025;EP_2020-30,0.10483870967741934,23,detailed,0,0,7,merged
39-3099,"Entertainment Attendants and Related Workers, All Other",39,c251,"Ushers, Lobby Attendants, and Ticket Takers (+6)",7060,34980.0,23310.0,32640.0,0.354,partial:OEWS_May2025;EP_2020-30,0.24299175981555662,0,detailed,0,1,7,merged
39-4011,Embalmers,39,c256,"Morticians, Undertakers, and Funeral Arrangers (+1)",3890,58390.0,38310.0,58780.0,-0.006,partial:OEWS_May2025;EP_2020-30,0.04,26,detailed,0,0,2,merged
39-4012,Crematory Operators,39,c254,Crematory Operators,2970,45670.0,33270.0,43650.0,0.217,partial:OEWS_May2025;EP_2020-30,0.08333333333333333,12,major,0,0,1,single
39-4021,Funeral Attendants,39,c255,Funeral Attendants,31090,37190.0,28070.0,35680.0,0.033,partial:OEWS_May2025;EP_2020-30,0.20555555555555555,26,detailed,0,0,1,single
39-4031,"Morticians, Undertakers, and Funeral Arrangers",39,c256,"Morticians, Undertakers, and Funeral Arrangers (+1)",25100,58160.0,33350.0,55010.0,0.040999999999999995,partial:OEWS_May2025;EP_2020-30,0.12790697674418605,22,detailed,0,0,2,merged
39-5011,Barbers,39,c259,Manicurists and Pedicurists (+2),15000,47070.0,28600.0,38210.0,0.175,partial:OEWS_May2025;EP_2020-30,0.11764705882352941,20,detailed,0,0,3,merged
39-5012,"Hairdressers, Hairstylists, and Cosmetologists",39,c257,"Hairdressers, Hairstylists, and Cosmetologists",305710,43960.0,27040.0,35790.0,0.19399999999999998,partial:OEWS_May2025;EP_2020-30,0.06578947368421052,23,detailed,0,0,1,anchor
39-5091,"Makeup Artists, Theatrical and Performance",39,c258,"Makeup Artists, Theatrical and Performance",2340,102240.0,23360.0,97150.0,0.37,partial:OEWS_May2025;EP_2020-30,0.29268292682926833,21,detailed,0,0,1,single
39-5092,Manicurists and Pedicurists,39,c259,Manicurists and Pedicurists (+2),152770,38570.0,28920.0,35760.0,0.326,partial:OEWS_May2025;EP_2020-30,0.06944444444444445,18,detailed,0,0,3,merged
39-5093,Shampooers,39,c259,Manicurists and Pedicurists (+2),8070,31980.0,23110.0,32600.0,0.298,partial:OEWS_May2025;EP_2020-30,0.10714285714285714,4,detailed,0,0,3,merged
39-5094,Skincare Specialists,39,c260,Skincare Specialists,72890,51850.0,29580.0,45330.0,0.28800000000000003,partial:OEWS_May2025;EP_2020-30,0.15151515151515152,18,detailed,0,0,1,single
39-6011,Baggage Porters and Bellhops,39,c261,Baggage Porters and Bellhops,28510,38570.0,27040.0,37080.0,0.245,partial:OEWS_May2025;EP_2020-30,0.21296296296296297,17,detailed,0,0,1,single
39-6012,Concierges,39,c262,Concierges,49240,42510.0,31620.0,38950.0,0.2,partial:OEWS_May2025;EP_2020-30,0.5833333333333333,16,detailed,0,0,1,single
39-7010,Tour and Travel Guides,39,c263,Tour and Travel Guides,53500,43720.0,28520.0,38120.0,0.29100000000000004,partial:OEWS_May2025;EP_2020-30,0.34884615384615386,36,detailed,0,0,1,single
39-9011,Childcare Workers,39,c264,Childcare Workers,518910,35030.0,24260.0,34980.0,0.085,partial:OEWS_May2025;EP_2020-30,0.24093980343980345,44,detailed,0,0,1,anchor
39-9031,Exercise Trainers and Group Fitness Instructors,39,c265,Exercise Trainers and Group Fitness Instructors,322930,52420.0,28800.0,47160.0,0.39299999999999996,partial:OEWS_May2025;EP_2020-30,0.125,22,detailed,0,0,1,anchor
39-9032,Recreation Workers,39,c266,Recreation Workers,331490,38520.0,27600.0,36560.0,0.163,partial:OEWS_May2025;EP_2020-30,0.24404761904761904,24,detailed,0,0,1,anchor
39-9041,Residential Advisors,39,c267,Residential Advisors (+1),84760,43990.0,29870.0,42240.0,0.124,partial:OEWS_May2025;EP_2020-30,0.26,30,detailed,0,0,2,merged
39-9099,"Personal Care and Service Workers, All Other",39,c267,Residential Advisors (+1),60420,40120.0,27480.0,41600.0,0.217,partial:OEWS_May2025;EP_2020-30,0.21820937105108493,0,major,0,1,2,merged
41-1011,First-Line Supervisors of Retail Sales Workers,41,c268,First-Line Supervisors of Retail Sales Workers,1121800,53380.0,33120.0,48520.0,-0.065,partial:OEWS_May2025;EP_2020-30,0.44594594594594594,21,detailed,0,0,1,anchor
41-1012,First-Line Supervisors of Non-Retail Sales Workers,41,c269,First-Line Supervisors of Non-Retail Sales Workers,214390,99370.0,50320.0,87520.0,-0.05,partial:OEWS_May2025;EP_2020-30,0.4907407407407407,18,detailed,0,0,1,single
41-2011,Cashiers,41,c270,Cashiers,3089410,33180.0,24530.0,32880.0,-0.098,partial:OEWS_May2025;EP_2020-30,0.2848837209302325,29,detailed,0,0,1,anchor
41-2012,Gambling Change Persons and Booth Cashiers,41,c272,Parts Salespersons (+1),21530,39100.0,24460.0,36220.0,0.18100000000000002,partial:OEWS_May2025;EP_2020-30,0.2857142857142857,15,detailed,0,0,2,merged
41-2021,Counter and Rental Clerks,41,c271,Counter and Rental Clerks,400810,45700.0,29800.0,41300.0,0.079,partial:OEWS_May2025;EP_2020-30,0.6048387096774193,16,detailed,0,0,1,anchor
41-2022,Parts Salespersons,41,c272,Parts Salespersons (+1),270070,43830.0,28240.0,38630.0,0.049,partial:OEWS_May2025;EP_2020-30,0.34285714285714286,19,detailed,0,0,2,merged
41-2031,Retail Salespersons,41,c273,Retail Salespersons,3897860,37310.0,27210.0,35410.0,-0.01,partial:OEWS_May2025;EP_2020-30,0.34868421052631576,24,detailed,0,0,1,anchor
41-3011,Advertising Sales Agents,41,c274,Advertising Sales Agents,91700,80670.0,35240.0,64820.0,0.031,partial:OEWS_May2025;EP_2020-30,0.6153846153846154,20,detailed,0,0,1,single
41-3021,Insurance Sales Agents,41,c275,Insurance Sales Agents,479100,81480.0,37330.0,62280.0,0.07,partial:OEWS_May2025;EP_2020-30,0.553030303030303,19,detailed,0,0,1,anchor
41-3031,"Securities, Commodities, and Financial Services Sales Agents",41,c276,"Securities, Commodities, and Financial Services Sales Agents",489570,109150.0,48040.0,78660.0,0.042,partial:OEWS_May2025;EP_2020-30,0.5625,30,detailed,0,0,1,anchor
41-3041,Travel Agents,41,c277,Travel Agents,55110,54660.0,34610.0,50160.0,0.054000000000000006,partial:OEWS_May2025;EP_2020-30,0.5625,8,detailed,0,0,1,single
41-3091,"Sales Representatives of Services, Except Advertising, Insurance, Financial Services, and Travel",41,c278,"Sales Representatives of Services, Except Advertising, Insurance, Financial Services, and Travel",1256010,82430.0,37980.0,69990.0,0.098,partial:OEWS_May2025;EP_2020-30,0.6,15,detailed,0,0,1,anchor
41-4011,"Sales Representatives, Wholesale and Manufacturing, Technical and Scientific Products",41,c279,"Sales Representatives, Wholesale and Manufacturing, Technical and Scientific Products",284800,119730.0,52600.0,104920.0,0.061,partial:OEWS_May2025;EP_2020-30,0.5359311740890689,49,detailed,0,0,1,single
41-4012,"Sales Representatives, Wholesale and Manufacturing, Except Technical and Scientific Products",41,c280,"Sales Representatives, Wholesale and Manufacturing, Except Technical and Scientific Products",1238190,82530.0,39090.0,72080.0,0.045,partial:OEWS_May2025;EP_2020-30,0.6637931034482758,19,detailed,0,0,1,anchor
41-9011,Demonstrators and Product Promoters,41,c281,Demonstrators and Product Promoters,64520,45580.0,31200.0,39320.0,0.073,partial:OEWS_May2025;EP_2020-30,0.2628205128205128,24,detailed,0,0,1,single
41-9012,Models,41,c282,Models,3780,72800.0,34190.0,48470.0,0.114,partial:OEWS_May2025;EP_2020-30,0.31666666666666665,14,detailed,1,0,1,single
41-9021,Real Estate Brokers,41,c283,Real Estate Brokers,46100,83950.0,37110.0,73220.0,0.045,partial:OEWS_May2025;EP_2020-30,0.4609375,19,detailed,0,0,1,single
41-9022,Real Estate Sales Agents,41,c284,Real Estate Sales Agents (+2),193370,69510.0,32970.0,52830.0,0.040999999999999995,partial:OEWS_May2025;EP_2020-30,0.42410714285714285,33,detailed,0,0,3,merged
41-9031,Sales Engineers,41,c285,Sales Engineers,51790,130140.0,73870.0,124900.0,0.079,partial:OEWS_May2025;EP_2020-30,0.5227272727272727,25,detailed,0,0,1,single
41-9041,Telemarketers,41,c286,Telemarketers,58430,37370.0,27040.0,35450.0,-0.183,partial:OEWS_May2025;EP_2020-30,0.6666666666666666,12,detailed,0,0,1,single
41-9091,"Door-to-Door Sales Workers, News and Street Vendors, and Related Workers",41,c284,Real Estate Sales Agents (+2),2760,43850.0,32010.0,41380.0,-0.24100000000000002,partial:OEWS_May2025;EP_2020-30,0.3913043478260869,12,detailed,0,0,3,merged
41-9099,"Sales and Related Workers, All Other",41,c284,Real Estate Sales Agents (+2),93180,58510.0,29720.0,48280.0,0.017,partial:OEWS_May2025;EP_2020-30,0.48760726471186794,0,detailed,0,1,3,merged
43-1011,First-Line Supervisors of Office and Administrative Support Workers,43,c287,First-Line Supervisors of Office and Administrative Support Workers,1436680,73490.0,45610.0,69500.0,-0.015,partial:OEWS_May2025;EP_2020-30,0.5104166666666666,29,detailed,0,0,1,anchor
43-2011,"Switchboard Operators, Including Answering Service",43,c288,"Switchboard Operators, Including Answering Service",34280,42300.0,29990.0,38630.0,-0.22699999999999998,partial:OEWS_May2025;EP_2020-30,0.5564516129032258,19,detailed,0,0,1,single
43-2021,Telephone Operators,43,c289,Telephone Operators,3430,44970.0,31510.0,41740.0,-0.254,partial:OEWS_May2025;EP_2020-30,0.7236842105263157,16,detailed,0,0,1,single
43-2099,"Communications Equipment Operators, All Other",43,c290,"Communications Equipment Operators, All Other",1200,62130.0,38900.0,54680.0,0.138,partial:OEWS_May2025;EP_2020-30,0.5688832332029061,0,detailed,0,1,1,single
43-3011,Bill and Account Collectors,43,c291,Bill and Account Collectors (+2),158830,49060.0,34400.0,47030.0,-0.092,partial:OEWS_May2025;EP_2020-30,0.5625,15,detailed,0,0,3,merged
43-3021,Billing and Posting Clerks,43,c292,Billing and Posting Clerks,404060,51070.0,37290.0,48500.0,0.028999999999999998,partial:OEWS_May2025;EP_2020-30,0.5952380952380951,30,detailed,0,0,1,anchor
43-3031,"Bookkeeping, Accounting, and Auditing Clerks",43,c293,"Bookkeeping, Accounting, and Auditing Clerks",1373680,53560.0,36000.0,50670.0,-0.03,partial:OEWS_May2025;EP_2020-30,0.5581395348837209,30,detailed,0,0,1,anchor
43-3041,Gambling Cage Workers,43,c294,Gambling Cage Workers,14430,39510.0,29100.0,37580.0,0.195,partial:OEWS_May2025;EP_2020-30,0.4193548387096774,17,detailed,0,0,1,single
43-3051,Payroll and Timekeeping Clerks,43,c295,Payroll and Timekeeping Clerks,153140,59630.0,39500.0,58260.0,-0.129,partial:OEWS_May2025;EP_2020-30,0.6621621621621623,22,detailed,0,0,1,single
43-3061,Procurement Clerks,43,c291,Bill and Account Collectors (+2),55810,52370.0,38040.0,50580.0,-0.051,partial:OEWS_May2025;EP_2020-30,0.5357142857142857,19,detailed,0,0,3,merged
43-3071,Tellers,43,c296,Tellers,329480,42350.0,34360.0,43030.0,-0.16899999999999998,partial:OEWS_May2025;EP_2020-30,0.4375,29,detailed,0,0,1,anchor
43-3099,"Financial Clerks, All Other",43,c291,Bill and Account Collectors (+2),36260,56450.0,40360.0,53830.0,0.075,partial:OEWS_May2025;EP_2020-30,0.5528446939570566,0,detailed,0,1,3,merged
43-4011,Brokerage Clerks,43,c297,Brokerage Clerks,35940,72850.0,50260.0,65750.0,-0.098,partial:OEWS_May2025;EP_2020-30,0.7833333333333333,10,detailed,0,0,1,single
43-4021,Correspondence Clerks,43,c298,Correspondence Clerks,4290,48090.0,33300.0,46800.0,-0.028999999999999998,partial:OEWS_May2025;EP_2020-30,0.8482142857142856,21,detailed,0,0,1,single
43-4031,"Court, Municipal, and License Clerks",43,c299,"Court, Municipal, and License Clerks (+3)",179750,52320.0,36300.0,48700.0,0.057999999999999996,partial:OEWS_May2025;EP_2020-30,0.6454545454545454,30,detailed,0,0,4,merged
43-4041,"Credit Authorizers, Checkers, and Clerks",43,c299,"Court, Municipal, and License Clerks (+3)",12030,51420.0,30260.0,50080.0,-0.048,partial:OEWS_May2025;EP_2020-30,0.6125,16,detailed,0,0,4,merged
43-4051,Customer Service Representatives,43,c300,Customer Service Representatives,2595750,46590.0,31750.0,44770.0,-0.012,partial:OEWS_May2025;EP_2020-30,0.6363636363636365,15,detailed,0,0,1,anchor
43-4061,"Eligibility Interviewers, Government Programs",43,c299,"Court, Municipal, and License Clerks (+3)",154800,56090.0,38900.0,54210.0,0.038,partial:OEWS_May2025;EP_2020-30,0.65,17,detailed,0,0,4,merged
43-4071,File Clerks,43,c299,"Court, Municipal, and License Clerks (+3)",73440,45590.0,31200.0,43600.0,-0.126,partial:OEWS_May2025;EP_2020-30,0.6323529411764706,19,detailed,0,0,4,merged
43-4081,"Hotel, Motel, and Resort Desk Clerks",43,c301,"Hotel, Motel, and Resort Desk Clerks",261420,35550.0,27120.0,35070.0,0.16399999999999998,partial:OEWS_May2025;EP_2020-30,0.4487179487179487,20,detailed,0,0,1,single
43-4111,"Interviewers, Except Eligibility and Loan",43,c303,Loan Interviewers and Clerks (+5),148060,47240.0,33900.0,45920.0,-0.065,partial:OEWS_May2025;EP_2020-30,0.5517241379310345,17,detailed,0,0,6,merged
43-4121,"Library Assistants, Clerical",43,c302,"Library Assistants, Clerical",85520,39370.0,27730.0,36910.0,-0.006,partial:OEWS_May2025;EP_2020-30,0.4870689655172413,33,detailed,0,0,1,single
43-4131,Loan Interviewers and Clerks,43,c303,Loan Interviewers and Clerks (+5),164790,52520.0,37330.0,50020.0,-0.024,partial:OEWS_May2025;EP_2020-30,0.546875,18,detailed,0,0,6,merged
43-4141,New Accounts Clerks,43,c303,Loan Interviewers and Clerks (+5),36860,49370.0,38180.0,47670.0,-0.16699999999999998,partial:OEWS_May2025;EP_2020-30,0.5800000000000001,15,detailed,0,0,6,merged
43-4151,Order Clerks,43,c304,Order Clerks,75200,48220.0,35530.0,46170.0,-0.182,partial:OEWS_May2025;EP_2020-30,0.6571428571428571,19,detailed,0,0,1,single
43-4161,"Human Resources Assistants, Except Payroll and Timekeeping",43,c303,Loan Interviewers and Clerks (+5),90220,52250.0,37340.0,50610.0,-0.028999999999999998,partial:OEWS_May2025;EP_2020-30,0.5431034482758621,19,detailed,0,0,6,merged
43-4171,Receptionists and Information Clerks,43,c305,Receptionists and Information Clerks,910180,39460.0,28760.0,38010.0,0.043,partial:OEWS_May2025;EP_2020-30,0.5583333333333333,19,detailed,0,0,1,anchor
43-4181,Reservation and Transportation Ticket Agents and Travel Clerks,43,c303,Loan Interviewers and Clerks (+5),118710,49630.0,32140.0,44390.0,0.129,partial:OEWS_May2025;EP_2020-30,0.4928571428571429,21,detailed,0,0,6,merged
43-4199,"Information and Record Clerks, All Other",43,c303,Loan Interviewers and Clerks (+5),134920,51490.0,33870.0,49500.0,0.051,partial:OEWS_May2025;EP_2020-30,0.5564315218546385,0,detailed,0,1,6,merged
43-5011,Cargo and Freight Agents,43,c306,Cargo and Freight Agents (+1),97670,57230.0,38340.0,52260.0,0.099,partial:OEWS_May2025;EP_2020-30,0.47805889079473984,55,detailed,0,0,2,merged
43-5021,Couriers and Messengers,43,c307,Couriers and Messengers,68640,40970.0,31550.0,39200.0,-0.08199999999999999,partial:OEWS_May2025;EP_2020-30,0.2327586206896552,17,detailed,0,0,1,single
43-5031,Public Safety Telecommunicators,43,c308,"Dispatchers, Except Police, Fire, and Ambulance (+1)",102500,56740.0,37320.0,53040.0,0.08199999999999999,partial:OEWS_May2025;EP_2020-30,0.625,18,detailed,0,0,2,merged
43-5032,"Dispatchers, Except Police, Fire, and Ambulance",43,c308,"Dispatchers, Except Police, Fire, and Ambulance (+1)",202810,54740.0,36030.0,50340.0,0.043,partial:OEWS_May2025;EP_2020-30,0.6630434782608696,13,detailed,0,0,2,merged
43-5041,"Meter Readers, Utilities",43,c306,Cargo and Freight Agents (+1),19430,55380.0,34720.0,48150.0,-0.086,partial:OEWS_May2025;EP_2020-30,0.39583333333333326,13,detailed,0,0,2,merged
43-5051,Postal Service Clerks,43,c309,Postal Service Clerks,73720,61860.0,42600.0,62130.0,-0.078,partial:OEWS_May2025;EP_2020-30,0.2962962962962963,21,detailed,0,0,1,single
43-5052,Postal Service Mail Carriers,43,c310,Postal Service Mail Carriers,328820,62540.0,42390.0,60550.0,-0.078,partial:OEWS_May2025;EP_2020-30,0.28846153846153844,22,detailed,0,0,1,anchor
43-5053,"Postal Service Mail Sorters, Processors, and Processing Machine Operators",43,c311,"Postal Service Mail Sorters, Processors, and Processing Machine Operators",105200,59430.0,45530.0,58470.0,-0.122,partial:OEWS_May2025;EP_2020-30,0.1125,17,detailed,0,0,1,single
43-5061,"Production, Planning, and Expediting Clerks",43,c312,"Production, Planning, and Expediting Clerks",390160,62150.0,40080.0,59650.0,0.076,partial:OEWS_May2025;EP_2020-30,0.5576923076923077,17,detailed,0,0,1,anchor
43-5071,"Shipping, Receiving, and Inventory Clerks",43,c313,"Shipping, Receiving, and Inventory Clerks",816870,46810.0,34650.0,45260.0,-0.055,partial:OEWS_May2025;EP_2020-30,0.42857142857142855,11,detailed,0,0,1,anchor
43-5111,"Weighers, Measurers, Checkers, and Samplers, Recordkeeping",43,c314,"Weighers, Measurers, Checkers, and Samplers, Recordkeeping",53300,47630.0,35290.0,46380.0,0.107,partial:OEWS_May2025;EP_2020-30,0.2844827586206896,22,detailed,0,0,1,single
43-6011,Executive Secretaries and Executive Administrative Assistants,43,c315,Executive Secretaries and Executive Administrative Assistants,459910,79140.0,50560.0,76590.0,-0.187,partial:OEWS_May2025;EP_2020-30,0.695945945945946,22,detailed,0,0,1,anchor
43-6012,Legal Secretaries and Administrative Assistants,43,c316,Legal Secretaries and Administrative Assistants,156280,60620.0,36500.0,55570.0,-0.21,partial:OEWS_May2025;EP_2020-30,0.7282608695652173,14,detailed,0,0,1,single
43-6013,Medical Secretaries and Administrative Assistants,43,c317,Medical Secretaries and Administrative Assistants,961610,46800.0,35930.0,45930.0,0.106,partial:OEWS_May2025;EP_2020-30,0.6388888888888888,16,detailed,0,0,1,anchor
43-6014,"Secretaries and Administrative Assistants, Except Legal, Medical, and Executive",43,c318,"Secretaries and Administrative Assistants, Except Legal, Medical, and Executive",1706790,49350.0,33280.0,47540.0,-0.076,partial:OEWS_May2025;EP_2020-30,0.6057692307692308,32,detailed,0,0,1,anchor
43-9021,Data Entry Keyers,43,c320,Insurance Claims and Policy Processing Clerks (+2),127080,43310.0,31200.0,41340.0,-0.225,partial:OEWS_May2025;EP_2020-30,0.6964285714285714,9,detailed,0,0,3,merged
43-9022,Word Processors and Typists,43,c320,Insurance Claims and Policy Processing Clerks (+2),35010,51120.0,36810.0,49280.0,-0.36,partial:OEWS_May2025;EP_2020-30,0.6148648648648649,20,detailed,0,0,3,merged
43-9031,Desktop Publishers,43,c319,Desktop Publishers,3350,61970.0,35680.0,55290.0,-0.12300000000000001,partial:OEWS_May2025;EP_2020-30,0.564516129032258,18,detailed,0,0,1,single
43-9041,Insurance Claims and Policy Processing Clerks,43,c320,Insurance Claims and Policy Processing Clerks (+2),214260,52920.0,37560.0,49230.0,0.013999999999999999,partial:OEWS_May2025;EP_2020-30,0.6726190476190476,27,detailed,0,0,3,merged
43-9051,"Mail Clerks and Mail Machine Operators, Except Postal Service",43,c321,"Mail Clerks and Mail Machine Operators, Except Postal Service",55230,41650.0,30780.0,39280.0,-0.042,partial:OEWS_May2025;EP_2020-30,0.16891891891891891,29,detailed,0,0,1,single
43-9061,"Office Clerks, General",43,c322,"Office Clerks, General",2464940,46420.0,30310.0,45010.0,-0.021,partial:OEWS_May2025;EP_2020-30,0.5378787878787878,21,detailed,0,0,1,anchor
43-9071,"Office Machine Operators, Except Computer",43,c323,"Office Machine Operators, Except Computer",25130,43220.0,31750.0,40960.0,-0.135,partial:OEWS_May2025;EP_2020-30,0.2867647058823529,18,detailed,0,0,1,single
43-9081,Proofreaders and Copy Markers,43,c324,Proofreaders and Copy Markers,4580,54800.0,34510.0,51120.0,0.053,partial:OEWS_May2025;EP_2020-30,0.7875000000000001,11,detailed,0,0,1,single
43-9111,Statistical Assistants,43,c325,"Office and Administrative Support Workers, All Other (+1)",4710,55650.0,35990.0,50330.0,0.079,partial:OEWS_May2025;EP_2020-30,0.7826086956521738,14,detailed,0,0,2,merged
43-9199,"Office and Administrative Support Workers, All Other",43,c325,"Office and Administrative Support Workers, All Other (+1)",192260,48670.0,31090.0,45670.0,0.066,partial:OEWS_May2025;EP_2020-30,0.7826086956521738,0,detailed,0,1,2,merged
45-1011,"First-Line Supervisors of Farming, Fishing, and Forestry Workers",45,c326,"First-Line Supervisors of Farming, Fishing, and Forestry Workers",27960,62730.0,38990.0,59320.0,0.087,partial:OEWS_May2025;EP_2020-30,0.21929824561403508,30,detailed,0,0,1,single
45-2011,Agricultural Inspectors,45,c327,Agricultural Inspectors,14410,54910.0,37020.0,49940.0,0.091,partial:OEWS_May2025;EP_2020-30,0.29166666666666663,22,detailed,0,0,1,single
45-2021,Animal Breeders,45,c328,Animal Breeders,1330,57010.0,38480.0,51130.0,-0.032,partial:OEWS_May2025;EP_2020-30,0.12121212121212122,24,detailed,0,0,1,single
45-2041,"Graders and Sorters, Agricultural Products",45,c330,"Farmworkers and Laborers, Crop, Nursery, and Greenhouse (+3)",25180,36430.0,29580.0,35730.0,-0.013999999999999999,partial:OEWS_May2025;EP_2020-30,0.07500000000000001,6,detailed,0,0,4,merged
45-2091,Agricultural Equipment Operators,45,c329,Agricultural Equipment Operators,28500,43710.0,33500.0,41730.0,0.129,partial:OEWS_May2025;EP_2020-30,0.0,17,detailed,0,0,1,single
45-2092,"Farmworkers and Laborers, Crop, Nursery, and Greenhouse",45,c330,"Farmworkers and Laborers, Crop, Nursery, and Greenhouse (+3)",265500,37630.0,32900.0,35660.0,0.053,partial:OEWS_May2025;EP_2020-30,0.10714285714285714,30,detailed,0,0,4,merged
45-2093,"Farmworkers, Farm, Ranch, and Aquacultural Animals",45,c330,"Farmworkers and Laborers, Crop, Nursery, and Greenhouse (+3)",32810,39260.0,27360.0,36670.0,-0.083,partial:OEWS_May2025;EP_2020-30,0.0703125,22,detailed,0,0,4,merged
45-2099,"Agricultural Workers, All Other",45,c330,"Farmworkers and Laborers, Crop, Nursery, and Greenhouse (+3)",3620,45510.0,27760.0,39850.0,0.049,partial:OEWS_May2025;EP_2020-30,0.10090567423560394,0,detailed,0,1,4,merged
45-4011,Forest and Conservation Workers,45,c331,Logging Equipment Operators (+4),6050,43680.0,33780.0,43680.0,-0.08,partial:OEWS_May2025;EP_2020-30,0.05434782608695652,21,detailed,0,0,5,merged
45-4021,Fallers,45,c331,Logging Equipment Operators (+4),3130,57110.0,35180.0,52100.0,-0.013000000000000001,partial:OEWS_May2025;EP_2020-30,0.078125,19,detailed,0,0,5,merged
45-4022,Logging Equipment Operators,45,c331,Logging Equipment Operators (+4),21060,53190.0,35170.0,49740.0,0.081,partial:OEWS_May2025;EP_2020-30,0.125,9,detailed,0,0,5,merged
45-4023,Log Graders and Scalers,45,c331,Logging Equipment Operators (+4),3070,47770.0,34950.0,46330.0,0.077,partial:OEWS_May2025;EP_2020-30,0.18421052631578946,13,detailed,0,0,5,merged
45-4029,"Logging Workers, All Other",45,c331,Logging Equipment Operators (+4),1700,52910.0,36380.0,50840.0,0.063,partial:OEWS_May2025;EP_2020-30,0.11359451758759682,0,detailed,0,1,5,merged
47-1011,First-Line Supervisors of Construction Trades and Extraction Workers,47,c332,First-Line Supervisors of Construction Trades and Extraction Workers,812210,86450.0,53280.0,79920.0,0.062,partial:OEWS_May2025;EP_2020-30,0.325,30,detailed,0,0,1,anchor
47-2011,Boilermakers,47,c333,Boilermakers (+2),10190,80090.0,50490.0,76410.0,-0.01,partial:OEWS_May2025;EP_2020-30,0.015151515151515152,17,detailed,0,0,3,merged
47-2021,Brickmasons and Blockmasons,47,c335,Cement Masons and Concrete Finishers (+9),52550,68280.0,44820.0,62120.0,-0.053,partial:OEWS_May2025;EP_2020-30,0.019230769230769232,14,detailed,0,0,10,merged
47-2022,Stonemasons,47,c335,Cement Masons and Concrete Finishers (+9),7820,60710.0,39300.0,57390.0,-0.013999999999999999,partial:OEWS_May2025;EP_2020-30,0.0,17,detailed,0,0,10,merged
47-2031,Carpenters,47,c334,Carpenters,670090,65630.0,40410.0,60580.0,0.021,partial:OEWS_May2025;EP_2020-30,0.11666666666666667,29,detailed,0,0,1,anchor
47-2041,Carpet Installers,47,c335,Cement Masons and Concrete Finishers (+9),13780,56990.0,35450.0,50340.0,-0.059000000000000004,partial:OEWS_May2025;EP_2020-30,0.046875,16,detailed,0,0,10,merged
47-2042,"Floor Layers, Except Carpet, Wood, and Hard Tiles",47,c335,Cement Masons and Concrete Finishers (+9),23640,61760.0,37600.0,56460.0,0.12300000000000001,partial:OEWS_May2025;EP_2020-30,0.0,14,detailed,0,0,10,merged
47-2043,Floor Sanders and Finishers,47,c335,Cement Masons and Concrete Finishers (+9),3720,52460.0,37070.0,50440.0,0.045,partial:OEWS_May2025;EP_2020-30,0.03571428571428571,7,detailed,0,0,10,merged
47-2044,Tile and Stone Setters,47,c335,Cement Masons and Concrete Finishers (+9),35850,59250.0,37140.0,55690.0,0.115,partial:OEWS_May2025;EP_2020-30,0.0625,25,detailed,0,0,10,merged
47-2051,Cement Masons and Concrete Finishers,47,c335,Cement Masons and Concrete Finishers (+9),206170,60050.0,39190.0,57020.0,-0.01,partial:OEWS_May2025;EP_2020-30,0.0,26,detailed,0,0,10,merged
47-2053,Terrazzo Workers and Finishers,47,c333,Boilermakers (+2),1180,84920.0,46090.0,76170.0,-0.085,partial:OEWS_May2025;EP_2020-30,0.011363636363636364,26,detailed,0,0,3,merged
47-2061,Construction Laborers,47,c336,Construction Laborers,1096780,52030.0,35090.0,47120.0,0.08,partial:OEWS_May2025;EP_2020-30,0.037500000000000006,32,detailed,0,0,1,anchor
47-2071,"Paving, Surfacing, and Tamping Equipment Operators",47,c335,Cement Masons and Concrete Finishers (+9),41820,59000.0,38230.0,53340.0,0.055999999999999994,partial:OEWS_May2025;EP_2020-30,0.0,20,detailed,0,0,10,merged
47-2072,Pile Driver Operators,47,c333,Boilermakers (+2),2310,80710.0,48790.0,73300.0,0.048,partial:OEWS_May2025;EP_2020-30,0.0,5,detailed,0,0,3,merged
47-2073,Operating Engineers and Other Construction Equipment Operators,47,c337,Operating Engineers and Other Construction Equipment Operators,478090,66290.0,42190.0,59850.0,0.054000000000000006,partial:OEWS_May2025;EP_2020-30,0.07065217391304347,28,detailed,0,0,1,anchor
47-2081,Drywall and Ceiling Tile Installers,47,c335,Cement Masons and Concrete Finishers (+9),83080,63600.0,38460.0,58930.0,0.049,partial:OEWS_May2025;EP_2020-30,0.03125,26,detailed,0,0,10,merged
47-2082,Tapers,47,c335,Cement Masons and Concrete Finishers (+9),12840,72710.0,43670.0,68270.0,0.005,partial:OEWS_May2025;EP_2020-30,0.0,16,detailed,0,0,10,merged
47-2111,Electricians,47,c338,Electricians,757220,71490.0,42640.0,63190.0,0.091,partial:OEWS_May2025;EP_2020-30,0.14634146341463417,21,detailed,0,0,1,anchor
47-2121,Glaziers,47,c339,"Painters, Construction and Maintenance (+8)",58480,59720.0,37300.0,57080.0,0.047,partial:OEWS_May2025;EP_2020-30,0.057291666666666664,27,detailed,0,0,9,merged
47-2131,"Insulation Workers, Floor, Ceiling, and Wall",47,c339,"Painters, Construction and Maintenance (+8)",44440,54740.0,37030.0,49120.0,0.049,partial:OEWS_May2025;EP_2020-30,0.07500000000000001,10,detailed,0,0,9,merged
47-2132,"Insulation Workers, Mechanical",47,c339,"Painters, Construction and Maintenance (+8)",25660,65530.0,42470.0,58340.0,0.051,partial:OEWS_May2025;EP_2020-30,0.045454545454545456,13,detailed,0,0,9,merged
47-2141,"Painters, Construction and Maintenance",47,c339,"Painters, Construction and Maintenance (+8)",225190,55420.0,37440.0,49400.0,0.052000000000000005,partial:OEWS_May2025;EP_2020-30,0.04285714285714286,19,detailed,0,0,9,merged
47-2142,Paperhangers,47,c339,"Painters, Construction and Maintenance (+8)",1570,53730.0,36020.0,52140.0,0.064,partial:OEWS_May2025;EP_2020-30,0.013513513513513514,20,detailed,0,0,9,merged
47-2151,Pipelayers,47,c339,"Painters, Construction and Maintenance (+8)",33050,54700.0,37730.0,49000.0,-0.015,partial:OEWS_May2025;EP_2020-30,0.017857142857142856,14,detailed,0,0,9,merged
47-2152,"Plumbers, Pipefitters, and Steamfitters",47,c340,"Plumbers, Pipefitters, and Steamfitters",465840,72170.0,44150.0,63800.0,0.05,partial:OEWS_May2025;EP_2020-30,0.06983965672990063,51,detailed,0,0,1,anchor
47-2161,Plasterers and Stucco Masons,47,c339,"Painters, Construction and Maintenance (+8)",19310,62050.0,39560.0,57660.0,0.068,partial:OEWS_May2025;EP_2020-30,0.057692307692307696,15,detailed,0,0,9,merged
47-2171,Reinforcing Iron and Rebar Workers,47,c339,"Painters, Construction and Maintenance (+8)",13800,66060.0,43310.0,58970.0,0.053,partial:OEWS_May2025;EP_2020-30,0.03571428571428571,7,detailed,0,0,9,merged
47-2181,Roofers,47,c339,"Painters, Construction and Maintenance (+8)",135490,58140.0,37460.0,55440.0,0.046,partial:OEWS_May2025;EP_2020-30,0.02,28,detailed,0,0,9,merged
47-2211,Sheet Metal Workers,47,c341,Sheet Metal Workers (+2),119770,67850.0,38630.0,61800.0,0.036000000000000004,partial:OEWS_May2025;EP_2020-30,0.05263157894736842,24,detailed,0,0,3,merged
47-2221,Structural Iron and Steel Workers,47,c341,Sheet Metal Workers (+2),68380,70280.0,44580.0,62780.0,0.059000000000000004,partial:OEWS_May2025;EP_2020-30,0.014285714285714285,20,detailed,0,0,3,merged
47-2231,Solar Photovoltaic Installers,47,c341,Sheet Metal Workers (+2),31350,57900.0,41600.0,53140.0,0.521,partial:OEWS_May2025;EP_2020-30,0.11,26,detailed,0,0,3,merged
47-3011,"Helpers--Brickmasons, Blockmasons, Stonemasons, and Tile and Marble Setters",47,c342,Helpers--Electricians (+6),14170,50920.0,36230.0,47550.0,-0.039,partial:OEWS_May2025;EP_2020-30,0.0,15,detailed,0,0,7,merged
47-3012,Helpers--Carpenters,47,c342,Helpers--Electricians (+6),21680,44050.0,31660.0,43780.0,0.006999999999999999,partial:OEWS_May2025;EP_2020-30,0.0,18,detailed,0,0,7,merged
47-3013,Helpers--Electricians,47,c342,Helpers--Electricians (+6),63630,44080.0,33020.0,42670.0,0.009000000000000001,partial:OEWS_May2025;EP_2020-30,0.012195121951219513,24,detailed,0,0,7,merged
47-3014,"Helpers--Painters, Paperhangers, Plasterers, and Stucco Masons",47,c342,Helpers--Electricians (+6),7490,42440.0,31200.0,40470.0,0.068,partial:OEWS_May2025;EP_2020-30,0.0,11,detailed,0,0,7,merged
47-3015,"Helpers--Pipelayers, Plumbers, Pipefitters, and Steamfitters",47,c342,Helpers--Electricians (+6),44330,43730.0,33590.0,42360.0,0.055999999999999994,partial:OEWS_May2025;EP_2020-30,0.0,15,detailed,0,0,7,merged
47-3016,Helpers--Roofers,47,c342,Helpers--Electricians (+6),6030,45150.0,30140.0,44160.0,0.048,partial:OEWS_May2025;EP_2020-30,0.0,18,detailed,0,0,7,merged
47-3019,"Helpers, Construction Trades, All Other",47,c342,Helpers--Electricians (+6),24770,45140.0,32900.0,42670.0,0.059000000000000004,partial:OEWS_May2025;EP_2020-30,0.004899098267151936,0,detailed,0,1,7,merged
47-4011,Construction and Building Inspectors,47,c343,Construction and Building Inspectors,146720,77730.0,47140.0,74690.0,-0.028999999999999998,partial:OEWS_May2025;EP_2020-30,0.308242220353238,40,detailed,0,0,1,single
47-4021,Elevator and Escalator Installers and Repairers,47,c344,Elevator and Escalator Installers and Repairers,23790,109820.0,59270.0,109910.0,0.061,partial:OEWS_May2025;EP_2020-30,0.13157894736842105,20,detailed,0,0,1,single
47-4031,Fence Erectors,47,c345,Highway Maintenance Workers (+3),24480,50530.0,35810.0,47980.0,0.043,partial:OEWS_May2025;EP_2020-30,0.038461538461538464,20,detailed,0,0,4,merged
47-4041,Hazardous Materials Removal Workers,47,c345,Highway Maintenance Workers (+3),51710,56430.0,38460.0,49450.0,0.066,partial:OEWS_May2025;EP_2020-30,0.056451612903225805,21,detailed,0,0,4,merged
47-4051,Highway Maintenance Workers,47,c345,Highway Maintenance Workers (+3),154960,53080.0,36230.0,50260.0,0.06,partial:OEWS_May2025;EP_2020-30,0.008064516129032258,19,detailed,0,0,4,merged
47-4061,Rail-Track Laying and Maintenance Equipment Operators,47,c346,Rail-Track Laying and Maintenance Equipment Operators,19580,68740.0,45640.0,70070.0,0.053,partial:OEWS_May2025;EP_2020-30,0.0,26,detailed,0,0,1,single
47-4071,Septic Tank Servicers and Sewer Pipe Cleaners,47,c345,Highway Maintenance Workers (+3),30650,53500.0,37040.0,49880.0,0.14300000000000002,partial:OEWS_May2025;EP_2020-30,0.0859375,22,detailed,0,0,4,merged
47-4090,Miscellaneous Construction and Related Workers,47,c347,Miscellaneous Construction and Related Workers,28380,55130.0,36510.0,49910.0,0.081,partial:OEWS_May2025;EP_2020-30,0.13125,32,detailed,0,0,1,single
47-5011,"Derrick Operators, Oil and Gas",47,c348,"Service Unit Operators, Oil and Gas (+7)",10590,60210.0,43380.0,58620.0,0.297,partial:OEWS_May2025;EP_2020-30,0.0,15,detailed,0,0,8,merged
47-5012,"Rotary Drill Operators, Oil and Gas",47,c348,"Service Unit Operators, Oil and Gas (+7)",12600,72130.0,47010.0,67890.0,0.264,partial:OEWS_May2025;EP_2020-30,0.039473684210526314,22,detailed,0,0,8,merged
47-5013,"Service Unit Operators, Oil and Gas",47,c348,"Service Unit Operators, Oil and Gas (+7)",43140,62470.0,38940.0,58160.0,0.22899999999999998,partial:OEWS_May2025;EP_2020-30,0.10483870967741934,19,detailed,0,0,8,merged
47-5022,"Excavating and Loading Machine and Dragline Operators, Surface Mining",47,c349,"Excavating and Loading Machine and Dragline Operators, Surface Mining",34480,59930.0,41600.0,57430.0,0.045,partial:OEWS_May2025;EP_2020-30,0.0,16,detailed,0,0,1,single
47-5023,"Earth Drillers, Except Oil and Gas",47,c348,"Service Unit Operators, Oil and Gas (+7)",19450,62830.0,44460.0,60190.0,0.16899999999999998,partial:OEWS_May2025;EP_2020-30,0.125,30,minor,0,0,8,merged
47-5032,"Explosives Workers, Ordnance Handling Experts, and Blasters",47,c348,"Service Unit Operators, Oil and Gas (+7)",5100,66640.0,40480.0,61390.0,0.16899999999999998,partial:OEWS_May2025;EP_2020-30,0.125,30,minor,0,0,8,merged
47-5041,Continuous Mining Machine Operators,47,c348,"Service Unit Operators, Oil and Gas (+7)",14000,65050.0,46770.0,61810.0,0.057,partial:OEWS_May2025;EP_2020-30,0.03,15,detailed,0,0,8,merged
47-5043,"Roof Bolters, Mining",47,c350,"Loading and Moving Machine Operators, Underground Mining (+1)",2160,78100.0,63750.0,78540.0,-0.069,partial:OEWS_May2025;EP_2020-30,0.0,14,detailed,0,0,2,merged
47-5044,"Loading and Moving Machine Operators, Underground Mining",47,c350,"Loading and Moving Machine Operators, Underground Mining (+1)",5930,71240.0,52030.0,74500.0,-0.055,partial:OEWS_May2025;EP_2020-30,0.05232558139534884,28,detailed,0,0,2,merged
47-5049,"Underground Mining Machine Operators, All Other",47,c348,"Service Unit Operators, Oil and Gas (+7)",3180,69860.0,49020.0,70130.0,0.16899999999999998,partial:OEWS_May2025;EP_2020-30,0.044311075338932186,0,minor,0,1,8,merged
47-5051,"Rock Splitters, Quarry",47,c351,"Roustabouts, Oil and Gas (+2)",3320,51500.0,37340.0,48740.0,0.06,partial:OEWS_May2025;EP_2020-30,0.07692307692307693,9,detailed,0,0,3,merged
47-5071,"Roustabouts, Oil and Gas",47,c351,"Roustabouts, Oil and Gas (+2)",44970,49200.0,36420.0,46960.0,0.295,partial:OEWS_May2025;EP_2020-30,0.0,13,detailed,0,0,3,merged
47-5081,Helpers--Extraction Workers,47,c351,"Roustabouts, Oil and Gas (+2)",6700,50620.0,36960.0,47730.0,0.23,partial:OEWS_May2025;EP_2020-30,0.03260869565217391,14,detailed,0,0,3,merged
47-5099,"Extraction Workers, All Other",47,c348,"Service Unit Operators, Oil and Gas (+7)",5540,57890.0,37530.0,57010.0,0.16899999999999998,partial:OEWS_May2025;EP_2020-30,0.044311075338932186,0,minor,0,1,8,merged
49-1011,"First-Line Supervisors of Mechanics, Installers, and Repairers",49,c352,"First-Line Supervisors of Mechanics, Installers, and Repairers",617500,85220.0,49600.0,79860.0,0.066,partial:OEWS_May2025;EP_2020-30,0.33974358974358976,22,detailed,0,0,1,anchor
49-2011,"Computer, Automated Teller, and Office Machine Repairers",49,c353,"Computer, Automated Teller, and Office Machine Repairers",65600,50880.0,35910.0,47810.0,-0.022000000000000002,partial:OEWS_May2025;EP_2020-30,0.2857142857142857,25,detailed,0,0,1,single
49-2021,"Radio, Cellular, and Tower Equipment Installers and Repairers",49,c356,"Electric Motor, Power Tool, and Related Repairers (+2)",11140,69870.0,44460.0,63520.0,0.039,partial:OEWS_May2025;EP_2020-30,0.09523809523809523,30,detailed,0,0,3,merged
49-2022,"Telecommunications Equipment Installers and Repairers, Except Line Installers",49,c354,"Telecommunications Equipment Installers and Repairers, Except Line Installers (+3)",140920,68500.0,44240.0,63890.0,-0.011000000000000001,partial:OEWS_May2025;EP_2020-30,0.2421875,40,detailed,0,0,4,merged
49-2091,Avionics Technicians,49,c355,Avionics Technicians,18830,83380.0,49410.0,82280.0,0.09699999999999999,partial:OEWS_May2025;EP_2020-30,0.19,13,detailed,0,0,1,single
49-2092,"Electric Motor, Power Tool, and Related Repairers",49,c356,"Electric Motor, Power Tool, and Related Repairers (+2)",14450,58610.0,37100.0,56210.0,0.069,partial:OEWS_May2025;EP_2020-30,0.0625,39,detailed,0,0,3,merged
49-2093,"Electrical and Electronics Installers and Repairers, Transportation Equipment",49,c357,"Electrical and Electronics Repairers, Powerhouse, Substation, and Relay (+1)",6940,83300.0,50750.0,84890.0,0.067,partial:OEWS_May2025;EP_2020-30,0.2,15,detailed,0,0,2,merged
49-2094,"Electrical and Electronics Repairers, Commercial and Industrial Equipment",49,c354,"Telecommunications Equipment Installers and Repairers, Except Line Installers (+3)",65010,75570.0,46840.0,74090.0,0.045,partial:OEWS_May2025;EP_2020-30,0.2948717948717949,20,detailed,0,0,4,merged
49-2095,"Electrical and Electronics Repairers, Powerhouse, Substation, and Relay",49,c357,"Electrical and Electronics Repairers, Powerhouse, Substation, and Relay (+1)",20720,100760.0,65730.0,103020.0,-0.024,partial:OEWS_May2025;EP_2020-30,0.25,16,detailed,0,0,2,merged
49-2096,"Electronic Equipment Installers and Repairers, Motor Vehicles",49,c356,"Electric Motor, Power Tool, and Related Repairers (+2)",8550,51560.0,35590.0,48420.0,-0.162,partial:OEWS_May2025;EP_2020-30,0.14583333333333331,12,detailed,0,0,3,merged
49-2097,Audiovisual Equipment Installers and Repairers,49,c354,"Telecommunications Equipment Installers and Repairers, Except Line Installers (+3)",19780,57930.0,36760.0,52600.0,-0.038,partial:OEWS_May2025;EP_2020-30,0.16666666666666666,11,detailed,0,0,4,merged
49-2098,Security and Fire Alarm Systems Installers,49,c354,"Telecommunications Equipment Installers and Repairers, Except Line Installers (+3)",86340,60960.0,38800.0,60070.0,0.16399999999999998,partial:OEWS_May2025;EP_2020-30,0.175,16,detailed,0,0,4,merged
49-3011,Aircraft Mechanics and Service Technicians,49,c358,Aircraft Mechanics and Service Technicians,138090,84740.0,48780.0,79870.0,0.11800000000000001,partial:OEWS_May2025;EP_2020-30,0.09701492537313433,38,detailed,0,0,1,single
49-3021,Automotive Body and Related Repairers,49,c361,Bus and Truck Mechanics and Diesel Engine Specialists (+5),149310,59690.0,36910.0,54890.0,0.053,partial:OEWS_May2025;EP_2020-30,0.0425531914893617,25,detailed,0,0,6,merged
49-3022,Automotive Glass Installers and Repairers,49,c359,Automotive Glass Installers and Repairers,20310,50430.0,35390.0,47630.0,0.08800000000000001,partial:OEWS_May2025;EP_2020-30,0.0,18,detailed,0,0,1,single
49-3023,Automotive Service Technicians and Mechanics,49,c360,Automotive Service Technicians and Mechanics,704640,56420.0,34660.0,50620.0,0.003,partial:OEWS_May2025;EP_2020-30,0.07727272727272727,30,detailed,0,0,1,anchor
49-3031,Bus and Truck Mechanics and Diesel Engine Specialists,49,c361,Bus and Truck Mechanics and Diesel Engine Specialists (+5),289960,64320.0,44530.0,61770.0,0.078,partial:OEWS_May2025;EP_2020-30,0.0,26,detailed,0,0,6,merged
49-3041,Farm Equipment Mechanics and Service Technicians,49,c362,"Mobile Heavy Equipment Mechanics, Except Engines (+1)",37870,57290.0,37470.0,56550.0,0.111,partial:OEWS_May2025;EP_2020-30,0.14423076923076922,14,detailed,0,0,2,merged
49-3042,"Mobile Heavy Equipment Mechanics, Except Engines",49,c362,"Mobile Heavy Equipment Mechanics, Except Engines (+1)",176600,69240.0,46820.0,65510.0,0.11699999999999999,partial:OEWS_May2025;EP_2020-30,0.1125,20,detailed,0,0,2,merged
49-3043,Rail Car Repairers,49,c361,Bus and Truck Mechanics and Diesel Engine Specialists (+5),21350,70680.0,46800.0,67530.0,0.052000000000000005,partial:OEWS_May2025;EP_2020-30,0.08064516129032258,20,detailed,0,0,6,merged
49-3051,Motorboat Mechanics and Service Technicians,49,c361,Bus and Truck Mechanics and Diesel Engine Specialists (+5),23220,58070.0,36950.0,57550.0,0.133,partial:OEWS_May2025;EP_2020-30,0.057692307692307696,13,detailed,0,0,6,merged
49-3052,Motorcycle Mechanics,49,c361,Bus and Truck Mechanics and Diesel Engine Specialists (+5),13510,52370.0,34770.0,48580.0,0.096,partial:OEWS_May2025;EP_2020-30,0.0,13,detailed,0,0,6,merged
49-3053,Outdoor Power Equipment and Other Small Engine Mechanics,49,c363,Outdoor Power Equipment and Other Small Engine Mechanics,36060,49990.0,34670.0,47880.0,0.067,partial:OEWS_May2025;EP_2020-30,0.14285714285714285,14,detailed,0,0,1,single
49-3091,Bicycle Repairers,49,c364,Tire Repairers and Changers (+1),12170,42730.0,31220.0,42780.0,0.037000000000000005,partial:OEWS_May2025;EP_2020-30,0.08620689655172414,16,detailed,0,0,2,merged
49-3092,Recreational Vehicle Service Technicians,49,c361,Bus and Truck Mechanics and Diesel Engine Specialists (+5),17430,56440.0,36120.0,52000.0,0.172,partial:OEWS_May2025;EP_2020-30,0.07575757575757576,17,detailed,0,0,6,merged
49-3093,Tire Repairers and Changers,49,c364,Tire Repairers and Changers (+1),108410,40170.0,30010.0,37710.0,0.018000000000000002,partial:OEWS_May2025;EP_2020-30,0.0,26,detailed,0,0,2,merged
49-9011,Mechanical Door Repairers,49,c369,Telecommunications Line Installers and Repairers (+9),27120,57540.0,38490.0,55720.0,0.122,partial:OEWS_May2025;EP_2020-30,0.10227272727272727,25,detailed,0,0,10,merged
49-9012,"Control and Valve Installers and Repairers, Except Mechanical Door",49,c369,Telecommunications Line Installers and Repairers (+9),48240,76210.0,45910.0,74340.0,0.023,partial:OEWS_May2025;EP_2020-30,0.10119047619047618,39,detailed,0,0,10,merged
49-9021,"Heating, Air Conditioning, and Refrigeration Mechanics and Installers",49,c365,"Heating, Air Conditioning, and Refrigeration Mechanics and Installers",409670,64780.0,40050.0,61010.0,0.05,partial:OEWS_May2025;EP_2020-30,0.12280701754385964,30,detailed,0,0,1,anchor
49-9031,Home Appliance Repairers,49,c366,Home Appliance Repairers (+2),32150,56040.0,36190.0,50990.0,-0.036000000000000004,partial:OEWS_May2025;EP_2020-30,0.12727272727272726,31,detailed,0,0,3,merged
49-9041,Industrial Machinery Mechanics,49,c367,Industrial Machinery Mechanics,439640,68460.0,46120.0,64520.0,0.213,partial:OEWS_May2025;EP_2020-30,0.2096774193548387,16,detailed,0,0,1,anchor
49-9043,"Maintenance Workers, Machinery",49,c369,Telecommunications Line Installers and Repairers (+9),60020,64610.0,42000.0,60850.0,0.107,partial:OEWS_May2025;EP_2020-30,0.12857142857142856,18,detailed,0,0,10,merged
49-9044,Millwrights,49,c369,Telecommunications Line Installers and Repairers (+9),40330,69780.0,46290.0,65700.0,0.10300000000000001,partial:OEWS_May2025;EP_2020-30,0.03260869565217391,23,detailed,0,0,10,merged
49-9045,"Refractory Materials Repairers, Except Brickmasons",49,c369,Telecommunications Line Installers and Repairers (+9),1080,63770.0,40590.0,61290.0,-0.145,partial:OEWS_May2025;EP_2020-30,0.0,16,detailed,0,0,10,merged
49-9051,Electrical Power-Line Installers and Repairers,49,c368,Electrical Power-Line Installers and Repairers (+1),131070,91970.0,51470.0,95320.0,0.013000000000000001,partial:OEWS_May2025;EP_2020-30,0.0,23,detailed,0,0,2,merged
49-9052,Telecommunications Line Installers and Repairers,49,c369,Telecommunications Line Installers and Repairers (+9),97720,73940.0,45310.0,74330.0,-0.006999999999999999,partial:OEWS_May2025;EP_2020-30,0.03125,20,detailed,0,0,10,merged
49-9061,Camera and Photographic Equipment Repairers,49,c366,Home Appliance Repairers (+2),1650,56040.0,34320.0,52720.0,0.08,partial:OEWS_May2025;EP_2020-30,0.13999999999999999,15,detailed,0,0,3,merged
49-9062,Medical Equipment Repairers,49,c370,Medical Equipment Repairers,65990,65930.0,38490.0,61660.0,0.07200000000000001,partial:OEWS_May2025;EP_2020-30,0.28787878787878785,19,detailed,0,0,1,single
49-9063,Musical Instrument Repairers and Tuners,49,c373,"Helpers--Installation, Maintenance, and Repair Workers (+2)",5380,49960.0,31220.0,46420.0,-0.039,partial:OEWS_May2025;EP_2020-30,0.00980392156862745,37,detailed,0,0,3,merged
49-9064,Watch and Clock Repairers,49,c371,Watch and Clock Repairers,1310,70840.0,34240.0,67230.0,-0.249,partial:OEWS_May2025;EP_2020-30,0.18333333333333332,15,detailed,0,0,1,single
49-9069,"Precision Instrument and Equipment Repairers, All Other",49,c369,Telecommunications Line Installers and Repairers (+9),9400,71180.0,40140.0,68990.0,0.055999999999999994,partial:OEWS_May2025;EP_2020-30,0.12377947716770393,0,detailed,0,1,10,merged
49-9071,"Maintenance and Repair Workers, General",49,c372,"Maintenance and Repair Workers, General",1529700,53780.0,35350.0,49590.0,0.081,partial:OEWS_May2025;EP_2020-30,0.10784313725490197,30,detailed,0,0,1,anchor
49-9081,Wind Turbine Service Technicians,49,c369,Telecommunications Line Installers and Repairers (+9),9980,68980.0,49230.0,64120.0,0.682,partial:OEWS_May2025;EP_2020-30,0.043478260869565216,13,detailed,0,0,10,merged
49-9091,"Coin, Vending, and Amusement Machine Servicers and Repairers",49,c374,"Installation, Maintenance, and Repair Workers, All Other (+1)",26410,49770.0,34320.0,47450.0,0.09,partial:OEWS_May2025;EP_2020-30,0.2589285714285714,19,detailed,0,0,2,merged
49-9092,Commercial Divers,49,c369,Telecommunications Line Installers and Repairers (+9),3450,88320.0,43330.0,72990.0,0.168,partial:OEWS_May2025;EP_2020-30,0.07777777777777778,25,detailed,0,0,10,merged
49-9094,Locksmiths and Safe Repairers,49,c366,Home Appliance Repairers (+2),15040,55470.0,35530.0,51320.0,-0.023,partial:OEWS_May2025;EP_2020-30,0.08,14,detailed,0,0,3,merged
49-9095,Manufactured Building and Mobile Home Installers,49,c373,"Helpers--Installation, Maintenance, and Repair Workers (+2)",3020,45410.0,27120.0,45990.0,-0.184,partial:OEWS_May2025;EP_2020-30,0.09615384615384616,14,detailed,0,0,3,merged
49-9096,Riggers,49,c369,Telecommunications Line Installers and Repairers (+9),22530,66810.0,40680.0,62640.0,0.121,partial:OEWS_May2025;EP_2020-30,0.018518518518518517,14,detailed,0,0,10,merged
49-9097,Signal and Track Switch Repairers,49,c368,Electrical Power-Line Installers and Repairers (+1),8720,90410.0,62610.0,92460.0,0.055999999999999994,partial:OEWS_May2025;EP_2020-30,0.057692307692307696,14,detailed,0,0,2,merged
49-9098,"Helpers--Installation, Maintenance, and Repair Workers",49,c373,"Helpers--Installation, Maintenance, and Repair Workers (+2)",95580,41490.0,29310.0,39630.0,0.07400000000000001,partial:OEWS_May2025;EP_2020-30,0.016666666666666666,16,detailed,0,0,3,merged
49-9099,"Installation, Maintenance, and Repair Workers, All Other",49,c374,"Installation, Maintenance, and Repair Workers, All Other (+1)",176300,53850.0,36080.0,49230.0,0.059000000000000004,partial:OEWS_May2025;EP_2020-30,0.25806451612903225,24,detailed,0,0,2,merged
51-1011,First-Line Supervisors of Production and Operating Workers,51,c375,First-Line Supervisors of Production and Operating Workers,673430,76600.0,47130.0,74450.0,0.037000000000000005,partial:OEWS_May2025;EP_2020-30,0.3125,20,detailed,0,0,1,anchor
51-2011,"Aircraft Structure, Surfaces, Rigging, and Systems Assemblers",51,c376,"Aircraft Structure, Surfaces, Rigging, and Systems Assemblers (+1)",34020,71420.0,47310.0,65380.0,-0.159,partial:OEWS_May2025;EP_2020-30,0.025,30,detailed,0,0,2,merged
51-2021,"Coil Winders, Tapers, and Finishers",51,c377,"Coil Winders, Tapers, and Finishers",12840,50470.0,37540.0,48220.0,-0.124,partial:OEWS_May2025;EP_2020-30,0.18055555555555555,11,detailed,0,0,1,single
51-2028,"Electrical, Electronic, and Electromechanical Assemblers, Except Coil Winders, Tapers, and Finishers",51,c378,"Electrical, Electronic, and Electromechanical Assemblers, Except Coil Winders, Tapers, and Finishers (+3)",246970,47660.0,35350.0,45850.0,0.069,partial:OEWS_May2025;EP_2020-30,0.04982517482517483,31,detailed,0,0,4,merged
51-2031,Engine and Other Machine Assemblers,51,c378,"Electrical, Electronic, and Electromechanical Assemblers, Except Coil Winders, Tapers, and Finishers (+3)",34000,57790.0,38500.0,53710.0,-0.11800000000000001,partial:OEWS_May2025;EP_2020-30,0.047619047619047616,12,detailed,0,0,4,merged
51-2041,Structural Metal Fabricators and Fitters,51,c378,"Electrical, Electronic, and Electromechanical Assemblers, Except Coil Winders, Tapers, and Finishers (+3)",52360,54030.0,37960.0,51330.0,-0.114,partial:OEWS_May2025;EP_2020-30,0.022727272727272728,23,detailed,0,0,4,merged
51-2051,Fiberglass Laminators and Fabricators,51,c378,"Electrical, Electronic, and Electromechanical Assemblers, Except Coil Winders, Tapers, and Finishers (+3)",16170,49550.0,36910.0,46880.0,-0.004,partial:OEWS_May2025;EP_2020-30,0.05208333333333333,16,detailed,0,0,4,merged
51-2061,Timing Device Assemblers and Adjusters,51,c376,"Aircraft Structure, Surfaces, Rigging, and Systems Assemblers (+1)",250,56720.0,27880.0,62620.0,-0.17800000000000002,partial:OEWS_May2025;EP_2020-30,0.03,17,detailed,0,0,2,merged
51-2090,Miscellaneous Assemblers and Fabricators,51,c379,Miscellaneous Assemblers and Fabricators,1405030,46660.0,33280.0,44650.0,-0.067,partial:OEWS_May2025;EP_2020-30,0.16176470588235292,11,detailed,0,0,1,anchor
51-3011,Bakers,51,c380,Bakers (+5),236200,38480.0,28120.0,37160.0,0.095,partial:OEWS_May2025;EP_2020-30,0.19117647058823528,18,detailed,0,0,6,merged
51-3021,Butchers and Meat Cutters,51,c380,Bakers (+5),136430,42380.0,29460.0,40140.0,-0.054000000000000006,partial:OEWS_May2025;EP_2020-30,0.07894736842105263,12,detailed,0,0,6,merged
51-3022,"Meat, Poultry, and Fish Cutters and Trimmers",51,c381,"Meat, Poultry, and Fish Cutters and Trimmers (+1)",145700,39280.0,29980.0,38300.0,0.033,partial:OEWS_May2025;EP_2020-30,0.0,13,detailed,0,0,2,merged
51-3023,Slaughterers and Meat Packers,51,c381,"Meat, Poultry, and Fish Cutters and Trimmers (+1)",69950,41770.0,33340.0,40130.0,0.043,partial:OEWS_May2025;EP_2020-30,0.0,15,detailed,0,0,2,merged
51-3091,"Food and Tobacco Roasting, Baking, and Drying Machine Operators and Tenders",51,c380,Bakers (+5),20370,45930.0,33250.0,44810.0,0.044000000000000004,partial:OEWS_May2025;EP_2020-30,0.06666666666666667,20,detailed,0,0,6,merged
51-3092,Food Batchmakers,51,c380,Bakers (+5),174520,43750.0,31990.0,42290.0,0.055999999999999994,partial:OEWS_May2025;EP_2020-30,0.1346153846153846,25,detailed,0,0,6,merged
51-3093,Food Cooking Machine Operators and Tenders,51,c380,Bakers (+5),31250,42570.0,31680.0,41590.0,0.051,partial:OEWS_May2025;EP_2020-30,0.08064516129032258,17,detailed,0,0,6,merged
51-3099,"Food Processing Workers, All Other",51,c380,Bakers (+5),65000,40300.0,32210.0,39680.0,0.038,partial:OEWS_May2025;EP_2020-30,0.09439959658033785,0,detailed,0,1,6,merged
51-4021,"Extruding and Drawing Machine Setters, Operators, and Tenders, Metal and Plastic",51,c382,"Cutting, Punching, and Press Machine Setters, Operators, and Tenders, Metal and Plastic (+7)",60840,49480.0,36700.0,47720.0,-0.075,partial:OEWS_May2025;EP_2020-30,0.05208333333333333,16,detailed,0,0,8,merged
51-4022,"Forging Machine Setters, Operators, and Tenders, Metal and Plastic",51,c382,"Cutting, Punching, and Press Machine Setters, Operators, and Tenders, Metal and Plastic (+7)",8930,51680.0,36800.0,49030.0,-0.132,partial:OEWS_May2025;EP_2020-30,0.041666666666666664,13,detailed,0,0,8,merged
51-4023,"Rolling Machine Setters, Operators, and Tenders, Metal and Plastic",51,c383,Machinists (+7),25250,53220.0,37690.0,50140.0,-0.061,partial:OEWS_May2025;EP_2020-30,0.125,19,detailed,0,0,8,merged
51-4031,"Cutting, Punching, and Press Machine Setters, Operators, and Tenders, Metal and Plastic",51,c382,"Cutting, Punching, and Press Machine Setters, Operators, and Tenders, Metal and Plastic (+7)",171200,48430.0,35760.0,46330.0,-0.024,partial:OEWS_May2025;EP_2020-30,0.015,32,detailed,0,0,8,merged
51-4032,"Drilling and Boring Machine Tool Setters, Operators, and Tenders, Metal and Plastic",51,c382,"Cutting, Punching, and Press Machine Setters, Operators, and Tenders, Metal and Plastic (+7)",4680,51810.0,36300.0,49080.0,-0.155,partial:OEWS_May2025;EP_2020-30,0.015151515151515152,17,detailed,0,0,8,merged
51-4033,"Grinding, Lapping, Polishing, and Buffing Machine Tool Setters, Operators, and Tenders, Metal and Plastic",51,c382,"Cutting, Punching, and Press Machine Setters, Operators, and Tenders, Metal and Plastic (+7)",67000,48170.0,36110.0,46550.0,-0.033,partial:OEWS_May2025;EP_2020-30,0.06451612903225806,18,detailed,0,0,8,merged
51-4034,"Lathe and Turning Machine Tool Setters, Operators, and Tenders, Metal and Plastic",51,c383,Machinists (+7),16710,52490.0,36670.0,50620.0,-0.044000000000000004,partial:OEWS_May2025;EP_2020-30,0.0967741935483871,16,detailed,0,0,8,merged
51-4035,"Milling and Planing Machine Setters, Operators, and Tenders, Metal and Plastic",51,c383,Machinists (+7),12460,56740.0,37840.0,52800.0,-0.151,partial:OEWS_May2025;EP_2020-30,0.15517241379310343,15,detailed,0,0,8,merged
51-4041,Machinists,51,c383,Machinists (+7),287050,59320.0,39200.0,58750.0,0.079,partial:OEWS_May2025;EP_2020-30,0.18367346938775508,29,detailed,0,0,8,merged
51-4051,Metal-Refining Furnace Operators and Tenders,51,c383,Machinists (+7),16780,55490.0,39200.0,54430.0,0.026000000000000002,partial:OEWS_May2025;EP_2020-30,0.07291666666666666,15,detailed,0,0,8,merged
51-4052,"Pourers and Casters, Metal",51,c382,"Cutting, Punching, and Press Machine Setters, Operators, and Tenders, Metal and Plastic (+7)",4560,54290.0,38480.0,51810.0,-0.051,partial:OEWS_May2025;EP_2020-30,0.0,16,detailed,0,0,8,merged
51-4061,"Model Makers, Metal and Plastic",51,c383,Machinists (+7),2610,68570.0,39760.0,63340.0,-0.049,partial:OEWS_May2025;EP_2020-30,0.12903225806451613,16,detailed,0,0,8,merged
51-4062,"Patternmakers, Metal and Plastic",51,c383,Machinists (+7),1470,60610.0,42460.0,58000.0,-0.032,partial:OEWS_May2025;EP_2020-30,0.14130434782608697,15,detailed,0,0,8,merged
51-4071,Foundry Mold and Coremakers,51,c382,"Cutting, Punching, and Press Machine Setters, Operators, and Tenders, Metal and Plastic (+7)",12790,49860.0,37160.0,48110.0,-0.033,partial:OEWS_May2025;EP_2020-30,0.0,13,detailed,0,0,8,merged
51-4072,"Molding, Coremaking, and Casting Machine Setters, Operators, and Tenders, Metal and Plastic",51,c382,"Cutting, Punching, and Press Machine Setters, Operators, and Tenders, Metal and Plastic (+7)",150470,45960.0,34170.0,44350.0,-0.061,partial:OEWS_May2025;EP_2020-30,0.058139534883720936,33,detailed,0,0,8,merged
51-4081,"Multiple Machine Tool Setters, Operators, and Tenders, Metal and Plastic",51,c383,Machinists (+7),124590,50030.0,35780.0,47180.0,0.086,partial:OEWS_May2025;EP_2020-30,0.12179487179487179,21,detailed,0,0,8,merged
51-4111,Tool and Die Makers,51,c384,Tool and Die Makers (+1),56930,66860.0,44680.0,64050.0,0.015,partial:OEWS_May2025;EP_2020-30,0.1484375,17,detailed,0,0,2,merged
51-4121,"Welders, Cutters, Solderers, and Brazers",51,c385,"Welders, Cutters, Solderers, and Brazers",416210,56760.0,39240.0,53750.0,0.08199999999999999,partial:OEWS_May2025;EP_2020-30,0.06372549019607843,30,detailed,0,0,1,anchor
51-4122,"Welding, Soldering, and Brazing Machine Setters, Operators, and Tenders",51,c386,"Plating Machine Setters, Operators, and Tenders, Metal and Plastic (+4)",31600,50220.0,36860.0,47920.0,-0.01,partial:OEWS_May2025;EP_2020-30,0.0625,29,detailed,0,0,5,merged
51-4191,"Heat Treating Equipment Setters, Operators, and Tenders, Metal and Plastic",51,c386,"Plating Machine Setters, Operators, and Tenders, Metal and Plastic (+4)",14000,50450.0,35180.0,48750.0,-0.04,partial:OEWS_May2025;EP_2020-30,0.11764705882352941,26,detailed,0,0,5,merged
51-4192,"Layout Workers, Metal and Plastic",51,c384,Tool and Die Makers (+1),5970,66520.0,39980.0,63870.0,-0.066,partial:OEWS_May2025;EP_2020-30,0.14130434782608697,14,detailed,0,0,2,merged
51-4193,"Plating Machine Setters, Operators, and Tenders, Metal and Plastic",51,c386,"Plating Machine Setters, Operators, and Tenders, Metal and Plastic (+4)",32410,45100.0,33790.0,43960.0,-0.027000000000000003,partial:OEWS_May2025;EP_2020-30,0.07291666666666666,38,detailed,0,0,5,merged
51-4194,"Tool Grinders, Filers, and Sharpeners",51,c386,"Plating Machine Setters, Operators, and Tenders, Metal and Plastic (+4)",5600,53240.0,35350.0,50060.0,-0.024,partial:OEWS_May2025;EP_2020-30,0.016666666666666666,18,detailed,0,0,5,merged
51-4199,"Metal Workers and Plastic Workers, All Other",51,c386,"Plating Machine Setters, Operators, and Tenders, Metal and Plastic (+4)",15900,48580.0,35350.0,45950.0,-0.02,partial:OEWS_May2025;EP_2020-30,0.07584536691116515,0,detailed,0,1,5,merged
51-5111,Prepress Technicians and Workers,51,c387,Printing Press Operators (+1),23840,50800.0,35810.0,48690.0,-0.171,partial:OEWS_May2025;EP_2020-30,0.2734375,25,detailed,0,0,2,merged
51-5112,Printing Press Operators,51,c387,Printing Press Operators (+1),144260,47360.0,33330.0,45780.0,-0.099,partial:OEWS_May2025;EP_2020-30,0.20625000000000002,23,detailed,0,0,2,merged
51-5113,Print Binding and Finishing Workers,51,c388,Print Binding and Finishing Workers,33180,44460.0,32220.0,42290.0,-0.175,partial:OEWS_May2025;EP_2020-30,0.07692307692307691,26,detailed,0,0,1,single
51-6011,Laundry and Dry-Cleaning Workers,51,c389,Laundry and Dry-Cleaning Workers (+11),198040,34920.0,27440.0,34890.0,0.11800000000000001,partial:OEWS_May2025;EP_2020-30,0.05,32,detailed,0,0,12,merged
51-6021,"Pressers, Textile, Garment, and Related Materials",51,c389,Laundry and Dry-Cleaning Workers (+11),26120,34640.0,27180.0,35060.0,-0.10800000000000001,partial:OEWS_May2025;EP_2020-30,0.015625,28,detailed,0,0,12,merged
51-6031,Sewing Machine Operators,51,c389,Laundry and Dry-Cleaning Workers (+11),104880,37600.0,27860.0,36670.0,-0.14,partial:OEWS_May2025;EP_2020-30,0.05232558139534884,26,detailed,0,0,12,merged
51-6041,Shoe and Leather Workers and Repairers,51,c389,Laundry and Dry-Cleaning Workers (+11),7450,39160.0,28210.0,37800.0,-0.14,partial:OEWS_May2025;EP_2020-30,0.058823529411764705,27,detailed,0,0,12,merged
51-6042,Shoe Machine Operators and Tenders,51,c389,Laundry and Dry-Cleaning Workers (+11),3280,36280.0,26560.0,35650.0,-0.21600000000000003,partial:OEWS_May2025;EP_2020-30,0.05434782608695652,19,detailed,0,0,12,merged
51-6051,"Sewers, Hand",51,c389,Laundry and Dry-Cleaning Workers (+11),2190,37210.0,27680.0,36480.0,-0.095,partial:OEWS_May2025;EP_2020-30,0.041666666666666664,13,detailed,0,0,12,merged
51-6052,"Tailors, Dressmakers, and Custom Sewers",51,c389,Laundry and Dry-Cleaning Workers (+11),13920,45140.0,29920.0,41640.0,-0.07400000000000001,partial:OEWS_May2025;EP_2020-30,0.07954545454545454,22,detailed,0,0,12,merged
51-6061,Textile Bleaching and Dyeing Machine Operators and Tenders,51,c389,Laundry and Dry-Cleaning Workers (+11),5310,40380.0,30300.0,38180.0,-0.138,partial:OEWS_May2025;EP_2020-30,0.1381578947368421,24,detailed,0,0,12,merged
51-6062,"Textile Cutting Machine Setters, Operators, and Tenders",51,c389,Laundry and Dry-Cleaning Workers (+11),9000,39530.0,28650.0,38760.0,-0.111,partial:OEWS_May2025;EP_2020-30,0.15178571428571427,18,detailed,0,0,12,merged
51-6063,"Textile Knitting and Weaving Machine Setters, Operators, and Tenders",51,c389,Laundry and Dry-Cleaning Workers (+11),13030,40720.0,29960.0,39530.0,-0.14800000000000002,partial:OEWS_May2025;EP_2020-30,0.140625,20,detailed,0,0,12,merged
51-6064,"Textile Winding, Twisting, and Drawing Out Machine Setters, Operators, and Tenders",51,c389,Laundry and Dry-Cleaning Workers (+11),22020,40120.0,31790.0,38670.0,-0.115,partial:OEWS_May2025;EP_2020-30,0.07857142857142857,24,detailed,0,0,12,merged
51-6091,"Extruding and Forming Machine Setters, Operators, and Tenders, Synthetic and Glass Fibers",51,c391,Upholsterers (+1),12850,48580.0,35890.0,46350.0,-0.043,partial:OEWS_May2025;EP_2020-30,0.07758620689655173,21,detailed,0,0,2,merged
51-6092,Fabric and Apparel Patternmakers,51,c390,Fabric and Apparel Patternmakers,2950,71420.0,33790.0,62750.0,-0.09699999999999999,partial:OEWS_May2025;EP_2020-30,0.328125,16,detailed,0,0,1,single
51-6093,Upholsterers,51,c391,Upholsterers (+1),20140,47340.0,31690.0,46340.0,0.045,partial:OEWS_May2025;EP_2020-30,0.13970588235294118,22,detailed,0,0,2,merged
51-6099,"Textile, Apparel, and Furnishings Workers, All Other",51,c389,Laundry and Dry-Cleaning Workers (+11),13530,40560.0,31270.0,37280.0,-0.064,partial:OEWS_May2025;EP_2020-30,0.0674615465762344,0,detailed,0,1,12,merged
51-7011,Cabinetmakers and Bench Carpenters,51,c392,Cabinetmakers and Bench Carpenters (+4),77170,48290.0,35650.0,46680.0,0.08800000000000001,partial:OEWS_May2025;EP_2020-30,0.08088235294117646,20,detailed,0,0,5,merged
51-7021,Furniture Finishers,51,c392,Cabinetmakers and Bench Carpenters (+4),14480,45300.0,32160.0,44540.0,0.057999999999999996,partial:OEWS_May2025;EP_2020-30,0.049999999999999996,22,detailed,0,0,5,merged
51-7031,"Model Makers, Wood",51,c393,"Model Makers, Wood",280,63670.0,34800.0,56550.0,0.386,partial:OEWS_May2025;EP_2020-30,0.15384615384615385,14,detailed,0,0,1,single
51-7032,"Patternmakers, Wood",51,c394,"Patternmakers, Wood",220,54240.0,37600.0,49630.0,0.247,partial:OEWS_May2025;EP_2020-30,0.2692307692307692,20,detailed,0,0,1,single
51-7041,"Sawing Machine Setters, Operators, and Tenders, Wood",51,c392,Cabinetmakers and Bench Carpenters (+4),40850,43580.0,30890.0,42770.0,0.067,partial:OEWS_May2025;EP_2020-30,0.03676470588235294,24,detailed,0,0,5,merged
51-7042,"Woodworking Machine Setters, Operators, and Tenders, Except Sawing",51,c392,Cabinetmakers and Bench Carpenters (+4),61420,43570.0,32110.0,43380.0,0.098,partial:OEWS_May2025;EP_2020-30,0.048913043478260865,26,detailed,0,0,5,merged
51-7099,"Woodworkers, All Other",51,c392,Cabinetmakers and Bench Carpenters (+4),5490,46070.0,30510.0,44530.0,0.222,partial:OEWS_May2025;EP_2020-30,0.06025841336758389,0,detailed,0,1,5,merged
51-8011,Nuclear Power Reactor Operators,51,c395,Power Distributors and Dispatchers (+1),5150,121380.0,98640.0,122890.0,-0.32899999999999996,partial:OEWS_May2025;EP_2020-30,0.2196969696969697,20,detailed,0,0,2,merged
51-8012,Power Distributors and Dispatchers,51,c395,Power Distributors and Dispatchers (+1),8520,111320.0,72440.0,106730.0,-0.073,partial:OEWS_May2025;EP_2020-30,0.3125,15,detailed,0,0,2,merged
51-8013,Power Plant Operators,51,c398,"Petroleum Pump System Operators, Refinery Operators, and Gaugers (+3)",29320,99790.0,61790.0,102040.0,-0.136,partial:OEWS_May2025;EP_2020-30,0.12333877995642702,69,detailed,0,0,4,merged
51-8021,Stationary Engineers and Boiler Operators,51,c396,Stationary Engineers and Boiler Operators,28250,83960.0,50590.0,78620.0,0.057999999999999996,partial:OEWS_May2025;EP_2020-30,0.13372093023255816,25,detailed,0,0,1,single
51-8031,Water and Wastewater Treatment Plant and System Operators,51,c397,Water and Wastewater Treatment Plant and System Operators (+1),128490,62540.0,39110.0,60020.0,-0.025,partial:OEWS_May2025;EP_2020-30,0.125,8,detailed,0,0,2,merged
51-8091,Chemical Plant and System Operators,51,c398,"Petroleum Pump System Operators, Refinery Operators, and Gaugers (+3)",16610,79970.0,48400.0,78120.0,-0.005,partial:OEWS_May2025;EP_2020-30,0.15151515151515152,19,detailed,0,0,4,merged
51-8092,Gas Plant Operators,51,c398,"Petroleum Pump System Operators, Refinery Operators, and Gaugers (+3)",18030,88710.0,61350.0,87820.0,-0.018000000000000002,partial:OEWS_May2025;EP_2020-30,0.0859375,19,detailed,0,0,4,merged
51-8093,"Petroleum Pump System Operators, Refinery Operators, and Gaugers",51,c398,"Petroleum Pump System Operators, Refinery Operators, and Gaugers (+3)",33160,90630.0,57110.0,96710.0,0.055999999999999994,partial:OEWS_May2025;EP_2020-30,0.18292682926829268,24,detailed,0,0,4,merged
51-8099,"Plant and System Operators, All Other",51,c397,Water and Wastewater Treatment Plant and System Operators (+1),14080,65700.0,40700.0,62470.0,0.031,partial:OEWS_May2025;EP_2020-30,0.08783783783783784,19,detailed,0,0,2,merged
51-9011,Chemical Equipment Operators and Tenders,51,c399,Chemical Equipment Operators and Tenders (+10),139630,60710.0,37440.0,58040.0,-0.053,partial:OEWS_May2025;EP_2020-30,0.10869565217391305,23,detailed,0,0,11,merged
51-9012,"Separating, Filtering, Clarifying, Precipitating, and Still Machine Setters, Operators, and Tenders",51,c399,Chemical Equipment Operators and Tenders (+10),60100,56030.0,36200.0,51610.0,0.05,partial:OEWS_May2025;EP_2020-30,0.11428571428571428,21,detailed,0,0,11,merged
51-9021,"Crushing, Grinding, and Polishing Machine Setters, Operators, and Tenders",51,c399,Chemical Equipment Operators and Tenders (+10),26000,51380.0,36520.0,48540.0,-0.004,partial:OEWS_May2025;EP_2020-30,0.0945945945945946,22,detailed,0,0,11,merged
51-9022,"Grinding and Polishing Workers, Hand",51,c399,Chemical Equipment Operators and Tenders (+10),10510,45020.0,33480.0,42660.0,-0.136,partial:OEWS_May2025;EP_2020-30,0.03571428571428571,20,detailed,0,0,11,merged
51-9023,"Mixing and Blending Machine Setters, Operators, and Tenders",51,c399,Chemical Equipment Operators and Tenders (+10),94920,52090.0,36790.0,48990.0,0.039,partial:OEWS_May2025;EP_2020-30,0.09722222222222221,19,detailed,0,0,11,merged
51-9031,"Cutters and Trimmers, Hand",51,c401,Ophthalmic Laboratory Technicians (+1),6060,41050.0,26630.0,38020.0,-0.297,partial:OEWS_May2025;EP_2020-30,0.0,18,detailed,0,0,2,merged
51-9032,"Cutting and Slicing Machine Setters, Operators, and Tenders",51,c399,Chemical Equipment Operators and Tenders (+10),44980,47460.0,35930.0,46570.0,-0.035,partial:OEWS_May2025;EP_2020-30,0.0625,28,detailed,0,0,11,merged
51-9041,"Extruding, Forming, Pressing, and Compacting Machine Setters, Operators, and Tenders",51,c399,Chemical Equipment Operators and Tenders (+10),58770,47260.0,34630.0,45760.0,0.012,partial:OEWS_May2025;EP_2020-30,0.07500000000000001,28,detailed,0,0,11,merged
51-9051,"Furnace, Kiln, Oven, Drier, and Kettle Operators and Tenders",51,c399,Chemical Equipment Operators and Tenders (+10),14280,50940.0,35960.0,48040.0,0.049,partial:OEWS_May2025;EP_2020-30,0.1,18,detailed,0,0,11,merged
51-9061,"Inspectors, Testers, Sorters, Samplers, and Weighers",51,c400,"Inspectors, Testers, Sorters, Samplers, and Weighers",597370,53450.0,35510.0,48570.0,-0.122,partial:OEWS_May2025;EP_2020-30,0.296875,32,detailed,0,0,1,anchor
51-9071,Jewelers and Precious Stone and Metal Workers,51,c399,Chemical Equipment Operators and Tenders (+10),22440,57960.0,35580.0,52540.0,-0.008,partial:OEWS_May2025;EP_2020-30,0.16964285714285715,52,detailed,0,0,11,merged
51-9081,Dental Laboratory Technicians,51,c399,Chemical Equipment Operators and Tenders (+10),34410,54290.0,36660.0,49610.0,0.122,partial:OEWS_May2025;EP_2020-30,0.041666666666666664,17,detailed,0,0,11,merged
51-9082,Medical Appliance Technicians,51,c399,Chemical Equipment Operators and Tenders (+10),11280,52730.0,36510.0,48030.0,0.14400000000000002,partial:OEWS_May2025;EP_2020-30,0.12068965517241378,15,detailed,0,0,11,merged
51-9083,Ophthalmic Laboratory Technicians,51,c401,Ophthalmic Laboratory Technicians (+1),18660,43190.0,33530.0,39460.0,0.11199999999999999,partial:OEWS_May2025;EP_2020-30,0.078125,18,detailed,0,0,2,merged
51-9111,Packaging and Filling Machine Operators and Tenders,51,c402,Packaging and Filling Machine Operators and Tenders,379060,44590.0,33390.0,43220.0,0.054000000000000006,partial:OEWS_May2025;EP_2020-30,0.037500000000000006,20,detailed,0,0,1,anchor
51-9123,"Painting, Coating, and Decorating Workers",51,c407,"Production Workers, All Other (+7)",7940,45210.0,31470.0,41600.0,0.063,partial:OEWS_May2025;EP_2020-30,0.014705882352941176,13,detailed,0,0,8,merged
51-9124,"Coating, Painting, and Spraying Machine Setters, Operators, and Tenders",51,c403,"Coating, Painting, and Spraying Machine Setters, Operators, and Tenders (+2)",158740,52620.0,36260.0,48250.0,0.075,partial:OEWS_May2025;EP_2020-30,0.02717391304347826,30,detailed,0,0,3,merged
51-9141,Semiconductor Processing Technicians,51,c405,Computer Numerically Controlled Tool Operators (+1),31460,60180.0,37690.0,51430.0,-0.017,partial:OEWS_May2025;EP_2020-30,0.1484375,24,detailed,0,0,2,merged
51-9151,Photographic Process Workers and Processing Machine Operators,51,c404,Photographic Process Workers and Processing Machine Operators,4800,46050.0,30090.0,40610.0,-0.087,partial:OEWS_May2025;EP_2020-30,0.275,32,detailed,0,0,1,single
51-9161,Computer Numerically Controlled Tool Operators,51,c405,Computer Numerically Controlled Tool Operators (+1),169450,54320.0,38140.0,50690.0,-0.025,partial:OEWS_May2025;EP_2020-30,0.215,27,detailed,0,0,2,merged
51-9162,Computer Numerically Controlled Tool Programmers,51,c406,Computer Numerically Controlled Tool Programmers,28500,72210.0,47530.0,68120.0,0.27399999999999997,partial:OEWS_May2025;EP_2020-30,0.5803571428571428,16,detailed,0,0,1,single
51-9191,Adhesive Bonding Machine Operators and Tenders,51,c407,"Production Workers, All Other (+7)",11500,46850.0,31460.0,46460.0,0.009000000000000001,partial:OEWS_May2025;EP_2020-30,0.03225806451612903,17,detailed,0,0,8,merged
51-9192,"Cleaning, Washing, and Metal Pickling Equipment Operators and Tenders",51,c407,"Production Workers, All Other (+7)",14760,44600.0,33790.0,43530.0,0.063,partial:OEWS_May2025;EP_2020-30,0.07894736842105263,11,detailed,0,0,8,merged
51-9193,Cooling and Freezing Equipment Operators and Tenders,51,c407,"Production Workers, All Other (+7)",6900,44940.0,33430.0,41330.0,0.06,partial:OEWS_May2025;EP_2020-30,0.06,19,detailed,0,0,8,merged
51-9194,Etchers and Engravers,51,c407,"Production Workers, All Other (+7)",7750,46320.0,32210.0,43310.0,0.024,partial:OEWS_May2025;EP_2020-30,0.08333333333333333,30,detailed,0,0,8,merged
51-9195,"Molders, Shapers, and Casters, Except Metal and Plastic",51,c407,"Production Workers, All Other (+7)",33190,47500.0,35850.0,46170.0,0.151,partial:OEWS_May2025;EP_2020-30,0.058773373053732876,86,detailed,0,0,8,merged
51-9196,"Paper Goods Machine Setters, Operators, and Tenders",51,c403,"Coating, Painting, and Spraying Machine Setters, Operators, and Tenders (+2)",96130,52840.0,37300.0,50270.0,-0.073,partial:OEWS_May2025;EP_2020-30,0.013157894736842105,15,detailed,0,0,3,merged
51-9197,Tire Builders,51,c403,"Coating, Painting, and Spraying Machine Setters, Operators, and Tenders (+2)",20770,57160.0,40150.0,57390.0,-0.008,partial:OEWS_May2025;EP_2020-30,0.009615384615384616,23,detailed,0,0,3,merged
51-9198,Helpers--Production Workers,51,c407,"Production Workers, All Other (+7)",165700,41120.0,31140.0,39070.0,-0.045,partial:OEWS_May2025;EP_2020-30,0.07222222222222223,34,detailed,0,0,8,merged
51-9199,"Production Workers, All Other",51,c407,"Production Workers, All Other (+7)",251700,44380.0,31200.0,40110.0,0.08199999999999999,partial:OEWS_May2025;EP_2020-30,0.08277012091628681,0,detailed,0,1,8,merged
53-1041,Aircraft Cargo Handling Supervisors,53,c408,Aircraft Cargo Handling Supervisors,9760,65010.0,41690.0,58170.0,0.11900000000000001,partial:OEWS_May2025;EP_2020-30,0.15000000000000002,6,detailed,0,0,1,single
53-1047,"First-Line Supervisors of Transportation and Material Moving Workers, Except Aircraft Cargo Handling Supervisors",53,c409,"First-Line Supervisors of Transportation and Material Moving Workers, Except Aircraft Cargo Handling Supervisors",623640,66860.0,43360.0,62890.0,0.059000000000000004,partial:OEWS_May2025;EP_2020-30,0.33841946267082385,88,minor,0,0,1,anchor
53-2011,"Airline Pilots, Copilots, and Flight Engineers",53,c410,"Airline Pilots, Copilots, and Flight Engineers",103560,288650.0,106710.0,232140.0,0.13699999999999998,partial:OEWS_May2025;EP_2020-30,0.2897727272727273,26,detailed,0,0,1,single
53-2012,Commercial Pilots,53,c411,Commercial Pilots,47630,146080.0,58850.0,123220.0,0.114,partial:OEWS_May2025;EP_2020-30,0.2272727272727273,26,detailed,0,0,1,single
53-2021,Air Traffic Controllers,53,c412,Air Traffic Controllers,22510,146490.0,78420.0,148080.0,0.038,partial:OEWS_May2025;EP_2020-30,0.32386363636363635,23,detailed,0,0,1,single
53-2022,Airfield Operations Specialists,53,c413,Airfield Operations Specialists,15190,63610.0,35870.0,56850.0,0.129,partial:OEWS_May2025;EP_2020-30,0.3475609756097561,27,detailed,0,0,1,single
53-2031,Flight Attendants,53,c414,Flight Attendants,131650,77440.0,35110.0,63580.0,0.304,partial:OEWS_May2025;EP_2020-30,0.15625,25,detailed,0,0,1,single
53-3011,"Ambulance Drivers and Attendants, Except Emergency Medical Technicians",53,c415,"Ambulance Drivers and Attendants, Except Emergency Medical Technicians",12630,36210.0,27350.0,35450.0,0.163,partial:OEWS_May2025;EP_2020-30,0.06818181818181818,11,detailed,0,0,1,single
53-3031,Driver/Sales Workers,53,c416,Driver/Sales Workers,409180,40730.0,22590.0,38770.0,0.179,partial:OEWS_May2025;EP_2020-30,0.2361111111111111,12,detailed,0,0,1,anchor
53-3032,Heavy and Tractor-Trailer Truck Drivers,53,c417,Heavy and Tractor-Trailer Truck Drivers,2062040,59710.0,40140.0,58640.0,0.063,partial:OEWS_May2025;EP_2020-30,0.22596153846153846,31,detailed,0,0,1,anchor
53-3033,Light Truck Drivers,53,c418,Light Truck Drivers,983300,48770.0,30800.0,44860.0,0.098,partial:OEWS_May2025;EP_2020-30,0.3076923076923077,14,detailed,0,0,1,anchor
53-3051,"Bus Drivers, School",53,c419,"Bus Drivers, School",402930,48430.0,29240.0,47920.0,0.247,partial:OEWS_May2025;EP_2020-30,0.25,17,broad,0,0,1,anchor
53-3052,"Bus Drivers, Transit and Intercity",53,c420,"Bus Drivers, Transit and Intercity",159240,60280.0,40030.0,59050.0,0.21,partial:OEWS_May2025;EP_2020-30,0.2037037037037037,15,detailed,0,0,1,single
53-3053,Shuttle Drivers and Chauffeurs,53,c421,Shuttle Drivers and Chauffeurs (+2),248530,39880.0,28090.0,37290.0,0.247,partial:OEWS_May2025;EP_2020-30,0.21153846153846154,26,broad,0,0,3,merged
53-3054,Taxi Drivers,53,c421,Shuttle Drivers and Chauffeurs (+2),41050,49930.0,34650.0,42100.0,0.247,partial:OEWS_May2025;EP_2020-30,0.265625,16,broad,0,0,3,merged
53-3099,"Motor Vehicle Operators, All Other",53,c421,Shuttle Drivers and Chauffeurs (+2),46880,42430.0,26540.0,37180.0,0.10300000000000001,partial:OEWS_May2025;EP_2020-30,0.24767681398622113,0,detailed,0,1,3,merged
53-4011,Locomotive Engineers,53,c423,Railroad Conductors and Yardmasters (+2),33470,85900.0,60680.0,81410.0,0.055999999999999994,partial:OEWS_May2025;EP_2020-30,0.2589285714285714,15,detailed,0,0,3,merged
53-4013,"Rail Yard Engineers, Dinkey Operators, and Hostlers",53,c422,"Railroad Brake, Signal, and Switch Operators and Locomotive Firers (+1)",3920,68450.0,44540.0,60600.0,0.008,partial:OEWS_May2025;EP_2020-30,0.13068181818181818,25,detailed,0,0,2,merged
53-4022,"Railroad Brake, Signal, and Switch Operators and Locomotive Firers",53,c422,"Railroad Brake, Signal, and Switch Operators and Locomotive Firers (+1)",12400,69030.0,45660.0,68840.0,0.02,partial:OEWS_May2025;EP_2020-30,0.10416666666666666,28,detailed,0,0,2,merged
53-4031,Railroad Conductors and Yardmasters,53,c423,Railroad Conductors and Yardmasters (+2),46440,79100.0,58740.0,78000.0,0.055,partial:OEWS_May2025;EP_2020-30,0.24305555555555555,22,detailed,0,0,3,merged
53-4041,Subway and Streetcar Operators,53,c423,Railroad Conductors and Yardmasters (+2),10200,77170.0,55180.0,86380.0,0.102,partial:OEWS_May2025;EP_2020-30,0.3068181818181818,12,detailed,0,0,3,merged
53-4099,"Rail Transportation Workers, All Other",53,c424,"Rail Transportation Workers, All Other",1120,60140.0,40080.0,56360.0,0.026000000000000002,partial:OEWS_May2025;EP_2020-30,0.23055289380619948,0,detailed,0,1,1,single
53-5011,Sailors and Marine Oilers,53,c425,Sailors and Marine Oilers (+1),31670,56830.0,34560.0,51520.0,0.10400000000000001,partial:OEWS_May2025;EP_2020-30,0.026595744680851064,28,detailed,0,0,2,merged
53-5021,"Captains, Mates, and Pilots of Water Vessels",53,c426,"Captains, Mates, and Pilots of Water Vessels (+1)",36850,103720.0,47420.0,92460.0,0.135,partial:OEWS_May2025;EP_2020-30,0.23636363636363633,30,detailed,0,0,2,merged
53-5022,Motorboat Operators,53,c425,Sailors and Marine Oilers (+1),2480,56270.0,34510.0,47520.0,0.147,partial:OEWS_May2025;EP_2020-30,0.06451612903225806,17,detailed,0,0,2,merged
53-5031,Ship Engineers,53,c426,"Captains, Mates, and Pilots of Water Vessels (+1)",8400,111790.0,57870.0,109530.0,0.08199999999999999,partial:OEWS_May2025;EP_2020-30,0.15625,17,detailed,0,0,2,merged
53-6011,Bridge and Lock Tenders,53,c427,Bridge and Lock Tenders,3040,55370.0,28090.0,57700.0,0.027999999999999997,partial:OEWS_May2025;EP_2020-30,0.2232142857142857,18,detailed,0,0,1,single
53-6021,Parking Attendants,53,c428,Parking Attendants (+3),137880,34990.0,27040.0,35150.0,0.142,partial:OEWS_May2025;EP_2020-30,0.11607142857142858,18,detailed,0,0,4,merged
53-6031,Automotive and Watercraft Service Attendants,53,c428,Parking Attendants (+3),102010,36780.0,28630.0,35670.0,0.043,partial:OEWS_May2025;EP_2020-30,0.09782608695652173,15,detailed,0,0,4,merged
53-6032,Aircraft Service Attendants,53,c428,Parking Attendants (+3),31300,43330.0,33830.0,40450.0,0.099,partial:OEWS_May2025;EP_2020-30,0.125,18,minor,0,0,4,merged
53-6041,Traffic Technicians,53,c429,Traffic Technicians,7860,62050.0,39090.0,59090.0,0.078,partial:OEWS_May2025;EP_2020-30,0.4259259259259259,24,detailed,0,0,1,single
53-6051,Transportation Inspectors,53,c430,Transportation Inspectors,24500,88540.0,40330.0,92100.0,0.046,partial:OEWS_May2025;EP_2020-30,0.3234848484848485,57,detailed,0,0,1,single
53-6061,Passenger Attendants,53,c428,Parking Attendants (+3),27110,37820.0,27970.0,37720.0,0.175,partial:OEWS_May2025;EP_2020-30,0.18055555555555555,14,detailed,0,0,4,merged
53-6099,"Transportation Workers, All Other",53,c431,"Transportation Workers, All Other",13550,50890.0,33080.0,45650.0,0.099,partial:OEWS_May2025;EP_2020-30,0.14349455506074738,0,minor,0,1,1,single
53-7011,Conveyor Operators and Tenders,53,c442,Refuse and Recyclable Material Collectors (+1),22930,45080.0,36180.0,42420.0,0.061,partial:OEWS_May2025;EP_2020-30,0.12068965517241378,23,detailed,0,0,2,merged
53-7021,Crane and Tower Operators,53,c432,Crane and Tower Operators (+2),42890,72130.0,42640.0,68080.0,0.054000000000000006,partial:OEWS_May2025;EP_2020-30,0.10526315789473684,11,detailed,0,0,3,merged
53-7031,Dredge Operators,53,c433,Dredge Operators,1040,56120.0,41080.0,49640.0,0.052000000000000005,partial:OEWS_May2025;EP_2020-30,0.0,6,detailed,0,0,1,single
53-7041,Hoist and Winch Operators,53,c432,Crane and Tower Operators (+2),2600,67710.0,35640.0,56450.0,0.034,partial:OEWS_May2025;EP_2020-30,0.047619047619047616,13,detailed,0,0,3,merged
53-7051,Industrial Truck and Tractor Operators,53,c434,Industrial Truck and Tractor Operators,774420,48370.0,36840.0,46420.0,0.077,partial:OEWS_May2025;EP_2020-30,0.03125,11,detailed,0,0,1,anchor
53-7061,Cleaners of Vehicles and Equipment,53,c435,Cleaners of Vehicles and Equipment,380430,36980.0,27380.0,35830.0,0.08800000000000001,partial:OEWS_May2025;EP_2020-30,0.041666666666666664,21,detailed,0,0,1,anchor
53-7062,"Laborers and Freight, Stock, and Material Movers, Hand",53,c436,"Laborers and Freight, Stock, and Material Movers, Hand",2950280,42260.0,31270.0,40240.0,0.091,partial:OEWS_May2025;EP_2020-30,0.041304347826086954,39,detailed,0,0,1,anchor
53-7063,Machine Feeders and Offbearers,53,c437,Machine Feeders and Offbearers,42330,43660.0,32220.0,41220.0,0.063,partial:OEWS_May2025;EP_2020-30,0.09090909090909091,13,detailed,0,0,1,single
53-7064,"Packers and Packagers, Hand",53,c438,"Packers and Packagers, Hand",559820,37540.0,27890.0,36280.0,0.002,partial:OEWS_May2025;EP_2020-30,0.1,12,detailed,0,0,1,anchor
53-7065,Stockers and Order Fillers,53,c439,Stockers and Order Fillers,2833810,39540.0,30110.0,37330.0,0.044000000000000004,partial:OEWS_May2025;EP_2020-30,0.18636363636363634,30,detailed,0,0,1,anchor
53-7071,Gas Compressor and Gas Pumping Station Operators,53,c432,Crane and Tower Operators (+2),3510,74610.0,46180.0,77320.0,-0.013999999999999999,partial:OEWS_May2025;EP_2020-30,0.1730769230769231,13,detailed,0,0,3,merged
53-7072,"Pump Operators, Except Wellhead Pumpers",53,c440,"Pump Operators, Except Wellhead Pumpers",9780,63960.0,39420.0,61770.0,0.126,partial:OEWS_May2025;EP_2020-30,0.20833333333333331,14,detailed,0,0,1,single
53-7073,Wellhead Pumpers,53,c441,Wellhead Pumpers,17990,70370.0,44100.0,69960.0,0.094,partial:OEWS_May2025;EP_2020-30,0.0,16,detailed,0,0,1,single
53-7081,Refuse and Recyclable Material Collectors,53,c442,Refuse and Recyclable Material Collectors (+1),147240,52820.0,33590.0,49690.0,0.11900000000000001,partial:OEWS_May2025;EP_2020-30,0.21428571428571427,16,detailed,0,0,2,merged
53-7121,"Tank Car, Truck, and Ship Loaders",53,c443,"Tank Car, Truck, and Ship Loaders",10700,59970.0,39460.0,58870.0,0.047,partial:OEWS_May2025;EP_2020-30,0.09821428571428571,19,detailed,0,0,1,single
53-7199,"Material Moving Workers, All Other",53,c444,"Material Moving Workers, All Other",23480,45640.0,34330.0,41800.0,0.091,partial:OEWS_May2025;EP_2020-30,0.09821428571428571,0,detailed,0,1,1,single
