occ_code,region_id,emp,wage_mean_annual_usd,source_tag
11-1011,CN,459574,67407.5,FIXTURE:us_mix_gdp_pc_tilt
11-1021,CN,7878133,33735.0,FIXTURE:us_mix_gdp_pc_tilt
11-1031,CN,100281,14277.5,FIXTURE:us_mix_gdp_pc_tilt
11-2011,CN,48285,38570.0,FIXTURE:us_mix_gdp_pc_tilt
11-2021,CN,888877,44442.5,FIXTURE:us_mix_gdp_pc_tilt
11-2022,CN,1432764,41087.5,FIXTURE:us_mix_gdp_pc_tilt
11-2032,CN,168334,41190.0,FIXTURE:us_mix_gdp_pc_tilt
11-2033,CN,87282,35005.0,FIXTURE:us_mix_gdp_pc_tilt
11-3012,CN,593634,32467.5,FIXTURE:us_mix_gdp_pc_tilt
11-3013,CN,351242,29222.5,FIXTURE:us_mix_gdp_pc_tilt
11-3021,CN,1508081,48040.0,FIXTURE:us_mix_gdp_pc_tilt
11-3031,CN,1892967,46727.5,FIXTURE:us_mix_gdp_pc_tilt
11-3051,CN,553805,33542.5,FIXTURE:us_mix_gdp_pc_tilt
11-3061,CN,189632,39090.0,FIXTURE:us_mix_gdp_pc_tilt
11-3071,CN,497424,30400.0,FIXTURE:us_mix_gdp_pc_tilt
11-3111,CN,51591,40660.0,FIXTURE:us_mix_gdp_pc_tilt
11-3121,CN,496254,41057.5,FIXTURE:us_mix_gdp_pc_tilt
11-3131,CN,108062,37092.5,FIXTURE:us_mix_gdp_pc_tilt
11-9013,CN,14618,24955.0,FIXTURE:us_mix_gdp_pc_tilt
11-9021,CN,855412,31090.0,FIXTURE:us_mix_gdp_pc_tilt
11-9031,CN,165658,16200.0,FIXTURE:us_mix_gdp_pc_tilt
11-9032,CN,738399,29025.0,FIXTURE:us_mix_gdp_pc_tilt
11-9033,CN,405869,31635.0,FIXTURE:us_mix_gdp_pc_tilt
11-9039,CN,123985,25475.0,FIXTURE:us_mix_gdp_pc_tilt
11-9041,CN,495355,45385.0,FIXTURE:us_mix_gdp_pc_tilt
11-9051,CN,536218,18720.0,FIXTURE:us_mix_gdp_pc_tilt
11-9071,CN,11312,25762.5,FIXTURE:us_mix_gdp_pc_tilt
11-9072,CN,85415,22437.5,FIXTURE:us_mix_gdp_pc_tilt
11-9081,CN,95850,19685.0,FIXTURE:us_mix_gdp_pc_tilt
11-9111,CN,1342806,35242.5,FIXTURE:us_mix_gdp_pc_tilt
11-9121,CN,244439,45062.5,FIXTURE:us_mix_gdp_pc_tilt
11-9131,CN,31058,24340.0,FIXTURE:us_mix_gdp_pc_tilt
11-9141,CN,699830,20927.5,FIXTURE:us_mix_gdp_pc_tilt
11-9151,CN,470774,22220.0,FIXTURE:us_mix_gdp_pc_tilt
11-9161,CN,30361,25605.0,FIXTURE:us_mix_gdp_pc_tilt
11-9171,CN,31283,23210.0,FIXTURE:us_mix_gdp_pc_tilt
11-9179,CN,23502,19547.5,FIXTURE:us_mix_gdp_pc_tilt
11-9199,CN,1399277,38472.5,FIXTURE:us_mix_gdp_pc_tilt
13-1011,CN,28382,35395.0,FIXTURE:us_mix_gdp_pc_tilt
13-1020,CN,1105204,20942.5,FIXTURE:us_mix_gdp_pc_tilt
13-1031,CN,729179,20117.5,FIXTURE:us_mix_gdp_pc_tilt
13-1032,CN,25998,19725.0,FIXTURE:us_mix_gdp_pc_tilt
13-1041,CN,937971,22100.0,FIXTURE:us_mix_gdp_pc_tilt
13-1051,CN,504261,21347.5,FIXTURE:us_mix_gdp_pc_tilt
13-1071,CN,2052014,20497.5,FIXTURE:us_mix_gdp_pc_tilt
13-1074,CN,697,14617.5,FIXTURE:us_mix_gdp_pc_tilt
13-1075,CN,145755,24680.0,FIXTURE:us_mix_gdp_pc_tilt
13-1081,CN,564578,22432.5,FIXTURE:us_mix_gdp_pc_tilt
13-1082,CN,2398892,27685.0,FIXTURE:us_mix_gdp_pc_tilt
13-1111,CN,2020191,28447.5,FIXTURE:us_mix_gdp_pc_tilt
13-1121,CN,321286,16630.0,FIXTURE:us_mix_gdp_pc_tilt
13-1131,CN,249724,19300.0,FIXTURE:us_mix_gdp_pc_tilt
13-1141,CN,252738,21082.5,FIXTURE:us_mix_gdp_pc_tilt
13-1151,CN,1030696,18887.5,FIXTURE:us_mix_gdp_pc_tilt
13-1161,CN,2023114,22372.5,FIXTURE:us_mix_gdp_pc_tilt
13-1199,CN,2444816,23492.5,FIXTURE:us_mix_gdp_pc_tilt
13-2011,CN,3259860,23687.5,FIXTURE:us_mix_gdp_pc_tilt
13-2020,CN,128348,18942.5,FIXTURE:us_mix_gdp_pc_tilt
13-2031,CN,106061,24092.5,FIXTURE:us_mix_gdp_pc_tilt
13-2041,CN,144810,25212.5,FIXTURE:us_mix_gdp_pc_tilt
13-2051,CN,814077,29200.0,FIXTURE:us_mix_gdp_pc_tilt
13-2052,CN,600021,39167.5,FIXTURE:us_mix_gdp_pc_tilt
13-2053,CN,237085,23425.0,FIXTURE:us_mix_gdp_pc_tilt
13-2054,CN,143596,31105.0,FIXTURE:us_mix_gdp_pc_tilt
13-2061,CN,152547,26560.0,FIXTURE:us_mix_gdp_pc_tilt
13-2071,CN,62453,14302.5,FIXTURE:us_mix_gdp_pc_tilt
13-2072,CN,616956,21947.5,FIXTURE:us_mix_gdp_pc_tilt
13-2081,CN,127313,17630.0,FIXTURE:us_mix_gdp_pc_tilt
13-2082,CN,172000,15232.5,FIXTURE:us_mix_gdp_pc_tilt
13-2099,CN,297154,23452.5,FIXTURE:us_mix_gdp_pc_tilt
15-1211,CN,1168399,28652.5,FIXTURE:us_mix_gdp_pc_tilt
15-1212,CN,428763,33127.5,FIXTURE:us_mix_gdp_pc_tilt
15-1221,CN,83661,38482.5,FIXTURE:us_mix_gdp_pc_tilt
15-1231,CN,328775,20467.5,FIXTURE:us_mix_gdp_pc_tilt
15-1232,CN,1612928,16832.5,FIXTURE:us_mix_gdp_pc_tilt
15-1241,CN,404227,34895.0,FIXTURE:us_mix_gdp_pc_tilt
15-1242,CN,157404,27522.5,FIXTURE:us_mix_gdp_pc_tilt
15-1243,CN,150995,36110.0,FIXTURE:us_mix_gdp_pc_tilt
15-1244,CN,706936,25920.0,FIXTURE:us_mix_gdp_pc_tilt
15-1251,CN,207421,26292.5,FIXTURE:us_mix_gdp_pc_tilt
15-1252,CN,3795988,37025.0,FIXTURE:us_mix_gdp_pc_tilt
15-1253,CN,419970,27872.5,FIXTURE:us_mix_gdp_pc_tilt
15-1254,CN,157854,24692.5,FIXTURE:us_mix_gdp_pc_tilt
15-1255,CN,254874,29372.5,FIXTURE:us_mix_gdp_pc_tilt
15-1299,CN,979127,30557.5,FIXTURE:us_mix_gdp_pc_tilt
15-2011,CN,59980,35370.0,FIXTURE:us_mix_gdp_pc_tilt
15-2021,CN,4565,32315.0,FIXTURE:us_mix_gdp_pc_tilt
15-2031,CN,244034,24932.5,FIXTURE:us_mix_gdp_pc_tilt
15-2041,CN,65287,28925.0,FIXTURE:us_mix_gdp_pc_tilt
15-2051,CN,590216,31700.0,FIXTURE:us_mix_gdp_pc_tilt
15-2099,CN,8366,22887.5,FIXTURE:us_mix_gdp_pc_tilt
17-1011,CN,240121,26565.0,FIXTURE:us_mix_gdp_pc_tilt
17-1012,CN,44080,22195.0,FIXTURE:us_mix_gdp_pc_tilt
17-1021,CN,32070,21672.5,FIXTURE:us_mix_gdp_pc_tilt
17-1022,CN,114314,20142.5,FIXTURE:us_mix_gdp_pc_tilt
17-2011,CN,152277,35515.0,FIXTURE:us_mix_gdp_pc_tilt
17-2021,CN,3328,27057.5,FIXTURE:us_mix_gdp_pc_tilt
17-2031,CN,52805,29222.5,FIXTURE:us_mix_gdp_pc_tilt
17-2041,CN,47385,32495.0,FIXTURE:us_mix_gdp_pc_tilt
17-2051,CN,827255,27167.5,FIXTURE:us_mix_gdp_pc_tilt
17-2061,CN,172405,40667.5,FIXTURE:us_mix_gdp_pc_tilt
17-2071,CN,446980,31275.0,FIXTURE:us_mix_gdp_pc_tilt
17-2072,CN,217924,34320.0,FIXTURE:us_mix_gdp_pc_tilt
17-2081,CN,86225,28227.5,FIXTURE:us_mix_gdp_pc_tilt
17-2111,CN,48240,29942.5,FIXTURE:us_mix_gdp_pc_tilt
17-2112,CN,822533,27475.0,FIXTURE:us_mix_gdp_pc_tilt
17-2121,CN,18554,31045.0,FIXTURE:us_mix_gdp_pc_tilt
17-2131,CN,51209,30062.5,FIXTURE:us_mix_gdp_pc_tilt
17-2141,CN,667512,28402.5,FIXTURE:us_mix_gdp_pc_tilt
17-2151,CN,13674,28852.5,FIXTURE:us_mix_gdp_pc_tilt
17-2161,CN,34364,35105.0,FIXTURE:us_mix_gdp_pc_tilt
17-2171,CN,40616,39287.5,FIXTURE:us_mix_gdp_pc_tilt
17-2199,CN,346496,31332.5,FIXTURE:us_mix_gdp_pc_tilt
17-3011,CN,233217,17685.0,FIXTURE:us_mix_gdp_pc_tilt
17-3012,CN,40301,20320.0,FIXTURE:us_mix_gdp_pc_tilt
17-3013,CN,89868,18765.0,FIXTURE:us_mix_gdp_pc_tilt
17-3019,CN,32542,17062.5,FIXTURE:us_mix_gdp_pc_tilt
17-3021,CN,25368,22827.5,FIXTURE:us_mix_gdp_pc_tilt
17-3022,CN,154098,17247.5,FIXTURE:us_mix_gdp_pc_tilt
17-3023,CN,213943,20170.0,FIXTURE:us_mix_gdp_pc_tilt
17-3024,CN,34904,19105.0,FIXTURE:us_mix_gdp_pc_tilt
17-3025,CN,27415,16217.5,FIXTURE:us_mix_gdp_pc_tilt
17-3026,CN,169953,17675.0,FIXTURE:us_mix_gdp_pc_tilt
17-3027,CN,81390,19095.0,FIXTURE:us_mix_gdp_pc_tilt
17-3028,CN,37198,18542.5,FIXTURE:us_mix_gdp_pc_tilt
17-3029,CN,134780,20240.0,FIXTURE:us_mix_gdp_pc_tilt
17-3031,CN,130462,14500.0,FIXTURE:us_mix_gdp_pc_tilt
19-1011,CN,6972,22087.5,FIXTURE:us_mix_gdp_pc_tilt
19-1012,CN,29371,23840.0,FIXTURE:us_mix_gdp_pc_tilt
19-1013,CN,35376,21930.0,FIXTURE:us_mix_gdp_pc_tilt
19-1021,CN,76082,32460.0,FIXTURE:us_mix_gdp_pc_tilt
19-1022,CN,42595,24400.0,FIXTURE:us_mix_gdp_pc_tilt
19-1023,CN,40751,20755.0,FIXTURE:us_mix_gdp_pc_tilt
19-1029,CN,125604,26582.5,FIXTURE:us_mix_gdp_pc_tilt
19-1031,CN,58360,19282.5,FIXTURE:us_mix_gdp_pc_tilt
19-1032,CN,23457,19792.5,FIXTURE:us_mix_gdp_pc_tilt
19-1041,CN,27190,24472.5,FIXTURE:us_mix_gdp_pc_tilt
19-1042,CN,387585,29210.0,FIXTURE:us_mix_gdp_pc_tilt
19-1099,CN,16777,26965.0,FIXTURE:us_mix_gdp_pc_tilt
19-2011,CN,4768,33230.0,FIXTURE:us_mix_gdp_pc_tilt
19-2012,CN,45946,42795.0,FIXTURE:us_mix_gdp_pc_tilt
19-2021,CN,22490,26527.5,FIXTURE:us_mix_gdp_pc_tilt
19-2031,CN,186146,25112.5,FIXTURE:us_mix_gdp_pc_tilt
19-2032,CN,19049,31545.0,FIXTURE:us_mix_gdp_pc_tilt
19-2041,CN,200719,22920.0,FIXTURE:us_mix_gdp_pc_tilt
19-2042,CN,52783,29037.5,FIXTURE:us_mix_gdp_pc_tilt
19-2043,CN,13156,25900.0,FIXTURE:us_mix_gdp_pc_tilt
19-2099,CN,50152,32307.5,FIXTURE:us_mix_gdp_pc_tilt
19-3011,CN,40009,35532.5,FIXTURE:us_mix_gdp_pc_tilt
19-3022,CN,18644,19895.0,FIXTURE:us_mix_gdp_pc_tilt
19-3032,CN,1777,42557.5,FIXTURE:us_mix_gdp_pc_tilt
19-3033,CN,170898,28187.5,FIXTURE:us_mix_gdp_pc_tilt
19-3034,CN,143798,24790.0,FIXTURE:us_mix_gdp_pc_tilt
19-3039,CN,42325,27802.5,FIXTURE:us_mix_gdp_pc_tilt
19-3041,CN,5083,28730.0,FIXTURE:us_mix_gdp_pc_tilt
19-3051,CN,99471,23687.5,FIXTURE:us_mix_gdp_pc_tilt
19-3091,CN,20218,18905.0,FIXTURE:us_mix_gdp_pc_tilt
19-3092,CN,3149,25587.5,FIXTURE:us_mix_gdp_pc_tilt
19-3093,CN,7759,20310.0,FIXTURE:us_mix_gdp_pc_tilt
19-3094,CN,12459,35627.5,FIXTURE:us_mix_gdp_pc_tilt
19-3099,CN,83436,26922.5,FIXTURE:us_mix_gdp_pc_tilt
19-4012,CN,34027,13460.0,FIXTURE:us_mix_gdp_pc_tilt
19-4013,CN,32835,14165.0,FIXTURE:us_mix_gdp_pc_tilt
19-4021,CN,156572,15345.0,FIXTURE:us_mix_gdp_pc_tilt
19-4031,CN,129405,15975.0,FIXTURE:us_mix_gdp_pc_tilt
19-4042,CN,77971,15200.0,FIXTURE:us_mix_gdp_pc_tilt
19-4043,CN,15698,15467.5,FIXTURE:us_mix_gdp_pc_tilt
19-4044,CN,6387,17382.5,FIXTURE:us_mix_gdp_pc_tilt
19-4051,CN,14551,27235.0,FIXTURE:us_mix_gdp_pc_tilt
19-4061,CN,68908,16535.0,FIXTURE:us_mix_gdp_pc_tilt
19-4071,CN,68391,14765.0,FIXTURE:us_mix_gdp_pc_tilt
19-4092,CN,43000,19800.0,FIXTURE:us_mix_gdp_pc_tilt
19-4099,CN,166220,16570.0,FIXTURE:us_mix_gdp_pc_tilt
19-5011,CN,316225,23465.0,FIXTURE:us_mix_gdp_pc_tilt
19-5012,CN,68796,17030.0,FIXTURE:us_mix_gdp_pc_tilt
21-1012,CN,794578,17857.5,FIXTURE:us_mix_gdp_pc_tilt
21-1013,CN,150095,19240.0,FIXTURE:us_mix_gdp_pc_tilt
21-1015,CN,213066,12955.0,FIXTURE:us_mix_gdp_pc_tilt
21-1018,CN,1106328,16110.0,FIXTURE:us_mix_gdp_pc_tilt
21-1019,CN,64275,14552.5,FIXTURE:us_mix_gdp_pc_tilt
21-1021,CN,882827,16000.0,FIXTURE:us_mix_gdp_pc_tilt
21-1022,CN,421971,17947.5,FIXTURE:us_mix_gdp_pc_tilt
21-1023,CN,298684,17007.5,FIXTURE:us_mix_gdp_pc_tilt
21-1029,CN,141527,18977.5,FIXTURE:us_mix_gdp_pc_tilt
21-1091,CN,147734,18320.0,FIXTURE:us_mix_gdp_pc_tilt
21-1092,CN,201034,18282.5,FIXTURE:us_mix_gdp_pc_tilt
21-1093,CN,984727,11922.5,FIXTURE:us_mix_gdp_pc_tilt
21-1094,CN,138671,14045.0,FIXTURE:us_mix_gdp_pc_tilt
21-1099,CN,242280,14897.5,FIXTURE:us_mix_gdp_pc_tilt
21-2011,CN,128640,16715.0,FIXTURE:us_mix_gdp_pc_tilt
21-2021,CN,49837,15525.0,FIXTURE:us_mix_gdp_pc_tilt
21-2099,CN,35444,13467.5,FIXTURE:us_mix_gdp_pc_tilt
23-1011,CN,1696836,46460.0,FIXTURE:us_mix_gdp_pc_tilt
23-1012,CN,29889,18237.5,FIXTURE:us_mix_gdp_pc_tilt
23-1021,CN,36815,31497.5,FIXTURE:us_mix_gdp_pc_tilt
23-1022,CN,20713,22752.5,FIXTURE:us_mix_gdp_pc_tilt
23-1023,CN,54042,35957.5,FIXTURE:us_mix_gdp_pc_tilt
23-2011,CN,883569,17425.0,FIXTURE:us_mix_gdp_pc_tilt
23-2093,CN,109254,15587.5,FIXTURE:us_mix_gdp_pc_tilt
23-2099,CN,105161,22415.0,FIXTURE:us_mix_gdp_pc_tilt
25-1011,CN,184752,28680.0,FIXTURE:us_mix_gdp_pc_tilt
25-1021,CN,79793,26105.0,FIXTURE:us_mix_gdp_pc_tilt
25-1022,CN,107208,22887.5,FIXTURE:us_mix_gdp_pc_tilt
25-1031,CN,17317,25312.5,FIXTURE:us_mix_gdp_pc_tilt
25-1032,CN,90565,31130.0,FIXTURE:us_mix_gdp_pc_tilt
25-1041,CN,20061,25512.5,FIXTURE:us_mix_gdp_pc_tilt
25-1042,CN,112875,25710.0,FIXTURE:us_mix_gdp_pc_tilt
25-1043,CN,3418,25612.5,FIXTURE:us_mix_gdp_pc_tilt
25-1051,CN,22265,29005.0,FIXTURE:us_mix_gdp_pc_tilt
25-1052,CN,44934,26302.5,FIXTURE:us_mix_gdp_pc_tilt
25-1053,CN,15046,25902.5,FIXTURE:us_mix_gdp_pc_tilt
25-1054,CN,29439,27865.0,FIXTURE:us_mix_gdp_pc_tilt
25-1061,CN,11785,26720.0,FIXTURE:us_mix_gdp_pc_tilt
25-1062,CN,25413,24582.5,FIXTURE:us_mix_gdp_pc_tilt
25-1063,CN,25998,34712.5,FIXTURE:us_mix_gdp_pc_tilt
25-1064,CN,7489,25587.5,FIXTURE:us_mix_gdp_pc_tilt
25-1065,CN,38165,27025.0,FIXTURE:us_mix_gdp_pc_tilt
25-1066,CN,93399,23465.0,FIXTURE:us_mix_gdp_pc_tilt
25-1067,CN,26650,24245.0,FIXTURE:us_mix_gdp_pc_tilt
25-1069,CN,37288,22097.5,FIXTURE:us_mix_gdp_pc_tilt
25-1071,CN,497626,36892.5,FIXTURE:us_mix_gdp_pc_tilt
25-1072,CN,175328,21602.5,FIXTURE:us_mix_gdp_pc_tilt
25-1081,CN,136804,19837.5,FIXTURE:us_mix_gdp_pc_tilt
25-1082,CN,8164,22027.5,FIXTURE:us_mix_gdp_pc_tilt
25-1111,CN,29574,21887.5,FIXTURE:us_mix_gdp_pc_tilt
25-1112,CN,45114,36192.5,FIXTURE:us_mix_gdp_pc_tilt
25-1113,CN,28359,20985.0,FIXTURE:us_mix_gdp_pc_tilt
25-1121,CN,210412,23675.0,FIXTURE:us_mix_gdp_pc_tilt
25-1122,CN,66164,22502.5,FIXTURE:us_mix_gdp_pc_tilt
25-1123,CN,129810,22395.0,FIXTURE:us_mix_gdp_pc_tilt
25-1124,CN,44597,22497.5,FIXTURE:us_mix_gdp_pc_tilt
25-1125,CN,42258,24145.0,FIXTURE:us_mix_gdp_pc_tilt
25-1126,CN,46014,23010.0,FIXTURE:us_mix_gdp_pc_tilt
25-1192,CN,6230,20485.0,FIXTURE:us_mix_gdp_pc_tilt
25-1193,CN,28404,21655.0,FIXTURE:us_mix_gdp_pc_tilt
25-1194,CN,256628,18015.0,FIXTURE:us_mix_gdp_pc_tilt
25-1199,CN,336983,22657.5,FIXTURE:us_mix_gdp_pc_tilt
25-2011,CN,1076754,10757.5,FIXTURE:us_mix_gdp_pc_tilt
25-2012,CN,244844,17342.5,FIXTURE:us_mix_gdp_pc_tilt
25-2021,CN,3122426,18162.5,FIXTURE:us_mix_gdp_pc_tilt
25-2022,CN,1394554,18007.5,FIXTURE:us_mix_gdp_pc_tilt
25-2023,CN,37940,17897.5,FIXTURE:us_mix_gdp_pc_tilt
25-2031,CN,2395609,19080.0,FIXTURE:us_mix_gdp_pc_tilt
25-2032,CN,250579,18170.0,FIXTURE:us_mix_gdp_pc_tilt
25-2051,CN,66367,19095.0,FIXTURE:us_mix_gdp_pc_tilt
25-2052,CN,586685,18162.5,FIXTURE:us_mix_gdp_pc_tilt
25-2057,CN,214100,18445.0,FIXTURE:us_mix_gdp_pc_tilt
25-2058,CN,368671,19315.0,FIXTURE:us_mix_gdp_pc_tilt
25-2059,CN,76307,19937.5,FIXTURE:us_mix_gdp_pc_tilt
25-3011,CN,83908,16465.0,FIXTURE:us_mix_gdp_pc_tilt
25-3021,CN,746900,13685.0,FIXTURE:us_mix_gdp_pc_tilt
25-3031,CN,1180184,11605.0,FIXTURE:us_mix_gdp_pc_tilt
25-3041,CN,393724,12012.5,FIXTURE:us_mix_gdp_pc_tilt
25-3099,CN,255909,18470.0,FIXTURE:us_mix_gdp_pc_tilt
25-4011,CN,17924,17660.0,FIXTURE:us_mix_gdp_pc_tilt
25-4012,CN,27325,17890.0,FIXTURE:us_mix_gdp_pc_tilt
25-4013,CN,27685,14352.5,FIXTURE:us_mix_gdp_pc_tilt
25-4022,CN,300888,18210.0,FIXTURE:us_mix_gdp_pc_tilt
25-4031,CN,154481,11375.0,FIXTURE:us_mix_gdp_pc_tilt
25-9021,CN,18486,15265.0,FIXTURE:us_mix_gdp_pc_tilt
25-9031,CN,512222,20230.0,FIXTURE:us_mix_gdp_pc_tilt
25-9044,CN,369031,11917.5,FIXTURE:us_mix_gdp_pc_tilt
25-9045,CN,3194303,9572.5,FIXTURE:us_mix_gdp_pc_tilt
25-9099,CN,266704,14765.0,FIXTURE:us_mix_gdp_pc_tilt
27-1011,CN,119352,32360.0,FIXTURE:us_mix_gdp_pc_tilt
27-1012,CN,10300,12435.0,FIXTURE:us_mix_gdp_pc_tilt
27-1013,CN,25233,18287.5,FIXTURE:us_mix_gdp_pc_tilt
27-1014,CN,44912,28217.5,FIXTURE:us_mix_gdp_pc_tilt
27-1019,CN,15585,20132.5,FIXTURE:us_mix_gdp_pc_tilt
27-1021,CN,75317,23315.0,FIXTURE:us_mix_gdp_pc_tilt
27-1022,CN,48240,22807.5,FIXTURE:us_mix_gdp_pc_tilt
27-1023,CN,91285,9880.0,FIXTURE:us_mix_gdp_pc_tilt
27-1024,CN,444911,17640.0,FIXTURE:us_mix_gdp_pc_tilt
27-1025,CN,160800,18635.0,FIXTURE:us_mix_gdp_pc_tilt
27-1026,CN,371572,10707.5,FIXTURE:us_mix_gdp_pc_tilt
27-1027,CN,23906,20790.0,FIXTURE:us_mix_gdp_pc_tilt
27-1029,CN,21320,19772.5,FIXTURE:us_mix_gdp_pc_tilt
27-2011,CN,123692,16525.0,FIXTURE:us_mix_gdp_pc_tilt
27-2012,CN,321870,28325.0,FIXTURE:us_mix_gdp_pc_tilt
27-2021,CN,33892,51545.0,FIXTURE:us_mix_gdp_pc_tilt
27-2022,CN,559877,15040.0,FIXTURE:us_mix_gdp_pc_tilt
27-2023,CN,35489,13252.5,FIXTURE:us_mix_gdp_pc_tilt
27-2031,CN,18284,16525.0,FIXTURE:us_mix_gdp_pc_tilt
27-2032,CN,6432,18275.0,FIXTURE:us_mix_gdp_pc_tilt
27-2041,CN,28202,22617.5,FIXTURE:us_mix_gdp_pc_tilt
27-2042,CN,81367,16525.0,FIXTURE:us_mix_gdp_pc_tilt
27-2091,CN,17812,16525.0,FIXTURE:us_mix_gdp_pc_tilt
27-2099,CN,37220,16525.0,FIXTURE:us_mix_gdp_pc_tilt
27-3011,CN,47768,19680.0,FIXTURE:us_mix_gdp_pc_tilt
27-3023,CN,88271,25615.0,FIXTURE:us_mix_gdp_pc_tilt
27-3031,CN,637309,21030.0,FIXTURE:us_mix_gdp_pc_tilt
27-3041,CN,206207,22515.0,FIXTURE:us_mix_gdp_pc_tilt
27-3042,CN,102327,24242.5,FIXTURE:us_mix_gdp_pc_tilt
27-3043,CN,107815,21522.5,FIXTURE:us_mix_gdp_pc_tilt
27-3091,CN,117081,16590.0,FIXTURE:us_mix_gdp_pc_tilt
27-3092,CN,28944,19690.0,FIXTURE:us_mix_gdp_pc_tilt
27-3099,CN,44057,20965.0,FIXTURE:us_mix_gdp_pc_tilt
27-4011,CN,157944,16157.5,FIXTURE:us_mix_gdp_pc_tilt
27-4012,CN,47475,16990.0,FIXTURE:us_mix_gdp_pc_tilt
27-4014,CN,29416,20347.5,FIXTURE:us_mix_gdp_pc_tilt
27-4015,CN,20016,19595.0,FIXTURE:us_mix_gdp_pc_tilt
27-4021,CN,116406,13852.5,FIXTURE:us_mix_gdp_pc_tilt
27-4031,CN,48465,20802.5,FIXTURE:us_mix_gdp_pc_tilt
27-4032,CN,57596,21532.5,FIXTURE:us_mix_gdp_pc_tilt
27-4099,CN,27999,20260.0,FIXTURE:us_mix_gdp_pc_tilt
29-1011,CN,89126,22630.0,FIXTURE:us_mix_gdp_pc_tilt
29-1021,CN,279747,47837.5,FIXTURE:us_mix_gdp_pc_tilt
29-1022,CN,11042,86622.5,FIXTURE:us_mix_gdp_pc_tilt
29-1023,CN,13966,64850.0,FIXTURE:us_mix_gdp_pc_tilt
29-1024,CN,1957,67157.5,FIXTURE:us_mix_gdp_pc_tilt
29-1029,CN,11762,61982.5,FIXTURE:us_mix_gdp_pc_tilt
29-1031,CN,174451,19282.5,FIXTURE:us_mix_gdp_pc_tilt
29-1041,CN,96233,35387.5,FIXTURE:us_mix_gdp_pc_tilt
29-1051,CN,724096,35230.0,FIXTURE:us_mix_gdp_pc_tilt
29-1071,CN,364668,35320.0,FIXTURE:us_mix_gdp_pc_tilt
29-1081,CN,21770,43870.0,FIXTURE:us_mix_gdp_pc_tilt
29-1122,CN,365343,25320.0,FIXTURE:us_mix_gdp_pc_tilt
29-1123,CN,601213,26320.0,FIXTURE:us_mix_gdp_pc_tilt
29-1124,CN,38390,28747.5,FIXTURE:us_mix_gdp_pc_tilt
29-1125,CN,33577,16907.5,FIXTURE:us_mix_gdp_pc_tilt
29-1126,CN,314381,21825.0,FIXTURE:us_mix_gdp_pc_tilt
29-1127,CN,412436,24542.5,FIXTURE:us_mix_gdp_pc_tilt
29-1128,CN,19251,15235.0,FIXTURE:us_mix_gdp_pc_tilt
29-1129,CN,50916,22605.0,FIXTURE:us_mix_gdp_pc_tilt
29-1131,CN,188687,35670.0,FIXTURE:us_mix_gdp_pc_tilt
29-1141,CN,7600837,25355.0,FIXTURE:us_mix_gdp_pc_tilt
29-1151,CN,116586,62080.0,FIXTURE:us_mix_gdp_pc_tilt
29-1161,CN,17812,34245.0,FIXTURE:us_mix_gdp_pc_tilt
29-1171,CN,726502,34325.0,FIXTURE:us_mix_gdp_pc_tilt
29-1181,CN,30721,24435.0,FIXTURE:us_mix_gdp_pc_tilt
29-1211,CN,87169,90142.5,FIXTURE:us_mix_gdp_pc_tilt
29-1212,CN,38884,113735.0,FIXTURE:us_mix_gdp_pc_tilt
29-1213,CN,25571,80882.5,FIXTURE:us_mix_gdp_pc_tilt
29-1214,CN,73946,79370.0,FIXTURE:us_mix_gdp_pc_tilt
29-1215,CN,241785,63955.0,FIXTURE:us_mix_gdp_pc_tilt
29-1216,CN,151017,66800.0,FIXTURE:us_mix_gdp_pc_tilt
29-1217,CN,23816,66907.5,FIXTURE:us_mix_gdp_pc_tilt
29-1218,CN,47813,69760.0,FIXTURE:us_mix_gdp_pc_tilt
29-1221,CN,88586,53027.5,FIXTURE:us_mix_gdp_pc_tilt
29-1222,CN,24986,71355.0,FIXTURE:us_mix_gdp_pc_tilt
29-1223,CN,62926,67485.0,FIXTURE:us_mix_gdp_pc_tilt
29-1224,CN,60205,95382.5,FIXTURE:us_mix_gdp_pc_tilt
29-1229,CN,770762,65510.0,FIXTURE:us_mix_gdp_pc_tilt
29-1241,CN,20128,76162.5,FIXTURE:us_mix_gdp_pc_tilt
29-1242,CN,31710,93392.5,FIXTURE:us_mix_gdp_pc_tilt
29-1243,CN,2676,125512.5,FIXTURE:us_mix_gdp_pc_tilt
29-1249,CN,56539,93482.5,FIXTURE:us_mix_gdp_pc_tilt
29-1291,CN,17609,21755.0,FIXTURE:us_mix_gdp_pc_tilt
29-1292,CN,500932,24747.5,FIXTURE:us_mix_gdp_pc_tilt
29-1299,CN,64388,31915.0,FIXTURE:us_mix_gdp_pc_tilt
29-2010,CN,748767,16837.5,FIXTURE:us_mix_gdp_pc_tilt
29-2031,CN,141594,19235.0,FIXTURE:us_mix_gdp_pc_tilt
29-2032,CN,202766,24310.0,FIXTURE:us_mix_gdp_pc_tilt
29-2033,CN,38412,26290.0,FIXTURE:us_mix_gdp_pc_tilt
29-2034,CN,518362,20960.0,FIXTURE:us_mix_gdp_pc_tilt
29-2035,CN,97582,24030.0,FIXTURE:us_mix_gdp_pc_tilt
29-2036,CN,7669,37125.0,FIXTURE:us_mix_gdp_pc_tilt
29-2042,CN,405959,11707.5,FIXTURE:us_mix_gdp_pc_tilt
29-2043,CN,226267,15840.0,FIXTURE:us_mix_gdp_pc_tilt
29-2051,CN,70977,10157.5,FIXTURE:us_mix_gdp_pc_tilt
29-2052,CN,1060787,11655.0,FIXTURE:us_mix_gdp_pc_tilt
29-2053,CN,352996,11652.5,FIXTURE:us_mix_gdp_pc_tilt
29-2055,CN,264162,17177.5,FIXTURE:us_mix_gdp_pc_tilt
29-2056,CN,290430,12280.0,FIXTURE:us_mix_gdp_pc_tilt
29-2057,CN,159698,11765.0,FIXTURE:us_mix_gdp_pc_tilt
29-2061,CN,1458245,16762.5,FIXTURE:us_mix_gdp_pc_tilt
29-2072,CN,437916,14197.5,FIXTURE:us_mix_gdp_pc_tilt
29-2081,CN,165366,12942.5,FIXTURE:us_mix_gdp_pc_tilt
29-2091,CN,21118,20935.0,FIXTURE:us_mix_gdp_pc_tilt
29-2092,CN,25346,16592.5,FIXTURE:us_mix_gdp_pc_tilt
29-2099,CN,410682,14677.5,FIXTURE:us_mix_gdp_pc_tilt
29-9021,CN,85685,18742.5,FIXTURE:us_mix_gdp_pc_tilt
29-9091,CN,68593,16655.0,FIXTURE:us_mix_gdp_pc_tilt
29-9092,CN,8411,26155.0,FIXTURE:us_mix_gdp_pc_tilt
29-9093,CN,50084,18177.5,FIXTURE:us_mix_gdp_pc_tilt
29-9099,CN,78736,19180.0,FIXTURE:us_mix_gdp_pc_tilt
31-1120,CN,18357930,9030.0,FIXTURE:us_mix_gdp_pc_tilt
31-1131,CN,6177464,10675.0,FIXTURE:us_mix_gdp_pc_tilt
31-1132,CN,223579,10165.0,FIXTURE:us_mix_gdp_pc_tilt
31-1133,CN,151440,11422.5,FIXTURE:us_mix_gdp_pc_tilt
31-2011,CN,218676,17677.5,FIXTURE:us_mix_gdp_pc_tilt
31-2012,CN,18376,11027.5,FIXTURE:us_mix_gdp_pc_tilt
31-2021,CN,479348,17182.5,FIXTURE:us_mix_gdp_pc_tilt
31-2022,CN,205289,9107.5,FIXTURE:us_mix_gdp_pc_tilt
31-9011,CN,421194,15957.5,FIXTURE:us_mix_gdp_pc_tilt
31-9091,CN,1653352,12550.0,FIXTURE:us_mix_gdp_pc_tilt
31-9092,CN,3487009,11530.0,FIXTURE:us_mix_gdp_pc_tilt
31-9093,CN,330082,12627.5,FIXTURE:us_mix_gdp_pc_tilt
31-9094,CN,177149,10427.5,FIXTURE:us_mix_gdp_pc_tilt
31-9095,CN,168537,10112.5,FIXTURE:us_mix_gdp_pc_tilt
31-9096,CN,539677,10085.0,FIXTURE:us_mix_gdp_pc_tilt
31-9097,CN,611986,11380.0,FIXTURE:us_mix_gdp_pc_tilt
31-9099,CN,467879,12702.5,FIXTURE:us_mix_gdp_pc_tilt
33-1011,CN,227587,21095.0,FIXTURE:us_mix_gdp_pc_tilt
33-1012,CN,659184,28047.5,FIXTURE:us_mix_gdp_pc_tilt
33-1021,CN,422686,24232.5,FIXTURE:us_mix_gdp_pc_tilt
33-1091,CN,347392,14975.0,FIXTURE:us_mix_gdp_pc_tilt
33-1099,CN,88212,18597.5,FIXTURE:us_mix_gdp_pc_tilt
33-2011,CN,1475137,15907.5,FIXTURE:us_mix_gdp_pc_tilt
33-2021,CN,58837,19667.5,FIXTURE:us_mix_gdp_pc_tilt
33-2022,CN,11853,16660.0,FIXTURE:us_mix_gdp_pc_tilt
33-3011,CN,73802,15415.0,FIXTURE:us_mix_gdp_pc_tilt
33-3012,CN,1622271,15907.5,FIXTURE:us_mix_gdp_pc_tilt
33-3021,CN,487875,24857.5,FIXTURE:us_mix_gdp_pc_tilt
33-3031,CN,24601,18737.5,FIXTURE:us_mix_gdp_pc_tilt
33-3041,CN,38585,12797.5,FIXTURE:us_mix_gdp_pc_tilt
33-3051,CN,2858779,19800.0,FIXTURE:us_mix_gdp_pc_tilt
33-3052,CN,18717,22952.5,FIXTURE:us_mix_gdp_pc_tilt
33-9011,CN,51461,12110.0,FIXTURE:us_mix_gdp_pc_tilt
33-9021,CN,151696,15037.5,FIXTURE:us_mix_gdp_pc_tilt
33-9031,CN,40589,11407.5,FIXTURE:us_mix_gdp_pc_tilt
33-9032,CN,5472107,10617.5,FIXTURE:us_mix_gdp_pc_tilt
33-9091,CN,402306,10837.5,FIXTURE:us_mix_gdp_pc_tilt
33-9092,CN,671718,8617.5,FIXTURE:us_mix_gdp_pc_tilt
33-9093,CN,214413,16077.5,FIXTURE:us_mix_gdp_pc_tilt
33-9094,CN,334346,8787.5,FIXTURE:us_mix_gdp_pc_tilt
33-9099,CN,347477,12017.5,FIXTURE:us_mix_gdp_pc_tilt
35-1011,CN,1616865,16675.0,FIXTURE:us_mix_gdp_pc_tilt
35-1012,CN,9887095,11545.0,FIXTURE:us_mix_gdp_pc_tilt
35-2011,CN,5181583,8097.5,FIXTURE:us_mix_gdp_pc_tilt
35-2012,CN,3564879,9702.5,FIXTURE:us_mix_gdp_pc_tilt
35-2013,CN,8891,13420.0,FIXTURE:us_mix_gdp_pc_tilt
35-2014,CN,11395733,9682.5,FIXTURE:us_mix_gdp_pc_tilt
35-2015,CN,1120668,9030.0,FIXTURE:us_mix_gdp_pc_tilt
35-2019,CN,156400,9787.5,FIXTURE:us_mix_gdp_pc_tilt
35-2021,CN,7222710,8822.5,FIXTURE:us_mix_gdp_pc_tilt
35-3011,CN,6113681,10197.5,FIXTURE:us_mix_gdp_pc_tilt
35-3023,CN,31151170,8037.5,FIXTURE:us_mix_gdp_pc_tilt
35-3031,CN,18355108,10015.0,FIXTURE:us_mix_gdp_pc_tilt
35-3041,CN,2375509,9035.0,FIXTURE:us_mix_gdp_pc_tilt
35-9011,CN,4386891,8557.5,FIXTURE:us_mix_gdp_pc_tilt
35-9021,CN,3859090,8577.5,FIXTURE:us_mix_gdp_pc_tilt
35-9031,CN,3497308,8172.5,FIXTURE:us_mix_gdp_pc_tilt
35-9099,CN,684040,9202.5,FIXTURE:us_mix_gdp_pc_tilt
37-1011,CN,1444865,13330.0,FIXTURE:us_mix_gdp_pc_tilt
37-1012,CN,1056895,15240.0,FIXTURE:us_mix_gdp_pc_tilt
37-2011,CN,17860850,9690.0,FIXTURE:us_mix_gdp_pc_tilt
37-2012,CN,6956546,9270.0,FIXTURE:us_mix_gdp_pc_tilt
37-2019,CN,139103,11605.0,FIXTURE:us_mix_gdp_pc_tilt
37-2021,CN,829448,11600.0,FIXTURE:us_mix_gdp_pc_tilt
37-3011,CN,7699913,10572.5,FIXTURE:us_mix_gdp_pc_tilt
37-3012,CN,218637,11767.5,FIXTURE:us_mix_gdp_pc_tilt
37-3013,CN,445842,13992.5,FIXTURE:us_mix_gdp_pc_tilt
37-3019,CN,110167,12207.5,FIXTURE:us_mix_gdp_pc_tilt
39-1013,CN,110894,16207.5,FIXTURE:us_mix_gdp_pc_tilt
39-1014,CN,439953,13387.5,FIXTURE:us_mix_gdp_pc_tilt
39-1022,CN,486511,13090.0,FIXTURE:us_mix_gdp_pc_tilt
39-2011,CN,80026,11755.0,FIXTURE:us_mix_gdp_pc_tilt
39-2021,CN,1137978,9325.0,FIXTURE:us_mix_gdp_pc_tilt
39-3011,CN,357752,10637.5,FIXTURE:us_mix_gdp_pc_tilt
39-3012,CN,38159,9112.5,FIXTURE:us_mix_gdp_pc_tilt
39-3019,CN,60286,10345.0,FIXTURE:us_mix_gdp_pc_tilt
39-3021,CN,6310,12870.0,FIXTURE:us_mix_gdp_pc_tilt
39-3031,CN,519169,8270.0,FIXTURE:us_mix_gdp_pc_tilt
39-3091,CN,1696158,8160.0,FIXTURE:us_mix_gdp_pc_tilt
39-3092,CN,27756,15860.0,FIXTURE:us_mix_gdp_pc_tilt
39-3093,CN,66340,9615.0,FIXTURE:us_mix_gdp_pc_tilt
39-3099,CN,30100,8745.0,FIXTURE:us_mix_gdp_pc_tilt
39-4011,CN,16585,14597.5,FIXTURE:us_mix_gdp_pc_tilt
39-4012,CN,12663,11417.5,FIXTURE:us_mix_gdp_pc_tilt
39-4021,CN,132553,9297.5,FIXTURE:us_mix_gdp_pc_tilt
39-4031,CN,107014,14540.0,FIXTURE:us_mix_gdp_pc_tilt
39-5011,CN,63953,11767.5,FIXTURE:us_mix_gdp_pc_tilt
39-5012,CN,1303402,10990.0,FIXTURE:us_mix_gdp_pc_tilt
39-5091,CN,9977,25560.0,FIXTURE:us_mix_gdp_pc_tilt
39-5092,CN,651339,9642.5,FIXTURE:us_mix_gdp_pc_tilt
39-5093,CN,34407,7995.0,FIXTURE:us_mix_gdp_pc_tilt
39-5094,CN,310768,12962.5,FIXTURE:us_mix_gdp_pc_tilt
39-6011,CN,121553,9642.5,FIXTURE:us_mix_gdp_pc_tilt
39-6012,CN,209936,10627.5,FIXTURE:us_mix_gdp_pc_tilt
39-7010,CN,228099,10930.0,FIXTURE:us_mix_gdp_pc_tilt
39-9011,CN,2212386,8757.5,FIXTURE:us_mix_gdp_pc_tilt
39-9031,CN,1376820,13105.0,FIXTURE:us_mix_gdp_pc_tilt
39-9032,CN,1413316,9630.0,FIXTURE:us_mix_gdp_pc_tilt
39-9041,CN,361376,10997.5,FIXTURE:us_mix_gdp_pc_tilt
39-9099,CN,257602,10030.0,FIXTURE:us_mix_gdp_pc_tilt
41-1011,CN,4782823,13345.0,FIXTURE:us_mix_gdp_pc_tilt
41-1012,CN,914057,24842.5,FIXTURE:us_mix_gdp_pc_tilt
41-2011,CN,13171778,8295.0,FIXTURE:us_mix_gdp_pc_tilt
41-2012,CN,91794,9775.0,FIXTURE:us_mix_gdp_pc_tilt
41-2021,CN,1708864,11425.0,FIXTURE:us_mix_gdp_pc_tilt
41-2022,CN,1151450,10957.5,FIXTURE:us_mix_gdp_pc_tilt
41-2031,CN,16618625,9327.5,FIXTURE:us_mix_gdp_pc_tilt
41-3011,CN,390965,20167.5,FIXTURE:us_mix_gdp_pc_tilt
41-3021,CN,2042655,20370.0,FIXTURE:us_mix_gdp_pc_tilt
41-3031,CN,2087294,27287.5,FIXTURE:us_mix_gdp_pc_tilt
41-3041,CN,234963,13665.0,FIXTURE:us_mix_gdp_pc_tilt
41-3091,CN,5355030,20607.5,FIXTURE:us_mix_gdp_pc_tilt
41-4011,CN,1214252,29932.5,FIXTURE:us_mix_gdp_pc_tilt
41-4012,CN,5279054,20632.5,FIXTURE:us_mix_gdp_pc_tilt
41-9011,CN,275083,11395.0,FIXTURE:us_mix_gdp_pc_tilt
41-9012,CN,16116,18200.0,FIXTURE:us_mix_gdp_pc_tilt
41-9021,CN,196549,20987.5,FIXTURE:us_mix_gdp_pc_tilt
41-9022,CN,824438,17377.5,FIXTURE:us_mix_gdp_pc_tilt
41-9031,CN,220808,32535.0,FIXTURE:us_mix_gdp_pc_tilt
41-9041,CN,249118,9342.5,FIXTURE:us_mix_gdp_pc_tilt
41-9091,CN,11767,10962.5,FIXTURE:us_mix_gdp_pc_tilt
41-9099,CN,397275,14627.5,FIXTURE:us_mix_gdp_pc_tilt
43-1011,CN,6125322,18372.5,FIXTURE:us_mix_gdp_pc_tilt
43-2011,CN,146154,10575.0,FIXTURE:us_mix_gdp_pc_tilt
43-2021,CN,14624,11242.5,FIXTURE:us_mix_gdp_pc_tilt
43-2099,CN,5116,15532.5,FIXTURE:us_mix_gdp_pc_tilt
43-3011,CN,677176,12265.0,FIXTURE:us_mix_gdp_pc_tilt
43-3021,CN,1722720,12767.5,FIXTURE:us_mix_gdp_pc_tilt
43-3031,CN,5856719,13390.0,FIXTURE:us_mix_gdp_pc_tilt
43-3041,CN,61523,9877.5,FIXTURE:us_mix_gdp_pc_tilt
43-3051,CN,652916,14907.5,FIXTURE:us_mix_gdp_pc_tilt
43-3061,CN,237947,13092.5,FIXTURE:us_mix_gdp_pc_tilt
43-3071,CN,1404746,10587.5,FIXTURE:us_mix_gdp_pc_tilt
43-3099,CN,154595,14112.5,FIXTURE:us_mix_gdp_pc_tilt
43-4011,CN,153231,18212.5,FIXTURE:us_mix_gdp_pc_tilt
43-4021,CN,18291,12022.5,FIXTURE:us_mix_gdp_pc_tilt
43-4031,CN,766369,13080.0,FIXTURE:us_mix_gdp_pc_tilt
43-4041,CN,51290,12855.0,FIXTURE:us_mix_gdp_pc_tilt
43-4051,CN,11067046,11647.5,FIXTURE:us_mix_gdp_pc_tilt
43-4061,CN,659994,14022.5,FIXTURE:us_mix_gdp_pc_tilt
43-4071,CN,313113,11397.5,FIXTURE:us_mix_gdp_pc_tilt
43-4081,CN,1114571,8887.5,FIXTURE:us_mix_gdp_pc_tilt
43-4111,CN,631258,11810.0,FIXTURE:us_mix_gdp_pc_tilt
43-4121,CN,364617,9842.5,FIXTURE:us_mix_gdp_pc_tilt
43-4131,CN,702586,13130.0,FIXTURE:us_mix_gdp_pc_tilt
43-4141,CN,157154,12342.5,FIXTURE:us_mix_gdp_pc_tilt
43-4151,CN,320617,12055.0,FIXTURE:us_mix_gdp_pc_tilt
43-4161,CN,384655,13062.5,FIXTURE:us_mix_gdp_pc_tilt
43-4171,CN,3880575,9865.0,FIXTURE:us_mix_gdp_pc_tilt
43-4181,CN,506123,12407.5,FIXTURE:us_mix_gdp_pc_tilt
43-4199,CN,575235,12872.5,FIXTURE:us_mix_gdp_pc_tilt
43-5011,CN,416419,14307.5,FIXTURE:us_mix_gdp_pc_tilt
43-5021,CN,292648,10242.5,FIXTURE:us_mix_gdp_pc_tilt
43-5031,CN,437011,14185.0,FIXTURE:us_mix_gdp_pc_tilt
43-5032,CN,864686,13685.0,FIXTURE:us_mix_gdp_pc_tilt
43-5041,CN,82840,13845.0,FIXTURE:us_mix_gdp_pc_tilt
43-5051,CN,314307,15465.0,FIXTURE:us_mix_gdp_pc_tilt
43-5052,CN,1401932,15635.0,FIXTURE:us_mix_gdp_pc_tilt
43-5053,CN,448523,14857.5,FIXTURE:us_mix_gdp_pc_tilt
43-5061,CN,1663457,15537.5,FIXTURE:us_mix_gdp_pc_tilt
43-5071,CN,3482746,11702.5,FIXTURE:us_mix_gdp_pc_tilt
43-5111,CN,227246,11907.5,FIXTURE:us_mix_gdp_pc_tilt
43-6011,CN,1960838,19785.0,FIXTURE:us_mix_gdp_pc_tilt
43-6012,CN,666304,15155.0,FIXTURE:us_mix_gdp_pc_tilt
43-6013,CN,4099849,11700.0,FIXTURE:us_mix_gdp_pc_tilt
43-6014,CN,7276942,12337.5,FIXTURE:us_mix_gdp_pc_tilt
43-9021,CN,541809,10827.5,FIXTURE:us_mix_gdp_pc_tilt
43-9022,CN,149266,12780.0,FIXTURE:us_mix_gdp_pc_tilt
43-9031,CN,14283,15492.5,FIXTURE:us_mix_gdp_pc_tilt
43-9041,CN,913503,13230.0,FIXTURE:us_mix_gdp_pc_tilt
43-9051,CN,235475,10412.5,FIXTURE:us_mix_gdp_pc_tilt
43-9061,CN,10509334,11605.0,FIXTURE:us_mix_gdp_pc_tilt
43-9071,CN,107142,10805.0,FIXTURE:us_mix_gdp_pc_tilt
43-9081,CN,19527,13700.0,FIXTURE:us_mix_gdp_pc_tilt
43-9111,CN,20081,13912.5,FIXTURE:us_mix_gdp_pc_tilt
43-9199,CN,819705,12167.5,FIXTURE:us_mix_gdp_pc_tilt
45-1011,CN,225993,15682.5,FIXTURE:us_mix_gdp_pc_tilt
45-2011,CN,116472,13727.5,FIXTURE:us_mix_gdp_pc_tilt
45-2021,CN,10750,14252.5,FIXTURE:us_mix_gdp_pc_tilt
45-2041,CN,203523,9107.5,FIXTURE:us_mix_gdp_pc_tilt
45-2091,CN,230357,10927.5,FIXTURE:us_mix_gdp_pc_tilt
45-2092,CN,2145960,9407.5,FIXTURE:us_mix_gdp_pc_tilt
45-2093,CN,265194,9815.0,FIXTURE:us_mix_gdp_pc_tilt
45-2099,CN,29259,11377.5,FIXTURE:us_mix_gdp_pc_tilt
45-4011,CN,48900,10920.0,FIXTURE:us_mix_gdp_pc_tilt
45-4021,CN,25299,14277.5,FIXTURE:us_mix_gdp_pc_tilt
45-4022,CN,170222,13297.5,FIXTURE:us_mix_gdp_pc_tilt
45-4023,CN,24814,11942.5,FIXTURE:us_mix_gdp_pc_tilt
45-4029,CN,13741,13227.5,FIXTURE:us_mix_gdp_pc_tilt
47-1011,CN,6564858,21612.5,FIXTURE:us_mix_gdp_pc_tilt
47-2011,CN,82363,20022.5,FIXTURE:us_mix_gdp_pc_tilt
47-2021,CN,424746,17070.0,FIXTURE:us_mix_gdp_pc_tilt
47-2022,CN,63207,15177.5,FIXTURE:us_mix_gdp_pc_tilt
47-2031,CN,5416143,16407.5,FIXTURE:us_mix_gdp_pc_tilt
47-2041,CN,111380,14247.5,FIXTURE:us_mix_gdp_pc_tilt
47-2042,CN,191075,15440.0,FIXTURE:us_mix_gdp_pc_tilt
47-2043,CN,30068,13115.0,FIXTURE:us_mix_gdp_pc_tilt
47-2044,CN,289765,14812.5,FIXTURE:us_mix_gdp_pc_tilt
47-2051,CN,1666412,15012.5,FIXTURE:us_mix_gdp_pc_tilt
47-2053,CN,9538,21230.0,FIXTURE:us_mix_gdp_pc_tilt
47-2061,CN,8864955,13007.5,FIXTURE:us_mix_gdp_pc_tilt
47-2071,CN,338019,14750.0,FIXTURE:us_mix_gdp_pc_tilt
47-2072,CN,18671,20177.5,FIXTURE:us_mix_gdp_pc_tilt
47-2073,CN,3864263,16572.5,FIXTURE:us_mix_gdp_pc_tilt
47-2081,CN,671512,15900.0,FIXTURE:us_mix_gdp_pc_tilt
47-2082,CN,103782,18177.5,FIXTURE:us_mix_gdp_pc_tilt
47-2111,CN,6120390,17872.5,FIXTURE:us_mix_gdp_pc_tilt
47-2121,CN,472677,14930.0,FIXTURE:us_mix_gdp_pc_tilt
47-2131,CN,359196,13685.0,FIXTURE:us_mix_gdp_pc_tilt
47-2132,CN,207402,16382.5,FIXTURE:us_mix_gdp_pc_tilt
47-2141,CN,1820146,13855.0,FIXTURE:us_mix_gdp_pc_tilt
47-2142,CN,12690,13432.5,FIXTURE:us_mix_gdp_pc_tilt
47-2151,CN,267134,13675.0,FIXTURE:us_mix_gdp_pc_tilt
47-2152,CN,3765250,18042.5,FIXTURE:us_mix_gdp_pc_tilt
47-2161,CN,156077,15512.5,FIXTURE:us_mix_gdp_pc_tilt
47-2171,CN,111541,16515.0,FIXTURE:us_mix_gdp_pc_tilt
47-2181,CN,1095126,14535.0,FIXTURE:us_mix_gdp_pc_tilt
47-2211,CN,968066,16962.5,FIXTURE:us_mix_gdp_pc_tilt
47-2221,CN,552696,17570.0,FIXTURE:us_mix_gdp_pc_tilt
47-2231,CN,253393,14475.0,FIXTURE:us_mix_gdp_pc_tilt
47-3011,CN,114532,12730.0,FIXTURE:us_mix_gdp_pc_tilt
47-3012,CN,175233,11012.5,FIXTURE:us_mix_gdp_pc_tilt
47-3013,CN,514303,11020.0,FIXTURE:us_mix_gdp_pc_tilt
47-3014,CN,60540,10610.0,FIXTURE:us_mix_gdp_pc_tilt
47-3015,CN,358307,10932.5,FIXTURE:us_mix_gdp_pc_tilt
47-3016,CN,48739,11287.5,FIXTURE:us_mix_gdp_pc_tilt
47-3019,CN,200209,11285.0,FIXTURE:us_mix_gdp_pc_tilt
47-4011,CN,1185895,19432.5,FIXTURE:us_mix_gdp_pc_tilt
47-4021,CN,192288,27455.0,FIXTURE:us_mix_gdp_pc_tilt
47-4031,CN,197865,12632.5,FIXTURE:us_mix_gdp_pc_tilt
47-4041,CN,417957,14107.5,FIXTURE:us_mix_gdp_pc_tilt
47-4051,CN,1252497,13270.0,FIXTURE:us_mix_gdp_pc_tilt
47-4061,CN,158259,17185.0,FIXTURE:us_mix_gdp_pc_tilt
47-4071,CN,247735,13375.0,FIXTURE:us_mix_gdp_pc_tilt
47-4090,CN,229387,13782.5,FIXTURE:us_mix_gdp_pc_tilt
47-5011,CN,85596,15052.5,FIXTURE:us_mix_gdp_pc_tilt
47-5012,CN,101842,18032.5,FIXTURE:us_mix_gdp_pc_tilt
47-5013,CN,348688,15617.5,FIXTURE:us_mix_gdp_pc_tilt
47-5022,CN,278692,14982.5,FIXTURE:us_mix_gdp_pc_tilt
47-5023,CN,157209,15707.5,FIXTURE:us_mix_gdp_pc_tilt
47-5032,CN,41222,16660.0,FIXTURE:us_mix_gdp_pc_tilt
47-5041,CN,113158,16262.5,FIXTURE:us_mix_gdp_pc_tilt
47-5043,CN,17459,19525.0,FIXTURE:us_mix_gdp_pc_tilt
47-5044,CN,47930,17810.0,FIXTURE:us_mix_gdp_pc_tilt
47-5049,CN,25703,17465.0,FIXTURE:us_mix_gdp_pc_tilt
47-5051,CN,26835,12875.0,FIXTURE:us_mix_gdp_pc_tilt
47-5071,CN,363479,12300.0,FIXTURE:us_mix_gdp_pc_tilt
47-5081,CN,54154,12655.0,FIXTURE:us_mix_gdp_pc_tilt
47-5099,CN,44778,14472.5,FIXTURE:us_mix_gdp_pc_tilt
49-1011,CN,2632727,21305.0,FIXTURE:us_mix_gdp_pc_tilt
49-2011,CN,279687,12720.0,FIXTURE:us_mix_gdp_pc_tilt
49-2021,CN,47496,17467.5,FIXTURE:us_mix_gdp_pc_tilt
49-2022,CN,600816,17125.0,FIXTURE:us_mix_gdp_pc_tilt
49-2091,CN,80282,20845.0,FIXTURE:us_mix_gdp_pc_tilt
49-2092,CN,61608,14652.5,FIXTURE:us_mix_gdp_pc_tilt
49-2093,CN,29589,20825.0,FIXTURE:us_mix_gdp_pc_tilt
49-2094,CN,277172,18892.5,FIXTURE:us_mix_gdp_pc_tilt
49-2095,CN,88340,25190.0,FIXTURE:us_mix_gdp_pc_tilt
49-2096,CN,36453,12890.0,FIXTURE:us_mix_gdp_pc_tilt
49-2097,CN,84333,14482.5,FIXTURE:us_mix_gdp_pc_tilt
49-2098,CN,368113,15240.0,FIXTURE:us_mix_gdp_pc_tilt
49-3011,CN,588750,21185.0,FIXTURE:us_mix_gdp_pc_tilt
49-3021,CN,636587,14922.5,FIXTURE:us_mix_gdp_pc_tilt
49-3022,CN,86592,12607.5,FIXTURE:us_mix_gdp_pc_tilt
49-3023,CN,3004250,14105.0,FIXTURE:us_mix_gdp_pc_tilt
49-3031,CN,1236252,16080.0,FIXTURE:us_mix_gdp_pc_tilt
49-3041,CN,161460,14322.5,FIXTURE:us_mix_gdp_pc_tilt
49-3042,CN,752939,17310.0,FIXTURE:us_mix_gdp_pc_tilt
49-3043,CN,91026,17670.0,FIXTURE:us_mix_gdp_pc_tilt
49-3051,CN,98999,14517.5,FIXTURE:us_mix_gdp_pc_tilt
49-3052,CN,57600,13092.5,FIXTURE:us_mix_gdp_pc_tilt
49-3053,CN,153743,12497.5,FIXTURE:us_mix_gdp_pc_tilt
49-3091,CN,51887,10682.5,FIXTURE:us_mix_gdp_pc_tilt
49-3092,CN,74313,14110.0,FIXTURE:us_mix_gdp_pc_tilt
49-3093,CN,462209,10042.5,FIXTURE:us_mix_gdp_pc_tilt
49-9011,CN,115627,14385.0,FIXTURE:us_mix_gdp_pc_tilt
49-9012,CN,205672,19052.5,FIXTURE:us_mix_gdp_pc_tilt
49-9021,CN,1746638,16195.0,FIXTURE:us_mix_gdp_pc_tilt
49-9031,CN,137072,14010.0,FIXTURE:us_mix_gdp_pc_tilt
49-9041,CN,1874416,17115.0,FIXTURE:us_mix_gdp_pc_tilt
49-9043,CN,255897,16152.5,FIXTURE:us_mix_gdp_pc_tilt
49-9044,CN,171948,17445.0,FIXTURE:us_mix_gdp_pc_tilt
49-9045,CN,4605,15942.5,FIXTURE:us_mix_gdp_pc_tilt
49-9051,CN,558820,22992.5,FIXTURE:us_mix_gdp_pc_tilt
49-9052,CN,416632,18485.0,FIXTURE:us_mix_gdp_pc_tilt
49-9061,CN,7035,14010.0,FIXTURE:us_mix_gdp_pc_tilt
49-9062,CN,281350,16482.5,FIXTURE:us_mix_gdp_pc_tilt
49-9063,CN,22938,12490.0,FIXTURE:us_mix_gdp_pc_tilt
49-9064,CN,5585,17710.0,FIXTURE:us_mix_gdp_pc_tilt
49-9069,CN,40077,17795.0,FIXTURE:us_mix_gdp_pc_tilt
49-9071,CN,6521915,13445.0,FIXTURE:us_mix_gdp_pc_tilt
49-9081,CN,42550,17245.0,FIXTURE:us_mix_gdp_pc_tilt
49-9091,CN,112600,12442.5,FIXTURE:us_mix_gdp_pc_tilt
49-9092,CN,14709,22080.0,FIXTURE:us_mix_gdp_pc_tilt
49-9094,CN,64123,13867.5,FIXTURE:us_mix_gdp_pc_tilt
49-9095,CN,12876,11352.5,FIXTURE:us_mix_gdp_pc_tilt
49-9096,CN,96057,16702.5,FIXTURE:us_mix_gdp_pc_tilt
49-9097,CN,37178,22602.5,FIXTURE:us_mix_gdp_pc_tilt
49-9098,CN,407508,10372.5,FIXTURE:us_mix_gdp_pc_tilt
49-9099,CN,751660,13462.5,FIXTURE:us_mix_gdp_pc_tilt
51-1011,CN,5443140,19150.0,FIXTURE:us_mix_gdp_pc_tilt
51-2011,CN,274974,17855.0,FIXTURE:us_mix_gdp_pc_tilt
51-2021,CN,103782,12617.5,FIXTURE:us_mix_gdp_pc_tilt
51-2028,CN,1996187,11915.0,FIXTURE:us_mix_gdp_pc_tilt
51-2031,CN,274812,14447.5,FIXTURE:us_mix_gdp_pc_tilt
51-2041,CN,423211,13507.5,FIXTURE:us_mix_gdp_pc_tilt
51-2051,CN,130697,12387.5,FIXTURE:us_mix_gdp_pc_tilt
51-2061,CN,2021,14180.0,FIXTURE:us_mix_gdp_pc_tilt
51-2090,CN,11356451,11665.0,FIXTURE:us_mix_gdp_pc_tilt
51-3011,CN,1909136,9620.0,FIXTURE:us_mix_gdp_pc_tilt
51-3021,CN,1102724,10595.0,FIXTURE:us_mix_gdp_pc_tilt
51-3022,CN,1177651,9820.0,FIXTURE:us_mix_gdp_pc_tilt
51-3023,CN,565386,10442.5,FIXTURE:us_mix_gdp_pc_tilt
51-3091,CN,164645,11482.5,FIXTURE:us_mix_gdp_pc_tilt
51-3092,CN,1410595,10937.5,FIXTURE:us_mix_gdp_pc_tilt
51-3093,CN,252585,10642.5,FIXTURE:us_mix_gdp_pc_tilt
51-3099,CN,525376,10075.0,FIXTURE:us_mix_gdp_pc_tilt
51-4021,CN,491752,12370.0,FIXTURE:us_mix_gdp_pc_tilt
51-4022,CN,72179,12920.0,FIXTURE:us_mix_gdp_pc_tilt
51-4023,CN,204088,13305.0,FIXTURE:us_mix_gdp_pc_tilt
51-4031,CN,1383760,12107.5,FIXTURE:us_mix_gdp_pc_tilt
51-4032,CN,37827,12952.5,FIXTURE:us_mix_gdp_pc_tilt
51-4033,CN,541542,12042.5,FIXTURE:us_mix_gdp_pc_tilt
51-4034,CN,135062,13122.5,FIXTURE:us_mix_gdp_pc_tilt
51-4035,CN,100711,14185.0,FIXTURE:us_mix_gdp_pc_tilt
51-4041,CN,2320142,14830.0,FIXTURE:us_mix_gdp_pc_tilt
51-4051,CN,135628,13872.5,FIXTURE:us_mix_gdp_pc_tilt
51-4052,CN,36857,13572.5,FIXTURE:us_mix_gdp_pc_tilt
51-4061,CN,21096,17142.5,FIXTURE:us_mix_gdp_pc_tilt
51-4062,CN,11882,15152.5,FIXTURE:us_mix_gdp_pc_tilt
51-4071,CN,103378,12465.0,FIXTURE:us_mix_gdp_pc_tilt
51-4072,CN,1216205,11490.0,FIXTURE:us_mix_gdp_pc_tilt
51-4081,CN,1007025,12507.5,FIXTURE:us_mix_gdp_pc_tilt
51-4111,CN,460149,16715.0,FIXTURE:us_mix_gdp_pc_tilt
51-4121,CN,3364105,14190.0,FIXTURE:us_mix_gdp_pc_tilt
51-4122,CN,255414,12555.0,FIXTURE:us_mix_gdp_pc_tilt
51-4191,CN,113158,12612.5,FIXTURE:us_mix_gdp_pc_tilt
51-4192,CN,48254,16630.0,FIXTURE:us_mix_gdp_pc_tilt
51-4193,CN,261961,11275.0,FIXTURE:us_mix_gdp_pc_tilt
51-4194,CN,45263,13310.0,FIXTURE:us_mix_gdp_pc_tilt
51-4199,CN,128515,12145.0,FIXTURE:us_mix_gdp_pc_tilt
51-5111,CN,192692,12700.0,FIXTURE:us_mix_gdp_pc_tilt
51-5112,CN,1166012,11840.0,FIXTURE:us_mix_gdp_pc_tilt
51-5113,CN,268184,11115.0,FIXTURE:us_mix_gdp_pc_tilt
51-6011,CN,1600700,8730.0,FIXTURE:us_mix_gdp_pc_tilt
51-6021,CN,211120,8660.0,FIXTURE:us_mix_gdp_pc_tilt
51-6031,CN,847715,9400.0,FIXTURE:us_mix_gdp_pc_tilt
51-6041,CN,60216,9790.0,FIXTURE:us_mix_gdp_pc_tilt
51-6042,CN,26511,9070.0,FIXTURE:us_mix_gdp_pc_tilt
51-6051,CN,17701,9302.5,FIXTURE:us_mix_gdp_pc_tilt
51-6052,CN,112511,11285.0,FIXTURE:us_mix_gdp_pc_tilt
51-6061,CN,42919,10095.0,FIXTURE:us_mix_gdp_pc_tilt
51-6062,CN,72744,9882.5,FIXTURE:us_mix_gdp_pc_tilt
51-6063,CN,105318,10180.0,FIXTURE:us_mix_gdp_pc_tilt
51-6064,CN,177981,10030.0,FIXTURE:us_mix_gdp_pc_tilt
51-6091,CN,103863,12145.0,FIXTURE:us_mix_gdp_pc_tilt
51-6092,CN,23844,17855.0,FIXTURE:us_mix_gdp_pc_tilt
51-6093,CN,162786,11835.0,FIXTURE:us_mix_gdp_pc_tilt
51-6099,CN,109359,10140.0,FIXTURE:us_mix_gdp_pc_tilt
51-7011,CN,623743,12072.5,FIXTURE:us_mix_gdp_pc_tilt
51-7021,CN,117038,11325.0,FIXTURE:us_mix_gdp_pc_tilt
51-7031,CN,2263,15917.5,FIXTURE:us_mix_gdp_pc_tilt
51-7032,CN,1778,13560.0,FIXTURE:us_mix_gdp_pc_tilt
51-7041,CN,330179,10895.0,FIXTURE:us_mix_gdp_pc_tilt
51-7042,CN,496440,10892.5,FIXTURE:us_mix_gdp_pc_tilt
51-7099,CN,44374,11517.5,FIXTURE:us_mix_gdp_pc_tilt
51-8011,CN,41626,30345.0,FIXTURE:us_mix_gdp_pc_tilt
51-8012,CN,68865,27830.0,FIXTURE:us_mix_gdp_pc_tilt
51-8013,CN,236985,24947.5,FIXTURE:us_mix_gdp_pc_tilt
51-8021,CN,228337,20990.0,FIXTURE:us_mix_gdp_pc_tilt
51-8031,CN,1038547,15635.0,FIXTURE:us_mix_gdp_pc_tilt
51-8091,CN,134254,19992.5,FIXTURE:us_mix_gdp_pc_tilt
51-8092,CN,145731,22177.5,FIXTURE:us_mix_gdp_pc_tilt
51-8093,CN,268023,22657.5,FIXTURE:us_mix_gdp_pc_tilt
51-8099,CN,113805,16425.0,FIXTURE:us_mix_gdp_pc_tilt
51-9011,CN,1128589,15177.5,FIXTURE:us_mix_gdp_pc_tilt
51-9012,CN,485771,14007.5,FIXTURE:us_mix_gdp_pc_tilt
51-9021,CN,210150,12845.0,FIXTURE:us_mix_gdp_pc_tilt
51-9022,CN,84949,11255.0,FIXTURE:us_mix_gdp_pc_tilt
51-9023,CN,767211,13022.5,FIXTURE:us_mix_gdp_pc_tilt
51-9031,CN,48981,10262.5,FIXTURE:us_mix_gdp_pc_tilt
51-9032,CN,363560,11865.0,FIXTURE:us_mix_gdp_pc_tilt
51-9041,CN,475021,11815.0,FIXTURE:us_mix_gdp_pc_tilt
51-9051,CN,115421,12735.0,FIXTURE:us_mix_gdp_pc_tilt
51-9061,CN,4828369,13362.5,FIXTURE:us_mix_gdp_pc_tilt
51-9071,CN,181376,14490.0,FIXTURE:us_mix_gdp_pc_tilt
51-9081,CN,278126,13572.5,FIXTURE:us_mix_gdp_pc_tilt
51-9082,CN,91173,13182.5,FIXTURE:us_mix_gdp_pc_tilt
51-9083,CN,150823,10797.5,FIXTURE:us_mix_gdp_pc_tilt
51-9111,CN,3063832,11147.5,FIXTURE:us_mix_gdp_pc_tilt
51-9123,CN,64177,11302.5,FIXTURE:us_mix_gdp_pc_tilt
51-9124,CN,1283049,13155.0,FIXTURE:us_mix_gdp_pc_tilt
51-9141,CN,254282,15045.0,FIXTURE:us_mix_gdp_pc_tilt
51-9151,CN,38797,11512.5,FIXTURE:us_mix_gdp_pc_tilt
51-9161,CN,1369615,13580.0,FIXTURE:us_mix_gdp_pc_tilt
51-9162,CN,230357,18052.5,FIXTURE:us_mix_gdp_pc_tilt
51-9191,CN,92951,11712.5,FIXTURE:us_mix_gdp_pc_tilt
51-9192,CN,119301,11150.0,FIXTURE:us_mix_gdp_pc_tilt
51-9193,CN,55771,11235.0,FIXTURE:us_mix_gdp_pc_tilt
51-9194,CN,62641,11580.0,FIXTURE:us_mix_gdp_pc_tilt
51-9195,CN,268265,11875.0,FIXTURE:us_mix_gdp_pc_tilt
51-9196,CN,776991,13210.0,FIXTURE:us_mix_gdp_pc_tilt
51-9197,CN,167878,14290.0,FIXTURE:us_mix_gdp_pc_tilt
51-9198,CN,1339305,10280.0,FIXTURE:us_mix_gdp_pc_tilt
51-9199,CN,2034418,11095.0,FIXTURE:us_mix_gdp_pc_tilt
53-1041,CN,78887,16252.5,FIXTURE:us_mix_gdp_pc_tilt
53-1047,CN,5040702,16715.0,FIXTURE:us_mix_gdp_pc_tilt
53-2011,CN,837046,72162.5,FIXTURE:us_mix_gdp_pc_tilt
53-2012,CN,384980,36520.0,FIXTURE:us_mix_gdp_pc_tilt
53-2021,CN,181942,36622.5,FIXTURE:us_mix_gdp_pc_tilt
53-2022,CN,122776,15902.5,FIXTURE:us_mix_gdp_pc_tilt
53-2031,CN,1064089,19360.0,FIXTURE:us_mix_gdp_pc_tilt
53-3011,CN,102085,9052.5,FIXTURE:us_mix_gdp_pc_tilt
53-3031,CN,3307283,10182.5,FIXTURE:us_mix_gdp_pc_tilt
53-3032,CN,16666872,14927.5,FIXTURE:us_mix_gdp_pc_tilt
53-3033,CN,7947729,12192.5,FIXTURE:us_mix_gdp_pc_tilt
53-3051,CN,3256767,12107.5,FIXTURE:us_mix_gdp_pc_tilt
53-3052,CN,1287091,15070.0,FIXTURE:us_mix_gdp_pc_tilt
53-3053,CN,2008796,9970.0,FIXTURE:us_mix_gdp_pc_tilt
53-3054,CN,331795,12482.5,FIXTURE:us_mix_gdp_pc_tilt
53-3099,CN,378917,10607.5,FIXTURE:us_mix_gdp_pc_tilt
53-4011,CN,270528,21475.0,FIXTURE:us_mix_gdp_pc_tilt
53-4013,CN,31684,17112.5,FIXTURE:us_mix_gdp_pc_tilt
53-4022,CN,100226,17257.5,FIXTURE:us_mix_gdp_pc_tilt
53-4031,CN,375361,19775.0,FIXTURE:us_mix_gdp_pc_tilt
53-4041,CN,82444,19292.5,FIXTURE:us_mix_gdp_pc_tilt
53-4099,CN,9053,15035.0,FIXTURE:us_mix_gdp_pc_tilt
53-5011,CN,255979,14207.5,FIXTURE:us_mix_gdp_pc_tilt
53-5021,CN,297848,25930.0,FIXTURE:us_mix_gdp_pc_tilt
53-5022,CN,20045,14067.5,FIXTURE:us_mix_gdp_pc_tilt
53-5031,CN,67895,27947.5,FIXTURE:us_mix_gdp_pc_tilt
53-6011,CN,24571,13842.5,FIXTURE:us_mix_gdp_pc_tilt
53-6021,CN,1114444,8747.5,FIXTURE:us_mix_gdp_pc_tilt
53-6031,CN,824517,9195.0,FIXTURE:us_mix_gdp_pc_tilt
53-6032,CN,252989,10832.5,FIXTURE:us_mix_gdp_pc_tilt
53-6041,CN,63530,15512.5,FIXTURE:us_mix_gdp_pc_tilt
53-6051,CN,198026,22135.0,FIXTURE:us_mix_gdp_pc_tilt
53-6061,CN,219122,9455.0,FIXTURE:us_mix_gdp_pc_tilt
53-6099,CN,109521,12722.5,FIXTURE:us_mix_gdp_pc_tilt
53-7011,CN,185337,11270.0,FIXTURE:us_mix_gdp_pc_tilt
53-7021,CN,346667,18032.5,FIXTURE:us_mix_gdp_pc_tilt
53-7031,CN,8406,14030.0,FIXTURE:us_mix_gdp_pc_tilt
53-7041,CN,21015,16927.5,FIXTURE:us_mix_gdp_pc_tilt
53-7051,CN,6259413,12092.5,FIXTURE:us_mix_gdp_pc_tilt
53-7061,CN,3074906,9245.0,FIXTURE:us_mix_gdp_pc_tilt
53-7062,CN,23846259,10565.0,FIXTURE:us_mix_gdp_pc_tilt
53-7063,CN,342141,10915.0,FIXTURE:us_mix_gdp_pc_tilt
53-7064,CN,4524863,9385.0,FIXTURE:us_mix_gdp_pc_tilt
53-7065,CN,22904866,9885.0,FIXTURE:us_mix_gdp_pc_tilt
53-7071,CN,28370,18652.5,FIXTURE:us_mix_gdp_pc_tilt
53-7072,CN,79049,15990.0,FIXTURE:us_mix_gdp_pc_tilt
53-7073,CN,145408,17592.5,FIXTURE:us_mix_gdp_pc_tilt
53-7081,CN,1190098,13205.0,FIXTURE:us_mix_gdp_pc_tilt
53-7121,CN,86485,14992.5,FIXTURE:us_mix_gdp_pc_tilt
53-7199,CN,189782,11410.0,FIXTURE:us_mix_gdp_pc_tilt
11-1011,EU,207051,202222.5,FIXTURE:us_mix_gdp_pc_tilt
11-1021,EU,3549327,101205.0,FIXTURE:us_mix_gdp_pc_tilt
11-1031,EU,45179,42832.5,FIXTURE:us_mix_gdp_pc_tilt
11-2011,EU,21754,115710.0,FIXTURE:us_mix_gdp_pc_tilt
11-2021,EU,400465,133327.5,FIXTURE:us_mix_gdp_pc_tilt
11-2022,EU,645502,123262.5,FIXTURE:us_mix_gdp_pc_tilt
11-2032,EU,75839,123570.0,FIXTURE:us_mix_gdp_pc_tilt
11-2033,EU,39323,105015.0,FIXTURE:us_mix_gdp_pc_tilt
11-3012,EU,267449,97402.5,FIXTURE:us_mix_gdp_pc_tilt
11-3013,EU,158245,87667.5,FIXTURE:us_mix_gdp_pc_tilt
11-3021,EU,679434,144120.0,FIXTURE:us_mix_gdp_pc_tilt
11-3031,EU,852837,140182.5,FIXTURE:us_mix_gdp_pc_tilt
11-3051,EU,249505,100627.5,FIXTURE:us_mix_gdp_pc_tilt
11-3061,EU,85435,117270.0,FIXTURE:us_mix_gdp_pc_tilt
11-3071,EU,224104,91200.0,FIXTURE:us_mix_gdp_pc_tilt
11-3111,EU,23243,121980.0,FIXTURE:us_mix_gdp_pc_tilt
11-3121,EU,223577,123172.5,FIXTURE:us_mix_gdp_pc_tilt
11-3131,EU,48685,111277.5,FIXTURE:us_mix_gdp_pc_tilt
11-9013,EU,6586,74865.0,FIXTURE:us_mix_gdp_pc_tilt
11-9021,EU,385388,93270.0,FIXTURE:us_mix_gdp_pc_tilt
11-9031,EU,74634,48600.0,FIXTURE:us_mix_gdp_pc_tilt
11-9032,EU,332670,87075.0,FIXTURE:us_mix_gdp_pc_tilt
11-9033,EU,182856,94905.0,FIXTURE:us_mix_gdp_pc_tilt
11-9039,EU,55859,76425.0,FIXTURE:us_mix_gdp_pc_tilt
11-9041,EU,223172,136155.0,FIXTURE:us_mix_gdp_pc_tilt
11-9051,EU,241582,56160.0,FIXTURE:us_mix_gdp_pc_tilt
11-9071,EU,5096,77287.5,FIXTURE:us_mix_gdp_pc_tilt
11-9072,EU,38482,67312.5,FIXTURE:us_mix_gdp_pc_tilt
11-9081,EU,43183,59055.0,FIXTURE:us_mix_gdp_pc_tilt
11-9111,EU,604973,105727.5,FIXTURE:us_mix_gdp_pc_tilt
11-9121,EU,110127,135187.5,FIXTURE:us_mix_gdp_pc_tilt
11-9131,EU,13993,73020.0,FIXTURE:us_mix_gdp_pc_tilt
11-9141,EU,315294,62782.5,FIXTURE:us_mix_gdp_pc_tilt
11-9151,EU,212097,66660.0,FIXTURE:us_mix_gdp_pc_tilt
11-9161,EU,13678,76815.0,FIXTURE:us_mix_gdp_pc_tilt
11-9171,EU,14094,69630.0,FIXTURE:us_mix_gdp_pc_tilt
11-9179,EU,10588,58642.5,FIXTURE:us_mix_gdp_pc_tilt
11-9199,EU,630415,115417.5,FIXTURE:us_mix_gdp_pc_tilt
13-1011,EU,12787,106185.0,FIXTURE:us_mix_gdp_pc_tilt
13-1020,EU,497926,62827.5,FIXTURE:us_mix_gdp_pc_tilt
13-1031,EU,328516,60352.5,FIXTURE:us_mix_gdp_pc_tilt
13-1032,EU,11713,59175.0,FIXTURE:us_mix_gdp_pc_tilt
13-1041,EU,422583,66300.0,FIXTURE:us_mix_gdp_pc_tilt
13-1051,EU,227184,64042.5,FIXTURE:us_mix_gdp_pc_tilt
13-1071,EU,924492,61492.5,FIXTURE:us_mix_gdp_pc_tilt
13-1074,EU,314,43852.5,FIXTURE:us_mix_gdp_pc_tilt
13-1075,EU,65667,74040.0,FIXTURE:us_mix_gdp_pc_tilt
13-1081,EU,254359,67297.5,FIXTURE:us_mix_gdp_pc_tilt
13-1082,EU,1080771,83055.0,FIXTURE:us_mix_gdp_pc_tilt
13-1111,EU,910155,85342.5,FIXTURE:us_mix_gdp_pc_tilt
13-1121,EU,144749,49890.0,FIXTURE:us_mix_gdp_pc_tilt
13-1131,EU,112508,57900.0,FIXTURE:us_mix_gdp_pc_tilt
13-1141,EU,113866,63247.5,FIXTURE:us_mix_gdp_pc_tilt
13-1151,EU,464358,56662.5,FIXTURE:us_mix_gdp_pc_tilt
13-1161,EU,911472,67117.5,FIXTURE:us_mix_gdp_pc_tilt
13-1199,EU,1101460,70477.5,FIXTURE:us_mix_gdp_pc_tilt
13-2011,EU,1468661,71062.5,FIXTURE:us_mix_gdp_pc_tilt
13-2020,EU,57824,56827.5,FIXTURE:us_mix_gdp_pc_tilt
13-2031,EU,47783,72277.5,FIXTURE:us_mix_gdp_pc_tilt
13-2041,EU,65241,75637.5,FIXTURE:us_mix_gdp_pc_tilt
13-2051,EU,366765,87600.0,FIXTURE:us_mix_gdp_pc_tilt
13-2052,EU,270327,117502.5,FIXTURE:us_mix_gdp_pc_tilt
13-2053,EU,106814,70275.0,FIXTURE:us_mix_gdp_pc_tilt
13-2054,EU,64694,93315.0,FIXTURE:us_mix_gdp_pc_tilt
13-2061,EU,68727,79680.0,FIXTURE:us_mix_gdp_pc_tilt
13-2071,EU,28137,42907.5,FIXTURE:us_mix_gdp_pc_tilt
13-2072,EU,277956,65842.5,FIXTURE:us_mix_gdp_pc_tilt
13-2081,EU,57358,52890.0,FIXTURE:us_mix_gdp_pc_tilt
13-2082,EU,77491,45697.5,FIXTURE:us_mix_gdp_pc_tilt
13-2099,EU,133877,70357.5,FIXTURE:us_mix_gdp_pc_tilt
15-1211,EU,526398,85957.5,FIXTURE:us_mix_gdp_pc_tilt
15-1212,EU,193170,99382.5,FIXTURE:us_mix_gdp_pc_tilt
15-1221,EU,37692,115447.5,FIXTURE:us_mix_gdp_pc_tilt
15-1231,EU,148123,61402.5,FIXTURE:us_mix_gdp_pc_tilt
15-1232,EU,726671,50497.5,FIXTURE:us_mix_gdp_pc_tilt
15-1241,EU,182116,104685.0,FIXTURE:us_mix_gdp_pc_tilt
15-1242,EU,70915,82567.5,FIXTURE:us_mix_gdp_pc_tilt
15-1243,EU,68028,108330.0,FIXTURE:us_mix_gdp_pc_tilt
15-1244,EU,318495,77760.0,FIXTURE:us_mix_gdp_pc_tilt
15-1251,EU,93449,78877.5,FIXTURE:us_mix_gdp_pc_tilt
15-1252,EU,1710203,111075.0,FIXTURE:us_mix_gdp_pc_tilt
15-1253,EU,189209,83617.5,FIXTURE:us_mix_gdp_pc_tilt
15-1254,EU,71118,74077.5,FIXTURE:us_mix_gdp_pc_tilt
15-1255,EU,114828,88117.5,FIXTURE:us_mix_gdp_pc_tilt
15-1299,EU,441125,91672.5,FIXTURE:us_mix_gdp_pc_tilt
15-2011,EU,27023,106110.0,FIXTURE:us_mix_gdp_pc_tilt
15-2021,EU,2057,96945.0,FIXTURE:us_mix_gdp_pc_tilt
15-2031,EU,109944,74797.5,FIXTURE:us_mix_gdp_pc_tilt
15-2041,EU,29414,86775.0,FIXTURE:us_mix_gdp_pc_tilt
15-2051,EU,265909,95100.0,FIXTURE:us_mix_gdp_pc_tilt
15-2099,EU,3769,68662.5,FIXTURE:us_mix_gdp_pc_tilt
17-1011,EU,108181,79695.0,FIXTURE:us_mix_gdp_pc_tilt
17-1012,EU,19859,66585.0,FIXTURE:us_mix_gdp_pc_tilt
17-1021,EU,14449,65017.5,FIXTURE:us_mix_gdp_pc_tilt
17-1022,EU,51502,60427.5,FIXTURE:us_mix_gdp_pc_tilt
17-2011,EU,68605,106545.0,FIXTURE:us_mix_gdp_pc_tilt
17-2021,EU,1500,81172.5,FIXTURE:us_mix_gdp_pc_tilt
17-2031,EU,23790,87667.5,FIXTURE:us_mix_gdp_pc_tilt
17-2041,EU,21349,97485.0,FIXTURE:us_mix_gdp_pc_tilt
17-2051,EU,372703,81502.5,FIXTURE:us_mix_gdp_pc_tilt
17-2061,EU,77673,122002.5,FIXTURE:us_mix_gdp_pc_tilt
17-2071,EU,201377,93825.0,FIXTURE:us_mix_gdp_pc_tilt
17-2072,EU,98181,102960.0,FIXTURE:us_mix_gdp_pc_tilt
17-2081,EU,38847,84682.5,FIXTURE:us_mix_gdp_pc_tilt
17-2111,EU,21734,89827.5,FIXTURE:us_mix_gdp_pc_tilt
17-2112,EU,370575,82425.0,FIXTURE:us_mix_gdp_pc_tilt
17-2121,EU,8359,93135.0,FIXTURE:us_mix_gdp_pc_tilt
17-2131,EU,23071,90187.5,FIXTURE:us_mix_gdp_pc_tilt
17-2141,EU,300734,85207.5,FIXTURE:us_mix_gdp_pc_tilt
17-2151,EU,6160,86557.5,FIXTURE:us_mix_gdp_pc_tilt
17-2161,EU,15482,105315.0,FIXTURE:us_mix_gdp_pc_tilt
17-2171,EU,18299,117862.5,FIXTURE:us_mix_gdp_pc_tilt
17-2199,EU,156107,93997.5,FIXTURE:us_mix_gdp_pc_tilt
17-3011,EU,105071,53055.0,FIXTURE:us_mix_gdp_pc_tilt
17-3012,EU,18157,60960.0,FIXTURE:us_mix_gdp_pc_tilt
17-3013,EU,40488,56295.0,FIXTURE:us_mix_gdp_pc_tilt
17-3019,EU,14661,51187.5,FIXTURE:us_mix_gdp_pc_tilt
17-3021,EU,11429,68482.5,FIXTURE:us_mix_gdp_pc_tilt
17-3022,EU,69426,51742.5,FIXTURE:us_mix_gdp_pc_tilt
17-3023,EU,96388,60510.0,FIXTURE:us_mix_gdp_pc_tilt
17-3024,EU,15725,57315.0,FIXTURE:us_mix_gdp_pc_tilt
17-3025,EU,12351,48652.5,FIXTURE:us_mix_gdp_pc_tilt
17-3026,EU,76569,53025.0,FIXTURE:us_mix_gdp_pc_tilt
17-3027,EU,36668,57285.0,FIXTURE:us_mix_gdp_pc_tilt
17-3028,EU,16759,55627.5,FIXTURE:us_mix_gdp_pc_tilt
17-3029,EU,60722,60720.0,FIXTURE:us_mix_gdp_pc_tilt
17-3031,EU,58777,43500.0,FIXTURE:us_mix_gdp_pc_tilt
19-1011,EU,3141,66262.5,FIXTURE:us_mix_gdp_pc_tilt
19-1012,EU,13233,71520.0,FIXTURE:us_mix_gdp_pc_tilt
19-1013,EU,15938,65790.0,FIXTURE:us_mix_gdp_pc_tilt
19-1021,EU,34277,97380.0,FIXTURE:us_mix_gdp_pc_tilt
19-1022,EU,19190,73200.0,FIXTURE:us_mix_gdp_pc_tilt
19-1023,EU,18360,62265.0,FIXTURE:us_mix_gdp_pc_tilt
19-1029,EU,56588,79747.5,FIXTURE:us_mix_gdp_pc_tilt
19-1031,EU,26293,57847.5,FIXTURE:us_mix_gdp_pc_tilt
19-1032,EU,10568,59377.5,FIXTURE:us_mix_gdp_pc_tilt
19-1041,EU,12250,73417.5,FIXTURE:us_mix_gdp_pc_tilt
19-1042,EU,174618,87630.0,FIXTURE:us_mix_gdp_pc_tilt
19-1099,EU,7559,80895.0,FIXTURE:us_mix_gdp_pc_tilt
19-2011,EU,2148,99690.0,FIXTURE:us_mix_gdp_pc_tilt
19-2012,EU,20700,128385.0,FIXTURE:us_mix_gdp_pc_tilt
19-2021,EU,10132,79582.5,FIXTURE:us_mix_gdp_pc_tilt
19-2031,EU,83864,75337.5,FIXTURE:us_mix_gdp_pc_tilt
19-2032,EU,8582,94635.0,FIXTURE:us_mix_gdp_pc_tilt
19-2041,EU,90430,68760.0,FIXTURE:us_mix_gdp_pc_tilt
19-2042,EU,23780,87112.5,FIXTURE:us_mix_gdp_pc_tilt
19-2043,EU,5927,77700.0,FIXTURE:us_mix_gdp_pc_tilt
19-2099,EU,22595,96922.5,FIXTURE:us_mix_gdp_pc_tilt
19-3011,EU,18025,106597.5,FIXTURE:us_mix_gdp_pc_tilt
19-3022,EU,8400,59685.0,FIXTURE:us_mix_gdp_pc_tilt
19-3032,EU,800,127672.5,FIXTURE:us_mix_gdp_pc_tilt
19-3033,EU,76995,84562.5,FIXTURE:us_mix_gdp_pc_tilt
19-3034,EU,64785,74370.0,FIXTURE:us_mix_gdp_pc_tilt
19-3039,EU,19069,83407.5,FIXTURE:us_mix_gdp_pc_tilt
19-3041,EU,2290,86190.0,FIXTURE:us_mix_gdp_pc_tilt
19-3051,EU,44815,71062.5,FIXTURE:us_mix_gdp_pc_tilt
19-3091,EU,9109,56715.0,FIXTURE:us_mix_gdp_pc_tilt
19-3092,EU,1419,76762.5,FIXTURE:us_mix_gdp_pc_tilt
19-3093,EU,3496,60930.0,FIXTURE:us_mix_gdp_pc_tilt
19-3094,EU,5613,106882.5,FIXTURE:us_mix_gdp_pc_tilt
19-3099,EU,37590,80767.5,FIXTURE:us_mix_gdp_pc_tilt
19-4012,EU,15330,40380.0,FIXTURE:us_mix_gdp_pc_tilt
19-4013,EU,14793,42495.0,FIXTURE:us_mix_gdp_pc_tilt
19-4021,EU,70540,46035.0,FIXTURE:us_mix_gdp_pc_tilt
19-4031,EU,58301,47925.0,FIXTURE:us_mix_gdp_pc_tilt
19-4042,EU,35128,45600.0,FIXTURE:us_mix_gdp_pc_tilt
19-4043,EU,7072,46402.5,FIXTURE:us_mix_gdp_pc_tilt
19-4044,EU,2878,52147.5,FIXTURE:us_mix_gdp_pc_tilt
19-4051,EU,6556,81705.0,FIXTURE:us_mix_gdp_pc_tilt
19-4061,EU,31045,49605.0,FIXTURE:us_mix_gdp_pc_tilt
19-4071,EU,30812,44295.0,FIXTURE:us_mix_gdp_pc_tilt
19-4092,EU,19373,59400.0,FIXTURE:us_mix_gdp_pc_tilt
19-4099,EU,74887,49710.0,FIXTURE:us_mix_gdp_pc_tilt
19-5011,EU,142469,70395.0,FIXTURE:us_mix_gdp_pc_tilt
19-5012,EU,30994,51090.0,FIXTURE:us_mix_gdp_pc_tilt
21-1012,EU,357980,53572.5,FIXTURE:us_mix_gdp_pc_tilt
21-1013,EU,67622,57720.0,FIXTURE:us_mix_gdp_pc_tilt
21-1015,EU,95992,38865.0,FIXTURE:us_mix_gdp_pc_tilt
21-1018,EU,498433,48330.0,FIXTURE:us_mix_gdp_pc_tilt
21-1019,EU,28958,43657.5,FIXTURE:us_mix_gdp_pc_tilt
21-1021,EU,397739,48000.0,FIXTURE:us_mix_gdp_pc_tilt
21-1022,EU,190110,53842.5,FIXTURE:us_mix_gdp_pc_tilt
21-1023,EU,134566,51022.5,FIXTURE:us_mix_gdp_pc_tilt
21-1029,EU,63762,56932.5,FIXTURE:us_mix_gdp_pc_tilt
21-1091,EU,66558,54960.0,FIXTURE:us_mix_gdp_pc_tilt
21-1092,EU,90572,54847.5,FIXTURE:us_mix_gdp_pc_tilt
21-1093,EU,443648,35767.5,FIXTURE:us_mix_gdp_pc_tilt
21-1094,EU,62475,42135.0,FIXTURE:us_mix_gdp_pc_tilt
21-1099,EU,109154,44692.5,FIXTURE:us_mix_gdp_pc_tilt
21-2011,EU,57956,50145.0,FIXTURE:us_mix_gdp_pc_tilt
21-2021,EU,22453,46575.0,FIXTURE:us_mix_gdp_pc_tilt
21-2099,EU,15968,40402.5,FIXTURE:us_mix_gdp_pc_tilt
23-1011,EU,764474,139380.0,FIXTURE:us_mix_gdp_pc_tilt
23-1012,EU,13466,54712.5,FIXTURE:us_mix_gdp_pc_tilt
23-1021,EU,16586,94492.5,FIXTURE:us_mix_gdp_pc_tilt
23-1022,EU,9332,68257.5,FIXTURE:us_mix_gdp_pc_tilt
23-1023,EU,24348,107872.5,FIXTURE:us_mix_gdp_pc_tilt
23-2011,EU,398074,52275.0,FIXTURE:us_mix_gdp_pc_tilt
23-2093,EU,49222,46762.5,FIXTURE:us_mix_gdp_pc_tilt
23-2099,EU,47378,67245.0,FIXTURE:us_mix_gdp_pc_tilt
25-1011,EU,83236,86040.0,FIXTURE:us_mix_gdp_pc_tilt
25-1021,EU,35949,78315.0,FIXTURE:us_mix_gdp_pc_tilt
25-1022,EU,48300,68662.5,FIXTURE:us_mix_gdp_pc_tilt
25-1031,EU,7802,75937.5,FIXTURE:us_mix_gdp_pc_tilt
25-1032,EU,40802,93390.0,FIXTURE:us_mix_gdp_pc_tilt
25-1041,EU,9038,76537.5,FIXTURE:us_mix_gdp_pc_tilt
25-1042,EU,50853,77130.0,FIXTURE:us_mix_gdp_pc_tilt
25-1043,EU,1540,76837.5,FIXTURE:us_mix_gdp_pc_tilt
25-1051,EU,10031,87015.0,FIXTURE:us_mix_gdp_pc_tilt
25-1052,EU,20244,78907.5,FIXTURE:us_mix_gdp_pc_tilt
25-1053,EU,6778,77707.5,FIXTURE:us_mix_gdp_pc_tilt
25-1054,EU,13263,83595.0,FIXTURE:us_mix_gdp_pc_tilt
25-1061,EU,5309,80160.0,FIXTURE:us_mix_gdp_pc_tilt
25-1062,EU,11449,73747.5,FIXTURE:us_mix_gdp_pc_tilt
25-1063,EU,11713,104137.5,FIXTURE:us_mix_gdp_pc_tilt
25-1064,EU,3374,76762.5,FIXTURE:us_mix_gdp_pc_tilt
25-1065,EU,17194,81075.0,FIXTURE:us_mix_gdp_pc_tilt
25-1066,EU,42079,70395.0,FIXTURE:us_mix_gdp_pc_tilt
25-1067,EU,12007,72735.0,FIXTURE:us_mix_gdp_pc_tilt
25-1069,EU,16799,66292.5,FIXTURE:us_mix_gdp_pc_tilt
25-1071,EU,224195,110677.5,FIXTURE:us_mix_gdp_pc_tilt
25-1072,EU,78991,64807.5,FIXTURE:us_mix_gdp_pc_tilt
25-1081,EU,61634,59512.5,FIXTURE:us_mix_gdp_pc_tilt
25-1082,EU,3678,66082.5,FIXTURE:us_mix_gdp_pc_tilt
25-1111,EU,13324,65662.5,FIXTURE:us_mix_gdp_pc_tilt
25-1112,EU,20325,108577.5,FIXTURE:us_mix_gdp_pc_tilt
25-1113,EU,12777,62955.0,FIXTURE:us_mix_gdp_pc_tilt
25-1121,EU,94797,71025.0,FIXTURE:us_mix_gdp_pc_tilt
25-1122,EU,29809,67507.5,FIXTURE:us_mix_gdp_pc_tilt
25-1123,EU,58483,67185.0,FIXTURE:us_mix_gdp_pc_tilt
25-1124,EU,20092,67492.5,FIXTURE:us_mix_gdp_pc_tilt
25-1125,EU,19038,72435.0,FIXTURE:us_mix_gdp_pc_tilt
25-1126,EU,20730,69030.0,FIXTURE:us_mix_gdp_pc_tilt
25-1192,EU,2807,61455.0,FIXTURE:us_mix_gdp_pc_tilt
25-1193,EU,12797,64965.0,FIXTURE:us_mix_gdp_pc_tilt
25-1194,EU,115618,54045.0,FIXTURE:us_mix_gdp_pc_tilt
25-1199,EU,151821,67972.5,FIXTURE:us_mix_gdp_pc_tilt
25-2011,EU,485109,32272.5,FIXTURE:us_mix_gdp_pc_tilt
25-2012,EU,110309,52027.5,FIXTURE:us_mix_gdp_pc_tilt
25-2021,EU,1406743,54487.5,FIXTURE:us_mix_gdp_pc_tilt
25-2022,EU,628287,54022.5,FIXTURE:us_mix_gdp_pc_tilt
25-2023,EU,17093,53692.5,FIXTURE:us_mix_gdp_pc_tilt
25-2031,EU,1079291,57240.0,FIXTURE:us_mix_gdp_pc_tilt
25-2032,EU,112893,54510.0,FIXTURE:us_mix_gdp_pc_tilt
25-2051,EU,29900,57285.0,FIXTURE:us_mix_gdp_pc_tilt
25-2052,EU,264318,54487.5,FIXTURE:us_mix_gdp_pc_tilt
25-2057,EU,96458,55335.0,FIXTURE:us_mix_gdp_pc_tilt
25-2058,EU,166097,57945.0,FIXTURE:us_mix_gdp_pc_tilt
25-2059,EU,34379,59812.5,FIXTURE:us_mix_gdp_pc_tilt
25-3011,EU,37803,49395.0,FIXTURE:us_mix_gdp_pc_tilt
25-3021,EU,336500,41055.0,FIXTURE:us_mix_gdp_pc_tilt
25-3031,EU,531707,34815.0,FIXTURE:us_mix_gdp_pc_tilt
25-3041,EU,177384,36037.5,FIXTURE:us_mix_gdp_pc_tilt
25-3099,EU,115294,55410.0,FIXTURE:us_mix_gdp_pc_tilt
25-4011,EU,8075,52980.0,FIXTURE:us_mix_gdp_pc_tilt
25-4012,EU,12311,53670.0,FIXTURE:us_mix_gdp_pc_tilt
25-4013,EU,12473,43057.5,FIXTURE:us_mix_gdp_pc_tilt
25-4022,EU,135559,54630.0,FIXTURE:us_mix_gdp_pc_tilt
25-4031,EU,69598,34125.0,FIXTURE:us_mix_gdp_pc_tilt
25-9021,EU,8329,45795.0,FIXTURE:us_mix_gdp_pc_tilt
25-9031,EU,230771,60690.0,FIXTURE:us_mix_gdp_pc_tilt
25-9044,EU,166259,35752.5,FIXTURE:us_mix_gdp_pc_tilt
25-9045,EU,1439126,28717.5,FIXTURE:us_mix_gdp_pc_tilt
25-9099,EU,120158,44295.0,FIXTURE:us_mix_gdp_pc_tilt
27-1011,EU,53772,97080.0,FIXTURE:us_mix_gdp_pc_tilt
27-1012,EU,4641,37305.0,FIXTURE:us_mix_gdp_pc_tilt
27-1013,EU,11368,54862.5,FIXTURE:us_mix_gdp_pc_tilt
27-1014,EU,20234,84652.5,FIXTURE:us_mix_gdp_pc_tilt
27-1019,EU,7022,60397.5,FIXTURE:us_mix_gdp_pc_tilt
27-1021,EU,33933,69945.0,FIXTURE:us_mix_gdp_pc_tilt
27-1022,EU,21734,68422.5,FIXTURE:us_mix_gdp_pc_tilt
27-1023,EU,41127,29640.0,FIXTURE:us_mix_gdp_pc_tilt
27-1024,EU,200445,52920.0,FIXTURE:us_mix_gdp_pc_tilt
27-1025,EU,72445,55905.0,FIXTURE:us_mix_gdp_pc_tilt
27-1026,EU,167404,32122.5,FIXTURE:us_mix_gdp_pc_tilt
27-1027,EU,10771,62370.0,FIXTURE:us_mix_gdp_pc_tilt
27-1029,EU,9605,59317.5,FIXTURE:us_mix_gdp_pc_tilt
27-2011,EU,55727,49575.0,FIXTURE:us_mix_gdp_pc_tilt
27-2012,EU,145012,84975.0,FIXTURE:us_mix_gdp_pc_tilt
27-2021,EU,15269,154635.0,FIXTURE:us_mix_gdp_pc_tilt
27-2022,EU,252241,45120.0,FIXTURE:us_mix_gdp_pc_tilt
27-2023,EU,15989,39757.5,FIXTURE:us_mix_gdp_pc_tilt
27-2031,EU,8237,49575.0,FIXTURE:us_mix_gdp_pc_tilt
27-2032,EU,2898,54825.0,FIXTURE:us_mix_gdp_pc_tilt
27-2041,EU,12706,67852.5,FIXTURE:us_mix_gdp_pc_tilt
27-2042,EU,36658,49575.0,FIXTURE:us_mix_gdp_pc_tilt
27-2091,EU,8025,49575.0,FIXTURE:us_mix_gdp_pc_tilt
27-2099,EU,16769,49575.0,FIXTURE:us_mix_gdp_pc_tilt
27-3011,EU,21521,59040.0,FIXTURE:us_mix_gdp_pc_tilt
27-3023,EU,39769,76845.0,FIXTURE:us_mix_gdp_pc_tilt
27-3031,EU,287126,63090.0,FIXTURE:us_mix_gdp_pc_tilt
27-3041,EU,92902,67545.0,FIXTURE:us_mix_gdp_pc_tilt
27-3042,EU,46101,72727.5,FIXTURE:us_mix_gdp_pc_tilt
27-3043,EU,48574,64567.5,FIXTURE:us_mix_gdp_pc_tilt
27-3091,EU,52748,49770.0,FIXTURE:us_mix_gdp_pc_tilt
27-3092,EU,13040,59070.0,FIXTURE:us_mix_gdp_pc_tilt
27-3099,EU,19849,62895.0,FIXTURE:us_mix_gdp_pc_tilt
27-4011,EU,71158,48472.5,FIXTURE:us_mix_gdp_pc_tilt
27-4012,EU,21389,50970.0,FIXTURE:us_mix_gdp_pc_tilt
27-4014,EU,13253,61042.5,FIXTURE:us_mix_gdp_pc_tilt
27-4015,EU,9018,58785.0,FIXTURE:us_mix_gdp_pc_tilt
27-4021,EU,52444,41557.5,FIXTURE:us_mix_gdp_pc_tilt
27-4031,EU,21835,62407.5,FIXTURE:us_mix_gdp_pc_tilt
27-4032,EU,25949,64597.5,FIXTURE:us_mix_gdp_pc_tilt
27-4099,EU,12615,60780.0,FIXTURE:us_mix_gdp_pc_tilt
29-1011,EU,40154,67890.0,FIXTURE:us_mix_gdp_pc_tilt
29-1021,EU,126034,143512.5,FIXTURE:us_mix_gdp_pc_tilt
29-1022,EU,4975,259867.5,FIXTURE:us_mix_gdp_pc_tilt
29-1023,EU,6292,194550.0,FIXTURE:us_mix_gdp_pc_tilt
29-1024,EU,882,201472.5,FIXTURE:us_mix_gdp_pc_tilt
29-1029,EU,5299,185947.5,FIXTURE:us_mix_gdp_pc_tilt
29-1031,EU,78595,57847.5,FIXTURE:us_mix_gdp_pc_tilt
29-1041,EU,43356,106162.5,FIXTURE:us_mix_gdp_pc_tilt
29-1051,EU,326226,105690.0,FIXTURE:us_mix_gdp_pc_tilt
29-1071,EU,164293,105960.0,FIXTURE:us_mix_gdp_pc_tilt
29-1081,EU,9808,131610.0,FIXTURE:us_mix_gdp_pc_tilt
29-1122,EU,164597,75960.0,FIXTURE:us_mix_gdp_pc_tilt
29-1123,EU,270864,78960.0,FIXTURE:us_mix_gdp_pc_tilt
29-1124,EU,17296,86242.5,FIXTURE:us_mix_gdp_pc_tilt
29-1125,EU,15127,50722.5,FIXTURE:us_mix_gdp_pc_tilt
29-1126,EU,141638,65475.0,FIXTURE:us_mix_gdp_pc_tilt
29-1127,EU,185814,73627.5,FIXTURE:us_mix_gdp_pc_tilt
29-1128,EU,8673,45705.0,FIXTURE:us_mix_gdp_pc_tilt
29-1129,EU,22939,67815.0,FIXTURE:us_mix_gdp_pc_tilt
29-1131,EU,85009,107010.0,FIXTURE:us_mix_gdp_pc_tilt
29-1141,EU,3424397,76065.0,FIXTURE:us_mix_gdp_pc_tilt
29-1151,EU,52525,186240.0,FIXTURE:us_mix_gdp_pc_tilt
29-1161,EU,8025,102735.0,FIXTURE:us_mix_gdp_pc_tilt
29-1171,EU,327310,102975.0,FIXTURE:us_mix_gdp_pc_tilt
29-1181,EU,13841,73305.0,FIXTURE:us_mix_gdp_pc_tilt
29-1211,EU,39272,270427.5,FIXTURE:us_mix_gdp_pc_tilt
29-1212,EU,17519,341205.0,FIXTURE:us_mix_gdp_pc_tilt
29-1213,EU,11520,242647.5,FIXTURE:us_mix_gdp_pc_tilt
29-1214,EU,33315,238110.0,FIXTURE:us_mix_gdp_pc_tilt
29-1215,EU,108931,191865.0,FIXTURE:us_mix_gdp_pc_tilt
29-1216,EU,68038,200400.0,FIXTURE:us_mix_gdp_pc_tilt
29-1217,EU,10730,200722.5,FIXTURE:us_mix_gdp_pc_tilt
29-1218,EU,21541,209280.0,FIXTURE:us_mix_gdp_pc_tilt
29-1221,EU,39911,159082.5,FIXTURE:us_mix_gdp_pc_tilt
29-1222,EU,11257,214065.0,FIXTURE:us_mix_gdp_pc_tilt
29-1223,EU,28350,202455.0,FIXTURE:us_mix_gdp_pc_tilt
29-1224,EU,27124,286147.5,FIXTURE:us_mix_gdp_pc_tilt
29-1229,EU,347250,196530.0,FIXTURE:us_mix_gdp_pc_tilt
29-1241,EU,9068,228487.5,FIXTURE:us_mix_gdp_pc_tilt
29-1242,EU,14286,280177.5,FIXTURE:us_mix_gdp_pc_tilt
29-1243,EU,1206,376537.5,FIXTURE:us_mix_gdp_pc_tilt
29-1249,EU,25472,280447.5,FIXTURE:us_mix_gdp_pc_tilt
29-1291,EU,7934,65265.0,FIXTURE:us_mix_gdp_pc_tilt
29-1292,EU,225684,74242.5,FIXTURE:us_mix_gdp_pc_tilt
29-1299,EU,29008,95745.0,FIXTURE:us_mix_gdp_pc_tilt
29-2010,EU,337341,50512.5,FIXTURE:us_mix_gdp_pc_tilt
29-2031,EU,63792,57705.0,FIXTURE:us_mix_gdp_pc_tilt
29-2032,EU,91352,72930.0,FIXTURE:us_mix_gdp_pc_tilt
29-2033,EU,17306,78870.0,FIXTURE:us_mix_gdp_pc_tilt
29-2034,EU,233537,62880.0,FIXTURE:us_mix_gdp_pc_tilt
29-2035,EU,43964,72090.0,FIXTURE:us_mix_gdp_pc_tilt
29-2036,EU,3455,111375.0,FIXTURE:us_mix_gdp_pc_tilt
29-2042,EU,182896,35122.5,FIXTURE:us_mix_gdp_pc_tilt
29-2043,EU,101940,47520.0,FIXTURE:us_mix_gdp_pc_tilt
29-2051,EU,31977,30472.5,FIXTURE:us_mix_gdp_pc_tilt
29-2052,EU,477915,34965.0,FIXTURE:us_mix_gdp_pc_tilt
29-2053,EU,159035,34957.5,FIXTURE:us_mix_gdp_pc_tilt
29-2055,EU,119013,51532.5,FIXTURE:us_mix_gdp_pc_tilt
29-2056,EU,130847,36840.0,FIXTURE:us_mix_gdp_pc_tilt
29-2057,EU,71949,35295.0,FIXTURE:us_mix_gdp_pc_tilt
29-2061,EU,656981,50287.5,FIXTURE:us_mix_gdp_pc_tilt
29-2072,EU,197294,42592.5,FIXTURE:us_mix_gdp_pc_tilt
29-2081,EU,74502,38827.5,FIXTURE:us_mix_gdp_pc_tilt
29-2091,EU,9514,62805.0,FIXTURE:us_mix_gdp_pc_tilt
29-2092,EU,11419,49777.5,FIXTURE:us_mix_gdp_pc_tilt
29-2099,EU,185024,44032.5,FIXTURE:us_mix_gdp_pc_tilt
29-9021,EU,38604,56227.5,FIXTURE:us_mix_gdp_pc_tilt
29-9091,EU,30903,49965.0,FIXTURE:us_mix_gdp_pc_tilt
29-9092,EU,3789,78465.0,FIXTURE:us_mix_gdp_pc_tilt
29-9093,EU,22564,54532.5,FIXTURE:us_mix_gdp_pc_tilt
29-9099,EU,35473,57540.0,FIXTURE:us_mix_gdp_pc_tilt
31-1120,EU,5431288,27090.0,FIXTURE:us_mix_gdp_pc_tilt
31-1131,EU,1827634,32025.0,FIXTURE:us_mix_gdp_pc_tilt
31-1132,EU,66147,30495.0,FIXTURE:us_mix_gdp_pc_tilt
31-1133,EU,44804,34267.5,FIXTURE:us_mix_gdp_pc_tilt
31-2011,EU,64696,53032.5,FIXTURE:us_mix_gdp_pc_tilt
31-2012,EU,5437,33082.5,FIXTURE:us_mix_gdp_pc_tilt
31-2021,EU,141818,51547.5,FIXTURE:us_mix_gdp_pc_tilt
31-2022,EU,60736,27322.5,FIXTURE:us_mix_gdp_pc_tilt
31-9011,EU,124612,47872.5,FIXTURE:us_mix_gdp_pc_tilt
31-9091,EU,489153,37650.0,FIXTURE:us_mix_gdp_pc_tilt
31-9092,EU,1031650,34590.0,FIXTURE:us_mix_gdp_pc_tilt
31-9093,EU,97656,37882.5,FIXTURE:us_mix_gdp_pc_tilt
31-9094,EU,52411,31282.5,FIXTURE:us_mix_gdp_pc_tilt
31-9095,EU,49863,30337.5,FIXTURE:us_mix_gdp_pc_tilt
31-9096,EU,159666,30255.0,FIXTURE:us_mix_gdp_pc_tilt
31-9097,EU,181059,34140.0,FIXTURE:us_mix_gdp_pc_tilt
31-9099,EU,138424,38107.5,FIXTURE:us_mix_gdp_pc_tilt
33-1011,EU,67333,63285.0,FIXTURE:us_mix_gdp_pc_tilt
33-1012,EU,195023,84142.5,FIXTURE:us_mix_gdp_pc_tilt
33-1021,EU,125054,72697.5,FIXTURE:us_mix_gdp_pc_tilt
33-1091,EU,102778,44925.0,FIXTURE:us_mix_gdp_pc_tilt
33-1099,EU,26098,55792.5,FIXTURE:us_mix_gdp_pc_tilt
33-2011,EU,436427,47722.5,FIXTURE:us_mix_gdp_pc_tilt
33-2021,EU,17407,59002.5,FIXTURE:us_mix_gdp_pc_tilt
33-2022,EU,3507,49980.0,FIXTURE:us_mix_gdp_pc_tilt
33-3011,EU,21835,46245.0,FIXTURE:us_mix_gdp_pc_tilt
33-3012,EU,479957,47722.5,FIXTURE:us_mix_gdp_pc_tilt
33-3021,EU,144340,74572.5,FIXTURE:us_mix_gdp_pc_tilt
33-3031,EU,7278,56212.5,FIXTURE:us_mix_gdp_pc_tilt
33-3041,EU,11416,38392.5,FIXTURE:us_mix_gdp_pc_tilt
33-3051,EU,845784,59400.0,FIXTURE:us_mix_gdp_pc_tilt
33-3052,EU,5537,68857.5,FIXTURE:us_mix_gdp_pc_tilt
33-9011,EU,15225,36330.0,FIXTURE:us_mix_gdp_pc_tilt
33-9021,EU,44880,45112.5,FIXTURE:us_mix_gdp_pc_tilt
33-9031,EU,12008,34222.5,FIXTURE:us_mix_gdp_pc_tilt
33-9032,EU,1618951,31852.5,FIXTURE:us_mix_gdp_pc_tilt
33-9091,EU,119024,32512.5,FIXTURE:us_mix_gdp_pc_tilt
33-9092,EU,198731,25852.5,FIXTURE:us_mix_gdp_pc_tilt
33-9093,EU,63435,48232.5,FIXTURE:us_mix_gdp_pc_tilt
33-9094,EU,98918,26362.5,FIXTURE:us_mix_gdp_pc_tilt
33-9099,EU,102803,36052.5,FIXTURE:us_mix_gdp_pc_tilt
35-1011,EU,314130,50025.0,FIXTURE:us_mix_gdp_pc_tilt
35-1012,EU,1920897,34635.0,FIXTURE:us_mix_gdp_pc_tilt
35-2011,EU,1006695,24292.5,FIXTURE:us_mix_gdp_pc_tilt
35-2012,EU,692596,29107.5,FIXTURE:us_mix_gdp_pc_tilt
35-2013,EU,1727,40260.0,FIXTURE:us_mix_gdp_pc_tilt
35-2014,EU,2214000,29047.5,FIXTURE:us_mix_gdp_pc_tilt
35-2015,EU,217727,27090.0,FIXTURE:us_mix_gdp_pc_tilt
35-2019,EU,30386,29362.5,FIXTURE:us_mix_gdp_pc_tilt
35-2021,EU,1403252,26467.5,FIXTURE:us_mix_gdp_pc_tilt
35-3011,EU,1187786,30592.5,FIXTURE:us_mix_gdp_pc_tilt
35-3023,EU,6052152,24112.5,FIXTURE:us_mix_gdp_pc_tilt
35-3031,EU,3566091,30045.0,FIXTURE:us_mix_gdp_pc_tilt
35-3041,EU,461522,27105.0,FIXTURE:us_mix_gdp_pc_tilt
35-9011,EU,852300,25672.5,FIXTURE:us_mix_gdp_pc_tilt
35-9021,EU,749757,25732.5,FIXTURE:us_mix_gdp_pc_tilt
35-9031,EU,679468,24517.5,FIXTURE:us_mix_gdp_pc_tilt
35-9099,EU,132898,27607.5,FIXTURE:us_mix_gdp_pc_tilt
37-1011,EU,280713,39990.0,FIXTURE:us_mix_gdp_pc_tilt
37-1012,EU,205337,45720.0,FIXTURE:us_mix_gdp_pc_tilt
37-2011,EU,3470065,29070.0,FIXTURE:us_mix_gdp_pc_tilt
37-2012,EU,1351541,27810.0,FIXTURE:us_mix_gdp_pc_tilt
37-2019,EU,27025,34815.0,FIXTURE:us_mix_gdp_pc_tilt
37-2021,EU,161148,34800.0,FIXTURE:us_mix_gdp_pc_tilt
37-3011,EU,1495964,31717.5,FIXTURE:us_mix_gdp_pc_tilt
37-3012,EU,42478,35302.5,FIXTURE:us_mix_gdp_pc_tilt
37-3013,EU,86620,41977.5,FIXTURE:us_mix_gdp_pc_tilt
37-3019,EU,21404,36622.5,FIXTURE:us_mix_gdp_pc_tilt
39-1013,EU,32809,48622.5,FIXTURE:us_mix_gdp_pc_tilt
39-1014,EU,130162,40162.5,FIXTURE:us_mix_gdp_pc_tilt
39-1022,EU,143937,39270.0,FIXTURE:us_mix_gdp_pc_tilt
39-2011,EU,23676,35265.0,FIXTURE:us_mix_gdp_pc_tilt
39-2021,EU,336676,27975.0,FIXTURE:us_mix_gdp_pc_tilt
39-3011,EU,105843,31912.5,FIXTURE:us_mix_gdp_pc_tilt
39-3012,EU,11289,27337.5,FIXTURE:us_mix_gdp_pc_tilt
39-3019,EU,17836,31035.0,FIXTURE:us_mix_gdp_pc_tilt
39-3021,EU,1867,38610.0,FIXTURE:us_mix_gdp_pc_tilt
39-3031,EU,153599,24810.0,FIXTURE:us_mix_gdp_pc_tilt
39-3091,EU,501817,24480.0,FIXTURE:us_mix_gdp_pc_tilt
39-3092,EU,8212,47580.0,FIXTURE:us_mix_gdp_pc_tilt
39-3093,EU,19627,28845.0,FIXTURE:us_mix_gdp_pc_tilt
39-3099,EU,8905,26235.0,FIXTURE:us_mix_gdp_pc_tilt
39-4011,EU,4907,43792.5,FIXTURE:us_mix_gdp_pc_tilt
39-4012,EU,3746,34252.5,FIXTURE:us_mix_gdp_pc_tilt
39-4021,EU,39216,27892.5,FIXTURE:us_mix_gdp_pc_tilt
39-4031,EU,31661,43620.0,FIXTURE:us_mix_gdp_pc_tilt
39-5011,EU,18921,35302.5,FIXTURE:us_mix_gdp_pc_tilt
39-5012,EU,385618,32970.0,FIXTURE:us_mix_gdp_pc_tilt
39-5091,EU,2952,76680.0,FIXTURE:us_mix_gdp_pc_tilt
39-5092,EU,192702,28927.5,FIXTURE:us_mix_gdp_pc_tilt
39-5093,EU,10179,23985.0,FIXTURE:us_mix_gdp_pc_tilt
39-5094,EU,91942,38887.5,FIXTURE:us_mix_gdp_pc_tilt
39-6011,EU,35962,28927.5,FIXTURE:us_mix_gdp_pc_tilt
39-6012,EU,62111,31882.5,FIXTURE:us_mix_gdp_pc_tilt
39-7010,EU,67484,32790.0,FIXTURE:us_mix_gdp_pc_tilt
39-9011,EU,654546,26272.5,FIXTURE:us_mix_gdp_pc_tilt
39-9031,EU,407339,39315.0,FIXTURE:us_mix_gdp_pc_tilt
39-9032,EU,418137,28890.0,FIXTURE:us_mix_gdp_pc_tilt
39-9041,EU,106915,32992.5,FIXTURE:us_mix_gdp_pc_tilt
39-9099,EU,76213,30090.0,FIXTURE:us_mix_gdp_pc_tilt
41-1011,EU,1415023,40035.0,FIXTURE:us_mix_gdp_pc_tilt
41-1012,EU,270429,74527.5,FIXTURE:us_mix_gdp_pc_tilt
41-2011,EU,3896938,24885.0,FIXTURE:us_mix_gdp_pc_tilt
41-2012,EU,27158,29325.0,FIXTURE:us_mix_gdp_pc_tilt
41-2021,EU,505576,34275.0,FIXTURE:us_mix_gdp_pc_tilt
41-2022,EU,340662,32872.5,FIXTURE:us_mix_gdp_pc_tilt
41-2031,EU,4916705,27982.5,FIXTURE:us_mix_gdp_pc_tilt
41-3011,EU,115669,60502.5,FIXTURE:us_mix_gdp_pc_tilt
41-3021,EU,604330,61110.0,FIXTURE:us_mix_gdp_pc_tilt
41-3031,EU,617537,81862.5,FIXTURE:us_mix_gdp_pc_tilt
41-3041,EU,69515,40995.0,FIXTURE:us_mix_gdp_pc_tilt
41-3091,EU,1584313,61822.5,FIXTURE:us_mix_gdp_pc_tilt
41-4011,EU,359243,89797.5,FIXTURE:us_mix_gdp_pc_tilt
41-4012,EU,1561835,61897.5,FIXTURE:us_mix_gdp_pc_tilt
41-9011,EU,81385,34185.0,FIXTURE:us_mix_gdp_pc_tilt
41-9012,EU,4768,54600.0,FIXTURE:us_mix_gdp_pc_tilt
41-9021,EU,58150,62962.5,FIXTURE:us_mix_gdp_pc_tilt
41-9022,EU,243914,52132.5,FIXTURE:us_mix_gdp_pc_tilt
41-9031,EU,65327,97605.0,FIXTURE:us_mix_gdp_pc_tilt
41-9041,EU,73703,28027.5,FIXTURE:us_mix_gdp_pc_tilt
41-9091,EU,3481,32887.5,FIXTURE:us_mix_gdp_pc_tilt
41-9099,EU,117536,43882.5,FIXTURE:us_mix_gdp_pc_tilt
43-1011,EU,1812208,55117.5,FIXTURE:us_mix_gdp_pc_tilt
43-2011,EU,43240,31725.0,FIXTURE:us_mix_gdp_pc_tilt
43-2021,EU,4327,33727.5,FIXTURE:us_mix_gdp_pc_tilt
43-2099,EU,1514,46597.5,FIXTURE:us_mix_gdp_pc_tilt
43-3011,EU,200346,36795.0,FIXTURE:us_mix_gdp_pc_tilt
43-3021,EU,509676,38302.5,FIXTURE:us_mix_gdp_pc_tilt
43-3031,EU,1732740,40170.0,FIXTURE:us_mix_gdp_pc_tilt
43-3041,EU,18202,29632.5,FIXTURE:us_mix_gdp_pc_tilt
43-3051,EU,193169,44722.5,FIXTURE:us_mix_gdp_pc_tilt
43-3061,EU,70398,39277.5,FIXTURE:us_mix_gdp_pc_tilt
43-3071,EU,415601,31762.5,FIXTURE:us_mix_gdp_pc_tilt
43-3099,EU,45738,42337.5,FIXTURE:us_mix_gdp_pc_tilt
43-4011,EU,45334,54637.5,FIXTURE:us_mix_gdp_pc_tilt
43-4021,EU,5411,36067.5,FIXTURE:us_mix_gdp_pc_tilt
43-4031,EU,226734,39240.0,FIXTURE:us_mix_gdp_pc_tilt
43-4041,EU,15174,38565.0,FIXTURE:us_mix_gdp_pc_tilt
43-4051,EU,3274242,34942.5,FIXTURE:us_mix_gdp_pc_tilt
43-4061,EU,195263,42067.5,FIXTURE:us_mix_gdp_pc_tilt
43-4071,EU,92636,34192.5,FIXTURE:us_mix_gdp_pc_tilt
43-4081,EU,329751,26662.5,FIXTURE:us_mix_gdp_pc_tilt
43-4111,EU,186761,35430.0,FIXTURE:us_mix_gdp_pc_tilt
43-4121,EU,107874,29527.5,FIXTURE:us_mix_gdp_pc_tilt
43-4131,EU,207864,39390.0,FIXTURE:us_mix_gdp_pc_tilt
43-4141,EU,46495,37027.5,FIXTURE:us_mix_gdp_pc_tilt
43-4151,EU,94856,36165.0,FIXTURE:us_mix_gdp_pc_tilt
43-4161,EU,113802,39187.5,FIXTURE:us_mix_gdp_pc_tilt
43-4171,EU,1148088,29595.0,FIXTURE:us_mix_gdp_pc_tilt
43-4181,EU,149739,37222.5,FIXTURE:us_mix_gdp_pc_tilt
43-4199,EU,170186,38617.5,FIXTURE:us_mix_gdp_pc_tilt
43-5011,EU,123200,42922.5,FIXTURE:us_mix_gdp_pc_tilt
43-5021,EU,86582,30727.5,FIXTURE:us_mix_gdp_pc_tilt
43-5031,EU,129292,42555.0,FIXTURE:us_mix_gdp_pc_tilt
43-5032,EU,255822,41055.0,FIXTURE:us_mix_gdp_pc_tilt
43-5041,EU,24509,41535.0,FIXTURE:us_mix_gdp_pc_tilt
43-5051,EU,92989,46395.0,FIXTURE:us_mix_gdp_pc_tilt
43-5052,EU,414769,46905.0,FIXTURE:us_mix_gdp_pc_tilt
43-5053,EU,132698,44572.5,FIXTURE:us_mix_gdp_pc_tilt
43-5061,EU,492142,46612.5,FIXTURE:us_mix_gdp_pc_tilt
43-5071,EU,1030388,35107.5,FIXTURE:us_mix_gdp_pc_tilt
43-5111,EU,67232,35722.5,FIXTURE:us_mix_gdp_pc_tilt
43-6011,EU,580124,59355.0,FIXTURE:us_mix_gdp_pc_tilt
43-6012,EU,197129,45465.0,FIXTURE:us_mix_gdp_pc_tilt
43-6013,EU,1212961,35100.0,FIXTURE:us_mix_gdp_pc_tilt
43-6014,EU,2152921,37012.5,FIXTURE:us_mix_gdp_pc_tilt
43-9021,EU,160297,32482.5,FIXTURE:us_mix_gdp_pc_tilt
43-9022,EU,44161,38340.0,FIXTURE:us_mix_gdp_pc_tilt
43-9031,EU,4226,46477.5,FIXTURE:us_mix_gdp_pc_tilt
43-9041,EU,270265,39690.0,FIXTURE:us_mix_gdp_pc_tilt
43-9051,EU,69666,31237.5,FIXTURE:us_mix_gdp_pc_tilt
43-9061,EU,3109240,34815.0,FIXTURE:us_mix_gdp_pc_tilt
43-9071,EU,31699,32415.0,FIXTURE:us_mix_gdp_pc_tilt
43-9081,EU,5777,41100.0,FIXTURE:us_mix_gdp_pc_tilt
43-9111,EU,5941,41737.5,FIXTURE:us_mix_gdp_pc_tilt
43-9199,EU,242514,36502.5,FIXTURE:us_mix_gdp_pc_tilt
45-1011,EU,43907,47047.5,FIXTURE:us_mix_gdp_pc_tilt
45-2011,EU,22629,41182.5,FIXTURE:us_mix_gdp_pc_tilt
45-2021,EU,2089,42757.5,FIXTURE:us_mix_gdp_pc_tilt
45-2041,EU,39541,27322.5,FIXTURE:us_mix_gdp_pc_tilt
45-2091,EU,44755,32782.5,FIXTURE:us_mix_gdp_pc_tilt
45-2092,EU,416924,28222.5,FIXTURE:us_mix_gdp_pc_tilt
45-2093,EU,51523,29445.0,FIXTURE:us_mix_gdp_pc_tilt
45-2099,EU,5685,34132.5,FIXTURE:us_mix_gdp_pc_tilt
45-4011,EU,9501,32760.0,FIXTURE:us_mix_gdp_pc_tilt
45-4021,EU,4915,42832.5,FIXTURE:us_mix_gdp_pc_tilt
45-4022,EU,33071,39892.5,FIXTURE:us_mix_gdp_pc_tilt
45-4023,EU,4821,35827.5,FIXTURE:us_mix_gdp_pc_tilt
45-4029,EU,2670,39682.5,FIXTURE:us_mix_gdp_pc_tilt
47-1011,EU,1275442,64837.5,FIXTURE:us_mix_gdp_pc_tilt
47-2011,EU,16002,60067.5,FIXTURE:us_mix_gdp_pc_tilt
47-2021,EU,82521,51210.0,FIXTURE:us_mix_gdp_pc_tilt
47-2022,EU,12280,45532.5,FIXTURE:us_mix_gdp_pc_tilt
47-2031,EU,1052266,49222.5,FIXTURE:us_mix_gdp_pc_tilt
47-2041,EU,21639,42742.5,FIXTURE:us_mix_gdp_pc_tilt
47-2042,EU,37123,46320.0,FIXTURE:us_mix_gdp_pc_tilt
47-2043,EU,5842,39345.0,FIXTURE:us_mix_gdp_pc_tilt
47-2044,EU,56297,44437.5,FIXTURE:us_mix_gdp_pc_tilt
47-2051,EU,323756,45037.5,FIXTURE:us_mix_gdp_pc_tilt
47-2053,EU,1853,63690.0,FIXTURE:us_mix_gdp_pc_tilt
47-2061,EU,1722313,39022.5,FIXTURE:us_mix_gdp_pc_tilt
47-2071,EU,65671,44250.0,FIXTURE:us_mix_gdp_pc_tilt
47-2072,EU,3627,60532.5,FIXTURE:us_mix_gdp_pc_tilt
47-2073,EU,750762,49717.5,FIXTURE:us_mix_gdp_pc_tilt
47-2081,EU,130463,47700.0,FIXTURE:us_mix_gdp_pc_tilt
47-2082,EU,20163,54532.5,FIXTURE:us_mix_gdp_pc_tilt
47-2111,EU,1189089,53617.5,FIXTURE:us_mix_gdp_pc_tilt
47-2121,EU,91833,44790.0,FIXTURE:us_mix_gdp_pc_tilt
47-2131,EU,69786,41055.0,FIXTURE:us_mix_gdp_pc_tilt
47-2132,EU,40295,49147.5,FIXTURE:us_mix_gdp_pc_tilt
47-2141,EU,353624,41565.0,FIXTURE:us_mix_gdp_pc_tilt
47-2142,EU,2465,40297.5,FIXTURE:us_mix_gdp_pc_tilt
47-2151,EU,51900,41025.0,FIXTURE:us_mix_gdp_pc_tilt
47-2152,EU,731525,54127.5,FIXTURE:us_mix_gdp_pc_tilt
47-2161,EU,30323,46537.5,FIXTURE:us_mix_gdp_pc_tilt
47-2171,EU,21671,49545.0,FIXTURE:us_mix_gdp_pc_tilt
47-2181,EU,212765,43605.0,FIXTURE:us_mix_gdp_pc_tilt
47-2211,EU,188079,50887.5,FIXTURE:us_mix_gdp_pc_tilt
47-2221,EU,107380,52710.0,FIXTURE:us_mix_gdp_pc_tilt
47-2231,EU,49230,43425.0,FIXTURE:us_mix_gdp_pc_tilt
47-3011,EU,22252,38190.0,FIXTURE:us_mix_gdp_pc_tilt
47-3012,EU,34045,33037.5,FIXTURE:us_mix_gdp_pc_tilt
47-3013,EU,99920,33060.0,FIXTURE:us_mix_gdp_pc_tilt
47-3014,EU,11762,31830.0,FIXTURE:us_mix_gdp_pc_tilt
47-3015,EU,69613,32797.5,FIXTURE:us_mix_gdp_pc_tilt
47-3016,EU,9469,33862.5,FIXTURE:us_mix_gdp_pc_tilt
47-3019,EU,38897,33855.0,FIXTURE:us_mix_gdp_pc_tilt
47-4011,EU,230400,58297.5,FIXTURE:us_mix_gdp_pc_tilt
47-4021,EU,37358,82365.0,FIXTURE:us_mix_gdp_pc_tilt
47-4031,EU,38442,37897.5,FIXTURE:us_mix_gdp_pc_tilt
47-4041,EU,81202,42322.5,FIXTURE:us_mix_gdp_pc_tilt
47-4051,EU,243339,39810.0,FIXTURE:us_mix_gdp_pc_tilt
47-4061,EU,30747,51555.0,FIXTURE:us_mix_gdp_pc_tilt
47-4071,EU,48131,40125.0,FIXTURE:us_mix_gdp_pc_tilt
47-4090,EU,44566,41347.5,FIXTURE:us_mix_gdp_pc_tilt
47-5011,EU,16630,45157.5,FIXTURE:us_mix_gdp_pc_tilt
47-5012,EU,19786,54097.5,FIXTURE:us_mix_gdp_pc_tilt
47-5013,EU,67744,46852.5,FIXTURE:us_mix_gdp_pc_tilt
47-5022,EU,54145,44947.5,FIXTURE:us_mix_gdp_pc_tilt
47-5023,EU,30543,47122.5,FIXTURE:us_mix_gdp_pc_tilt
47-5032,EU,8009,49980.0,FIXTURE:us_mix_gdp_pc_tilt
47-5041,EU,21985,48787.5,FIXTURE:us_mix_gdp_pc_tilt
47-5043,EU,3392,58575.0,FIXTURE:us_mix_gdp_pc_tilt
47-5044,EU,9312,53430.0,FIXTURE:us_mix_gdp_pc_tilt
47-5049,EU,4994,52395.0,FIXTURE:us_mix_gdp_pc_tilt
47-5051,EU,5214,38625.0,FIXTURE:us_mix_gdp_pc_tilt
47-5071,EU,70618,36900.0,FIXTURE:us_mix_gdp_pc_tilt
47-5081,EU,10521,37965.0,FIXTURE:us_mix_gdp_pc_tilt
47-5099,EU,8700,43417.5,FIXTURE:us_mix_gdp_pc_tilt
49-1011,EU,778906,63915.0,FIXTURE:us_mix_gdp_pc_tilt
49-2011,EU,82747,38160.0,FIXTURE:us_mix_gdp_pc_tilt
49-2021,EU,14052,52402.5,FIXTURE:us_mix_gdp_pc_tilt
49-2022,EU,177754,51375.0,FIXTURE:us_mix_gdp_pc_tilt
49-2091,EU,23752,62535.0,FIXTURE:us_mix_gdp_pc_tilt
49-2092,EU,18227,43957.5,FIXTURE:us_mix_gdp_pc_tilt
49-2093,EU,8754,62475.0,FIXTURE:us_mix_gdp_pc_tilt
49-2094,EU,82003,56677.5,FIXTURE:us_mix_gdp_pc_tilt
49-2095,EU,26136,75570.0,FIXTURE:us_mix_gdp_pc_tilt
49-2096,EU,10785,38670.0,FIXTURE:us_mix_gdp_pc_tilt
49-2097,EU,24950,43447.5,FIXTURE:us_mix_gdp_pc_tilt
49-2098,EU,108908,45720.0,FIXTURE:us_mix_gdp_pc_tilt
49-3011,EU,174185,63555.0,FIXTURE:us_mix_gdp_pc_tilt
49-3021,EU,188338,44767.5,FIXTURE:us_mix_gdp_pc_tilt
49-3022,EU,25619,37822.5,FIXTURE:us_mix_gdp_pc_tilt
49-3023,EU,888823,42315.0,FIXTURE:us_mix_gdp_pc_tilt
49-3031,EU,365751,48240.0,FIXTURE:us_mix_gdp_pc_tilt
49-3041,EU,47769,42967.5,FIXTURE:us_mix_gdp_pc_tilt
49-3042,EU,222761,51930.0,FIXTURE:us_mix_gdp_pc_tilt
49-3043,EU,26931,53010.0,FIXTURE:us_mix_gdp_pc_tilt
49-3051,EU,29289,43552.5,FIXTURE:us_mix_gdp_pc_tilt
49-3052,EU,17041,39277.5,FIXTURE:us_mix_gdp_pc_tilt
49-3053,EU,45486,37492.5,FIXTURE:us_mix_gdp_pc_tilt
49-3091,EU,15351,32047.5,FIXTURE:us_mix_gdp_pc_tilt
49-3092,EU,21986,42330.0,FIXTURE:us_mix_gdp_pc_tilt
49-3093,EU,136747,30127.5,FIXTURE:us_mix_gdp_pc_tilt
49-9011,EU,34209,43155.0,FIXTURE:us_mix_gdp_pc_tilt
49-9012,EU,60849,57157.5,FIXTURE:us_mix_gdp_pc_tilt
49-9021,EU,516752,48585.0,FIXTURE:us_mix_gdp_pc_tilt
49-9031,EU,40554,42030.0,FIXTURE:us_mix_gdp_pc_tilt
49-9041,EU,554556,51345.0,FIXTURE:us_mix_gdp_pc_tilt
49-9043,EU,75708,48457.5,FIXTURE:us_mix_gdp_pc_tilt
49-9044,EU,50872,52335.0,FIXTURE:us_mix_gdp_pc_tilt
49-9045,EU,1362,47827.5,FIXTURE:us_mix_gdp_pc_tilt
49-9051,EU,165330,68977.5,FIXTURE:us_mix_gdp_pc_tilt
49-9052,EU,123263,55455.0,FIXTURE:us_mix_gdp_pc_tilt
49-9061,EU,2081,42030.0,FIXTURE:us_mix_gdp_pc_tilt
49-9062,EU,83239,49447.5,FIXTURE:us_mix_gdp_pc_tilt
49-9063,EU,6786,37470.0,FIXTURE:us_mix_gdp_pc_tilt
49-9064,EU,1652,53130.0,FIXTURE:us_mix_gdp_pc_tilt
49-9069,EU,11857,53385.0,FIXTURE:us_mix_gdp_pc_tilt
49-9071,EU,1929542,40335.0,FIXTURE:us_mix_gdp_pc_tilt
49-9081,EU,12589,51735.0,FIXTURE:us_mix_gdp_pc_tilt
49-9091,EU,33313,37327.5,FIXTURE:us_mix_gdp_pc_tilt
49-9092,EU,4352,66240.0,FIXTURE:us_mix_gdp_pc_tilt
49-9094,EU,18971,41602.5,FIXTURE:us_mix_gdp_pc_tilt
49-9095,EU,3809,34057.5,FIXTURE:us_mix_gdp_pc_tilt
49-9096,EU,28419,50107.5,FIXTURE:us_mix_gdp_pc_tilt
49-9097,EU,10999,67807.5,FIXTURE:us_mix_gdp_pc_tilt
49-9098,EU,120563,31117.5,FIXTURE:us_mix_gdp_pc_tilt
49-9099,EU,222382,40387.5,FIXTURE:us_mix_gdp_pc_tilt
51-1011,EU,1057511,57450.0,FIXTURE:us_mix_gdp_pc_tilt
51-2011,EU,53423,53565.0,FIXTURE:us_mix_gdp_pc_tilt
51-2021,EU,20163,37852.5,FIXTURE:us_mix_gdp_pc_tilt
51-2028,EU,387826,35745.0,FIXTURE:us_mix_gdp_pc_tilt
51-2031,EU,53391,43342.5,FIXTURE:us_mix_gdp_pc_tilt
51-2041,EU,82223,40522.5,FIXTURE:us_mix_gdp_pc_tilt
51-2051,EU,25392,37162.5,FIXTURE:us_mix_gdp_pc_tilt
51-2061,EU,393,42540.0,FIXTURE:us_mix_gdp_pc_tilt
51-2090,EU,2206369,34995.0,FIXTURE:us_mix_gdp_pc_tilt
51-3011,EU,370913,28860.0,FIXTURE:us_mix_gdp_pc_tilt
51-3021,EU,214241,31785.0,FIXTURE:us_mix_gdp_pc_tilt
51-3022,EU,228798,29460.0,FIXTURE:us_mix_gdp_pc_tilt
51-3023,EU,109845,31327.5,FIXTURE:us_mix_gdp_pc_tilt
51-3091,EU,31988,34447.5,FIXTURE:us_mix_gdp_pc_tilt
51-3092,EU,274055,32812.5,FIXTURE:us_mix_gdp_pc_tilt
51-3093,EU,49073,31927.5,FIXTURE:us_mix_gdp_pc_tilt
51-3099,EU,102072,30225.0,FIXTURE:us_mix_gdp_pc_tilt
51-4021,EU,95539,37110.0,FIXTURE:us_mix_gdp_pc_tilt
51-4022,EU,14023,38760.0,FIXTURE:us_mix_gdp_pc_tilt
51-4023,EU,39651,39915.0,FIXTURE:us_mix_gdp_pc_tilt
51-4031,EU,268841,36322.5,FIXTURE:us_mix_gdp_pc_tilt
51-4032,EU,7349,38857.5,FIXTURE:us_mix_gdp_pc_tilt
51-4033,EU,105212,36127.5,FIXTURE:us_mix_gdp_pc_tilt
51-4034,EU,26240,39367.5,FIXTURE:us_mix_gdp_pc_tilt
51-4035,EU,19566,42555.0,FIXTURE:us_mix_gdp_pc_tilt
51-4041,EU,450765,44490.0,FIXTURE:us_mix_gdp_pc_tilt
51-4051,EU,26350,41617.5,FIXTURE:us_mix_gdp_pc_tilt
51-4052,EU,7161,40717.5,FIXTURE:us_mix_gdp_pc_tilt
51-4061,EU,4099,51427.5,FIXTURE:us_mix_gdp_pc_tilt
51-4062,EU,2308,45457.5,FIXTURE:us_mix_gdp_pc_tilt
51-4071,EU,20085,37395.0,FIXTURE:us_mix_gdp_pc_tilt
51-4072,EU,236288,34470.0,FIXTURE:us_mix_gdp_pc_tilt
51-4081,EU,195648,37522.5,FIXTURE:us_mix_gdp_pc_tilt
51-4111,EU,89399,50145.0,FIXTURE:us_mix_gdp_pc_tilt
51-4121,EU,653589,42570.0,FIXTURE:us_mix_gdp_pc_tilt
51-4122,EU,49623,37665.0,FIXTURE:us_mix_gdp_pc_tilt
51-4191,EU,21985,37837.5,FIXTURE:us_mix_gdp_pc_tilt
51-4192,EU,9375,49890.0,FIXTURE:us_mix_gdp_pc_tilt
51-4193,EU,50895,33825.0,FIXTURE:us_mix_gdp_pc_tilt
51-4194,EU,8794,39930.0,FIXTURE:us_mix_gdp_pc_tilt
51-4199,EU,24968,36435.0,FIXTURE:us_mix_gdp_pc_tilt
51-5111,EU,37437,38100.0,FIXTURE:us_mix_gdp_pc_tilt
51-5112,EU,226537,35520.0,FIXTURE:us_mix_gdp_pc_tilt
51-5113,EU,52104,33345.0,FIXTURE:us_mix_gdp_pc_tilt
51-6011,EU,310989,26190.0,FIXTURE:us_mix_gdp_pc_tilt
51-6021,EU,41017,25980.0,FIXTURE:us_mix_gdp_pc_tilt
51-6031,EU,164697,28200.0,FIXTURE:us_mix_gdp_pc_tilt
51-6041,EU,11699,29370.0,FIXTURE:us_mix_gdp_pc_tilt
51-6042,EU,5151,27210.0,FIXTURE:us_mix_gdp_pc_tilt
51-6051,EU,3439,27907.5,FIXTURE:us_mix_gdp_pc_tilt
51-6052,EU,21859,33855.0,FIXTURE:us_mix_gdp_pc_tilt
51-6061,EU,8338,30285.0,FIXTURE:us_mix_gdp_pc_tilt
51-6062,EU,14133,29647.5,FIXTURE:us_mix_gdp_pc_tilt
51-6063,EU,20461,30540.0,FIXTURE:us_mix_gdp_pc_tilt
51-6064,EU,34579,30090.0,FIXTURE:us_mix_gdp_pc_tilt
51-6091,EU,20179,36435.0,FIXTURE:us_mix_gdp_pc_tilt
51-6092,EU,4632,53565.0,FIXTURE:us_mix_gdp_pc_tilt
51-6093,EU,31627,35505.0,FIXTURE:us_mix_gdp_pc_tilt
51-6099,EU,21247,30420.0,FIXTURE:us_mix_gdp_pc_tilt
51-7011,EU,121183,36217.5,FIXTURE:us_mix_gdp_pc_tilt
51-7021,EU,22738,33975.0,FIXTURE:us_mix_gdp_pc_tilt
51-7031,EU,440,47752.5,FIXTURE:us_mix_gdp_pc_tilt
51-7032,EU,345,40680.0,FIXTURE:us_mix_gdp_pc_tilt
51-7041,EU,64148,32685.0,FIXTURE:us_mix_gdp_pc_tilt
51-7042,EU,96450,32677.5,FIXTURE:us_mix_gdp_pc_tilt
51-7099,EU,8621,34552.5,FIXTURE:us_mix_gdp_pc_tilt
51-8011,EU,8087,91035.0,FIXTURE:us_mix_gdp_pc_tilt
51-8012,EU,13379,83490.0,FIXTURE:us_mix_gdp_pc_tilt
51-8013,EU,46042,74842.5,FIXTURE:us_mix_gdp_pc_tilt
51-8021,EU,44362,62970.0,FIXTURE:us_mix_gdp_pc_tilt
51-8031,EU,201772,46905.0,FIXTURE:us_mix_gdp_pc_tilt
51-8091,EU,26083,59977.5,FIXTURE:us_mix_gdp_pc_tilt
51-8092,EU,28313,66532.5,FIXTURE:us_mix_gdp_pc_tilt
51-8093,EU,52072,67972.5,FIXTURE:us_mix_gdp_pc_tilt
51-8099,EU,22110,49275.0,FIXTURE:us_mix_gdp_pc_tilt
51-9011,EU,219266,45532.5,FIXTURE:us_mix_gdp_pc_tilt
51-9012,EU,94377,42022.5,FIXTURE:us_mix_gdp_pc_tilt
51-9021,EU,40829,38535.0,FIXTURE:us_mix_gdp_pc_tilt
51-9022,EU,16504,33765.0,FIXTURE:us_mix_gdp_pc_tilt
51-9023,EU,149056,39067.5,FIXTURE:us_mix_gdp_pc_tilt
51-9031,EU,9516,30787.5,FIXTURE:us_mix_gdp_pc_tilt
51-9032,EU,70634,35595.0,FIXTURE:us_mix_gdp_pc_tilt
51-9041,EU,92289,35445.0,FIXTURE:us_mix_gdp_pc_tilt
51-9051,EU,22424,38205.0,FIXTURE:us_mix_gdp_pc_tilt
51-9061,EU,938071,40087.5,FIXTURE:us_mix_gdp_pc_tilt
51-9071,EU,35238,43470.0,FIXTURE:us_mix_gdp_pc_tilt
51-9081,EU,54035,40717.5,FIXTURE:us_mix_gdp_pc_tilt
51-9082,EU,17713,39547.5,FIXTURE:us_mix_gdp_pc_tilt
51-9083,EU,29302,32392.5,FIXTURE:us_mix_gdp_pc_tilt
51-9111,EU,595251,33442.5,FIXTURE:us_mix_gdp_pc_tilt
51-9123,EU,12468,33907.5,FIXTURE:us_mix_gdp_pc_tilt
51-9124,EU,249275,39465.0,FIXTURE:us_mix_gdp_pc_tilt
51-9141,EU,49403,45135.0,FIXTURE:us_mix_gdp_pc_tilt
51-9151,EU,7538,34537.5,FIXTURE:us_mix_gdp_pc_tilt
51-9161,EU,266093,40740.0,FIXTURE:us_mix_gdp_pc_tilt
51-9162,EU,44755,54157.5,FIXTURE:us_mix_gdp_pc_tilt
51-9191,EU,18059,35137.5,FIXTURE:us_mix_gdp_pc_tilt
51-9192,EU,23178,33450.0,FIXTURE:us_mix_gdp_pc_tilt
51-9193,EU,10835,33705.0,FIXTURE:us_mix_gdp_pc_tilt
51-9194,EU,12170,34740.0,FIXTURE:us_mix_gdp_pc_tilt
51-9195,EU,52119,35625.0,FIXTURE:us_mix_gdp_pc_tilt
51-9196,EU,150956,39630.0,FIXTURE:us_mix_gdp_pc_tilt
51-9197,EU,32616,42870.0,FIXTURE:us_mix_gdp_pc_tilt
51-9198,EU,260205,30840.0,FIXTURE:us_mix_gdp_pc_tilt
51-9199,EU,395253,33285.0,FIXTURE:us_mix_gdp_pc_tilt
53-1041,EU,15326,48757.5,FIXTURE:us_mix_gdp_pc_tilt
53-1047,EU,979324,50145.0,FIXTURE:us_mix_gdp_pc_tilt
53-2011,EU,162624,216487.5,FIXTURE:us_mix_gdp_pc_tilt
53-2012,EU,74795,109560.0,FIXTURE:us_mix_gdp_pc_tilt
53-2021,EU,35348,109867.5,FIXTURE:us_mix_gdp_pc_tilt
53-2022,EU,23853,47707.5,FIXTURE:us_mix_gdp_pc_tilt
53-2031,EU,206735,58080.0,FIXTURE:us_mix_gdp_pc_tilt
53-3011,EU,19833,27157.5,FIXTURE:us_mix_gdp_pc_tilt
53-3031,EU,642550,30547.5,FIXTURE:us_mix_gdp_pc_tilt
53-3032,EU,3238095,44782.5,FIXTURE:us_mix_gdp_pc_tilt
53-3033,EU,1544111,36577.5,FIXTURE:us_mix_gdp_pc_tilt
53-3051,EU,632735,36322.5,FIXTURE:us_mix_gdp_pc_tilt
53-3052,EU,250060,45210.0,FIXTURE:us_mix_gdp_pc_tilt
53-3053,EU,390275,29910.0,FIXTURE:us_mix_gdp_pc_tilt
53-3054,EU,64462,37447.5,FIXTURE:us_mix_gdp_pc_tilt
53-3099,EU,73617,31822.5,FIXTURE:us_mix_gdp_pc_tilt
53-4011,EU,52559,64425.0,FIXTURE:us_mix_gdp_pc_tilt
53-4013,EU,6156,51337.5,FIXTURE:us_mix_gdp_pc_tilt
53-4022,EU,19472,51772.5,FIXTURE:us_mix_gdp_pc_tilt
53-4031,EU,72926,59325.0,FIXTURE:us_mix_gdp_pc_tilt
53-4041,EU,16017,57877.5,FIXTURE:us_mix_gdp_pc_tilt
53-4099,EU,1759,45105.0,FIXTURE:us_mix_gdp_pc_tilt
53-5011,EU,49733,42622.5,FIXTURE:us_mix_gdp_pc_tilt
53-5021,EU,57867,77790.0,FIXTURE:us_mix_gdp_pc_tilt
53-5022,EU,3894,42202.5,FIXTURE:us_mix_gdp_pc_tilt
53-5031,EU,13191,83842.5,FIXTURE:us_mix_gdp_pc_tilt
53-6011,EU,4774,41527.5,FIXTURE:us_mix_gdp_pc_tilt
53-6021,EU,216518,26242.5,FIXTURE:us_mix_gdp_pc_tilt
53-6031,EU,160190,27585.0,FIXTURE:us_mix_gdp_pc_tilt
53-6032,EU,49152,32497.5,FIXTURE:us_mix_gdp_pc_tilt
53-6041,EU,12343,46537.5,FIXTURE:us_mix_gdp_pc_tilt
53-6051,EU,38473,66405.0,FIXTURE:us_mix_gdp_pc_tilt
53-6061,EU,42572,28365.0,FIXTURE:us_mix_gdp_pc_tilt
53-6099,EU,21278,38167.5,FIXTURE:us_mix_gdp_pc_tilt
53-7011,EU,36008,33810.0,FIXTURE:us_mix_gdp_pc_tilt
53-7021,EU,67352,54097.5,FIXTURE:us_mix_gdp_pc_tilt
53-7031,EU,1633,42090.0,FIXTURE:us_mix_gdp_pc_tilt
53-7041,EU,4083,50782.5,FIXTURE:us_mix_gdp_pc_tilt
53-7051,EU,1216099,36277.5,FIXTURE:us_mix_gdp_pc_tilt
53-7061,EU,597403,27735.0,FIXTURE:us_mix_gdp_pc_tilt
53-7062,EU,4632929,31695.0,FIXTURE:us_mix_gdp_pc_tilt
53-7063,EU,66472,32745.0,FIXTURE:us_mix_gdp_pc_tilt
53-7064,EU,879105,28155.0,FIXTURE:us_mix_gdp_pc_tilt
53-7065,EU,4450033,29655.0,FIXTURE:us_mix_gdp_pc_tilt
53-7071,EU,5512,55957.5,FIXTURE:us_mix_gdp_pc_tilt
53-7072,EU,15358,47970.0,FIXTURE:us_mix_gdp_pc_tilt
53-7073,EU,28250,52777.5,FIXTURE:us_mix_gdp_pc_tilt
53-7081,EU,231216,39615.0,FIXTURE:us_mix_gdp_pc_tilt
53-7121,EU,16803,44977.5,FIXTURE:us_mix_gdp_pc_tilt
53-7199,EU,36871,34230.0,FIXTURE:us_mix_gdp_pc_tilt
11-1011,IN,151687,21570.4,FIXTURE:us_mix_gdp_pc_tilt
11-1021,IN,2600263,10795.2,FIXTURE:us_mix_gdp_pc_tilt
11-1031,IN,33099,4568.8,FIXTURE:us_mix_gdp_pc_tilt
11-2011,IN,15937,12342.4,FIXTURE:us_mix_gdp_pc_tilt
11-2021,IN,293383,14221.6,FIXTURE:us_mix_gdp_pc_tilt
11-2022,IN,472899,13148.0,FIXTURE:us_mix_gdp_pc_tilt
11-2032,IN,55561,13180.8,FIXTURE:us_mix_gdp_pc_tilt
11-2033,IN,28808,11201.6,FIXTURE:us_mix_gdp_pc_tilt
11-3012,IN,195935,10389.6,FIXTURE:us_mix_gdp_pc_tilt
11-3013,IN,115931,9351.2,FIXTURE:us_mix_gdp_pc_tilt
11-3021,IN,497759,15372.8,FIXTURE:us_mix_gdp_pc_tilt
11-3031,IN,624794,14952.8,FIXTURE:us_mix_gdp_pc_tilt
11-3051,IN,182789,10733.6,FIXTURE:us_mix_gdp_pc_tilt
11-3061,IN,62590,12508.8,FIXTURE:us_mix_gdp_pc_tilt
11-3071,IN,164180,9728.0,FIXTURE:us_mix_gdp_pc_tilt
11-3111,IN,17028,13011.2,FIXTURE:us_mix_gdp_pc_tilt
11-3121,IN,163794,13138.4,FIXTURE:us_mix_gdp_pc_tilt
11-3131,IN,35667,11869.6,FIXTURE:us_mix_gdp_pc_tilt
11-9013,IN,4825,7985.6,FIXTURE:us_mix_gdp_pc_tilt
11-9021,IN,282338,9948.8,FIXTURE:us_mix_gdp_pc_tilt
11-9031,IN,54677,5184.0,FIXTURE:us_mix_gdp_pc_tilt
11-9032,IN,243717,9288.0,FIXTURE:us_mix_gdp_pc_tilt
11-9033,IN,133961,10123.2,FIXTURE:us_mix_gdp_pc_tilt
11-9039,IN,40923,8152.0,FIXTURE:us_mix_gdp_pc_tilt
11-9041,IN,163497,14523.2,FIXTURE:us_mix_gdp_pc_tilt
11-9051,IN,176985,5990.4,FIXTURE:us_mix_gdp_pc_tilt
11-9071,IN,3734,8244.0,FIXTURE:us_mix_gdp_pc_tilt
11-9072,IN,28192,7180.0,FIXTURE:us_mix_gdp_pc_tilt
11-9081,IN,31636,6299.2,FIXTURE:us_mix_gdp_pc_tilt
11-9111,IN,443208,11277.6,FIXTURE:us_mix_gdp_pc_tilt
11-9121,IN,80680,14420.0,FIXTURE:us_mix_gdp_pc_tilt
11-9131,IN,10251,7788.8,FIXTURE:us_mix_gdp_pc_tilt
11-9141,IN,230986,6696.8,FIXTURE:us_mix_gdp_pc_tilt
11-9151,IN,155384,7110.4,FIXTURE:us_mix_gdp_pc_tilt
11-9161,IN,10021,8193.6,FIXTURE:us_mix_gdp_pc_tilt
11-9171,IN,10325,7427.2,FIXTURE:us_mix_gdp_pc_tilt
11-9179,IN,7757,6255.2,FIXTURE:us_mix_gdp_pc_tilt
11-9199,IN,461846,12311.2,FIXTURE:us_mix_gdp_pc_tilt
13-1011,IN,9368,11326.4,FIXTURE:us_mix_gdp_pc_tilt
13-1020,IN,364784,6701.6,FIXTURE:us_mix_gdp_pc_tilt
13-1031,IN,240673,6437.6,FIXTURE:us_mix_gdp_pc_tilt
13-1032,IN,8581,6312.0,FIXTURE:us_mix_gdp_pc_tilt
13-1041,IN,309588,7072.0,FIXTURE:us_mix_gdp_pc_tilt
13-1051,IN,166437,6831.2,FIXTURE:us_mix_gdp_pc_tilt
13-1071,IN,677289,6559.2,FIXTURE:us_mix_gdp_pc_tilt
13-1074,IN,230,4677.6,FIXTURE:us_mix_gdp_pc_tilt
13-1075,IN,48108,7897.6,FIXTURE:us_mix_gdp_pc_tilt
13-1081,IN,186345,7178.4,FIXTURE:us_mix_gdp_pc_tilt
13-1082,IN,791780,8859.2,FIXTURE:us_mix_gdp_pc_tilt
13-1111,IN,666786,9103.2,FIXTURE:us_mix_gdp_pc_tilt
13-1121,IN,106044,5321.6,FIXTURE:us_mix_gdp_pc_tilt
13-1131,IN,82424,6176.0,FIXTURE:us_mix_gdp_pc_tilt
13-1141,IN,83419,6746.4,FIXTURE:us_mix_gdp_pc_tilt
13-1151,IN,340192,6044.0,FIXTURE:us_mix_gdp_pc_tilt
13-1161,IN,667751,7159.2,FIXTURE:us_mix_gdp_pc_tilt
13-1199,IN,806938,7517.6,FIXTURE:us_mix_gdp_pc_tilt
13-2011,IN,1075952,7580.0,FIXTURE:us_mix_gdp_pc_tilt
13-2020,IN,42363,6061.6,FIXTURE:us_mix_gdp_pc_tilt
13-2031,IN,35006,7709.6,FIXTURE:us_mix_gdp_pc_tilt
13-2041,IN,47796,8068.0,FIXTURE:us_mix_gdp_pc_tilt
13-2051,IN,268695,9344.0,FIXTURE:us_mix_gdp_pc_tilt
13-2052,IN,198043,12533.6,FIXTURE:us_mix_gdp_pc_tilt
13-2053,IN,78252,7496.0,FIXTURE:us_mix_gdp_pc_tilt
13-2054,IN,47395,9953.6,FIXTURE:us_mix_gdp_pc_tilt
13-2061,IN,50350,8499.2,FIXTURE:us_mix_gdp_pc_tilt
13-2071,IN,20613,4576.8,FIXTURE:us_mix_gdp_pc_tilt
13-2072,IN,203633,7023.2,FIXTURE:us_mix_gdp_pc_tilt
13-2081,IN,42021,5641.6,FIXTURE:us_mix_gdp_pc_tilt
13-2082,IN,56770,4874.4,FIXTURE:us_mix_gdp_pc_tilt
13-2099,IN,98079,7504.8,FIXTURE:us_mix_gdp_pc_tilt
15-1211,IN,385643,9168.8,FIXTURE:us_mix_gdp_pc_tilt
15-1212,IN,141518,10600.8,FIXTURE:us_mix_gdp_pc_tilt
15-1221,IN,27613,12314.4,FIXTURE:us_mix_gdp_pc_tilt
15-1231,IN,108516,6549.6,FIXTURE:us_mix_gdp_pc_tilt
15-1232,IN,532364,5386.4,FIXTURE:us_mix_gdp_pc_tilt
15-1241,IN,133420,11166.4,FIXTURE:us_mix_gdp_pc_tilt
15-1242,IN,51953,8807.2,FIXTURE:us_mix_gdp_pc_tilt
15-1243,IN,49837,11555.2,FIXTURE:us_mix_gdp_pc_tilt
15-1244,IN,233332,8294.4,FIXTURE:us_mix_gdp_pc_tilt
15-1251,IN,68462,8413.6,FIXTURE:us_mix_gdp_pc_tilt
15-1252,IN,1252907,11848.0,FIXTURE:us_mix_gdp_pc_tilt
15-1253,IN,138616,8919.2,FIXTURE:us_mix_gdp_pc_tilt
15-1254,IN,52101,7901.6,FIXTURE:us_mix_gdp_pc_tilt
15-1255,IN,84124,9399.2,FIXTURE:us_mix_gdp_pc_tilt
15-1299,IN,323172,9778.4,FIXTURE:us_mix_gdp_pc_tilt
15-2011,IN,19797,11318.4,FIXTURE:us_mix_gdp_pc_tilt
15-2021,IN,1507,10340.8,FIXTURE:us_mix_gdp_pc_tilt
15-2031,IN,80546,7978.4,FIXTURE:us_mix_gdp_pc_tilt
15-2041,IN,21549,9256.0,FIXTURE:us_mix_gdp_pc_tilt
15-2051,IN,194807,10144.0,FIXTURE:us_mix_gdp_pc_tilt
15-2099,IN,2761,7324.0,FIXTURE:us_mix_gdp_pc_tilt
17-1011,IN,79254,8500.8,FIXTURE:us_mix_gdp_pc_tilt
17-1012,IN,14549,7102.4,FIXTURE:us_mix_gdp_pc_tilt
17-1021,IN,10585,6935.2,FIXTURE:us_mix_gdp_pc_tilt
17-1022,IN,37731,6445.6,FIXTURE:us_mix_gdp_pc_tilt
17-2011,IN,50261,11364.8,FIXTURE:us_mix_gdp_pc_tilt
17-2021,IN,1099,8658.4,FIXTURE:us_mix_gdp_pc_tilt
17-2031,IN,17429,9351.2,FIXTURE:us_mix_gdp_pc_tilt
17-2041,IN,15640,10398.4,FIXTURE:us_mix_gdp_pc_tilt
17-2051,IN,273045,8693.6,FIXTURE:us_mix_gdp_pc_tilt
17-2061,IN,56904,13013.6,FIXTURE:us_mix_gdp_pc_tilt
17-2071,IN,147530,10008.0,FIXTURE:us_mix_gdp_pc_tilt
17-2072,IN,71928,10982.4,FIXTURE:us_mix_gdp_pc_tilt
17-2081,IN,28459,9032.8,FIXTURE:us_mix_gdp_pc_tilt
17-2111,IN,15922,9581.6,FIXTURE:us_mix_gdp_pc_tilt
17-2112,IN,271486,8792.0,FIXTURE:us_mix_gdp_pc_tilt
17-2121,IN,6124,9934.4,FIXTURE:us_mix_gdp_pc_tilt
17-2131,IN,16902,9620.0,FIXTURE:us_mix_gdp_pc_tilt
17-2141,IN,220320,9088.8,FIXTURE:us_mix_gdp_pc_tilt
17-2151,IN,4513,9232.8,FIXTURE:us_mix_gdp_pc_tilt
17-2161,IN,11342,11233.6,FIXTURE:us_mix_gdp_pc_tilt
17-2171,IN,13406,12572.0,FIXTURE:us_mix_gdp_pc_tilt
17-2199,IN,114365,10026.4,FIXTURE:us_mix_gdp_pc_tilt
17-3011,IN,76976,5659.2,FIXTURE:us_mix_gdp_pc_tilt
17-3012,IN,13302,6502.4,FIXTURE:us_mix_gdp_pc_tilt
17-3013,IN,29662,6004.8,FIXTURE:us_mix_gdp_pc_tilt
17-3019,IN,10741,5460.0,FIXTURE:us_mix_gdp_pc_tilt
17-3021,IN,8373,7304.8,FIXTURE:us_mix_gdp_pc_tilt
17-3022,IN,50862,5519.2,FIXTURE:us_mix_gdp_pc_tilt
17-3023,IN,70614,6454.4,FIXTURE:us_mix_gdp_pc_tilt
17-3024,IN,11520,6113.6,FIXTURE:us_mix_gdp_pc_tilt
17-3025,IN,9049,5189.6,FIXTURE:us_mix_gdp_pc_tilt
17-3026,IN,56095,5656.0,FIXTURE:us_mix_gdp_pc_tilt
17-3027,IN,26864,6110.4,FIXTURE:us_mix_gdp_pc_tilt
17-3028,IN,12278,5933.6,FIXTURE:us_mix_gdp_pc_tilt
17-3029,IN,44486,6476.8,FIXTURE:us_mix_gdp_pc_tilt
17-3031,IN,43060,4640.0,FIXTURE:us_mix_gdp_pc_tilt
19-1011,IN,2301,7068.0,FIXTURE:us_mix_gdp_pc_tilt
19-1012,IN,9694,7628.8,FIXTURE:us_mix_gdp_pc_tilt
19-1013,IN,11676,7017.6,FIXTURE:us_mix_gdp_pc_tilt
19-1021,IN,25112,10387.2,FIXTURE:us_mix_gdp_pc_tilt
19-1022,IN,14059,7808.0,FIXTURE:us_mix_gdp_pc_tilt
19-1023,IN,13450,6641.6,FIXTURE:us_mix_gdp_pc_tilt
19-1029,IN,41457,8506.4,FIXTURE:us_mix_gdp_pc_tilt
19-1031,IN,19262,6170.4,FIXTURE:us_mix_gdp_pc_tilt
19-1032,IN,7742,6333.6,FIXTURE:us_mix_gdp_pc_tilt
19-1041,IN,8974,7831.2,FIXTURE:us_mix_gdp_pc_tilt
19-1042,IN,127927,9347.2,FIXTURE:us_mix_gdp_pc_tilt
19-1099,IN,5537,8628.8,FIXTURE:us_mix_gdp_pc_tilt
19-2011,IN,1574,10633.6,FIXTURE:us_mix_gdp_pc_tilt
19-2012,IN,15165,13694.4,FIXTURE:us_mix_gdp_pc_tilt
19-2021,IN,7423,8488.8,FIXTURE:us_mix_gdp_pc_tilt
19-2031,IN,61439,8036.0,FIXTURE:us_mix_gdp_pc_tilt
19-2032,IN,6287,10094.4,FIXTURE:us_mix_gdp_pc_tilt
19-2041,IN,66250,7334.4,FIXTURE:us_mix_gdp_pc_tilt
19-2042,IN,17422,9292.0,FIXTURE:us_mix_gdp_pc_tilt
19-2043,IN,4342,8288.0,FIXTURE:us_mix_gdp_pc_tilt
19-2099,IN,16553,10338.4,FIXTURE:us_mix_gdp_pc_tilt
19-3011,IN,13205,11370.4,FIXTURE:us_mix_gdp_pc_tilt
19-3022,IN,6154,6366.4,FIXTURE:us_mix_gdp_pc_tilt
19-3032,IN,586,13618.4,FIXTURE:us_mix_gdp_pc_tilt
19-3033,IN,56407,9020.0,FIXTURE:us_mix_gdp_pc_tilt
19-3034,IN,47462,7932.8,FIXTURE:us_mix_gdp_pc_tilt
19-3039,IN,13970,8896.8,FIXTURE:us_mix_gdp_pc_tilt
19-3041,IN,1678,9193.6,FIXTURE:us_mix_gdp_pc_tilt
19-3051,IN,32832,7580.0,FIXTURE:us_mix_gdp_pc_tilt
19-3091,IN,6673,6049.6,FIXTURE:us_mix_gdp_pc_tilt
19-3092,IN,1039,8188.0,FIXTURE:us_mix_gdp_pc_tilt
19-3093,IN,2561,6499.2,FIXTURE:us_mix_gdp_pc_tilt
19-3094,IN,4112,11400.8,FIXTURE:us_mix_gdp_pc_tilt
19-3099,IN,27539,8615.2,FIXTURE:us_mix_gdp_pc_tilt
19-4012,IN,11231,4307.2,FIXTURE:us_mix_gdp_pc_tilt
19-4013,IN,10837,4532.8,FIXTURE:us_mix_gdp_pc_tilt
19-4021,IN,51678,4910.4,FIXTURE:us_mix_gdp_pc_tilt
19-4031,IN,42711,5112.0,FIXTURE:us_mix_gdp_pc_tilt
19-4042,IN,25735,4864.0,FIXTURE:us_mix_gdp_pc_tilt
19-4043,IN,5181,4949.6,FIXTURE:us_mix_gdp_pc_tilt
19-4044,IN,2108,5562.4,FIXTURE:us_mix_gdp_pc_tilt
19-4051,IN,4803,8715.2,FIXTURE:us_mix_gdp_pc_tilt
19-4061,IN,22744,5291.2,FIXTURE:us_mix_gdp_pc_tilt
19-4071,IN,22573,4724.8,FIXTURE:us_mix_gdp_pc_tilt
19-4092,IN,14193,6336.0,FIXTURE:us_mix_gdp_pc_tilt
19-4099,IN,54863,5302.4,FIXTURE:us_mix_gdp_pc_tilt
19-5011,IN,104374,7508.8,FIXTURE:us_mix_gdp_pc_tilt
19-5012,IN,22707,5449.6,FIXTURE:us_mix_gdp_pc_tilt
21-1012,IN,262259,5714.4,FIXTURE:us_mix_gdp_pc_tilt
21-1013,IN,49541,6156.8,FIXTURE:us_mix_gdp_pc_tilt
21-1015,IN,70325,4145.6,FIXTURE:us_mix_gdp_pc_tilt
21-1018,IN,365156,5155.2,FIXTURE:us_mix_gdp_pc_tilt
21-1019,IN,21215,4656.8,FIXTURE:us_mix_gdp_pc_tilt
21-1021,IN,291387,5120.0,FIXTURE:us_mix_gdp_pc_tilt
21-1022,IN,139276,5743.2,FIXTURE:us_mix_gdp_pc_tilt
21-1023,IN,98584,5442.4,FIXTURE:us_mix_gdp_pc_tilt
21-1029,IN,46712,6072.8,FIXTURE:us_mix_gdp_pc_tilt
21-1091,IN,48761,5862.4,FIXTURE:us_mix_gdp_pc_tilt
21-1092,IN,66353,5850.4,FIXTURE:us_mix_gdp_pc_tilt
21-1093,IN,325020,3815.2,FIXTURE:us_mix_gdp_pc_tilt
21-1094,IN,45770,4494.4,FIXTURE:us_mix_gdp_pc_tilt
21-1099,IN,79967,4767.2,FIXTURE:us_mix_gdp_pc_tilt
21-2011,IN,42459,5348.8,FIXTURE:us_mix_gdp_pc_tilt
21-2021,IN,16449,4968.0,FIXTURE:us_mix_gdp_pc_tilt
21-2099,IN,11699,4309.6,FIXTURE:us_mix_gdp_pc_tilt
23-1011,IN,560059,14867.2,FIXTURE:us_mix_gdp_pc_tilt
23-1012,IN,9865,5836.0,FIXTURE:us_mix_gdp_pc_tilt
23-1021,IN,12151,10079.2,FIXTURE:us_mix_gdp_pc_tilt
23-1022,IN,6837,7280.8,FIXTURE:us_mix_gdp_pc_tilt
23-1023,IN,17837,11506.4,FIXTURE:us_mix_gdp_pc_tilt
23-2011,IN,291632,5576.0,FIXTURE:us_mix_gdp_pc_tilt
23-2093,IN,36061,4988.0,FIXTURE:us_mix_gdp_pc_tilt
23-2099,IN,34710,7172.8,FIXTURE:us_mix_gdp_pc_tilt
25-1011,IN,60979,9177.6,FIXTURE:us_mix_gdp_pc_tilt
25-1021,IN,26337,8353.6,FIXTURE:us_mix_gdp_pc_tilt
25-1022,IN,35385,7324.0,FIXTURE:us_mix_gdp_pc_tilt
25-1031,IN,5716,8100.0,FIXTURE:us_mix_gdp_pc_tilt
25-1032,IN,29892,9961.6,FIXTURE:us_mix_gdp_pc_tilt
25-1041,IN,6621,8164.0,FIXTURE:us_mix_gdp_pc_tilt
25-1042,IN,37256,8227.2,FIXTURE:us_mix_gdp_pc_tilt
25-1043,IN,1128,8196.0,FIXTURE:us_mix_gdp_pc_tilt
25-1051,IN,7349,9281.6,FIXTURE:us_mix_gdp_pc_tilt
25-1052,IN,14831,8416.8,FIXTURE:us_mix_gdp_pc_tilt
25-1053,IN,4966,8288.8,FIXTURE:us_mix_gdp_pc_tilt
25-1054,IN,9717,8916.8,FIXTURE:us_mix_gdp_pc_tilt
25-1061,IN,3890,8550.4,FIXTURE:us_mix_gdp_pc_tilt
25-1062,IN,8388,7866.4,FIXTURE:us_mix_gdp_pc_tilt
25-1063,IN,8581,11108.0,FIXTURE:us_mix_gdp_pc_tilt
25-1064,IN,2472,8188.0,FIXTURE:us_mix_gdp_pc_tilt
25-1065,IN,12597,8648.0,FIXTURE:us_mix_gdp_pc_tilt
25-1066,IN,30827,7508.8,FIXTURE:us_mix_gdp_pc_tilt
25-1067,IN,8796,7758.4,FIXTURE:us_mix_gdp_pc_tilt
25-1069,IN,12307,7071.2,FIXTURE:us_mix_gdp_pc_tilt
25-1071,IN,164247,11805.6,FIXTURE:us_mix_gdp_pc_tilt
25-1072,IN,57869,6912.8,FIXTURE:us_mix_gdp_pc_tilt
25-1081,IN,45154,6348.0,FIXTURE:us_mix_gdp_pc_tilt
25-1082,IN,2695,7048.8,FIXTURE:us_mix_gdp_pc_tilt
25-1111,IN,9761,7004.0,FIXTURE:us_mix_gdp_pc_tilt
25-1112,IN,14890,11581.6,FIXTURE:us_mix_gdp_pc_tilt
25-1113,IN,9360,6715.2,FIXTURE:us_mix_gdp_pc_tilt
25-1121,IN,69449,7576.0,FIXTURE:us_mix_gdp_pc_tilt
25-1122,IN,21838,7200.8,FIXTURE:us_mix_gdp_pc_tilt
25-1123,IN,42845,7166.4,FIXTURE:us_mix_gdp_pc_tilt
25-1124,IN,14720,7199.2,FIXTURE:us_mix_gdp_pc_tilt
25-1125,IN,13948,7726.4,FIXTURE:us_mix_gdp_pc_tilt
25-1126,IN,15187,7363.2,FIXTURE:us_mix_gdp_pc_tilt
25-1192,IN,2056,6555.2,FIXTURE:us_mix_gdp_pc_tilt
25-1193,IN,9375,6929.6,FIXTURE:us_mix_gdp_pc_tilt
25-1194,IN,84703,5764.8,FIXTURE:us_mix_gdp_pc_tilt
25-1199,IN,111225,7250.4,FIXTURE:us_mix_gdp_pc_tilt
25-2011,IN,355394,3442.4,FIXTURE:us_mix_gdp_pc_tilt
25-2012,IN,80813,5549.6,FIXTURE:us_mix_gdp_pc_tilt
25-2021,IN,1030590,5812.0,FIXTURE:us_mix_gdp_pc_tilt
25-2022,IN,460288,5762.4,FIXTURE:us_mix_gdp_pc_tilt
25-2023,IN,12522,5727.2,FIXTURE:us_mix_gdp_pc_tilt
25-2031,IN,790697,6105.6,FIXTURE:us_mix_gdp_pc_tilt
25-2032,IN,82706,5814.4,FIXTURE:us_mix_gdp_pc_tilt
25-2051,IN,21905,6110.4,FIXTURE:us_mix_gdp_pc_tilt
25-2052,IN,193642,5812.0,FIXTURE:us_mix_gdp_pc_tilt
25-2057,IN,70666,5902.4,FIXTURE:us_mix_gdp_pc_tilt
25-2058,IN,121684,6180.8,FIXTURE:us_mix_gdp_pc_tilt
25-2059,IN,25186,6380.0,FIXTURE:us_mix_gdp_pc_tilt
25-3011,IN,27695,5268.8,FIXTURE:us_mix_gdp_pc_tilt
25-3021,IN,246522,4379.2,FIXTURE:us_mix_gdp_pc_tilt
25-3031,IN,389532,3713.6,FIXTURE:us_mix_gdp_pc_tilt
25-3041,IN,129953,3844.0,FIXTURE:us_mix_gdp_pc_tilt
25-3099,IN,84465,5910.4,FIXTURE:us_mix_gdp_pc_tilt
25-4011,IN,5916,5651.2,FIXTURE:us_mix_gdp_pc_tilt
25-4012,IN,9019,5724.8,FIXTURE:us_mix_gdp_pc_tilt
25-4013,IN,9138,4592.8,FIXTURE:us_mix_gdp_pc_tilt
25-4022,IN,99311,5827.2,FIXTURE:us_mix_gdp_pc_tilt
25-4031,IN,50988,3640.0,FIXTURE:us_mix_gdp_pc_tilt
25-9021,IN,6102,4884.8,FIXTURE:us_mix_gdp_pc_tilt
25-9031,IN,169064,6473.6,FIXTURE:us_mix_gdp_pc_tilt
25-9044,IN,121803,3813.6,FIXTURE:us_mix_gdp_pc_tilt
25-9045,IN,1054314,3063.2,FIXTURE:us_mix_gdp_pc_tilt
25-9099,IN,88028,4724.8,FIXTURE:us_mix_gdp_pc_tilt
27-1011,IN,39393,10355.2,FIXTURE:us_mix_gdp_pc_tilt
27-1012,IN,3400,3979.2,FIXTURE:us_mix_gdp_pc_tilt
27-1013,IN,8329,5852.0,FIXTURE:us_mix_gdp_pc_tilt
27-1014,IN,14824,9029.6,FIXTURE:us_mix_gdp_pc_tilt
27-1019,IN,5144,6442.4,FIXTURE:us_mix_gdp_pc_tilt
27-1021,IN,24859,7460.8,FIXTURE:us_mix_gdp_pc_tilt
27-1022,IN,15922,7298.4,FIXTURE:us_mix_gdp_pc_tilt
27-1023,IN,30130,3161.6,FIXTURE:us_mix_gdp_pc_tilt
27-1024,IN,146848,5644.8,FIXTURE:us_mix_gdp_pc_tilt
27-1025,IN,53074,5963.2,FIXTURE:us_mix_gdp_pc_tilt
27-1026,IN,122641,3426.4,FIXTURE:us_mix_gdp_pc_tilt
27-1027,IN,7891,6652.8,FIXTURE:us_mix_gdp_pc_tilt
27-1029,IN,7037,6327.2,FIXTURE:us_mix_gdp_pc_tilt
27-2011,IN,40826,5288.0,FIXTURE:us_mix_gdp_pc_tilt
27-2012,IN,106237,9064.0,FIXTURE:us_mix_gdp_pc_tilt
27-2021,IN,11186,16494.4,FIXTURE:us_mix_gdp_pc_tilt
27-2022,IN,184794,4812.8,FIXTURE:us_mix_gdp_pc_tilt
27-2023,IN,11713,4240.8,FIXTURE:us_mix_gdp_pc_tilt
27-2031,IN,6035,5288.0,FIXTURE:us_mix_gdp_pc_tilt
27-2032,IN,2123,5848.0,FIXTURE:us_mix_gdp_pc_tilt
27-2041,IN,9308,7237.6,FIXTURE:us_mix_gdp_pc_tilt
27-2042,IN,26856,5288.0,FIXTURE:us_mix_gdp_pc_tilt
27-2091,IN,5879,5288.0,FIXTURE:us_mix_gdp_pc_tilt
27-2099,IN,12285,5288.0,FIXTURE:us_mix_gdp_pc_tilt
27-3011,IN,15766,6297.6,FIXTURE:us_mix_gdp_pc_tilt
27-3023,IN,29135,8196.8,FIXTURE:us_mix_gdp_pc_tilt
27-3031,IN,210351,6729.6,FIXTURE:us_mix_gdp_pc_tilt
27-3041,IN,68061,7204.8,FIXTURE:us_mix_gdp_pc_tilt
27-3042,IN,33774,7757.6,FIXTURE:us_mix_gdp_pc_tilt
27-3043,IN,35585,6887.2,FIXTURE:us_mix_gdp_pc_tilt
27-3091,IN,38644,5308.8,FIXTURE:us_mix_gdp_pc_tilt
27-3092,IN,9553,6300.8,FIXTURE:us_mix_gdp_pc_tilt
27-3099,IN,14541,6708.8,FIXTURE:us_mix_gdp_pc_tilt
27-4011,IN,52131,5170.4,FIXTURE:us_mix_gdp_pc_tilt
27-4012,IN,15670,5436.8,FIXTURE:us_mix_gdp_pc_tilt
27-4014,IN,9709,6511.2,FIXTURE:us_mix_gdp_pc_tilt
27-4015,IN,6606,6270.4,FIXTURE:us_mix_gdp_pc_tilt
27-4021,IN,38421,4432.8,FIXTURE:us_mix_gdp_pc_tilt
27-4031,IN,15996,6656.8,FIXTURE:us_mix_gdp_pc_tilt
27-4032,IN,19010,6890.4,FIXTURE:us_mix_gdp_pc_tilt
27-4099,IN,9242,6483.2,FIXTURE:us_mix_gdp_pc_tilt
29-1011,IN,29417,7241.6,FIXTURE:us_mix_gdp_pc_tilt
29-1021,IN,92334,15308.0,FIXTURE:us_mix_gdp_pc_tilt
29-1022,IN,3645,27719.2,FIXTURE:us_mix_gdp_pc_tilt
29-1023,IN,4610,20752.0,FIXTURE:us_mix_gdp_pc_tilt
29-1024,IN,646,21490.4,FIXTURE:us_mix_gdp_pc_tilt
29-1029,IN,3882,19834.4,FIXTURE:us_mix_gdp_pc_tilt
29-1031,IN,57580,6170.4,FIXTURE:us_mix_gdp_pc_tilt
29-1041,IN,31763,11324.0,FIXTURE:us_mix_gdp_pc_tilt
29-1051,IN,238996,11273.6,FIXTURE:us_mix_gdp_pc_tilt
29-1071,IN,120363,11302.4,FIXTURE:us_mix_gdp_pc_tilt
29-1081,IN,7185,14038.4,FIXTURE:us_mix_gdp_pc_tilt
29-1122,IN,120585,8102.4,FIXTURE:us_mix_gdp_pc_tilt
29-1123,IN,198437,8422.4,FIXTURE:us_mix_gdp_pc_tilt
29-1124,IN,12671,9199.2,FIXTURE:us_mix_gdp_pc_tilt
29-1125,IN,11082,5410.4,FIXTURE:us_mix_gdp_pc_tilt
29-1126,IN,103765,6984.0,FIXTURE:us_mix_gdp_pc_tilt
29-1127,IN,136129,7853.6,FIXTURE:us_mix_gdp_pc_tilt
29-1128,IN,6354,4875.2,FIXTURE:us_mix_gdp_pc_tilt
29-1129,IN,16805,7233.6,FIXTURE:us_mix_gdp_pc_tilt
29-1131,IN,62278,11414.4,FIXTURE:us_mix_gdp_pc_tilt
29-1141,IN,2508738,8113.6,FIXTURE:us_mix_gdp_pc_tilt
29-1151,IN,38480,19865.6,FIXTURE:us_mix_gdp_pc_tilt
29-1161,IN,5879,10958.4,FIXTURE:us_mix_gdp_pc_tilt
29-1171,IN,239790,10984.0,FIXTURE:us_mix_gdp_pc_tilt
29-1181,IN,10140,7819.2,FIXTURE:us_mix_gdp_pc_tilt
29-1211,IN,28771,28845.6,FIXTURE:us_mix_gdp_pc_tilt
29-1212,IN,12834,36395.2,FIXTURE:us_mix_gdp_pc_tilt
29-1213,IN,8440,25882.4,FIXTURE:us_mix_gdp_pc_tilt
29-1214,IN,24407,25398.4,FIXTURE:us_mix_gdp_pc_tilt
29-1215,IN,79804,20465.6,FIXTURE:us_mix_gdp_pc_tilt
29-1216,IN,49845,21376.0,FIXTURE:us_mix_gdp_pc_tilt
29-1217,IN,7861,21410.4,FIXTURE:us_mix_gdp_pc_tilt
29-1218,IN,15781,22323.2,FIXTURE:us_mix_gdp_pc_tilt
29-1221,IN,29239,16968.8,FIXTURE:us_mix_gdp_pc_tilt
29-1222,IN,8247,22833.6,FIXTURE:us_mix_gdp_pc_tilt
29-1223,IN,20769,21595.2,FIXTURE:us_mix_gdp_pc_tilt
29-1224,IN,19871,30522.4,FIXTURE:us_mix_gdp_pc_tilt
29-1229,IN,254398,20963.2,FIXTURE:us_mix_gdp_pc_tilt
29-1241,IN,6644,24372.0,FIXTURE:us_mix_gdp_pc_tilt
29-1242,IN,10466,29885.6,FIXTURE:us_mix_gdp_pc_tilt
29-1243,IN,883,40164.0,FIXTURE:us_mix_gdp_pc_tilt
29-1249,IN,18661,29914.4,FIXTURE:us_mix_gdp_pc_tilt
29-1291,IN,5812,6961.6,FIXTURE:us_mix_gdp_pc_tilt
29-1292,IN,165338,7919.2,FIXTURE:us_mix_gdp_pc_tilt
29-1299,IN,21252,10212.8,FIXTURE:us_mix_gdp_pc_tilt
29-2010,IN,247139,5388.0,FIXTURE:us_mix_gdp_pc_tilt
29-2031,IN,46735,6155.2,FIXTURE:us_mix_gdp_pc_tilt
29-2032,IN,66925,7779.2,FIXTURE:us_mix_gdp_pc_tilt
29-2033,IN,12678,8412.8,FIXTURE:us_mix_gdp_pc_tilt
29-2034,IN,171091,6707.2,FIXTURE:us_mix_gdp_pc_tilt
29-2035,IN,32208,7689.6,FIXTURE:us_mix_gdp_pc_tilt
29-2036,IN,2531,11880.0,FIXTURE:us_mix_gdp_pc_tilt
29-2042,IN,133991,3746.4,FIXTURE:us_mix_gdp_pc_tilt
29-2043,IN,74682,5068.8,FIXTURE:us_mix_gdp_pc_tilt
29-2051,IN,23427,3250.4,FIXTURE:us_mix_gdp_pc_tilt
29-2052,IN,350124,3729.6,FIXTURE:us_mix_gdp_pc_tilt
29-2053,IN,116510,3728.8,FIXTURE:us_mix_gdp_pc_tilt
29-2055,IN,87190,5496.8,FIXTURE:us_mix_gdp_pc_tilt
29-2056,IN,95860,3929.6,FIXTURE:us_mix_gdp_pc_tilt
29-2057,IN,52710,3764.8,FIXTURE:us_mix_gdp_pc_tilt
29-2061,IN,481309,5364.0,FIXTURE:us_mix_gdp_pc_tilt
29-2072,IN,144539,4543.2,FIXTURE:us_mix_gdp_pc_tilt
29-2081,IN,54581,4141.6,FIXTURE:us_mix_gdp_pc_tilt
29-2091,IN,6970,6699.2,FIXTURE:us_mix_gdp_pc_tilt
29-2092,IN,8366,5309.6,FIXTURE:us_mix_gdp_pc_tilt
29-2099,IN,135550,4696.8,FIXTURE:us_mix_gdp_pc_tilt
29-9021,IN,28281,5997.6,FIXTURE:us_mix_gdp_pc_tilt
29-9091,IN,22640,5329.6,FIXTURE:us_mix_gdp_pc_tilt
29-9092,IN,2776,8369.6,FIXTURE:us_mix_gdp_pc_tilt
29-9093,IN,16531,5816.8,FIXTURE:us_mix_gdp_pc_tilt
29-9099,IN,25988,6137.6,FIXTURE:us_mix_gdp_pc_tilt
31-1120,IN,10643773,2889.6,FIXTURE:us_mix_gdp_pc_tilt
31-1131,IN,3581642,3416.0,FIXTURE:us_mix_gdp_pc_tilt
31-1132,IN,129629,3252.8,FIXTURE:us_mix_gdp_pc_tilt
31-1133,IN,87804,3655.2,FIXTURE:us_mix_gdp_pc_tilt
31-2011,IN,126787,5656.8,FIXTURE:us_mix_gdp_pc_tilt
31-2012,IN,10654,3528.8,FIXTURE:us_mix_gdp_pc_tilt
31-2021,IN,277922,5498.4,FIXTURE:us_mix_gdp_pc_tilt
31-2022,IN,119025,2914.4,FIXTURE:us_mix_gdp_pc_tilt
31-9011,IN,244205,5106.4,FIXTURE:us_mix_gdp_pc_tilt
31-9091,IN,958600,4016.0,FIXTURE:us_mix_gdp_pc_tilt
31-9092,IN,2021739,3689.6,FIXTURE:us_mix_gdp_pc_tilt
31-9093,IN,191379,4040.8,FIXTURE:us_mix_gdp_pc_tilt
31-9094,IN,102710,3336.8,FIXTURE:us_mix_gdp_pc_tilt
31-9095,IN,97716,3236.0,FIXTURE:us_mix_gdp_pc_tilt
31-9096,IN,312900,3227.2,FIXTURE:us_mix_gdp_pc_tilt
31-9097,IN,354825,3641.6,FIXTURE:us_mix_gdp_pc_tilt
31-9099,IN,271272,4064.8,FIXTURE:us_mix_gdp_pc_tilt
33-1011,IN,131953,6750.4,FIXTURE:us_mix_gdp_pc_tilt
33-1012,IN,382189,8975.2,FIXTURE:us_mix_gdp_pc_tilt
33-1021,IN,245070,7754.4,FIXTURE:us_mix_gdp_pc_tilt
33-1091,IN,201415,4792.0,FIXTURE:us_mix_gdp_pc_tilt
33-1099,IN,51145,5951.2,FIXTURE:us_mix_gdp_pc_tilt
33-2011,IN,855272,5090.4,FIXTURE:us_mix_gdp_pc_tilt
33-2021,IN,34113,6293.6,FIXTURE:us_mix_gdp_pc_tilt
33-2022,IN,6872,5331.2,FIXTURE:us_mix_gdp_pc_tilt
33-3011,IN,42790,4932.8,FIXTURE:us_mix_gdp_pc_tilt
33-3012,IN,940579,5090.4,FIXTURE:us_mix_gdp_pc_tilt
33-3021,IN,282866,7954.4,FIXTURE:us_mix_gdp_pc_tilt
33-3031,IN,14263,5996.0,FIXTURE:us_mix_gdp_pc_tilt
33-3041,IN,22371,4095.2,FIXTURE:us_mix_gdp_pc_tilt
33-3051,IN,1657496,6336.0,FIXTURE:us_mix_gdp_pc_tilt
33-3052,IN,10852,7344.8,FIXTURE:us_mix_gdp_pc_tilt
33-9011,IN,29837,3875.2,FIXTURE:us_mix_gdp_pc_tilt
33-9021,IN,87952,4812.0,FIXTURE:us_mix_gdp_pc_tilt
33-9031,IN,23533,3650.4,FIXTURE:us_mix_gdp_pc_tilt
33-9032,IN,3172681,3397.6,FIXTURE:us_mix_gdp_pc_tilt
33-9091,IN,233254,3468.0,FIXTURE:us_mix_gdp_pc_tilt
33-9092,IN,389457,2757.6,FIXTURE:us_mix_gdp_pc_tilt
33-9093,IN,124315,5144.8,FIXTURE:us_mix_gdp_pc_tilt
33-9094,IN,193851,2812.0,FIXTURE:us_mix_gdp_pc_tilt
33-9099,IN,201464,3845.6,FIXTURE:us_mix_gdp_pc_tilt
35-1011,IN,1646735,5336.0,FIXTURE:us_mix_gdp_pc_tilt
35-1012,IN,10069747,3694.4,FIXTURE:us_mix_gdp_pc_tilt
35-2011,IN,5277307,2591.2,FIXTURE:us_mix_gdp_pc_tilt
35-2012,IN,3630736,3104.8,FIXTURE:us_mix_gdp_pc_tilt
35-2013,IN,9055,4294.4,FIXTURE:us_mix_gdp_pc_tilt
35-2014,IN,11606255,3098.4,FIXTURE:us_mix_gdp_pc_tilt
35-2015,IN,1141371,2889.6,FIXTURE:us_mix_gdp_pc_tilt
35-2019,IN,159290,3132.0,FIXTURE:us_mix_gdp_pc_tilt
35-2021,IN,7356141,2823.2,FIXTURE:us_mix_gdp_pc_tilt
35-3011,IN,6226624,3263.2,FIXTURE:us_mix_gdp_pc_tilt
35-3023,IN,31726650,2572.0,FIXTURE:us_mix_gdp_pc_tilt
35-3031,IN,18694196,3204.8,FIXTURE:us_mix_gdp_pc_tilt
35-3041,IN,2419393,2891.2,FIXTURE:us_mix_gdp_pc_tilt
35-9011,IN,4467934,2738.4,FIXTURE:us_mix_gdp_pc_tilt
35-9021,IN,3930382,2744.8,FIXTURE:us_mix_gdp_pc_tilt
35-9031,IN,3561916,2615.2,FIXTURE:us_mix_gdp_pc_tilt
35-9099,IN,696677,2944.8,FIXTURE:us_mix_gdp_pc_tilt
37-1011,IN,1471557,4265.6,FIXTURE:us_mix_gdp_pc_tilt
37-1012,IN,1076420,4876.8,FIXTURE:us_mix_gdp_pc_tilt
37-2011,IN,18190808,3100.8,FIXTURE:us_mix_gdp_pc_tilt
37-2012,IN,7085060,2966.4,FIXTURE:us_mix_gdp_pc_tilt
37-2019,IN,141673,3713.6,FIXTURE:us_mix_gdp_pc_tilt
37-2021,IN,844771,3712.0,FIXTURE:us_mix_gdp_pc_tilt
37-3011,IN,7842160,3383.2,FIXTURE:us_mix_gdp_pc_tilt
37-3012,IN,222676,3765.6,FIXTURE:us_mix_gdp_pc_tilt
37-3013,IN,454079,4477.6,FIXTURE:us_mix_gdp_pc_tilt
37-3019,IN,112203,3906.4,FIXTURE:us_mix_gdp_pc_tilt
39-1013,IN,64296,5186.4,FIXTURE:us_mix_gdp_pc_tilt
39-1014,IN,255081,4284.0,FIXTURE:us_mix_gdp_pc_tilt
39-1022,IN,282075,4188.8,FIXTURE:us_mix_gdp_pc_tilt
39-2011,IN,46399,3761.6,FIXTURE:us_mix_gdp_pc_tilt
39-2021,IN,659790,2984.0,FIXTURE:us_mix_gdp_pc_tilt
39-3011,IN,207422,3404.0,FIXTURE:us_mix_gdp_pc_tilt
39-3012,IN,22124,2916.0,FIXTURE:us_mix_gdp_pc_tilt
39-3019,IN,34953,3310.4,FIXTURE:us_mix_gdp_pc_tilt
39-3021,IN,3658,4118.4,FIXTURE:us_mix_gdp_pc_tilt
39-3031,IN,301010,2646.4,FIXTURE:us_mix_gdp_pc_tilt
39-3091,IN,983418,2611.2,FIXTURE:us_mix_gdp_pc_tilt
39-3092,IN,16092,5075.2,FIXTURE:us_mix_gdp_pc_tilt
39-3093,IN,38464,3076.8,FIXTURE:us_mix_gdp_pc_tilt
39-3099,IN,17452,2798.4,FIXTURE:us_mix_gdp_pc_tilt
39-4011,IN,9616,4671.2,FIXTURE:us_mix_gdp_pc_tilt
39-4012,IN,7342,3653.6,FIXTURE:us_mix_gdp_pc_tilt
39-4021,IN,76853,2975.2,FIXTURE:us_mix_gdp_pc_tilt
39-4031,IN,62046,4652.8,FIXTURE:us_mix_gdp_pc_tilt
39-5011,IN,37079,3765.6,FIXTURE:us_mix_gdp_pc_tilt
39-5012,IN,755702,3516.8,FIXTURE:us_mix_gdp_pc_tilt
39-5091,IN,5784,8179.2,FIXTURE:us_mix_gdp_pc_tilt
39-5092,IN,377641,3085.6,FIXTURE:us_mix_gdp_pc_tilt
39-5093,IN,19949,2558.4,FIXTURE:us_mix_gdp_pc_tilt
39-5094,IN,180181,4148.0,FIXTURE:us_mix_gdp_pc_tilt
39-6011,IN,70475,3085.6,FIXTURE:us_mix_gdp_pc_tilt
39-6012,IN,121719,3400.8,FIXTURE:us_mix_gdp_pc_tilt
39-7010,IN,132250,3497.6,FIXTURE:us_mix_gdp_pc_tilt
39-9011,IN,1282723,2802.4,FIXTURE:us_mix_gdp_pc_tilt
39-9031,IN,798269,4193.6,FIXTURE:us_mix_gdp_pc_tilt
39-9032,IN,819429,3081.6,FIXTURE:us_mix_gdp_pc_tilt
39-9041,IN,209523,3519.2,FIXTURE:us_mix_gdp_pc_tilt
39-9099,IN,149356,3209.6,FIXTURE:us_mix_gdp_pc_tilt
41-1011,IN,2773040,4270.4,FIXTURE:us_mix_gdp_pc_tilt
41-1012,IN,529963,7949.6,FIXTURE:us_mix_gdp_pc_tilt
41-2011,IN,7636886,2654.4,FIXTURE:us_mix_gdp_pc_tilt
41-2012,IN,53221,3128.0,FIXTURE:us_mix_gdp_pc_tilt
41-2021,IN,990785,3656.0,FIXTURE:us_mix_gdp_pc_tilt
41-2022,IN,667601,3506.4,FIXTURE:us_mix_gdp_pc_tilt
41-2031,IN,9635339,2984.8,FIXTURE:us_mix_gdp_pc_tilt
41-3011,IN,226678,6453.6,FIXTURE:us_mix_gdp_pc_tilt
41-3021,IN,1184314,6518.4,FIXTURE:us_mix_gdp_pc_tilt
41-3031,IN,1210196,8732.0,FIXTURE:us_mix_gdp_pc_tilt
41-3041,IN,136229,4372.8,FIXTURE:us_mix_gdp_pc_tilt
41-3091,IN,3104802,6594.4,FIXTURE:us_mix_gdp_pc_tilt
41-4011,IN,704013,9578.4,FIXTURE:us_mix_gdp_pc_tilt
41-4012,IN,3060751,6602.4,FIXTURE:us_mix_gdp_pc_tilt
41-9011,IN,159491,3646.4,FIXTURE:us_mix_gdp_pc_tilt
41-9012,IN,9344,5824.0,FIXTURE:us_mix_gdp_pc_tilt
41-9021,IN,113957,6716.0,FIXTURE:us_mix_gdp_pc_tilt
41-9022,IN,478002,5560.8,FIXTURE:us_mix_gdp_pc_tilt
41-9031,IN,128023,10411.2,FIXTURE:us_mix_gdp_pc_tilt
41-9041,IN,144436,2989.6,FIXTURE:us_mix_gdp_pc_tilt
41-9091,IN,6823,3508.0,FIXTURE:us_mix_gdp_pc_tilt
41-9099,IN,230337,4680.8,FIXTURE:us_mix_gdp_pc_tilt
43-1011,IN,3551410,5879.2,FIXTURE:us_mix_gdp_pc_tilt
43-2011,IN,84739,3384.0,FIXTURE:us_mix_gdp_pc_tilt
43-2021,IN,8479,3597.6,FIXTURE:us_mix_gdp_pc_tilt
43-2099,IN,2966,4970.4,FIXTURE:us_mix_gdp_pc_tilt
43-3011,IN,392621,3924.8,FIXTURE:us_mix_gdp_pc_tilt
43-3021,IN,998819,4085.6,FIXTURE:us_mix_gdp_pc_tilt
43-3031,IN,3395677,4284.8,FIXTURE:us_mix_gdp_pc_tilt
43-3041,IN,35670,3160.8,FIXTURE:us_mix_gdp_pc_tilt
43-3051,IN,378555,4770.4,FIXTURE:us_mix_gdp_pc_tilt
43-3061,IN,137960,4189.6,FIXTURE:us_mix_gdp_pc_tilt
43-3071,IN,814460,3388.0,FIXTURE:us_mix_gdp_pc_tilt
43-3099,IN,89633,4516.0,FIXTURE:us_mix_gdp_pc_tilt
43-4011,IN,88842,5828.0,FIXTURE:us_mix_gdp_pc_tilt
43-4021,IN,10605,3847.2,FIXTURE:us_mix_gdp_pc_tilt
43-4031,IN,444334,4185.6,FIXTURE:us_mix_gdp_pc_tilt
43-4041,IN,29738,4113.6,FIXTURE:us_mix_gdp_pc_tilt
43-4051,IN,6416580,3727.2,FIXTURE:us_mix_gdp_pc_tilt
43-4061,IN,382659,4487.2,FIXTURE:us_mix_gdp_pc_tilt
43-4071,IN,181540,3647.2,FIXTURE:us_mix_gdp_pc_tilt
43-4081,IN,646219,2844.0,FIXTURE:us_mix_gdp_pc_tilt
43-4111,IN,365998,3779.2,FIXTURE:us_mix_gdp_pc_tilt
43-4121,IN,211402,3149.6,FIXTURE:us_mix_gdp_pc_tilt
43-4131,IN,407354,4201.6,FIXTURE:us_mix_gdp_pc_tilt
43-4141,IN,91116,3949.6,FIXTURE:us_mix_gdp_pc_tilt
43-4151,IN,185891,3857.6,FIXTURE:us_mix_gdp_pc_tilt
43-4161,IN,223020,4180.0,FIXTURE:us_mix_gdp_pc_tilt
43-4171,IN,2249925,3156.8,FIXTURE:us_mix_gdp_pc_tilt
43-4181,IN,293446,3970.4,FIXTURE:us_mix_gdp_pc_tilt
43-4199,IN,333516,4119.2,FIXTURE:us_mix_gdp_pc_tilt
43-5011,IN,241436,4578.4,FIXTURE:us_mix_gdp_pc_tilt
43-5021,IN,169675,3277.6,FIXTURE:us_mix_gdp_pc_tilt
43-5031,IN,253375,4539.2,FIXTURE:us_mix_gdp_pc_tilt
43-5032,IN,501337,4379.2,FIXTURE:us_mix_gdp_pc_tilt
43-5041,IN,48030,4430.4,FIXTURE:us_mix_gdp_pc_tilt
43-5051,IN,182233,4948.8,FIXTURE:us_mix_gdp_pc_tilt
43-5052,IN,812829,5003.2,FIXTURE:us_mix_gdp_pc_tilt
43-5053,IN,260050,4754.4,FIXTURE:us_mix_gdp_pc_tilt
43-5061,IN,964458,4972.0,FIXTURE:us_mix_gdp_pc_tilt
43-5071,IN,2019267,3744.8,FIXTURE:us_mix_gdp_pc_tilt
43-5111,IN,131755,3810.4,FIXTURE:us_mix_gdp_pc_tilt
43-6011,IN,1136877,6331.2,FIXTURE:us_mix_gdp_pc_tilt
43-6012,IN,386317,4849.6,FIXTURE:us_mix_gdp_pc_tilt
43-6013,IN,2377058,3744.0,FIXTURE:us_mix_gdp_pc_tilt
43-6014,IN,4219110,3948.0,FIXTURE:us_mix_gdp_pc_tilt
43-9021,IN,314136,3464.8,FIXTURE:us_mix_gdp_pc_tilt
43-9022,IN,86543,4089.6,FIXTURE:us_mix_gdp_pc_tilt
43-9031,IN,8281,4957.6,FIXTURE:us_mix_gdp_pc_tilt
43-9041,IN,529641,4233.6,FIXTURE:us_mix_gdp_pc_tilt
43-9051,IN,136526,3332.0,FIXTURE:us_mix_gdp_pc_tilt
43-9061,IN,6093223,3713.6,FIXTURE:us_mix_gdp_pc_tilt
43-9071,IN,62120,3457.6,FIXTURE:us_mix_gdp_pc_tilt
43-9081,IN,11322,4384.0,FIXTURE:us_mix_gdp_pc_tilt
43-9111,IN,11643,4452.0,FIXTURE:us_mix_gdp_pc_tilt
43-9199,IN,475258,3893.6,FIXTURE:us_mix_gdp_pc_tilt
45-1011,IN,230168,5018.4,FIXTURE:us_mix_gdp_pc_tilt
45-2011,IN,118624,4392.8,FIXTURE:us_mix_gdp_pc_tilt
45-2021,IN,10949,4560.8,FIXTURE:us_mix_gdp_pc_tilt
45-2041,IN,207282,2914.4,FIXTURE:us_mix_gdp_pc_tilt
45-2091,IN,234613,3496.8,FIXTURE:us_mix_gdp_pc_tilt
45-2092,IN,2185604,3010.4,FIXTURE:us_mix_gdp_pc_tilt
45-2093,IN,270093,3140.8,FIXTURE:us_mix_gdp_pc_tilt
45-2099,IN,29800,3640.8,FIXTURE:us_mix_gdp_pc_tilt
45-4011,IN,49804,3494.4,FIXTURE:us_mix_gdp_pc_tilt
45-4021,IN,25766,4568.8,FIXTURE:us_mix_gdp_pc_tilt
45-4022,IN,173367,4255.2,FIXTURE:us_mix_gdp_pc_tilt
45-4023,IN,25272,3821.6,FIXTURE:us_mix_gdp_pc_tilt
45-4029,IN,13994,4232.8,FIXTURE:us_mix_gdp_pc_tilt
47-1011,IN,6686136,6916.0,FIXTURE:us_mix_gdp_pc_tilt
47-2011,IN,83884,6407.2,FIXTURE:us_mix_gdp_pc_tilt
47-2021,IN,432593,5462.4,FIXTURE:us_mix_gdp_pc_tilt
47-2022,IN,64374,4856.8,FIXTURE:us_mix_gdp_pc_tilt
47-2031,IN,5516200,5250.4,FIXTURE:us_mix_gdp_pc_tilt
47-2041,IN,113437,4559.2,FIXTURE:us_mix_gdp_pc_tilt
47-2042,IN,194605,4940.8,FIXTURE:us_mix_gdp_pc_tilt
47-2043,IN,30623,4196.8,FIXTURE:us_mix_gdp_pc_tilt
47-2044,IN,295118,4740.0,FIXTURE:us_mix_gdp_pc_tilt
47-2051,IN,1697197,4804.0,FIXTURE:us_mix_gdp_pc_tilt
47-2053,IN,9714,6793.6,FIXTURE:us_mix_gdp_pc_tilt
47-2061,IN,9028724,4162.4,FIXTURE:us_mix_gdp_pc_tilt
47-2071,IN,344263,4720.0,FIXTURE:us_mix_gdp_pc_tilt
47-2072,IN,19016,6456.8,FIXTURE:us_mix_gdp_pc_tilt
47-2073,IN,3935651,5303.2,FIXTURE:us_mix_gdp_pc_tilt
47-2081,IN,683917,5088.0,FIXTURE:us_mix_gdp_pc_tilt
47-2082,IN,105699,5816.8,FIXTURE:us_mix_gdp_pc_tilt
47-2111,IN,6233457,5719.2,FIXTURE:us_mix_gdp_pc_tilt
47-2121,IN,481409,4777.6,FIXTURE:us_mix_gdp_pc_tilt
47-2131,IN,365831,4379.2,FIXTURE:us_mix_gdp_pc_tilt
47-2132,IN,211234,5242.4,FIXTURE:us_mix_gdp_pc_tilt
47-2141,IN,1853771,4433.6,FIXTURE:us_mix_gdp_pc_tilt
47-2142,IN,12924,4298.4,FIXTURE:us_mix_gdp_pc_tilt
47-2151,IN,272069,4376.0,FIXTURE:us_mix_gdp_pc_tilt
47-2152,IN,3834808,5773.6,FIXTURE:us_mix_gdp_pc_tilt
47-2161,IN,158960,4964.0,FIXTURE:us_mix_gdp_pc_tilt
47-2171,IN,113602,5284.8,FIXTURE:us_mix_gdp_pc_tilt
47-2181,IN,1115358,4651.2,FIXTURE:us_mix_gdp_pc_tilt
47-2211,IN,985950,5428.0,FIXTURE:us_mix_gdp_pc_tilt
47-2221,IN,562906,5622.4,FIXTURE:us_mix_gdp_pc_tilt
47-2231,IN,258074,4632.0,FIXTURE:us_mix_gdp_pc_tilt
47-3011,IN,116648,4073.6,FIXTURE:us_mix_gdp_pc_tilt
47-3012,IN,178470,3524.0,FIXTURE:us_mix_gdp_pc_tilt
47-3013,IN,523804,3526.4,FIXTURE:us_mix_gdp_pc_tilt
47-3014,IN,61658,3395.2,FIXTURE:us_mix_gdp_pc_tilt
47-3015,IN,364926,3498.4,FIXTURE:us_mix_gdp_pc_tilt
47-3016,IN,49639,3612.0,FIXTURE:us_mix_gdp_pc_tilt
47-3019,IN,203907,3611.2,FIXTURE:us_mix_gdp_pc_tilt
47-4011,IN,1207803,6218.4,FIXTURE:us_mix_gdp_pc_tilt
47-4021,IN,195840,8785.6,FIXTURE:us_mix_gdp_pc_tilt
47-4031,IN,201520,4042.4,FIXTURE:us_mix_gdp_pc_tilt
47-4041,IN,425678,4514.4,FIXTURE:us_mix_gdp_pc_tilt
47-4051,IN,1275635,4246.4,FIXTURE:us_mix_gdp_pc_tilt
47-4061,IN,161183,5499.2,FIXTURE:us_mix_gdp_pc_tilt
47-4071,IN,252312,4280.0,FIXTURE:us_mix_gdp_pc_tilt
47-4090,IN,233625,4410.4,FIXTURE:us_mix_gdp_pc_tilt
47-5011,IN,87177,4816.8,FIXTURE:us_mix_gdp_pc_tilt
47-5012,IN,103724,5770.4,FIXTURE:us_mix_gdp_pc_tilt
47-5013,IN,355130,4997.6,FIXTURE:us_mix_gdp_pc_tilt
47-5022,IN,283840,4794.4,FIXTURE:us_mix_gdp_pc_tilt
47-5023,IN,160113,5026.4,FIXTURE:us_mix_gdp_pc_tilt
47-5032,IN,41983,5331.2,FIXTURE:us_mix_gdp_pc_tilt
47-5041,IN,115248,5204.0,FIXTURE:us_mix_gdp_pc_tilt
47-5043,IN,17781,6248.0,FIXTURE:us_mix_gdp_pc_tilt
47-5044,IN,48816,5699.2,FIXTURE:us_mix_gdp_pc_tilt
47-5049,IN,26178,5588.8,FIXTURE:us_mix_gdp_pc_tilt
47-5051,IN,27330,4120.0,FIXTURE:us_mix_gdp_pc_tilt
47-5071,IN,370194,3936.0,FIXTURE:us_mix_gdp_pc_tilt
47-5081,IN,55155,4049.6,FIXTURE:us_mix_gdp_pc_tilt
47-5099,IN,45605,4631.2,FIXTURE:us_mix_gdp_pc_tilt
49-1011,IN,1526433,6817.6,FIXTURE:us_mix_gdp_pc_tilt
49-2011,IN,162160,4070.4,FIXTURE:us_mix_gdp_pc_tilt
49-2021,IN,27538,5589.6,FIXTURE:us_mix_gdp_pc_tilt
49-2022,IN,348348,5480.0,FIXTURE:us_mix_gdp_pc_tilt
49-2091,IN,46547,6670.4,FIXTURE:us_mix_gdp_pc_tilt
49-2092,IN,35720,4688.8,FIXTURE:us_mix_gdp_pc_tilt
49-2093,IN,17155,6664.0,FIXTURE:us_mix_gdp_pc_tilt
49-2094,IN,160702,6045.6,FIXTURE:us_mix_gdp_pc_tilt
49-2095,IN,51219,8060.8,FIXTURE:us_mix_gdp_pc_tilt
49-2096,IN,21135,4124.8,FIXTURE:us_mix_gdp_pc_tilt
49-2097,IN,48895,4634.4,FIXTURE:us_mix_gdp_pc_tilt
49-2098,IN,213429,4876.8,FIXTURE:us_mix_gdp_pc_tilt
49-3011,IN,341352,6779.2,FIXTURE:us_mix_gdp_pc_tilt
49-3021,IN,369088,4775.2,FIXTURE:us_mix_gdp_pc_tilt
49-3022,IN,50205,4034.4,FIXTURE:us_mix_gdp_pc_tilt
49-3023,IN,1741839,4513.6,FIXTURE:us_mix_gdp_pc_tilt
49-3031,IN,716768,5145.6,FIXTURE:us_mix_gdp_pc_tilt
49-3041,IN,93613,4583.2,FIXTURE:us_mix_gdp_pc_tilt
49-3042,IN,436547,5539.2,FIXTURE:us_mix_gdp_pc_tilt
49-3043,IN,52776,5654.4,FIXTURE:us_mix_gdp_pc_tilt
49-3051,IN,57399,4645.6,FIXTURE:us_mix_gdp_pc_tilt
49-3052,IN,33396,4189.6,FIXTURE:us_mix_gdp_pc_tilt
49-3053,IN,89139,3999.2,FIXTURE:us_mix_gdp_pc_tilt
49-3091,IN,30084,3418.4,FIXTURE:us_mix_gdp_pc_tilt
49-3092,IN,43086,4515.2,FIXTURE:us_mix_gdp_pc_tilt
49-3093,IN,267985,3213.6,FIXTURE:us_mix_gdp_pc_tilt
49-9011,IN,67039,4603.2,FIXTURE:us_mix_gdp_pc_tilt
49-9012,IN,119247,6096.8,FIXTURE:us_mix_gdp_pc_tilt
49-9021,IN,1012686,5182.4,FIXTURE:us_mix_gdp_pc_tilt
49-9031,IN,79473,4483.2,FIXTURE:us_mix_gdp_pc_tilt
49-9041,IN,1086771,5476.8,FIXTURE:us_mix_gdp_pc_tilt
49-9043,IN,148367,5168.8,FIXTURE:us_mix_gdp_pc_tilt
49-9044,IN,99694,5582.4,FIXTURE:us_mix_gdp_pc_tilt
49-9045,IN,2670,5101.6,FIXTURE:us_mix_gdp_pc_tilt
49-9051,IN,323999,7357.6,FIXTURE:us_mix_gdp_pc_tilt
49-9052,IN,241560,5915.2,FIXTURE:us_mix_gdp_pc_tilt
49-9061,IN,4079,4483.2,FIXTURE:us_mix_gdp_pc_tilt
49-9062,IN,163124,5274.4,FIXTURE:us_mix_gdp_pc_tilt
49-9063,IN,13299,3996.8,FIXTURE:us_mix_gdp_pc_tilt
49-9064,IN,3238,5667.2,FIXTURE:us_mix_gdp_pc_tilt
49-9069,IN,23236,5694.4,FIXTURE:us_mix_gdp_pc_tilt
49-9071,IN,3781351,4302.4,FIXTURE:us_mix_gdp_pc_tilt
49-9081,IN,24670,5518.4,FIXTURE:us_mix_gdp_pc_tilt
49-9091,IN,65284,3981.6,FIXTURE:us_mix_gdp_pc_tilt
49-9092,IN,8528,7065.6,FIXTURE:us_mix_gdp_pc_tilt
49-9094,IN,37178,4437.6,FIXTURE:us_mix_gdp_pc_tilt
49-9095,IN,7465,3632.8,FIXTURE:us_mix_gdp_pc_tilt
49-9096,IN,55693,5344.8,FIXTURE:us_mix_gdp_pc_tilt
49-9097,IN,21555,7232.8,FIXTURE:us_mix_gdp_pc_tilt
49-9098,IN,236270,3319.2,FIXTURE:us_mix_gdp_pc_tilt
49-9099,IN,435806,4308.0,FIXTURE:us_mix_gdp_pc_tilt
51-1011,IN,5543695,6128.0,FIXTURE:us_mix_gdp_pc_tilt
51-2011,IN,280054,5713.6,FIXTURE:us_mix_gdp_pc_tilt
51-2021,IN,105699,4037.6,FIXTURE:us_mix_gdp_pc_tilt
51-2028,IN,2033064,3812.8,FIXTURE:us_mix_gdp_pc_tilt
51-2031,IN,279889,4623.2,FIXTURE:us_mix_gdp_pc_tilt
51-2041,IN,431029,4322.4,FIXTURE:us_mix_gdp_pc_tilt
51-2051,IN,133112,3964.0,FIXTURE:us_mix_gdp_pc_tilt
51-2061,IN,2058,4537.6,FIXTURE:us_mix_gdp_pc_tilt
51-2090,IN,11566247,3732.8,FIXTURE:us_mix_gdp_pc_tilt
51-3011,IN,1944405,3078.4,FIXTURE:us_mix_gdp_pc_tilt
51-3021,IN,1123096,3390.4,FIXTURE:us_mix_gdp_pc_tilt
51-3022,IN,1199407,3142.4,FIXTURE:us_mix_gdp_pc_tilt
51-3023,IN,575830,3341.6,FIXTURE:us_mix_gdp_pc_tilt
51-3091,IN,167686,3674.4,FIXTURE:us_mix_gdp_pc_tilt
51-3092,IN,1436654,3500.0,FIXTURE:us_mix_gdp_pc_tilt
51-3093,IN,257251,3405.6,FIXTURE:us_mix_gdp_pc_tilt
51-3099,IN,535082,3224.0,FIXTURE:us_mix_gdp_pc_tilt
51-4021,IN,500837,3958.4,FIXTURE:us_mix_gdp_pc_tilt
51-4022,IN,73512,4134.4,FIXTURE:us_mix_gdp_pc_tilt
51-4023,IN,207859,4257.6,FIXTURE:us_mix_gdp_pc_tilt
51-4031,IN,1409323,3874.4,FIXTURE:us_mix_gdp_pc_tilt
51-4032,IN,38526,4144.8,FIXTURE:us_mix_gdp_pc_tilt
51-4033,IN,551546,3853.6,FIXTURE:us_mix_gdp_pc_tilt
51-4034,IN,137557,4199.2,FIXTURE:us_mix_gdp_pc_tilt
51-4035,IN,102571,4539.2,FIXTURE:us_mix_gdp_pc_tilt
51-4041,IN,2363004,4745.6,FIXTURE:us_mix_gdp_pc_tilt
51-4051,IN,138133,4439.2,FIXTURE:us_mix_gdp_pc_tilt
51-4052,IN,37538,4343.2,FIXTURE:us_mix_gdp_pc_tilt
51-4061,IN,21486,5485.6,FIXTURE:us_mix_gdp_pc_tilt
51-4062,IN,12101,4848.8,FIXTURE:us_mix_gdp_pc_tilt
51-4071,IN,105288,3988.8,FIXTURE:us_mix_gdp_pc_tilt
51-4072,IN,1238673,3676.8,FIXTURE:us_mix_gdp_pc_tilt
51-4081,IN,1025628,4002.4,FIXTURE:us_mix_gdp_pc_tilt
51-4111,IN,468649,5348.8,FIXTURE:us_mix_gdp_pc_tilt
51-4121,IN,3426253,4540.8,FIXTURE:us_mix_gdp_pc_tilt
51-4122,IN,260132,4017.6,FIXTURE:us_mix_gdp_pc_tilt
51-4191,IN,115248,4036.0,FIXTURE:us_mix_gdp_pc_tilt
51-4192,IN,49145,5321.6,FIXTURE:us_mix_gdp_pc_tilt
51-4193,IN,266800,3608.0,FIXTURE:us_mix_gdp_pc_tilt
51-4194,IN,46099,4259.2,FIXTURE:us_mix_gdp_pc_tilt
51-4199,IN,130889,3886.4,FIXTURE:us_mix_gdp_pc_tilt
51-5111,IN,196252,4064.0,FIXTURE:us_mix_gdp_pc_tilt
51-5112,IN,1187552,3788.8,FIXTURE:us_mix_gdp_pc_tilt
51-5113,IN,273139,3556.8,FIXTURE:us_mix_gdp_pc_tilt
51-6011,IN,1630271,2793.6,FIXTURE:us_mix_gdp_pc_tilt
51-6021,IN,215021,2771.2,FIXTURE:us_mix_gdp_pc_tilt
51-6031,IN,863375,3008.0,FIXTURE:us_mix_gdp_pc_tilt
51-6041,IN,61329,3132.8,FIXTURE:us_mix_gdp_pc_tilt
51-6042,IN,27001,2902.4,FIXTURE:us_mix_gdp_pc_tilt
51-6051,IN,18028,2976.8,FIXTURE:us_mix_gdp_pc_tilt
51-6052,IN,114590,3611.2,FIXTURE:us_mix_gdp_pc_tilt
51-6061,IN,43712,3230.4,FIXTURE:us_mix_gdp_pc_tilt
51-6062,IN,74088,3162.4,FIXTURE:us_mix_gdp_pc_tilt
51-6063,IN,107263,3257.6,FIXTURE:us_mix_gdp_pc_tilt
51-6064,IN,181269,3209.6,FIXTURE:us_mix_gdp_pc_tilt
51-6091,IN,105782,3886.4,FIXTURE:us_mix_gdp_pc_tilt
51-6092,IN,24284,5713.6,FIXTURE:us_mix_gdp_pc_tilt
51-6093,IN,165793,3787.2,FIXTURE:us_mix_gdp_pc_tilt
51-6099,IN,111379,3244.8,FIXTURE:us_mix_gdp_pc_tilt
51-7011,IN,635266,3863.2,FIXTURE:us_mix_gdp_pc_tilt
51-7021,IN,119200,3624.0,FIXTURE:us_mix_gdp_pc_tilt
51-7031,IN,2305,5093.6,FIXTURE:us_mix_gdp_pc_tilt
51-7032,IN,1811,4339.2,FIXTURE:us_mix_gdp_pc_tilt
51-7041,IN,336278,3486.4,FIXTURE:us_mix_gdp_pc_tilt
51-7042,IN,505611,3485.6,FIXTURE:us_mix_gdp_pc_tilt
51-7099,IN,45194,3685.6,FIXTURE:us_mix_gdp_pc_tilt
51-8011,IN,42395,9710.4,FIXTURE:us_mix_gdp_pc_tilt
51-8012,IN,70137,8905.6,FIXTURE:us_mix_gdp_pc_tilt
51-8013,IN,241363,7983.2,FIXTURE:us_mix_gdp_pc_tilt
51-8021,IN,232555,6716.8,FIXTURE:us_mix_gdp_pc_tilt
51-8031,IN,1057733,5003.2,FIXTURE:us_mix_gdp_pc_tilt
51-8091,IN,136734,6397.6,FIXTURE:us_mix_gdp_pc_tilt
51-8092,IN,148423,7096.8,FIXTURE:us_mix_gdp_pc_tilt
51-8093,IN,272974,7250.4,FIXTURE:us_mix_gdp_pc_tilt
51-8099,IN,115907,5256.0,FIXTURE:us_mix_gdp_pc_tilt
51-9011,IN,1149438,4856.8,FIXTURE:us_mix_gdp_pc_tilt
51-9012,IN,494745,4482.4,FIXTURE:us_mix_gdp_pc_tilt
51-9021,IN,214033,4110.4,FIXTURE:us_mix_gdp_pc_tilt
51-9022,IN,86519,3601.6,FIXTURE:us_mix_gdp_pc_tilt
51-9023,IN,781384,4167.2,FIXTURE:us_mix_gdp_pc_tilt
51-9031,IN,49886,3284.0,FIXTURE:us_mix_gdp_pc_tilt
51-9032,IN,370277,3796.8,FIXTURE:us_mix_gdp_pc_tilt
51-9041,IN,483796,3780.8,FIXTURE:us_mix_gdp_pc_tilt
51-9051,IN,117553,4075.2,FIXTURE:us_mix_gdp_pc_tilt
51-9061,IN,4917567,4276.0,FIXTURE:us_mix_gdp_pc_tilt
51-9071,IN,184727,4636.8,FIXTURE:us_mix_gdp_pc_tilt
51-9081,IN,283264,4343.2,FIXTURE:us_mix_gdp_pc_tilt
51-9082,IN,92857,4218.4,FIXTURE:us_mix_gdp_pc_tilt
51-9083,IN,153610,3455.2,FIXTURE:us_mix_gdp_pc_tilt
51-9111,IN,3120433,3567.2,FIXTURE:us_mix_gdp_pc_tilt
51-9123,IN,65362,3616.8,FIXTURE:us_mix_gdp_pc_tilt
51-9124,IN,1306752,4209.6,FIXTURE:us_mix_gdp_pc_tilt
51-9141,IN,258980,4814.4,FIXTURE:us_mix_gdp_pc_tilt
51-9151,IN,39514,3684.0,FIXTURE:us_mix_gdp_pc_tilt
51-9161,IN,1394917,4345.6,FIXTURE:us_mix_gdp_pc_tilt
51-9162,IN,234613,5776.8,FIXTURE:us_mix_gdp_pc_tilt
51-9191,IN,94668,3748.0,FIXTURE:us_mix_gdp_pc_tilt
51-9192,IN,121505,3568.0,FIXTURE:us_mix_gdp_pc_tilt
51-9193,IN,56801,3595.2,FIXTURE:us_mix_gdp_pc_tilt
51-9194,IN,63798,3705.6,FIXTURE:us_mix_gdp_pc_tilt
51-9195,IN,273221,3800.0,FIXTURE:us_mix_gdp_pc_tilt
51-9196,IN,791345,4227.2,FIXTURE:us_mix_gdp_pc_tilt
51-9197,IN,170979,4572.8,FIXTURE:us_mix_gdp_pc_tilt
51-9198,IN,1364047,3289.6,FIXTURE:us_mix_gdp_pc_tilt
51-9199,IN,2072002,3550.4,FIXTURE:us_mix_gdp_pc_tilt
53-1041,IN,80345,5200.8,FIXTURE:us_mix_gdp_pc_tilt
53-1047,IN,5133822,5348.8,FIXTURE:us_mix_gdp_pc_tilt
53-2011,IN,852509,23092.0,FIXTURE:us_mix_gdp_pc_tilt
53-2012,IN,392092,11686.4,FIXTURE:us_mix_gdp_pc_tilt
53-2021,IN,185303,11719.2,FIXTURE:us_mix_gdp_pc_tilt
53-2022,IN,125045,5088.8,FIXTURE:us_mix_gdp_pc_tilt
53-2031,IN,1083747,6195.2,FIXTURE:us_mix_gdp_pc_tilt
53-3011,IN,103971,2896.8,FIXTURE:us_mix_gdp_pc_tilt
53-3031,IN,3368381,3258.4,FIXTURE:us_mix_gdp_pc_tilt
53-3032,IN,16974772,4776.8,FIXTURE:us_mix_gdp_pc_tilt
53-3033,IN,8094554,3901.6,FIXTURE:us_mix_gdp_pc_tilt
53-3051,IN,3316931,3874.4,FIXTURE:us_mix_gdp_pc_tilt
53-3052,IN,1310868,4822.4,FIXTURE:us_mix_gdp_pc_tilt
53-3053,IN,2045906,3190.4,FIXTURE:us_mix_gdp_pc_tilt
53-3054,IN,337925,3994.4,FIXTURE:us_mix_gdp_pc_tilt
53-3099,IN,385917,3394.4,FIXTURE:us_mix_gdp_pc_tilt
53-4011,IN,275526,6872.0,FIXTURE:us_mix_gdp_pc_tilt
53-4013,IN,32270,5476.0,FIXTURE:us_mix_gdp_pc_tilt
53-4022,IN,102077,5522.4,FIXTURE:us_mix_gdp_pc_tilt
53-4031,IN,382295,6328.0,FIXTURE:us_mix_gdp_pc_tilt
53-4041,IN,83967,6173.6,FIXTURE:us_mix_gdp_pc_tilt
53-4099,IN,9220,4811.2,FIXTURE:us_mix_gdp_pc_tilt
53-5011,IN,260708,4546.4,FIXTURE:us_mix_gdp_pc_tilt
53-5021,IN,303350,8297.6,FIXTURE:us_mix_gdp_pc_tilt
53-5022,IN,20415,4501.6,FIXTURE:us_mix_gdp_pc_tilt
53-5031,IN,69149,8943.2,FIXTURE:us_mix_gdp_pc_tilt
53-6011,IN,25025,4429.6,FIXTURE:us_mix_gdp_pc_tilt
53-6021,IN,1135032,2799.2,FIXTURE:us_mix_gdp_pc_tilt
53-6031,IN,839749,2942.4,FIXTURE:us_mix_gdp_pc_tilt
53-6032,IN,257662,3466.4,FIXTURE:us_mix_gdp_pc_tilt
53-6041,IN,64704,4964.0,FIXTURE:us_mix_gdp_pc_tilt
53-6051,IN,201685,7083.2,FIXTURE:us_mix_gdp_pc_tilt
53-6061,IN,223170,3025.6,FIXTURE:us_mix_gdp_pc_tilt
53-6099,IN,111544,4071.2,FIXTURE:us_mix_gdp_pc_tilt
53-7011,IN,188760,3606.4,FIXTURE:us_mix_gdp_pc_tilt
53-7021,IN,353072,5770.4,FIXTURE:us_mix_gdp_pc_tilt
53-7031,IN,8561,4489.6,FIXTURE:us_mix_gdp_pc_tilt
53-7041,IN,21403,5416.8,FIXTURE:us_mix_gdp_pc_tilt
53-7051,IN,6375048,3869.6,FIXTURE:us_mix_gdp_pc_tilt
53-7061,IN,3131711,2958.4,FIXTURE:us_mix_gdp_pc_tilt
53-7062,IN,24286789,3380.8,FIXTURE:us_mix_gdp_pc_tilt
53-7063,IN,348462,3492.8,FIXTURE:us_mix_gdp_pc_tilt
53-7064,IN,4608454,3003.2,FIXTURE:us_mix_gdp_pc_tilt
53-7065,IN,23328005,3163.2,FIXTURE:us_mix_gdp_pc_tilt
53-7071,IN,28894,5968.8,FIXTURE:us_mix_gdp_pc_tilt
53-7072,IN,80509,5116.8,FIXTURE:us_mix_gdp_pc_tilt
53-7073,IN,148094,5629.6,FIXTURE:us_mix_gdp_pc_tilt
53-7081,IN,1212084,4225.6,FIXTURE:us_mix_gdp_pc_tilt
53-7121,IN,88083,4797.6,FIXTURE:us_mix_gdp_pc_tilt
53-7199,IN,193288,3651.2,FIXTURE:us_mix_gdp_pc_tilt
11-1011,JP,77024,175259.5,FIXTURE:us_mix_gdp_pc_tilt
11-1021,JP,1320370,87711.0,FIXTURE:us_mix_gdp_pc_tilt
11-1031,JP,16807,37121.5,FIXTURE:us_mix_gdp_pc_tilt
11-2011,JP,8093,100282.0,FIXTURE:us_mix_gdp_pc_tilt
11-2021,JP,148975,115550.5,FIXTURE:us_mix_gdp_pc_tilt
11-2022,JP,240130,106827.5,FIXTURE:us_mix_gdp_pc_tilt
11-2032,JP,28213,107094.0,FIXTURE:us_mix_gdp_pc_tilt
11-2033,JP,14628,91013.0,FIXTURE:us_mix_gdp_pc_tilt
11-3012,JP,99493,84415.5,FIXTURE:us_mix_gdp_pc_tilt
11-3013,JP,58868,75978.5,FIXTURE:us_mix_gdp_pc_tilt
11-3021,JP,252754,124904.0,FIXTURE:us_mix_gdp_pc_tilt
11-3031,JP,317260,121491.5,FIXTURE:us_mix_gdp_pc_tilt
11-3051,JP,92817,87210.5,FIXTURE:us_mix_gdp_pc_tilt
11-3061,JP,31782,101634.0,FIXTURE:us_mix_gdp_pc_tilt
11-3071,JP,83368,79040.0,FIXTURE:us_mix_gdp_pc_tilt
11-3111,JP,8647,105716.0,FIXTURE:us_mix_gdp_pc_tilt
11-3121,JP,83172,106749.5,FIXTURE:us_mix_gdp_pc_tilt
11-3131,JP,18111,96440.5,FIXTURE:us_mix_gdp_pc_tilt
11-9013,JP,2450,64883.0,FIXTURE:us_mix_gdp_pc_tilt
11-9021,JP,143367,80834.0,FIXTURE:us_mix_gdp_pc_tilt
11-9031,JP,27764,42120.0,FIXTURE:us_mix_gdp_pc_tilt
11-9032,JP,123755,75465.0,FIXTURE:us_mix_gdp_pc_tilt
11-9033,JP,68023,82251.0,FIXTURE:us_mix_gdp_pc_tilt
11-9039,JP,20780,66235.0,FIXTURE:us_mix_gdp_pc_tilt
11-9041,JP,83021,118001.0,FIXTURE:us_mix_gdp_pc_tilt
11-9051,JP,89870,48672.0,FIXTURE:us_mix_gdp_pc_tilt
11-9071,JP,1896,66982.5,FIXTURE:us_mix_gdp_pc_tilt
11-9072,JP,14316,58337.5,FIXTURE:us_mix_gdp_pc_tilt
11-9081,JP,16064,51181.0,FIXTURE:us_mix_gdp_pc_tilt
11-9111,JP,225053,91630.5,FIXTURE:us_mix_gdp_pc_tilt
11-9121,JP,40968,117162.5,FIXTURE:us_mix_gdp_pc_tilt
11-9131,JP,5205,63284.0,FIXTURE:us_mix_gdp_pc_tilt
11-9141,JP,117291,54411.5,FIXTURE:us_mix_gdp_pc_tilt
11-9151,JP,78901,57772.0,FIXTURE:us_mix_gdp_pc_tilt
11-9161,JP,5088,66573.0,FIXTURE:us_mix_gdp_pc_tilt
11-9171,JP,5243,60346.0,FIXTURE:us_mix_gdp_pc_tilt
11-9179,JP,3939,50823.5,FIXTURE:us_mix_gdp_pc_tilt
11-9199,JP,234518,100028.5,FIXTURE:us_mix_gdp_pc_tilt
13-1011,JP,4757,92027.0,FIXTURE:us_mix_gdp_pc_tilt
13-1020,JP,185232,54450.5,FIXTURE:us_mix_gdp_pc_tilt
13-1031,JP,122210,52305.5,FIXTURE:us_mix_gdp_pc_tilt
13-1032,JP,4357,51285.0,FIXTURE:us_mix_gdp_pc_tilt
13-1041,JP,157203,57460.0,FIXTURE:us_mix_gdp_pc_tilt
13-1051,JP,84514,55503.5,FIXTURE:us_mix_gdp_pc_tilt
13-1071,JP,343916,53293.5,FIXTURE:us_mix_gdp_pc_tilt
13-1074,JP,117,38005.5,FIXTURE:us_mix_gdp_pc_tilt
13-1075,JP,24428,64168.0,FIXTURE:us_mix_gdp_pc_tilt
13-1081,JP,94623,58324.5,FIXTURE:us_mix_gdp_pc_tilt
13-1082,JP,402053,71981.0,FIXTURE:us_mix_gdp_pc_tilt
13-1111,JP,338583,73963.5,FIXTURE:us_mix_gdp_pc_tilt
13-1121,JP,53847,43238.0,FIXTURE:us_mix_gdp_pc_tilt
13-1131,JP,41854,50180.0,FIXTURE:us_mix_gdp_pc_tilt
13-1141,JP,42359,54814.5,FIXTURE:us_mix_gdp_pc_tilt
13-1151,JP,172744,49107.5,FIXTURE:us_mix_gdp_pc_tilt
13-1161,JP,339073,58168.5,FIXTURE:us_mix_gdp_pc_tilt
13-1199,JP,409750,61080.5,FIXTURE:us_mix_gdp_pc_tilt
13-2011,JP,546351,61587.5,FIXTURE:us_mix_gdp_pc_tilt
13-2020,JP,21511,49250.5,FIXTURE:us_mix_gdp_pc_tilt
13-2031,JP,17776,62640.5,FIXTURE:us_mix_gdp_pc_tilt
13-2041,JP,24270,65552.5,FIXTURE:us_mix_gdp_pc_tilt
13-2051,JP,136439,75920.0,FIXTURE:us_mix_gdp_pc_tilt
13-2052,JP,100563,101835.5,FIXTURE:us_mix_gdp_pc_tilt
13-2053,JP,39735,60905.0,FIXTURE:us_mix_gdp_pc_tilt
13-2054,JP,24067,80873.0,FIXTURE:us_mix_gdp_pc_tilt
13-2061,JP,25567,69056.0,FIXTURE:us_mix_gdp_pc_tilt
13-2071,JP,10467,37186.5,FIXTURE:us_mix_gdp_pc_tilt
13-2072,JP,103401,57063.5,FIXTURE:us_mix_gdp_pc_tilt
13-2081,JP,21338,45838.0,FIXTURE:us_mix_gdp_pc_tilt
13-2082,JP,28827,39604.5,FIXTURE:us_mix_gdp_pc_tilt
13-2099,JP,49803,60976.5,FIXTURE:us_mix_gdp_pc_tilt
15-1211,JP,195823,74496.5,FIXTURE:us_mix_gdp_pc_tilt
15-1212,JP,71860,86131.5,FIXTURE:us_mix_gdp_pc_tilt
15-1221,JP,14022,100054.5,FIXTURE:us_mix_gdp_pc_tilt
15-1231,JP,55102,53215.5,FIXTURE:us_mix_gdp_pc_tilt
15-1232,JP,270326,43764.5,FIXTURE:us_mix_gdp_pc_tilt
15-1241,JP,67748,90727.0,FIXTURE:us_mix_gdp_pc_tilt
15-1242,JP,26381,71558.5,FIXTURE:us_mix_gdp_pc_tilt
15-1243,JP,25307,93886.0,FIXTURE:us_mix_gdp_pc_tilt
15-1244,JP,118482,67392.0,FIXTURE:us_mix_gdp_pc_tilt
15-1251,JP,34764,68360.5,FIXTURE:us_mix_gdp_pc_tilt
15-1252,JP,636205,96265.0,FIXTURE:us_mix_gdp_pc_tilt
15-1253,JP,70387,72468.5,FIXTURE:us_mix_gdp_pc_tilt
15-1254,JP,26456,64200.5,FIXTURE:us_mix_gdp_pc_tilt
15-1255,JP,42717,76368.5,FIXTURE:us_mix_gdp_pc_tilt
15-1299,JP,164101,79449.5,FIXTURE:us_mix_gdp_pc_tilt
15-2011,JP,10053,91962.0,FIXTURE:us_mix_gdp_pc_tilt
15-2021,JP,765,84019.0,FIXTURE:us_mix_gdp_pc_tilt
15-2031,JP,40900,64824.5,FIXTURE:us_mix_gdp_pc_tilt
15-2041,JP,10942,75205.0,FIXTURE:us_mix_gdp_pc_tilt
15-2051,JP,98920,82420.0,FIXTURE:us_mix_gdp_pc_tilt
15-2099,JP,1402,59507.5,FIXTURE:us_mix_gdp_pc_tilt
17-1011,JP,40244,69069.0,FIXTURE:us_mix_gdp_pc_tilt
17-1012,JP,7388,57707.0,FIXTURE:us_mix_gdp_pc_tilt
17-1021,JP,5375,56348.5,FIXTURE:us_mix_gdp_pc_tilt
17-1022,JP,19159,52370.5,FIXTURE:us_mix_gdp_pc_tilt
17-2011,JP,25522,92339.0,FIXTURE:us_mix_gdp_pc_tilt
17-2021,JP,558,70349.5,FIXTURE:us_mix_gdp_pc_tilt
17-2031,JP,8850,75978.5,FIXTURE:us_mix_gdp_pc_tilt
17-2041,JP,7942,84487.0,FIXTURE:us_mix_gdp_pc_tilt
17-2051,JP,138648,70635.5,FIXTURE:us_mix_gdp_pc_tilt
17-2061,JP,28895,105735.5,FIXTURE:us_mix_gdp_pc_tilt
17-2071,JP,74914,81315.0,FIXTURE:us_mix_gdp_pc_tilt
17-2072,JP,36524,89232.0,FIXTURE:us_mix_gdp_pc_tilt
17-2081,JP,14451,73391.5,FIXTURE:us_mix_gdp_pc_tilt
17-2111,JP,8085,77850.5,FIXTURE:us_mix_gdp_pc_tilt
17-2112,JP,137856,71435.0,FIXTURE:us_mix_gdp_pc_tilt
17-2121,JP,3110,80717.0,FIXTURE:us_mix_gdp_pc_tilt
17-2131,JP,8583,78162.5,FIXTURE:us_mix_gdp_pc_tilt
17-2141,JP,111875,73846.5,FIXTURE:us_mix_gdp_pc_tilt
17-2151,JP,2292,75016.5,FIXTURE:us_mix_gdp_pc_tilt
17-2161,JP,5759,91273.0,FIXTURE:us_mix_gdp_pc_tilt
17-2171,JP,6807,102147.5,FIXTURE:us_mix_gdp_pc_tilt
17-2199,JP,58073,81464.5,FIXTURE:us_mix_gdp_pc_tilt
17-3011,JP,39087,45981.0,FIXTURE:us_mix_gdp_pc_tilt
17-3012,JP,6754,52832.0,FIXTURE:us_mix_gdp_pc_tilt
17-3013,JP,15062,48789.0,FIXTURE:us_mix_gdp_pc_tilt
17-3019,JP,5454,44362.5,FIXTURE:us_mix_gdp_pc_tilt
17-3021,JP,4252,59351.5,FIXTURE:us_mix_gdp_pc_tilt
17-3022,JP,25827,44843.5,FIXTURE:us_mix_gdp_pc_tilt
17-3023,JP,35857,52442.0,FIXTURE:us_mix_gdp_pc_tilt
17-3024,JP,5850,49673.0,FIXTURE:us_mix_gdp_pc_tilt
17-3025,JP,4595,42165.5,FIXTURE:us_mix_gdp_pc_tilt
17-3026,JP,28484,45955.0,FIXTURE:us_mix_gdp_pc_tilt
17-3027,JP,13641,49647.0,FIXTURE:us_mix_gdp_pc_tilt
17-3028,JP,6234,48210.5,FIXTURE:us_mix_gdp_pc_tilt
17-3029,JP,22589,52624.0,FIXTURE:us_mix_gdp_pc_tilt
17-3031,JP,21865,37700.0,FIXTURE:us_mix_gdp_pc_tilt
19-1011,JP,1168,57427.5,FIXTURE:us_mix_gdp_pc_tilt
19-1012,JP,4923,61984.0,FIXTURE:us_mix_gdp_pc_tilt
19-1013,JP,5929,57018.0,FIXTURE:us_mix_gdp_pc_tilt
19-1021,JP,12751,84396.0,FIXTURE:us_mix_gdp_pc_tilt
19-1022,JP,7139,63440.0,FIXTURE:us_mix_gdp_pc_tilt
19-1023,JP,6830,53963.0,FIXTURE:us_mix_gdp_pc_tilt
19-1029,JP,21051,69114.5,FIXTURE:us_mix_gdp_pc_tilt
19-1031,JP,9781,50134.5,FIXTURE:us_mix_gdp_pc_tilt
19-1032,JP,3931,51460.5,FIXTURE:us_mix_gdp_pc_tilt
19-1041,JP,4557,63628.5,FIXTURE:us_mix_gdp_pc_tilt
19-1042,JP,64959,75946.0,FIXTURE:us_mix_gdp_pc_tilt
19-1099,JP,2812,70109.0,FIXTURE:us_mix_gdp_pc_tilt
19-2011,JP,799,86398.0,FIXTURE:us_mix_gdp_pc_tilt
19-2012,JP,7701,111267.0,FIXTURE:us_mix_gdp_pc_tilt
19-2021,JP,3769,68971.5,FIXTURE:us_mix_gdp_pc_tilt
19-2031,JP,31198,65292.5,FIXTURE:us_mix_gdp_pc_tilt
19-2032,JP,3193,82017.0,FIXTURE:us_mix_gdp_pc_tilt
19-2041,JP,33640,59592.0,FIXTURE:us_mix_gdp_pc_tilt
19-2042,JP,8846,75497.5,FIXTURE:us_mix_gdp_pc_tilt
19-2043,JP,2205,67340.0,FIXTURE:us_mix_gdp_pc_tilt
19-2099,JP,8405,83999.5,FIXTURE:us_mix_gdp_pc_tilt
19-3011,JP,6705,92384.5,FIXTURE:us_mix_gdp_pc_tilt
19-3022,JP,3125,51727.0,FIXTURE:us_mix_gdp_pc_tilt
19-3032,JP,298,110649.5,FIXTURE:us_mix_gdp_pc_tilt
19-3033,JP,28642,73287.5,FIXTURE:us_mix_gdp_pc_tilt
19-3034,JP,24101,64454.0,FIXTURE:us_mix_gdp_pc_tilt
19-3039,JP,7094,72286.5,FIXTURE:us_mix_gdp_pc_tilt
19-3041,JP,852,74698.0,FIXTURE:us_mix_gdp_pc_tilt
19-3051,JP,16671,61587.5,FIXTURE:us_mix_gdp_pc_tilt
19-3091,JP,3389,49153.0,FIXTURE:us_mix_gdp_pc_tilt
19-3092,JP,528,66527.5,FIXTURE:us_mix_gdp_pc_tilt
19-3093,JP,1300,52806.0,FIXTURE:us_mix_gdp_pc_tilt
19-3094,JP,2088,92631.5,FIXTURE:us_mix_gdp_pc_tilt
19-3099,JP,13984,69998.5,FIXTURE:us_mix_gdp_pc_tilt
19-4012,JP,5703,34996.0,FIXTURE:us_mix_gdp_pc_tilt
19-4013,JP,5503,36829.0,FIXTURE:us_mix_gdp_pc_tilt
19-4021,JP,26241,39897.0,FIXTURE:us_mix_gdp_pc_tilt
19-4031,JP,21688,41535.0,FIXTURE:us_mix_gdp_pc_tilt
19-4042,JP,13068,39520.0,FIXTURE:us_mix_gdp_pc_tilt
19-4043,JP,2631,40215.5,FIXTURE:us_mix_gdp_pc_tilt
19-4044,JP,1070,45194.5,FIXTURE:us_mix_gdp_pc_tilt
19-4051,JP,2439,70811.0,FIXTURE:us_mix_gdp_pc_tilt
19-4061,JP,11549,42991.0,FIXTURE:us_mix_gdp_pc_tilt
19-4071,JP,11462,38389.0,FIXTURE:us_mix_gdp_pc_tilt
19-4092,JP,7207,51480.0,FIXTURE:us_mix_gdp_pc_tilt
19-4099,JP,27858,43082.0,FIXTURE:us_mix_gdp_pc_tilt
19-5011,JP,52999,61009.0,FIXTURE:us_mix_gdp_pc_tilt
19-5012,JP,11530,44278.0,FIXTURE:us_mix_gdp_pc_tilt
21-1012,JP,133171,46429.5,FIXTURE:us_mix_gdp_pc_tilt
21-1013,JP,25156,50024.0,FIXTURE:us_mix_gdp_pc_tilt
21-1015,JP,35710,33683.0,FIXTURE:us_mix_gdp_pc_tilt
21-1018,JP,185420,41886.0,FIXTURE:us_mix_gdp_pc_tilt
21-1019,JP,10772,37836.5,FIXTURE:us_mix_gdp_pc_tilt
21-1021,JP,147961,41600.0,FIXTURE:us_mix_gdp_pc_tilt
21-1022,JP,70722,46663.5,FIXTURE:us_mix_gdp_pc_tilt
21-1023,JP,50059,44219.5,FIXTURE:us_mix_gdp_pc_tilt
21-1029,JP,23720,49341.5,FIXTURE:us_mix_gdp_pc_tilt
21-1091,JP,24760,47632.0,FIXTURE:us_mix_gdp_pc_tilt
21-1092,JP,33693,47534.5,FIXTURE:us_mix_gdp_pc_tilt
21-1093,JP,165040,30998.5,FIXTURE:us_mix_gdp_pc_tilt
21-1094,JP,23241,36517.0,FIXTURE:us_mix_gdp_pc_tilt
21-1099,JP,40606,38733.5,FIXTURE:us_mix_gdp_pc_tilt
21-2011,JP,21560,43459.0,FIXTURE:us_mix_gdp_pc_tilt
21-2021,JP,8353,40365.0,FIXTURE:us_mix_gdp_pc_tilt
21-2099,JP,5940,35015.5,FIXTURE:us_mix_gdp_pc_tilt
23-1011,JP,284389,120796.0,FIXTURE:us_mix_gdp_pc_tilt
23-1012,JP,5009,47417.5,FIXTURE:us_mix_gdp_pc_tilt
23-1021,JP,6170,81893.5,FIXTURE:us_mix_gdp_pc_tilt
23-1022,JP,3471,59156.5,FIXTURE:us_mix_gdp_pc_tilt
23-1023,JP,9057,93489.5,FIXTURE:us_mix_gdp_pc_tilt
23-2011,JP,148086,45305.0,FIXTURE:us_mix_gdp_pc_tilt
23-2093,JP,18311,40527.5,FIXTURE:us_mix_gdp_pc_tilt
23-2099,JP,17625,58279.0,FIXTURE:us_mix_gdp_pc_tilt
25-1011,JP,30964,74568.0,FIXTURE:us_mix_gdp_pc_tilt
25-1021,JP,13373,67873.0,FIXTURE:us_mix_gdp_pc_tilt
25-1022,JP,17968,59507.5,FIXTURE:us_mix_gdp_pc_tilt
25-1031,JP,2902,65812.5,FIXTURE:us_mix_gdp_pc_tilt
25-1032,JP,15179,80938.0,FIXTURE:us_mix_gdp_pc_tilt
25-1041,JP,3362,66332.5,FIXTURE:us_mix_gdp_pc_tilt
25-1042,JP,18918,66846.0,FIXTURE:us_mix_gdp_pc_tilt
25-1043,JP,573,66592.5,FIXTURE:us_mix_gdp_pc_tilt
25-1051,JP,3732,75413.0,FIXTURE:us_mix_gdp_pc_tilt
25-1052,JP,7531,68386.5,FIXTURE:us_mix_gdp_pc_tilt
25-1053,JP,2522,67346.5,FIXTURE:us_mix_gdp_pc_tilt
25-1054,JP,4934,72449.0,FIXTURE:us_mix_gdp_pc_tilt
25-1061,JP,1975,69472.0,FIXTURE:us_mix_gdp_pc_tilt
25-1062,JP,4259,63914.5,FIXTURE:us_mix_gdp_pc_tilt
25-1063,JP,4357,90252.5,FIXTURE:us_mix_gdp_pc_tilt
25-1064,JP,1255,66527.5,FIXTURE:us_mix_gdp_pc_tilt
25-1065,JP,6396,70265.0,FIXTURE:us_mix_gdp_pc_tilt
25-1066,JP,15654,61009.0,FIXTURE:us_mix_gdp_pc_tilt
25-1067,JP,4467,63037.0,FIXTURE:us_mix_gdp_pc_tilt
25-1069,JP,6249,57453.5,FIXTURE:us_mix_gdp_pc_tilt
25-1071,JP,83402,95920.5,FIXTURE:us_mix_gdp_pc_tilt
25-1072,JP,29385,56166.5,FIXTURE:us_mix_gdp_pc_tilt
25-1081,JP,22928,51577.5,FIXTURE:us_mix_gdp_pc_tilt
25-1082,JP,1368,57271.5,FIXTURE:us_mix_gdp_pc_tilt
25-1111,JP,4957,56907.5,FIXTURE:us_mix_gdp_pc_tilt
25-1112,JP,7561,94100.5,FIXTURE:us_mix_gdp_pc_tilt
25-1113,JP,4753,54561.0,FIXTURE:us_mix_gdp_pc_tilt
25-1121,JP,35265,61555.0,FIXTURE:us_mix_gdp_pc_tilt
25-1122,JP,11089,58506.5,FIXTURE:us_mix_gdp_pc_tilt
25-1123,JP,21756,58227.0,FIXTURE:us_mix_gdp_pc_tilt
25-1124,JP,7474,58493.5,FIXTURE:us_mix_gdp_pc_tilt
25-1125,JP,7082,62777.0,FIXTURE:us_mix_gdp_pc_tilt
25-1126,JP,7712,59826.0,FIXTURE:us_mix_gdp_pc_tilt
25-1192,JP,1044,53261.0,FIXTURE:us_mix_gdp_pc_tilt
25-1193,JP,4761,56303.0,FIXTURE:us_mix_gdp_pc_tilt
25-1194,JP,43011,46839.0,FIXTURE:us_mix_gdp_pc_tilt
25-1199,JP,56478,58909.5,FIXTURE:us_mix_gdp_pc_tilt
25-2011,JP,180463,27969.5,FIXTURE:us_mix_gdp_pc_tilt
25-2012,JP,41036,45090.5,FIXTURE:us_mix_gdp_pc_tilt
25-2021,JP,523317,47222.5,FIXTURE:us_mix_gdp_pc_tilt
25-2022,JP,233726,46819.5,FIXTURE:us_mix_gdp_pc_tilt
25-2023,JP,6359,46533.5,FIXTURE:us_mix_gdp_pc_tilt
25-2031,JP,401503,49608.0,FIXTURE:us_mix_gdp_pc_tilt
25-2032,JP,41997,47242.0,FIXTURE:us_mix_gdp_pc_tilt
25-2051,JP,11123,49647.0,FIXTURE:us_mix_gdp_pc_tilt
25-2052,JP,98328,47222.5,FIXTURE:us_mix_gdp_pc_tilt
25-2057,JP,35883,47957.0,FIXTURE:us_mix_gdp_pc_tilt
25-2058,JP,61789,50219.0,FIXTURE:us_mix_gdp_pc_tilt
25-2059,JP,12789,51837.5,FIXTURE:us_mix_gdp_pc_tilt
25-3011,JP,14063,42809.0,FIXTURE:us_mix_gdp_pc_tilt
25-3021,JP,125180,35581.0,FIXTURE:us_mix_gdp_pc_tilt
25-3031,JP,197798,30173.0,FIXTURE:us_mix_gdp_pc_tilt
25-3041,JP,65988,31232.5,FIXTURE:us_mix_gdp_pc_tilt
25-3099,JP,42890,48022.0,FIXTURE:us_mix_gdp_pc_tilt
25-4011,JP,3004,45916.0,FIXTURE:us_mix_gdp_pc_tilt
25-4012,JP,4580,46514.0,FIXTURE:us_mix_gdp_pc_tilt
25-4013,JP,4640,37316.5,FIXTURE:us_mix_gdp_pc_tilt
25-4022,JP,50429,47346.0,FIXTURE:us_mix_gdp_pc_tilt
25-4031,JP,25891,29575.0,FIXTURE:us_mix_gdp_pc_tilt
25-9021,JP,3098,39689.0,FIXTURE:us_mix_gdp_pc_tilt
25-9031,JP,85848,52598.0,FIXTURE:us_mix_gdp_pc_tilt
25-9044,JP,61849,30985.5,FIXTURE:us_mix_gdp_pc_tilt
25-9045,JP,535363,24888.5,FIXTURE:us_mix_gdp_pc_tilt
25-9099,JP,44699,38389.0,FIXTURE:us_mix_gdp_pc_tilt
27-1011,JP,20003,84136.0,FIXTURE:us_mix_gdp_pc_tilt
27-1012,JP,1726,32331.0,FIXTURE:us_mix_gdp_pc_tilt
27-1013,JP,4229,47547.5,FIXTURE:us_mix_gdp_pc_tilt
27-1014,JP,7527,73365.5,FIXTURE:us_mix_gdp_pc_tilt
27-1019,JP,2612,52344.5,FIXTURE:us_mix_gdp_pc_tilt
27-1021,JP,12623,60619.0,FIXTURE:us_mix_gdp_pc_tilt
27-1022,JP,8085,59299.5,FIXTURE:us_mix_gdp_pc_tilt
27-1023,JP,15299,25688.0,FIXTURE:us_mix_gdp_pc_tilt
27-1024,JP,74567,45864.0,FIXTURE:us_mix_gdp_pc_tilt
27-1025,JP,26950,48451.0,FIXTURE:us_mix_gdp_pc_tilt
27-1026,JP,62275,27839.5,FIXTURE:us_mix_gdp_pc_tilt
27-1027,JP,4007,54054.0,FIXTURE:us_mix_gdp_pc_tilt
27-1029,JP,3573,51408.5,FIXTURE:us_mix_gdp_pc_tilt
27-2011,JP,20731,42965.0,FIXTURE:us_mix_gdp_pc_tilt
27-2012,JP,53945,73645.0,FIXTURE:us_mix_gdp_pc_tilt
27-2021,JP,5680,134017.0,FIXTURE:us_mix_gdp_pc_tilt
27-2022,JP,93835,39104.0,FIXTURE:us_mix_gdp_pc_tilt
27-2023,JP,5948,34456.5,FIXTURE:us_mix_gdp_pc_tilt
27-2031,JP,3064,42965.0,FIXTURE:us_mix_gdp_pc_tilt
27-2032,JP,1078,47515.0,FIXTURE:us_mix_gdp_pc_tilt
27-2041,JP,4727,58805.5,FIXTURE:us_mix_gdp_pc_tilt
27-2042,JP,13637,42965.0,FIXTURE:us_mix_gdp_pc_tilt
27-2091,JP,2985,42965.0,FIXTURE:us_mix_gdp_pc_tilt
27-2099,JP,6238,42965.0,FIXTURE:us_mix_gdp_pc_tilt
27-3011,JP,8006,51168.0,FIXTURE:us_mix_gdp_pc_tilt
27-3023,JP,14794,66599.0,FIXTURE:us_mix_gdp_pc_tilt
27-3031,JP,106813,54678.0,FIXTURE:us_mix_gdp_pc_tilt
27-3041,JP,34560,58539.0,FIXTURE:us_mix_gdp_pc_tilt
27-3042,JP,17150,63030.5,FIXTURE:us_mix_gdp_pc_tilt
27-3043,JP,18070,55958.5,FIXTURE:us_mix_gdp_pc_tilt
27-3091,JP,19623,43134.0,FIXTURE:us_mix_gdp_pc_tilt
27-3092,JP,4851,51194.0,FIXTURE:us_mix_gdp_pc_tilt
27-3099,JP,7384,54509.0,FIXTURE:us_mix_gdp_pc_tilt
27-4011,JP,26471,42009.5,FIXTURE:us_mix_gdp_pc_tilt
27-4012,JP,7957,44174.0,FIXTURE:us_mix_gdp_pc_tilt
27-4014,JP,4930,52903.5,FIXTURE:us_mix_gdp_pc_tilt
27-4015,JP,3355,50947.0,FIXTURE:us_mix_gdp_pc_tilt
27-4021,JP,19510,36016.5,FIXTURE:us_mix_gdp_pc_tilt
27-4031,JP,8123,54086.5,FIXTURE:us_mix_gdp_pc_tilt
27-4032,JP,9653,55984.5,FIXTURE:us_mix_gdp_pc_tilt
27-4099,JP,4693,52676.0,FIXTURE:us_mix_gdp_pc_tilt
29-1011,JP,14937,58838.0,FIXTURE:us_mix_gdp_pc_tilt
29-1021,JP,46886,124377.5,FIXTURE:us_mix_gdp_pc_tilt
29-1022,JP,1851,225218.5,FIXTURE:us_mix_gdp_pc_tilt
29-1023,JP,2341,168610.0,FIXTURE:us_mix_gdp_pc_tilt
29-1024,JP,328,174609.5,FIXTURE:us_mix_gdp_pc_tilt
29-1029,JP,1971,161154.5,FIXTURE:us_mix_gdp_pc_tilt
29-1031,JP,29238,50134.5,FIXTURE:us_mix_gdp_pc_tilt
29-1041,JP,16129,92007.5,FIXTURE:us_mix_gdp_pc_tilt
29-1051,JP,121358,91598.0,FIXTURE:us_mix_gdp_pc_tilt
29-1071,JP,61118,91832.0,FIXTURE:us_mix_gdp_pc_tilt
29-1081,JP,3649,114062.0,FIXTURE:us_mix_gdp_pc_tilt
29-1122,JP,61231,65832.0,FIXTURE:us_mix_gdp_pc_tilt
29-1123,JP,100763,68432.0,FIXTURE:us_mix_gdp_pc_tilt
29-1124,JP,6434,74743.5,FIXTURE:us_mix_gdp_pc_tilt
29-1125,JP,5627,43959.5,FIXTURE:us_mix_gdp_pc_tilt
29-1126,JP,52690,56745.0,FIXTURE:us_mix_gdp_pc_tilt
29-1127,JP,69124,63810.5,FIXTURE:us_mix_gdp_pc_tilt
29-1128,JP,3226,39611.0,FIXTURE:us_mix_gdp_pc_tilt
29-1129,JP,8534,58773.0,FIXTURE:us_mix_gdp_pc_tilt
29-1131,JP,31624,92742.0,FIXTURE:us_mix_gdp_pc_tilt
29-1141,JP,1273896,65923.0,FIXTURE:us_mix_gdp_pc_tilt
29-1151,JP,19540,161408.0,FIXTURE:us_mix_gdp_pc_tilt
29-1161,JP,2985,89037.0,FIXTURE:us_mix_gdp_pc_tilt
29-1171,JP,121761,89245.0,FIXTURE:us_mix_gdp_pc_tilt
29-1181,JP,5149,63531.0,FIXTURE:us_mix_gdp_pc_tilt
29-1211,JP,14610,234370.5,FIXTURE:us_mix_gdp_pc_tilt
29-1212,JP,6517,295711.0,FIXTURE:us_mix_gdp_pc_tilt
29-1213,JP,4286,210294.5,FIXTURE:us_mix_gdp_pc_tilt
29-1214,JP,12393,206362.0,FIXTURE:us_mix_gdp_pc_tilt
29-1215,JP,40523,166283.0,FIXTURE:us_mix_gdp_pc_tilt
29-1216,JP,25310,173680.0,FIXTURE:us_mix_gdp_pc_tilt
29-1217,JP,3992,173959.5,FIXTURE:us_mix_gdp_pc_tilt
29-1218,JP,8013,181376.0,FIXTURE:us_mix_gdp_pc_tilt
29-1221,JP,14847,137871.5,FIXTURE:us_mix_gdp_pc_tilt
29-1222,JP,4188,185523.0,FIXTURE:us_mix_gdp_pc_tilt
29-1223,JP,10546,175461.0,FIXTURE:us_mix_gdp_pc_tilt
29-1224,JP,10090,247994.5,FIXTURE:us_mix_gdp_pc_tilt
29-1229,JP,129179,170326.0,FIXTURE:us_mix_gdp_pc_tilt
29-1241,JP,3373,198022.5,FIXTURE:us_mix_gdp_pc_tilt
29-1242,JP,5315,242820.5,FIXTURE:us_mix_gdp_pc_tilt
29-1243,JP,449,326332.5,FIXTURE:us_mix_gdp_pc_tilt
29-1249,JP,9476,243054.5,FIXTURE:us_mix_gdp_pc_tilt
29-1291,JP,2951,56563.0,FIXTURE:us_mix_gdp_pc_tilt
29-1292,JP,83956,64343.5,FIXTURE:us_mix_gdp_pc_tilt
29-1299,JP,10791,82979.0,FIXTURE:us_mix_gdp_pc_tilt
29-2010,JP,125493,43777.5,FIXTURE:us_mix_gdp_pc_tilt
29-2031,JP,23731,50011.0,FIXTURE:us_mix_gdp_pc_tilt
29-2032,JP,33983,63206.0,FIXTURE:us_mix_gdp_pc_tilt
29-2033,JP,6438,68354.0,FIXTURE:us_mix_gdp_pc_tilt
29-2034,JP,86877,54496.0,FIXTURE:us_mix_gdp_pc_tilt
29-2035,JP,16355,62478.0,FIXTURE:us_mix_gdp_pc_tilt
29-2036,JP,1285,96525.0,FIXTURE:us_mix_gdp_pc_tilt
29-2042,JP,68038,30439.5,FIXTURE:us_mix_gdp_pc_tilt
29-2043,JP,37922,41184.0,FIXTURE:us_mix_gdp_pc_tilt
29-2051,JP,11896,26409.5,FIXTURE:us_mix_gdp_pc_tilt
29-2052,JP,177787,30303.0,FIXTURE:us_mix_gdp_pc_tilt
29-2053,JP,59162,30296.5,FIXTURE:us_mix_gdp_pc_tilt
29-2055,JP,44273,44661.5,FIXTURE:us_mix_gdp_pc_tilt
29-2056,JP,48676,31928.0,FIXTURE:us_mix_gdp_pc_tilt
29-2057,JP,26765,30589.0,FIXTURE:us_mix_gdp_pc_tilt
29-2061,JP,244401,43582.5,FIXTURE:us_mix_gdp_pc_tilt
29-2072,JP,73395,36913.5,FIXTURE:us_mix_gdp_pc_tilt
29-2081,JP,27715,33650.5,FIXTURE:us_mix_gdp_pc_tilt
29-2091,JP,3539,54431.0,FIXTURE:us_mix_gdp_pc_tilt
29-2092,JP,4248,43140.5,FIXTURE:us_mix_gdp_pc_tilt
29-2099,JP,68830,38161.5,FIXTURE:us_mix_gdp_pc_tilt
29-9021,JP,14361,48730.5,FIXTURE:us_mix_gdp_pc_tilt
29-9091,JP,11496,43303.0,FIXTURE:us_mix_gdp_pc_tilt
29-9092,JP,1410,68003.0,FIXTURE:us_mix_gdp_pc_tilt
29-9093,JP,8394,47261.5,FIXTURE:us_mix_gdp_pc_tilt
29-9099,JP,13196,49868.0,FIXTURE:us_mix_gdp_pc_tilt
31-1120,JP,1922497,23478.0,FIXTURE:us_mix_gdp_pc_tilt
31-1131,JP,646922,27755.0,FIXTURE:us_mix_gdp_pc_tilt
31-1132,JP,23414,26429.0,FIXTURE:us_mix_gdp_pc_tilt
31-1133,JP,15859,29698.5,FIXTURE:us_mix_gdp_pc_tilt
31-2011,JP,22900,45961.5,FIXTURE:us_mix_gdp_pc_tilt
31-2012,JP,1924,28671.5,FIXTURE:us_mix_gdp_pc_tilt
31-2021,JP,50199,44674.5,FIXTURE:us_mix_gdp_pc_tilt
31-2022,JP,21498,23679.5,FIXTURE:us_mix_gdp_pc_tilt
31-9011,JP,44109,41489.5,FIXTURE:us_mix_gdp_pc_tilt
31-9091,JP,173144,32630.0,FIXTURE:us_mix_gdp_pc_tilt
31-9092,JP,365170,29978.0,FIXTURE:us_mix_gdp_pc_tilt
31-9093,JP,34567,32831.5,FIXTURE:us_mix_gdp_pc_tilt
31-9094,JP,18552,27111.5,FIXTURE:us_mix_gdp_pc_tilt
31-9095,JP,17650,26292.5,FIXTURE:us_mix_gdp_pc_tilt
31-9096,JP,56517,26221.0,FIXTURE:us_mix_gdp_pc_tilt
31-9097,JP,64089,29588.0,FIXTURE:us_mix_gdp_pc_tilt
31-9099,JP,48998,33026.5,FIXTURE:us_mix_gdp_pc_tilt
33-1011,JP,23834,54847.0,FIXTURE:us_mix_gdp_pc_tilt
33-1012,JP,69032,72923.5,FIXTURE:us_mix_gdp_pc_tilt
33-1021,JP,44265,63004.5,FIXTURE:us_mix_gdp_pc_tilt
33-1091,JP,36380,38935.0,FIXTURE:us_mix_gdp_pc_tilt
33-1099,JP,9238,48353.5,FIXTURE:us_mix_gdp_pc_tilt
33-2011,JP,154481,41359.5,FIXTURE:us_mix_gdp_pc_tilt
33-2021,JP,6162,51135.5,FIXTURE:us_mix_gdp_pc_tilt
33-2022,JP,1241,43316.0,FIXTURE:us_mix_gdp_pc_tilt
33-3011,JP,7729,40079.0,FIXTURE:us_mix_gdp_pc_tilt
33-3012,JP,169889,41359.5,FIXTURE:us_mix_gdp_pc_tilt
33-3021,JP,51092,64629.5,FIXTURE:us_mix_gdp_pc_tilt
33-3031,JP,2576,48717.5,FIXTURE:us_mix_gdp_pc_tilt
33-3041,JP,4041,33273.5,FIXTURE:us_mix_gdp_pc_tilt
33-3051,JP,299380,51480.0,FIXTURE:us_mix_gdp_pc_tilt
33-3052,JP,1960,59676.5,FIXTURE:us_mix_gdp_pc_tilt
33-9011,JP,5389,31486.0,FIXTURE:us_mix_gdp_pc_tilt
33-9021,JP,15886,39097.5,FIXTURE:us_mix_gdp_pc_tilt
33-9031,JP,4251,29659.5,FIXTURE:us_mix_gdp_pc_tilt
33-9032,JP,573055,27605.5,FIXTURE:us_mix_gdp_pc_tilt
33-9091,JP,42131,28177.5,FIXTURE:us_mix_gdp_pc_tilt
33-9092,JP,70344,22405.5,FIXTURE:us_mix_gdp_pc_tilt
33-9093,JP,22454,41801.5,FIXTURE:us_mix_gdp_pc_tilt
33-9094,JP,35014,22847.5,FIXTURE:us_mix_gdp_pc_tilt
33-9099,JP,36389,31245.5,FIXTURE:us_mix_gdp_pc_tilt
35-1011,JP,105800,43355.0,FIXTURE:us_mix_gdp_pc_tilt
35-1012,JP,646964,30017.0,FIXTURE:us_mix_gdp_pc_tilt
35-2011,JP,339058,21053.5,FIXTURE:us_mix_gdp_pc_tilt
35-2012,JP,233269,25226.5,FIXTURE:us_mix_gdp_pc_tilt
35-2013,JP,582,34892.0,FIXTURE:us_mix_gdp_pc_tilt
35-2014,JP,745682,25174.5,FIXTURE:us_mix_gdp_pc_tilt
35-2015,JP,73331,23478.0,FIXTURE:us_mix_gdp_pc_tilt
35-2019,JP,10234,25447.5,FIXTURE:us_mix_gdp_pc_tilt
35-2021,JP,472619,22938.5,FIXTURE:us_mix_gdp_pc_tilt
35-3011,JP,400050,26513.5,FIXTURE:us_mix_gdp_pc_tilt
35-3023,JP,2038382,20897.5,FIXTURE:us_mix_gdp_pc_tilt
35-3031,JP,1201070,26039.0,FIXTURE:us_mix_gdp_pc_tilt
35-3041,JP,155442,23491.0,FIXTURE:us_mix_gdp_pc_tilt
35-9011,JP,287057,22249.5,FIXTURE:us_mix_gdp_pc_tilt
35-9021,JP,252520,22301.5,FIXTURE:us_mix_gdp_pc_tilt
35-9031,JP,228847,21248.5,FIXTURE:us_mix_gdp_pc_tilt
35-9099,JP,44760,23926.5,FIXTURE:us_mix_gdp_pc_tilt
37-1011,JP,94545,34658.0,FIXTURE:us_mix_gdp_pc_tilt
37-1012,JP,69158,39624.0,FIXTURE:us_mix_gdp_pc_tilt
37-2011,JP,1168728,25194.0,FIXTURE:us_mix_gdp_pc_tilt
37-2012,JP,455203,24102.0,FIXTURE:us_mix_gdp_pc_tilt
37-2019,JP,9102,30173.0,FIXTURE:us_mix_gdp_pc_tilt
37-2021,JP,54275,30160.0,FIXTURE:us_mix_gdp_pc_tilt
37-3011,JP,503845,27488.5,FIXTURE:us_mix_gdp_pc_tilt
37-3012,JP,14307,30595.5,FIXTURE:us_mix_gdp_pc_tilt
37-3013,JP,29174,36380.5,FIXTURE:us_mix_gdp_pc_tilt
37-3019,JP,7209,31739.5,FIXTURE:us_mix_gdp_pc_tilt
39-1013,JP,11613,42139.5,FIXTURE:us_mix_gdp_pc_tilt
39-1014,JP,46073,34807.5,FIXTURE:us_mix_gdp_pc_tilt
39-1022,JP,50949,34034.0,FIXTURE:us_mix_gdp_pc_tilt
39-2011,JP,8381,30563.0,FIXTURE:us_mix_gdp_pc_tilt
39-2021,JP,119172,24245.0,FIXTURE:us_mix_gdp_pc_tilt
39-3011,JP,37465,27657.5,FIXTURE:us_mix_gdp_pc_tilt
39-3012,JP,3996,23692.5,FIXTURE:us_mix_gdp_pc_tilt
39-3019,JP,6313,26897.0,FIXTURE:us_mix_gdp_pc_tilt
39-3021,JP,661,33462.0,FIXTURE:us_mix_gdp_pc_tilt
39-3031,JP,54369,21502.0,FIXTURE:us_mix_gdp_pc_tilt
39-3091,JP,177627,21216.0,FIXTURE:us_mix_gdp_pc_tilt
39-3092,JP,2907,41236.0,FIXTURE:us_mix_gdp_pc_tilt
39-3093,JP,6947,24999.0,FIXTURE:us_mix_gdp_pc_tilt
39-3099,JP,3152,22737.0,FIXTURE:us_mix_gdp_pc_tilt
39-4011,JP,1737,37953.5,FIXTURE:us_mix_gdp_pc_tilt
39-4012,JP,1326,29685.5,FIXTURE:us_mix_gdp_pc_tilt
39-4021,JP,13881,24173.5,FIXTURE:us_mix_gdp_pc_tilt
39-4031,JP,11207,37804.0,FIXTURE:us_mix_gdp_pc_tilt
39-5011,JP,6697,30595.5,FIXTURE:us_mix_gdp_pc_tilt
39-5012,JP,136496,28574.0,FIXTURE:us_mix_gdp_pc_tilt
39-5091,JP,1045,66456.0,FIXTURE:us_mix_gdp_pc_tilt
39-5092,JP,68210,25070.5,FIXTURE:us_mix_gdp_pc_tilt
39-5093,JP,3603,20787.0,FIXTURE:us_mix_gdp_pc_tilt
39-5094,JP,32545,33702.5,FIXTURE:us_mix_gdp_pc_tilt
39-6011,JP,12729,25070.5,FIXTURE:us_mix_gdp_pc_tilt
39-6012,JP,21985,27631.5,FIXTURE:us_mix_gdp_pc_tilt
39-7010,JP,23887,28418.0,FIXTURE:us_mix_gdp_pc_tilt
39-9011,JP,231688,22769.5,FIXTURE:us_mix_gdp_pc_tilt
39-9031,JP,144185,34073.0,FIXTURE:us_mix_gdp_pc_tilt
39-9032,JP,148007,25038.0,FIXTURE:us_mix_gdp_pc_tilt
39-9041,JP,37844,28593.5,FIXTURE:us_mix_gdp_pc_tilt
39-9099,JP,26977,26078.0,FIXTURE:us_mix_gdp_pc_tilt
41-1011,JP,500871,34697.0,FIXTURE:us_mix_gdp_pc_tilt
41-1012,JP,95723,64590.5,FIXTURE:us_mix_gdp_pc_tilt
41-2011,JP,1379388,21567.0,FIXTURE:us_mix_gdp_pc_tilt
41-2012,JP,9613,25415.0,FIXTURE:us_mix_gdp_pc_tilt
41-2021,JP,178957,29705.0,FIXTURE:us_mix_gdp_pc_tilt
41-2022,JP,120583,28489.5,FIXTURE:us_mix_gdp_pc_tilt
41-2031,JP,1740352,24251.5,FIXTURE:us_mix_gdp_pc_tilt
41-3011,JP,40943,52435.5,FIXTURE:us_mix_gdp_pc_tilt
41-3021,JP,213913,52962.0,FIXTURE:us_mix_gdp_pc_tilt
41-3031,JP,218588,70947.5,FIXTURE:us_mix_gdp_pc_tilt
41-3041,JP,24606,35529.0,FIXTURE:us_mix_gdp_pc_tilt
41-3091,JP,560795,53579.5,FIXTURE:us_mix_gdp_pc_tilt
41-4011,JP,127160,77824.5,FIXTURE:us_mix_gdp_pc_tilt
41-4012,JP,552838,53644.5,FIXTURE:us_mix_gdp_pc_tilt
41-9011,JP,28807,29627.0,FIXTURE:us_mix_gdp_pc_tilt
41-9012,JP,1688,47320.0,FIXTURE:us_mix_gdp_pc_tilt
41-9021,JP,20583,54567.5,FIXTURE:us_mix_gdp_pc_tilt
41-9022,JP,86338,45181.5,FIXTURE:us_mix_gdp_pc_tilt
41-9031,JP,23124,84591.0,FIXTURE:us_mix_gdp_pc_tilt
41-9041,JP,26088,24290.5,FIXTURE:us_mix_gdp_pc_tilt
41-9091,JP,1232,28502.5,FIXTURE:us_mix_gdp_pc_tilt
41-9099,JP,41604,38031.5,FIXTURE:us_mix_gdp_pc_tilt
43-1011,JP,641462,47768.5,FIXTURE:us_mix_gdp_pc_tilt
43-2011,JP,15306,27495.0,FIXTURE:us_mix_gdp_pc_tilt
43-2021,JP,1531,29230.5,FIXTURE:us_mix_gdp_pc_tilt
43-2099,JP,536,40384.5,FIXTURE:us_mix_gdp_pc_tilt
43-3011,JP,70916,31889.0,FIXTURE:us_mix_gdp_pc_tilt
43-3021,JP,180408,33195.5,FIXTURE:us_mix_gdp_pc_tilt
43-3031,JP,613333,34814.0,FIXTURE:us_mix_gdp_pc_tilt
43-3041,JP,6443,25681.5,FIXTURE:us_mix_gdp_pc_tilt
43-3051,JP,68375,38759.5,FIXTURE:us_mix_gdp_pc_tilt
43-3061,JP,24919,34040.5,FIXTURE:us_mix_gdp_pc_tilt
43-3071,JP,147109,27527.5,FIXTURE:us_mix_gdp_pc_tilt
43-3099,JP,16190,36692.5,FIXTURE:us_mix_gdp_pc_tilt
43-4011,JP,16047,47352.5,FIXTURE:us_mix_gdp_pc_tilt
43-4021,JP,1915,31258.5,FIXTURE:us_mix_gdp_pc_tilt
43-4031,JP,80256,34008.0,FIXTURE:us_mix_gdp_pc_tilt
43-4041,JP,5371,33423.0,FIXTURE:us_mix_gdp_pc_tilt
43-4051,JP,1158974,30283.5,FIXTURE:us_mix_gdp_pc_tilt
43-4061,JP,69117,36458.5,FIXTURE:us_mix_gdp_pc_tilt
43-4071,JP,32790,29633.5,FIXTURE:us_mix_gdp_pc_tilt
43-4081,JP,116721,23107.5,FIXTURE:us_mix_gdp_pc_tilt
43-4111,JP,66107,30706.0,FIXTURE:us_mix_gdp_pc_tilt
43-4121,JP,38184,25590.5,FIXTURE:us_mix_gdp_pc_tilt
43-4131,JP,73577,34138.0,FIXTURE:us_mix_gdp_pc_tilt
43-4141,JP,16458,32090.5,FIXTURE:us_mix_gdp_pc_tilt
43-4151,JP,33576,31343.0,FIXTURE:us_mix_gdp_pc_tilt
43-4161,JP,40282,33962.5,FIXTURE:us_mix_gdp_pc_tilt
43-4171,JP,406385,25649.0,FIXTURE:us_mix_gdp_pc_tilt
43-4181,JP,53003,32259.5,FIXTURE:us_mix_gdp_pc_tilt
43-4199,JP,60240,33468.5,FIXTURE:us_mix_gdp_pc_tilt
43-5011,JP,43609,37199.5,FIXTURE:us_mix_gdp_pc_tilt
43-5021,JP,30647,26630.5,FIXTURE:us_mix_gdp_pc_tilt
43-5031,JP,45765,36881.0,FIXTURE:us_mix_gdp_pc_tilt
43-5032,JP,90552,35581.0,FIXTURE:us_mix_gdp_pc_tilt
43-5041,JP,8675,35997.0,FIXTURE:us_mix_gdp_pc_tilt
43-5051,JP,32915,40209.0,FIXTURE:us_mix_gdp_pc_tilt
43-5052,JP,146815,40651.0,FIXTURE:us_mix_gdp_pc_tilt
43-5053,JP,46971,38629.5,FIXTURE:us_mix_gdp_pc_tilt
43-5061,JP,174202,40397.5,FIXTURE:us_mix_gdp_pc_tilt
43-5071,JP,364723,30426.5,FIXTURE:us_mix_gdp_pc_tilt
43-5111,JP,23798,30959.5,FIXTURE:us_mix_gdp_pc_tilt
43-6011,JP,205345,51441.0,FIXTURE:us_mix_gdp_pc_tilt
43-6012,JP,69777,39403.0,FIXTURE:us_mix_gdp_pc_tilt
43-6013,JP,429348,30420.0,FIXTURE:us_mix_gdp_pc_tilt
43-6014,JP,762063,32077.5,FIXTURE:us_mix_gdp_pc_tilt
43-9021,JP,56740,28151.5,FIXTURE:us_mix_gdp_pc_tilt
43-9022,JP,15632,33228.0,FIXTURE:us_mix_gdp_pc_tilt
43-9031,JP,1496,40280.5,FIXTURE:us_mix_gdp_pc_tilt
43-9041,JP,95665,34398.0,FIXTURE:us_mix_gdp_pc_tilt
43-9051,JP,24660,27072.5,FIXTURE:us_mix_gdp_pc_tilt
43-9061,JP,1100569,30173.0,FIXTURE:us_mix_gdp_pc_tilt
43-9071,JP,11220,28093.0,FIXTURE:us_mix_gdp_pc_tilt
43-9081,JP,2045,35620.0,FIXTURE:us_mix_gdp_pc_tilt
43-9111,JP,2103,36172.5,FIXTURE:us_mix_gdp_pc_tilt
43-9199,JP,85842,31635.5,FIXTURE:us_mix_gdp_pc_tilt
45-1011,JP,14788,40774.5,FIXTURE:us_mix_gdp_pc_tilt
45-2011,JP,7621,35691.5,FIXTURE:us_mix_gdp_pc_tilt
45-2021,JP,703,37056.5,FIXTURE:us_mix_gdp_pc_tilt
45-2041,JP,13318,23679.5,FIXTURE:us_mix_gdp_pc_tilt
45-2091,JP,15073,28411.5,FIXTURE:us_mix_gdp_pc_tilt
45-2092,JP,140421,24459.5,FIXTURE:us_mix_gdp_pc_tilt
45-2093,JP,17353,25519.0,FIXTURE:us_mix_gdp_pc_tilt
45-2099,JP,1915,29581.5,FIXTURE:us_mix_gdp_pc_tilt
45-4011,JP,3200,28392.0,FIXTURE:us_mix_gdp_pc_tilt
45-4021,JP,1655,37121.5,FIXTURE:us_mix_gdp_pc_tilt
45-4022,JP,11139,34573.5,FIXTURE:us_mix_gdp_pc_tilt
45-4023,JP,1624,31050.5,FIXTURE:us_mix_gdp_pc_tilt
45-4029,JP,899,34391.5,FIXTURE:us_mix_gdp_pc_tilt
47-1011,JP,429573,56192.5,FIXTURE:us_mix_gdp_pc_tilt
47-2011,JP,5389,52058.5,FIXTURE:us_mix_gdp_pc_tilt
47-2021,JP,27793,44382.0,FIXTURE:us_mix_gdp_pc_tilt
47-2022,JP,4136,39461.5,FIXTURE:us_mix_gdp_pc_tilt
47-2031,JP,354406,42659.5,FIXTURE:us_mix_gdp_pc_tilt
47-2041,JP,7288,37043.5,FIXTURE:us_mix_gdp_pc_tilt
47-2042,JP,12503,40144.0,FIXTURE:us_mix_gdp_pc_tilt
47-2043,JP,1967,34099.0,FIXTURE:us_mix_gdp_pc_tilt
47-2044,JP,18961,38512.5,FIXTURE:us_mix_gdp_pc_tilt
47-2051,JP,109042,39032.5,FIXTURE:us_mix_gdp_pc_tilt
47-2053,JP,624,55198.0,FIXTURE:us_mix_gdp_pc_tilt
47-2061,JP,580080,33819.5,FIXTURE:us_mix_gdp_pc_tilt
47-2071,JP,22118,38350.0,FIXTURE:us_mix_gdp_pc_tilt
47-2072,JP,1222,52461.5,FIXTURE:us_mix_gdp_pc_tilt
47-2073,JP,252859,43088.5,FIXTURE:us_mix_gdp_pc_tilt
47-2081,JP,43940,41340.0,FIXTURE:us_mix_gdp_pc_tilt
47-2082,JP,6791,47261.5,FIXTURE:us_mix_gdp_pc_tilt
47-2111,JP,400489,46468.5,FIXTURE:us_mix_gdp_pc_tilt
47-2121,JP,30930,38818.0,FIXTURE:us_mix_gdp_pc_tilt
47-2131,JP,23504,35581.0,FIXTURE:us_mix_gdp_pc_tilt
47-2132,JP,13571,42594.5,FIXTURE:us_mix_gdp_pc_tilt
47-2141,JP,119102,36023.0,FIXTURE:us_mix_gdp_pc_tilt
47-2142,JP,830,34924.5,FIXTURE:us_mix_gdp_pc_tilt
47-2151,JP,17480,35555.0,FIXTURE:us_mix_gdp_pc_tilt
47-2152,JP,246380,46910.5,FIXTURE:us_mix_gdp_pc_tilt
47-2161,JP,10213,40332.5,FIXTURE:us_mix_gdp_pc_tilt
47-2171,JP,7299,42939.0,FIXTURE:us_mix_gdp_pc_tilt
47-2181,JP,71660,37791.0,FIXTURE:us_mix_gdp_pc_tilt
47-2211,JP,63346,44102.5,FIXTURE:us_mix_gdp_pc_tilt
47-2221,JP,36166,45682.0,FIXTURE:us_mix_gdp_pc_tilt
47-2231,JP,16581,37635.0,FIXTURE:us_mix_gdp_pc_tilt
47-3011,JP,7494,33098.0,FIXTURE:us_mix_gdp_pc_tilt
47-3012,JP,11466,28632.5,FIXTURE:us_mix_gdp_pc_tilt
47-3013,JP,33654,28652.0,FIXTURE:us_mix_gdp_pc_tilt
47-3014,JP,3961,27586.0,FIXTURE:us_mix_gdp_pc_tilt
47-3015,JP,23446,28424.5,FIXTURE:us_mix_gdp_pc_tilt
47-3016,JP,3189,29347.5,FIXTURE:us_mix_gdp_pc_tilt
47-3019,JP,13101,29341.0,FIXTURE:us_mix_gdp_pc_tilt
47-4011,JP,77599,50524.5,FIXTURE:us_mix_gdp_pc_tilt
47-4021,JP,12582,71383.0,FIXTURE:us_mix_gdp_pc_tilt
47-4031,JP,12947,32844.5,FIXTURE:us_mix_gdp_pc_tilt
47-4041,JP,27349,36679.5,FIXTURE:us_mix_gdp_pc_tilt
47-4051,JP,81957,34502.0,FIXTURE:us_mix_gdp_pc_tilt
47-4061,JP,10356,44681.0,FIXTURE:us_mix_gdp_pc_tilt
47-4071,JP,16211,34775.0,FIXTURE:us_mix_gdp_pc_tilt
47-4090,JP,15010,35834.5,FIXTURE:us_mix_gdp_pc_tilt
47-5011,JP,5601,39136.5,FIXTURE:us_mix_gdp_pc_tilt
47-5012,JP,6664,46884.5,FIXTURE:us_mix_gdp_pc_tilt
47-5013,JP,22816,40605.5,FIXTURE:us_mix_gdp_pc_tilt
47-5022,JP,18236,38954.5,FIXTURE:us_mix_gdp_pc_tilt
47-5023,JP,10287,40839.5,FIXTURE:us_mix_gdp_pc_tilt
47-5032,JP,2697,43316.0,FIXTURE:us_mix_gdp_pc_tilt
47-5041,JP,7405,42282.5,FIXTURE:us_mix_gdp_pc_tilt
47-5043,JP,1142,50765.0,FIXTURE:us_mix_gdp_pc_tilt
47-5044,JP,3136,46306.0,FIXTURE:us_mix_gdp_pc_tilt
47-5049,JP,1682,45409.0,FIXTURE:us_mix_gdp_pc_tilt
47-5051,JP,1756,33475.0,FIXTURE:us_mix_gdp_pc_tilt
47-5071,JP,23784,31980.0,FIXTURE:us_mix_gdp_pc_tilt
47-5081,JP,3544,32903.0,FIXTURE:us_mix_gdp_pc_tilt
47-5099,JP,2930,37628.5,FIXTURE:us_mix_gdp_pc_tilt
49-1011,JP,275707,55393.0,FIXTURE:us_mix_gdp_pc_tilt
49-2011,JP,29290,33072.0,FIXTURE:us_mix_gdp_pc_tilt
49-2021,JP,4974,45415.5,FIXTURE:us_mix_gdp_pc_tilt
49-2022,JP,62919,44525.0,FIXTURE:us_mix_gdp_pc_tilt
49-2091,JP,8407,54197.0,FIXTURE:us_mix_gdp_pc_tilt
49-2092,JP,6452,38096.5,FIXTURE:us_mix_gdp_pc_tilt
49-2093,JP,3099,54145.0,FIXTURE:us_mix_gdp_pc_tilt
49-2094,JP,29026,49120.5,FIXTURE:us_mix_gdp_pc_tilt
49-2095,JP,9251,65494.0,FIXTURE:us_mix_gdp_pc_tilt
49-2096,JP,3817,33514.0,FIXTURE:us_mix_gdp_pc_tilt
49-2097,JP,8832,37654.5,FIXTURE:us_mix_gdp_pc_tilt
49-2098,JP,38550,39624.0,FIXTURE:us_mix_gdp_pc_tilt
49-3011,JP,61656,55081.0,FIXTURE:us_mix_gdp_pc_tilt
49-3021,JP,66665,38798.5,FIXTURE:us_mix_gdp_pc_tilt
49-3022,JP,9068,32779.5,FIXTURE:us_mix_gdp_pc_tilt
49-3023,JP,314614,36673.0,FIXTURE:us_mix_gdp_pc_tilt
49-3031,JP,129464,41808.0,FIXTURE:us_mix_gdp_pc_tilt
49-3041,JP,16909,37238.5,FIXTURE:us_mix_gdp_pc_tilt
49-3042,JP,78850,45006.0,FIXTURE:us_mix_gdp_pc_tilt
49-3043,JP,9533,45942.0,FIXTURE:us_mix_gdp_pc_tilt
49-3051,JP,10367,37745.5,FIXTURE:us_mix_gdp_pc_tilt
49-3052,JP,6032,34040.5,FIXTURE:us_mix_gdp_pc_tilt
49-3053,JP,16100,32493.5,FIXTURE:us_mix_gdp_pc_tilt
49-3091,JP,5434,27774.5,FIXTURE:us_mix_gdp_pc_tilt
49-3092,JP,7782,36686.0,FIXTURE:us_mix_gdp_pc_tilt
49-3093,JP,48404,26110.5,FIXTURE:us_mix_gdp_pc_tilt
49-9011,JP,12109,37401.0,FIXTURE:us_mix_gdp_pc_tilt
49-9012,JP,21539,49536.5,FIXTURE:us_mix_gdp_pc_tilt
49-9021,JP,182913,42107.0,FIXTURE:us_mix_gdp_pc_tilt
49-9031,JP,14355,36426.0,FIXTURE:us_mix_gdp_pc_tilt
49-9041,JP,196294,44499.0,FIXTURE:us_mix_gdp_pc_tilt
49-9043,JP,26798,41996.5,FIXTURE:us_mix_gdp_pc_tilt
49-9044,JP,18007,45357.0,FIXTURE:us_mix_gdp_pc_tilt
49-9045,JP,482,41450.5,FIXTURE:us_mix_gdp_pc_tilt
49-9051,JP,58521,59780.5,FIXTURE:us_mix_gdp_pc_tilt
49-9052,JP,43631,48061.0,FIXTURE:us_mix_gdp_pc_tilt
49-9061,JP,737,36426.0,FIXTURE:us_mix_gdp_pc_tilt
49-9062,JP,29464,42854.5,FIXTURE:us_mix_gdp_pc_tilt
49-9063,JP,2402,32474.0,FIXTURE:us_mix_gdp_pc_tilt
49-9064,JP,585,46046.0,FIXTURE:us_mix_gdp_pc_tilt
49-9069,JP,4197,46267.0,FIXTURE:us_mix_gdp_pc_tilt
49-9071,JP,682994,34957.0,FIXTURE:us_mix_gdp_pc_tilt
49-9081,JP,4456,44837.0,FIXTURE:us_mix_gdp_pc_tilt
49-9091,JP,11792,32350.5,FIXTURE:us_mix_gdp_pc_tilt
49-9092,JP,1540,57408.0,FIXTURE:us_mix_gdp_pc_tilt
49-9094,JP,6715,36055.5,FIXTURE:us_mix_gdp_pc_tilt
49-9095,JP,1348,29516.5,FIXTURE:us_mix_gdp_pc_tilt
49-9096,JP,10059,43426.5,FIXTURE:us_mix_gdp_pc_tilt
49-9097,JP,3893,58766.5,FIXTURE:us_mix_gdp_pc_tilt
49-9098,JP,42675,26968.5,FIXTURE:us_mix_gdp_pc_tilt
49-9099,JP,78716,35002.5,FIXTURE:us_mix_gdp_pc_tilt
51-1011,JP,356173,49790.0,FIXTURE:us_mix_gdp_pc_tilt
51-2011,JP,17993,46423.0,FIXTURE:us_mix_gdp_pc_tilt
51-2021,JP,6791,32805.5,FIXTURE:us_mix_gdp_pc_tilt
51-2028,JP,130621,30979.0,FIXTURE:us_mix_gdp_pc_tilt
51-2031,JP,17982,37563.5,FIXTURE:us_mix_gdp_pc_tilt
51-2041,JP,27693,35119.5,FIXTURE:us_mix_gdp_pc_tilt
51-2051,JP,8552,32207.5,FIXTURE:us_mix_gdp_pc_tilt
51-2061,JP,132,36868.0,FIXTURE:us_mix_gdp_pc_tilt
51-2090,JP,743111,30329.0,FIXTURE:us_mix_gdp_pc_tilt
51-3011,JP,124925,25012.0,FIXTURE:us_mix_gdp_pc_tilt
51-3021,JP,72157,27547.0,FIXTURE:us_mix_gdp_pc_tilt
51-3022,JP,77060,25532.0,FIXTURE:us_mix_gdp_pc_tilt
51-3023,JP,36996,27150.5,FIXTURE:us_mix_gdp_pc_tilt
51-3091,JP,10774,29854.5,FIXTURE:us_mix_gdp_pc_tilt
51-3092,JP,92303,28437.5,FIXTURE:us_mix_gdp_pc_tilt
51-3093,JP,16528,27670.5,FIXTURE:us_mix_gdp_pc_tilt
51-3099,JP,34378,26195.0,FIXTURE:us_mix_gdp_pc_tilt
51-4021,JP,32178,32162.0,FIXTURE:us_mix_gdp_pc_tilt
51-4022,JP,4723,33592.0,FIXTURE:us_mix_gdp_pc_tilt
51-4023,JP,13355,34593.0,FIXTURE:us_mix_gdp_pc_tilt
51-4031,JP,90547,31479.5,FIXTURE:us_mix_gdp_pc_tilt
51-4032,JP,2475,33676.5,FIXTURE:us_mix_gdp_pc_tilt
51-4033,JP,35436,31310.5,FIXTURE:us_mix_gdp_pc_tilt
51-4034,JP,8838,34118.5,FIXTURE:us_mix_gdp_pc_tilt
51-4035,JP,6590,36881.0,FIXTURE:us_mix_gdp_pc_tilt
51-4041,JP,151819,38558.0,FIXTURE:us_mix_gdp_pc_tilt
51-4051,JP,8875,36068.5,FIXTURE:us_mix_gdp_pc_tilt
51-4052,JP,2412,35288.5,FIXTURE:us_mix_gdp_pc_tilt
51-4061,JP,1380,44570.5,FIXTURE:us_mix_gdp_pc_tilt
51-4062,JP,777,39396.5,FIXTURE:us_mix_gdp_pc_tilt
51-4071,JP,6765,32409.0,FIXTURE:us_mix_gdp_pc_tilt
51-4072,JP,79583,29874.0,FIXTURE:us_mix_gdp_pc_tilt
51-4081,JP,65895,32519.5,FIXTURE:us_mix_gdp_pc_tilt
51-4111,JP,30110,43459.0,FIXTURE:us_mix_gdp_pc_tilt
51-4121,JP,220131,36894.0,FIXTURE:us_mix_gdp_pc_tilt
51-4122,JP,16713,32643.0,FIXTURE:us_mix_gdp_pc_tilt
51-4191,JP,7405,32792.5,FIXTURE:us_mix_gdp_pc_tilt
51-4192,JP,3158,43238.0,FIXTURE:us_mix_gdp_pc_tilt
51-4193,JP,17141,29315.0,FIXTURE:us_mix_gdp_pc_tilt
51-4194,JP,2962,34606.0,FIXTURE:us_mix_gdp_pc_tilt
51-4199,JP,8409,31577.0,FIXTURE:us_mix_gdp_pc_tilt
51-5111,JP,12609,33020.0,FIXTURE:us_mix_gdp_pc_tilt
51-5112,JP,76298,30784.0,FIXTURE:us_mix_gdp_pc_tilt
51-5113,JP,17549,28899.0,FIXTURE:us_mix_gdp_pc_tilt
51-6011,JP,104742,22698.0,FIXTURE:us_mix_gdp_pc_tilt
51-6021,JP,13815,22516.0,FIXTURE:us_mix_gdp_pc_tilt
51-6031,JP,55470,24440.0,FIXTURE:us_mix_gdp_pc_tilt
51-6041,JP,3940,25454.0,FIXTURE:us_mix_gdp_pc_tilt
51-6042,JP,1735,23582.0,FIXTURE:us_mix_gdp_pc_tilt
51-6051,JP,1158,24186.5,FIXTURE:us_mix_gdp_pc_tilt
51-6052,JP,7362,29341.0,FIXTURE:us_mix_gdp_pc_tilt
51-6061,JP,2808,26247.0,FIXTURE:us_mix_gdp_pc_tilt
51-6062,JP,4760,25694.5,FIXTURE:us_mix_gdp_pc_tilt
51-6063,JP,6891,26468.0,FIXTURE:us_mix_gdp_pc_tilt
51-6064,JP,11646,26078.0,FIXTURE:us_mix_gdp_pc_tilt
51-6091,JP,6796,31577.0,FIXTURE:us_mix_gdp_pc_tilt
51-6092,JP,1560,46423.0,FIXTURE:us_mix_gdp_pc_tilt
51-6093,JP,10652,30771.0,FIXTURE:us_mix_gdp_pc_tilt
51-6099,JP,7156,26364.0,FIXTURE:us_mix_gdp_pc_tilt
51-7011,JP,40815,31388.5,FIXTURE:us_mix_gdp_pc_tilt
51-7021,JP,7658,29445.0,FIXTURE:us_mix_gdp_pc_tilt
51-7031,JP,148,41385.5,FIXTURE:us_mix_gdp_pc_tilt
51-7032,JP,116,35256.0,FIXTURE:us_mix_gdp_pc_tilt
51-7041,JP,21605,28327.0,FIXTURE:us_mix_gdp_pc_tilt
51-7042,JP,32485,28320.5,FIXTURE:us_mix_gdp_pc_tilt
51-7099,JP,2904,29945.5,FIXTURE:us_mix_gdp_pc_tilt
51-8011,JP,2724,78897.0,FIXTURE:us_mix_gdp_pc_tilt
51-8012,JP,4506,72358.0,FIXTURE:us_mix_gdp_pc_tilt
51-8013,JP,15507,64863.5,FIXTURE:us_mix_gdp_pc_tilt
51-8021,JP,14941,54574.0,FIXTURE:us_mix_gdp_pc_tilt
51-8031,JP,67958,40651.0,FIXTURE:us_mix_gdp_pc_tilt
51-8091,JP,8785,51980.5,FIXTURE:us_mix_gdp_pc_tilt
51-8092,JP,9536,57661.5,FIXTURE:us_mix_gdp_pc_tilt
51-8093,JP,17538,58909.5,FIXTURE:us_mix_gdp_pc_tilt
51-8099,JP,7447,42705.0,FIXTURE:us_mix_gdp_pc_tilt
51-9011,JP,73849,39461.5,FIXTURE:us_mix_gdp_pc_tilt
51-9012,JP,31787,36419.5,FIXTURE:us_mix_gdp_pc_tilt
51-9021,JP,13751,33397.0,FIXTURE:us_mix_gdp_pc_tilt
51-9022,JP,5559,29263.0,FIXTURE:us_mix_gdp_pc_tilt
51-9023,JP,50203,33858.5,FIXTURE:us_mix_gdp_pc_tilt
51-9031,JP,3205,26682.5,FIXTURE:us_mix_gdp_pc_tilt
51-9032,JP,23790,30849.0,FIXTURE:us_mix_gdp_pc_tilt
51-9041,JP,31083,30719.0,FIXTURE:us_mix_gdp_pc_tilt
51-9051,JP,7553,33111.0,FIXTURE:us_mix_gdp_pc_tilt
51-9061,JP,315945,34742.5,FIXTURE:us_mix_gdp_pc_tilt
51-9071,JP,11868,37674.0,FIXTURE:us_mix_gdp_pc_tilt
51-9081,JP,18199,35288.5,FIXTURE:us_mix_gdp_pc_tilt
51-9082,JP,5966,34274.5,FIXTURE:us_mix_gdp_pc_tilt
51-9083,JP,9869,28073.5,FIXTURE:us_mix_gdp_pc_tilt
51-9111,JP,200482,28983.5,FIXTURE:us_mix_gdp_pc_tilt
51-9123,JP,4199,29386.5,FIXTURE:us_mix_gdp_pc_tilt
51-9124,JP,83957,34203.0,FIXTURE:us_mix_gdp_pc_tilt
51-9141,JP,16639,39117.0,FIXTURE:us_mix_gdp_pc_tilt
51-9151,JP,2539,29932.5,FIXTURE:us_mix_gdp_pc_tilt
51-9161,JP,89621,35308.0,FIXTURE:us_mix_gdp_pc_tilt
51-9162,JP,15073,46936.5,FIXTURE:us_mix_gdp_pc_tilt
51-9191,JP,6082,30452.5,FIXTURE:us_mix_gdp_pc_tilt
51-9192,JP,7806,28990.0,FIXTURE:us_mix_gdp_pc_tilt
51-9193,JP,3649,29211.0,FIXTURE:us_mix_gdp_pc_tilt
51-9194,JP,4099,30108.0,FIXTURE:us_mix_gdp_pc_tilt
51-9195,JP,17554,30875.0,FIXTURE:us_mix_gdp_pc_tilt
51-9196,JP,50843,34346.0,FIXTURE:us_mix_gdp_pc_tilt
51-9197,JP,10985,37154.0,FIXTURE:us_mix_gdp_pc_tilt
51-9198,JP,87638,26728.0,FIXTURE:us_mix_gdp_pc_tilt
51-9199,JP,133123,28847.0,FIXTURE:us_mix_gdp_pc_tilt
53-1041,JP,5162,42256.5,FIXTURE:us_mix_gdp_pc_tilt
53-1047,JP,329839,43459.0,FIXTURE:us_mix_gdp_pc_tilt
53-2011,JP,54772,187622.5,FIXTURE:us_mix_gdp_pc_tilt
53-2012,JP,25191,94952.0,FIXTURE:us_mix_gdp_pc_tilt
53-2021,JP,11905,95218.5,FIXTURE:us_mix_gdp_pc_tilt
53-2022,JP,8034,41346.5,FIXTURE:us_mix_gdp_pc_tilt
53-2031,JP,69629,50336.0,FIXTURE:us_mix_gdp_pc_tilt
53-3011,JP,6680,23536.5,FIXTURE:us_mix_gdp_pc_tilt
53-3031,JP,216413,26474.5,FIXTURE:us_mix_gdp_pc_tilt
53-3032,JP,1090600,38811.5,FIXTURE:us_mix_gdp_pc_tilt
53-3033,JP,520061,31700.5,FIXTURE:us_mix_gdp_pc_tilt
53-3051,JP,213107,31479.5,FIXTURE:us_mix_gdp_pc_tilt
53-3052,JP,84221,39182.0,FIXTURE:us_mix_gdp_pc_tilt
53-3053,JP,131446,25922.0,FIXTURE:us_mix_gdp_pc_tilt
53-3054,JP,21711,32454.5,FIXTURE:us_mix_gdp_pc_tilt
53-3099,JP,24795,27579.5,FIXTURE:us_mix_gdp_pc_tilt
53-4011,JP,17702,55835.0,FIXTURE:us_mix_gdp_pc_tilt
53-4013,JP,2073,44492.5,FIXTURE:us_mix_gdp_pc_tilt
53-4022,JP,6558,44869.5,FIXTURE:us_mix_gdp_pc_tilt
53-4031,JP,24562,51415.0,FIXTURE:us_mix_gdp_pc_tilt
53-4041,JP,5395,50160.5,FIXTURE:us_mix_gdp_pc_tilt
53-4099,JP,592,39091.0,FIXTURE:us_mix_gdp_pc_tilt
53-5011,JP,16750,36939.5,FIXTURE:us_mix_gdp_pc_tilt
53-5021,JP,19490,67418.0,FIXTURE:us_mix_gdp_pc_tilt
53-5022,JP,1312,36575.5,FIXTURE:us_mix_gdp_pc_tilt
53-5031,JP,4443,72663.5,FIXTURE:us_mix_gdp_pc_tilt
53-6011,JP,1608,35990.5,FIXTURE:us_mix_gdp_pc_tilt
53-6021,JP,72924,22743.5,FIXTURE:us_mix_gdp_pc_tilt
53-6031,JP,53952,23907.0,FIXTURE:us_mix_gdp_pc_tilt
53-6032,JP,16554,28164.5,FIXTURE:us_mix_gdp_pc_tilt
53-6041,JP,4157,40332.5,FIXTURE:us_mix_gdp_pc_tilt
53-6051,JP,12958,57551.0,FIXTURE:us_mix_gdp_pc_tilt
53-6061,JP,14338,24583.0,FIXTURE:us_mix_gdp_pc_tilt
53-6099,JP,7167,33078.5,FIXTURE:us_mix_gdp_pc_tilt
53-7011,JP,12128,29302.0,FIXTURE:us_mix_gdp_pc_tilt
53-7021,JP,22684,46884.5,FIXTURE:us_mix_gdp_pc_tilt
53-7031,JP,550,36478.0,FIXTURE:us_mix_gdp_pc_tilt
53-7041,JP,1375,44011.5,FIXTURE:us_mix_gdp_pc_tilt
53-7051,JP,409586,31440.5,FIXTURE:us_mix_gdp_pc_tilt
53-7061,JP,201207,24037.0,FIXTURE:us_mix_gdp_pc_tilt
53-7062,JP,1560384,27469.0,FIXTURE:us_mix_gdp_pc_tilt
53-7063,JP,22388,28379.0,FIXTURE:us_mix_gdp_pc_tilt
53-7064,JP,296085,24401.0,FIXTURE:us_mix_gdp_pc_tilt
53-7065,JP,1498784,25701.0,FIXTURE:us_mix_gdp_pc_tilt
53-7071,JP,1856,48496.5,FIXTURE:us_mix_gdp_pc_tilt
53-7072,JP,5173,41574.0,FIXTURE:us_mix_gdp_pc_tilt
53-7073,JP,9515,45740.5,FIXTURE:us_mix_gdp_pc_tilt
53-7081,JP,77874,34333.0,FIXTURE:us_mix_gdp_pc_tilt
53-7121,JP,5659,38980.5,FIXTURE:us_mix_gdp_pc_tilt
53-7199,JP,12418,29666.0,FIXTURE:us_mix_gdp_pc_tilt
11-1011,KR,28864,161778.0,FIXTURE:us_mix_gdp_pc_tilt
11-1021,KR,494790,80964.0,FIXTURE:us_mix_gdp_pc_tilt
11-1031,KR,6298,34266.0,FIXTURE:us_mix_gdp_pc_tilt
11-2011,KR,3033,92568.0,FIXTURE:us_mix_gdp_pc_tilt
11-2021,KR,55826,106662.0,FIXTURE:us_mix_gdp_pc_tilt
11-2022,KR,89985,98610.0,FIXTURE:us_mix_gdp_pc_tilt
11-2032,KR,10572,98856.0,FIXTURE:us_mix_gdp_pc_tilt
11-2033,KR,5482,84012.0,FIXTURE:us_mix_gdp_pc_tilt
11-3012,KR,37283,77922.0,FIXTURE:us_mix_gdp_pc_tilt
11-3013,KR,22060,70134.0,FIXTURE:us_mix_gdp_pc_tilt
11-3021,KR,94716,115296.0,FIXTURE:us_mix_gdp_pc_tilt
11-3031,KR,118889,112146.0,FIXTURE:us_mix_gdp_pc_tilt
11-3051,KR,34782,80502.0,FIXTURE:us_mix_gdp_pc_tilt
11-3061,KR,11910,93816.0,FIXTURE:us_mix_gdp_pc_tilt
11-3071,KR,31241,72960.0,FIXTURE:us_mix_gdp_pc_tilt
11-3111,KR,3240,97584.0,FIXTURE:us_mix_gdp_pc_tilt
11-3121,KR,31167,98538.0,FIXTURE:us_mix_gdp_pc_tilt
11-3131,KR,6787,89022.0,FIXTURE:us_mix_gdp_pc_tilt
11-9013,KR,918,59892.0,FIXTURE:us_mix_gdp_pc_tilt
11-9021,KR,53725,74616.0,FIXTURE:us_mix_gdp_pc_tilt
11-9031,KR,10404,38880.0,FIXTURE:us_mix_gdp_pc_tilt
11-9032,KR,46375,69660.0,FIXTURE:us_mix_gdp_pc_tilt
11-9033,KR,25491,75924.0,FIXTURE:us_mix_gdp_pc_tilt
11-9039,KR,7787,61140.0,FIXTURE:us_mix_gdp_pc_tilt
11-9041,KR,31111,108924.0,FIXTURE:us_mix_gdp_pc_tilt
11-9051,KR,33677,44928.0,FIXTURE:us_mix_gdp_pc_tilt
11-9071,KR,710,61830.0,FIXTURE:us_mix_gdp_pc_tilt
11-9072,KR,5365,53850.0,FIXTURE:us_mix_gdp_pc_tilt
11-9081,KR,6020,47244.0,FIXTURE:us_mix_gdp_pc_tilt
11-9111,KR,84336,84582.0,FIXTURE:us_mix_gdp_pc_tilt
11-9121,KR,15352,108150.0,FIXTURE:us_mix_gdp_pc_tilt
11-9131,KR,1951,58416.0,FIXTURE:us_mix_gdp_pc_tilt
11-9141,KR,43953,50226.0,FIXTURE:us_mix_gdp_pc_tilt
11-9151,KR,29567,53328.0,FIXTURE:us_mix_gdp_pc_tilt
11-9161,KR,1907,61452.0,FIXTURE:us_mix_gdp_pc_tilt
11-9171,KR,1965,55704.0,FIXTURE:us_mix_gdp_pc_tilt
11-9179,KR,1476,46914.0,FIXTURE:us_mix_gdp_pc_tilt
11-9199,KR,87882,92334.0,FIXTURE:us_mix_gdp_pc_tilt
13-1011,KR,1783,84948.0,FIXTURE:us_mix_gdp_pc_tilt
13-1020,KR,69413,50262.0,FIXTURE:us_mix_gdp_pc_tilt
13-1031,KR,45796,48282.0,FIXTURE:us_mix_gdp_pc_tilt
13-1032,KR,1633,47340.0,FIXTURE:us_mix_gdp_pc_tilt
13-1041,KR,58910,53040.0,FIXTURE:us_mix_gdp_pc_tilt
13-1051,KR,31670,51234.0,FIXTURE:us_mix_gdp_pc_tilt
13-1071,KR,128878,49194.0,FIXTURE:us_mix_gdp_pc_tilt
13-1074,KR,44,35082.0,FIXTURE:us_mix_gdp_pc_tilt
13-1075,KR,9154,59232.0,FIXTURE:us_mix_gdp_pc_tilt
13-1081,KR,35459,53838.0,FIXTURE:us_mix_gdp_pc_tilt
13-1082,KR,150663,66444.0,FIXTURE:us_mix_gdp_pc_tilt
13-1111,KR,126879,68274.0,FIXTURE:us_mix_gdp_pc_tilt
13-1121,KR,20178,39912.0,FIXTURE:us_mix_gdp_pc_tilt
13-1131,KR,15684,46320.0,FIXTURE:us_mix_gdp_pc_tilt
13-1141,KR,15873,50598.0,FIXTURE:us_mix_gdp_pc_tilt
13-1151,KR,64733,45330.0,FIXTURE:us_mix_gdp_pc_tilt
13-1161,KR,127063,53694.0,FIXTURE:us_mix_gdp_pc_tilt
13-1199,KR,153548,56382.0,FIXTURE:us_mix_gdp_pc_tilt
13-2011,KR,204737,56850.0,FIXTURE:us_mix_gdp_pc_tilt
13-2020,KR,8061,45462.0,FIXTURE:us_mix_gdp_pc_tilt
13-2031,KR,6661,57822.0,FIXTURE:us_mix_gdp_pc_tilt
13-2041,KR,9095,60510.0,FIXTURE:us_mix_gdp_pc_tilt
13-2051,KR,51128,70080.0,FIXTURE:us_mix_gdp_pc_tilt
13-2052,KR,37685,94002.0,FIXTURE:us_mix_gdp_pc_tilt
13-2053,KR,14890,56220.0,FIXTURE:us_mix_gdp_pc_tilt
13-2054,KR,9019,74652.0,FIXTURE:us_mix_gdp_pc_tilt
13-2061,KR,9581,63744.0,FIXTURE:us_mix_gdp_pc_tilt
13-2071,KR,3922,34326.0,FIXTURE:us_mix_gdp_pc_tilt
13-2072,KR,38748,52674.0,FIXTURE:us_mix_gdp_pc_tilt
13-2081,KR,7996,42312.0,FIXTURE:us_mix_gdp_pc_tilt
13-2082,KR,10803,36558.0,FIXTURE:us_mix_gdp_pc_tilt
13-2099,KR,18663,56286.0,FIXTURE:us_mix_gdp_pc_tilt
15-1211,KR,73382,68766.0,FIXTURE:us_mix_gdp_pc_tilt
15-1212,KR,26929,79506.0,FIXTURE:us_mix_gdp_pc_tilt
15-1221,KR,5254,92358.0,FIXTURE:us_mix_gdp_pc_tilt
15-1231,KR,20649,49122.0,FIXTURE:us_mix_gdp_pc_tilt
15-1232,KR,101301,40398.0,FIXTURE:us_mix_gdp_pc_tilt
15-1241,KR,25388,83748.0,FIXTURE:us_mix_gdp_pc_tilt
15-1242,KR,9886,66054.0,FIXTURE:us_mix_gdp_pc_tilt
15-1243,KR,9483,86664.0,FIXTURE:us_mix_gdp_pc_tilt
15-1244,KR,44399,62208.0,FIXTURE:us_mix_gdp_pc_tilt
15-1251,KR,13027,63102.0,FIXTURE:us_mix_gdp_pc_tilt
15-1252,KR,238409,88860.0,FIXTURE:us_mix_gdp_pc_tilt
15-1253,KR,26376,66894.0,FIXTURE:us_mix_gdp_pc_tilt
15-1254,KR,9914,59262.0,FIXTURE:us_mix_gdp_pc_tilt
15-1255,KR,16007,70494.0,FIXTURE:us_mix_gdp_pc_tilt
15-1299,KR,61495,73338.0,FIXTURE:us_mix_gdp_pc_tilt
15-2011,KR,3767,84888.0,FIXTURE:us_mix_gdp_pc_tilt
15-2021,KR,287,77556.0,FIXTURE:us_mix_gdp_pc_tilt
15-2031,KR,15327,59838.0,FIXTURE:us_mix_gdp_pc_tilt
15-2041,KR,4100,69420.0,FIXTURE:us_mix_gdp_pc_tilt
15-2051,KR,37069,76080.0,FIXTURE:us_mix_gdp_pc_tilt
15-2099,KR,525,54930.0,FIXTURE:us_mix_gdp_pc_tilt
17-1011,KR,15081,63756.0,FIXTURE:us_mix_gdp_pc_tilt
17-1012,KR,2768,53268.0,FIXTURE:us_mix_gdp_pc_tilt
17-1021,KR,2014,52014.0,FIXTURE:us_mix_gdp_pc_tilt
17-1022,KR,7180,48342.0,FIXTURE:us_mix_gdp_pc_tilt
17-2011,KR,9564,85236.0,FIXTURE:us_mix_gdp_pc_tilt
17-2021,KR,209,64938.0,FIXTURE:us_mix_gdp_pc_tilt
17-2031,KR,3316,70134.0,FIXTURE:us_mix_gdp_pc_tilt
17-2041,KR,2976,77988.0,FIXTURE:us_mix_gdp_pc_tilt
17-2051,KR,51956,65202.0,FIXTURE:us_mix_gdp_pc_tilt
17-2061,KR,10828,97602.0,FIXTURE:us_mix_gdp_pc_tilt
17-2071,KR,28073,75060.0,FIXTURE:us_mix_gdp_pc_tilt
17-2072,KR,13687,82368.0,FIXTURE:us_mix_gdp_pc_tilt
17-2081,KR,5415,67746.0,FIXTURE:us_mix_gdp_pc_tilt
17-2111,KR,3030,71862.0,FIXTURE:us_mix_gdp_pc_tilt
17-2112,KR,51660,65940.0,FIXTURE:us_mix_gdp_pc_tilt
17-2121,KR,1165,74508.0,FIXTURE:us_mix_gdp_pc_tilt
17-2131,KR,3216,72150.0,FIXTURE:us_mix_gdp_pc_tilt
17-2141,KR,41923,68166.0,FIXTURE:us_mix_gdp_pc_tilt
17-2151,KR,859,69246.0,FIXTURE:us_mix_gdp_pc_tilt
17-2161,KR,2158,84252.0,FIXTURE:us_mix_gdp_pc_tilt
17-2171,KR,2551,94290.0,FIXTURE:us_mix_gdp_pc_tilt
17-2199,KR,21762,75198.0,FIXTURE:us_mix_gdp_pc_tilt
17-3011,KR,14647,42444.0,FIXTURE:us_mix_gdp_pc_tilt
17-3012,KR,2531,48768.0,FIXTURE:us_mix_gdp_pc_tilt
17-3013,KR,5644,45036.0,FIXTURE:us_mix_gdp_pc_tilt
17-3019,KR,2044,40950.0,FIXTURE:us_mix_gdp_pc_tilt
17-3021,KR,1593,54786.0,FIXTURE:us_mix_gdp_pc_tilt
17-3022,KR,9678,41394.0,FIXTURE:us_mix_gdp_pc_tilt
17-3023,KR,13437,48408.0,FIXTURE:us_mix_gdp_pc_tilt
17-3024,KR,2192,45852.0,FIXTURE:us_mix_gdp_pc_tilt
17-3025,KR,1722,38922.0,FIXTURE:us_mix_gdp_pc_tilt
17-3026,KR,10674,42420.0,FIXTURE:us_mix_gdp_pc_tilt
17-3027,KR,5112,45828.0,FIXTURE:us_mix_gdp_pc_tilt
17-3028,KR,2336,44502.0,FIXTURE:us_mix_gdp_pc_tilt
17-3029,KR,8465,48576.0,FIXTURE:us_mix_gdp_pc_tilt
17-3031,KR,8194,34800.0,FIXTURE:us_mix_gdp_pc_tilt
19-1011,KR,438,53010.0,FIXTURE:us_mix_gdp_pc_tilt
19-1012,KR,1845,57216.0,FIXTURE:us_mix_gdp_pc_tilt
19-1013,KR,2222,52632.0,FIXTURE:us_mix_gdp_pc_tilt
19-1021,KR,4778,77904.0,FIXTURE:us_mix_gdp_pc_tilt
19-1022,KR,2675,58560.0,FIXTURE:us_mix_gdp_pc_tilt
19-1023,KR,2559,49812.0,FIXTURE:us_mix_gdp_pc_tilt
19-1029,KR,7889,63798.0,FIXTURE:us_mix_gdp_pc_tilt
19-1031,KR,3665,46278.0,FIXTURE:us_mix_gdp_pc_tilt
19-1032,KR,1473,47502.0,FIXTURE:us_mix_gdp_pc_tilt
19-1041,KR,1708,58734.0,FIXTURE:us_mix_gdp_pc_tilt
19-1042,KR,24342,70104.0,FIXTURE:us_mix_gdp_pc_tilt
19-1099,KR,1054,64716.0,FIXTURE:us_mix_gdp_pc_tilt
19-2011,KR,299,79752.0,FIXTURE:us_mix_gdp_pc_tilt
19-2012,KR,2886,102708.0,FIXTURE:us_mix_gdp_pc_tilt
19-2021,KR,1412,63666.0,FIXTURE:us_mix_gdp_pc_tilt
19-2031,KR,11691,60270.0,FIXTURE:us_mix_gdp_pc_tilt
19-2032,KR,1196,75708.0,FIXTURE:us_mix_gdp_pc_tilt
19-2041,KR,12606,55008.0,FIXTURE:us_mix_gdp_pc_tilt
19-2042,KR,3315,69690.0,FIXTURE:us_mix_gdp_pc_tilt
19-2043,KR,826,62160.0,FIXTURE:us_mix_gdp_pc_tilt
19-2099,KR,3150,77538.0,FIXTURE:us_mix_gdp_pc_tilt
19-3011,KR,2513,85278.0,FIXTURE:us_mix_gdp_pc_tilt
19-3022,KR,1171,47748.0,FIXTURE:us_mix_gdp_pc_tilt
19-3032,KR,112,102138.0,FIXTURE:us_mix_gdp_pc_tilt
19-3033,KR,10733,67650.0,FIXTURE:us_mix_gdp_pc_tilt
19-3034,KR,9031,59496.0,FIXTURE:us_mix_gdp_pc_tilt
19-3039,KR,2658,66726.0,FIXTURE:us_mix_gdp_pc_tilt
19-3041,KR,319,68952.0,FIXTURE:us_mix_gdp_pc_tilt
19-3051,KR,6247,56850.0,FIXTURE:us_mix_gdp_pc_tilt
19-3091,KR,1270,45372.0,FIXTURE:us_mix_gdp_pc_tilt
19-3092,KR,198,61410.0,FIXTURE:us_mix_gdp_pc_tilt
19-3093,KR,487,48744.0,FIXTURE:us_mix_gdp_pc_tilt
19-3094,KR,783,85506.0,FIXTURE:us_mix_gdp_pc_tilt
19-3099,KR,5240,64614.0,FIXTURE:us_mix_gdp_pc_tilt
19-4012,KR,2137,32304.0,FIXTURE:us_mix_gdp_pc_tilt
19-4013,KR,2062,33996.0,FIXTURE:us_mix_gdp_pc_tilt
19-4021,KR,9834,36828.0,FIXTURE:us_mix_gdp_pc_tilt
19-4031,KR,8127,38340.0,FIXTURE:us_mix_gdp_pc_tilt
19-4042,KR,4897,36480.0,FIXTURE:us_mix_gdp_pc_tilt
19-4043,KR,986,37122.0,FIXTURE:us_mix_gdp_pc_tilt
19-4044,KR,401,41718.0,FIXTURE:us_mix_gdp_pc_tilt
19-4051,KR,914,65364.0,FIXTURE:us_mix_gdp_pc_tilt
19-4061,KR,4328,39684.0,FIXTURE:us_mix_gdp_pc_tilt
19-4071,KR,4295,35436.0,FIXTURE:us_mix_gdp_pc_tilt
19-4092,KR,2701,47520.0,FIXTURE:us_mix_gdp_pc_tilt
19-4099,KR,10440,39768.0,FIXTURE:us_mix_gdp_pc_tilt
19-5011,KR,19861,56316.0,FIXTURE:us_mix_gdp_pc_tilt
19-5012,KR,4321,40872.0,FIXTURE:us_mix_gdp_pc_tilt
21-1012,KR,49904,42858.0,FIXTURE:us_mix_gdp_pc_tilt
21-1013,KR,9427,46176.0,FIXTURE:us_mix_gdp_pc_tilt
21-1015,KR,13382,31092.0,FIXTURE:us_mix_gdp_pc_tilt
21-1018,KR,69483,38664.0,FIXTURE:us_mix_gdp_pc_tilt
21-1019,KR,4037,34926.0,FIXTURE:us_mix_gdp_pc_tilt
21-1021,KR,55446,38400.0,FIXTURE:us_mix_gdp_pc_tilt
21-1022,KR,26502,43074.0,FIXTURE:us_mix_gdp_pc_tilt
21-1023,KR,18759,40818.0,FIXTURE:us_mix_gdp_pc_tilt
21-1029,KR,8889,45546.0,FIXTURE:us_mix_gdp_pc_tilt
21-1091,KR,9278,43968.0,FIXTURE:us_mix_gdp_pc_tilt
21-1092,KR,12626,43878.0,FIXTURE:us_mix_gdp_pc_tilt
21-1093,KR,61846,28614.0,FIXTURE:us_mix_gdp_pc_tilt
21-1094,KR,8709,33708.0,FIXTURE:us_mix_gdp_pc_tilt
21-1099,KR,15216,35754.0,FIXTURE:us_mix_gdp_pc_tilt
21-2011,KR,8079,40116.0,FIXTURE:us_mix_gdp_pc_tilt
21-2021,KR,3130,37260.0,FIXTURE:us_mix_gdp_pc_tilt
21-2099,KR,2226,32322.0,FIXTURE:us_mix_gdp_pc_tilt
23-1011,KR,106571,111504.0,FIXTURE:us_mix_gdp_pc_tilt
23-1012,KR,1877,43770.0,FIXTURE:us_mix_gdp_pc_tilt
23-1021,KR,2312,75594.0,FIXTURE:us_mix_gdp_pc_tilt
23-1022,KR,1301,54606.0,FIXTURE:us_mix_gdp_pc_tilt
23-1023,KR,3394,86298.0,FIXTURE:us_mix_gdp_pc_tilt
23-2011,KR,55493,41820.0,FIXTURE:us_mix_gdp_pc_tilt
23-2093,KR,6862,37410.0,FIXTURE:us_mix_gdp_pc_tilt
23-2099,KR,6605,53796.0,FIXTURE:us_mix_gdp_pc_tilt
25-1011,KR,11603,68832.0,FIXTURE:us_mix_gdp_pc_tilt
25-1021,KR,5011,62652.0,FIXTURE:us_mix_gdp_pc_tilt
25-1022,KR,6733,54930.0,FIXTURE:us_mix_gdp_pc_tilt
25-1031,KR,1088,60750.0,FIXTURE:us_mix_gdp_pc_tilt
25-1032,KR,5688,74712.0,FIXTURE:us_mix_gdp_pc_tilt
25-1041,KR,1260,61230.0,FIXTURE:us_mix_gdp_pc_tilt
25-1042,KR,7089,61704.0,FIXTURE:us_mix_gdp_pc_tilt
25-1043,KR,215,61470.0,FIXTURE:us_mix_gdp_pc_tilt
25-1051,KR,1398,69612.0,FIXTURE:us_mix_gdp_pc_tilt
25-1052,KR,2822,63126.0,FIXTURE:us_mix_gdp_pc_tilt
25-1053,KR,945,62166.0,FIXTURE:us_mix_gdp_pc_tilt
25-1054,KR,1849,66876.0,FIXTURE:us_mix_gdp_pc_tilt
25-1061,KR,740,64128.0,FIXTURE:us_mix_gdp_pc_tilt
25-1062,KR,1596,58998.0,FIXTURE:us_mix_gdp_pc_tilt
25-1063,KR,1633,83310.0,FIXTURE:us_mix_gdp_pc_tilt
25-1064,KR,470,61410.0,FIXTURE:us_mix_gdp_pc_tilt
25-1065,KR,2397,64860.0,FIXTURE:us_mix_gdp_pc_tilt
25-1066,KR,5866,56316.0,FIXTURE:us_mix_gdp_pc_tilt
25-1067,KR,1674,58188.0,FIXTURE:us_mix_gdp_pc_tilt
25-1069,KR,2342,53034.0,FIXTURE:us_mix_gdp_pc_tilt
25-1071,KR,31254,88542.0,FIXTURE:us_mix_gdp_pc_tilt
25-1072,KR,11012,51846.0,FIXTURE:us_mix_gdp_pc_tilt
25-1081,KR,8592,47610.0,FIXTURE:us_mix_gdp_pc_tilt
25-1082,KR,513,52866.0,FIXTURE:us_mix_gdp_pc_tilt
25-1111,KR,1857,52530.0,FIXTURE:us_mix_gdp_pc_tilt
25-1112,KR,2833,86862.0,FIXTURE:us_mix_gdp_pc_tilt
25-1113,KR,1781,50364.0,FIXTURE:us_mix_gdp_pc_tilt
25-1121,KR,13215,56820.0,FIXTURE:us_mix_gdp_pc_tilt
25-1122,KR,4155,54006.0,FIXTURE:us_mix_gdp_pc_tilt
25-1123,KR,8153,53748.0,FIXTURE:us_mix_gdp_pc_tilt
25-1124,KR,2801,53994.0,FIXTURE:us_mix_gdp_pc_tilt
25-1125,KR,2654,57948.0,FIXTURE:us_mix_gdp_pc_tilt
25-1126,KR,2890,55224.0,FIXTURE:us_mix_gdp_pc_tilt
25-1192,KR,391,49164.0,FIXTURE:us_mix_gdp_pc_tilt
25-1193,KR,1784,51972.0,FIXTURE:us_mix_gdp_pc_tilt
25-1194,KR,16118,43236.0,FIXTURE:us_mix_gdp_pc_tilt
25-1199,KR,21164,54378.0,FIXTURE:us_mix_gdp_pc_tilt
25-2011,KR,67626,25818.0,FIXTURE:us_mix_gdp_pc_tilt
25-2012,KR,15378,41622.0,FIXTURE:us_mix_gdp_pc_tilt
25-2021,KR,196105,43590.0,FIXTURE:us_mix_gdp_pc_tilt
25-2022,KR,87586,43218.0,FIXTURE:us_mix_gdp_pc_tilt
25-2023,KR,2383,42954.0,FIXTURE:us_mix_gdp_pc_tilt
25-2031,KR,150457,45792.0,FIXTURE:us_mix_gdp_pc_tilt
25-2032,KR,15738,43608.0,FIXTURE:us_mix_gdp_pc_tilt
25-2051,KR,4168,45828.0,FIXTURE:us_mix_gdp_pc_tilt
25-2052,KR,36847,43590.0,FIXTURE:us_mix_gdp_pc_tilt
25-2057,KR,13447,44268.0,FIXTURE:us_mix_gdp_pc_tilt
25-2058,KR,23155,46356.0,FIXTURE:us_mix_gdp_pc_tilt
25-2059,KR,4792,47850.0,FIXTURE:us_mix_gdp_pc_tilt
25-3011,KR,5270,39516.0,FIXTURE:us_mix_gdp_pc_tilt
25-3021,KR,46909,32844.0,FIXTURE:us_mix_gdp_pc_tilt
25-3031,KR,74122,27852.0,FIXTURE:us_mix_gdp_pc_tilt
25-3041,KR,24728,28830.0,FIXTURE:us_mix_gdp_pc_tilt
25-3099,KR,16072,44328.0,FIXTURE:us_mix_gdp_pc_tilt
25-4011,KR,1126,42384.0,FIXTURE:us_mix_gdp_pc_tilt
25-4012,KR,1716,42936.0,FIXTURE:us_mix_gdp_pc_tilt
25-4013,KR,1739,34446.0,FIXTURE:us_mix_gdp_pc_tilt
25-4022,KR,18897,43704.0,FIXTURE:us_mix_gdp_pc_tilt
25-4031,KR,9702,27300.0,FIXTURE:us_mix_gdp_pc_tilt
25-9021,KR,1161,36636.0,FIXTURE:us_mix_gdp_pc_tilt
25-9031,KR,32170,48552.0,FIXTURE:us_mix_gdp_pc_tilt
25-9044,KR,23177,28602.0,FIXTURE:us_mix_gdp_pc_tilt
25-9045,KR,200620,22974.0,FIXTURE:us_mix_gdp_pc_tilt
25-9099,KR,16750,35436.0,FIXTURE:us_mix_gdp_pc_tilt
27-1011,KR,7496,77664.0,FIXTURE:us_mix_gdp_pc_tilt
27-1012,KR,647,29844.0,FIXTURE:us_mix_gdp_pc_tilt
27-1013,KR,1585,43890.0,FIXTURE:us_mix_gdp_pc_tilt
27-1014,KR,2821,67722.0,FIXTURE:us_mix_gdp_pc_tilt
27-1019,KR,979,48318.0,FIXTURE:us_mix_gdp_pc_tilt
27-1021,KR,4730,55956.0,FIXTURE:us_mix_gdp_pc_tilt
27-1022,KR,3030,54738.0,FIXTURE:us_mix_gdp_pc_tilt
27-1023,KR,5733,23712.0,FIXTURE:us_mix_gdp_pc_tilt
27-1024,KR,27943,42336.0,FIXTURE:us_mix_gdp_pc_tilt
27-1025,KR,10099,44724.0,FIXTURE:us_mix_gdp_pc_tilt
27-1026,KR,23337,25698.0,FIXTURE:us_mix_gdp_pc_tilt
27-1027,KR,1501,49896.0,FIXTURE:us_mix_gdp_pc_tilt
27-1029,KR,1339,47454.0,FIXTURE:us_mix_gdp_pc_tilt
27-2011,KR,7769,39660.0,FIXTURE:us_mix_gdp_pc_tilt
27-2012,KR,20215,67980.0,FIXTURE:us_mix_gdp_pc_tilt
27-2021,KR,2129,123708.0,FIXTURE:us_mix_gdp_pc_tilt
27-2022,KR,35163,36096.0,FIXTURE:us_mix_gdp_pc_tilt
27-2023,KR,2229,31806.0,FIXTURE:us_mix_gdp_pc_tilt
27-2031,KR,1148,39660.0,FIXTURE:us_mix_gdp_pc_tilt
27-2032,KR,404,43860.0,FIXTURE:us_mix_gdp_pc_tilt
27-2041,KR,1771,54282.0,FIXTURE:us_mix_gdp_pc_tilt
27-2042,KR,5110,39660.0,FIXTURE:us_mix_gdp_pc_tilt
27-2091,KR,1119,39660.0,FIXTURE:us_mix_gdp_pc_tilt
27-2099,KR,2338,39660.0,FIXTURE:us_mix_gdp_pc_tilt
27-3011,KR,3000,47232.0,FIXTURE:us_mix_gdp_pc_tilt
27-3023,KR,5544,61476.0,FIXTURE:us_mix_gdp_pc_tilt
27-3031,KR,40026,50472.0,FIXTURE:us_mix_gdp_pc_tilt
27-3041,KR,12951,54036.0,FIXTURE:us_mix_gdp_pc_tilt
27-3042,KR,6427,58182.0,FIXTURE:us_mix_gdp_pc_tilt
27-3043,KR,6771,51654.0,FIXTURE:us_mix_gdp_pc_tilt
27-3091,KR,7353,39816.0,FIXTURE:us_mix_gdp_pc_tilt
27-3092,KR,1818,47256.0,FIXTURE:us_mix_gdp_pc_tilt
27-3099,KR,2767,50316.0,FIXTURE:us_mix_gdp_pc_tilt
27-4011,KR,9920,38778.0,FIXTURE:us_mix_gdp_pc_tilt
27-4012,KR,2982,40776.0,FIXTURE:us_mix_gdp_pc_tilt
27-4014,KR,1848,48834.0,FIXTURE:us_mix_gdp_pc_tilt
27-4015,KR,1257,47028.0,FIXTURE:us_mix_gdp_pc_tilt
27-4021,KR,7311,33246.0,FIXTURE:us_mix_gdp_pc_tilt
27-4031,KR,3044,49926.0,FIXTURE:us_mix_gdp_pc_tilt
27-4032,KR,3617,51678.0,FIXTURE:us_mix_gdp_pc_tilt
27-4099,KR,1759,48624.0,FIXTURE:us_mix_gdp_pc_tilt
29-1011,KR,5598,54312.0,FIXTURE:us_mix_gdp_pc_tilt
29-1021,KR,17570,114810.0,FIXTURE:us_mix_gdp_pc_tilt
29-1022,KR,694,207894.0,FIXTURE:us_mix_gdp_pc_tilt
29-1023,KR,877,155640.0,FIXTURE:us_mix_gdp_pc_tilt
29-1024,KR,123,161178.0,FIXTURE:us_mix_gdp_pc_tilt
29-1029,KR,739,148758.0,FIXTURE:us_mix_gdp_pc_tilt
29-1031,KR,10956,46278.0,FIXTURE:us_mix_gdp_pc_tilt
29-1041,KR,6044,84930.0,FIXTURE:us_mix_gdp_pc_tilt
29-1051,KR,45477,84552.0,FIXTURE:us_mix_gdp_pc_tilt
29-1071,KR,22903,84768.0,FIXTURE:us_mix_gdp_pc_tilt
29-1081,KR,1367,105288.0,FIXTURE:us_mix_gdp_pc_tilt
29-1122,KR,22946,60768.0,FIXTURE:us_mix_gdp_pc_tilt
29-1123,KR,37759,63168.0,FIXTURE:us_mix_gdp_pc_tilt
29-1124,KR,2411,68994.0,FIXTURE:us_mix_gdp_pc_tilt
29-1125,KR,2109,40578.0,FIXTURE:us_mix_gdp_pc_tilt
29-1126,KR,19745,52380.0,FIXTURE:us_mix_gdp_pc_tilt
29-1127,KR,25903,58902.0,FIXTURE:us_mix_gdp_pc_tilt
29-1128,KR,1209,36564.0,FIXTURE:us_mix_gdp_pc_tilt
29-1129,KR,3198,54252.0,FIXTURE:us_mix_gdp_pc_tilt
29-1131,KR,11851,85608.0,FIXTURE:us_mix_gdp_pc_tilt
29-1141,KR,477374,60852.0,FIXTURE:us_mix_gdp_pc_tilt
29-1151,KR,7322,148992.0,FIXTURE:us_mix_gdp_pc_tilt
29-1161,KR,1119,82188.0,FIXTURE:us_mix_gdp_pc_tilt
29-1171,KR,45628,82380.0,FIXTURE:us_mix_gdp_pc_tilt
29-1181,KR,1929,58644.0,FIXTURE:us_mix_gdp_pc_tilt
29-1211,KR,5475,216342.0,FIXTURE:us_mix_gdp_pc_tilt
29-1212,KR,2442,272964.0,FIXTURE:us_mix_gdp_pc_tilt
29-1213,KR,1606,194118.0,FIXTURE:us_mix_gdp_pc_tilt
29-1214,KR,4644,190488.0,FIXTURE:us_mix_gdp_pc_tilt
29-1215,KR,15185,153492.0,FIXTURE:us_mix_gdp_pc_tilt
29-1216,KR,9485,160320.0,FIXTURE:us_mix_gdp_pc_tilt
29-1217,KR,1496,160578.0,FIXTURE:us_mix_gdp_pc_tilt
29-1218,KR,3003,167424.0,FIXTURE:us_mix_gdp_pc_tilt
29-1221,KR,5564,127266.0,FIXTURE:us_mix_gdp_pc_tilt
29-1222,KR,1569,171252.0,FIXTURE:us_mix_gdp_pc_tilt
29-1223,KR,3952,161964.0,FIXTURE:us_mix_gdp_pc_tilt
29-1224,KR,3781,228918.0,FIXTURE:us_mix_gdp_pc_tilt
29-1229,KR,48408,157224.0,FIXTURE:us_mix_gdp_pc_tilt
29-1241,KR,1264,182790.0,FIXTURE:us_mix_gdp_pc_tilt
29-1242,KR,1992,224142.0,FIXTURE:us_mix_gdp_pc_tilt
29-1243,KR,168,301230.0,FIXTURE:us_mix_gdp_pc_tilt
29-1249,KR,3551,224358.0,FIXTURE:us_mix_gdp_pc_tilt
29-1291,KR,1106,52212.0,FIXTURE:us_mix_gdp_pc_tilt
29-1292,KR,31461,59394.0,FIXTURE:us_mix_gdp_pc_tilt
29-1299,KR,4044,76596.0,FIXTURE:us_mix_gdp_pc_tilt
29-2010,KR,47027,40410.0,FIXTURE:us_mix_gdp_pc_tilt
29-2031,KR,8893,46164.0,FIXTURE:us_mix_gdp_pc_tilt
29-2032,KR,12735,58344.0,FIXTURE:us_mix_gdp_pc_tilt
29-2033,KR,2412,63096.0,FIXTURE:us_mix_gdp_pc_tilt
29-2034,KR,32556,50304.0,FIXTURE:us_mix_gdp_pc_tilt
29-2035,KR,6129,57672.0,FIXTURE:us_mix_gdp_pc_tilt
29-2036,KR,482,89100.0,FIXTURE:us_mix_gdp_pc_tilt
29-2042,KR,25496,28098.0,FIXTURE:us_mix_gdp_pc_tilt
29-2043,KR,14211,38016.0,FIXTURE:us_mix_gdp_pc_tilt
29-2051,KR,4458,24378.0,FIXTURE:us_mix_gdp_pc_tilt
29-2052,KR,66623,27972.0,FIXTURE:us_mix_gdp_pc_tilt
29-2053,KR,22170,27966.0,FIXTURE:us_mix_gdp_pc_tilt
29-2055,KR,16591,41226.0,FIXTURE:us_mix_gdp_pc_tilt
29-2056,KR,18241,29472.0,FIXTURE:us_mix_gdp_pc_tilt
29-2057,KR,10030,28236.0,FIXTURE:us_mix_gdp_pc_tilt
29-2061,KR,91586,40230.0,FIXTURE:us_mix_gdp_pc_tilt
29-2072,KR,27504,34074.0,FIXTURE:us_mix_gdp_pc_tilt
29-2081,KR,10386,31062.0,FIXTURE:us_mix_gdp_pc_tilt
29-2091,KR,1326,50244.0,FIXTURE:us_mix_gdp_pc_tilt
29-2092,KR,1592,39822.0,FIXTURE:us_mix_gdp_pc_tilt
29-2099,KR,25793,35226.0,FIXTURE:us_mix_gdp_pc_tilt
29-9021,KR,5381,44982.0,FIXTURE:us_mix_gdp_pc_tilt
29-9091,KR,4308,39972.0,FIXTURE:us_mix_gdp_pc_tilt
29-9092,KR,528,62772.0,FIXTURE:us_mix_gdp_pc_tilt
29-9093,KR,3146,43626.0,FIXTURE:us_mix_gdp_pc_tilt
29-9099,KR,4945,46032.0,FIXTURE:us_mix_gdp_pc_tilt
31-1120,KR,781945,21672.0,FIXTURE:us_mix_gdp_pc_tilt
31-1131,KR,263126,25620.0,FIXTURE:us_mix_gdp_pc_tilt
31-1132,KR,9523,24396.0,FIXTURE:us_mix_gdp_pc_tilt
31-1133,KR,6451,27414.0,FIXTURE:us_mix_gdp_pc_tilt
31-2011,KR,9314,42426.0,FIXTURE:us_mix_gdp_pc_tilt
31-2012,KR,783,26466.0,FIXTURE:us_mix_gdp_pc_tilt
31-2021,KR,20418,41238.0,FIXTURE:us_mix_gdp_pc_tilt
31-2022,KR,8744,21858.0,FIXTURE:us_mix_gdp_pc_tilt
31-9011,KR,17941,38298.0,FIXTURE:us_mix_gdp_pc_tilt
31-9091,KR,70424,30120.0,FIXTURE:us_mix_gdp_pc_tilt
31-9092,KR,148527,27672.0,FIXTURE:us_mix_gdp_pc_tilt
31-9093,KR,14060,30306.0,FIXTURE:us_mix_gdp_pc_tilt
31-9094,KR,7546,25026.0,FIXTURE:us_mix_gdp_pc_tilt
31-9095,KR,7179,24270.0,FIXTURE:us_mix_gdp_pc_tilt
31-9096,KR,22987,24204.0,FIXTURE:us_mix_gdp_pc_tilt
31-9097,KR,26067,27312.0,FIXTURE:us_mix_gdp_pc_tilt
31-9099,KR,19929,30486.0,FIXTURE:us_mix_gdp_pc_tilt
33-1011,KR,9694,50628.0,FIXTURE:us_mix_gdp_pc_tilt
33-1012,KR,28078,67314.0,FIXTURE:us_mix_gdp_pc_tilt
33-1021,KR,18004,58158.0,FIXTURE:us_mix_gdp_pc_tilt
33-1091,KR,14797,35940.0,FIXTURE:us_mix_gdp_pc_tilt
33-1099,KR,3757,44634.0,FIXTURE:us_mix_gdp_pc_tilt
33-2011,KR,62833,38178.0,FIXTURE:us_mix_gdp_pc_tilt
33-2021,KR,2506,47202.0,FIXTURE:us_mix_gdp_pc_tilt
33-2022,KR,505,39984.0,FIXTURE:us_mix_gdp_pc_tilt
33-3011,KR,3144,36996.0,FIXTURE:us_mix_gdp_pc_tilt
33-3012,KR,69100,38178.0,FIXTURE:us_mix_gdp_pc_tilt
33-3021,KR,20781,59658.0,FIXTURE:us_mix_gdp_pc_tilt
33-3031,KR,1048,44970.0,FIXTURE:us_mix_gdp_pc_tilt
33-3041,KR,1644,30714.0,FIXTURE:us_mix_gdp_pc_tilt
33-3051,KR,121768,47520.0,FIXTURE:us_mix_gdp_pc_tilt
33-3052,KR,797,55086.0,FIXTURE:us_mix_gdp_pc_tilt
33-9011,KR,2192,29064.0,FIXTURE:us_mix_gdp_pc_tilt
33-9021,KR,6461,36090.0,FIXTURE:us_mix_gdp_pc_tilt
33-9031,KR,1729,27378.0,FIXTURE:us_mix_gdp_pc_tilt
33-9032,KR,233081,25482.0,FIXTURE:us_mix_gdp_pc_tilt
33-9091,KR,17136,26010.0,FIXTURE:us_mix_gdp_pc_tilt
33-9092,KR,28611,20682.0,FIXTURE:us_mix_gdp_pc_tilt
33-9093,KR,9133,38586.0,FIXTURE:us_mix_gdp_pc_tilt
33-9094,KR,14241,21090.0,FIXTURE:us_mix_gdp_pc_tilt
33-9099,KR,14801,28842.0,FIXTURE:us_mix_gdp_pc_tilt
35-1011,KR,46707,40020.0,FIXTURE:us_mix_gdp_pc_tilt
35-1012,KR,285612,27708.0,FIXTURE:us_mix_gdp_pc_tilt
35-2011,KR,149682,19434.0,FIXTURE:us_mix_gdp_pc_tilt
35-2012,KR,102980,23286.0,FIXTURE:us_mix_gdp_pc_tilt
35-2013,KR,257,32208.0,FIXTURE:us_mix_gdp_pc_tilt
35-2014,KR,329193,23238.0,FIXTURE:us_mix_gdp_pc_tilt
35-2015,KR,32373,21672.0,FIXTURE:us_mix_gdp_pc_tilt
35-2019,KR,4518,23490.0,FIXTURE:us_mix_gdp_pc_tilt
35-2021,KR,208645,21174.0,FIXTURE:us_mix_gdp_pc_tilt
35-3011,KR,176608,24474.0,FIXTURE:us_mix_gdp_pc_tilt
35-3023,KR,899876,19290.0,FIXTURE:us_mix_gdp_pc_tilt
35-3031,KR,530231,24036.0,FIXTURE:us_mix_gdp_pc_tilt
35-3041,KR,68622,21684.0,FIXTURE:us_mix_gdp_pc_tilt
35-9011,KR,126726,20538.0,FIXTURE:us_mix_gdp_pc_tilt
35-9021,KR,111479,20586.0,FIXTURE:us_mix_gdp_pc_tilt
35-9031,KR,101028,19614.0,FIXTURE:us_mix_gdp_pc_tilt
35-9099,KR,19760,22086.0,FIXTURE:us_mix_gdp_pc_tilt
37-1011,KR,41738,31992.0,FIXTURE:us_mix_gdp_pc_tilt
37-1012,KR,30531,36576.0,FIXTURE:us_mix_gdp_pc_tilt
37-2011,KR,515953,23256.0,FIXTURE:us_mix_gdp_pc_tilt
37-2012,KR,200956,22248.0,FIXTURE:us_mix_gdp_pc_tilt
37-2019,KR,4018,27852.0,FIXTURE:us_mix_gdp_pc_tilt
37-2021,KR,23961,27840.0,FIXTURE:us_mix_gdp_pc_tilt
37-3011,KR,222430,25374.0,FIXTURE:us_mix_gdp_pc_tilt
37-3012,KR,6316,28242.0,FIXTURE:us_mix_gdp_pc_tilt
37-3013,KR,12879,33582.0,FIXTURE:us_mix_gdp_pc_tilt
37-3019,KR,3182,29298.0,FIXTURE:us_mix_gdp_pc_tilt
39-1013,KR,4723,38898.0,FIXTURE:us_mix_gdp_pc_tilt
39-1014,KR,18740,32130.0,FIXTURE:us_mix_gdp_pc_tilt
39-1022,KR,20723,31416.0,FIXTURE:us_mix_gdp_pc_tilt
39-2011,KR,3409,28212.0,FIXTURE:us_mix_gdp_pc_tilt
39-2021,KR,48471,22380.0,FIXTURE:us_mix_gdp_pc_tilt
39-3011,KR,15238,25530.0,FIXTURE:us_mix_gdp_pc_tilt
39-3012,KR,1625,21870.0,FIXTURE:us_mix_gdp_pc_tilt
39-3019,KR,2568,24828.0,FIXTURE:us_mix_gdp_pc_tilt
39-3021,KR,269,30888.0,FIXTURE:us_mix_gdp_pc_tilt
39-3031,KR,22114,19848.0,FIXTURE:us_mix_gdp_pc_tilt
39-3091,KR,72247,19584.0,FIXTURE:us_mix_gdp_pc_tilt
39-3092,KR,1182,38064.0,FIXTURE:us_mix_gdp_pc_tilt
39-3093,KR,2826,23076.0,FIXTURE:us_mix_gdp_pc_tilt
39-3099,KR,1282,20988.0,FIXTURE:us_mix_gdp_pc_tilt
39-4011,KR,706,35034.0,FIXTURE:us_mix_gdp_pc_tilt
39-4012,KR,539,27402.0,FIXTURE:us_mix_gdp_pc_tilt
39-4021,KR,5646,22314.0,FIXTURE:us_mix_gdp_pc_tilt
39-4031,KR,4558,34896.0,FIXTURE:us_mix_gdp_pc_tilt
39-5011,KR,2724,28242.0,FIXTURE:us_mix_gdp_pc_tilt
39-5012,KR,55518,26376.0,FIXTURE:us_mix_gdp_pc_tilt
39-5091,KR,425,61344.0,FIXTURE:us_mix_gdp_pc_tilt
39-5092,KR,27743,23142.0,FIXTURE:us_mix_gdp_pc_tilt
39-5093,KR,1466,19188.0,FIXTURE:us_mix_gdp_pc_tilt
39-5094,KR,13237,31110.0,FIXTURE:us_mix_gdp_pc_tilt
39-6011,KR,5177,23142.0,FIXTURE:us_mix_gdp_pc_tilt
39-6012,KR,8942,25506.0,FIXTURE:us_mix_gdp_pc_tilt
39-7010,KR,9716,26232.0,FIXTURE:us_mix_gdp_pc_tilt
39-9011,KR,94235,21018.0,FIXTURE:us_mix_gdp_pc_tilt
39-9031,KR,58645,31452.0,FIXTURE:us_mix_gdp_pc_tilt
39-9032,KR,60199,23112.0,FIXTURE:us_mix_gdp_pc_tilt
39-9041,KR,15393,26394.0,FIXTURE:us_mix_gdp_pc_tilt
39-9099,KR,10972,24072.0,FIXTURE:us_mix_gdp_pc_tilt
41-1011,KR,203722,32028.0,FIXTURE:us_mix_gdp_pc_tilt
41-1012,KR,38934,59622.0,FIXTURE:us_mix_gdp_pc_tilt
41-2011,KR,561044,19908.0,FIXTURE:us_mix_gdp_pc_tilt
41-2012,KR,3910,23460.0,FIXTURE:us_mix_gdp_pc_tilt
41-2021,KR,72788,27420.0,FIXTURE:us_mix_gdp_pc_tilt
41-2022,KR,49045,26298.0,FIXTURE:us_mix_gdp_pc_tilt
41-2031,KR,707861,22386.0,FIXTURE:us_mix_gdp_pc_tilt
41-3011,KR,16653,48402.0,FIXTURE:us_mix_gdp_pc_tilt
41-3021,KR,87006,48888.0,FIXTURE:us_mix_gdp_pc_tilt
41-3031,KR,88907,65490.0,FIXTURE:us_mix_gdp_pc_tilt
41-3041,KR,10008,32796.0,FIXTURE:us_mix_gdp_pc_tilt
41-3091,KR,228094,49458.0,FIXTURE:us_mix_gdp_pc_tilt
41-4011,KR,51720,71838.0,FIXTURE:us_mix_gdp_pc_tilt
41-4012,KR,224858,49518.0,FIXTURE:us_mix_gdp_pc_tilt
41-9011,KR,11717,27348.0,FIXTURE:us_mix_gdp_pc_tilt
41-9012,KR,686,43680.0,FIXTURE:us_mix_gdp_pc_tilt
41-9021,KR,8372,50370.0,FIXTURE:us_mix_gdp_pc_tilt
41-9022,KR,35116,41706.0,FIXTURE:us_mix_gdp_pc_tilt
41-9031,KR,9405,78084.0,FIXTURE:us_mix_gdp_pc_tilt
41-9041,KR,10611,22422.0,FIXTURE:us_mix_gdp_pc_tilt
41-9091,KR,501,26310.0,FIXTURE:us_mix_gdp_pc_tilt
41-9099,KR,16922,35106.0,FIXTURE:us_mix_gdp_pc_tilt
43-1011,KR,260905,44094.0,FIXTURE:us_mix_gdp_pc_tilt
43-2011,KR,6225,25380.0,FIXTURE:us_mix_gdp_pc_tilt
43-2021,KR,623,26982.0,FIXTURE:us_mix_gdp_pc_tilt
43-2099,KR,218,37278.0,FIXTURE:us_mix_gdp_pc_tilt
43-3011,KR,28844,29436.0,FIXTURE:us_mix_gdp_pc_tilt
43-3021,KR,73378,30642.0,FIXTURE:us_mix_gdp_pc_tilt
43-3031,KR,249464,32136.0,FIXTURE:us_mix_gdp_pc_tilt
43-3041,KR,2621,23706.0,FIXTURE:us_mix_gdp_pc_tilt
43-3051,KR,27811,35778.0,FIXTURE:us_mix_gdp_pc_tilt
43-3061,KR,10135,31422.0,FIXTURE:us_mix_gdp_pc_tilt
43-3071,KR,59834,25410.0,FIXTURE:us_mix_gdp_pc_tilt
43-3099,KR,6585,33870.0,FIXTURE:us_mix_gdp_pc_tilt
43-4011,KR,6527,43710.0,FIXTURE:us_mix_gdp_pc_tilt
43-4021,KR,779,28854.0,FIXTURE:us_mix_gdp_pc_tilt
43-4031,KR,32643,31392.0,FIXTURE:us_mix_gdp_pc_tilt
43-4041,KR,2185,30852.0,FIXTURE:us_mix_gdp_pc_tilt
43-4051,KR,471394,27954.0,FIXTURE:us_mix_gdp_pc_tilt
43-4061,KR,28112,33654.0,FIXTURE:us_mix_gdp_pc_tilt
43-4071,KR,13337,27354.0,FIXTURE:us_mix_gdp_pc_tilt
43-4081,KR,47474,21330.0,FIXTURE:us_mix_gdp_pc_tilt
43-4111,KR,26888,28344.0,FIXTURE:us_mix_gdp_pc_tilt
43-4121,KR,15531,23622.0,FIXTURE:us_mix_gdp_pc_tilt
43-4131,KR,29926,31512.0,FIXTURE:us_mix_gdp_pc_tilt
43-4141,KR,6694,29622.0,FIXTURE:us_mix_gdp_pc_tilt
43-4151,KR,13656,28932.0,FIXTURE:us_mix_gdp_pc_tilt
43-4161,KR,16384,31350.0,FIXTURE:us_mix_gdp_pc_tilt
43-4171,KR,165291,23676.0,FIXTURE:us_mix_gdp_pc_tilt
43-4181,KR,21558,29778.0,FIXTURE:us_mix_gdp_pc_tilt
43-4199,KR,24502,30894.0,FIXTURE:us_mix_gdp_pc_tilt
43-5011,KR,17737,34338.0,FIXTURE:us_mix_gdp_pc_tilt
43-5021,KR,12465,24582.0,FIXTURE:us_mix_gdp_pc_tilt
43-5031,KR,18614,34044.0,FIXTURE:us_mix_gdp_pc_tilt
43-5032,KR,36831,32844.0,FIXTURE:us_mix_gdp_pc_tilt
43-5041,KR,3529,33228.0,FIXTURE:us_mix_gdp_pc_tilt
43-5051,KR,13388,37116.0,FIXTURE:us_mix_gdp_pc_tilt
43-5052,KR,59714,37524.0,FIXTURE:us_mix_gdp_pc_tilt
43-5053,KR,19105,35658.0,FIXTURE:us_mix_gdp_pc_tilt
43-5061,KR,70854,37290.0,FIXTURE:us_mix_gdp_pc_tilt
43-5071,KR,148346,28086.0,FIXTURE:us_mix_gdp_pc_tilt
43-5111,KR,9679,28578.0,FIXTURE:us_mix_gdp_pc_tilt
43-6011,KR,83521,47484.0,FIXTURE:us_mix_gdp_pc_tilt
43-6012,KR,28381,36372.0,FIXTURE:us_mix_gdp_pc_tilt
43-6013,KR,174631,28080.0,FIXTURE:us_mix_gdp_pc_tilt
43-6014,KR,309957,29610.0,FIXTURE:us_mix_gdp_pc_tilt
43-9021,KR,23078,25986.0,FIXTURE:us_mix_gdp_pc_tilt
43-9022,KR,6358,30672.0,FIXTURE:us_mix_gdp_pc_tilt
43-9031,KR,608,37182.0,FIXTURE:us_mix_gdp_pc_tilt
43-9041,KR,38910,31752.0,FIXTURE:us_mix_gdp_pc_tilt
43-9051,KR,10030,24990.0,FIXTURE:us_mix_gdp_pc_tilt
43-9061,KR,447639,27852.0,FIXTURE:us_mix_gdp_pc_tilt
43-9071,KR,4564,25932.0,FIXTURE:us_mix_gdp_pc_tilt
43-9081,KR,832,32880.0,FIXTURE:us_mix_gdp_pc_tilt
43-9111,KR,855,33390.0,FIXTURE:us_mix_gdp_pc_tilt
43-9199,KR,34915,29202.0,FIXTURE:us_mix_gdp_pc_tilt
45-1011,KR,6528,37638.0,FIXTURE:us_mix_gdp_pc_tilt
45-2011,KR,3365,32946.0,FIXTURE:us_mix_gdp_pc_tilt
45-2021,KR,311,34206.0,FIXTURE:us_mix_gdp_pc_tilt
45-2041,KR,5879,21858.0,FIXTURE:us_mix_gdp_pc_tilt
45-2091,KR,6654,26226.0,FIXTURE:us_mix_gdp_pc_tilt
45-2092,KR,61991,22578.0,FIXTURE:us_mix_gdp_pc_tilt
45-2093,KR,7661,23556.0,FIXTURE:us_mix_gdp_pc_tilt
45-2099,KR,845,27306.0,FIXTURE:us_mix_gdp_pc_tilt
45-4011,KR,1413,26208.0,FIXTURE:us_mix_gdp_pc_tilt
45-4021,KR,731,34266.0,FIXTURE:us_mix_gdp_pc_tilt
45-4022,KR,4917,31914.0,FIXTURE:us_mix_gdp_pc_tilt
45-4023,KR,717,28662.0,FIXTURE:us_mix_gdp_pc_tilt
45-4029,KR,397,31746.0,FIXTURE:us_mix_gdp_pc_tilt
47-1011,KR,189642,51870.0,FIXTURE:us_mix_gdp_pc_tilt
47-2011,KR,2379,48054.0,FIXTURE:us_mix_gdp_pc_tilt
47-2021,KR,12270,40968.0,FIXTURE:us_mix_gdp_pc_tilt
47-2022,KR,1826,36426.0,FIXTURE:us_mix_gdp_pc_tilt
47-2031,KR,156458,39378.0,FIXTURE:us_mix_gdp_pc_tilt
47-2041,KR,3217,34194.0,FIXTURE:us_mix_gdp_pc_tilt
47-2042,KR,5520,37056.0,FIXTURE:us_mix_gdp_pc_tilt
47-2043,KR,869,31476.0,FIXTURE:us_mix_gdp_pc_tilt
47-2044,KR,8371,35550.0,FIXTURE:us_mix_gdp_pc_tilt
47-2051,KR,48138,36030.0,FIXTURE:us_mix_gdp_pc_tilt
47-2053,KR,276,50952.0,FIXTURE:us_mix_gdp_pc_tilt
47-2061,KR,256085,31218.0,FIXTURE:us_mix_gdp_pc_tilt
47-2071,KR,9764,35400.0,FIXTURE:us_mix_gdp_pc_tilt
47-2072,KR,539,48426.0,FIXTURE:us_mix_gdp_pc_tilt
47-2073,KR,111628,39774.0,FIXTURE:us_mix_gdp_pc_tilt
47-2081,KR,19398,38160.0,FIXTURE:us_mix_gdp_pc_tilt
47-2082,KR,2998,43626.0,FIXTURE:us_mix_gdp_pc_tilt
47-2111,KR,176802,42894.0,FIXTURE:us_mix_gdp_pc_tilt
47-2121,KR,13654,35832.0,FIXTURE:us_mix_gdp_pc_tilt
47-2131,KR,10376,32844.0,FIXTURE:us_mix_gdp_pc_tilt
47-2132,KR,5991,39318.0,FIXTURE:us_mix_gdp_pc_tilt
47-2141,KR,52579,33252.0,FIXTURE:us_mix_gdp_pc_tilt
47-2142,KR,367,32238.0,FIXTURE:us_mix_gdp_pc_tilt
47-2151,KR,7717,32820.0,FIXTURE:us_mix_gdp_pc_tilt
47-2152,KR,108768,43302.0,FIXTURE:us_mix_gdp_pc_tilt
47-2161,KR,4509,37230.0,FIXTURE:us_mix_gdp_pc_tilt
47-2171,KR,3222,39636.0,FIXTURE:us_mix_gdp_pc_tilt
47-2181,KR,31635,34884.0,FIXTURE:us_mix_gdp_pc_tilt
47-2211,KR,27965,40710.0,FIXTURE:us_mix_gdp_pc_tilt
47-2221,KR,15966,42168.0,FIXTURE:us_mix_gdp_pc_tilt
47-2231,KR,7320,34740.0,FIXTURE:us_mix_gdp_pc_tilt
47-3011,KR,3309,30552.0,FIXTURE:us_mix_gdp_pc_tilt
47-3012,KR,5062,26430.0,FIXTURE:us_mix_gdp_pc_tilt
47-3013,KR,14857,26448.0,FIXTURE:us_mix_gdp_pc_tilt
47-3014,KR,1749,25464.0,FIXTURE:us_mix_gdp_pc_tilt
47-3015,KR,10351,26238.0,FIXTURE:us_mix_gdp_pc_tilt
47-3016,KR,1408,27090.0,FIXTURE:us_mix_gdp_pc_tilt
47-3019,KR,5784,27084.0,FIXTURE:us_mix_gdp_pc_tilt
47-4011,KR,34257,46638.0,FIXTURE:us_mix_gdp_pc_tilt
47-4021,KR,5555,65892.0,FIXTURE:us_mix_gdp_pc_tilt
47-4031,KR,5716,30318.0,FIXTURE:us_mix_gdp_pc_tilt
47-4041,KR,12074,33858.0,FIXTURE:us_mix_gdp_pc_tilt
47-4051,KR,36181,31848.0,FIXTURE:us_mix_gdp_pc_tilt
47-4061,KR,4572,41244.0,FIXTURE:us_mix_gdp_pc_tilt
47-4071,KR,7156,32100.0,FIXTURE:us_mix_gdp_pc_tilt
47-4090,KR,6626,33078.0,FIXTURE:us_mix_gdp_pc_tilt
47-5011,KR,2473,36126.0,FIXTURE:us_mix_gdp_pc_tilt
47-5012,KR,2942,43278.0,FIXTURE:us_mix_gdp_pc_tilt
47-5013,KR,10073,37482.0,FIXTURE:us_mix_gdp_pc_tilt
47-5022,KR,8051,35958.0,FIXTURE:us_mix_gdp_pc_tilt
47-5023,KR,4541,37698.0,FIXTURE:us_mix_gdp_pc_tilt
47-5032,KR,1191,39984.0,FIXTURE:us_mix_gdp_pc_tilt
47-5041,KR,3269,39030.0,FIXTURE:us_mix_gdp_pc_tilt
47-5043,KR,504,46860.0,FIXTURE:us_mix_gdp_pc_tilt
47-5044,KR,1385,42744.0,FIXTURE:us_mix_gdp_pc_tilt
47-5049,KR,742,41916.0,FIXTURE:us_mix_gdp_pc_tilt
47-5051,KR,775,30900.0,FIXTURE:us_mix_gdp_pc_tilt
47-5071,KR,10500,29520.0,FIXTURE:us_mix_gdp_pc_tilt
47-5081,KR,1564,30372.0,FIXTURE:us_mix_gdp_pc_tilt
47-5099,KR,1294,34734.0,FIXTURE:us_mix_gdp_pc_tilt
49-1011,KR,112139,51132.0,FIXTURE:us_mix_gdp_pc_tilt
49-2011,KR,11913,30528.0,FIXTURE:us_mix_gdp_pc_tilt
49-2021,KR,2023,41922.0,FIXTURE:us_mix_gdp_pc_tilt
49-2022,KR,25591,41100.0,FIXTURE:us_mix_gdp_pc_tilt
49-2091,KR,3420,50028.0,FIXTURE:us_mix_gdp_pc_tilt
49-2092,KR,2624,35166.0,FIXTURE:us_mix_gdp_pc_tilt
49-2093,KR,1260,49980.0,FIXTURE:us_mix_gdp_pc_tilt
49-2094,KR,11806,45342.0,FIXTURE:us_mix_gdp_pc_tilt
49-2095,KR,3763,60456.0,FIXTURE:us_mix_gdp_pc_tilt
49-2096,KR,1553,30936.0,FIXTURE:us_mix_gdp_pc_tilt
49-2097,KR,3592,34758.0,FIXTURE:us_mix_gdp_pc_tilt
49-2098,KR,15680,36576.0,FIXTURE:us_mix_gdp_pc_tilt
49-3011,KR,25077,50844.0,FIXTURE:us_mix_gdp_pc_tilt
49-3021,KR,27115,35814.0,FIXTURE:us_mix_gdp_pc_tilt
49-3022,KR,3688,30258.0,FIXTURE:us_mix_gdp_pc_tilt
49-3023,KR,127964,33852.0,FIXTURE:us_mix_gdp_pc_tilt
49-3031,KR,52657,38592.0,FIXTURE:us_mix_gdp_pc_tilt
49-3041,KR,6877,34374.0,FIXTURE:us_mix_gdp_pc_tilt
49-3042,KR,32071,41544.0,FIXTURE:us_mix_gdp_pc_tilt
49-3043,KR,3877,42408.0,FIXTURE:us_mix_gdp_pc_tilt
49-3051,KR,4217,34842.0,FIXTURE:us_mix_gdp_pc_tilt
49-3052,KR,2453,31422.0,FIXTURE:us_mix_gdp_pc_tilt
49-3053,KR,6549,29994.0,FIXTURE:us_mix_gdp_pc_tilt
49-3091,KR,2210,25638.0,FIXTURE:us_mix_gdp_pc_tilt
49-3092,KR,3165,33864.0,FIXTURE:us_mix_gdp_pc_tilt
49-3093,KR,19688,24102.0,FIXTURE:us_mix_gdp_pc_tilt
49-9011,KR,4925,34524.0,FIXTURE:us_mix_gdp_pc_tilt
49-9012,KR,8760,45726.0,FIXTURE:us_mix_gdp_pc_tilt
49-9021,KR,74397,38868.0,FIXTURE:us_mix_gdp_pc_tilt
49-9031,KR,5839,33624.0,FIXTURE:us_mix_gdp_pc_tilt
49-9041,KR,79840,41076.0,FIXTURE:us_mix_gdp_pc_tilt
49-9043,KR,10900,38766.0,FIXTURE:us_mix_gdp_pc_tilt
49-9044,KR,7324,41868.0,FIXTURE:us_mix_gdp_pc_tilt
49-9045,KR,196,38262.0,FIXTURE:us_mix_gdp_pc_tilt
49-9051,KR,23803,55182.0,FIXTURE:us_mix_gdp_pc_tilt
49-9052,KR,17746,44364.0,FIXTURE:us_mix_gdp_pc_tilt
49-9061,KR,300,33624.0,FIXTURE:us_mix_gdp_pc_tilt
49-9062,KR,11984,39558.0,FIXTURE:us_mix_gdp_pc_tilt
49-9063,KR,977,29976.0,FIXTURE:us_mix_gdp_pc_tilt
49-9064,KR,238,42504.0,FIXTURE:us_mix_gdp_pc_tilt
49-9069,KR,1707,42708.0,FIXTURE:us_mix_gdp_pc_tilt
49-9071,KR,277797,32268.0,FIXTURE:us_mix_gdp_pc_tilt
49-9081,KR,1812,41388.0,FIXTURE:us_mix_gdp_pc_tilt
49-9091,KR,4796,29862.0,FIXTURE:us_mix_gdp_pc_tilt
49-9092,KR,627,52992.0,FIXTURE:us_mix_gdp_pc_tilt
49-9094,KR,2731,33282.0,FIXTURE:us_mix_gdp_pc_tilt
49-9095,KR,548,27246.0,FIXTURE:us_mix_gdp_pc_tilt
49-9096,KR,4092,40086.0,FIXTURE:us_mix_gdp_pc_tilt
49-9097,KR,1584,54246.0,FIXTURE:us_mix_gdp_pc_tilt
49-9098,KR,17358,24894.0,FIXTURE:us_mix_gdp_pc_tilt
49-9099,KR,32017,32310.0,FIXTURE:us_mix_gdp_pc_tilt
51-1011,KR,157238,45960.0,FIXTURE:us_mix_gdp_pc_tilt
51-2011,KR,7943,42852.0,FIXTURE:us_mix_gdp_pc_tilt
51-2021,KR,2998,30282.0,FIXTURE:us_mix_gdp_pc_tilt
51-2028,KR,57665,28596.0,FIXTURE:us_mix_gdp_pc_tilt
51-2031,KR,7939,34674.0,FIXTURE:us_mix_gdp_pc_tilt
51-2041,KR,12225,32418.0,FIXTURE:us_mix_gdp_pc_tilt
51-2051,KR,3776,29730.0,FIXTURE:us_mix_gdp_pc_tilt
51-2061,KR,58,34032.0,FIXTURE:us_mix_gdp_pc_tilt
51-2090,KR,328058,27996.0,FIXTURE:us_mix_gdp_pc_tilt
51-3011,KR,55150,23088.0,FIXTURE:us_mix_gdp_pc_tilt
51-3021,KR,31855,25428.0,FIXTURE:us_mix_gdp_pc_tilt
51-3022,KR,34019,23568.0,FIXTURE:us_mix_gdp_pc_tilt
51-3023,KR,16333,25062.0,FIXTURE:us_mix_gdp_pc_tilt
51-3091,KR,4756,27558.0,FIXTURE:us_mix_gdp_pc_tilt
51-3092,KR,40748,26250.0,FIXTURE:us_mix_gdp_pc_tilt
51-3093,KR,7297,25542.0,FIXTURE:us_mix_gdp_pc_tilt
51-3099,KR,15177,24180.0,FIXTURE:us_mix_gdp_pc_tilt
51-4021,KR,14205,29688.0,FIXTURE:us_mix_gdp_pc_tilt
51-4022,KR,2085,31008.0,FIXTURE:us_mix_gdp_pc_tilt
51-4023,KR,5896,31932.0,FIXTURE:us_mix_gdp_pc_tilt
51-4031,KR,39973,29058.0,FIXTURE:us_mix_gdp_pc_tilt
51-4032,KR,1093,31086.0,FIXTURE:us_mix_gdp_pc_tilt
51-4033,KR,15644,28902.0,FIXTURE:us_mix_gdp_pc_tilt
51-4034,KR,3902,31494.0,FIXTURE:us_mix_gdp_pc_tilt
51-4035,KR,2909,34044.0,FIXTURE:us_mix_gdp_pc_tilt
51-4041,KR,67023,35592.0,FIXTURE:us_mix_gdp_pc_tilt
51-4051,KR,3918,33294.0,FIXTURE:us_mix_gdp_pc_tilt
51-4052,KR,1065,32574.0,FIXTURE:us_mix_gdp_pc_tilt
51-4061,KR,609,41142.0,FIXTURE:us_mix_gdp_pc_tilt
51-4062,KR,343,36366.0,FIXTURE:us_mix_gdp_pc_tilt
51-4071,KR,2986,29916.0,FIXTURE:us_mix_gdp_pc_tilt
51-4072,KR,35133,27576.0,FIXTURE:us_mix_gdp_pc_tilt
51-4081,KR,29090,30018.0,FIXTURE:us_mix_gdp_pc_tilt
51-4111,KR,13292,40116.0,FIXTURE:us_mix_gdp_pc_tilt
51-4121,KR,97180,34056.0,FIXTURE:us_mix_gdp_pc_tilt
51-4122,KR,7378,30132.0,FIXTURE:us_mix_gdp_pc_tilt
51-4191,KR,3269,30270.0,FIXTURE:us_mix_gdp_pc_tilt
51-4192,KR,1394,39912.0,FIXTURE:us_mix_gdp_pc_tilt
51-4193,KR,7567,27060.0,FIXTURE:us_mix_gdp_pc_tilt
51-4194,KR,1308,31944.0,FIXTURE:us_mix_gdp_pc_tilt
51-4199,KR,3712,29148.0,FIXTURE:us_mix_gdp_pc_tilt
51-5111,KR,5566,30480.0,FIXTURE:us_mix_gdp_pc_tilt
51-5112,KR,33683,28416.0,FIXTURE:us_mix_gdp_pc_tilt
51-5113,KR,7747,26676.0,FIXTURE:us_mix_gdp_pc_tilt
51-6011,KR,46240,20952.0,FIXTURE:us_mix_gdp_pc_tilt
51-6021,KR,6099,20784.0,FIXTURE:us_mix_gdp_pc_tilt
51-6031,KR,24488,22560.0,FIXTURE:us_mix_gdp_pc_tilt
51-6041,KR,1739,23496.0,FIXTURE:us_mix_gdp_pc_tilt
51-6042,KR,766,21768.0,FIXTURE:us_mix_gdp_pc_tilt
51-6051,KR,511,22326.0,FIXTURE:us_mix_gdp_pc_tilt
51-6052,KR,3250,27084.0,FIXTURE:us_mix_gdp_pc_tilt
51-6061,KR,1240,24228.0,FIXTURE:us_mix_gdp_pc_tilt
51-6062,KR,2101,23718.0,FIXTURE:us_mix_gdp_pc_tilt
51-6063,KR,3042,24432.0,FIXTURE:us_mix_gdp_pc_tilt
51-6064,KR,5141,24072.0,FIXTURE:us_mix_gdp_pc_tilt
51-6091,KR,3000,29148.0,FIXTURE:us_mix_gdp_pc_tilt
51-6092,KR,689,42852.0,FIXTURE:us_mix_gdp_pc_tilt
51-6093,KR,4702,28404.0,FIXTURE:us_mix_gdp_pc_tilt
51-6099,KR,3159,24336.0,FIXTURE:us_mix_gdp_pc_tilt
51-7011,KR,18018,28974.0,FIXTURE:us_mix_gdp_pc_tilt
51-7021,KR,3381,27180.0,FIXTURE:us_mix_gdp_pc_tilt
51-7031,KR,65,38202.0,FIXTURE:us_mix_gdp_pc_tilt
51-7032,KR,51,32544.0,FIXTURE:us_mix_gdp_pc_tilt
51-7041,KR,9538,26148.0,FIXTURE:us_mix_gdp_pc_tilt
51-7042,KR,14341,26142.0,FIXTURE:us_mix_gdp_pc_tilt
51-7099,KR,1282,27642.0,FIXTURE:us_mix_gdp_pc_tilt
51-8011,KR,1202,72828.0,FIXTURE:us_mix_gdp_pc_tilt
51-8012,KR,1989,66792.0,FIXTURE:us_mix_gdp_pc_tilt
51-8013,KR,6846,59874.0,FIXTURE:us_mix_gdp_pc_tilt
51-8021,KR,6596,50376.0,FIXTURE:us_mix_gdp_pc_tilt
51-8031,KR,30001,37524.0,FIXTURE:us_mix_gdp_pc_tilt
51-8091,KR,3878,47982.0,FIXTURE:us_mix_gdp_pc_tilt
51-8092,KR,4210,53226.0,FIXTURE:us_mix_gdp_pc_tilt
51-8093,KR,7742,54378.0,FIXTURE:us_mix_gdp_pc_tilt
51-8099,KR,3288,39420.0,FIXTURE:us_mix_gdp_pc_tilt
51-9011,KR,32602,36426.0,FIXTURE:us_mix_gdp_pc_tilt
51-9012,KR,14033,33618.0,FIXTURE:us_mix_gdp_pc_tilt
51-9021,KR,6071,30828.0,FIXTURE:us_mix_gdp_pc_tilt
51-9022,KR,2454,27012.0,FIXTURE:us_mix_gdp_pc_tilt
51-9023,KR,22163,31254.0,FIXTURE:us_mix_gdp_pc_tilt
51-9031,KR,1415,24630.0,FIXTURE:us_mix_gdp_pc_tilt
51-9032,KR,10502,28476.0,FIXTURE:us_mix_gdp_pc_tilt
51-9041,KR,13722,28356.0,FIXTURE:us_mix_gdp_pc_tilt
51-9051,KR,3334,30564.0,FIXTURE:us_mix_gdp_pc_tilt
51-9061,KR,139479,32070.0,FIXTURE:us_mix_gdp_pc_tilt
51-9071,KR,5239,34776.0,FIXTURE:us_mix_gdp_pc_tilt
51-9081,KR,8034,32574.0,FIXTURE:us_mix_gdp_pc_tilt
51-9082,KR,2634,31638.0,FIXTURE:us_mix_gdp_pc_tilt
51-9083,KR,4357,25914.0,FIXTURE:us_mix_gdp_pc_tilt
51-9111,KR,88506,26754.0,FIXTURE:us_mix_gdp_pc_tilt
51-9123,KR,1854,27126.0,FIXTURE:us_mix_gdp_pc_tilt
51-9124,KR,37064,31572.0,FIXTURE:us_mix_gdp_pc_tilt
51-9141,KR,7346,36108.0,FIXTURE:us_mix_gdp_pc_tilt
51-9151,KR,1121,27630.0,FIXTURE:us_mix_gdp_pc_tilt
51-9161,KR,39565,32592.0,FIXTURE:us_mix_gdp_pc_tilt
51-9162,KR,6654,43326.0,FIXTURE:us_mix_gdp_pc_tilt
51-9191,KR,2685,28110.0,FIXTURE:us_mix_gdp_pc_tilt
51-9192,KR,3446,26760.0,FIXTURE:us_mix_gdp_pc_tilt
51-9193,KR,1611,26964.0,FIXTURE:us_mix_gdp_pc_tilt
51-9194,KR,1810,27792.0,FIXTURE:us_mix_gdp_pc_tilt
51-9195,KR,7749,28500.0,FIXTURE:us_mix_gdp_pc_tilt
51-9196,KR,22445,31704.0,FIXTURE:us_mix_gdp_pc_tilt
51-9197,KR,4850,34296.0,FIXTURE:us_mix_gdp_pc_tilt
51-9198,KR,38689,24672.0,FIXTURE:us_mix_gdp_pc_tilt
51-9199,KR,58769,26628.0,FIXTURE:us_mix_gdp_pc_tilt
53-1041,KR,2279,39006.0,FIXTURE:us_mix_gdp_pc_tilt
53-1047,KR,145613,40116.0,FIXTURE:us_mix_gdp_pc_tilt
53-2011,KR,24180,173190.0,FIXTURE:us_mix_gdp_pc_tilt
53-2012,KR,11121,87648.0,FIXTURE:us_mix_gdp_pc_tilt
53-2021,KR,5256,87894.0,FIXTURE:us_mix_gdp_pc_tilt
53-2022,KR,3547,38166.0,FIXTURE:us_mix_gdp_pc_tilt
53-2031,KR,30739,46464.0,FIXTURE:us_mix_gdp_pc_tilt
53-3011,KR,2949,21726.0,FIXTURE:us_mix_gdp_pc_tilt
53-3031,KR,95539,24438.0,FIXTURE:us_mix_gdp_pc_tilt
53-3032,KR,481462,35826.0,FIXTURE:us_mix_gdp_pc_tilt
53-3033,KR,229589,29262.0,FIXTURE:us_mix_gdp_pc_tilt
53-3051,KR,94079,29058.0,FIXTURE:us_mix_gdp_pc_tilt
53-3052,KR,37181,36168.0,FIXTURE:us_mix_gdp_pc_tilt
53-3053,KR,58029,23928.0,FIXTURE:us_mix_gdp_pc_tilt
53-3054,KR,9585,29958.0,FIXTURE:us_mix_gdp_pc_tilt
53-3099,KR,10946,25458.0,FIXTURE:us_mix_gdp_pc_tilt
53-4011,KR,7815,51540.0,FIXTURE:us_mix_gdp_pc_tilt
53-4013,KR,915,41070.0,FIXTURE:us_mix_gdp_pc_tilt
53-4022,KR,2895,41418.0,FIXTURE:us_mix_gdp_pc_tilt
53-4031,KR,10843,47460.0,FIXTURE:us_mix_gdp_pc_tilt
53-4041,KR,2382,46302.0,FIXTURE:us_mix_gdp_pc_tilt
53-4099,KR,262,36084.0,FIXTURE:us_mix_gdp_pc_tilt
53-5011,KR,7395,34098.0,FIXTURE:us_mix_gdp_pc_tilt
53-5021,KR,8604,62232.0,FIXTURE:us_mix_gdp_pc_tilt
53-5022,KR,579,33762.0,FIXTURE:us_mix_gdp_pc_tilt
53-5031,KR,1961,67074.0,FIXTURE:us_mix_gdp_pc_tilt
53-6011,KR,710,33222.0,FIXTURE:us_mix_gdp_pc_tilt
53-6021,KR,32193,20994.0,FIXTURE:us_mix_gdp_pc_tilt
53-6031,KR,23818,22068.0,FIXTURE:us_mix_gdp_pc_tilt
53-6032,KR,7308,25998.0,FIXTURE:us_mix_gdp_pc_tilt
53-6041,KR,1835,37230.0,FIXTURE:us_mix_gdp_pc_tilt
53-6051,KR,5720,53124.0,FIXTURE:us_mix_gdp_pc_tilt
53-6061,KR,6330,22692.0,FIXTURE:us_mix_gdp_pc_tilt
53-6099,KR,3164,30534.0,FIXTURE:us_mix_gdp_pc_tilt
53-7011,KR,5354,27048.0,FIXTURE:us_mix_gdp_pc_tilt
53-7021,KR,10014,43278.0,FIXTURE:us_mix_gdp_pc_tilt
53-7031,KR,243,33672.0,FIXTURE:us_mix_gdp_pc_tilt
53-7041,KR,607,40626.0,FIXTURE:us_mix_gdp_pc_tilt
53-7051,KR,180818,29022.0,FIXTURE:us_mix_gdp_pc_tilt
53-7061,KR,88826,22188.0,FIXTURE:us_mix_gdp_pc_tilt
53-7062,KR,688856,25356.0,FIXTURE:us_mix_gdp_pc_tilt
53-7063,KR,9884,26196.0,FIXTURE:us_mix_gdp_pc_tilt
53-7064,KR,130711,22524.0,FIXTURE:us_mix_gdp_pc_tilt
53-7065,KR,661661,23724.0,FIXTURE:us_mix_gdp_pc_tilt
53-7071,KR,820,44766.0,FIXTURE:us_mix_gdp_pc_tilt
53-7072,KR,2284,38376.0,FIXTURE:us_mix_gdp_pc_tilt
53-7073,KR,4200,42222.0,FIXTURE:us_mix_gdp_pc_tilt
53-7081,KR,34379,31692.0,FIXTURE:us_mix_gdp_pc_tilt
53-7121,KR,2498,35982.0,FIXTURE:us_mix_gdp_pc_tilt
53-7199,KR,5482,27384.0,FIXTURE:us_mix_gdp_pc_tilt
11-1011,RoA,174660,40444.5,FIXTURE:us_mix_gdp_pc_tilt
11-1021,RoA,2994073,20241.0,FIXTURE:us_mix_gdp_pc_tilt
11-1031,RoA,38112,8566.5,FIXTURE:us_mix_gdp_pc_tilt
11-2011,RoA,18351,23142.0,FIXTURE:us_mix_gdp_pc_tilt
11-2021,RoA,337816,26665.5,FIXTURE:us_mix_gdp_pc_tilt
11-2022,RoA,544520,24652.5,FIXTURE:us_mix_gdp_pc_tilt
11-2032,RoA,63975,24714.0,FIXTURE:us_mix_gdp_pc_tilt
11-2033,RoA,33171,21003.0,FIXTURE:us_mix_gdp_pc_tilt
11-3012,RoA,225610,19480.5,FIXTURE:us_mix_gdp_pc_tilt
11-3013,RoA,133489,17533.5,FIXTURE:us_mix_gdp_pc_tilt
11-3021,RoA,573144,28824.0,FIXTURE:us_mix_gdp_pc_tilt
11-3031,RoA,719420,28036.5,FIXTURE:us_mix_gdp_pc_tilt
11-3051,RoA,210473,20125.5,FIXTURE:us_mix_gdp_pc_tilt
11-3061,RoA,72069,23454.0,FIXTURE:us_mix_gdp_pc_tilt
11-3071,RoA,189045,18240.0,FIXTURE:us_mix_gdp_pc_tilt
11-3111,RoA,19607,24396.0,FIXTURE:us_mix_gdp_pc_tilt
11-3121,RoA,188601,24634.5,FIXTURE:us_mix_gdp_pc_tilt
11-3131,RoA,41069,22255.5,FIXTURE:us_mix_gdp_pc_tilt
11-9013,RoA,5556,14973.0,FIXTURE:us_mix_gdp_pc_tilt
11-9021,RoA,325098,18654.0,FIXTURE:us_mix_gdp_pc_tilt
11-9031,RoA,62958,9720.0,FIXTURE:us_mix_gdp_pc_tilt
11-9032,RoA,280628,17415.0,FIXTURE:us_mix_gdp_pc_tilt
11-9033,RoA,154250,18981.0,FIXTURE:us_mix_gdp_pc_tilt
11-9039,RoA,47120,15285.0,FIXTURE:us_mix_gdp_pc_tilt
11-9041,RoA,188259,27231.0,FIXTURE:us_mix_gdp_pc_tilt
11-9051,RoA,203789,11232.0,FIXTURE:us_mix_gdp_pc_tilt
11-9071,RoA,4299,15457.5,FIXTURE:us_mix_gdp_pc_tilt
11-9072,RoA,32462,13462.5,FIXTURE:us_mix_gdp_pc_tilt
11-9081,RoA,36428,11811.0,FIXTURE:us_mix_gdp_pc_tilt
11-9111,RoA,510331,21145.5,FIXTURE:us_mix_gdp_pc_tilt
11-9121,RoA,92899,27037.5,FIXTURE:us_mix_gdp_pc_tilt
11-9131,RoA,11804,14604.0,FIXTURE:us_mix_gdp_pc_tilt
11-9141,RoA,265969,12556.5,FIXTURE:us_mix_gdp_pc_tilt
11-9151,RoA,178917,13332.0,FIXTURE:us_mix_gdp_pc_tilt
11-9161,RoA,11539,15363.0,FIXTURE:us_mix_gdp_pc_tilt
11-9171,RoA,11889,13926.0,FIXTURE:us_mix_gdp_pc_tilt
11-9179,RoA,8932,11728.5,FIXTURE:us_mix_gdp_pc_tilt
11-9199,RoA,531793,23083.5,FIXTURE:us_mix_gdp_pc_tilt
13-1011,RoA,10786,21237.0,FIXTURE:us_mix_gdp_pc_tilt
13-1020,RoA,420031,12565.5,FIXTURE:us_mix_gdp_pc_tilt
13-1031,RoA,277123,12070.5,FIXTURE:us_mix_gdp_pc_tilt
13-1032,RoA,9880,11835.0,FIXTURE:us_mix_gdp_pc_tilt
13-1041,RoA,356475,13260.0,FIXTURE:us_mix_gdp_pc_tilt
13-1051,RoA,191643,12808.5,FIXTURE:us_mix_gdp_pc_tilt
13-1071,RoA,779865,12298.5,FIXTURE:us_mix_gdp_pc_tilt
13-1074,RoA,265,8770.5,FIXTURE:us_mix_gdp_pc_tilt
13-1075,RoA,55394,14808.0,FIXTURE:us_mix_gdp_pc_tilt
13-1081,RoA,214567,13459.5,FIXTURE:us_mix_gdp_pc_tilt
13-1082,RoA,911696,16611.0,FIXTURE:us_mix_gdp_pc_tilt
13-1111,RoA,767771,17068.5,FIXTURE:us_mix_gdp_pc_tilt
13-1121,RoA,122104,9978.0,FIXTURE:us_mix_gdp_pc_tilt
13-1131,RoA,94907,11580.0,FIXTURE:us_mix_gdp_pc_tilt
13-1141,RoA,96053,12649.5,FIXTURE:us_mix_gdp_pc_tilt
13-1151,RoA,391714,11332.5,FIXTURE:us_mix_gdp_pc_tilt
13-1161,RoA,768882,13423.5,FIXTURE:us_mix_gdp_pc_tilt
13-1199,RoA,929149,14095.5,FIXTURE:us_mix_gdp_pc_tilt
13-2011,RoA,1238905,14212.5,FIXTURE:us_mix_gdp_pc_tilt
13-2020,RoA,48778,11365.5,FIXTURE:us_mix_gdp_pc_tilt
13-2031,RoA,40308,14455.5,FIXTURE:us_mix_gdp_pc_tilt
13-2041,RoA,55035,15127.5,FIXTURE:us_mix_gdp_pc_tilt
13-2051,RoA,309389,17520.0,FIXTURE:us_mix_gdp_pc_tilt
13-2052,RoA,228037,23500.5,FIXTURE:us_mix_gdp_pc_tilt
13-2053,RoA,90104,14055.0,FIXTURE:us_mix_gdp_pc_tilt
13-2054,RoA,54573,18663.0,FIXTURE:us_mix_gdp_pc_tilt
13-2061,RoA,57975,15936.0,FIXTURE:us_mix_gdp_pc_tilt
13-2071,RoA,23735,8581.5,FIXTURE:us_mix_gdp_pc_tilt
13-2072,RoA,234473,13168.5,FIXTURE:us_mix_gdp_pc_tilt
13-2081,RoA,48385,10578.0,FIXTURE:us_mix_gdp_pc_tilt
13-2082,RoA,65368,9139.5,FIXTURE:us_mix_gdp_pc_tilt
13-2099,RoA,112933,14071.5,FIXTURE:us_mix_gdp_pc_tilt
15-1211,RoA,444048,17191.5,FIXTURE:us_mix_gdp_pc_tilt
15-1212,RoA,162951,19876.5,FIXTURE:us_mix_gdp_pc_tilt
15-1221,RoA,31795,23089.5,FIXTURE:us_mix_gdp_pc_tilt
15-1231,RoA,124950,12280.5,FIXTURE:us_mix_gdp_pc_tilt
15-1232,RoA,612991,10099.5,FIXTURE:us_mix_gdp_pc_tilt
15-1241,RoA,153626,20937.0,FIXTURE:us_mix_gdp_pc_tilt
15-1242,RoA,59821,16513.5,FIXTURE:us_mix_gdp_pc_tilt
15-1243,RoA,57385,21666.0,FIXTURE:us_mix_gdp_pc_tilt
15-1244,RoA,268670,15552.0,FIXTURE:us_mix_gdp_pc_tilt
15-1251,RoA,78830,15775.5,FIXTURE:us_mix_gdp_pc_tilt
15-1252,RoA,1442660,22215.0,FIXTURE:us_mix_gdp_pc_tilt
15-1253,RoA,159609,16723.5,FIXTURE:us_mix_gdp_pc_tilt
15-1254,RoA,59992,14815.5,FIXTURE:us_mix_gdp_pc_tilt
15-1255,RoA,96864,17623.5,FIXTURE:us_mix_gdp_pc_tilt
15-1299,RoA,372116,18334.5,FIXTURE:us_mix_gdp_pc_tilt
15-2011,RoA,22795,21222.0,FIXTURE:us_mix_gdp_pc_tilt
15-2021,RoA,1735,19389.0,FIXTURE:us_mix_gdp_pc_tilt
15-2031,RoA,92745,14959.5,FIXTURE:us_mix_gdp_pc_tilt
15-2041,RoA,24812,17355.0,FIXTURE:us_mix_gdp_pc_tilt
15-2051,RoA,224311,19020.0,FIXTURE:us_mix_gdp_pc_tilt
15-2099,RoA,3180,13732.5,FIXTURE:us_mix_gdp_pc_tilt
17-1011,RoA,91258,15939.0,FIXTURE:us_mix_gdp_pc_tilt
17-1012,RoA,16752,13317.0,FIXTURE:us_mix_gdp_pc_tilt
17-1021,RoA,12188,13003.5,FIXTURE:us_mix_gdp_pc_tilt
17-1022,RoA,43445,12085.5,FIXTURE:us_mix_gdp_pc_tilt
17-2011,RoA,57873,21309.0,FIXTURE:us_mix_gdp_pc_tilt
17-2021,RoA,1265,16234.5,FIXTURE:us_mix_gdp_pc_tilt
17-2031,RoA,20069,17533.5,FIXTURE:us_mix_gdp_pc_tilt
17-2041,RoA,18009,19497.0,FIXTURE:us_mix_gdp_pc_tilt
17-2051,RoA,314397,16300.5,FIXTURE:us_mix_gdp_pc_tilt
17-2061,RoA,65522,24400.5,FIXTURE:us_mix_gdp_pc_tilt
17-2071,RoA,169874,18765.0,FIXTURE:us_mix_gdp_pc_tilt
17-2072,RoA,82822,20592.0,FIXTURE:us_mix_gdp_pc_tilt
17-2081,RoA,32770,16936.5,FIXTURE:us_mix_gdp_pc_tilt
17-2111,RoA,18334,17965.5,FIXTURE:us_mix_gdp_pc_tilt
17-2112,RoA,312602,16485.0,FIXTURE:us_mix_gdp_pc_tilt
17-2121,RoA,7051,18627.0,FIXTURE:us_mix_gdp_pc_tilt
17-2131,RoA,19462,18037.5,FIXTURE:us_mix_gdp_pc_tilt
17-2141,RoA,253687,17041.5,FIXTURE:us_mix_gdp_pc_tilt
17-2151,RoA,5197,17311.5,FIXTURE:us_mix_gdp_pc_tilt
17-2161,RoA,13060,21063.0,FIXTURE:us_mix_gdp_pc_tilt
17-2171,RoA,15436,23572.5,FIXTURE:us_mix_gdp_pc_tilt
17-2199,RoA,131685,18799.5,FIXTURE:us_mix_gdp_pc_tilt
17-3011,RoA,88634,10611.0,FIXTURE:us_mix_gdp_pc_tilt
17-3012,RoA,15316,12192.0,FIXTURE:us_mix_gdp_pc_tilt
17-3013,RoA,34154,11259.0,FIXTURE:us_mix_gdp_pc_tilt
17-3019,RoA,12368,10237.5,FIXTURE:us_mix_gdp_pc_tilt
17-3021,RoA,9641,13696.5,FIXTURE:us_mix_gdp_pc_tilt
17-3022,RoA,58565,10348.5,FIXTURE:us_mix_gdp_pc_tilt
17-3023,RoA,81309,12102.0,FIXTURE:us_mix_gdp_pc_tilt
17-3024,RoA,13265,11463.0,FIXTURE:us_mix_gdp_pc_tilt
17-3025,RoA,10419,9730.5,FIXTURE:us_mix_gdp_pc_tilt
17-3026,RoA,64591,10605.0,FIXTURE:us_mix_gdp_pc_tilt
17-3027,RoA,30932,11457.0,FIXTURE:us_mix_gdp_pc_tilt
17-3028,RoA,14137,11125.5,FIXTURE:us_mix_gdp_pc_tilt
17-3029,RoA,51223,12144.0,FIXTURE:us_mix_gdp_pc_tilt
17-3031,RoA,49582,8700.0,FIXTURE:us_mix_gdp_pc_tilt
19-1011,RoA,2650,13252.5,FIXTURE:us_mix_gdp_pc_tilt
19-1012,RoA,11163,14304.0,FIXTURE:us_mix_gdp_pc_tilt
19-1013,RoA,13445,13158.0,FIXTURE:us_mix_gdp_pc_tilt
19-1021,RoA,28915,19476.0,FIXTURE:us_mix_gdp_pc_tilt
19-1022,RoA,16188,14640.0,FIXTURE:us_mix_gdp_pc_tilt
19-1023,RoA,15487,12453.0,FIXTURE:us_mix_gdp_pc_tilt
19-1029,RoA,47736,15949.5,FIXTURE:us_mix_gdp_pc_tilt
19-1031,RoA,22180,11569.5,FIXTURE:us_mix_gdp_pc_tilt
19-1032,RoA,8915,11875.5,FIXTURE:us_mix_gdp_pc_tilt
19-1041,RoA,10333,14683.5,FIXTURE:us_mix_gdp_pc_tilt
19-1042,RoA,147301,17526.0,FIXTURE:us_mix_gdp_pc_tilt
19-1099,RoA,6376,16179.0,FIXTURE:us_mix_gdp_pc_tilt
19-2011,RoA,1812,19938.0,FIXTURE:us_mix_gdp_pc_tilt
19-2012,RoA,17462,25677.0,FIXTURE:us_mix_gdp_pc_tilt
19-2021,RoA,8547,15916.5,FIXTURE:us_mix_gdp_pc_tilt
19-2031,RoA,70744,15067.5,FIXTURE:us_mix_gdp_pc_tilt
19-2032,RoA,7239,18927.0,FIXTURE:us_mix_gdp_pc_tilt
19-2041,RoA,76283,13752.0,FIXTURE:us_mix_gdp_pc_tilt
19-2042,RoA,20060,17422.5,FIXTURE:us_mix_gdp_pc_tilt
19-2043,RoA,5000,15540.0,FIXTURE:us_mix_gdp_pc_tilt
19-2099,RoA,19060,19384.5,FIXTURE:us_mix_gdp_pc_tilt
19-3011,RoA,15205,21319.5,FIXTURE:us_mix_gdp_pc_tilt
19-3022,RoA,7086,11937.0,FIXTURE:us_mix_gdp_pc_tilt
19-3032,RoA,675,25534.5,FIXTURE:us_mix_gdp_pc_tilt
19-3033,RoA,64950,16912.5,FIXTURE:us_mix_gdp_pc_tilt
19-3034,RoA,54650,14874.0,FIXTURE:us_mix_gdp_pc_tilt
19-3039,RoA,16086,16681.5,FIXTURE:us_mix_gdp_pc_tilt
19-3041,RoA,1932,17238.0,FIXTURE:us_mix_gdp_pc_tilt
19-3051,RoA,37804,14212.5,FIXTURE:us_mix_gdp_pc_tilt
19-3091,RoA,7684,11343.0,FIXTURE:us_mix_gdp_pc_tilt
19-3092,RoA,1197,15352.5,FIXTURE:us_mix_gdp_pc_tilt
19-3093,RoA,2949,12186.0,FIXTURE:us_mix_gdp_pc_tilt
19-3094,RoA,4735,21376.5,FIXTURE:us_mix_gdp_pc_tilt
19-3099,RoA,31710,16153.5,FIXTURE:us_mix_gdp_pc_tilt
19-4012,RoA,12932,8076.0,FIXTURE:us_mix_gdp_pc_tilt
19-4013,RoA,12479,8499.0,FIXTURE:us_mix_gdp_pc_tilt
19-4021,RoA,59505,9207.0,FIXTURE:us_mix_gdp_pc_tilt
19-4031,RoA,49180,9585.0,FIXTURE:us_mix_gdp_pc_tilt
19-4042,RoA,29633,9120.0,FIXTURE:us_mix_gdp_pc_tilt
19-4043,RoA,5966,9280.5,FIXTURE:us_mix_gdp_pc_tilt
19-4044,RoA,2427,10429.5,FIXTURE:us_mix_gdp_pc_tilt
19-4051,RoA,5530,16341.0,FIXTURE:us_mix_gdp_pc_tilt
19-4061,RoA,26188,9921.0,FIXTURE:us_mix_gdp_pc_tilt
19-4071,RoA,25992,8859.0,FIXTURE:us_mix_gdp_pc_tilt
19-4092,RoA,16342,11880.0,FIXTURE:us_mix_gdp_pc_tilt
19-4099,RoA,63172,9942.0,FIXTURE:us_mix_gdp_pc_tilt
19-5011,RoA,120181,14079.0,FIXTURE:us_mix_gdp_pc_tilt
19-5012,RoA,26146,10218.0,FIXTURE:us_mix_gdp_pc_tilt
21-1012,RoA,301978,10714.5,FIXTURE:us_mix_gdp_pc_tilt
21-1013,RoA,57043,11544.0,FIXTURE:us_mix_gdp_pc_tilt
21-1015,RoA,80975,7773.0,FIXTURE:us_mix_gdp_pc_tilt
21-1018,RoA,420458,9666.0,FIXTURE:us_mix_gdp_pc_tilt
21-1019,RoA,24428,8731.5,FIXTURE:us_mix_gdp_pc_tilt
21-1021,RoA,335517,9600.0,FIXTURE:us_mix_gdp_pc_tilt
21-1022,RoA,160370,10768.5,FIXTURE:us_mix_gdp_pc_tilt
21-1023,RoA,113514,10204.5,FIXTURE:us_mix_gdp_pc_tilt
21-1029,RoA,53787,11386.5,FIXTURE:us_mix_gdp_pc_tilt
21-1091,RoA,56146,10992.0,FIXTURE:us_mix_gdp_pc_tilt
21-1092,RoA,76403,10969.5,FIXTURE:us_mix_gdp_pc_tilt
21-1093,RoA,374244,7153.5,FIXTURE:us_mix_gdp_pc_tilt
21-1094,RoA,52702,8427.0,FIXTURE:us_mix_gdp_pc_tilt
21-1099,RoA,92078,8938.5,FIXTURE:us_mix_gdp_pc_tilt
21-2011,RoA,48890,10029.0,FIXTURE:us_mix_gdp_pc_tilt
21-2021,RoA,18940,9315.0,FIXTURE:us_mix_gdp_pc_tilt
21-2099,RoA,13470,8080.5,FIXTURE:us_mix_gdp_pc_tilt
23-1011,RoA,644880,27876.0,FIXTURE:us_mix_gdp_pc_tilt
23-1012,RoA,11359,10942.5,FIXTURE:us_mix_gdp_pc_tilt
23-1021,RoA,13992,18898.5,FIXTURE:us_mix_gdp_pc_tilt
23-1022,RoA,7872,13651.5,FIXTURE:us_mix_gdp_pc_tilt
23-1023,RoA,20539,21574.5,FIXTURE:us_mix_gdp_pc_tilt
23-2011,RoA,335799,10455.0,FIXTURE:us_mix_gdp_pc_tilt
23-2093,RoA,41522,9352.5,FIXTURE:us_mix_gdp_pc_tilt
23-2099,RoA,39966,13449.0,FIXTURE:us_mix_gdp_pc_tilt
25-1011,RoA,70215,17208.0,FIXTURE:us_mix_gdp_pc_tilt
25-1021,RoA,30325,15663.0,FIXTURE:us_mix_gdp_pc_tilt
25-1022,RoA,40744,13732.5,FIXTURE:us_mix_gdp_pc_tilt
25-1031,RoA,6581,15187.5,FIXTURE:us_mix_gdp_pc_tilt
25-1032,RoA,34419,18678.0,FIXTURE:us_mix_gdp_pc_tilt
25-1041,RoA,7624,15307.5,FIXTURE:us_mix_gdp_pc_tilt
25-1042,RoA,42898,15426.0,FIXTURE:us_mix_gdp_pc_tilt
25-1043,RoA,1299,15367.5,FIXTURE:us_mix_gdp_pc_tilt
25-1051,RoA,8462,17403.0,FIXTURE:us_mix_gdp_pc_tilt
25-1052,RoA,17077,15781.5,FIXTURE:us_mix_gdp_pc_tilt
25-1053,RoA,5718,15541.5,FIXTURE:us_mix_gdp_pc_tilt
25-1054,RoA,11188,16719.0,FIXTURE:us_mix_gdp_pc_tilt
25-1061,RoA,4479,16032.0,FIXTURE:us_mix_gdp_pc_tilt
25-1062,RoA,9658,14749.5,FIXTURE:us_mix_gdp_pc_tilt
25-1063,RoA,9880,20827.5,FIXTURE:us_mix_gdp_pc_tilt
25-1064,RoA,2846,15352.5,FIXTURE:us_mix_gdp_pc_tilt
25-1065,RoA,14504,16215.0,FIXTURE:us_mix_gdp_pc_tilt
25-1066,RoA,35496,14079.0,FIXTURE:us_mix_gdp_pc_tilt
25-1067,RoA,10128,14547.0,FIXTURE:us_mix_gdp_pc_tilt
25-1069,RoA,14171,13258.5,FIXTURE:us_mix_gdp_pc_tilt
25-1071,RoA,189122,22135.5,FIXTURE:us_mix_gdp_pc_tilt
25-1072,RoA,66633,12961.5,FIXTURE:us_mix_gdp_pc_tilt
25-1081,RoA,51992,11902.5,FIXTURE:us_mix_gdp_pc_tilt
25-1082,RoA,3103,13216.5,FIXTURE:us_mix_gdp_pc_tilt
25-1111,RoA,11239,13132.5,FIXTURE:us_mix_gdp_pc_tilt
25-1112,RoA,17146,21715.5,FIXTURE:us_mix_gdp_pc_tilt
25-1113,RoA,10778,12591.0,FIXTURE:us_mix_gdp_pc_tilt
25-1121,RoA,79967,14205.0,FIXTURE:us_mix_gdp_pc_tilt
25-1122,RoA,25146,13501.5,FIXTURE:us_mix_gdp_pc_tilt
25-1123,RoA,49334,13437.0,FIXTURE:us_mix_gdp_pc_tilt
25-1124,RoA,16949,13498.5,FIXTURE:us_mix_gdp_pc_tilt
25-1125,RoA,16060,14487.0,FIXTURE:us_mix_gdp_pc_tilt
25-1126,RoA,17487,13806.0,FIXTURE:us_mix_gdp_pc_tilt
25-1192,RoA,2368,12291.0,FIXTURE:us_mix_gdp_pc_tilt
25-1193,RoA,10795,12993.0,FIXTURE:us_mix_gdp_pc_tilt
25-1194,RoA,97531,10809.0,FIXTURE:us_mix_gdp_pc_tilt
25-1199,RoA,128070,13594.5,FIXTURE:us_mix_gdp_pc_tilt
25-2011,RoA,409219,6454.5,FIXTURE:us_mix_gdp_pc_tilt
25-2012,RoA,93052,10405.5,FIXTURE:us_mix_gdp_pc_tilt
25-2021,RoA,1186673,10897.5,FIXTURE:us_mix_gdp_pc_tilt
25-2022,RoA,529998,10804.5,FIXTURE:us_mix_gdp_pc_tilt
25-2023,RoA,14419,10738.5,FIXTURE:us_mix_gdp_pc_tilt
25-2031,RoA,910448,11448.0,FIXTURE:us_mix_gdp_pc_tilt
25-2032,RoA,95232,10902.0,FIXTURE:us_mix_gdp_pc_tilt
25-2051,RoA,25223,11457.0,FIXTURE:us_mix_gdp_pc_tilt
25-2052,RoA,222969,10897.5,FIXTURE:us_mix_gdp_pc_tilt
25-2057,RoA,81369,11067.0,FIXTURE:us_mix_gdp_pc_tilt
25-2058,RoA,140113,11589.0,FIXTURE:us_mix_gdp_pc_tilt
25-2059,RoA,29000,11962.5,FIXTURE:us_mix_gdp_pc_tilt
25-3011,RoA,31889,9879.0,FIXTURE:us_mix_gdp_pc_tilt
25-3021,RoA,283858,8211.0,FIXTURE:us_mix_gdp_pc_tilt
25-3031,RoA,448527,6963.0,FIXTURE:us_mix_gdp_pc_tilt
25-3041,RoA,149634,7207.5,FIXTURE:us_mix_gdp_pc_tilt
25-3099,RoA,97258,11082.0,FIXTURE:us_mix_gdp_pc_tilt
25-4011,RoA,6812,10596.0,FIXTURE:us_mix_gdp_pc_tilt
25-4012,RoA,10385,10734.0,FIXTURE:us_mix_gdp_pc_tilt
25-4013,RoA,10521,8611.5,FIXTURE:us_mix_gdp_pc_tilt
25-4022,RoA,114352,10926.0,FIXTURE:us_mix_gdp_pc_tilt
25-4031,RoA,58710,6825.0,FIXTURE:us_mix_gdp_pc_tilt
25-9021,RoA,7026,9159.0,FIXTURE:us_mix_gdp_pc_tilt
25-9031,RoA,194669,12138.0,FIXTURE:us_mix_gdp_pc_tilt
25-9044,RoA,140250,7150.5,FIXTURE:us_mix_gdp_pc_tilt
25-9045,RoA,1213990,5743.5,FIXTURE:us_mix_gdp_pc_tilt
25-9099,RoA,101360,8859.0,FIXTURE:us_mix_gdp_pc_tilt
27-1011,RoA,45360,19416.0,FIXTURE:us_mix_gdp_pc_tilt
27-1012,RoA,3915,7461.0,FIXTURE:us_mix_gdp_pc_tilt
27-1013,RoA,9590,10972.5,FIXTURE:us_mix_gdp_pc_tilt
27-1014,RoA,17069,16930.5,FIXTURE:us_mix_gdp_pc_tilt
27-1019,RoA,5923,12079.5,FIXTURE:us_mix_gdp_pc_tilt
27-1021,RoA,28624,13989.0,FIXTURE:us_mix_gdp_pc_tilt
27-1022,RoA,18334,13684.5,FIXTURE:us_mix_gdp_pc_tilt
27-1023,RoA,34693,5928.0,FIXTURE:us_mix_gdp_pc_tilt
27-1024,RoA,169088,10584.0,FIXTURE:us_mix_gdp_pc_tilt
27-1025,RoA,61112,11181.0,FIXTURE:us_mix_gdp_pc_tilt
27-1026,RoA,141215,6424.5,FIXTURE:us_mix_gdp_pc_tilt
27-1027,RoA,9086,12474.0,FIXTURE:us_mix_gdp_pc_tilt
27-1029,RoA,8103,11863.5,FIXTURE:us_mix_gdp_pc_tilt
27-2011,RoA,47009,9915.0,FIXTURE:us_mix_gdp_pc_tilt
27-2012,RoA,122326,16995.0,FIXTURE:us_mix_gdp_pc_tilt
27-2021,RoA,12881,30927.0,FIXTURE:us_mix_gdp_pc_tilt
27-2022,RoA,212781,9024.0,FIXTURE:us_mix_gdp_pc_tilt
27-2023,RoA,13487,7951.5,FIXTURE:us_mix_gdp_pc_tilt
27-2031,RoA,6949,9915.0,FIXTURE:us_mix_gdp_pc_tilt
27-2032,RoA,2444,10965.0,FIXTURE:us_mix_gdp_pc_tilt
27-2041,RoA,10718,13570.5,FIXTURE:us_mix_gdp_pc_tilt
27-2042,RoA,30923,9915.0,FIXTURE:us_mix_gdp_pc_tilt
27-2091,RoA,6769,9915.0,FIXTURE:us_mix_gdp_pc_tilt
27-2099,RoA,14145,9915.0,FIXTURE:us_mix_gdp_pc_tilt
27-3011,RoA,18154,11808.0,FIXTURE:us_mix_gdp_pc_tilt
27-3023,RoA,33547,15369.0,FIXTURE:us_mix_gdp_pc_tilt
27-3031,RoA,242208,12618.0,FIXTURE:us_mix_gdp_pc_tilt
27-3041,RoA,78369,13509.0,FIXTURE:us_mix_gdp_pc_tilt
27-3042,RoA,38889,14545.5,FIXTURE:us_mix_gdp_pc_tilt
27-3043,RoA,40975,12913.5,FIXTURE:us_mix_gdp_pc_tilt
27-3091,RoA,44496,9954.0,FIXTURE:us_mix_gdp_pc_tilt
27-3092,RoA,11000,11814.0,FIXTURE:us_mix_gdp_pc_tilt
27-3099,RoA,16744,12579.0,FIXTURE:us_mix_gdp_pc_tilt
27-4011,RoA,60026,9694.5,FIXTURE:us_mix_gdp_pc_tilt
27-4012,RoA,18043,10194.0,FIXTURE:us_mix_gdp_pc_tilt
27-4014,RoA,11180,12208.5,FIXTURE:us_mix_gdp_pc_tilt
27-4015,RoA,7607,11757.0,FIXTURE:us_mix_gdp_pc_tilt
27-4021,RoA,44240,8311.5,FIXTURE:us_mix_gdp_pc_tilt
27-4031,RoA,18419,12481.5,FIXTURE:us_mix_gdp_pc_tilt
27-4032,RoA,21889,12919.5,FIXTURE:us_mix_gdp_pc_tilt
27-4099,RoA,10641,12156.0,FIXTURE:us_mix_gdp_pc_tilt
29-1011,RoA,33872,13578.0,FIXTURE:us_mix_gdp_pc_tilt
29-1021,RoA,106318,28702.5,FIXTURE:us_mix_gdp_pc_tilt
29-1022,RoA,4197,51973.5,FIXTURE:us_mix_gdp_pc_tilt
29-1023,RoA,5308,38910.0,FIXTURE:us_mix_gdp_pc_tilt
29-1024,RoA,744,40294.5,FIXTURE:us_mix_gdp_pc_tilt
29-1029,RoA,4470,37189.5,FIXTURE:us_mix_gdp_pc_tilt
29-1031,RoA,66300,11569.5,FIXTURE:us_mix_gdp_pc_tilt
29-1041,RoA,36573,21232.5,FIXTURE:us_mix_gdp_pc_tilt
29-1051,RoA,275192,21138.0,FIXTURE:us_mix_gdp_pc_tilt
29-1071,RoA,138592,21192.0,FIXTURE:us_mix_gdp_pc_tilt
29-1081,RoA,8274,26322.0,FIXTURE:us_mix_gdp_pc_tilt
29-1122,RoA,138848,15192.0,FIXTURE:us_mix_gdp_pc_tilt
29-1123,RoA,228490,15792.0,FIXTURE:us_mix_gdp_pc_tilt
29-1124,RoA,14590,17248.5,FIXTURE:us_mix_gdp_pc_tilt
29-1125,RoA,12761,10144.5,FIXTURE:us_mix_gdp_pc_tilt
29-1126,RoA,119480,13095.0,FIXTURE:us_mix_gdp_pc_tilt
29-1127,RoA,156746,14725.5,FIXTURE:us_mix_gdp_pc_tilt
29-1128,RoA,7316,9141.0,FIXTURE:us_mix_gdp_pc_tilt
29-1129,RoA,19351,13563.0,FIXTURE:us_mix_gdp_pc_tilt
29-1131,RoA,71710,21402.0,FIXTURE:us_mix_gdp_pc_tilt
29-1141,RoA,2888687,15213.0,FIXTURE:us_mix_gdp_pc_tilt
29-1151,RoA,44308,37248.0,FIXTURE:us_mix_gdp_pc_tilt
29-1161,RoA,6769,20547.0,FIXTURE:us_mix_gdp_pc_tilt
29-1171,RoA,276106,20595.0,FIXTURE:us_mix_gdp_pc_tilt
29-1181,RoA,11675,14661.0,FIXTURE:us_mix_gdp_pc_tilt
29-1211,RoA,33129,54085.5,FIXTURE:us_mix_gdp_pc_tilt
29-1212,RoA,14778,68241.0,FIXTURE:us_mix_gdp_pc_tilt
29-1213,RoA,9718,48529.5,FIXTURE:us_mix_gdp_pc_tilt
29-1214,RoA,28103,47622.0,FIXTURE:us_mix_gdp_pc_tilt
29-1215,RoA,91890,38373.0,FIXTURE:us_mix_gdp_pc_tilt
29-1216,RoA,57394,40080.0,FIXTURE:us_mix_gdp_pc_tilt
29-1217,RoA,9051,40144.5,FIXTURE:us_mix_gdp_pc_tilt
29-1218,RoA,18171,41856.0,FIXTURE:us_mix_gdp_pc_tilt
29-1221,RoA,33667,31816.5,FIXTURE:us_mix_gdp_pc_tilt
29-1222,RoA,9496,42813.0,FIXTURE:us_mix_gdp_pc_tilt
29-1223,RoA,23915,40491.0,FIXTURE:us_mix_gdp_pc_tilt
29-1224,RoA,22881,57229.5,FIXTURE:us_mix_gdp_pc_tilt
29-1229,RoA,292927,39306.0,FIXTURE:us_mix_gdp_pc_tilt
29-1241,RoA,7650,45697.5,FIXTURE:us_mix_gdp_pc_tilt
29-1242,RoA,12051,56035.5,FIXTURE:us_mix_gdp_pc_tilt
29-1243,RoA,1017,75307.5,FIXTURE:us_mix_gdp_pc_tilt
29-1249,RoA,21487,56089.5,FIXTURE:us_mix_gdp_pc_tilt
29-1291,RoA,6692,13053.0,FIXTURE:us_mix_gdp_pc_tilt
29-1292,RoA,190379,14848.5,FIXTURE:us_mix_gdp_pc_tilt
29-1299,RoA,24470,19149.0,FIXTURE:us_mix_gdp_pc_tilt
29-2010,RoA,284568,10102.5,FIXTURE:us_mix_gdp_pc_tilt
29-2031,RoA,53813,11541.0,FIXTURE:us_mix_gdp_pc_tilt
29-2032,RoA,77061,14586.0,FIXTURE:us_mix_gdp_pc_tilt
29-2033,RoA,14598,15774.0,FIXTURE:us_mix_gdp_pc_tilt
29-2034,RoA,197003,12576.0,FIXTURE:us_mix_gdp_pc_tilt
29-2035,RoA,37086,14418.0,FIXTURE:us_mix_gdp_pc_tilt
29-2036,RoA,2915,22275.0,FIXTURE:us_mix_gdp_pc_tilt
29-2042,RoA,154284,7024.5,FIXTURE:us_mix_gdp_pc_tilt
29-2043,RoA,85993,9504.0,FIXTURE:us_mix_gdp_pc_tilt
29-2051,RoA,26975,6094.5,FIXTURE:us_mix_gdp_pc_tilt
29-2052,RoA,403151,6993.0,FIXTURE:us_mix_gdp_pc_tilt
29-2053,RoA,134156,6991.5,FIXTURE:us_mix_gdp_pc_tilt
29-2055,RoA,100394,10306.5,FIXTURE:us_mix_gdp_pc_tilt
29-2056,RoA,110377,7368.0,FIXTURE:us_mix_gdp_pc_tilt
29-2057,RoA,60693,7059.0,FIXTURE:us_mix_gdp_pc_tilt
29-2061,RoA,554204,10057.5,FIXTURE:us_mix_gdp_pc_tilt
29-2072,RoA,166429,8518.5,FIXTURE:us_mix_gdp_pc_tilt
29-2081,RoA,62847,7765.5,FIXTURE:us_mix_gdp_pc_tilt
29-2091,RoA,8026,12561.0,FIXTURE:us_mix_gdp_pc_tilt
29-2092,RoA,9633,9955.5,FIXTURE:us_mix_gdp_pc_tilt
29-2099,RoA,156079,8806.5,FIXTURE:us_mix_gdp_pc_tilt
29-9021,RoA,32565,11245.5,FIXTURE:us_mix_gdp_pc_tilt
29-9091,RoA,26069,9993.0,FIXTURE:us_mix_gdp_pc_tilt
29-9092,RoA,3197,15693.0,FIXTURE:us_mix_gdp_pc_tilt
29-9093,RoA,19034,10906.5,FIXTURE:us_mix_gdp_pc_tilt
29-9099,RoA,29923,11508.0,FIXTURE:us_mix_gdp_pc_tilt
31-1120,RoA,10696392,5418.0,FIXTURE:us_mix_gdp_pc_tilt
31-1131,RoA,3599348,6405.0,FIXTURE:us_mix_gdp_pc_tilt
31-1132,RoA,130270,6099.0,FIXTURE:us_mix_gdp_pc_tilt
31-1133,RoA,88238,6853.5,FIXTURE:us_mix_gdp_pc_tilt
31-2011,RoA,127413,10606.5,FIXTURE:us_mix_gdp_pc_tilt
31-2012,RoA,10707,6616.5,FIXTURE:us_mix_gdp_pc_tilt
31-2021,RoA,279296,10309.5,FIXTURE:us_mix_gdp_pc_tilt
31-2022,RoA,119613,5464.5,FIXTURE:us_mix_gdp_pc_tilt
31-9011,RoA,245412,9574.5,FIXTURE:us_mix_gdp_pc_tilt
31-9091,RoA,963339,7530.0,FIXTURE:us_mix_gdp_pc_tilt
31-9092,RoA,2031733,6918.0,FIXTURE:us_mix_gdp_pc_tilt
31-9093,RoA,192325,7576.5,FIXTURE:us_mix_gdp_pc_tilt
31-9094,RoA,103218,6256.5,FIXTURE:us_mix_gdp_pc_tilt
31-9095,RoA,98199,6067.5,FIXTURE:us_mix_gdp_pc_tilt
31-9096,RoA,314447,6051.0,FIXTURE:us_mix_gdp_pc_tilt
31-9097,RoA,356579,6828.0,FIXTURE:us_mix_gdp_pc_tilt
31-9099,RoA,272614,7621.5,FIXTURE:us_mix_gdp_pc_tilt
33-1011,RoA,132605,12657.0,FIXTURE:us_mix_gdp_pc_tilt
33-1012,RoA,384079,16828.5,FIXTURE:us_mix_gdp_pc_tilt
33-1021,RoA,246281,14539.5,FIXTURE:us_mix_gdp_pc_tilt
33-1091,RoA,202411,8985.0,FIXTURE:us_mix_gdp_pc_tilt
33-1099,RoA,51398,11158.5,FIXTURE:us_mix_gdp_pc_tilt
33-2011,RoA,859500,9544.5,FIXTURE:us_mix_gdp_pc_tilt
33-2021,RoA,34282,11800.5,FIXTURE:us_mix_gdp_pc_tilt
33-2022,RoA,6906,9996.0,FIXTURE:us_mix_gdp_pc_tilt
33-3011,RoA,43001,9249.0,FIXTURE:us_mix_gdp_pc_tilt
33-3012,RoA,945229,9544.5,FIXTURE:us_mix_gdp_pc_tilt
33-3021,RoA,284264,14914.5,FIXTURE:us_mix_gdp_pc_tilt
33-3031,RoA,14334,11242.5,FIXTURE:us_mix_gdp_pc_tilt
33-3041,RoA,22482,7678.5,FIXTURE:us_mix_gdp_pc_tilt
33-3051,RoA,1665690,11880.0,FIXTURE:us_mix_gdp_pc_tilt
33-3052,RoA,10906,13771.5,FIXTURE:us_mix_gdp_pc_tilt
33-9011,RoA,29984,7266.0,FIXTURE:us_mix_gdp_pc_tilt
33-9021,RoA,88387,9022.5,FIXTURE:us_mix_gdp_pc_tilt
33-9031,RoA,23649,6844.5,FIXTURE:us_mix_gdp_pc_tilt
33-9032,RoA,3188366,6370.5,FIXTURE:us_mix_gdp_pc_tilt
33-9091,RoA,234407,6502.5,FIXTURE:us_mix_gdp_pc_tilt
33-9092,RoA,391382,5170.5,FIXTURE:us_mix_gdp_pc_tilt
33-9093,RoA,124929,9646.5,FIXTURE:us_mix_gdp_pc_tilt
33-9094,RoA,194809,5272.5,FIXTURE:us_mix_gdp_pc_tilt
33-9099,RoA,202460,7210.5,FIXTURE:us_mix_gdp_pc_tilt
35-1011,RoA,1444315,10005.0,FIXTURE:us_mix_gdp_pc_tilt
35-1012,RoA,8831954,6927.0,FIXTURE:us_mix_gdp_pc_tilt
35-2011,RoA,4628610,4858.5,FIXTURE:us_mix_gdp_pc_tilt
35-2012,RoA,3184439,5821.5,FIXTURE:us_mix_gdp_pc_tilt
35-2013,RoA,7942,8052.0,FIXTURE:us_mix_gdp_pc_tilt
35-2014,RoA,10179591,5809.5,FIXTURE:us_mix_gdp_pc_tilt
35-2015,RoA,1001071,5418.0,FIXTURE:us_mix_gdp_pc_tilt
35-2019,RoA,139710,5872.5,FIXTURE:us_mix_gdp_pc_tilt
35-2021,RoA,6451910,5293.5,FIXTURE:us_mix_gdp_pc_tilt
35-3011,RoA,5461235,6118.5,FIXTURE:us_mix_gdp_pc_tilt
35-3023,RoA,27826749,4822.5,FIXTURE:us_mix_gdp_pc_tilt
35-3031,RoA,16396269,6009.0,FIXTURE:us_mix_gdp_pc_tilt
35-3041,RoA,2121997,5421.0,FIXTURE:us_mix_gdp_pc_tilt
35-9011,RoA,3918726,5134.5,FIXTURE:us_mix_gdp_pc_tilt
35-9021,RoA,3447252,5146.5,FIXTURE:us_mix_gdp_pc_tilt
35-9031,RoA,3124079,4903.5,FIXTURE:us_mix_gdp_pc_tilt
35-9099,RoA,611040,5521.5,FIXTURE:us_mix_gdp_pc_tilt
37-1011,RoA,1290671,7998.0,FIXTURE:us_mix_gdp_pc_tilt
37-1012,RoA,944104,9144.0,FIXTURE:us_mix_gdp_pc_tilt
37-2011,RoA,15954758,5814.0,FIXTURE:us_mix_gdp_pc_tilt
37-2012,RoA,6214151,5562.0,FIXTURE:us_mix_gdp_pc_tilt
37-2019,RoA,124258,6963.0,FIXTURE:us_mix_gdp_pc_tilt
37-2021,RoA,740930,6960.0,FIXTURE:us_mix_gdp_pc_tilt
37-3011,RoA,6878186,6343.5,FIXTURE:us_mix_gdp_pc_tilt
37-3012,RoA,195305,7060.5,FIXTURE:us_mix_gdp_pc_tilt
37-3013,RoA,398262,8395.5,FIXTURE:us_mix_gdp_pc_tilt
37-3019,RoA,98410,7324.5,FIXTURE:us_mix_gdp_pc_tilt
39-1013,RoA,64613,9724.5,FIXTURE:us_mix_gdp_pc_tilt
39-1014,RoA,256342,8032.5,FIXTURE:us_mix_gdp_pc_tilt
39-1022,RoA,283469,7854.0,FIXTURE:us_mix_gdp_pc_tilt
39-2011,RoA,46628,7053.0,FIXTURE:us_mix_gdp_pc_tilt
39-2021,RoA,663052,5595.0,FIXTURE:us_mix_gdp_pc_tilt
39-3011,RoA,208447,6382.5,FIXTURE:us_mix_gdp_pc_tilt
39-3012,RoA,22233,5467.5,FIXTURE:us_mix_gdp_pc_tilt
39-3019,RoA,35126,6207.0,FIXTURE:us_mix_gdp_pc_tilt
39-3021,RoA,3677,7722.0,FIXTURE:us_mix_gdp_pc_tilt
39-3031,RoA,302498,4962.0,FIXTURE:us_mix_gdp_pc_tilt
39-3091,RoA,988280,4896.0,FIXTURE:us_mix_gdp_pc_tilt
39-3092,RoA,16172,9516.0,FIXTURE:us_mix_gdp_pc_tilt
39-3093,RoA,38654,5769.0,FIXTURE:us_mix_gdp_pc_tilt
39-3099,RoA,17538,5247.0,FIXTURE:us_mix_gdp_pc_tilt
39-4011,RoA,9663,8758.5,FIXTURE:us_mix_gdp_pc_tilt
39-4012,RoA,7378,6850.5,FIXTURE:us_mix_gdp_pc_tilt
39-4021,RoA,77233,5578.5,FIXTURE:us_mix_gdp_pc_tilt
39-4031,RoA,62353,8724.0,FIXTURE:us_mix_gdp_pc_tilt
39-5011,RoA,37263,7060.5,FIXTURE:us_mix_gdp_pc_tilt
39-5012,RoA,759438,6594.0,FIXTURE:us_mix_gdp_pc_tilt
39-5091,RoA,5813,15336.0,FIXTURE:us_mix_gdp_pc_tilt
39-5092,RoA,379508,5785.5,FIXTURE:us_mix_gdp_pc_tilt
39-5093,RoA,20047,4797.0,FIXTURE:us_mix_gdp_pc_tilt
39-5094,RoA,181072,7777.5,FIXTURE:us_mix_gdp_pc_tilt
39-6011,RoA,70824,5785.5,FIXTURE:us_mix_gdp_pc_tilt
39-6012,RoA,122321,6376.5,FIXTURE:us_mix_gdp_pc_tilt
39-7010,RoA,132903,6558.0,FIXTURE:us_mix_gdp_pc_tilt
39-9011,RoA,1289064,5254.5,FIXTURE:us_mix_gdp_pc_tilt
39-9031,RoA,802215,7863.0,FIXTURE:us_mix_gdp_pc_tilt
39-9032,RoA,823480,5778.0,FIXTURE:us_mix_gdp_pc_tilt
39-9041,RoA,210559,6598.5,FIXTURE:us_mix_gdp_pc_tilt
39-9099,RoA,150094,6018.0,FIXTURE:us_mix_gdp_pc_tilt
41-1011,RoA,2786749,8007.0,FIXTURE:us_mix_gdp_pc_tilt
41-1012,RoA,532583,14905.5,FIXTURE:us_mix_gdp_pc_tilt
41-2011,RoA,7674640,4977.0,FIXTURE:us_mix_gdp_pc_tilt
41-2012,RoA,53484,5865.0,FIXTURE:us_mix_gdp_pc_tilt
41-2021,RoA,995683,6855.0,FIXTURE:us_mix_gdp_pc_tilt
41-2022,RoA,670902,6574.5,FIXTURE:us_mix_gdp_pc_tilt
41-2031,RoA,9682972,5596.5,FIXTURE:us_mix_gdp_pc_tilt
41-3011,RoA,227799,12100.5,FIXTURE:us_mix_gdp_pc_tilt
41-3021,RoA,1190169,12222.0,FIXTURE:us_mix_gdp_pc_tilt
41-3031,RoA,1216178,16372.5,FIXTURE:us_mix_gdp_pc_tilt
41-3041,RoA,136903,8199.0,FIXTURE:us_mix_gdp_pc_tilt
41-3091,RoA,3120150,12364.5,FIXTURE:us_mix_gdp_pc_tilt
41-4011,RoA,707493,17959.5,FIXTURE:us_mix_gdp_pc_tilt
41-4012,RoA,3075882,12379.5,FIXTURE:us_mix_gdp_pc_tilt
41-9011,RoA,160279,6837.0,FIXTURE:us_mix_gdp_pc_tilt
41-9012,RoA,9390,10920.0,FIXTURE:us_mix_gdp_pc_tilt
41-9021,RoA,114521,12592.5,FIXTURE:us_mix_gdp_pc_tilt
41-9022,RoA,480365,10426.5,FIXTURE:us_mix_gdp_pc_tilt
41-9031,RoA,128655,19521.0,FIXTURE:us_mix_gdp_pc_tilt
41-9041,RoA,145150,5605.5,FIXTURE:us_mix_gdp_pc_tilt
41-9091,RoA,6856,6577.5,FIXTURE:us_mix_gdp_pc_tilt
41-9099,RoA,231476,8776.5,FIXTURE:us_mix_gdp_pc_tilt
43-1011,RoA,3568967,11023.5,FIXTURE:us_mix_gdp_pc_tilt
43-2011,RoA,85158,6345.0,FIXTURE:us_mix_gdp_pc_tilt
43-2021,RoA,8521,6745.5,FIXTURE:us_mix_gdp_pc_tilt
43-2099,RoA,2981,9319.5,FIXTURE:us_mix_gdp_pc_tilt
43-3011,RoA,394562,7359.0,FIXTURE:us_mix_gdp_pc_tilt
43-3021,RoA,1003756,7660.5,FIXTURE:us_mix_gdp_pc_tilt
43-3031,RoA,3412464,8034.0,FIXTURE:us_mix_gdp_pc_tilt
43-3041,RoA,35847,5926.5,FIXTURE:us_mix_gdp_pc_tilt
43-3051,RoA,380427,8944.5,FIXTURE:us_mix_gdp_pc_tilt
43-3061,RoA,138642,7855.5,FIXTURE:us_mix_gdp_pc_tilt
43-3071,RoA,818486,6352.5,FIXTURE:us_mix_gdp_pc_tilt
43-3099,RoA,90076,8467.5,FIXTURE:us_mix_gdp_pc_tilt
43-4011,RoA,89281,10927.5,FIXTURE:us_mix_gdp_pc_tilt
43-4021,RoA,10657,7213.5,FIXTURE:us_mix_gdp_pc_tilt
43-4031,RoA,446531,7848.0,FIXTURE:us_mix_gdp_pc_tilt
43-4041,RoA,29885,7713.0,FIXTURE:us_mix_gdp_pc_tilt
43-4051,RoA,6448301,6988.5,FIXTURE:us_mix_gdp_pc_tilt
43-4061,RoA,384551,8413.5,FIXTURE:us_mix_gdp_pc_tilt
43-4071,RoA,182438,6838.5,FIXTURE:us_mix_gdp_pc_tilt
43-4081,RoA,649413,5332.5,FIXTURE:us_mix_gdp_pc_tilt
43-4111,RoA,367807,7086.0,FIXTURE:us_mix_gdp_pc_tilt
43-4121,RoA,212447,5905.5,FIXTURE:us_mix_gdp_pc_tilt
43-4131,RoA,409367,7878.0,FIXTURE:us_mix_gdp_pc_tilt
43-4141,RoA,91567,7405.5,FIXTURE:us_mix_gdp_pc_tilt
43-4151,RoA,186810,7233.0,FIXTURE:us_mix_gdp_pc_tilt
43-4161,RoA,224122,7837.5,FIXTURE:us_mix_gdp_pc_tilt
43-4171,RoA,2261048,5919.0,FIXTURE:us_mix_gdp_pc_tilt
43-4181,RoA,294897,7444.5,FIXTURE:us_mix_gdp_pc_tilt
43-4199,RoA,335165,7723.5,FIXTURE:us_mix_gdp_pc_tilt
43-5011,RoA,242630,8584.5,FIXTURE:us_mix_gdp_pc_tilt
43-5021,RoA,170514,6145.5,FIXTURE:us_mix_gdp_pc_tilt
43-5031,RoA,254628,8511.0,FIXTURE:us_mix_gdp_pc_tilt
43-5032,RoA,503816,8211.0,FIXTURE:us_mix_gdp_pc_tilt
43-5041,RoA,48268,8307.0,FIXTURE:us_mix_gdp_pc_tilt
43-5051,RoA,183133,9279.0,FIXTURE:us_mix_gdp_pc_tilt
43-5052,RoA,816847,9381.0,FIXTURE:us_mix_gdp_pc_tilt
43-5053,RoA,261335,8914.5,FIXTURE:us_mix_gdp_pc_tilt
43-5061,RoA,969226,9322.5,FIXTURE:us_mix_gdp_pc_tilt
43-5071,RoA,2029249,7021.5,FIXTURE:us_mix_gdp_pc_tilt
43-5111,RoA,132407,7144.5,FIXTURE:us_mix_gdp_pc_tilt
43-6011,RoA,1142498,11871.0,FIXTURE:us_mix_gdp_pc_tilt
43-6012,RoA,388227,9093.0,FIXTURE:us_mix_gdp_pc_tilt
43-6013,RoA,2388809,7020.0,FIXTURE:us_mix_gdp_pc_tilt
43-6014,RoA,4239968,7402.5,FIXTURE:us_mix_gdp_pc_tilt
43-9021,RoA,315689,6496.5,FIXTURE:us_mix_gdp_pc_tilt
43-9022,RoA,86971,7668.0,FIXTURE:us_mix_gdp_pc_tilt
43-9031,RoA,8322,9295.5,FIXTURE:us_mix_gdp_pc_tilt
43-9041,RoA,532260,7938.0,FIXTURE:us_mix_gdp_pc_tilt
43-9051,RoA,137201,6247.5,FIXTURE:us_mix_gdp_pc_tilt
43-9061,RoA,6123346,6963.0,FIXTURE:us_mix_gdp_pc_tilt
43-9071,RoA,62427,6483.0,FIXTURE:us_mix_gdp_pc_tilt
43-9081,RoA,11378,8220.0,FIXTURE:us_mix_gdp_pc_tilt
43-9111,RoA,11700,8347.5,FIXTURE:us_mix_gdp_pc_tilt
43-9199,RoA,477608,7300.5,FIXTURE:us_mix_gdp_pc_tilt
45-1011,RoA,201875,9409.5,FIXTURE:us_mix_gdp_pc_tilt
45-2011,RoA,104042,8236.5,FIXTURE:us_mix_gdp_pc_tilt
45-2021,RoA,9603,8551.5,FIXTURE:us_mix_gdp_pc_tilt
45-2041,RoA,181803,5464.5,FIXTURE:us_mix_gdp_pc_tilt
45-2091,RoA,205774,6556.5,FIXTURE:us_mix_gdp_pc_tilt
45-2092,RoA,1916945,5644.5,FIXTURE:us_mix_gdp_pc_tilt
45-2093,RoA,236893,5889.0,FIXTURE:us_mix_gdp_pc_tilt
45-2099,RoA,26137,6826.5,FIXTURE:us_mix_gdp_pc_tilt
45-4011,RoA,43682,6552.0,FIXTURE:us_mix_gdp_pc_tilt
45-4021,RoA,22599,8566.5,FIXTURE:us_mix_gdp_pc_tilt
45-4022,RoA,152056,7978.5,FIXTURE:us_mix_gdp_pc_tilt
45-4023,RoA,22166,7165.5,FIXTURE:us_mix_gdp_pc_tilt
45-4029,RoA,12274,7936.5,FIXTURE:us_mix_gdp_pc_tilt
47-1011,RoA,5864263,12967.5,FIXTURE:us_mix_gdp_pc_tilt
47-2011,RoA,73573,12013.5,FIXTURE:us_mix_gdp_pc_tilt
47-2021,RoA,379418,10242.0,FIXTURE:us_mix_gdp_pc_tilt
47-2022,RoA,56461,9106.5,FIXTURE:us_mix_gdp_pc_tilt
47-2031,RoA,4838138,9844.5,FIXTURE:us_mix_gdp_pc_tilt
47-2041,RoA,99493,8548.5,FIXTURE:us_mix_gdp_pc_tilt
47-2042,RoA,170684,9264.0,FIXTURE:us_mix_gdp_pc_tilt
47-2043,RoA,26859,7869.0,FIXTURE:us_mix_gdp_pc_tilt
47-2044,RoA,258842,8887.5,FIXTURE:us_mix_gdp_pc_tilt
47-2051,RoA,1488575,9007.5,FIXTURE:us_mix_gdp_pc_tilt
47-2053,RoA,8520,12738.0,FIXTURE:us_mix_gdp_pc_tilt
47-2061,RoA,7918896,7804.5,FIXTURE:us_mix_gdp_pc_tilt
47-2071,RoA,301946,8850.0,FIXTURE:us_mix_gdp_pc_tilt
47-2072,RoA,16678,12106.5,FIXTURE:us_mix_gdp_pc_tilt
47-2073,RoA,3451873,9943.5,FIXTURE:us_mix_gdp_pc_tilt
47-2081,RoA,599849,9540.0,FIXTURE:us_mix_gdp_pc_tilt
47-2082,RoA,92706,10906.5,FIXTURE:us_mix_gdp_pc_tilt
47-2111,RoA,5467228,10723.5,FIXTURE:us_mix_gdp_pc_tilt
47-2121,RoA,422233,8958.0,FIXTURE:us_mix_gdp_pc_tilt
47-2131,RoA,320863,8211.0,FIXTURE:us_mix_gdp_pc_tilt
47-2132,RoA,185269,9829.5,FIXTURE:us_mix_gdp_pc_tilt
47-2141,RoA,1625901,8313.0,FIXTURE:us_mix_gdp_pc_tilt
47-2142,RoA,11336,8059.5,FIXTURE:us_mix_gdp_pc_tilt
47-2151,RoA,238625,8205.0,FIXTURE:us_mix_gdp_pc_tilt
47-2152,RoA,3363426,10825.5,FIXTURE:us_mix_gdp_pc_tilt
47-2161,RoA,139421,9307.5,FIXTURE:us_mix_gdp_pc_tilt
47-2171,RoA,99638,9909.0,FIXTURE:us_mix_gdp_pc_tilt
47-2181,RoA,978256,8721.0,FIXTURE:us_mix_gdp_pc_tilt
47-2211,RoA,864755,10177.5,FIXTURE:us_mix_gdp_pc_tilt
47-2221,RoA,493713,10542.0,FIXTURE:us_mix_gdp_pc_tilt
47-2231,RoA,226351,8685.0,FIXTURE:us_mix_gdp_pc_tilt
47-3011,RoA,102309,7638.0,FIXTURE:us_mix_gdp_pc_tilt
47-3012,RoA,156532,6607.5,FIXTURE:us_mix_gdp_pc_tilt
47-3013,RoA,459417,6612.0,FIXTURE:us_mix_gdp_pc_tilt
47-3014,RoA,54079,6366.0,FIXTURE:us_mix_gdp_pc_tilt
47-3015,RoA,320068,6559.5,FIXTURE:us_mix_gdp_pc_tilt
47-3016,RoA,43537,6772.5,FIXTURE:us_mix_gdp_pc_tilt
47-3019,RoA,178843,6771.0,FIXTURE:us_mix_gdp_pc_tilt
47-4011,RoA,1059338,11659.5,FIXTURE:us_mix_gdp_pc_tilt
47-4021,RoA,171767,16473.0,FIXTURE:us_mix_gdp_pc_tilt
47-4031,RoA,176749,7579.5,FIXTURE:us_mix_gdp_pc_tilt
47-4041,RoA,373353,8464.5,FIXTURE:us_mix_gdp_pc_tilt
47-4051,RoA,1118832,7962.0,FIXTURE:us_mix_gdp_pc_tilt
47-4061,RoA,141370,10311.0,FIXTURE:us_mix_gdp_pc_tilt
47-4071,RoA,221297,8025.0,FIXTURE:us_mix_gdp_pc_tilt
47-4090,RoA,204907,8269.5,FIXTURE:us_mix_gdp_pc_tilt
47-5011,RoA,76461,9031.5,FIXTURE:us_mix_gdp_pc_tilt
47-5012,RoA,90974,10819.5,FIXTURE:us_mix_gdp_pc_tilt
47-5013,RoA,311476,9370.5,FIXTURE:us_mix_gdp_pc_tilt
47-5022,RoA,248950,8989.5,FIXTURE:us_mix_gdp_pc_tilt
47-5023,RoA,140432,9424.5,FIXTURE:us_mix_gdp_pc_tilt
47-5032,RoA,36823,9996.0,FIXTURE:us_mix_gdp_pc_tilt
47-5041,RoA,101082,9757.5,FIXTURE:us_mix_gdp_pc_tilt
47-5043,RoA,15595,11715.0,FIXTURE:us_mix_gdp_pc_tilt
47-5044,RoA,42815,10686.0,FIXTURE:us_mix_gdp_pc_tilt
47-5049,RoA,22960,10479.0,FIXTURE:us_mix_gdp_pc_tilt
47-5051,RoA,23971,7725.0,FIXTURE:us_mix_gdp_pc_tilt
47-5071,RoA,324689,7380.0,FIXTURE:us_mix_gdp_pc_tilt
47-5081,RoA,48375,7593.0,FIXTURE:us_mix_gdp_pc_tilt
47-5099,RoA,40000,8683.5,FIXTURE:us_mix_gdp_pc_tilt
49-1011,RoA,1533979,12783.0,FIXTURE:us_mix_gdp_pc_tilt
49-2011,RoA,162962,7632.0,FIXTURE:us_mix_gdp_pc_tilt
49-2021,RoA,27674,10480.5,FIXTURE:us_mix_gdp_pc_tilt
49-2022,RoA,350070,10275.0,FIXTURE:us_mix_gdp_pc_tilt
49-2091,RoA,46777,12507.0,FIXTURE:us_mix_gdp_pc_tilt
49-2092,RoA,35896,8791.5,FIXTURE:us_mix_gdp_pc_tilt
49-2093,RoA,17240,12495.0,FIXTURE:us_mix_gdp_pc_tilt
49-2094,RoA,161496,11335.5,FIXTURE:us_mix_gdp_pc_tilt
49-2095,RoA,51472,15114.0,FIXTURE:us_mix_gdp_pc_tilt
49-2096,RoA,21240,7734.0,FIXTURE:us_mix_gdp_pc_tilt
49-2097,RoA,49137,8689.5,FIXTURE:us_mix_gdp_pc_tilt
49-2098,RoA,214484,9144.0,FIXTURE:us_mix_gdp_pc_tilt
49-3011,RoA,343040,12711.0,FIXTURE:us_mix_gdp_pc_tilt
49-3021,RoA,370912,8953.5,FIXTURE:us_mix_gdp_pc_tilt
49-3022,RoA,50454,7564.5,FIXTURE:us_mix_gdp_pc_tilt
49-3023,RoA,1750450,8463.0,FIXTURE:us_mix_gdp_pc_tilt
49-3031,RoA,720312,9648.0,FIXTURE:us_mix_gdp_pc_tilt
49-3041,RoA,94076,8593.5,FIXTURE:us_mix_gdp_pc_tilt
49-3042,RoA,438706,10386.0,FIXTURE:us_mix_gdp_pc_tilt
49-3043,RoA,53037,10602.0,FIXTURE:us_mix_gdp_pc_tilt
49-3051,RoA,57683,8710.5,FIXTURE:us_mix_gdp_pc_tilt
49-3052,RoA,33561,7855.5,FIXTURE:us_mix_gdp_pc_tilt
49-3053,RoA,89579,7498.5,FIXTURE:us_mix_gdp_pc_tilt
49-3091,RoA,30232,6409.5,FIXTURE:us_mix_gdp_pc_tilt
49-3092,RoA,43299,8466.0,FIXTURE:us_mix_gdp_pc_tilt
49-3093,RoA,269310,6025.5,FIXTURE:us_mix_gdp_pc_tilt
49-9011,RoA,67371,8631.0,FIXTURE:us_mix_gdp_pc_tilt
49-9012,RoA,119837,11431.5,FIXTURE:us_mix_gdp_pc_tilt
49-9021,RoA,1017693,9717.0,FIXTURE:us_mix_gdp_pc_tilt
49-9031,RoA,79866,8406.0,FIXTURE:us_mix_gdp_pc_tilt
49-9041,RoA,1092143,10269.0,FIXTURE:us_mix_gdp_pc_tilt
49-9043,RoA,149100,9691.5,FIXTURE:us_mix_gdp_pc_tilt
49-9044,RoA,100187,10467.0,FIXTURE:us_mix_gdp_pc_tilt
49-9045,RoA,2683,9565.5,FIXTURE:us_mix_gdp_pc_tilt
49-9051,RoA,325601,13795.5,FIXTURE:us_mix_gdp_pc_tilt
49-9052,RoA,242754,11091.0,FIXTURE:us_mix_gdp_pc_tilt
49-9061,RoA,4099,8406.0,FIXTURE:us_mix_gdp_pc_tilt
49-9062,RoA,163931,9889.5,FIXTURE:us_mix_gdp_pc_tilt
49-9063,RoA,13365,7494.0,FIXTURE:us_mix_gdp_pc_tilt
49-9064,RoA,3254,10626.0,FIXTURE:us_mix_gdp_pc_tilt
49-9069,RoA,23351,10677.0,FIXTURE:us_mix_gdp_pc_tilt
49-9071,RoA,3800045,8067.0,FIXTURE:us_mix_gdp_pc_tilt
49-9081,RoA,24792,10347.0,FIXTURE:us_mix_gdp_pc_tilt
49-9091,RoA,65607,7465.5,FIXTURE:us_mix_gdp_pc_tilt
49-9092,RoA,8570,13248.0,FIXTURE:us_mix_gdp_pc_tilt
49-9094,RoA,37362,8320.5,FIXTURE:us_mix_gdp_pc_tilt
49-9095,RoA,7502,6811.5,FIXTURE:us_mix_gdp_pc_tilt
49-9096,RoA,55968,10021.5,FIXTURE:us_mix_gdp_pc_tilt
49-9097,RoA,21662,13561.5,FIXTURE:us_mix_gdp_pc_tilt
49-9098,RoA,237438,6223.5,FIXTURE:us_mix_gdp_pc_tilt
49-9099,RoA,437960,8077.5,FIXTURE:us_mix_gdp_pc_tilt
51-1011,RoA,4862253,11490.0,FIXTURE:us_mix_gdp_pc_tilt
51-2011,RoA,245629,10713.0,FIXTURE:us_mix_gdp_pc_tilt
51-2021,RoA,92706,7570.5,FIXTURE:us_mix_gdp_pc_tilt
51-2028,RoA,1783156,7149.0,FIXTURE:us_mix_gdp_pc_tilt
51-2031,RoA,245484,8668.5,FIXTURE:us_mix_gdp_pc_tilt
51-2041,RoA,378046,8104.5,FIXTURE:us_mix_gdp_pc_tilt
51-2051,RoA,116750,7432.5,FIXTURE:us_mix_gdp_pc_tilt
51-2061,RoA,1805,8508.0,FIXTURE:us_mix_gdp_pc_tilt
51-2090,RoA,10144502,6999.0,FIXTURE:us_mix_gdp_pc_tilt
51-3011,RoA,1705395,5772.0,FIXTURE:us_mix_gdp_pc_tilt
51-3021,RoA,985043,6357.0,FIXTURE:us_mix_gdp_pc_tilt
51-3022,RoA,1051973,5892.0,FIXTURE:us_mix_gdp_pc_tilt
51-3023,RoA,505048,6265.5,FIXTURE:us_mix_gdp_pc_tilt
51-3091,RoA,147074,6889.5,FIXTURE:us_mix_gdp_pc_tilt
51-3092,RoA,1260057,6562.5,FIXTURE:us_mix_gdp_pc_tilt
51-3093,RoA,225629,6385.5,FIXTURE:us_mix_gdp_pc_tilt
51-3099,RoA,469309,6045.0,FIXTURE:us_mix_gdp_pc_tilt
51-4021,RoA,439273,7422.0,FIXTURE:us_mix_gdp_pc_tilt
51-4022,RoA,64476,7752.0,FIXTURE:us_mix_gdp_pc_tilt
51-4023,RoA,182308,7983.0,FIXTURE:us_mix_gdp_pc_tilt
51-4031,RoA,1236087,7264.5,FIXTURE:us_mix_gdp_pc_tilt
51-4032,RoA,33790,7771.5,FIXTURE:us_mix_gdp_pc_tilt
51-4033,RoA,483749,7225.5,FIXTURE:us_mix_gdp_pc_tilt
51-4034,RoA,120648,7873.5,FIXTURE:us_mix_gdp_pc_tilt
51-4035,RoA,89963,8511.0,FIXTURE:us_mix_gdp_pc_tilt
51-4041,RoA,2072539,8898.0,FIXTURE:us_mix_gdp_pc_tilt
51-4051,RoA,121154,8323.5,FIXTURE:us_mix_gdp_pc_tilt
51-4052,RoA,32924,8143.5,FIXTURE:us_mix_gdp_pc_tilt
51-4061,RoA,18845,10285.5,FIXTURE:us_mix_gdp_pc_tilt
51-4062,RoA,10614,9091.5,FIXTURE:us_mix_gdp_pc_tilt
51-4071,RoA,92345,7479.0,FIXTURE:us_mix_gdp_pc_tilt
51-4072,RoA,1086413,6894.0,FIXTURE:us_mix_gdp_pc_tilt
51-4081,RoA,899556,7504.5,FIXTURE:us_mix_gdp_pc_tilt
51-4111,RoA,411042,10029.0,FIXTURE:us_mix_gdp_pc_tilt
51-4121,RoA,3005091,8514.0,FIXTURE:us_mix_gdp_pc_tilt
51-4122,RoA,228156,7533.0,FIXTURE:us_mix_gdp_pc_tilt
51-4191,RoA,101082,7567.5,FIXTURE:us_mix_gdp_pc_tilt
51-4192,RoA,43104,9978.0,FIXTURE:us_mix_gdp_pc_tilt
51-4193,RoA,234004,6765.0,FIXTURE:us_mix_gdp_pc_tilt
51-4194,RoA,40433,7986.0,FIXTURE:us_mix_gdp_pc_tilt
51-4199,RoA,114800,7287.0,FIXTURE:us_mix_gdp_pc_tilt
51-5111,RoA,172128,7620.0,FIXTURE:us_mix_gdp_pc_tilt
51-5112,RoA,1041576,7104.0,FIXTURE:us_mix_gdp_pc_tilt
51-5113,RoA,239564,6669.0,FIXTURE:us_mix_gdp_pc_tilt
51-6011,RoA,1429875,5238.0,FIXTURE:us_mix_gdp_pc_tilt
51-6021,RoA,188590,5196.0,FIXTURE:us_mix_gdp_pc_tilt
51-6031,RoA,757247,5640.0,FIXTURE:us_mix_gdp_pc_tilt
51-6041,RoA,53790,5874.0,FIXTURE:us_mix_gdp_pc_tilt
51-6042,RoA,23682,5442.0,FIXTURE:us_mix_gdp_pc_tilt
51-6051,RoA,15812,5581.5,FIXTURE:us_mix_gdp_pc_tilt
51-6052,RoA,100504,6771.0,FIXTURE:us_mix_gdp_pc_tilt
51-6061,RoA,38339,6057.0,FIXTURE:us_mix_gdp_pc_tilt
51-6062,RoA,64981,5929.5,FIXTURE:us_mix_gdp_pc_tilt
51-6063,RoA,94078,6108.0,FIXTURE:us_mix_gdp_pc_tilt
51-6064,RoA,158987,6018.0,FIXTURE:us_mix_gdp_pc_tilt
51-6091,RoA,92779,7287.0,FIXTURE:us_mix_gdp_pc_tilt
51-6092,RoA,21299,10713.0,FIXTURE:us_mix_gdp_pc_tilt
51-6093,RoA,145413,7101.0,FIXTURE:us_mix_gdp_pc_tilt
51-6099,RoA,97688,6084.0,FIXTURE:us_mix_gdp_pc_tilt
51-7011,RoA,557178,7243.5,FIXTURE:us_mix_gdp_pc_tilt
51-7021,RoA,104547,6795.0,FIXTURE:us_mix_gdp_pc_tilt
51-7031,RoA,2022,9550.5,FIXTURE:us_mix_gdp_pc_tilt
51-7032,RoA,1588,8136.0,FIXTURE:us_mix_gdp_pc_tilt
51-7041,RoA,294942,6537.0,FIXTURE:us_mix_gdp_pc_tilt
51-7042,RoA,443460,6535.5,FIXTURE:us_mix_gdp_pc_tilt
51-7099,RoA,39639,6910.5,FIXTURE:us_mix_gdp_pc_tilt
51-8011,RoA,37184,18207.0,FIXTURE:us_mix_gdp_pc_tilt
51-8012,RoA,61516,16698.0,FIXTURE:us_mix_gdp_pc_tilt
51-8013,RoA,211694,14968.5,FIXTURE:us_mix_gdp_pc_tilt
51-8021,RoA,203969,12594.0,FIXTURE:us_mix_gdp_pc_tilt
51-8031,RoA,927715,9381.0,FIXTURE:us_mix_gdp_pc_tilt
51-8091,RoA,119926,11995.5,FIXTURE:us_mix_gdp_pc_tilt
51-8092,RoA,130179,13306.5,FIXTURE:us_mix_gdp_pc_tilt
51-8093,RoA,239420,13594.5,FIXTURE:us_mix_gdp_pc_tilt
51-8099,RoA,101659,9855.0,FIXTURE:us_mix_gdp_pc_tilt
51-9011,RoA,1008147,9106.5,FIXTURE:us_mix_gdp_pc_tilt
51-9012,RoA,433930,8404.5,FIXTURE:us_mix_gdp_pc_tilt
51-9021,RoA,187723,7707.0,FIXTURE:us_mix_gdp_pc_tilt
51-9022,RoA,75884,6753.0,FIXTURE:us_mix_gdp_pc_tilt
51-9023,RoA,685335,7813.5,FIXTURE:us_mix_gdp_pc_tilt
51-9031,RoA,43754,6157.5,FIXTURE:us_mix_gdp_pc_tilt
51-9032,RoA,324762,7119.0,FIXTURE:us_mix_gdp_pc_tilt
51-9041,RoA,424327,7089.0,FIXTURE:us_mix_gdp_pc_tilt
51-9051,RoA,103103,7641.0,FIXTURE:us_mix_gdp_pc_tilt
51-9061,RoA,4313090,8017.5,FIXTURE:us_mix_gdp_pc_tilt
51-9071,RoA,162020,8694.0,FIXTURE:us_mix_gdp_pc_tilt
51-9081,RoA,248445,8143.5,FIXTURE:us_mix_gdp_pc_tilt
51-9082,RoA,81443,7909.5,FIXTURE:us_mix_gdp_pc_tilt
51-9083,RoA,134728,6478.5,FIXTURE:us_mix_gdp_pc_tilt
51-9111,RoA,2736863,6688.5,FIXTURE:us_mix_gdp_pc_tilt
51-9123,RoA,57328,6781.5,FIXTURE:us_mix_gdp_pc_tilt
51-9124,RoA,1146124,7893.0,FIXTURE:us_mix_gdp_pc_tilt
51-9141,RoA,227145,9027.0,FIXTURE:us_mix_gdp_pc_tilt
51-9151,RoA,34657,6907.5,FIXTURE:us_mix_gdp_pc_tilt
51-9161,RoA,1223451,8148.0,FIXTURE:us_mix_gdp_pc_tilt
51-9162,RoA,205774,10831.5,FIXTURE:us_mix_gdp_pc_tilt
51-9191,RoA,83032,7027.5,FIXTURE:us_mix_gdp_pc_tilt
51-9192,RoA,106569,6690.0,FIXTURE:us_mix_gdp_pc_tilt
51-9193,RoA,49819,6741.0,FIXTURE:us_mix_gdp_pc_tilt
51-9194,RoA,55956,6948.0,FIXTURE:us_mix_gdp_pc_tilt
51-9195,RoA,239636,7125.0,FIXTURE:us_mix_gdp_pc_tilt
51-9196,RoA,694071,7926.0,FIXTURE:us_mix_gdp_pc_tilt
51-9197,RoA,149962,8574.0,FIXTURE:us_mix_gdp_pc_tilt
51-9198,RoA,1196376,6168.0,FIXTURE:us_mix_gdp_pc_tilt
51-9199,RoA,1817307,6657.0,FIXTURE:us_mix_gdp_pc_tilt
53-1041,RoA,70468,9751.5,FIXTURE:us_mix_gdp_pc_tilt
53-1047,RoA,4502763,10029.0,FIXTURE:us_mix_gdp_pc_tilt
53-2011,RoA,747717,43297.5,FIXTURE:us_mix_gdp_pc_tilt
53-2012,RoA,343895,21912.0,FIXTURE:us_mix_gdp_pc_tilt
53-2021,RoA,162525,21973.5,FIXTURE:us_mix_gdp_pc_tilt
53-2022,RoA,109674,9541.5,FIXTURE:us_mix_gdp_pc_tilt
53-2031,RoA,950530,11616.0,FIXTURE:us_mix_gdp_pc_tilt
53-3011,RoA,91190,5431.5,FIXTURE:us_mix_gdp_pc_tilt
53-3031,RoA,2954333,6109.5,FIXTURE:us_mix_gdp_pc_tilt
53-3032,RoA,14888200,8956.5,FIXTURE:us_mix_gdp_pc_tilt
53-3033,RoA,7099556,7315.5,FIXTURE:us_mix_gdp_pc_tilt
53-3051,RoA,2909208,7264.5,FIXTURE:us_mix_gdp_pc_tilt
53-3052,RoA,1149734,9042.0,FIXTURE:us_mix_gdp_pc_tilt
53-3053,RoA,1794419,5982.0,FIXTURE:us_mix_gdp_pc_tilt
53-3054,RoA,296386,7489.5,FIXTURE:us_mix_gdp_pc_tilt
53-3099,RoA,338480,6364.5,FIXTURE:us_mix_gdp_pc_tilt
53-4011,RoA,241658,12885.0,FIXTURE:us_mix_gdp_pc_tilt
53-4013,RoA,28303,10267.5,FIXTURE:us_mix_gdp_pc_tilt
53-4022,RoA,89530,10354.5,FIXTURE:us_mix_gdp_pc_tilt
53-4031,RoA,335303,11865.0,FIXTURE:us_mix_gdp_pc_tilt
53-4041,RoA,73645,11575.5,FIXTURE:us_mix_gdp_pc_tilt
53-4099,RoA,8087,9021.0,FIXTURE:us_mix_gdp_pc_tilt
53-5011,RoA,228662,8524.5,FIXTURE:us_mix_gdp_pc_tilt
53-5021,RoA,266062,15558.0,FIXTURE:us_mix_gdp_pc_tilt
53-5022,RoA,17906,8440.5,FIXTURE:us_mix_gdp_pc_tilt
53-5031,RoA,60649,16768.5,FIXTURE:us_mix_gdp_pc_tilt
53-6011,RoA,21949,8305.5,FIXTURE:us_mix_gdp_pc_tilt
53-6021,RoA,995512,5248.5,FIXTURE:us_mix_gdp_pc_tilt
53-6031,RoA,736526,5517.0,FIXTURE:us_mix_gdp_pc_tilt
53-6032,RoA,225990,6499.5,FIXTURE:us_mix_gdp_pc_tilt
53-6041,RoA,56750,9307.5,FIXTURE:us_mix_gdp_pc_tilt
53-6051,RoA,176893,13281.0,FIXTURE:us_mix_gdp_pc_tilt
53-6061,RoA,195738,5673.0,FIXTURE:us_mix_gdp_pc_tilt
53-6099,RoA,97833,7633.5,FIXTURE:us_mix_gdp_pc_tilt
53-7011,RoA,165558,6762.0,FIXTURE:us_mix_gdp_pc_tilt
53-7021,RoA,309671,10819.5,FIXTURE:us_mix_gdp_pc_tilt
53-7031,RoA,7509,8418.0,FIXTURE:us_mix_gdp_pc_tilt
53-7041,RoA,18772,10156.5,FIXTURE:us_mix_gdp_pc_tilt
53-7051,RoA,5591414,7255.5,FIXTURE:us_mix_gdp_pc_tilt
53-7061,RoA,2746755,5547.0,FIXTURE:us_mix_gdp_pc_tilt
53-7062,RoA,21301410,6339.0,FIXTURE:us_mix_gdp_pc_tilt
53-7063,RoA,305628,6549.0,FIXTURE:us_mix_gdp_pc_tilt
53-7064,RoA,4041974,5631.0,FIXTURE:us_mix_gdp_pc_tilt
53-7065,RoA,20460481,5931.0,FIXTURE:us_mix_gdp_pc_tilt
53-7071,RoA,25343,11191.5,FIXTURE:us_mix_gdp_pc_tilt
53-7072,RoA,70613,9594.0,FIXTURE:us_mix_gdp_pc_tilt
53-7073,RoA,129890,10555.5,FIXTURE:us_mix_gdp_pc_tilt
53-7081,RoA,1063092,7923.0,FIXTURE:us_mix_gdp_pc_tilt
53-7121,RoA,77255,8995.5,FIXTURE:us_mix_gdp_pc_tilt
53-7199,RoA,169529,6846.0,FIXTURE:us_mix_gdp_pc_tilt
11-1011,SG,4870,242667.0,FIXTURE:us_mix_gdp_pc_tilt
11-1021,SG,83475,121446.0,FIXTURE:us_mix_gdp_pc_tilt
11-1031,SG,1063,51399.0,FIXTURE:us_mix_gdp_pc_tilt
11-2011,SG,512,138852.0,FIXTURE:us_mix_gdp_pc_tilt
11-2021,SG,9418,159993.0,FIXTURE:us_mix_gdp_pc_tilt
11-2022,SG,15181,147915.0,FIXTURE:us_mix_gdp_pc_tilt
11-2032,SG,1784,148284.0,FIXTURE:us_mix_gdp_pc_tilt
11-2033,SG,925,126018.0,FIXTURE:us_mix_gdp_pc_tilt
11-3012,SG,6290,116883.0,FIXTURE:us_mix_gdp_pc_tilt
11-3013,SG,3722,105201.0,FIXTURE:us_mix_gdp_pc_tilt
11-3021,SG,15979,172944.0,FIXTURE:us_mix_gdp_pc_tilt
11-3031,SG,20057,168219.0,FIXTURE:us_mix_gdp_pc_tilt
11-3051,SG,5868,120753.0,FIXTURE:us_mix_gdp_pc_tilt
11-3061,SG,2009,140724.0,FIXTURE:us_mix_gdp_pc_tilt
11-3071,SG,5271,109440.0,FIXTURE:us_mix_gdp_pc_tilt
11-3111,SG,547,146376.0,FIXTURE:us_mix_gdp_pc_tilt
11-3121,SG,5258,147807.0,FIXTURE:us_mix_gdp_pc_tilt
11-3131,SG,1145,133533.0,FIXTURE:us_mix_gdp_pc_tilt
11-9013,SG,155,89838.0,FIXTURE:us_mix_gdp_pc_tilt
11-9021,SG,9064,111924.0,FIXTURE:us_mix_gdp_pc_tilt
11-9031,SG,1755,58320.0,FIXTURE:us_mix_gdp_pc_tilt
11-9032,SG,7824,104490.0,FIXTURE:us_mix_gdp_pc_tilt
11-9033,SG,4301,113886.0,FIXTURE:us_mix_gdp_pc_tilt
11-9039,SG,1314,91710.0,FIXTURE:us_mix_gdp_pc_tilt
11-9041,SG,5249,163386.0,FIXTURE:us_mix_gdp_pc_tilt
11-9051,SG,5682,67392.0,FIXTURE:us_mix_gdp_pc_tilt
11-9071,SG,120,92745.0,FIXTURE:us_mix_gdp_pc_tilt
11-9072,SG,905,80775.0,FIXTURE:us_mix_gdp_pc_tilt
11-9081,SG,1016,70866.0,FIXTURE:us_mix_gdp_pc_tilt
11-9111,SG,14228,126873.0,FIXTURE:us_mix_gdp_pc_tilt
11-9121,SG,2590,162225.0,FIXTURE:us_mix_gdp_pc_tilt
11-9131,SG,329,87624.0,FIXTURE:us_mix_gdp_pc_tilt
11-9141,SG,7415,75339.0,FIXTURE:us_mix_gdp_pc_tilt
11-9151,SG,4988,79992.0,FIXTURE:us_mix_gdp_pc_tilt
11-9161,SG,322,92178.0,FIXTURE:us_mix_gdp_pc_tilt
11-9171,SG,331,83556.0,FIXTURE:us_mix_gdp_pc_tilt
11-9179,SG,249,70371.0,FIXTURE:us_mix_gdp_pc_tilt
11-9199,SG,14826,138501.0,FIXTURE:us_mix_gdp_pc_tilt
13-1011,SG,301,127422.0,FIXTURE:us_mix_gdp_pc_tilt
13-1020,SG,11711,75393.0,FIXTURE:us_mix_gdp_pc_tilt
13-1031,SG,7726,72423.0,FIXTURE:us_mix_gdp_pc_tilt
13-1032,SG,275,71010.0,FIXTURE:us_mix_gdp_pc_tilt
13-1041,SG,9939,79560.0,FIXTURE:us_mix_gdp_pc_tilt
13-1051,SG,5343,76851.0,FIXTURE:us_mix_gdp_pc_tilt
13-1071,SG,21743,73791.0,FIXTURE:us_mix_gdp_pc_tilt
13-1074,SG,7,52623.0,FIXTURE:us_mix_gdp_pc_tilt
13-1075,SG,1544,88848.0,FIXTURE:us_mix_gdp_pc_tilt
13-1081,SG,5982,80757.0,FIXTURE:us_mix_gdp_pc_tilt
13-1082,SG,25418,99666.0,FIXTURE:us_mix_gdp_pc_tilt
13-1111,SG,21406,102411.0,FIXTURE:us_mix_gdp_pc_tilt
13-1121,SG,3404,59868.0,FIXTURE:us_mix_gdp_pc_tilt
13-1131,SG,2646,69480.0,FIXTURE:us_mix_gdp_pc_tilt
13-1141,SG,2678,75897.0,FIXTURE:us_mix_gdp_pc_tilt
13-1151,SG,10921,67995.0,FIXTURE:us_mix_gdp_pc_tilt
13-1161,SG,21437,80541.0,FIXTURE:us_mix_gdp_pc_tilt
13-1199,SG,25905,84573.0,FIXTURE:us_mix_gdp_pc_tilt
13-2011,SG,34541,85275.0,FIXTURE:us_mix_gdp_pc_tilt
13-2020,SG,1360,68193.0,FIXTURE:us_mix_gdp_pc_tilt
13-2031,SG,1124,86733.0,FIXTURE:us_mix_gdp_pc_tilt
13-2041,SG,1534,90765.0,FIXTURE:us_mix_gdp_pc_tilt
13-2051,SG,8626,105120.0,FIXTURE:us_mix_gdp_pc_tilt
13-2052,SG,6358,141003.0,FIXTURE:us_mix_gdp_pc_tilt
13-2053,SG,2512,84330.0,FIXTURE:us_mix_gdp_pc_tilt
13-2054,SG,1522,111978.0,FIXTURE:us_mix_gdp_pc_tilt
13-2061,SG,1616,95616.0,FIXTURE:us_mix_gdp_pc_tilt
13-2071,SG,662,51489.0,FIXTURE:us_mix_gdp_pc_tilt
13-2072,SG,6537,79011.0,FIXTURE:us_mix_gdp_pc_tilt
13-2081,SG,1349,63468.0,FIXTURE:us_mix_gdp_pc_tilt
13-2082,SG,1822,54837.0,FIXTURE:us_mix_gdp_pc_tilt
13-2099,SG,3149,84429.0,FIXTURE:us_mix_gdp_pc_tilt
15-1211,SG,12380,103149.0,FIXTURE:us_mix_gdp_pc_tilt
15-1212,SG,4543,119259.0,FIXTURE:us_mix_gdp_pc_tilt
15-1221,SG,886,138537.0,FIXTURE:us_mix_gdp_pc_tilt
15-1231,SG,3484,73683.0,FIXTURE:us_mix_gdp_pc_tilt
15-1232,SG,17090,60597.0,FIXTURE:us_mix_gdp_pc_tilt
15-1241,SG,4283,125622.0,FIXTURE:us_mix_gdp_pc_tilt
15-1242,SG,1668,99081.0,FIXTURE:us_mix_gdp_pc_tilt
15-1243,SG,1600,129996.0,FIXTURE:us_mix_gdp_pc_tilt
15-1244,SG,7491,93312.0,FIXTURE:us_mix_gdp_pc_tilt
15-1251,SG,2198,94653.0,FIXTURE:us_mix_gdp_pc_tilt
15-1252,SG,40222,133290.0,FIXTURE:us_mix_gdp_pc_tilt
15-1253,SG,4450,100341.0,FIXTURE:us_mix_gdp_pc_tilt
15-1254,SG,1673,88893.0,FIXTURE:us_mix_gdp_pc_tilt
15-1255,SG,2701,105741.0,FIXTURE:us_mix_gdp_pc_tilt
15-1299,SG,10375,110007.0,FIXTURE:us_mix_gdp_pc_tilt
15-2011,SG,636,127332.0,FIXTURE:us_mix_gdp_pc_tilt
15-2021,SG,48,116334.0,FIXTURE:us_mix_gdp_pc_tilt
15-2031,SG,2586,89757.0,FIXTURE:us_mix_gdp_pc_tilt
15-2041,SG,692,104130.0,FIXTURE:us_mix_gdp_pc_tilt
15-2051,SG,6254,114120.0,FIXTURE:us_mix_gdp_pc_tilt
15-2099,SG,89,82395.0,FIXTURE:us_mix_gdp_pc_tilt
17-1011,SG,2544,95634.0,FIXTURE:us_mix_gdp_pc_tilt
17-1012,SG,467,79902.0,FIXTURE:us_mix_gdp_pc_tilt
17-1021,SG,340,78021.0,FIXTURE:us_mix_gdp_pc_tilt
17-1022,SG,1211,72513.0,FIXTURE:us_mix_gdp_pc_tilt
17-2011,SG,1613,127854.0,FIXTURE:us_mix_gdp_pc_tilt
17-2021,SG,35,97407.0,FIXTURE:us_mix_gdp_pc_tilt
17-2031,SG,560,105201.0,FIXTURE:us_mix_gdp_pc_tilt
17-2041,SG,502,116982.0,FIXTURE:us_mix_gdp_pc_tilt
17-2051,SG,8765,97803.0,FIXTURE:us_mix_gdp_pc_tilt
17-2061,SG,1827,146403.0,FIXTURE:us_mix_gdp_pc_tilt
17-2071,SG,4736,112590.0,FIXTURE:us_mix_gdp_pc_tilt
17-2072,SG,2309,123552.0,FIXTURE:us_mix_gdp_pc_tilt
17-2081,SG,914,101619.0,FIXTURE:us_mix_gdp_pc_tilt
17-2111,SG,511,107793.0,FIXTURE:us_mix_gdp_pc_tilt
17-2112,SG,8715,98910.0,FIXTURE:us_mix_gdp_pc_tilt
17-2121,SG,197,111762.0,FIXTURE:us_mix_gdp_pc_tilt
17-2131,SG,543,108225.0,FIXTURE:us_mix_gdp_pc_tilt
17-2141,SG,7073,102249.0,FIXTURE:us_mix_gdp_pc_tilt
17-2151,SG,145,103869.0,FIXTURE:us_mix_gdp_pc_tilt
17-2161,SG,364,126378.0,FIXTURE:us_mix_gdp_pc_tilt
17-2171,SG,430,141435.0,FIXTURE:us_mix_gdp_pc_tilt
17-2199,SG,3671,112797.0,FIXTURE:us_mix_gdp_pc_tilt
17-3011,SG,2471,63666.0,FIXTURE:us_mix_gdp_pc_tilt
17-3012,SG,427,73152.0,FIXTURE:us_mix_gdp_pc_tilt
17-3013,SG,952,67554.0,FIXTURE:us_mix_gdp_pc_tilt
17-3019,SG,345,61425.0,FIXTURE:us_mix_gdp_pc_tilt
17-3021,SG,269,82179.0,FIXTURE:us_mix_gdp_pc_tilt
17-3022,SG,1633,62091.0,FIXTURE:us_mix_gdp_pc_tilt
17-3023,SG,2267,72612.0,FIXTURE:us_mix_gdp_pc_tilt
17-3024,SG,370,68778.0,FIXTURE:us_mix_gdp_pc_tilt
17-3025,SG,290,58383.0,FIXTURE:us_mix_gdp_pc_tilt
17-3026,SG,1801,63630.0,FIXTURE:us_mix_gdp_pc_tilt
17-3027,SG,862,68742.0,FIXTURE:us_mix_gdp_pc_tilt
17-3028,SG,394,66753.0,FIXTURE:us_mix_gdp_pc_tilt
17-3029,SG,1428,72864.0,FIXTURE:us_mix_gdp_pc_tilt
17-3031,SG,1382,52200.0,FIXTURE:us_mix_gdp_pc_tilt
19-1011,SG,74,79515.0,FIXTURE:us_mix_gdp_pc_tilt
19-1012,SG,311,85824.0,FIXTURE:us_mix_gdp_pc_tilt
19-1013,SG,375,78948.0,FIXTURE:us_mix_gdp_pc_tilt
19-1021,SG,806,116856.0,FIXTURE:us_mix_gdp_pc_tilt
19-1022,SG,451,87840.0,FIXTURE:us_mix_gdp_pc_tilt
19-1023,SG,432,74718.0,FIXTURE:us_mix_gdp_pc_tilt
19-1029,SG,1331,95697.0,FIXTURE:us_mix_gdp_pc_tilt
19-1031,SG,618,69417.0,FIXTURE:us_mix_gdp_pc_tilt
19-1032,SG,249,71253.0,FIXTURE:us_mix_gdp_pc_tilt
19-1041,SG,288,88101.0,FIXTURE:us_mix_gdp_pc_tilt
19-1042,SG,4107,105156.0,FIXTURE:us_mix_gdp_pc_tilt
19-1099,SG,178,97074.0,FIXTURE:us_mix_gdp_pc_tilt
19-2011,SG,51,119628.0,FIXTURE:us_mix_gdp_pc_tilt
19-2012,SG,487,154062.0,FIXTURE:us_mix_gdp_pc_tilt
19-2021,SG,238,95499.0,FIXTURE:us_mix_gdp_pc_tilt
19-2031,SG,1972,90405.0,FIXTURE:us_mix_gdp_pc_tilt
19-2032,SG,202,113562.0,FIXTURE:us_mix_gdp_pc_tilt
19-2041,SG,2127,82512.0,FIXTURE:us_mix_gdp_pc_tilt
19-2042,SG,559,104535.0,FIXTURE:us_mix_gdp_pc_tilt
19-2043,SG,139,93240.0,FIXTURE:us_mix_gdp_pc_tilt
19-2099,SG,531,116307.0,FIXTURE:us_mix_gdp_pc_tilt
19-3011,SG,424,127917.0,FIXTURE:us_mix_gdp_pc_tilt
19-3022,SG,198,71622.0,FIXTURE:us_mix_gdp_pc_tilt
19-3032,SG,19,153207.0,FIXTURE:us_mix_gdp_pc_tilt
19-3033,SG,1811,101475.0,FIXTURE:us_mix_gdp_pc_tilt
19-3034,SG,1524,89244.0,FIXTURE:us_mix_gdp_pc_tilt
19-3039,SG,448,100089.0,FIXTURE:us_mix_gdp_pc_tilt
19-3041,SG,54,103428.0,FIXTURE:us_mix_gdp_pc_tilt
19-3051,SG,1054,85275.0,FIXTURE:us_mix_gdp_pc_tilt
19-3091,SG,214,68058.0,FIXTURE:us_mix_gdp_pc_tilt
19-3092,SG,33,92115.0,FIXTURE:us_mix_gdp_pc_tilt
19-3093,SG,82,73116.0,FIXTURE:us_mix_gdp_pc_tilt
19-3094,SG,132,128259.0,FIXTURE:us_mix_gdp_pc_tilt
19-3099,SG,884,96921.0,FIXTURE:us_mix_gdp_pc_tilt
19-4012,SG,361,48456.0,FIXTURE:us_mix_gdp_pc_tilt
19-4013,SG,348,50994.0,FIXTURE:us_mix_gdp_pc_tilt
19-4021,SG,1659,55242.0,FIXTURE:us_mix_gdp_pc_tilt
19-4031,SG,1371,57510.0,FIXTURE:us_mix_gdp_pc_tilt
19-4042,SG,826,54720.0,FIXTURE:us_mix_gdp_pc_tilt
19-4043,SG,166,55683.0,FIXTURE:us_mix_gdp_pc_tilt
19-4044,SG,68,62577.0,FIXTURE:us_mix_gdp_pc_tilt
19-4051,SG,154,98046.0,FIXTURE:us_mix_gdp_pc_tilt
19-4061,SG,730,59526.0,FIXTURE:us_mix_gdp_pc_tilt
19-4071,SG,725,53154.0,FIXTURE:us_mix_gdp_pc_tilt
19-4092,SG,456,71280.0,FIXTURE:us_mix_gdp_pc_tilt
19-4099,SG,1761,59652.0,FIXTURE:us_mix_gdp_pc_tilt
19-5011,SG,3351,84474.0,FIXTURE:us_mix_gdp_pc_tilt
19-5012,SG,729,61308.0,FIXTURE:us_mix_gdp_pc_tilt
21-1012,SG,8419,64287.0,FIXTURE:us_mix_gdp_pc_tilt
21-1013,SG,1590,69264.0,FIXTURE:us_mix_gdp_pc_tilt
21-1015,SG,2258,46638.0,FIXTURE:us_mix_gdp_pc_tilt
21-1018,SG,11722,57996.0,FIXTURE:us_mix_gdp_pc_tilt
21-1019,SG,681,52389.0,FIXTURE:us_mix_gdp_pc_tilt
21-1021,SG,9354,57600.0,FIXTURE:us_mix_gdp_pc_tilt
21-1022,SG,4471,64611.0,FIXTURE:us_mix_gdp_pc_tilt
21-1023,SG,3165,61227.0,FIXTURE:us_mix_gdp_pc_tilt
21-1029,SG,1500,68319.0,FIXTURE:us_mix_gdp_pc_tilt
21-1091,SG,1565,65952.0,FIXTURE:us_mix_gdp_pc_tilt
21-1092,SG,2130,65817.0,FIXTURE:us_mix_gdp_pc_tilt
21-1093,SG,10434,42921.0,FIXTURE:us_mix_gdp_pc_tilt
21-1094,SG,1469,50562.0,FIXTURE:us_mix_gdp_pc_tilt
21-1099,SG,2567,53631.0,FIXTURE:us_mix_gdp_pc_tilt
21-2011,SG,1363,60174.0,FIXTURE:us_mix_gdp_pc_tilt
21-2021,SG,528,55890.0,FIXTURE:us_mix_gdp_pc_tilt
21-2099,SG,376,48483.0,FIXTURE:us_mix_gdp_pc_tilt
23-1011,SG,17979,167256.0,FIXTURE:us_mix_gdp_pc_tilt
23-1012,SG,317,65655.0,FIXTURE:us_mix_gdp_pc_tilt
23-1021,SG,390,113391.0,FIXTURE:us_mix_gdp_pc_tilt
23-1022,SG,219,81909.0,FIXTURE:us_mix_gdp_pc_tilt
23-1023,SG,573,129447.0,FIXTURE:us_mix_gdp_pc_tilt
23-2011,SG,9362,62730.0,FIXTURE:us_mix_gdp_pc_tilt
23-2093,SG,1158,56115.0,FIXTURE:us_mix_gdp_pc_tilt
23-2099,SG,1114,80694.0,FIXTURE:us_mix_gdp_pc_tilt
25-1011,SG,1958,103248.0,FIXTURE:us_mix_gdp_pc_tilt
25-1021,SG,845,93978.0,FIXTURE:us_mix_gdp_pc_tilt
25-1022,SG,1136,82395.0,FIXTURE:us_mix_gdp_pc_tilt
25-1031,SG,183,91125.0,FIXTURE:us_mix_gdp_pc_tilt
25-1032,SG,960,112068.0,FIXTURE:us_mix_gdp_pc_tilt
25-1041,SG,213,91845.0,FIXTURE:us_mix_gdp_pc_tilt
25-1042,SG,1196,92556.0,FIXTURE:us_mix_gdp_pc_tilt
25-1043,SG,36,92205.0,FIXTURE:us_mix_gdp_pc_tilt
25-1051,SG,236,104418.0,FIXTURE:us_mix_gdp_pc_tilt
25-1052,SG,476,94689.0,FIXTURE:us_mix_gdp_pc_tilt
25-1053,SG,159,93249.0,FIXTURE:us_mix_gdp_pc_tilt
25-1054,SG,312,100314.0,FIXTURE:us_mix_gdp_pc_tilt
25-1061,SG,125,96192.0,FIXTURE:us_mix_gdp_pc_tilt
25-1062,SG,269,88497.0,FIXTURE:us_mix_gdp_pc_tilt
25-1063,SG,275,124965.0,FIXTURE:us_mix_gdp_pc_tilt
25-1064,SG,79,92115.0,FIXTURE:us_mix_gdp_pc_tilt
25-1065,SG,404,97290.0,FIXTURE:us_mix_gdp_pc_tilt
25-1066,SG,990,84474.0,FIXTURE:us_mix_gdp_pc_tilt
25-1067,SG,282,87282.0,FIXTURE:us_mix_gdp_pc_tilt
25-1069,SG,395,79551.0,FIXTURE:us_mix_gdp_pc_tilt
25-1071,SG,5273,132813.0,FIXTURE:us_mix_gdp_pc_tilt
25-1072,SG,1858,77769.0,FIXTURE:us_mix_gdp_pc_tilt
25-1081,SG,1450,71415.0,FIXTURE:us_mix_gdp_pc_tilt
25-1082,SG,86,79299.0,FIXTURE:us_mix_gdp_pc_tilt
25-1111,SG,313,78795.0,FIXTURE:us_mix_gdp_pc_tilt
25-1112,SG,478,130293.0,FIXTURE:us_mix_gdp_pc_tilt
25-1113,SG,300,75546.0,FIXTURE:us_mix_gdp_pc_tilt
25-1121,SG,2229,85230.0,FIXTURE:us_mix_gdp_pc_tilt
25-1122,SG,701,81009.0,FIXTURE:us_mix_gdp_pc_tilt
25-1123,SG,1375,80622.0,FIXTURE:us_mix_gdp_pc_tilt
25-1124,SG,473,80991.0,FIXTURE:us_mix_gdp_pc_tilt
25-1125,SG,448,86922.0,FIXTURE:us_mix_gdp_pc_tilt
25-1126,SG,488,82836.0,FIXTURE:us_mix_gdp_pc_tilt
25-1192,SG,66,73746.0,FIXTURE:us_mix_gdp_pc_tilt
25-1193,SG,301,77958.0,FIXTURE:us_mix_gdp_pc_tilt
25-1194,SG,2719,64854.0,FIXTURE:us_mix_gdp_pc_tilt
25-1199,SG,3571,81567.0,FIXTURE:us_mix_gdp_pc_tilt
25-2011,SG,11409,38727.0,FIXTURE:us_mix_gdp_pc_tilt
25-2012,SG,2594,62433.0,FIXTURE:us_mix_gdp_pc_tilt
25-2021,SG,33085,65385.0,FIXTURE:us_mix_gdp_pc_tilt
25-2022,SG,14776,64827.0,FIXTURE:us_mix_gdp_pc_tilt
25-2023,SG,402,64431.0,FIXTURE:us_mix_gdp_pc_tilt
25-2031,SG,25383,68688.0,FIXTURE:us_mix_gdp_pc_tilt
25-2032,SG,2655,65412.0,FIXTURE:us_mix_gdp_pc_tilt
25-2051,SG,703,68742.0,FIXTURE:us_mix_gdp_pc_tilt
25-2052,SG,6216,65385.0,FIXTURE:us_mix_gdp_pc_tilt
25-2057,SG,2269,66402.0,FIXTURE:us_mix_gdp_pc_tilt
25-2058,SG,3906,69534.0,FIXTURE:us_mix_gdp_pc_tilt
25-2059,SG,809,71775.0,FIXTURE:us_mix_gdp_pc_tilt
25-3011,SG,889,59274.0,FIXTURE:us_mix_gdp_pc_tilt
25-3021,SG,7914,49266.0,FIXTURE:us_mix_gdp_pc_tilt
25-3031,SG,12505,41778.0,FIXTURE:us_mix_gdp_pc_tilt
25-3041,SG,4172,43245.0,FIXTURE:us_mix_gdp_pc_tilt
25-3099,SG,2712,66492.0,FIXTURE:us_mix_gdp_pc_tilt
25-4011,SG,190,63576.0,FIXTURE:us_mix_gdp_pc_tilt
25-4012,SG,290,64404.0,FIXTURE:us_mix_gdp_pc_tilt
25-4013,SG,293,51669.0,FIXTURE:us_mix_gdp_pc_tilt
25-4022,SG,3188,65556.0,FIXTURE:us_mix_gdp_pc_tilt
25-4031,SG,1637,40950.0,FIXTURE:us_mix_gdp_pc_tilt
25-9021,SG,196,54954.0,FIXTURE:us_mix_gdp_pc_tilt
25-9031,SG,5427,72828.0,FIXTURE:us_mix_gdp_pc_tilt
25-9044,SG,3910,42903.0,FIXTURE:us_mix_gdp_pc_tilt
25-9045,SG,33846,34461.0,FIXTURE:us_mix_gdp_pc_tilt
25-9099,SG,2826,53154.0,FIXTURE:us_mix_gdp_pc_tilt
27-1011,SG,1265,116496.0,FIXTURE:us_mix_gdp_pc_tilt
27-1012,SG,109,44766.0,FIXTURE:us_mix_gdp_pc_tilt
27-1013,SG,267,65835.0,FIXTURE:us_mix_gdp_pc_tilt
27-1014,SG,476,101583.0,FIXTURE:us_mix_gdp_pc_tilt
27-1019,SG,165,72477.0,FIXTURE:us_mix_gdp_pc_tilt
27-1021,SG,798,83934.0,FIXTURE:us_mix_gdp_pc_tilt
27-1022,SG,511,82107.0,FIXTURE:us_mix_gdp_pc_tilt
27-1023,SG,967,35568.0,FIXTURE:us_mix_gdp_pc_tilt
27-1024,SG,4714,63504.0,FIXTURE:us_mix_gdp_pc_tilt
27-1025,SG,1704,67086.0,FIXTURE:us_mix_gdp_pc_tilt
27-1026,SG,3937,38547.0,FIXTURE:us_mix_gdp_pc_tilt
27-1027,SG,253,74844.0,FIXTURE:us_mix_gdp_pc_tilt
27-1029,SG,226,71181.0,FIXTURE:us_mix_gdp_pc_tilt
27-2011,SG,1311,59490.0,FIXTURE:us_mix_gdp_pc_tilt
27-2012,SG,3410,101970.0,FIXTURE:us_mix_gdp_pc_tilt
27-2021,SG,359,185562.0,FIXTURE:us_mix_gdp_pc_tilt
27-2022,SG,5932,54144.0,FIXTURE:us_mix_gdp_pc_tilt
27-2023,SG,376,47709.0,FIXTURE:us_mix_gdp_pc_tilt
27-2031,SG,194,59490.0,FIXTURE:us_mix_gdp_pc_tilt
27-2032,SG,68,65790.0,FIXTURE:us_mix_gdp_pc_tilt
27-2041,SG,299,81423.0,FIXTURE:us_mix_gdp_pc_tilt
27-2042,SG,862,59490.0,FIXTURE:us_mix_gdp_pc_tilt
27-2091,SG,189,59490.0,FIXTURE:us_mix_gdp_pc_tilt
27-2099,SG,394,59490.0,FIXTURE:us_mix_gdp_pc_tilt
27-3011,SG,506,70848.0,FIXTURE:us_mix_gdp_pc_tilt
27-3023,SG,935,92214.0,FIXTURE:us_mix_gdp_pc_tilt
27-3031,SG,6753,75708.0,FIXTURE:us_mix_gdp_pc_tilt
27-3041,SG,2185,81054.0,FIXTURE:us_mix_gdp_pc_tilt
27-3042,SG,1084,87273.0,FIXTURE:us_mix_gdp_pc_tilt
27-3043,SG,1142,77481.0,FIXTURE:us_mix_gdp_pc_tilt
27-3091,SG,1241,59724.0,FIXTURE:us_mix_gdp_pc_tilt
27-3092,SG,307,70884.0,FIXTURE:us_mix_gdp_pc_tilt
27-3099,SG,467,75474.0,FIXTURE:us_mix_gdp_pc_tilt
27-4011,SG,1674,58167.0,FIXTURE:us_mix_gdp_pc_tilt
27-4012,SG,503,61164.0,FIXTURE:us_mix_gdp_pc_tilt
27-4014,SG,312,73251.0,FIXTURE:us_mix_gdp_pc_tilt
27-4015,SG,212,70542.0,FIXTURE:us_mix_gdp_pc_tilt
27-4021,SG,1233,49869.0,FIXTURE:us_mix_gdp_pc_tilt
27-4031,SG,514,74889.0,FIXTURE:us_mix_gdp_pc_tilt
27-4032,SG,610,77517.0,FIXTURE:us_mix_gdp_pc_tilt
27-4099,SG,297,72936.0,FIXTURE:us_mix_gdp_pc_tilt
29-1011,SG,944,81468.0,FIXTURE:us_mix_gdp_pc_tilt
29-1021,SG,2964,172215.0,FIXTURE:us_mix_gdp_pc_tilt
29-1022,SG,117,311841.0,FIXTURE:us_mix_gdp_pc_tilt
29-1023,SG,148,233460.0,FIXTURE:us_mix_gdp_pc_tilt
29-1024,SG,21,241767.0,FIXTURE:us_mix_gdp_pc_tilt
29-1029,SG,125,223137.0,FIXTURE:us_mix_gdp_pc_tilt
29-1031,SG,1848,69417.0,FIXTURE:us_mix_gdp_pc_tilt
29-1041,SG,1020,127395.0,FIXTURE:us_mix_gdp_pc_tilt
29-1051,SG,7672,126828.0,FIXTURE:us_mix_gdp_pc_tilt
29-1071,SG,3864,127152.0,FIXTURE:us_mix_gdp_pc_tilt
29-1081,SG,231,157932.0,FIXTURE:us_mix_gdp_pc_tilt
29-1122,SG,3871,91152.0,FIXTURE:us_mix_gdp_pc_tilt
29-1123,SG,6370,94752.0,FIXTURE:us_mix_gdp_pc_tilt
29-1124,SG,407,103491.0,FIXTURE:us_mix_gdp_pc_tilt
29-1125,SG,356,60867.0,FIXTURE:us_mix_gdp_pc_tilt
29-1126,SG,3331,78570.0,FIXTURE:us_mix_gdp_pc_tilt
29-1127,SG,4370,88353.0,FIXTURE:us_mix_gdp_pc_tilt
29-1128,SG,204,54846.0,FIXTURE:us_mix_gdp_pc_tilt
29-1129,SG,539,81378.0,FIXTURE:us_mix_gdp_pc_tilt
29-1131,SG,1999,128412.0,FIXTURE:us_mix_gdp_pc_tilt
29-1141,SG,80537,91278.0,FIXTURE:us_mix_gdp_pc_tilt
29-1151,SG,1235,223488.0,FIXTURE:us_mix_gdp_pc_tilt
29-1161,SG,189,123282.0,FIXTURE:us_mix_gdp_pc_tilt
29-1171,SG,7698,123570.0,FIXTURE:us_mix_gdp_pc_tilt
29-1181,SG,326,87966.0,FIXTURE:us_mix_gdp_pc_tilt
29-1211,SG,924,324513.0,FIXTURE:us_mix_gdp_pc_tilt
29-1212,SG,412,409446.0,FIXTURE:us_mix_gdp_pc_tilt
29-1213,SG,271,291177.0,FIXTURE:us_mix_gdp_pc_tilt
29-1214,SG,784,285732.0,FIXTURE:us_mix_gdp_pc_tilt
29-1215,SG,2562,230238.0,FIXTURE:us_mix_gdp_pc_tilt
29-1216,SG,1600,240480.0,FIXTURE:us_mix_gdp_pc_tilt
29-1217,SG,252,240867.0,FIXTURE:us_mix_gdp_pc_tilt
29-1218,SG,507,251136.0,FIXTURE:us_mix_gdp_pc_tilt
29-1221,SG,939,190899.0,FIXTURE:us_mix_gdp_pc_tilt
29-1222,SG,265,256878.0,FIXTURE:us_mix_gdp_pc_tilt
29-1223,SG,667,242946.0,FIXTURE:us_mix_gdp_pc_tilt
29-1224,SG,638,343377.0,FIXTURE:us_mix_gdp_pc_tilt
29-1229,SG,8167,235836.0,FIXTURE:us_mix_gdp_pc_tilt
29-1241,SG,213,274185.0,FIXTURE:us_mix_gdp_pc_tilt
29-1242,SG,336,336213.0,FIXTURE:us_mix_gdp_pc_tilt
29-1243,SG,28,451845.0,FIXTURE:us_mix_gdp_pc_tilt
29-1249,SG,599,336537.0,FIXTURE:us_mix_gdp_pc_tilt
29-1291,SG,187,78318.0,FIXTURE:us_mix_gdp_pc_tilt
29-1292,SG,5308,89091.0,FIXTURE:us_mix_gdp_pc_tilt
29-1299,SG,682,114894.0,FIXTURE:us_mix_gdp_pc_tilt
29-2010,SG,7934,60615.0,FIXTURE:us_mix_gdp_pc_tilt
29-2031,SG,1500,69246.0,FIXTURE:us_mix_gdp_pc_tilt
29-2032,SG,2148,87516.0,FIXTURE:us_mix_gdp_pc_tilt
29-2033,SG,407,94644.0,FIXTURE:us_mix_gdp_pc_tilt
29-2034,SG,5492,75456.0,FIXTURE:us_mix_gdp_pc_tilt
29-2035,SG,1034,86508.0,FIXTURE:us_mix_gdp_pc_tilt
29-2036,SG,81,133650.0,FIXTURE:us_mix_gdp_pc_tilt
29-2042,SG,4301,42147.0,FIXTURE:us_mix_gdp_pc_tilt
29-2043,SG,2397,57024.0,FIXTURE:us_mix_gdp_pc_tilt
29-2051,SG,752,36567.0,FIXTURE:us_mix_gdp_pc_tilt
29-2052,SG,11240,41958.0,FIXTURE:us_mix_gdp_pc_tilt
29-2053,SG,3740,41949.0,FIXTURE:us_mix_gdp_pc_tilt
29-2055,SG,2799,61839.0,FIXTURE:us_mix_gdp_pc_tilt
29-2056,SG,3077,44208.0,FIXTURE:us_mix_gdp_pc_tilt
29-2057,SG,1692,42354.0,FIXTURE:us_mix_gdp_pc_tilt
29-2061,SG,15451,60345.0,FIXTURE:us_mix_gdp_pc_tilt
29-2072,SG,4640,51111.0,FIXTURE:us_mix_gdp_pc_tilt
29-2081,SG,1752,46593.0,FIXTURE:us_mix_gdp_pc_tilt
29-2091,SG,224,75366.0,FIXTURE:us_mix_gdp_pc_tilt
29-2092,SG,269,59733.0,FIXTURE:us_mix_gdp_pc_tilt
29-2099,SG,4351,52839.0,FIXTURE:us_mix_gdp_pc_tilt
29-9021,SG,908,67473.0,FIXTURE:us_mix_gdp_pc_tilt
29-9091,SG,727,59958.0,FIXTURE:us_mix_gdp_pc_tilt
29-9092,SG,89,94158.0,FIXTURE:us_mix_gdp_pc_tilt
29-9093,SG,531,65439.0,FIXTURE:us_mix_gdp_pc_tilt
29-9099,SG,834,69048.0,FIXTURE:us_mix_gdp_pc_tilt
31-1120,SG,102641,32508.0,FIXTURE:us_mix_gdp_pc_tilt
31-1131,SG,34539,38430.0,FIXTURE:us_mix_gdp_pc_tilt
31-1132,SG,1250,36594.0,FIXTURE:us_mix_gdp_pc_tilt
31-1133,SG,847,41121.0,FIXTURE:us_mix_gdp_pc_tilt
31-2011,SG,1223,63639.0,FIXTURE:us_mix_gdp_pc_tilt
31-2012,SG,103,39699.0,FIXTURE:us_mix_gdp_pc_tilt
31-2021,SG,2680,61857.0,FIXTURE:us_mix_gdp_pc_tilt
31-2022,SG,1148,32787.0,FIXTURE:us_mix_gdp_pc_tilt
31-9011,SG,2355,57447.0,FIXTURE:us_mix_gdp_pc_tilt
31-9091,SG,9244,45180.0,FIXTURE:us_mix_gdp_pc_tilt
31-9092,SG,19496,41508.0,FIXTURE:us_mix_gdp_pc_tilt
31-9093,SG,1846,45459.0,FIXTURE:us_mix_gdp_pc_tilt
31-9094,SG,990,37539.0,FIXTURE:us_mix_gdp_pc_tilt
31-9095,SG,942,36405.0,FIXTURE:us_mix_gdp_pc_tilt
31-9096,SG,3017,36306.0,FIXTURE:us_mix_gdp_pc_tilt
31-9097,SG,3422,40968.0,FIXTURE:us_mix_gdp_pc_tilt
31-9099,SG,2616,45729.0,FIXTURE:us_mix_gdp_pc_tilt
33-1011,SG,1272,75942.0,FIXTURE:us_mix_gdp_pc_tilt
33-1012,SG,3686,100971.0,FIXTURE:us_mix_gdp_pc_tilt
33-1021,SG,2363,87237.0,FIXTURE:us_mix_gdp_pc_tilt
33-1091,SG,1942,53910.0,FIXTURE:us_mix_gdp_pc_tilt
33-1099,SG,493,66951.0,FIXTURE:us_mix_gdp_pc_tilt
33-2011,SG,8248,57267.0,FIXTURE:us_mix_gdp_pc_tilt
33-2021,SG,329,70803.0,FIXTURE:us_mix_gdp_pc_tilt
33-2022,SG,66,59976.0,FIXTURE:us_mix_gdp_pc_tilt
33-3011,SG,413,55494.0,FIXTURE:us_mix_gdp_pc_tilt
33-3012,SG,9070,57267.0,FIXTURE:us_mix_gdp_pc_tilt
33-3021,SG,2728,89487.0,FIXTURE:us_mix_gdp_pc_tilt
33-3031,SG,138,67455.0,FIXTURE:us_mix_gdp_pc_tilt
33-3041,SG,216,46071.0,FIXTURE:us_mix_gdp_pc_tilt
33-3051,SG,15984,71280.0,FIXTURE:us_mix_gdp_pc_tilt
33-3052,SG,105,82629.0,FIXTURE:us_mix_gdp_pc_tilt
33-9011,SG,288,43596.0,FIXTURE:us_mix_gdp_pc_tilt
33-9021,SG,848,54135.0,FIXTURE:us_mix_gdp_pc_tilt
33-9031,SG,227,41067.0,FIXTURE:us_mix_gdp_pc_tilt
33-9032,SG,30595,38223.0,FIXTURE:us_mix_gdp_pc_tilt
33-9091,SG,2249,39015.0,FIXTURE:us_mix_gdp_pc_tilt
33-9092,SG,3756,31023.0,FIXTURE:us_mix_gdp_pc_tilt
33-9093,SG,1199,57879.0,FIXTURE:us_mix_gdp_pc_tilt
33-9094,SG,1869,31635.0,FIXTURE:us_mix_gdp_pc_tilt
33-9099,SG,1943,43263.0,FIXTURE:us_mix_gdp_pc_tilt
35-1011,SG,4770,60030.0,FIXTURE:us_mix_gdp_pc_tilt
35-1012,SG,29169,41562.0,FIXTURE:us_mix_gdp_pc_tilt
35-2011,SG,15287,29151.0,FIXTURE:us_mix_gdp_pc_tilt
35-2012,SG,10517,34929.0,FIXTURE:us_mix_gdp_pc_tilt
35-2013,SG,26,48312.0,FIXTURE:us_mix_gdp_pc_tilt
35-2014,SG,33620,34857.0,FIXTURE:us_mix_gdp_pc_tilt
35-2015,SG,3306,32508.0,FIXTURE:us_mix_gdp_pc_tilt
35-2019,SG,461,35235.0,FIXTURE:us_mix_gdp_pc_tilt
35-2021,SG,21309,31761.0,FIXTURE:us_mix_gdp_pc_tilt
35-3011,SG,18037,36711.0,FIXTURE:us_mix_gdp_pc_tilt
35-3023,SG,91903,28935.0,FIXTURE:us_mix_gdp_pc_tilt
35-3031,SG,54152,36054.0,FIXTURE:us_mix_gdp_pc_tilt
35-3041,SG,7008,32526.0,FIXTURE:us_mix_gdp_pc_tilt
35-9011,SG,12942,30807.0,FIXTURE:us_mix_gdp_pc_tilt
35-9021,SG,11385,30879.0,FIXTURE:us_mix_gdp_pc_tilt
35-9031,SG,10318,29421.0,FIXTURE:us_mix_gdp_pc_tilt
35-9099,SG,2018,33129.0,FIXTURE:us_mix_gdp_pc_tilt
37-1011,SG,4263,47988.0,FIXTURE:us_mix_gdp_pc_tilt
37-1012,SG,3118,54864.0,FIXTURE:us_mix_gdp_pc_tilt
37-2011,SG,52694,34884.0,FIXTURE:us_mix_gdp_pc_tilt
37-2012,SG,20523,33372.0,FIXTURE:us_mix_gdp_pc_tilt
37-2019,SG,410,41778.0,FIXTURE:us_mix_gdp_pc_tilt
37-2021,SG,2447,41760.0,FIXTURE:us_mix_gdp_pc_tilt
37-3011,SG,22717,38061.0,FIXTURE:us_mix_gdp_pc_tilt
37-3012,SG,645,42363.0,FIXTURE:us_mix_gdp_pc_tilt
37-3013,SG,1315,50373.0,FIXTURE:us_mix_gdp_pc_tilt
37-3019,SG,325,43947.0,FIXTURE:us_mix_gdp_pc_tilt
39-1013,SG,620,58347.0,FIXTURE:us_mix_gdp_pc_tilt
39-1014,SG,2460,48195.0,FIXTURE:us_mix_gdp_pc_tilt
39-1022,SG,2720,47124.0,FIXTURE:us_mix_gdp_pc_tilt
39-2011,SG,447,42318.0,FIXTURE:us_mix_gdp_pc_tilt
39-2021,SG,6363,33570.0,FIXTURE:us_mix_gdp_pc_tilt
39-3011,SG,2000,38295.0,FIXTURE:us_mix_gdp_pc_tilt
39-3012,SG,213,32805.0,FIXTURE:us_mix_gdp_pc_tilt
39-3019,SG,337,37242.0,FIXTURE:us_mix_gdp_pc_tilt
39-3021,SG,35,46332.0,FIXTURE:us_mix_gdp_pc_tilt
39-3031,SG,2903,29772.0,FIXTURE:us_mix_gdp_pc_tilt
39-3091,SG,9483,29376.0,FIXTURE:us_mix_gdp_pc_tilt
39-3092,SG,155,57096.0,FIXTURE:us_mix_gdp_pc_tilt
39-3093,SG,371,34614.0,FIXTURE:us_mix_gdp_pc_tilt
39-3099,SG,168,31482.0,FIXTURE:us_mix_gdp_pc_tilt
39-4011,SG,93,52551.0,FIXTURE:us_mix_gdp_pc_tilt
39-4012,SG,71,41103.0,FIXTURE:us_mix_gdp_pc_tilt
39-4021,SG,741,33471.0,FIXTURE:us_mix_gdp_pc_tilt
39-4031,SG,598,52344.0,FIXTURE:us_mix_gdp_pc_tilt
39-5011,SG,358,42363.0,FIXTURE:us_mix_gdp_pc_tilt
39-5012,SG,7287,39564.0,FIXTURE:us_mix_gdp_pc_tilt
39-5091,SG,56,92016.0,FIXTURE:us_mix_gdp_pc_tilt
39-5092,SG,3642,34713.0,FIXTURE:us_mix_gdp_pc_tilt
39-5093,SG,192,28782.0,FIXTURE:us_mix_gdp_pc_tilt
39-5094,SG,1738,46665.0,FIXTURE:us_mix_gdp_pc_tilt
39-6011,SG,680,34713.0,FIXTURE:us_mix_gdp_pc_tilt
39-6012,SG,1174,38259.0,FIXTURE:us_mix_gdp_pc_tilt
39-7010,SG,1275,39348.0,FIXTURE:us_mix_gdp_pc_tilt
39-9011,SG,12370,31527.0,FIXTURE:us_mix_gdp_pc_tilt
39-9031,SG,7698,47178.0,FIXTURE:us_mix_gdp_pc_tilt
39-9032,SG,7902,34668.0,FIXTURE:us_mix_gdp_pc_tilt
39-9041,SG,2020,39591.0,FIXTURE:us_mix_gdp_pc_tilt
39-9099,SG,1440,36108.0,FIXTURE:us_mix_gdp_pc_tilt
41-1011,SG,26741,48042.0,FIXTURE:us_mix_gdp_pc_tilt
41-1012,SG,5111,89433.0,FIXTURE:us_mix_gdp_pc_tilt
41-2011,SG,73644,29862.0,FIXTURE:us_mix_gdp_pc_tilt
41-2012,SG,513,35190.0,FIXTURE:us_mix_gdp_pc_tilt
41-2021,SG,9554,41130.0,FIXTURE:us_mix_gdp_pc_tilt
41-2022,SG,6438,39447.0,FIXTURE:us_mix_gdp_pc_tilt
41-2031,SG,92916,33579.0,FIXTURE:us_mix_gdp_pc_tilt
41-3011,SG,2186,72603.0,FIXTURE:us_mix_gdp_pc_tilt
41-3021,SG,11421,73332.0,FIXTURE:us_mix_gdp_pc_tilt
41-3031,SG,11670,98235.0,FIXTURE:us_mix_gdp_pc_tilt
41-3041,SG,1314,49194.0,FIXTURE:us_mix_gdp_pc_tilt
41-3091,SG,29940,74187.0,FIXTURE:us_mix_gdp_pc_tilt
41-4011,SG,6789,107757.0,FIXTURE:us_mix_gdp_pc_tilt
41-4012,SG,29516,74277.0,FIXTURE:us_mix_gdp_pc_tilt
41-9011,SG,1538,41022.0,FIXTURE:us_mix_gdp_pc_tilt
41-9012,SG,90,65520.0,FIXTURE:us_mix_gdp_pc_tilt
41-9021,SG,1099,75555.0,FIXTURE:us_mix_gdp_pc_tilt
41-9022,SG,4609,62559.0,FIXTURE:us_mix_gdp_pc_tilt
41-9031,SG,1235,117126.0,FIXTURE:us_mix_gdp_pc_tilt
41-9041,SG,1393,33633.0,FIXTURE:us_mix_gdp_pc_tilt
41-9091,SG,66,39465.0,FIXTURE:us_mix_gdp_pc_tilt
41-9099,SG,2221,52659.0,FIXTURE:us_mix_gdp_pc_tilt
43-1011,SG,34247,66141.0,FIXTURE:us_mix_gdp_pc_tilt
43-2011,SG,817,38070.0,FIXTURE:us_mix_gdp_pc_tilt
43-2021,SG,82,40473.0,FIXTURE:us_mix_gdp_pc_tilt
43-2099,SG,29,55917.0,FIXTURE:us_mix_gdp_pc_tilt
43-3011,SG,3786,44154.0,FIXTURE:us_mix_gdp_pc_tilt
43-3021,SG,9632,45963.0,FIXTURE:us_mix_gdp_pc_tilt
43-3031,SG,32745,48204.0,FIXTURE:us_mix_gdp_pc_tilt
43-3041,SG,344,35559.0,FIXTURE:us_mix_gdp_pc_tilt
43-3051,SG,3650,53667.0,FIXTURE:us_mix_gdp_pc_tilt
43-3061,SG,1330,47133.0,FIXTURE:us_mix_gdp_pc_tilt
43-3071,SG,7854,38115.0,FIXTURE:us_mix_gdp_pc_tilt
43-3099,SG,864,50805.0,FIXTURE:us_mix_gdp_pc_tilt
43-4011,SG,857,65565.0,FIXTURE:us_mix_gdp_pc_tilt
43-4021,SG,102,43281.0,FIXTURE:us_mix_gdp_pc_tilt
43-4031,SG,4285,47088.0,FIXTURE:us_mix_gdp_pc_tilt
43-4041,SG,287,46278.0,FIXTURE:us_mix_gdp_pc_tilt
43-4051,SG,61877,41931.0,FIXTURE:us_mix_gdp_pc_tilt
43-4061,SG,3690,50481.0,FIXTURE:us_mix_gdp_pc_tilt
43-4071,SG,1751,41031.0,FIXTURE:us_mix_gdp_pc_tilt
43-4081,SG,6232,31995.0,FIXTURE:us_mix_gdp_pc_tilt
43-4111,SG,3529,42516.0,FIXTURE:us_mix_gdp_pc_tilt
43-4121,SG,2039,35433.0,FIXTURE:us_mix_gdp_pc_tilt
43-4131,SG,3928,47268.0,FIXTURE:us_mix_gdp_pc_tilt
43-4141,SG,879,44433.0,FIXTURE:us_mix_gdp_pc_tilt
43-4151,SG,1793,43398.0,FIXTURE:us_mix_gdp_pc_tilt
43-4161,SG,2151,47025.0,FIXTURE:us_mix_gdp_pc_tilt
43-4171,SG,21697,35514.0,FIXTURE:us_mix_gdp_pc_tilt
43-4181,SG,2830,44667.0,FIXTURE:us_mix_gdp_pc_tilt
43-4199,SG,3216,46341.0,FIXTURE:us_mix_gdp_pc_tilt
43-5011,SG,2328,51507.0,FIXTURE:us_mix_gdp_pc_tilt
43-5021,SG,1636,36873.0,FIXTURE:us_mix_gdp_pc_tilt
43-5031,SG,2443,51066.0,FIXTURE:us_mix_gdp_pc_tilt
43-5032,SG,4835,49266.0,FIXTURE:us_mix_gdp_pc_tilt
43-5041,SG,463,49842.0,FIXTURE:us_mix_gdp_pc_tilt
43-5051,SG,1757,55674.0,FIXTURE:us_mix_gdp_pc_tilt
43-5052,SG,7838,56286.0,FIXTURE:us_mix_gdp_pc_tilt
43-5053,SG,2508,53487.0,FIXTURE:us_mix_gdp_pc_tilt
43-5061,SG,9301,55935.0,FIXTURE:us_mix_gdp_pc_tilt
43-5071,SG,19472,42129.0,FIXTURE:us_mix_gdp_pc_tilt
43-5111,SG,1271,42867.0,FIXTURE:us_mix_gdp_pc_tilt
43-6011,SG,10963,71226.0,FIXTURE:us_mix_gdp_pc_tilt
43-6012,SG,3725,54558.0,FIXTURE:us_mix_gdp_pc_tilt
43-6013,SG,22923,42120.0,FIXTURE:us_mix_gdp_pc_tilt
43-6014,SG,40686,44415.0,FIXTURE:us_mix_gdp_pc_tilt
43-9021,SG,3029,38979.0,FIXTURE:us_mix_gdp_pc_tilt
43-9022,SG,835,46008.0,FIXTURE:us_mix_gdp_pc_tilt
43-9031,SG,80,55773.0,FIXTURE:us_mix_gdp_pc_tilt
43-9041,SG,5107,47628.0,FIXTURE:us_mix_gdp_pc_tilt
43-9051,SG,1317,37485.0,FIXTURE:us_mix_gdp_pc_tilt
43-9061,SG,58758,41778.0,FIXTURE:us_mix_gdp_pc_tilt
43-9071,SG,599,38898.0,FIXTURE:us_mix_gdp_pc_tilt
43-9081,SG,109,49320.0,FIXTURE:us_mix_gdp_pc_tilt
43-9111,SG,112,50085.0,FIXTURE:us_mix_gdp_pc_tilt
43-9199,SG,4583,43803.0,FIXTURE:us_mix_gdp_pc_tilt
45-1011,SG,667,56457.0,FIXTURE:us_mix_gdp_pc_tilt
45-2011,SG,344,49419.0,FIXTURE:us_mix_gdp_pc_tilt
45-2021,SG,32,51309.0,FIXTURE:us_mix_gdp_pc_tilt
45-2041,SG,600,32787.0,FIXTURE:us_mix_gdp_pc_tilt
45-2091,SG,680,39339.0,FIXTURE:us_mix_gdp_pc_tilt
45-2092,SG,6331,33867.0,FIXTURE:us_mix_gdp_pc_tilt
45-2093,SG,782,35334.0,FIXTURE:us_mix_gdp_pc_tilt
45-2099,SG,86,40959.0,FIXTURE:us_mix_gdp_pc_tilt
45-4011,SG,144,39312.0,FIXTURE:us_mix_gdp_pc_tilt
45-4021,SG,75,51399.0,FIXTURE:us_mix_gdp_pc_tilt
45-4022,SG,502,47871.0,FIXTURE:us_mix_gdp_pc_tilt
45-4023,SG,73,42993.0,FIXTURE:us_mix_gdp_pc_tilt
45-4029,SG,41,47619.0,FIXTURE:us_mix_gdp_pc_tilt
47-1011,SG,19368,77805.0,FIXTURE:us_mix_gdp_pc_tilt
47-2011,SG,243,72081.0,FIXTURE:us_mix_gdp_pc_tilt
47-2021,SG,1253,61452.0,FIXTURE:us_mix_gdp_pc_tilt
47-2022,SG,186,54639.0,FIXTURE:us_mix_gdp_pc_tilt
47-2031,SG,15979,59067.0,FIXTURE:us_mix_gdp_pc_tilt
47-2041,SG,329,51291.0,FIXTURE:us_mix_gdp_pc_tilt
47-2042,SG,564,55584.0,FIXTURE:us_mix_gdp_pc_tilt
47-2043,SG,89,47214.0,FIXTURE:us_mix_gdp_pc_tilt
47-2044,SG,855,53325.0,FIXTURE:us_mix_gdp_pc_tilt
47-2051,SG,4916,54045.0,FIXTURE:us_mix_gdp_pc_tilt
47-2053,SG,28,76428.0,FIXTURE:us_mix_gdp_pc_tilt
47-2061,SG,26154,46827.0,FIXTURE:us_mix_gdp_pc_tilt
47-2071,SG,997,53100.0,FIXTURE:us_mix_gdp_pc_tilt
47-2072,SG,55,72639.0,FIXTURE:us_mix_gdp_pc_tilt
47-2073,SG,11400,59661.0,FIXTURE:us_mix_gdp_pc_tilt
47-2081,SG,1981,57240.0,FIXTURE:us_mix_gdp_pc_tilt
47-2082,SG,306,65439.0,FIXTURE:us_mix_gdp_pc_tilt
47-2111,SG,18057,64341.0,FIXTURE:us_mix_gdp_pc_tilt
47-2121,SG,1395,53748.0,FIXTURE:us_mix_gdp_pc_tilt
47-2131,SG,1060,49266.0,FIXTURE:us_mix_gdp_pc_tilt
47-2132,SG,612,58977.0,FIXTURE:us_mix_gdp_pc_tilt
47-2141,SG,5370,49878.0,FIXTURE:us_mix_gdp_pc_tilt
47-2142,SG,37,48357.0,FIXTURE:us_mix_gdp_pc_tilt
47-2151,SG,788,49230.0,FIXTURE:us_mix_gdp_pc_tilt
47-2152,SG,11108,64953.0,FIXTURE:us_mix_gdp_pc_tilt
47-2161,SG,460,55845.0,FIXTURE:us_mix_gdp_pc_tilt
47-2171,SG,329,59454.0,FIXTURE:us_mix_gdp_pc_tilt
47-2181,SG,3231,52326.0,FIXTURE:us_mix_gdp_pc_tilt
47-2211,SG,2856,61065.0,FIXTURE:us_mix_gdp_pc_tilt
47-2221,SG,1631,63252.0,FIXTURE:us_mix_gdp_pc_tilt
47-2231,SG,748,52110.0,FIXTURE:us_mix_gdp_pc_tilt
47-3011,SG,338,45828.0,FIXTURE:us_mix_gdp_pc_tilt
47-3012,SG,517,39645.0,FIXTURE:us_mix_gdp_pc_tilt
47-3013,SG,1517,39672.0,FIXTURE:us_mix_gdp_pc_tilt
47-3014,SG,179,38196.0,FIXTURE:us_mix_gdp_pc_tilt
47-3015,SG,1057,39357.0,FIXTURE:us_mix_gdp_pc_tilt
47-3016,SG,144,40635.0,FIXTURE:us_mix_gdp_pc_tilt
47-3019,SG,591,40626.0,FIXTURE:us_mix_gdp_pc_tilt
47-4011,SG,3499,69957.0,FIXTURE:us_mix_gdp_pc_tilt
47-4021,SG,567,98838.0,FIXTURE:us_mix_gdp_pc_tilt
47-4031,SG,584,45477.0,FIXTURE:us_mix_gdp_pc_tilt
47-4041,SG,1233,50787.0,FIXTURE:us_mix_gdp_pc_tilt
47-4051,SG,3695,47772.0,FIXTURE:us_mix_gdp_pc_tilt
47-4061,SG,467,61866.0,FIXTURE:us_mix_gdp_pc_tilt
47-4071,SG,731,48150.0,FIXTURE:us_mix_gdp_pc_tilt
47-4090,SG,677,49617.0,FIXTURE:us_mix_gdp_pc_tilt
47-5011,SG,253,54189.0,FIXTURE:us_mix_gdp_pc_tilt
47-5012,SG,300,64917.0,FIXTURE:us_mix_gdp_pc_tilt
47-5013,SG,1029,56223.0,FIXTURE:us_mix_gdp_pc_tilt
47-5022,SG,822,53937.0,FIXTURE:us_mix_gdp_pc_tilt
47-5023,SG,464,56547.0,FIXTURE:us_mix_gdp_pc_tilt
47-5032,SG,122,59976.0,FIXTURE:us_mix_gdp_pc_tilt
47-5041,SG,334,58545.0,FIXTURE:us_mix_gdp_pc_tilt
47-5043,SG,52,70290.0,FIXTURE:us_mix_gdp_pc_tilt
47-5044,SG,141,64116.0,FIXTURE:us_mix_gdp_pc_tilt
47-5049,SG,76,62874.0,FIXTURE:us_mix_gdp_pc_tilt
47-5051,SG,79,46350.0,FIXTURE:us_mix_gdp_pc_tilt
47-5071,SG,1072,44280.0,FIXTURE:us_mix_gdp_pc_tilt
47-5081,SG,160,45558.0,FIXTURE:us_mix_gdp_pc_tilt
47-5099,SG,132,52101.0,FIXTURE:us_mix_gdp_pc_tilt
49-1011,SG,14720,76698.0,FIXTURE:us_mix_gdp_pc_tilt
49-2011,SG,1564,45792.0,FIXTURE:us_mix_gdp_pc_tilt
49-2021,SG,266,62883.0,FIXTURE:us_mix_gdp_pc_tilt
49-2022,SG,3359,61650.0,FIXTURE:us_mix_gdp_pc_tilt
49-2091,SG,449,75042.0,FIXTURE:us_mix_gdp_pc_tilt
49-2092,SG,344,52749.0,FIXTURE:us_mix_gdp_pc_tilt
49-2093,SG,165,74970.0,FIXTURE:us_mix_gdp_pc_tilt
49-2094,SG,1550,68013.0,FIXTURE:us_mix_gdp_pc_tilt
49-2095,SG,494,90684.0,FIXTURE:us_mix_gdp_pc_tilt
49-2096,SG,204,46404.0,FIXTURE:us_mix_gdp_pc_tilt
49-2097,SG,472,52137.0,FIXTURE:us_mix_gdp_pc_tilt
49-2098,SG,2058,54864.0,FIXTURE:us_mix_gdp_pc_tilt
49-3011,SG,3292,76266.0,FIXTURE:us_mix_gdp_pc_tilt
49-3021,SG,3559,53721.0,FIXTURE:us_mix_gdp_pc_tilt
49-3022,SG,484,45387.0,FIXTURE:us_mix_gdp_pc_tilt
49-3023,SG,16797,50778.0,FIXTURE:us_mix_gdp_pc_tilt
49-3031,SG,6912,57888.0,FIXTURE:us_mix_gdp_pc_tilt
49-3041,SG,903,51561.0,FIXTURE:us_mix_gdp_pc_tilt
49-3042,SG,4210,62316.0,FIXTURE:us_mix_gdp_pc_tilt
49-3043,SG,509,63612.0,FIXTURE:us_mix_gdp_pc_tilt
49-3051,SG,554,52263.0,FIXTURE:us_mix_gdp_pc_tilt
49-3052,SG,322,47133.0,FIXTURE:us_mix_gdp_pc_tilt
49-3053,SG,860,44991.0,FIXTURE:us_mix_gdp_pc_tilt
49-3091,SG,290,38457.0,FIXTURE:us_mix_gdp_pc_tilt
49-3092,SG,415,50796.0,FIXTURE:us_mix_gdp_pc_tilt
49-3093,SG,2584,36153.0,FIXTURE:us_mix_gdp_pc_tilt
49-9011,SG,646,51786.0,FIXTURE:us_mix_gdp_pc_tilt
49-9012,SG,1150,68589.0,FIXTURE:us_mix_gdp_pc_tilt
49-9021,SG,9766,58302.0,FIXTURE:us_mix_gdp_pc_tilt
49-9031,SG,766,50436.0,FIXTURE:us_mix_gdp_pc_tilt
49-9041,SG,10480,61614.0,FIXTURE:us_mix_gdp_pc_tilt
49-9043,SG,1431,58149.0,FIXTURE:us_mix_gdp_pc_tilt
49-9044,SG,961,62802.0,FIXTURE:us_mix_gdp_pc_tilt
49-9045,SG,26,57393.0,FIXTURE:us_mix_gdp_pc_tilt
49-9051,SG,3124,82773.0,FIXTURE:us_mix_gdp_pc_tilt
49-9052,SG,2329,66546.0,FIXTURE:us_mix_gdp_pc_tilt
49-9061,SG,39,50436.0,FIXTURE:us_mix_gdp_pc_tilt
49-9062,SG,1573,59337.0,FIXTURE:us_mix_gdp_pc_tilt
49-9063,SG,128,44964.0,FIXTURE:us_mix_gdp_pc_tilt
49-9064,SG,31,63756.0,FIXTURE:us_mix_gdp_pc_tilt
49-9069,SG,224,64062.0,FIXTURE:us_mix_gdp_pc_tilt
49-9071,SG,36465,48402.0,FIXTURE:us_mix_gdp_pc_tilt
49-9081,SG,238,62082.0,FIXTURE:us_mix_gdp_pc_tilt
49-9091,SG,630,44793.0,FIXTURE:us_mix_gdp_pc_tilt
49-9092,SG,82,79488.0,FIXTURE:us_mix_gdp_pc_tilt
49-9094,SG,359,49923.0,FIXTURE:us_mix_gdp_pc_tilt
49-9095,SG,72,40869.0,FIXTURE:us_mix_gdp_pc_tilt
49-9096,SG,537,60129.0,FIXTURE:us_mix_gdp_pc_tilt
49-9097,SG,208,81369.0,FIXTURE:us_mix_gdp_pc_tilt
49-9098,SG,2278,37341.0,FIXTURE:us_mix_gdp_pc_tilt
49-9099,SG,4203,48465.0,FIXTURE:us_mix_gdp_pc_tilt
51-1011,SG,16059,68940.0,FIXTURE:us_mix_gdp_pc_tilt
51-2011,SG,811,64278.0,FIXTURE:us_mix_gdp_pc_tilt
51-2021,SG,306,45423.0,FIXTURE:us_mix_gdp_pc_tilt
51-2028,SG,5889,42894.0,FIXTURE:us_mix_gdp_pc_tilt
51-2031,SG,811,52011.0,FIXTURE:us_mix_gdp_pc_tilt
51-2041,SG,1249,48627.0,FIXTURE:us_mix_gdp_pc_tilt
51-2051,SG,386,44595.0,FIXTURE:us_mix_gdp_pc_tilt
51-2061,SG,6,51048.0,FIXTURE:us_mix_gdp_pc_tilt
51-2090,SG,33504,41994.0,FIXTURE:us_mix_gdp_pc_tilt
51-3011,SG,5632,34632.0,FIXTURE:us_mix_gdp_pc_tilt
51-3021,SG,3253,38142.0,FIXTURE:us_mix_gdp_pc_tilt
51-3022,SG,3474,35352.0,FIXTURE:us_mix_gdp_pc_tilt
51-3023,SG,1668,37593.0,FIXTURE:us_mix_gdp_pc_tilt
51-3091,SG,486,41337.0,FIXTURE:us_mix_gdp_pc_tilt
51-3092,SG,4162,39375.0,FIXTURE:us_mix_gdp_pc_tilt
51-3093,SG,745,38313.0,FIXTURE:us_mix_gdp_pc_tilt
51-3099,SG,1550,36270.0,FIXTURE:us_mix_gdp_pc_tilt
51-4021,SG,1451,44532.0,FIXTURE:us_mix_gdp_pc_tilt
51-4022,SG,213,46512.0,FIXTURE:us_mix_gdp_pc_tilt
51-4023,SG,602,47898.0,FIXTURE:us_mix_gdp_pc_tilt
51-4031,SG,4082,43587.0,FIXTURE:us_mix_gdp_pc_tilt
51-4032,SG,112,46629.0,FIXTURE:us_mix_gdp_pc_tilt
51-4033,SG,1598,43353.0,FIXTURE:us_mix_gdp_pc_tilt
51-4034,SG,398,47241.0,FIXTURE:us_mix_gdp_pc_tilt
51-4035,SG,297,51066.0,FIXTURE:us_mix_gdp_pc_tilt
51-4041,SG,6845,53388.0,FIXTURE:us_mix_gdp_pc_tilt
51-4051,SG,400,49941.0,FIXTURE:us_mix_gdp_pc_tilt
51-4052,SG,109,48861.0,FIXTURE:us_mix_gdp_pc_tilt
51-4061,SG,62,61713.0,FIXTURE:us_mix_gdp_pc_tilt
51-4062,SG,35,54549.0,FIXTURE:us_mix_gdp_pc_tilt
51-4071,SG,305,44874.0,FIXTURE:us_mix_gdp_pc_tilt
51-4072,SG,3588,41364.0,FIXTURE:us_mix_gdp_pc_tilt
51-4081,SG,2971,45027.0,FIXTURE:us_mix_gdp_pc_tilt
51-4111,SG,1358,60174.0,FIXTURE:us_mix_gdp_pc_tilt
51-4121,SG,9925,51084.0,FIXTURE:us_mix_gdp_pc_tilt
51-4122,SG,754,45198.0,FIXTURE:us_mix_gdp_pc_tilt
51-4191,SG,334,45405.0,FIXTURE:us_mix_gdp_pc_tilt
51-4192,SG,142,59868.0,FIXTURE:us_mix_gdp_pc_tilt
51-4193,SG,773,40590.0,FIXTURE:us_mix_gdp_pc_tilt
51-4194,SG,134,47916.0,FIXTURE:us_mix_gdp_pc_tilt
51-4199,SG,379,43722.0,FIXTURE:us_mix_gdp_pc_tilt
51-5111,SG,568,45720.0,FIXTURE:us_mix_gdp_pc_tilt
51-5112,SG,3440,42624.0,FIXTURE:us_mix_gdp_pc_tilt
51-5113,SG,791,40014.0,FIXTURE:us_mix_gdp_pc_tilt
51-6011,SG,4722,31428.0,FIXTURE:us_mix_gdp_pc_tilt
51-6021,SG,623,31176.0,FIXTURE:us_mix_gdp_pc_tilt
51-6031,SG,2501,33840.0,FIXTURE:us_mix_gdp_pc_tilt
51-6041,SG,178,35244.0,FIXTURE:us_mix_gdp_pc_tilt
51-6042,SG,78,32652.0,FIXTURE:us_mix_gdp_pc_tilt
51-6051,SG,52,33489.0,FIXTURE:us_mix_gdp_pc_tilt
51-6052,SG,332,40626.0,FIXTURE:us_mix_gdp_pc_tilt
51-6061,SG,127,36342.0,FIXTURE:us_mix_gdp_pc_tilt
51-6062,SG,215,35577.0,FIXTURE:us_mix_gdp_pc_tilt
51-6063,SG,311,36648.0,FIXTURE:us_mix_gdp_pc_tilt
51-6064,SG,525,36108.0,FIXTURE:us_mix_gdp_pc_tilt
51-6091,SG,306,43722.0,FIXTURE:us_mix_gdp_pc_tilt
51-6092,SG,70,64278.0,FIXTURE:us_mix_gdp_pc_tilt
51-6093,SG,480,42606.0,FIXTURE:us_mix_gdp_pc_tilt
51-6099,SG,323,36504.0,FIXTURE:us_mix_gdp_pc_tilt
51-7011,SG,1840,43461.0,FIXTURE:us_mix_gdp_pc_tilt
51-7021,SG,345,40770.0,FIXTURE:us_mix_gdp_pc_tilt
51-7031,SG,7,57303.0,FIXTURE:us_mix_gdp_pc_tilt
51-7032,SG,5,48816.0,FIXTURE:us_mix_gdp_pc_tilt
51-7041,SG,974,39222.0,FIXTURE:us_mix_gdp_pc_tilt
51-7042,SG,1465,39213.0,FIXTURE:us_mix_gdp_pc_tilt
51-7099,SG,131,41463.0,FIXTURE:us_mix_gdp_pc_tilt
51-8011,SG,123,109242.0,FIXTURE:us_mix_gdp_pc_tilt
51-8012,SG,203,100188.0,FIXTURE:us_mix_gdp_pc_tilt
51-8013,SG,699,89811.0,FIXTURE:us_mix_gdp_pc_tilt
51-8021,SG,674,75564.0,FIXTURE:us_mix_gdp_pc_tilt
51-8031,SG,3064,56286.0,FIXTURE:us_mix_gdp_pc_tilt
51-8091,SG,396,71973.0,FIXTURE:us_mix_gdp_pc_tilt
51-8092,SG,430,79839.0,FIXTURE:us_mix_gdp_pc_tilt
51-8093,SG,791,81567.0,FIXTURE:us_mix_gdp_pc_tilt
51-8099,SG,336,59130.0,FIXTURE:us_mix_gdp_pc_tilt
51-9011,SG,3330,54639.0,FIXTURE:us_mix_gdp_pc_tilt
51-9012,SG,1433,50427.0,FIXTURE:us_mix_gdp_pc_tilt
51-9021,SG,620,46242.0,FIXTURE:us_mix_gdp_pc_tilt
51-9022,SG,251,40518.0,FIXTURE:us_mix_gdp_pc_tilt
51-9023,SG,2263,46881.0,FIXTURE:us_mix_gdp_pc_tilt
51-9031,SG,145,36945.0,FIXTURE:us_mix_gdp_pc_tilt
51-9032,SG,1073,42714.0,FIXTURE:us_mix_gdp_pc_tilt
51-9041,SG,1401,42534.0,FIXTURE:us_mix_gdp_pc_tilt
51-9051,SG,341,45846.0,FIXTURE:us_mix_gdp_pc_tilt
51-9061,SG,14245,48105.0,FIXTURE:us_mix_gdp_pc_tilt
51-9071,SG,535,52164.0,FIXTURE:us_mix_gdp_pc_tilt
51-9081,SG,821,48861.0,FIXTURE:us_mix_gdp_pc_tilt
51-9082,SG,269,47457.0,FIXTURE:us_mix_gdp_pc_tilt
51-9083,SG,445,38871.0,FIXTURE:us_mix_gdp_pc_tilt
51-9111,SG,9039,40131.0,FIXTURE:us_mix_gdp_pc_tilt
51-9123,SG,189,40689.0,FIXTURE:us_mix_gdp_pc_tilt
51-9124,SG,3785,47358.0,FIXTURE:us_mix_gdp_pc_tilt
51-9141,SG,750,54162.0,FIXTURE:us_mix_gdp_pc_tilt
51-9151,SG,114,41445.0,FIXTURE:us_mix_gdp_pc_tilt
51-9161,SG,4041,48888.0,FIXTURE:us_mix_gdp_pc_tilt
51-9162,SG,680,64989.0,FIXTURE:us_mix_gdp_pc_tilt
51-9191,SG,274,42165.0,FIXTURE:us_mix_gdp_pc_tilt
51-9192,SG,352,40140.0,FIXTURE:us_mix_gdp_pc_tilt
51-9193,SG,165,40446.0,FIXTURE:us_mix_gdp_pc_tilt
51-9194,SG,185,41688.0,FIXTURE:us_mix_gdp_pc_tilt
51-9195,SG,791,42750.0,FIXTURE:us_mix_gdp_pc_tilt
51-9196,SG,2292,47556.0,FIXTURE:us_mix_gdp_pc_tilt
51-9197,SG,495,51444.0,FIXTURE:us_mix_gdp_pc_tilt
51-9198,SG,3951,37008.0,FIXTURE:us_mix_gdp_pc_tilt
51-9199,SG,6002,39942.0,FIXTURE:us_mix_gdp_pc_tilt
53-1041,SG,233,58509.0,FIXTURE:us_mix_gdp_pc_tilt
53-1047,SG,14871,60174.0,FIXTURE:us_mix_gdp_pc_tilt
53-2011,SG,2469,259785.0,FIXTURE:us_mix_gdp_pc_tilt
53-2012,SG,1136,131472.0,FIXTURE:us_mix_gdp_pc_tilt
53-2021,SG,537,131841.0,FIXTURE:us_mix_gdp_pc_tilt
53-2022,SG,362,57249.0,FIXTURE:us_mix_gdp_pc_tilt
53-2031,SG,3139,69696.0,FIXTURE:us_mix_gdp_pc_tilt
53-3011,SG,301,32589.0,FIXTURE:us_mix_gdp_pc_tilt
53-3031,SG,9757,36657.0,FIXTURE:us_mix_gdp_pc_tilt
53-3032,SG,49171,53739.0,FIXTURE:us_mix_gdp_pc_tilt
53-3033,SG,23448,43893.0,FIXTURE:us_mix_gdp_pc_tilt
53-3051,SG,9608,43587.0,FIXTURE:us_mix_gdp_pc_tilt
53-3052,SG,3797,54252.0,FIXTURE:us_mix_gdp_pc_tilt
53-3053,SG,5926,35892.0,FIXTURE:us_mix_gdp_pc_tilt
53-3054,SG,979,44937.0,FIXTURE:us_mix_gdp_pc_tilt
53-3099,SG,1118,38187.0,FIXTURE:us_mix_gdp_pc_tilt
53-4011,SG,798,77310.0,FIXTURE:us_mix_gdp_pc_tilt
53-4013,SG,93,61605.0,FIXTURE:us_mix_gdp_pc_tilt
53-4022,SG,296,62127.0,FIXTURE:us_mix_gdp_pc_tilt
53-4031,SG,1107,71190.0,FIXTURE:us_mix_gdp_pc_tilt
53-4041,SG,243,69453.0,FIXTURE:us_mix_gdp_pc_tilt
53-4099,SG,27,54126.0,FIXTURE:us_mix_gdp_pc_tilt
53-5011,SG,755,51147.0,FIXTURE:us_mix_gdp_pc_tilt
53-5021,SG,879,93348.0,FIXTURE:us_mix_gdp_pc_tilt
53-5022,SG,59,50643.0,FIXTURE:us_mix_gdp_pc_tilt
53-5031,SG,200,100611.0,FIXTURE:us_mix_gdp_pc_tilt
53-6011,SG,72,49833.0,FIXTURE:us_mix_gdp_pc_tilt
53-6021,SG,3288,31491.0,FIXTURE:us_mix_gdp_pc_tilt
53-6031,SG,2433,33102.0,FIXTURE:us_mix_gdp_pc_tilt
53-6032,SG,746,38997.0,FIXTURE:us_mix_gdp_pc_tilt
53-6041,SG,187,55845.0,FIXTURE:us_mix_gdp_pc_tilt
53-6051,SG,584,79686.0,FIXTURE:us_mix_gdp_pc_tilt
53-6061,SG,646,34038.0,FIXTURE:us_mix_gdp_pc_tilt
53-6099,SG,323,45801.0,FIXTURE:us_mix_gdp_pc_tilt
53-7011,SG,547,40572.0,FIXTURE:us_mix_gdp_pc_tilt
53-7021,SG,1023,64917.0,FIXTURE:us_mix_gdp_pc_tilt
53-7031,SG,25,50508.0,FIXTURE:us_mix_gdp_pc_tilt
53-7041,SG,62,60939.0,FIXTURE:us_mix_gdp_pc_tilt
53-7051,SG,18467,43533.0,FIXTURE:us_mix_gdp_pc_tilt
53-7061,SG,9072,33282.0,FIXTURE:us_mix_gdp_pc_tilt
53-7062,SG,70352,38034.0,FIXTURE:us_mix_gdp_pc_tilt
53-7063,SG,1009,39294.0,FIXTURE:us_mix_gdp_pc_tilt
53-7064,SG,13349,33786.0,FIXTURE:us_mix_gdp_pc_tilt
53-7065,SG,67575,35586.0,FIXTURE:us_mix_gdp_pc_tilt
53-7071,SG,84,67149.0,FIXTURE:us_mix_gdp_pc_tilt
53-7072,SG,233,57564.0,FIXTURE:us_mix_gdp_pc_tilt
53-7073,SG,429,63333.0,FIXTURE:us_mix_gdp_pc_tilt
53-7081,SG,3511,47538.0,FIXTURE:us_mix_gdp_pc_tilt
53-7121,SG,255,53973.0,FIXTURE:us_mix_gdp_pc_tilt
53-7199,SG,560,41076.0,FIXTURE:us_mix_gdp_pc_tilt
11-1011,TW,13914,134815.0,FIXTURE:us_mix_gdp_pc_tilt
11-1021,TW,238512,67470.0,FIXTURE:us_mix_gdp_pc_tilt
11-1031,TW,3036,28555.0,FIXTURE:us_mix_gdp_pc_tilt
11-2011,TW,1462,77140.0,FIXTURE:us_mix_gdp_pc_tilt
11-2021,TW,26911,88885.0,FIXTURE:us_mix_gdp_pc_tilt
11-2022,TW,43377,82175.0,FIXTURE:us_mix_gdp_pc_tilt
11-2032,TW,5096,82380.0,FIXTURE:us_mix_gdp_pc_tilt
11-2033,TW,2642,70010.0,FIXTURE:us_mix_gdp_pc_tilt
11-3012,TW,17972,64935.0,FIXTURE:us_mix_gdp_pc_tilt
11-3013,TW,10634,58445.0,FIXTURE:us_mix_gdp_pc_tilt
11-3021,TW,45657,96080.0,FIXTURE:us_mix_gdp_pc_tilt
11-3031,TW,57310,93455.0,FIXTURE:us_mix_gdp_pc_tilt
11-3051,TW,16767,67085.0,FIXTURE:us_mix_gdp_pc_tilt
11-3061,TW,5741,78180.0,FIXTURE:us_mix_gdp_pc_tilt
11-3071,TW,15060,60800.0,FIXTURE:us_mix_gdp_pc_tilt
11-3111,TW,1562,81320.0,FIXTURE:us_mix_gdp_pc_tilt
11-3121,TW,15024,82115.0,FIXTURE:us_mix_gdp_pc_tilt
11-3131,TW,3272,74185.0,FIXTURE:us_mix_gdp_pc_tilt
11-9013,TW,443,49910.0,FIXTURE:us_mix_gdp_pc_tilt
11-9021,TW,25898,62180.0,FIXTURE:us_mix_gdp_pc_tilt
11-9031,TW,5015,32400.0,FIXTURE:us_mix_gdp_pc_tilt
11-9032,TW,22355,58050.0,FIXTURE:us_mix_gdp_pc_tilt
11-9033,TW,12288,63270.0,FIXTURE:us_mix_gdp_pc_tilt
11-9039,TW,3754,50950.0,FIXTURE:us_mix_gdp_pc_tilt
11-9041,TW,14997,90770.0,FIXTURE:us_mix_gdp_pc_tilt
11-9051,TW,16234,37440.0,FIXTURE:us_mix_gdp_pc_tilt
11-9071,TW,342,51525.0,FIXTURE:us_mix_gdp_pc_tilt
11-9072,TW,2586,44875.0,FIXTURE:us_mix_gdp_pc_tilt
11-9081,TW,2902,39370.0,FIXTURE:us_mix_gdp_pc_tilt
11-9111,TW,40654,70485.0,FIXTURE:us_mix_gdp_pc_tilt
11-9121,TW,7400,90125.0,FIXTURE:us_mix_gdp_pc_tilt
11-9131,TW,940,48680.0,FIXTURE:us_mix_gdp_pc_tilt
11-9141,TW,21187,41855.0,FIXTURE:us_mix_gdp_pc_tilt
11-9151,TW,14253,44440.0,FIXTURE:us_mix_gdp_pc_tilt
11-9161,TW,919,51210.0,FIXTURE:us_mix_gdp_pc_tilt
11-9171,TW,947,46420.0,FIXTURE:us_mix_gdp_pc_tilt
11-9179,TW,712,39095.0,FIXTURE:us_mix_gdp_pc_tilt
11-9199,TW,42363,76945.0,FIXTURE:us_mix_gdp_pc_tilt
13-1011,TW,859,70790.0,FIXTURE:us_mix_gdp_pc_tilt
13-1020,TW,33460,41885.0,FIXTURE:us_mix_gdp_pc_tilt
13-1031,TW,22076,40235.0,FIXTURE:us_mix_gdp_pc_tilt
13-1032,TW,787,39450.0,FIXTURE:us_mix_gdp_pc_tilt
13-1041,TW,28397,44200.0,FIXTURE:us_mix_gdp_pc_tilt
13-1051,TW,15267,42695.0,FIXTURE:us_mix_gdp_pc_tilt
13-1071,TW,62125,40995.0,FIXTURE:us_mix_gdp_pc_tilt
13-1074,TW,21,29235.0,FIXTURE:us_mix_gdp_pc_tilt
13-1075,TW,4413,49360.0,FIXTURE:us_mix_gdp_pc_tilt
13-1081,TW,17093,44865.0,FIXTURE:us_mix_gdp_pc_tilt
13-1082,TW,72627,55370.0,FIXTURE:us_mix_gdp_pc_tilt
13-1111,TW,61162,56895.0,FIXTURE:us_mix_gdp_pc_tilt
13-1121,TW,9727,33260.0,FIXTURE:us_mix_gdp_pc_tilt
13-1131,TW,7560,38600.0,FIXTURE:us_mix_gdp_pc_tilt
13-1141,TW,7652,42165.0,FIXTURE:us_mix_gdp_pc_tilt
13-1151,TW,31205,37775.0,FIXTURE:us_mix_gdp_pc_tilt
13-1161,TW,61250,44745.0,FIXTURE:us_mix_gdp_pc_tilt
13-1199,TW,74017,46985.0,FIXTURE:us_mix_gdp_pc_tilt
13-2011,TW,98693,47375.0,FIXTURE:us_mix_gdp_pc_tilt
13-2020,TW,3886,37885.0,FIXTURE:us_mix_gdp_pc_tilt
13-2031,TW,3211,48185.0,FIXTURE:us_mix_gdp_pc_tilt
13-2041,TW,4384,50425.0,FIXTURE:us_mix_gdp_pc_tilt
13-2051,TW,24646,58400.0,FIXTURE:us_mix_gdp_pc_tilt
13-2052,TW,18166,78335.0,FIXTURE:us_mix_gdp_pc_tilt
13-2053,TW,7178,46850.0,FIXTURE:us_mix_gdp_pc_tilt
13-2054,TW,4347,62210.0,FIXTURE:us_mix_gdp_pc_tilt
13-2061,TW,4618,53120.0,FIXTURE:us_mix_gdp_pc_tilt
13-2071,TW,1891,28605.0,FIXTURE:us_mix_gdp_pc_tilt
13-2072,TW,18678,43895.0,FIXTURE:us_mix_gdp_pc_tilt
13-2081,TW,3854,35260.0,FIXTURE:us_mix_gdp_pc_tilt
13-2082,TW,5207,30465.0,FIXTURE:us_mix_gdp_pc_tilt
13-2099,TW,8996,46905.0,FIXTURE:us_mix_gdp_pc_tilt
15-1211,TW,35374,57305.0,FIXTURE:us_mix_gdp_pc_tilt
15-1212,TW,12981,66255.0,FIXTURE:us_mix_gdp_pc_tilt
15-1221,TW,2533,76965.0,FIXTURE:us_mix_gdp_pc_tilt
15-1231,TW,9954,40935.0,FIXTURE:us_mix_gdp_pc_tilt
15-1232,TW,48832,33665.0,FIXTURE:us_mix_gdp_pc_tilt
15-1241,TW,12238,69790.0,FIXTURE:us_mix_gdp_pc_tilt
15-1242,TW,4765,55045.0,FIXTURE:us_mix_gdp_pc_tilt
15-1243,TW,4571,72220.0,FIXTURE:us_mix_gdp_pc_tilt
15-1244,TW,21403,51840.0,FIXTURE:us_mix_gdp_pc_tilt
15-1251,TW,6280,52585.0,FIXTURE:us_mix_gdp_pc_tilt
15-1252,TW,114924,74050.0,FIXTURE:us_mix_gdp_pc_tilt
15-1253,TW,12715,55745.0,FIXTURE:us_mix_gdp_pc_tilt
15-1254,TW,4779,49385.0,FIXTURE:us_mix_gdp_pc_tilt
15-1255,TW,7716,58745.0,FIXTURE:us_mix_gdp_pc_tilt
15-1299,TW,29643,61115.0,FIXTURE:us_mix_gdp_pc_tilt
15-2011,TW,1816,70740.0,FIXTURE:us_mix_gdp_pc_tilt
15-2021,TW,138,64630.0,FIXTURE:us_mix_gdp_pc_tilt
15-2031,TW,7388,49865.0,FIXTURE:us_mix_gdp_pc_tilt
15-2041,TW,1977,57850.0,FIXTURE:us_mix_gdp_pc_tilt
15-2051,TW,17869,63400.0,FIXTURE:us_mix_gdp_pc_tilt
15-2099,TW,253,45775.0,FIXTURE:us_mix_gdp_pc_tilt
17-1011,TW,7270,53130.0,FIXTURE:us_mix_gdp_pc_tilt
17-1012,TW,1335,44390.0,FIXTURE:us_mix_gdp_pc_tilt
17-1021,TW,971,43345.0,FIXTURE:us_mix_gdp_pc_tilt
17-1022,TW,3461,40285.0,FIXTURE:us_mix_gdp_pc_tilt
17-2011,TW,4610,71030.0,FIXTURE:us_mix_gdp_pc_tilt
17-2021,TW,101,54115.0,FIXTURE:us_mix_gdp_pc_tilt
17-2031,TW,1599,58445.0,FIXTURE:us_mix_gdp_pc_tilt
17-2041,TW,1435,64990.0,FIXTURE:us_mix_gdp_pc_tilt
17-2051,TW,25045,54335.0,FIXTURE:us_mix_gdp_pc_tilt
17-2061,TW,5220,81335.0,FIXTURE:us_mix_gdp_pc_tilt
17-2071,TW,13532,62550.0,FIXTURE:us_mix_gdp_pc_tilt
17-2072,TW,6598,68640.0,FIXTURE:us_mix_gdp_pc_tilt
17-2081,TW,2610,56455.0,FIXTURE:us_mix_gdp_pc_tilt
17-2111,TW,1460,59885.0,FIXTURE:us_mix_gdp_pc_tilt
17-2112,TW,24902,54950.0,FIXTURE:us_mix_gdp_pc_tilt
17-2121,TW,562,62090.0,FIXTURE:us_mix_gdp_pc_tilt
17-2131,TW,1550,60125.0,FIXTURE:us_mix_gdp_pc_tilt
17-2141,TW,20209,56805.0,FIXTURE:us_mix_gdp_pc_tilt
17-2151,TW,414,57705.0,FIXTURE:us_mix_gdp_pc_tilt
17-2161,TW,1040,70210.0,FIXTURE:us_mix_gdp_pc_tilt
17-2171,TW,1230,78575.0,FIXTURE:us_mix_gdp_pc_tilt
17-2199,TW,10490,62665.0,FIXTURE:us_mix_gdp_pc_tilt
17-3011,TW,7061,35370.0,FIXTURE:us_mix_gdp_pc_tilt
17-3012,TW,1220,40640.0,FIXTURE:us_mix_gdp_pc_tilt
17-3013,TW,2721,37530.0,FIXTURE:us_mix_gdp_pc_tilt
17-3019,TW,985,34125.0,FIXTURE:us_mix_gdp_pc_tilt
17-3021,TW,768,45655.0,FIXTURE:us_mix_gdp_pc_tilt
17-3022,TW,4665,34495.0,FIXTURE:us_mix_gdp_pc_tilt
17-3023,TW,6477,40340.0,FIXTURE:us_mix_gdp_pc_tilt
17-3024,TW,1057,38210.0,FIXTURE:us_mix_gdp_pc_tilt
17-3025,TW,830,32435.0,FIXTURE:us_mix_gdp_pc_tilt
17-3026,TW,5145,35350.0,FIXTURE:us_mix_gdp_pc_tilt
17-3027,TW,2464,38190.0,FIXTURE:us_mix_gdp_pc_tilt
17-3028,TW,1126,37085.0,FIXTURE:us_mix_gdp_pc_tilt
17-3029,TW,4080,40480.0,FIXTURE:us_mix_gdp_pc_tilt
17-3031,TW,3950,29000.0,FIXTURE:us_mix_gdp_pc_tilt
19-1011,TW,211,44175.0,FIXTURE:us_mix_gdp_pc_tilt
19-1012,TW,889,47680.0,FIXTURE:us_mix_gdp_pc_tilt
19-1013,TW,1071,43860.0,FIXTURE:us_mix_gdp_pc_tilt
19-1021,TW,2303,64920.0,FIXTURE:us_mix_gdp_pc_tilt
19-1022,TW,1290,48800.0,FIXTURE:us_mix_gdp_pc_tilt
19-1023,TW,1234,41510.0,FIXTURE:us_mix_gdp_pc_tilt
19-1029,TW,3803,53165.0,FIXTURE:us_mix_gdp_pc_tilt
19-1031,TW,1767,38565.0,FIXTURE:us_mix_gdp_pc_tilt
19-1032,TW,710,39585.0,FIXTURE:us_mix_gdp_pc_tilt
19-1041,TW,823,48945.0,FIXTURE:us_mix_gdp_pc_tilt
19-1042,TW,11734,58420.0,FIXTURE:us_mix_gdp_pc_tilt
19-1099,TW,508,53930.0,FIXTURE:us_mix_gdp_pc_tilt
19-2011,TW,144,66460.0,FIXTURE:us_mix_gdp_pc_tilt
19-2012,TW,1391,85590.0,FIXTURE:us_mix_gdp_pc_tilt
19-2021,TW,681,53055.0,FIXTURE:us_mix_gdp_pc_tilt
19-2031,TW,5636,50225.0,FIXTURE:us_mix_gdp_pc_tilt
19-2032,TW,577,63090.0,FIXTURE:us_mix_gdp_pc_tilt
19-2041,TW,6077,45840.0,FIXTURE:us_mix_gdp_pc_tilt
19-2042,TW,1598,58075.0,FIXTURE:us_mix_gdp_pc_tilt
19-2043,TW,398,51800.0,FIXTURE:us_mix_gdp_pc_tilt
19-2099,TW,1518,64615.0,FIXTURE:us_mix_gdp_pc_tilt
19-3011,TW,1211,71065.0,FIXTURE:us_mix_gdp_pc_tilt
19-3022,TW,564,39790.0,FIXTURE:us_mix_gdp_pc_tilt
19-3032,TW,54,85115.0,FIXTURE:us_mix_gdp_pc_tilt
19-3033,TW,5174,56375.0,FIXTURE:us_mix_gdp_pc_tilt
19-3034,TW,4354,49580.0,FIXTURE:us_mix_gdp_pc_tilt
19-3039,TW,1281,55605.0,FIXTURE:us_mix_gdp_pc_tilt
19-3041,TW,154,57460.0,FIXTURE:us_mix_gdp_pc_tilt
19-3051,TW,3012,47375.0,FIXTURE:us_mix_gdp_pc_tilt
19-3091,TW,612,37810.0,FIXTURE:us_mix_gdp_pc_tilt
19-3092,TW,95,51175.0,FIXTURE:us_mix_gdp_pc_tilt
19-3093,TW,235,40620.0,FIXTURE:us_mix_gdp_pc_tilt
19-3094,TW,377,71255.0,FIXTURE:us_mix_gdp_pc_tilt
19-3099,TW,2526,53845.0,FIXTURE:us_mix_gdp_pc_tilt
19-4012,TW,1030,26920.0,FIXTURE:us_mix_gdp_pc_tilt
19-4013,TW,994,28330.0,FIXTURE:us_mix_gdp_pc_tilt
19-4021,TW,4740,30690.0,FIXTURE:us_mix_gdp_pc_tilt
19-4031,TW,3918,31950.0,FIXTURE:us_mix_gdp_pc_tilt
19-4042,TW,2361,30400.0,FIXTURE:us_mix_gdp_pc_tilt
19-4043,TW,475,30935.0,FIXTURE:us_mix_gdp_pc_tilt
19-4044,TW,193,34765.0,FIXTURE:us_mix_gdp_pc_tilt
19-4051,TW,441,54470.0,FIXTURE:us_mix_gdp_pc_tilt
19-4061,TW,2086,33070.0,FIXTURE:us_mix_gdp_pc_tilt
19-4071,TW,2071,29530.0,FIXTURE:us_mix_gdp_pc_tilt
19-4092,TW,1302,39600.0,FIXTURE:us_mix_gdp_pc_tilt
19-4099,TW,5032,33140.0,FIXTURE:us_mix_gdp_pc_tilt
19-5011,TW,9574,46930.0,FIXTURE:us_mix_gdp_pc_tilt
19-5012,TW,2083,34060.0,FIXTURE:us_mix_gdp_pc_tilt
21-1012,TW,24056,35715.0,FIXTURE:us_mix_gdp_pc_tilt
21-1013,TW,4544,38480.0,FIXTURE:us_mix_gdp_pc_tilt
21-1015,TW,6451,25910.0,FIXTURE:us_mix_gdp_pc_tilt
21-1018,TW,33494,32220.0,FIXTURE:us_mix_gdp_pc_tilt
21-1019,TW,1946,29105.0,FIXTURE:us_mix_gdp_pc_tilt
21-1021,TW,26728,32000.0,FIXTURE:us_mix_gdp_pc_tilt
21-1022,TW,12775,35895.0,FIXTURE:us_mix_gdp_pc_tilt
21-1023,TW,9043,34015.0,FIXTURE:us_mix_gdp_pc_tilt
21-1029,TW,4285,37955.0,FIXTURE:us_mix_gdp_pc_tilt
21-1091,TW,4473,36640.0,FIXTURE:us_mix_gdp_pc_tilt
21-1092,TW,6086,36565.0,FIXTURE:us_mix_gdp_pc_tilt
21-1093,TW,29813,23845.0,FIXTURE:us_mix_gdp_pc_tilt
21-1094,TW,4198,28090.0,FIXTURE:us_mix_gdp_pc_tilt
21-1099,TW,7335,29795.0,FIXTURE:us_mix_gdp_pc_tilt
21-2011,TW,3895,33430.0,FIXTURE:us_mix_gdp_pc_tilt
21-2021,TW,1509,31050.0,FIXTURE:us_mix_gdp_pc_tilt
21-2099,TW,1073,26935.0,FIXTURE:us_mix_gdp_pc_tilt
23-1011,TW,51372,92920.0,FIXTURE:us_mix_gdp_pc_tilt
23-1012,TW,905,36475.0,FIXTURE:us_mix_gdp_pc_tilt
23-1021,TW,1115,62995.0,FIXTURE:us_mix_gdp_pc_tilt
23-1022,TW,627,45505.0,FIXTURE:us_mix_gdp_pc_tilt
23-1023,TW,1636,71915.0,FIXTURE:us_mix_gdp_pc_tilt
23-2011,TW,26750,34850.0,FIXTURE:us_mix_gdp_pc_tilt
23-2093,TW,3308,31175.0,FIXTURE:us_mix_gdp_pc_tilt
23-2099,TW,3184,44830.0,FIXTURE:us_mix_gdp_pc_tilt
25-1011,TW,5593,57360.0,FIXTURE:us_mix_gdp_pc_tilt
25-1021,TW,2416,52210.0,FIXTURE:us_mix_gdp_pc_tilt
25-1022,TW,3246,45775.0,FIXTURE:us_mix_gdp_pc_tilt
25-1031,TW,524,50625.0,FIXTURE:us_mix_gdp_pc_tilt
25-1032,TW,2742,62260.0,FIXTURE:us_mix_gdp_pc_tilt
25-1041,TW,607,51025.0,FIXTURE:us_mix_gdp_pc_tilt
25-1042,TW,3417,51420.0,FIXTURE:us_mix_gdp_pc_tilt
25-1043,TW,104,51225.0,FIXTURE:us_mix_gdp_pc_tilt
25-1051,TW,674,58010.0,FIXTURE:us_mix_gdp_pc_tilt
25-1052,TW,1360,52605.0,FIXTURE:us_mix_gdp_pc_tilt
25-1053,TW,456,51805.0,FIXTURE:us_mix_gdp_pc_tilt
25-1054,TW,891,55730.0,FIXTURE:us_mix_gdp_pc_tilt
25-1061,TW,357,53440.0,FIXTURE:us_mix_gdp_pc_tilt
25-1062,TW,769,49165.0,FIXTURE:us_mix_gdp_pc_tilt
25-1063,TW,787,69425.0,FIXTURE:us_mix_gdp_pc_tilt
25-1064,TW,227,51175.0,FIXTURE:us_mix_gdp_pc_tilt
25-1065,TW,1155,54050.0,FIXTURE:us_mix_gdp_pc_tilt
25-1066,TW,2828,46930.0,FIXTURE:us_mix_gdp_pc_tilt
25-1067,TW,807,48490.0,FIXTURE:us_mix_gdp_pc_tilt
25-1069,TW,1129,44195.0,FIXTURE:us_mix_gdp_pc_tilt
25-1071,TW,15066,73785.0,FIXTURE:us_mix_gdp_pc_tilt
25-1072,TW,5308,43205.0,FIXTURE:us_mix_gdp_pc_tilt
25-1081,TW,4142,39675.0,FIXTURE:us_mix_gdp_pc_tilt
25-1082,TW,247,44055.0,FIXTURE:us_mix_gdp_pc_tilt
25-1111,TW,895,43775.0,FIXTURE:us_mix_gdp_pc_tilt
25-1112,TW,1366,72385.0,FIXTURE:us_mix_gdp_pc_tilt
25-1113,TW,859,41970.0,FIXTURE:us_mix_gdp_pc_tilt
25-1121,TW,6370,47350.0,FIXTURE:us_mix_gdp_pc_tilt
25-1122,TW,2003,45005.0,FIXTURE:us_mix_gdp_pc_tilt
25-1123,TW,3930,44790.0,FIXTURE:us_mix_gdp_pc_tilt
25-1124,TW,1350,44995.0,FIXTURE:us_mix_gdp_pc_tilt
25-1125,TW,1279,48290.0,FIXTURE:us_mix_gdp_pc_tilt
25-1126,TW,1393,46020.0,FIXTURE:us_mix_gdp_pc_tilt
25-1192,TW,189,40970.0,FIXTURE:us_mix_gdp_pc_tilt
25-1193,TW,860,43310.0,FIXTURE:us_mix_gdp_pc_tilt
25-1194,TW,7769,36030.0,FIXTURE:us_mix_gdp_pc_tilt
25-1199,TW,10202,45315.0,FIXTURE:us_mix_gdp_pc_tilt
25-2011,TW,32599,21515.0,FIXTURE:us_mix_gdp_pc_tilt
25-2012,TW,7413,34685.0,FIXTURE:us_mix_gdp_pc_tilt
25-2021,TW,94532,36325.0,FIXTURE:us_mix_gdp_pc_tilt
25-2022,TW,42220,36015.0,FIXTURE:us_mix_gdp_pc_tilt
25-2023,TW,1149,35795.0,FIXTURE:us_mix_gdp_pc_tilt
25-2031,TW,72527,38160.0,FIXTURE:us_mix_gdp_pc_tilt
25-2032,TW,7586,36340.0,FIXTURE:us_mix_gdp_pc_tilt
25-2051,TW,2009,38190.0,FIXTURE:us_mix_gdp_pc_tilt
25-2052,TW,17762,36325.0,FIXTURE:us_mix_gdp_pc_tilt
25-2057,TW,6482,36890.0,FIXTURE:us_mix_gdp_pc_tilt
25-2058,TW,11162,38630.0,FIXTURE:us_mix_gdp_pc_tilt
25-2059,TW,2310,39875.0,FIXTURE:us_mix_gdp_pc_tilt
25-3011,TW,2540,32930.0,FIXTURE:us_mix_gdp_pc_tilt
25-3021,TW,22613,27370.0,FIXTURE:us_mix_gdp_pc_tilt
25-3031,TW,35730,23210.0,FIXTURE:us_mix_gdp_pc_tilt
25-3041,TW,11920,24025.0,FIXTURE:us_mix_gdp_pc_tilt
25-3099,TW,7748,36940.0,FIXTURE:us_mix_gdp_pc_tilt
25-4011,TW,543,35320.0,FIXTURE:us_mix_gdp_pc_tilt
25-4012,TW,827,35780.0,FIXTURE:us_mix_gdp_pc_tilt
25-4013,TW,838,28705.0,FIXTURE:us_mix_gdp_pc_tilt
25-4022,TW,9109,36420.0,FIXTURE:us_mix_gdp_pc_tilt
25-4031,TW,4677,22750.0,FIXTURE:us_mix_gdp_pc_tilt
25-9021,TW,560,30530.0,FIXTURE:us_mix_gdp_pc_tilt
25-9031,TW,15508,40460.0,FIXTURE:us_mix_gdp_pc_tilt
25-9044,TW,11172,23835.0,FIXTURE:us_mix_gdp_pc_tilt
25-9045,TW,96708,19145.0,FIXTURE:us_mix_gdp_pc_tilt
25-9099,TW,8075,29530.0,FIXTURE:us_mix_gdp_pc_tilt
27-1011,TW,3613,64720.0,FIXTURE:us_mix_gdp_pc_tilt
27-1012,TW,312,24870.0,FIXTURE:us_mix_gdp_pc_tilt
27-1013,TW,764,36575.0,FIXTURE:us_mix_gdp_pc_tilt
27-1014,TW,1360,56435.0,FIXTURE:us_mix_gdp_pc_tilt
27-1019,TW,472,40265.0,FIXTURE:us_mix_gdp_pc_tilt
27-1021,TW,2280,46630.0,FIXTURE:us_mix_gdp_pc_tilt
27-1022,TW,1460,45615.0,FIXTURE:us_mix_gdp_pc_tilt
27-1023,TW,2764,19760.0,FIXTURE:us_mix_gdp_pc_tilt
27-1024,TW,13470,35280.0,FIXTURE:us_mix_gdp_pc_tilt
27-1025,TW,4868,37270.0,FIXTURE:us_mix_gdp_pc_tilt
27-1026,TW,11249,21415.0,FIXTURE:us_mix_gdp_pc_tilt
27-1027,TW,724,41580.0,FIXTURE:us_mix_gdp_pc_tilt
27-1029,TW,645,39545.0,FIXTURE:us_mix_gdp_pc_tilt
27-2011,TW,3745,33050.0,FIXTURE:us_mix_gdp_pc_tilt
27-2012,TW,9745,56650.0,FIXTURE:us_mix_gdp_pc_tilt
27-2021,TW,1026,103090.0,FIXTURE:us_mix_gdp_pc_tilt
27-2022,TW,16950,30080.0,FIXTURE:us_mix_gdp_pc_tilt
27-2023,TW,1074,26505.0,FIXTURE:us_mix_gdp_pc_tilt
27-2031,TW,554,33050.0,FIXTURE:us_mix_gdp_pc_tilt
27-2032,TW,195,36550.0,FIXTURE:us_mix_gdp_pc_tilt
27-2041,TW,854,45235.0,FIXTURE:us_mix_gdp_pc_tilt
27-2042,TW,2463,33050.0,FIXTURE:us_mix_gdp_pc_tilt
27-2091,TW,539,33050.0,FIXTURE:us_mix_gdp_pc_tilt
27-2099,TW,1127,33050.0,FIXTURE:us_mix_gdp_pc_tilt
27-3011,TW,1446,39360.0,FIXTURE:us_mix_gdp_pc_tilt
27-3023,TW,2672,51230.0,FIXTURE:us_mix_gdp_pc_tilt
27-3031,TW,19295,42060.0,FIXTURE:us_mix_gdp_pc_tilt
27-3041,TW,6243,45030.0,FIXTURE:us_mix_gdp_pc_tilt
27-3042,TW,3098,48485.0,FIXTURE:us_mix_gdp_pc_tilt
27-3043,TW,3264,43045.0,FIXTURE:us_mix_gdp_pc_tilt
27-3091,TW,3545,33180.0,FIXTURE:us_mix_gdp_pc_tilt
27-3092,TW,876,39380.0,FIXTURE:us_mix_gdp_pc_tilt
27-3099,TW,1334,41930.0,FIXTURE:us_mix_gdp_pc_tilt
27-4011,TW,4782,32315.0,FIXTURE:us_mix_gdp_pc_tilt
27-4012,TW,1437,33980.0,FIXTURE:us_mix_gdp_pc_tilt
27-4014,TW,891,40695.0,FIXTURE:us_mix_gdp_pc_tilt
27-4015,TW,606,39190.0,FIXTURE:us_mix_gdp_pc_tilt
27-4021,TW,3524,27705.0,FIXTURE:us_mix_gdp_pc_tilt
27-4031,TW,1467,41605.0,FIXTURE:us_mix_gdp_pc_tilt
27-4032,TW,1744,43065.0,FIXTURE:us_mix_gdp_pc_tilt
27-4099,TW,848,40520.0,FIXTURE:us_mix_gdp_pc_tilt
29-1011,TW,2698,45260.0,FIXTURE:us_mix_gdp_pc_tilt
29-1021,TW,8469,95675.0,FIXTURE:us_mix_gdp_pc_tilt
29-1022,TW,334,173245.0,FIXTURE:us_mix_gdp_pc_tilt
29-1023,TW,423,129700.0,FIXTURE:us_mix_gdp_pc_tilt
29-1024,TW,59,134315.0,FIXTURE:us_mix_gdp_pc_tilt
29-1029,TW,356,123965.0,FIXTURE:us_mix_gdp_pc_tilt
29-1031,TW,5282,38565.0,FIXTURE:us_mix_gdp_pc_tilt
29-1041,TW,2913,70775.0,FIXTURE:us_mix_gdp_pc_tilt
29-1051,TW,21922,70460.0,FIXTURE:us_mix_gdp_pc_tilt
29-1071,TW,11040,70640.0,FIXTURE:us_mix_gdp_pc_tilt
29-1081,TW,659,87740.0,FIXTURE:us_mix_gdp_pc_tilt
29-1122,TW,11061,50640.0,FIXTURE:us_mix_gdp_pc_tilt
29-1123,TW,18202,52640.0,FIXTURE:us_mix_gdp_pc_tilt
29-1124,TW,1162,57495.0,FIXTURE:us_mix_gdp_pc_tilt
29-1125,TW,1017,33815.0,FIXTURE:us_mix_gdp_pc_tilt
29-1126,TW,9518,43650.0,FIXTURE:us_mix_gdp_pc_tilt
29-1127,TW,12487,49085.0,FIXTURE:us_mix_gdp_pc_tilt
29-1128,TW,583,30470.0,FIXTURE:us_mix_gdp_pc_tilt
29-1129,TW,1542,45210.0,FIXTURE:us_mix_gdp_pc_tilt
29-1131,TW,5713,71340.0,FIXTURE:us_mix_gdp_pc_tilt
29-1141,TW,230117,50710.0,FIXTURE:us_mix_gdp_pc_tilt
29-1151,TW,3530,124160.0,FIXTURE:us_mix_gdp_pc_tilt
29-1161,TW,539,68490.0,FIXTURE:us_mix_gdp_pc_tilt
29-1171,TW,21995,68650.0,FIXTURE:us_mix_gdp_pc_tilt
29-1181,TW,930,48870.0,FIXTURE:us_mix_gdp_pc_tilt
29-1211,TW,2639,180285.0,FIXTURE:us_mix_gdp_pc_tilt
29-1212,TW,1177,227470.0,FIXTURE:us_mix_gdp_pc_tilt
29-1213,TW,774,161765.0,FIXTURE:us_mix_gdp_pc_tilt
29-1214,TW,2239,158740.0,FIXTURE:us_mix_gdp_pc_tilt
29-1215,TW,7320,127910.0,FIXTURE:us_mix_gdp_pc_tilt
29-1216,TW,4572,133600.0,FIXTURE:us_mix_gdp_pc_tilt
29-1217,TW,721,133815.0,FIXTURE:us_mix_gdp_pc_tilt
29-1218,TW,1448,139520.0,FIXTURE:us_mix_gdp_pc_tilt
29-1221,TW,2682,106055.0,FIXTURE:us_mix_gdp_pc_tilt
29-1222,TW,756,142710.0,FIXTURE:us_mix_gdp_pc_tilt
29-1223,TW,1905,134970.0,FIXTURE:us_mix_gdp_pc_tilt
29-1224,TW,1823,190765.0,FIXTURE:us_mix_gdp_pc_tilt
29-1229,TW,23335,131020.0,FIXTURE:us_mix_gdp_pc_tilt
29-1241,TW,609,152325.0,FIXTURE:us_mix_gdp_pc_tilt
29-1242,TW,960,186785.0,FIXTURE:us_mix_gdp_pc_tilt
29-1243,TW,81,251025.0,FIXTURE:us_mix_gdp_pc_tilt
29-1249,TW,1712,186965.0,FIXTURE:us_mix_gdp_pc_tilt
29-1291,TW,533,43510.0,FIXTURE:us_mix_gdp_pc_tilt
29-1292,TW,15166,49495.0,FIXTURE:us_mix_gdp_pc_tilt
29-1299,TW,1949,63830.0,FIXTURE:us_mix_gdp_pc_tilt
29-2010,TW,22669,33675.0,FIXTURE:us_mix_gdp_pc_tilt
29-2031,TW,4287,38470.0,FIXTURE:us_mix_gdp_pc_tilt
29-2032,TW,6139,48620.0,FIXTURE:us_mix_gdp_pc_tilt
29-2033,TW,1163,52580.0,FIXTURE:us_mix_gdp_pc_tilt
29-2034,TW,15693,41920.0,FIXTURE:us_mix_gdp_pc_tilt
29-2035,TW,2954,48060.0,FIXTURE:us_mix_gdp_pc_tilt
29-2036,TW,232,74250.0,FIXTURE:us_mix_gdp_pc_tilt
29-2042,TW,12290,23415.0,FIXTURE:us_mix_gdp_pc_tilt
29-2043,TW,6850,31680.0,FIXTURE:us_mix_gdp_pc_tilt
29-2051,TW,2149,20315.0,FIXTURE:us_mix_gdp_pc_tilt
29-2052,TW,32116,23310.0,FIXTURE:us_mix_gdp_pc_tilt
29-2053,TW,10687,23305.0,FIXTURE:us_mix_gdp_pc_tilt
29-2055,TW,7998,34355.0,FIXTURE:us_mix_gdp_pc_tilt
29-2056,TW,8793,24560.0,FIXTURE:us_mix_gdp_pc_tilt
29-2057,TW,4835,23530.0,FIXTURE:us_mix_gdp_pc_tilt
29-2061,TW,44149,33525.0,FIXTURE:us_mix_gdp_pc_tilt
29-2072,TW,13258,28395.0,FIXTURE:us_mix_gdp_pc_tilt
29-2081,TW,5006,25885.0,FIXTURE:us_mix_gdp_pc_tilt
29-2091,TW,639,41870.0,FIXTURE:us_mix_gdp_pc_tilt
29-2092,TW,767,33185.0,FIXTURE:us_mix_gdp_pc_tilt
29-2099,TW,12433,29355.0,FIXTURE:us_mix_gdp_pc_tilt
29-9021,TW,2594,37485.0,FIXTURE:us_mix_gdp_pc_tilt
29-9091,TW,2077,33310.0,FIXTURE:us_mix_gdp_pc_tilt
29-9092,TW,255,52310.0,FIXTURE:us_mix_gdp_pc_tilt
29-9093,TW,1516,36355.0,FIXTURE:us_mix_gdp_pc_tilt
29-9099,TW,2384,38360.0,FIXTURE:us_mix_gdp_pc_tilt
31-1120,TW,326948,18060.0,FIXTURE:us_mix_gdp_pc_tilt
31-1131,TW,110018,21350.0,FIXTURE:us_mix_gdp_pc_tilt
31-1132,TW,3982,20330.0,FIXTURE:us_mix_gdp_pc_tilt
31-1133,TW,2697,22845.0,FIXTURE:us_mix_gdp_pc_tilt
31-2011,TW,3895,35355.0,FIXTURE:us_mix_gdp_pc_tilt
31-2012,TW,327,22055.0,FIXTURE:us_mix_gdp_pc_tilt
31-2021,TW,8537,34365.0,FIXTURE:us_mix_gdp_pc_tilt
31-2022,TW,3656,18215.0,FIXTURE:us_mix_gdp_pc_tilt
31-9011,TW,7501,31915.0,FIXTURE:us_mix_gdp_pc_tilt
31-9091,TW,29446,25100.0,FIXTURE:us_mix_gdp_pc_tilt
31-9092,TW,62102,23060.0,FIXTURE:us_mix_gdp_pc_tilt
31-9093,TW,5879,25255.0,FIXTURE:us_mix_gdp_pc_tilt
31-9094,TW,3155,20855.0,FIXTURE:us_mix_gdp_pc_tilt
31-9095,TW,3002,20225.0,FIXTURE:us_mix_gdp_pc_tilt
31-9096,TW,9611,20170.0,FIXTURE:us_mix_gdp_pc_tilt
31-9097,TW,10899,22760.0,FIXTURE:us_mix_gdp_pc_tilt
31-9099,TW,8333,25405.0,FIXTURE:us_mix_gdp_pc_tilt
33-1011,TW,4053,42190.0,FIXTURE:us_mix_gdp_pc_tilt
33-1012,TW,11740,56095.0,FIXTURE:us_mix_gdp_pc_tilt
33-1021,TW,7528,48465.0,FIXTURE:us_mix_gdp_pc_tilt
33-1091,TW,6187,29950.0,FIXTURE:us_mix_gdp_pc_tilt
33-1099,TW,1571,37195.0,FIXTURE:us_mix_gdp_pc_tilt
33-2011,TW,26272,31815.0,FIXTURE:us_mix_gdp_pc_tilt
33-2021,TW,1048,39335.0,FIXTURE:us_mix_gdp_pc_tilt
33-2022,TW,211,33320.0,FIXTURE:us_mix_gdp_pc_tilt
33-3011,TW,1314,30830.0,FIXTURE:us_mix_gdp_pc_tilt
33-3012,TW,28892,31815.0,FIXTURE:us_mix_gdp_pc_tilt
33-3021,TW,8689,49715.0,FIXTURE:us_mix_gdp_pc_tilt
33-3031,TW,438,37475.0,FIXTURE:us_mix_gdp_pc_tilt
33-3041,TW,687,25595.0,FIXTURE:us_mix_gdp_pc_tilt
33-3051,TW,50914,39600.0,FIXTURE:us_mix_gdp_pc_tilt
33-3052,TW,333,45905.0,FIXTURE:us_mix_gdp_pc_tilt
33-9011,TW,917,24220.0,FIXTURE:us_mix_gdp_pc_tilt
33-9021,TW,2702,30075.0,FIXTURE:us_mix_gdp_pc_tilt
33-9031,TW,723,22815.0,FIXTURE:us_mix_gdp_pc_tilt
33-9032,TW,97456,21235.0,FIXTURE:us_mix_gdp_pc_tilt
33-9091,TW,7165,21675.0,FIXTURE:us_mix_gdp_pc_tilt
33-9092,TW,11963,17235.0,FIXTURE:us_mix_gdp_pc_tilt
33-9093,TW,3819,32155.0,FIXTURE:us_mix_gdp_pc_tilt
33-9094,TW,5955,17575.0,FIXTURE:us_mix_gdp_pc_tilt
33-9099,TW,6188,24035.0,FIXTURE:us_mix_gdp_pc_tilt
35-1011,TW,16939,33350.0,FIXTURE:us_mix_gdp_pc_tilt
35-1012,TW,103584,23090.0,FIXTURE:us_mix_gdp_pc_tilt
35-2011,TW,54286,16195.0,FIXTURE:us_mix_gdp_pc_tilt
35-2012,TW,37348,19405.0,FIXTURE:us_mix_gdp_pc_tilt
35-2013,TW,93,26840.0,FIXTURE:us_mix_gdp_pc_tilt
35-2014,TW,119389,19365.0,FIXTURE:us_mix_gdp_pc_tilt
35-2015,TW,11741,18060.0,FIXTURE:us_mix_gdp_pc_tilt
35-2019,TW,1639,19575.0,FIXTURE:us_mix_gdp_pc_tilt
35-2021,TW,75670,17645.0,FIXTURE:us_mix_gdp_pc_tilt
35-3011,TW,64051,20395.0,FIXTURE:us_mix_gdp_pc_tilt
35-3023,TW,326360,16075.0,FIXTURE:us_mix_gdp_pc_tilt
35-3031,TW,192300,20030.0,FIXTURE:us_mix_gdp_pc_tilt
35-3041,TW,24887,18070.0,FIXTURE:us_mix_gdp_pc_tilt
35-9011,TW,45960,17115.0,FIXTURE:us_mix_gdp_pc_tilt
35-9021,TW,40430,17155.0,FIXTURE:us_mix_gdp_pc_tilt
35-9031,TW,36640,16345.0,FIXTURE:us_mix_gdp_pc_tilt
35-9099,TW,7166,18405.0,FIXTURE:us_mix_gdp_pc_tilt
37-1011,TW,15137,26660.0,FIXTURE:us_mix_gdp_pc_tilt
37-1012,TW,11073,30480.0,FIXTURE:us_mix_gdp_pc_tilt
37-2011,TW,187122,19380.0,FIXTURE:us_mix_gdp_pc_tilt
37-2012,TW,72881,18540.0,FIXTURE:us_mix_gdp_pc_tilt
37-2019,TW,1457,23210.0,FIXTURE:us_mix_gdp_pc_tilt
37-2021,TW,8690,23200.0,FIXTURE:us_mix_gdp_pc_tilt
37-3011,TW,80669,21145.0,FIXTURE:us_mix_gdp_pc_tilt
37-3012,TW,2291,23535.0,FIXTURE:us_mix_gdp_pc_tilt
37-3013,TW,4671,27985.0,FIXTURE:us_mix_gdp_pc_tilt
37-3019,TW,1154,24415.0,FIXTURE:us_mix_gdp_pc_tilt
39-1013,TW,1975,32415.0,FIXTURE:us_mix_gdp_pc_tilt
39-1014,TW,7835,26775.0,FIXTURE:us_mix_gdp_pc_tilt
39-1022,TW,8665,26180.0,FIXTURE:us_mix_gdp_pc_tilt
39-2011,TW,1425,23510.0,FIXTURE:us_mix_gdp_pc_tilt
39-2021,TW,20267,18650.0,FIXTURE:us_mix_gdp_pc_tilt
39-3011,TW,6371,21275.0,FIXTURE:us_mix_gdp_pc_tilt
39-3012,TW,680,18225.0,FIXTURE:us_mix_gdp_pc_tilt
39-3019,TW,1074,20690.0,FIXTURE:us_mix_gdp_pc_tilt
39-3021,TW,112,25740.0,FIXTURE:us_mix_gdp_pc_tilt
39-3031,TW,9246,16540.0,FIXTURE:us_mix_gdp_pc_tilt
39-3091,TW,30208,16320.0,FIXTURE:us_mix_gdp_pc_tilt
39-3092,TW,494,31720.0,FIXTURE:us_mix_gdp_pc_tilt
39-3093,TW,1182,19230.0,FIXTURE:us_mix_gdp_pc_tilt
39-3099,TW,536,17490.0,FIXTURE:us_mix_gdp_pc_tilt
39-4011,TW,295,29195.0,FIXTURE:us_mix_gdp_pc_tilt
39-4012,TW,226,22835.0,FIXTURE:us_mix_gdp_pc_tilt
39-4021,TW,2361,18595.0,FIXTURE:us_mix_gdp_pc_tilt
39-4031,TW,1906,29080.0,FIXTURE:us_mix_gdp_pc_tilt
39-5011,TW,1139,23535.0,FIXTURE:us_mix_gdp_pc_tilt
39-5012,TW,23213,21980.0,FIXTURE:us_mix_gdp_pc_tilt
39-5091,TW,178,51120.0,FIXTURE:us_mix_gdp_pc_tilt
39-5092,TW,11600,19285.0,FIXTURE:us_mix_gdp_pc_tilt
39-5093,TW,613,15990.0,FIXTURE:us_mix_gdp_pc_tilt
39-5094,TW,5535,25925.0,FIXTURE:us_mix_gdp_pc_tilt
39-6011,TW,2165,19285.0,FIXTURE:us_mix_gdp_pc_tilt
39-6012,TW,3739,21255.0,FIXTURE:us_mix_gdp_pc_tilt
39-7010,TW,4062,21860.0,FIXTURE:us_mix_gdp_pc_tilt
39-9011,TW,39402,17515.0,FIXTURE:us_mix_gdp_pc_tilt
39-9031,TW,24521,26210.0,FIXTURE:us_mix_gdp_pc_tilt
39-9032,TW,25171,19260.0,FIXTURE:us_mix_gdp_pc_tilt
39-9041,TW,6436,21995.0,FIXTURE:us_mix_gdp_pc_tilt
39-9099,TW,4588,20060.0,FIXTURE:us_mix_gdp_pc_tilt
41-1011,TW,85180,26690.0,FIXTURE:us_mix_gdp_pc_tilt
41-1012,TW,16279,49685.0,FIXTURE:us_mix_gdp_pc_tilt
41-2011,TW,234584,16590.0,FIXTURE:us_mix_gdp_pc_tilt
41-2012,TW,1635,19550.0,FIXTURE:us_mix_gdp_pc_tilt
41-2021,TW,30434,22850.0,FIXTURE:us_mix_gdp_pc_tilt
41-2022,TW,20507,21915.0,FIXTURE:us_mix_gdp_pc_tilt
41-2031,TW,295971,18655.0,FIXTURE:us_mix_gdp_pc_tilt
41-3011,TW,6963,40335.0,FIXTURE:us_mix_gdp_pc_tilt
41-3021,TW,36379,40740.0,FIXTURE:us_mix_gdp_pc_tilt
41-3031,TW,37174,54575.0,FIXTURE:us_mix_gdp_pc_tilt
41-3041,TW,4185,27330.0,FIXTURE:us_mix_gdp_pc_tilt
41-3091,TW,95371,41215.0,FIXTURE:us_mix_gdp_pc_tilt
41-4011,TW,21625,59865.0,FIXTURE:us_mix_gdp_pc_tilt
41-4012,TW,94018,41265.0,FIXTURE:us_mix_gdp_pc_tilt
41-9011,TW,4899,22790.0,FIXTURE:us_mix_gdp_pc_tilt
41-9012,TW,287,36400.0,FIXTURE:us_mix_gdp_pc_tilt
41-9021,TW,3500,41975.0,FIXTURE:us_mix_gdp_pc_tilt
41-9022,TW,14683,34755.0,FIXTURE:us_mix_gdp_pc_tilt
41-9031,TW,3933,65070.0,FIXTURE:us_mix_gdp_pc_tilt
41-9041,TW,4437,18685.0,FIXTURE:us_mix_gdp_pc_tilt
41-9091,TW,210,21925.0,FIXTURE:us_mix_gdp_pc_tilt
41-9099,TW,7075,29255.0,FIXTURE:us_mix_gdp_pc_tilt
43-1011,TW,109090,36745.0,FIXTURE:us_mix_gdp_pc_tilt
43-2011,TW,2603,21150.0,FIXTURE:us_mix_gdp_pc_tilt
43-2021,TW,260,22485.0,FIXTURE:us_mix_gdp_pc_tilt
43-2099,TW,91,31065.0,FIXTURE:us_mix_gdp_pc_tilt
43-3011,TW,12060,24530.0,FIXTURE:us_mix_gdp_pc_tilt
43-3021,TW,30681,25535.0,FIXTURE:us_mix_gdp_pc_tilt
43-3031,TW,104306,26780.0,FIXTURE:us_mix_gdp_pc_tilt
43-3041,TW,1096,19755.0,FIXTURE:us_mix_gdp_pc_tilt
43-3051,TW,11628,29815.0,FIXTURE:us_mix_gdp_pc_tilt
43-3061,TW,4238,26185.0,FIXTURE:us_mix_gdp_pc_tilt
43-3071,TW,25018,21175.0,FIXTURE:us_mix_gdp_pc_tilt
43-3099,TW,2753,28225.0,FIXTURE:us_mix_gdp_pc_tilt
43-4011,TW,2729,36425.0,FIXTURE:us_mix_gdp_pc_tilt
43-4021,TW,326,24045.0,FIXTURE:us_mix_gdp_pc_tilt
43-4031,TW,13649,26160.0,FIXTURE:us_mix_gdp_pc_tilt
43-4041,TW,913,25710.0,FIXTURE:us_mix_gdp_pc_tilt
43-4051,TW,197100,23295.0,FIXTURE:us_mix_gdp_pc_tilt
43-4061,TW,11754,28045.0,FIXTURE:us_mix_gdp_pc_tilt
43-4071,TW,5576,22795.0,FIXTURE:us_mix_gdp_pc_tilt
43-4081,TW,19850,17775.0,FIXTURE:us_mix_gdp_pc_tilt
43-4111,TW,11242,23620.0,FIXTURE:us_mix_gdp_pc_tilt
43-4121,TW,6494,19685.0,FIXTURE:us_mix_gdp_pc_tilt
43-4131,TW,12513,26260.0,FIXTURE:us_mix_gdp_pc_tilt
43-4141,TW,2799,24685.0,FIXTURE:us_mix_gdp_pc_tilt
43-4151,TW,5710,24110.0,FIXTURE:us_mix_gdp_pc_tilt
43-4161,TW,6851,26125.0,FIXTURE:us_mix_gdp_pc_tilt
43-4171,TW,69112,19730.0,FIXTURE:us_mix_gdp_pc_tilt
43-4181,TW,9014,24815.0,FIXTURE:us_mix_gdp_pc_tilt
43-4199,TW,10245,25745.0,FIXTURE:us_mix_gdp_pc_tilt
43-5011,TW,7416,28615.0,FIXTURE:us_mix_gdp_pc_tilt
43-5021,TW,5212,20485.0,FIXTURE:us_mix_gdp_pc_tilt
43-5031,TW,7783,28370.0,FIXTURE:us_mix_gdp_pc_tilt
43-5032,TW,15400,27370.0,FIXTURE:us_mix_gdp_pc_tilt
43-5041,TW,1475,27690.0,FIXTURE:us_mix_gdp_pc_tilt
43-5051,TW,5598,30930.0,FIXTURE:us_mix_gdp_pc_tilt
43-5052,TW,24968,31270.0,FIXTURE:us_mix_gdp_pc_tilt
43-5053,TW,7988,29715.0,FIXTURE:us_mix_gdp_pc_tilt
43-5061,TW,29626,31075.0,FIXTURE:us_mix_gdp_pc_tilt
43-5071,TW,62026,23405.0,FIXTURE:us_mix_gdp_pc_tilt
43-5111,TW,4047,23815.0,FIXTURE:us_mix_gdp_pc_tilt
43-6011,TW,34922,39570.0,FIXTURE:us_mix_gdp_pc_tilt
43-6012,TW,11867,30310.0,FIXTURE:us_mix_gdp_pc_tilt
43-6013,TW,73017,23400.0,FIXTURE:us_mix_gdp_pc_tilt
43-6014,TW,129600,24675.0,FIXTURE:us_mix_gdp_pc_tilt
43-9021,TW,9649,21655.0,FIXTURE:us_mix_gdp_pc_tilt
43-9022,TW,2658,25560.0,FIXTURE:us_mix_gdp_pc_tilt
43-9031,TW,254,30985.0,FIXTURE:us_mix_gdp_pc_tilt
43-9041,TW,16269,26460.0,FIXTURE:us_mix_gdp_pc_tilt
43-9051,TW,4194,20825.0,FIXTURE:us_mix_gdp_pc_tilt
43-9061,TW,187167,23210.0,FIXTURE:us_mix_gdp_pc_tilt
43-9071,TW,1908,21610.0,FIXTURE:us_mix_gdp_pc_tilt
43-9081,TW,348,27400.0,FIXTURE:us_mix_gdp_pc_tilt
43-9111,TW,358,27825.0,FIXTURE:us_mix_gdp_pc_tilt
43-9199,TW,14599,24335.0,FIXTURE:us_mix_gdp_pc_tilt
45-1011,TW,2368,31365.0,FIXTURE:us_mix_gdp_pc_tilt
45-2011,TW,1220,27455.0,FIXTURE:us_mix_gdp_pc_tilt
45-2021,TW,113,28505.0,FIXTURE:us_mix_gdp_pc_tilt
45-2041,TW,2132,18215.0,FIXTURE:us_mix_gdp_pc_tilt
45-2091,TW,2413,21855.0,FIXTURE:us_mix_gdp_pc_tilt
45-2092,TW,22482,18815.0,FIXTURE:us_mix_gdp_pc_tilt
45-2093,TW,2778,19630.0,FIXTURE:us_mix_gdp_pc_tilt
45-2099,TW,307,22755.0,FIXTURE:us_mix_gdp_pc_tilt
45-4011,TW,512,21840.0,FIXTURE:us_mix_gdp_pc_tilt
45-4021,TW,265,28555.0,FIXTURE:us_mix_gdp_pc_tilt
45-4022,TW,1783,26595.0,FIXTURE:us_mix_gdp_pc_tilt
45-4023,TW,260,23885.0,FIXTURE:us_mix_gdp_pc_tilt
45-4029,TW,144,26455.0,FIXTURE:us_mix_gdp_pc_tilt
47-1011,TW,68778,43225.0,FIXTURE:us_mix_gdp_pc_tilt
47-2011,TW,863,40045.0,FIXTURE:us_mix_gdp_pc_tilt
47-2021,TW,4450,34140.0,FIXTURE:us_mix_gdp_pc_tilt
47-2022,TW,662,30355.0,FIXTURE:us_mix_gdp_pc_tilt
47-2031,TW,56743,32815.0,FIXTURE:us_mix_gdp_pc_tilt
47-2041,TW,1167,28495.0,FIXTURE:us_mix_gdp_pc_tilt
47-2042,TW,2002,30880.0,FIXTURE:us_mix_gdp_pc_tilt
47-2043,TW,315,26230.0,FIXTURE:us_mix_gdp_pc_tilt
47-2044,TW,3036,29625.0,FIXTURE:us_mix_gdp_pc_tilt
47-2051,TW,17458,30025.0,FIXTURE:us_mix_gdp_pc_tilt
47-2053,TW,100,42460.0,FIXTURE:us_mix_gdp_pc_tilt
47-2061,TW,92875,26015.0,FIXTURE:us_mix_gdp_pc_tilt
47-2071,TW,3541,29500.0,FIXTURE:us_mix_gdp_pc_tilt
47-2072,TW,196,40355.0,FIXTURE:us_mix_gdp_pc_tilt
47-2073,TW,40485,33145.0,FIXTURE:us_mix_gdp_pc_tilt
47-2081,TW,7035,31800.0,FIXTURE:us_mix_gdp_pc_tilt
47-2082,TW,1087,36355.0,FIXTURE:us_mix_gdp_pc_tilt
47-2111,TW,64121,35745.0,FIXTURE:us_mix_gdp_pc_tilt
47-2121,TW,4952,29860.0,FIXTURE:us_mix_gdp_pc_tilt
47-2131,TW,3763,27370.0,FIXTURE:us_mix_gdp_pc_tilt
47-2132,TW,2173,32765.0,FIXTURE:us_mix_gdp_pc_tilt
47-2141,TW,19069,27710.0,FIXTURE:us_mix_gdp_pc_tilt
47-2142,TW,133,26865.0,FIXTURE:us_mix_gdp_pc_tilt
47-2151,TW,2799,27350.0,FIXTURE:us_mix_gdp_pc_tilt
47-2152,TW,39447,36085.0,FIXTURE:us_mix_gdp_pc_tilt
47-2161,TW,1635,31025.0,FIXTURE:us_mix_gdp_pc_tilt
47-2171,TW,1169,33030.0,FIXTURE:us_mix_gdp_pc_tilt
47-2181,TW,11473,29070.0,FIXTURE:us_mix_gdp_pc_tilt
47-2211,TW,10142,33925.0,FIXTURE:us_mix_gdp_pc_tilt
47-2221,TW,5790,35140.0,FIXTURE:us_mix_gdp_pc_tilt
47-2231,TW,2655,28950.0,FIXTURE:us_mix_gdp_pc_tilt
47-3011,TW,1200,25460.0,FIXTURE:us_mix_gdp_pc_tilt
47-3012,TW,1836,22025.0,FIXTURE:us_mix_gdp_pc_tilt
47-3013,TW,5388,22040.0,FIXTURE:us_mix_gdp_pc_tilt
47-3014,TW,634,21220.0,FIXTURE:us_mix_gdp_pc_tilt
47-3015,TW,3754,21865.0,FIXTURE:us_mix_gdp_pc_tilt
47-3016,TW,511,22575.0,FIXTURE:us_mix_gdp_pc_tilt
47-3019,TW,2098,22570.0,FIXTURE:us_mix_gdp_pc_tilt
47-4011,TW,12424,38865.0,FIXTURE:us_mix_gdp_pc_tilt
47-4021,TW,2015,54910.0,FIXTURE:us_mix_gdp_pc_tilt
47-4031,TW,2073,25265.0,FIXTURE:us_mix_gdp_pc_tilt
47-4041,TW,4379,28215.0,FIXTURE:us_mix_gdp_pc_tilt
47-4051,TW,13122,26540.0,FIXTURE:us_mix_gdp_pc_tilt
47-4061,TW,1658,34370.0,FIXTURE:us_mix_gdp_pc_tilt
47-4071,TW,2595,26750.0,FIXTURE:us_mix_gdp_pc_tilt
47-4090,TW,2403,27565.0,FIXTURE:us_mix_gdp_pc_tilt
47-5011,TW,897,30105.0,FIXTURE:us_mix_gdp_pc_tilt
47-5012,TW,1067,36065.0,FIXTURE:us_mix_gdp_pc_tilt
47-5013,TW,3653,31235.0,FIXTURE:us_mix_gdp_pc_tilt
47-5022,TW,2920,29965.0,FIXTURE:us_mix_gdp_pc_tilt
47-5023,TW,1647,31415.0,FIXTURE:us_mix_gdp_pc_tilt
47-5032,TW,432,33320.0,FIXTURE:us_mix_gdp_pc_tilt
47-5041,TW,1186,32525.0,FIXTURE:us_mix_gdp_pc_tilt
47-5043,TW,183,39050.0,FIXTURE:us_mix_gdp_pc_tilt
47-5044,TW,502,35620.0,FIXTURE:us_mix_gdp_pc_tilt
47-5049,TW,269,34930.0,FIXTURE:us_mix_gdp_pc_tilt
47-5051,TW,281,25750.0,FIXTURE:us_mix_gdp_pc_tilt
47-5071,TW,3808,24600.0,FIXTURE:us_mix_gdp_pc_tilt
47-5081,TW,567,25310.0,FIXTURE:us_mix_gdp_pc_tilt
47-5099,TW,469,28945.0,FIXTURE:us_mix_gdp_pc_tilt
49-1011,TW,46888,42610.0,FIXTURE:us_mix_gdp_pc_tilt
49-2011,TW,4981,25440.0,FIXTURE:us_mix_gdp_pc_tilt
49-2021,TW,846,34935.0,FIXTURE:us_mix_gdp_pc_tilt
49-2022,TW,10700,34250.0,FIXTURE:us_mix_gdp_pc_tilt
49-2091,TW,1430,41690.0,FIXTURE:us_mix_gdp_pc_tilt
49-2092,TW,1097,29305.0,FIXTURE:us_mix_gdp_pc_tilt
49-2093,TW,527,41650.0,FIXTURE:us_mix_gdp_pc_tilt
49-2094,TW,4936,37785.0,FIXTURE:us_mix_gdp_pc_tilt
49-2095,TW,1573,50380.0,FIXTURE:us_mix_gdp_pc_tilt
49-2096,TW,649,25780.0,FIXTURE:us_mix_gdp_pc_tilt
49-2097,TW,1502,28965.0,FIXTURE:us_mix_gdp_pc_tilt
49-2098,TW,6556,30480.0,FIXTURE:us_mix_gdp_pc_tilt
49-3011,TW,10485,42370.0,FIXTURE:us_mix_gdp_pc_tilt
49-3021,TW,11337,29845.0,FIXTURE:us_mix_gdp_pc_tilt
49-3022,TW,1542,25215.0,FIXTURE:us_mix_gdp_pc_tilt
49-3023,TW,53505,28210.0,FIXTURE:us_mix_gdp_pc_tilt
49-3031,TW,22017,32160.0,FIXTURE:us_mix_gdp_pc_tilt
49-3041,TW,2876,28645.0,FIXTURE:us_mix_gdp_pc_tilt
49-3042,TW,13410,34620.0,FIXTURE:us_mix_gdp_pc_tilt
49-3043,TW,1621,35340.0,FIXTURE:us_mix_gdp_pc_tilt
49-3051,TW,1763,29035.0,FIXTURE:us_mix_gdp_pc_tilt
49-3052,TW,1026,26185.0,FIXTURE:us_mix_gdp_pc_tilt
49-3053,TW,2738,24995.0,FIXTURE:us_mix_gdp_pc_tilt
49-3091,TW,924,21365.0,FIXTURE:us_mix_gdp_pc_tilt
49-3092,TW,1323,28220.0,FIXTURE:us_mix_gdp_pc_tilt
49-3093,TW,8232,20085.0,FIXTURE:us_mix_gdp_pc_tilt
49-9011,TW,2059,28770.0,FIXTURE:us_mix_gdp_pc_tilt
49-9012,TW,3663,38105.0,FIXTURE:us_mix_gdp_pc_tilt
49-9021,TW,31107,32390.0,FIXTURE:us_mix_gdp_pc_tilt
49-9031,TW,2441,28020.0,FIXTURE:us_mix_gdp_pc_tilt
49-9041,TW,33383,34230.0,FIXTURE:us_mix_gdp_pc_tilt
49-9043,TW,4557,32305.0,FIXTURE:us_mix_gdp_pc_tilt
49-9044,TW,3062,34890.0,FIXTURE:us_mix_gdp_pc_tilt
49-9045,TW,82,31885.0,FIXTURE:us_mix_gdp_pc_tilt
49-9051,TW,9952,45985.0,FIXTURE:us_mix_gdp_pc_tilt
49-9052,TW,7420,36970.0,FIXTURE:us_mix_gdp_pc_tilt
49-9061,TW,125,28020.0,FIXTURE:us_mix_gdp_pc_tilt
49-9062,TW,5011,32965.0,FIXTURE:us_mix_gdp_pc_tilt
49-9063,TW,409,24980.0,FIXTURE:us_mix_gdp_pc_tilt
49-9064,TW,99,35420.0,FIXTURE:us_mix_gdp_pc_tilt
49-9069,TW,714,35590.0,FIXTURE:us_mix_gdp_pc_tilt
49-9071,TW,116153,26890.0,FIXTURE:us_mix_gdp_pc_tilt
49-9081,TW,758,34490.0,FIXTURE:us_mix_gdp_pc_tilt
49-9091,TW,2005,24885.0,FIXTURE:us_mix_gdp_pc_tilt
49-9092,TW,262,44160.0,FIXTURE:us_mix_gdp_pc_tilt
49-9094,TW,1142,27735.0,FIXTURE:us_mix_gdp_pc_tilt
49-9095,TW,229,22705.0,FIXTURE:us_mix_gdp_pc_tilt
49-9096,TW,1711,33405.0,FIXTURE:us_mix_gdp_pc_tilt
49-9097,TW,662,45205.0,FIXTURE:us_mix_gdp_pc_tilt
49-9098,TW,7258,20745.0,FIXTURE:us_mix_gdp_pc_tilt
49-9099,TW,13387,26925.0,FIXTURE:us_mix_gdp_pc_tilt
51-1011,TW,57026,38300.0,FIXTURE:us_mix_gdp_pc_tilt
51-2011,TW,2881,35710.0,FIXTURE:us_mix_gdp_pc_tilt
51-2021,TW,1087,25235.0,FIXTURE:us_mix_gdp_pc_tilt
51-2028,TW,20913,23830.0,FIXTURE:us_mix_gdp_pc_tilt
51-2031,TW,2879,28895.0,FIXTURE:us_mix_gdp_pc_tilt
51-2041,TW,4434,27015.0,FIXTURE:us_mix_gdp_pc_tilt
51-2051,TW,1369,24775.0,FIXTURE:us_mix_gdp_pc_tilt
51-2061,TW,21,28360.0,FIXTURE:us_mix_gdp_pc_tilt
51-2090,TW,118977,23330.0,FIXTURE:us_mix_gdp_pc_tilt
51-3011,TW,20001,19240.0,FIXTURE:us_mix_gdp_pc_tilt
51-3021,TW,11553,21190.0,FIXTURE:us_mix_gdp_pc_tilt
51-3022,TW,12338,19640.0,FIXTURE:us_mix_gdp_pc_tilt
51-3023,TW,5923,20885.0,FIXTURE:us_mix_gdp_pc_tilt
51-3091,TW,1725,22965.0,FIXTURE:us_mix_gdp_pc_tilt
51-3092,TW,14778,21875.0,FIXTURE:us_mix_gdp_pc_tilt
51-3093,TW,2646,21285.0,FIXTURE:us_mix_gdp_pc_tilt
51-3099,TW,5504,20150.0,FIXTURE:us_mix_gdp_pc_tilt
51-4021,TW,5152,24740.0,FIXTURE:us_mix_gdp_pc_tilt
51-4022,TW,756,25840.0,FIXTURE:us_mix_gdp_pc_tilt
51-4023,TW,2138,26610.0,FIXTURE:us_mix_gdp_pc_tilt
51-4031,TW,14497,24215.0,FIXTURE:us_mix_gdp_pc_tilt
51-4032,TW,396,25905.0,FIXTURE:us_mix_gdp_pc_tilt
51-4033,TW,5674,24085.0,FIXTURE:us_mix_gdp_pc_tilt
51-4034,TW,1415,26245.0,FIXTURE:us_mix_gdp_pc_tilt
51-4035,TW,1055,28370.0,FIXTURE:us_mix_gdp_pc_tilt
51-4041,TW,24307,29660.0,FIXTURE:us_mix_gdp_pc_tilt
51-4051,TW,1421,27745.0,FIXTURE:us_mix_gdp_pc_tilt
51-4052,TW,386,27145.0,FIXTURE:us_mix_gdp_pc_tilt
51-4061,TW,221,34285.0,FIXTURE:us_mix_gdp_pc_tilt
51-4062,TW,124,30305.0,FIXTURE:us_mix_gdp_pc_tilt
51-4071,TW,1083,24930.0,FIXTURE:us_mix_gdp_pc_tilt
51-4072,TW,12742,22980.0,FIXTURE:us_mix_gdp_pc_tilt
51-4081,TW,10550,25015.0,FIXTURE:us_mix_gdp_pc_tilt
51-4111,TW,4821,33430.0,FIXTURE:us_mix_gdp_pc_tilt
51-4121,TW,35245,28380.0,FIXTURE:us_mix_gdp_pc_tilt
51-4122,TW,2676,25110.0,FIXTURE:us_mix_gdp_pc_tilt
51-4191,TW,1186,25225.0,FIXTURE:us_mix_gdp_pc_tilt
51-4192,TW,506,33260.0,FIXTURE:us_mix_gdp_pc_tilt
51-4193,TW,2744,22550.0,FIXTURE:us_mix_gdp_pc_tilt
51-4194,TW,474,26620.0,FIXTURE:us_mix_gdp_pc_tilt
51-4199,TW,1346,24290.0,FIXTURE:us_mix_gdp_pc_tilt
51-5111,TW,2019,25400.0,FIXTURE:us_mix_gdp_pc_tilt
51-5112,TW,12216,23680.0,FIXTURE:us_mix_gdp_pc_tilt
51-5113,TW,2810,22230.0,FIXTURE:us_mix_gdp_pc_tilt
51-6011,TW,16770,17460.0,FIXTURE:us_mix_gdp_pc_tilt
51-6021,TW,2212,17320.0,FIXTURE:us_mix_gdp_pc_tilt
51-6031,TW,8881,18800.0,FIXTURE:us_mix_gdp_pc_tilt
51-6041,TW,631,19580.0,FIXTURE:us_mix_gdp_pc_tilt
51-6042,TW,278,18140.0,FIXTURE:us_mix_gdp_pc_tilt
51-6051,TW,185,18605.0,FIXTURE:us_mix_gdp_pc_tilt
51-6052,TW,1179,22570.0,FIXTURE:us_mix_gdp_pc_tilt
51-6061,TW,450,20190.0,FIXTURE:us_mix_gdp_pc_tilt
51-6062,TW,762,19765.0,FIXTURE:us_mix_gdp_pc_tilt
51-6063,TW,1103,20360.0,FIXTURE:us_mix_gdp_pc_tilt
51-6064,TW,1865,20060.0,FIXTURE:us_mix_gdp_pc_tilt
51-6091,TW,1088,24290.0,FIXTURE:us_mix_gdp_pc_tilt
51-6092,TW,250,35710.0,FIXTURE:us_mix_gdp_pc_tilt
51-6093,TW,1705,23670.0,FIXTURE:us_mix_gdp_pc_tilt
51-6099,TW,1146,20280.0,FIXTURE:us_mix_gdp_pc_tilt
51-7011,TW,6535,24145.0,FIXTURE:us_mix_gdp_pc_tilt
51-7021,TW,1226,22650.0,FIXTURE:us_mix_gdp_pc_tilt
51-7031,TW,24,31835.0,FIXTURE:us_mix_gdp_pc_tilt
51-7032,TW,19,27120.0,FIXTURE:us_mix_gdp_pc_tilt
51-7041,TW,3459,21790.0,FIXTURE:us_mix_gdp_pc_tilt
51-7042,TW,5201,21785.0,FIXTURE:us_mix_gdp_pc_tilt
51-7099,TW,465,23035.0,FIXTURE:us_mix_gdp_pc_tilt
51-8011,TW,436,60690.0,FIXTURE:us_mix_gdp_pc_tilt
51-8012,TW,721,55660.0,FIXTURE:us_mix_gdp_pc_tilt
51-8013,TW,2483,49895.0,FIXTURE:us_mix_gdp_pc_tilt
51-8021,TW,2392,41980.0,FIXTURE:us_mix_gdp_pc_tilt
51-8031,TW,10880,31270.0,FIXTURE:us_mix_gdp_pc_tilt
51-8091,TW,1407,39985.0,FIXTURE:us_mix_gdp_pc_tilt
51-8092,TW,1527,44355.0,FIXTURE:us_mix_gdp_pc_tilt
51-8093,TW,2808,45315.0,FIXTURE:us_mix_gdp_pc_tilt
51-8099,TW,1192,32850.0,FIXTURE:us_mix_gdp_pc_tilt
51-9011,TW,11824,30355.0,FIXTURE:us_mix_gdp_pc_tilt
51-9012,TW,5089,28015.0,FIXTURE:us_mix_gdp_pc_tilt
51-9021,TW,2202,25690.0,FIXTURE:us_mix_gdp_pc_tilt
51-9022,TW,890,22510.0,FIXTURE:us_mix_gdp_pc_tilt
51-9023,TW,8038,26045.0,FIXTURE:us_mix_gdp_pc_tilt
51-9031,TW,513,20525.0,FIXTURE:us_mix_gdp_pc_tilt
51-9032,TW,3809,23730.0,FIXTURE:us_mix_gdp_pc_tilt
51-9041,TW,4977,23630.0,FIXTURE:us_mix_gdp_pc_tilt
51-9051,TW,1209,25470.0,FIXTURE:us_mix_gdp_pc_tilt
51-9061,TW,50585,26725.0,FIXTURE:us_mix_gdp_pc_tilt
51-9071,TW,1900,28980.0,FIXTURE:us_mix_gdp_pc_tilt
51-9081,TW,2914,27145.0,FIXTURE:us_mix_gdp_pc_tilt
51-9082,TW,955,26365.0,FIXTURE:us_mix_gdp_pc_tilt
51-9083,TW,1580,21595.0,FIXTURE:us_mix_gdp_pc_tilt
51-9111,TW,32099,22295.0,FIXTURE:us_mix_gdp_pc_tilt
51-9123,TW,672,22605.0,FIXTURE:us_mix_gdp_pc_tilt
51-9124,TW,13442,26310.0,FIXTURE:us_mix_gdp_pc_tilt
51-9141,TW,2664,30090.0,FIXTURE:us_mix_gdp_pc_tilt
51-9151,TW,406,23025.0,FIXTURE:us_mix_gdp_pc_tilt
51-9161,TW,14349,27160.0,FIXTURE:us_mix_gdp_pc_tilt
51-9162,TW,2413,36105.0,FIXTURE:us_mix_gdp_pc_tilt
51-9191,TW,974,23425.0,FIXTURE:us_mix_gdp_pc_tilt
51-9192,TW,1250,22300.0,FIXTURE:us_mix_gdp_pc_tilt
51-9193,TW,584,22470.0,FIXTURE:us_mix_gdp_pc_tilt
51-9194,TW,656,23160.0,FIXTURE:us_mix_gdp_pc_tilt
51-9195,TW,2811,23750.0,FIXTURE:us_mix_gdp_pc_tilt
51-9196,TW,8140,26420.0,FIXTURE:us_mix_gdp_pc_tilt
51-9197,TW,1759,28580.0,FIXTURE:us_mix_gdp_pc_tilt
51-9198,TW,14031,20560.0,FIXTURE:us_mix_gdp_pc_tilt
51-9199,TW,21314,22190.0,FIXTURE:us_mix_gdp_pc_tilt
53-1041,TW,826,32505.0,FIXTURE:us_mix_gdp_pc_tilt
53-1047,TW,52810,33430.0,FIXTURE:us_mix_gdp_pc_tilt
53-2011,TW,8769,144325.0,FIXTURE:us_mix_gdp_pc_tilt
53-2012,TW,4033,73040.0,FIXTURE:us_mix_gdp_pc_tilt
53-2021,TW,1906,73245.0,FIXTURE:us_mix_gdp_pc_tilt
53-2022,TW,1286,31805.0,FIXTURE:us_mix_gdp_pc_tilt
53-2031,TW,11148,38720.0,FIXTURE:us_mix_gdp_pc_tilt
53-3011,TW,1070,18105.0,FIXTURE:us_mix_gdp_pc_tilt
53-3031,TW,34649,20365.0,FIXTURE:us_mix_gdp_pc_tilt
53-3032,TW,174613,29855.0,FIXTURE:us_mix_gdp_pc_tilt
53-3033,TW,83266,24385.0,FIXTURE:us_mix_gdp_pc_tilt
53-3051,TW,34120,24215.0,FIXTURE:us_mix_gdp_pc_tilt
53-3052,TW,13484,30140.0,FIXTURE:us_mix_gdp_pc_tilt
53-3053,TW,21045,19940.0,FIXTURE:us_mix_gdp_pc_tilt
53-3054,TW,3476,24965.0,FIXTURE:us_mix_gdp_pc_tilt
53-3099,TW,3970,21215.0,FIXTURE:us_mix_gdp_pc_tilt
53-4011,TW,2834,42950.0,FIXTURE:us_mix_gdp_pc_tilt
53-4013,TW,332,34225.0,FIXTURE:us_mix_gdp_pc_tilt
53-4022,TW,1050,34515.0,FIXTURE:us_mix_gdp_pc_tilt
53-4031,TW,3933,39550.0,FIXTURE:us_mix_gdp_pc_tilt
53-4041,TW,864,38585.0,FIXTURE:us_mix_gdp_pc_tilt
53-4099,TW,95,30070.0,FIXTURE:us_mix_gdp_pc_tilt
53-5011,TW,2682,28415.0,FIXTURE:us_mix_gdp_pc_tilt
53-5021,TW,3120,51860.0,FIXTURE:us_mix_gdp_pc_tilt
53-5022,TW,210,28135.0,FIXTURE:us_mix_gdp_pc_tilt
53-5031,TW,711,55895.0,FIXTURE:us_mix_gdp_pc_tilt
53-6011,TW,257,27685.0,FIXTURE:us_mix_gdp_pc_tilt
53-6021,TW,11676,17495.0,FIXTURE:us_mix_gdp_pc_tilt
53-6031,TW,8638,18390.0,FIXTURE:us_mix_gdp_pc_tilt
53-6032,TW,2650,21665.0,FIXTURE:us_mix_gdp_pc_tilt
53-6041,TW,666,31025.0,FIXTURE:us_mix_gdp_pc_tilt
53-6051,TW,2075,44270.0,FIXTURE:us_mix_gdp_pc_tilt
53-6061,TW,2296,18910.0,FIXTURE:us_mix_gdp_pc_tilt
53-6099,TW,1147,25445.0,FIXTURE:us_mix_gdp_pc_tilt
53-7011,TW,1942,22540.0,FIXTURE:us_mix_gdp_pc_tilt
53-7021,TW,3632,36065.0,FIXTURE:us_mix_gdp_pc_tilt
53-7031,TW,88,28060.0,FIXTURE:us_mix_gdp_pc_tilt
53-7041,TW,220,33855.0,FIXTURE:us_mix_gdp_pc_tilt
53-7051,TW,65578,24185.0,FIXTURE:us_mix_gdp_pc_tilt
53-7061,TW,32215,18490.0,FIXTURE:us_mix_gdp_pc_tilt
53-7062,TW,249829,21130.0,FIXTURE:us_mix_gdp_pc_tilt
53-7063,TW,3584,21830.0,FIXTURE:us_mix_gdp_pc_tilt
53-7064,TW,47405,18770.0,FIXTURE:us_mix_gdp_pc_tilt
53-7065,TW,239966,19770.0,FIXTURE:us_mix_gdp_pc_tilt
53-7071,TW,297,37305.0,FIXTURE:us_mix_gdp_pc_tilt
53-7072,TW,828,31980.0,FIXTURE:us_mix_gdp_pc_tilt
53-7073,TW,1523,35185.0,FIXTURE:us_mix_gdp_pc_tilt
53-7081,TW,12468,26410.0,FIXTURE:us_mix_gdp_pc_tilt
53-7121,TW,906,29985.0,FIXTURE:us_mix_gdp_pc_tilt
53-7199,TW,1988,22820.0,FIXTURE:us_mix_gdp_pc_tilt
11-1011,UK,37003,215704.0,FIXTURE:us_mix_gdp_pc_tilt
11-1021,UK,634317,107952.0,FIXTURE:us_mix_gdp_pc_tilt
11-1031,UK,8074,45688.0,FIXTURE:us_mix_gdp_pc_tilt
11-2011,UK,3888,123424.0,FIXTURE:us_mix_gdp_pc_tilt
11-2021,UK,71569,142216.0,FIXTURE:us_mix_gdp_pc_tilt
11-2022,UK,115361,131480.0,FIXTURE:us_mix_gdp_pc_tilt
11-2032,UK,13554,131808.0,FIXTURE:us_mix_gdp_pc_tilt
11-2033,UK,7028,112016.0,FIXTURE:us_mix_gdp_pc_tilt
11-3012,UK,47797,103896.0,FIXTURE:us_mix_gdp_pc_tilt
11-3013,UK,28281,93512.0,FIXTURE:us_mix_gdp_pc_tilt
11-3021,UK,121425,153728.0,FIXTURE:us_mix_gdp_pc_tilt
11-3031,UK,152415,149528.0,FIXTURE:us_mix_gdp_pc_tilt
11-3051,UK,44590,107336.0,FIXTURE:us_mix_gdp_pc_tilt
11-3061,UK,15268,125088.0,FIXTURE:us_mix_gdp_pc_tilt
11-3071,UK,40051,97280.0,FIXTURE:us_mix_gdp_pc_tilt
11-3111,UK,4154,130112.0,FIXTURE:us_mix_gdp_pc_tilt
11-3121,UK,39957,131384.0,FIXTURE:us_mix_gdp_pc_tilt
11-3131,UK,8701,118696.0,FIXTURE:us_mix_gdp_pc_tilt
11-9013,UK,1177,79856.0,FIXTURE:us_mix_gdp_pc_tilt
11-9021,UK,68875,99488.0,FIXTURE:us_mix_gdp_pc_tilt
11-9031,UK,13338,51840.0,FIXTURE:us_mix_gdp_pc_tilt
11-9032,UK,59453,92880.0,FIXTURE:us_mix_gdp_pc_tilt
11-9033,UK,32679,101232.0,FIXTURE:us_mix_gdp_pc_tilt
11-9039,UK,9983,81520.0,FIXTURE:us_mix_gdp_pc_tilt
11-9041,UK,39884,145232.0,FIXTURE:us_mix_gdp_pc_tilt
11-9051,UK,43174,59904.0,FIXTURE:us_mix_gdp_pc_tilt
11-9071,UK,911,82440.0,FIXTURE:us_mix_gdp_pc_tilt
11-9072,UK,6877,71800.0,FIXTURE:us_mix_gdp_pc_tilt
11-9081,UK,7718,62992.0,FIXTURE:us_mix_gdp_pc_tilt
11-9111,UK,108118,112776.0,FIXTURE:us_mix_gdp_pc_tilt
11-9121,UK,19681,144200.0,FIXTURE:us_mix_gdp_pc_tilt
11-9131,UK,2501,77888.0,FIXTURE:us_mix_gdp_pc_tilt
11-9141,UK,56348,66968.0,FIXTURE:us_mix_gdp_pc_tilt
11-9151,UK,37905,71104.0,FIXTURE:us_mix_gdp_pc_tilt
11-9161,UK,2445,81936.0,FIXTURE:us_mix_gdp_pc_tilt
11-9171,UK,2519,74272.0,FIXTURE:us_mix_gdp_pc_tilt
11-9179,UK,1892,62552.0,FIXTURE:us_mix_gdp_pc_tilt
11-9199,UK,112664,123112.0,FIXTURE:us_mix_gdp_pc_tilt
13-1011,UK,2285,113264.0,FIXTURE:us_mix_gdp_pc_tilt
13-1020,UK,88987,67016.0,FIXTURE:us_mix_gdp_pc_tilt
13-1031,UK,58711,64376.0,FIXTURE:us_mix_gdp_pc_tilt
13-1032,UK,2093,63120.0,FIXTURE:us_mix_gdp_pc_tilt
13-1041,UK,75522,70720.0,FIXTURE:us_mix_gdp_pc_tilt
13-1051,UK,40601,68312.0,FIXTURE:us_mix_gdp_pc_tilt
13-1071,UK,165220,65592.0,FIXTURE:us_mix_gdp_pc_tilt
13-1074,UK,56,46776.0,FIXTURE:us_mix_gdp_pc_tilt
13-1075,UK,11736,78976.0,FIXTURE:us_mix_gdp_pc_tilt
13-1081,UK,45458,71784.0,FIXTURE:us_mix_gdp_pc_tilt
13-1082,UK,193150,88592.0,FIXTURE:us_mix_gdp_pc_tilt
13-1111,UK,162658,91032.0,FIXTURE:us_mix_gdp_pc_tilt
13-1121,UK,25869,53216.0,FIXTURE:us_mix_gdp_pc_tilt
13-1131,UK,20107,61760.0,FIXTURE:us_mix_gdp_pc_tilt
13-1141,UK,20349,67464.0,FIXTURE:us_mix_gdp_pc_tilt
13-1151,UK,82988,60440.0,FIXTURE:us_mix_gdp_pc_tilt
13-1161,UK,162893,71592.0,FIXTURE:us_mix_gdp_pc_tilt
13-1199,UK,196847,75176.0,FIXTURE:us_mix_gdp_pc_tilt
13-2011,UK,262471,75800.0,FIXTURE:us_mix_gdp_pc_tilt
13-2020,UK,10334,60616.0,FIXTURE:us_mix_gdp_pc_tilt
13-2031,UK,8540,77096.0,FIXTURE:us_mix_gdp_pc_tilt
13-2041,UK,11660,80680.0,FIXTURE:us_mix_gdp_pc_tilt
13-2051,UK,65546,93440.0,FIXTURE:us_mix_gdp_pc_tilt
13-2052,UK,48311,125336.0,FIXTURE:us_mix_gdp_pc_tilt
13-2053,UK,19089,74960.0,FIXTURE:us_mix_gdp_pc_tilt
13-2054,UK,11562,99536.0,FIXTURE:us_mix_gdp_pc_tilt
13-2061,UK,12282,84992.0,FIXTURE:us_mix_gdp_pc_tilt
13-2071,UK,5029,45768.0,FIXTURE:us_mix_gdp_pc_tilt
13-2072,UK,49675,70232.0,FIXTURE:us_mix_gdp_pc_tilt
13-2081,UK,10251,56416.0,FIXTURE:us_mix_gdp_pc_tilt
13-2082,UK,13849,48744.0,FIXTURE:us_mix_gdp_pc_tilt
13-2099,UK,23926,75048.0,FIXTURE:us_mix_gdp_pc_tilt
15-1211,UK,94075,91688.0,FIXTURE:us_mix_gdp_pc_tilt
15-1212,UK,34522,106008.0,FIXTURE:us_mix_gdp_pc_tilt
15-1221,UK,6736,123144.0,FIXTURE:us_mix_gdp_pc_tilt
15-1231,UK,26472,65496.0,FIXTURE:us_mix_gdp_pc_tilt
15-1232,UK,129867,53864.0,FIXTURE:us_mix_gdp_pc_tilt
15-1241,UK,32547,111664.0,FIXTURE:us_mix_gdp_pc_tilt
15-1242,UK,12674,88072.0,FIXTURE:us_mix_gdp_pc_tilt
15-1243,UK,12158,115552.0,FIXTURE:us_mix_gdp_pc_tilt
15-1244,UK,56920,82944.0,FIXTURE:us_mix_gdp_pc_tilt
15-1251,UK,16701,84136.0,FIXTURE:us_mix_gdp_pc_tilt
15-1252,UK,305638,118480.0,FIXTURE:us_mix_gdp_pc_tilt
15-1253,UK,33814,89192.0,FIXTURE:us_mix_gdp_pc_tilt
15-1254,UK,12710,79016.0,FIXTURE:us_mix_gdp_pc_tilt
15-1255,UK,20521,93992.0,FIXTURE:us_mix_gdp_pc_tilt
15-1299,UK,78836,97784.0,FIXTURE:us_mix_gdp_pc_tilt
15-2011,UK,4829,113184.0,FIXTURE:us_mix_gdp_pc_tilt
15-2021,UK,368,103408.0,FIXTURE:us_mix_gdp_pc_tilt
15-2031,UK,19649,79784.0,FIXTURE:us_mix_gdp_pc_tilt
15-2041,UK,5257,92560.0,FIXTURE:us_mix_gdp_pc_tilt
15-2051,UK,47522,101440.0,FIXTURE:us_mix_gdp_pc_tilt
15-2099,UK,674,73240.0,FIXTURE:us_mix_gdp_pc_tilt
17-1011,UK,19334,85008.0,FIXTURE:us_mix_gdp_pc_tilt
17-1012,UK,3549,71024.0,FIXTURE:us_mix_gdp_pc_tilt
17-1021,UK,2582,69352.0,FIXTURE:us_mix_gdp_pc_tilt
17-1022,UK,9204,64456.0,FIXTURE:us_mix_gdp_pc_tilt
17-2011,UK,12261,113648.0,FIXTURE:us_mix_gdp_pc_tilt
17-2021,UK,268,86584.0,FIXTURE:us_mix_gdp_pc_tilt
17-2031,UK,4252,93512.0,FIXTURE:us_mix_gdp_pc_tilt
17-2041,UK,3815,103984.0,FIXTURE:us_mix_gdp_pc_tilt
17-2051,UK,66607,86936.0,FIXTURE:us_mix_gdp_pc_tilt
17-2061,UK,13881,130136.0,FIXTURE:us_mix_gdp_pc_tilt
17-2071,UK,35989,100080.0,FIXTURE:us_mix_gdp_pc_tilt
17-2072,UK,17546,109824.0,FIXTURE:us_mix_gdp_pc_tilt
17-2081,UK,6942,90328.0,FIXTURE:us_mix_gdp_pc_tilt
17-2111,UK,3884,95816.0,FIXTURE:us_mix_gdp_pc_tilt
17-2112,UK,66227,87920.0,FIXTURE:us_mix_gdp_pc_tilt
17-2121,UK,1494,99344.0,FIXTURE:us_mix_gdp_pc_tilt
17-2131,UK,4123,96200.0,FIXTURE:us_mix_gdp_pc_tilt
17-2141,UK,53746,90888.0,FIXTURE:us_mix_gdp_pc_tilt
17-2151,UK,1101,92328.0,FIXTURE:us_mix_gdp_pc_tilt
17-2161,UK,2767,112336.0,FIXTURE:us_mix_gdp_pc_tilt
17-2171,UK,3270,125720.0,FIXTURE:us_mix_gdp_pc_tilt
17-2199,UK,27899,100264.0,FIXTURE:us_mix_gdp_pc_tilt
17-3011,UK,18778,56592.0,FIXTURE:us_mix_gdp_pc_tilt
17-3012,UK,3245,65024.0,FIXTURE:us_mix_gdp_pc_tilt
17-3013,UK,7236,60048.0,FIXTURE:us_mix_gdp_pc_tilt
17-3019,UK,2620,54600.0,FIXTURE:us_mix_gdp_pc_tilt
17-3021,UK,2043,73048.0,FIXTURE:us_mix_gdp_pc_tilt
17-3022,UK,12407,55192.0,FIXTURE:us_mix_gdp_pc_tilt
17-3023,UK,17226,64544.0,FIXTURE:us_mix_gdp_pc_tilt
17-3024,UK,2810,61136.0,FIXTURE:us_mix_gdp_pc_tilt
17-3025,UK,2207,51896.0,FIXTURE:us_mix_gdp_pc_tilt
17-3026,UK,13684,56560.0,FIXTURE:us_mix_gdp_pc_tilt
17-3027,UK,6553,61104.0,FIXTURE:us_mix_gdp_pc_tilt
17-3028,UK,2995,59336.0,FIXTURE:us_mix_gdp_pc_tilt
17-3029,UK,10852,64768.0,FIXTURE:us_mix_gdp_pc_tilt
17-3031,UK,10504,46400.0,FIXTURE:us_mix_gdp_pc_tilt
19-1011,UK,561,70680.0,FIXTURE:us_mix_gdp_pc_tilt
19-1012,UK,2365,76288.0,FIXTURE:us_mix_gdp_pc_tilt
19-1013,UK,2848,70176.0,FIXTURE:us_mix_gdp_pc_tilt
19-1021,UK,6126,103872.0,FIXTURE:us_mix_gdp_pc_tilt
19-1022,UK,3430,78080.0,FIXTURE:us_mix_gdp_pc_tilt
19-1023,UK,3281,66416.0,FIXTURE:us_mix_gdp_pc_tilt
19-1029,UK,10113,85064.0,FIXTURE:us_mix_gdp_pc_tilt
19-1031,UK,4699,61704.0,FIXTURE:us_mix_gdp_pc_tilt
19-1032,UK,1889,63336.0,FIXTURE:us_mix_gdp_pc_tilt
19-1041,UK,2189,78312.0,FIXTURE:us_mix_gdp_pc_tilt
19-1042,UK,31207,93472.0,FIXTURE:us_mix_gdp_pc_tilt
19-1099,UK,1351,86288.0,FIXTURE:us_mix_gdp_pc_tilt
19-2011,UK,384,106336.0,FIXTURE:us_mix_gdp_pc_tilt
19-2012,UK,3699,136944.0,FIXTURE:us_mix_gdp_pc_tilt
19-2021,UK,1811,84888.0,FIXTURE:us_mix_gdp_pc_tilt
19-2031,UK,14988,80360.0,FIXTURE:us_mix_gdp_pc_tilt
19-2032,UK,1534,100944.0,FIXTURE:us_mix_gdp_pc_tilt
19-2041,UK,16161,73344.0,FIXTURE:us_mix_gdp_pc_tilt
19-2042,UK,4250,92920.0,FIXTURE:us_mix_gdp_pc_tilt
19-2043,UK,1059,82880.0,FIXTURE:us_mix_gdp_pc_tilt
19-2099,UK,4038,103384.0,FIXTURE:us_mix_gdp_pc_tilt
19-3011,UK,3221,113704.0,FIXTURE:us_mix_gdp_pc_tilt
19-3022,UK,1501,63664.0,FIXTURE:us_mix_gdp_pc_tilt
19-3032,UK,143,136184.0,FIXTURE:us_mix_gdp_pc_tilt
19-3033,UK,13760,90200.0,FIXTURE:us_mix_gdp_pc_tilt
19-3034,UK,11578,79328.0,FIXTURE:us_mix_gdp_pc_tilt
19-3039,UK,3408,88968.0,FIXTURE:us_mix_gdp_pc_tilt
19-3041,UK,409,91936.0,FIXTURE:us_mix_gdp_pc_tilt
19-3051,UK,8009,75800.0,FIXTURE:us_mix_gdp_pc_tilt
19-3091,UK,1628,60496.0,FIXTURE:us_mix_gdp_pc_tilt
19-3092,UK,254,81880.0,FIXTURE:us_mix_gdp_pc_tilt
19-3093,UK,625,64992.0,FIXTURE:us_mix_gdp_pc_tilt
19-3094,UK,1003,114008.0,FIXTURE:us_mix_gdp_pc_tilt
19-3099,UK,6718,86152.0,FIXTURE:us_mix_gdp_pc_tilt
19-4012,UK,2740,43072.0,FIXTURE:us_mix_gdp_pc_tilt
19-4013,UK,2644,45328.0,FIXTURE:us_mix_gdp_pc_tilt
19-4021,UK,12607,49104.0,FIXTURE:us_mix_gdp_pc_tilt
19-4031,UK,10419,51120.0,FIXTURE:us_mix_gdp_pc_tilt
19-4042,UK,6278,48640.0,FIXTURE:us_mix_gdp_pc_tilt
19-4043,UK,1264,49496.0,FIXTURE:us_mix_gdp_pc_tilt
19-4044,UK,514,55624.0,FIXTURE:us_mix_gdp_pc_tilt
19-4051,UK,1172,87152.0,FIXTURE:us_mix_gdp_pc_tilt
19-4061,UK,5548,52912.0,FIXTURE:us_mix_gdp_pc_tilt
19-4071,UK,5507,47248.0,FIXTURE:us_mix_gdp_pc_tilt
19-4092,UK,3462,63360.0,FIXTURE:us_mix_gdp_pc_tilt
19-4099,UK,13383,53024.0,FIXTURE:us_mix_gdp_pc_tilt
19-5011,UK,25461,75088.0,FIXTURE:us_mix_gdp_pc_tilt
19-5012,UK,5539,54496.0,FIXTURE:us_mix_gdp_pc_tilt
21-1012,UK,63976,57144.0,FIXTURE:us_mix_gdp_pc_tilt
21-1013,UK,12085,61568.0,FIXTURE:us_mix_gdp_pc_tilt
21-1015,UK,17155,41456.0,FIXTURE:us_mix_gdp_pc_tilt
21-1018,UK,89077,51552.0,FIXTURE:us_mix_gdp_pc_tilt
21-1019,UK,5175,46568.0,FIXTURE:us_mix_gdp_pc_tilt
21-1021,UK,71082,51200.0,FIXTURE:us_mix_gdp_pc_tilt
21-1022,UK,33976,57432.0,FIXTURE:us_mix_gdp_pc_tilt
21-1023,UK,24049,54424.0,FIXTURE:us_mix_gdp_pc_tilt
21-1029,UK,11395,60728.0,FIXTURE:us_mix_gdp_pc_tilt
21-1091,UK,11895,58624.0,FIXTURE:us_mix_gdp_pc_tilt
21-1092,UK,16186,58504.0,FIXTURE:us_mix_gdp_pc_tilt
21-1093,UK,79286,38152.0,FIXTURE:us_mix_gdp_pc_tilt
21-1094,UK,11165,44944.0,FIXTURE:us_mix_gdp_pc_tilt
21-1099,UK,19507,47672.0,FIXTURE:us_mix_gdp_pc_tilt
21-2011,UK,10358,53488.0,FIXTURE:us_mix_gdp_pc_tilt
21-2021,UK,4013,49680.0,FIXTURE:us_mix_gdp_pc_tilt
21-2099,UK,2854,43096.0,FIXTURE:us_mix_gdp_pc_tilt
23-1011,UK,136623,148672.0,FIXTURE:us_mix_gdp_pc_tilt
23-1012,UK,2407,58360.0,FIXTURE:us_mix_gdp_pc_tilt
23-1021,UK,2964,100792.0,FIXTURE:us_mix_gdp_pc_tilt
23-1022,UK,1668,72808.0,FIXTURE:us_mix_gdp_pc_tilt
23-1023,UK,4351,115064.0,FIXTURE:us_mix_gdp_pc_tilt
23-2011,UK,71142,55760.0,FIXTURE:us_mix_gdp_pc_tilt
23-2093,UK,8797,49880.0,FIXTURE:us_mix_gdp_pc_tilt
23-2099,UK,8467,71728.0,FIXTURE:us_mix_gdp_pc_tilt
25-1011,UK,14875,91776.0,FIXTURE:us_mix_gdp_pc_tilt
25-1021,UK,6425,83536.0,FIXTURE:us_mix_gdp_pc_tilt
25-1022,UK,8632,73240.0,FIXTURE:us_mix_gdp_pc_tilt
25-1031,UK,1394,81000.0,FIXTURE:us_mix_gdp_pc_tilt
25-1032,UK,7292,99616.0,FIXTURE:us_mix_gdp_pc_tilt
25-1041,UK,1615,81640.0,FIXTURE:us_mix_gdp_pc_tilt
25-1042,UK,9088,82272.0,FIXTURE:us_mix_gdp_pc_tilt
25-1043,UK,275,81960.0,FIXTURE:us_mix_gdp_pc_tilt
25-1051,UK,1793,92816.0,FIXTURE:us_mix_gdp_pc_tilt
25-1052,UK,3618,84168.0,FIXTURE:us_mix_gdp_pc_tilt
25-1053,UK,1211,82888.0,FIXTURE:us_mix_gdp_pc_tilt
25-1054,UK,2370,89168.0,FIXTURE:us_mix_gdp_pc_tilt
25-1061,UK,949,85504.0,FIXTURE:us_mix_gdp_pc_tilt
25-1062,UK,2046,78664.0,FIXTURE:us_mix_gdp_pc_tilt
25-1063,UK,2093,111080.0,FIXTURE:us_mix_gdp_pc_tilt
25-1064,UK,603,81880.0,FIXTURE:us_mix_gdp_pc_tilt
25-1065,UK,3073,86480.0,FIXTURE:us_mix_gdp_pc_tilt
25-1066,UK,7520,75088.0,FIXTURE:us_mix_gdp_pc_tilt
25-1067,UK,2146,77584.0,FIXTURE:us_mix_gdp_pc_tilt
25-1069,UK,3002,70712.0,FIXTURE:us_mix_gdp_pc_tilt
25-1071,UK,40067,118056.0,FIXTURE:us_mix_gdp_pc_tilt
25-1072,UK,14117,69128.0,FIXTURE:us_mix_gdp_pc_tilt
25-1081,UK,11015,63480.0,FIXTURE:us_mix_gdp_pc_tilt
25-1082,UK,657,70488.0,FIXTURE:us_mix_gdp_pc_tilt
25-1111,UK,2381,70040.0,FIXTURE:us_mix_gdp_pc_tilt
25-1112,UK,3632,115816.0,FIXTURE:us_mix_gdp_pc_tilt
25-1113,UK,2283,67152.0,FIXTURE:us_mix_gdp_pc_tilt
25-1121,UK,16942,75760.0,FIXTURE:us_mix_gdp_pc_tilt
25-1122,UK,5327,72008.0,FIXTURE:us_mix_gdp_pc_tilt
25-1123,UK,10452,71664.0,FIXTURE:us_mix_gdp_pc_tilt
25-1124,UK,3591,71992.0,FIXTURE:us_mix_gdp_pc_tilt
25-1125,UK,3402,77264.0,FIXTURE:us_mix_gdp_pc_tilt
25-1126,UK,3705,73632.0,FIXTURE:us_mix_gdp_pc_tilt
25-1192,UK,502,65552.0,FIXTURE:us_mix_gdp_pc_tilt
25-1193,UK,2287,69296.0,FIXTURE:us_mix_gdp_pc_tilt
25-1194,UK,20663,57648.0,FIXTURE:us_mix_gdp_pc_tilt
25-1199,UK,27133,72504.0,FIXTURE:us_mix_gdp_pc_tilt
25-2011,UK,86696,34424.0,FIXTURE:us_mix_gdp_pc_tilt
25-2012,UK,19714,55496.0,FIXTURE:us_mix_gdp_pc_tilt
25-2021,UK,251406,58120.0,FIXTURE:us_mix_gdp_pc_tilt
25-2022,UK,112284,57624.0,FIXTURE:us_mix_gdp_pc_tilt
25-2023,UK,3055,57272.0,FIXTURE:us_mix_gdp_pc_tilt
25-2031,UK,192885,61056.0,FIXTURE:us_mix_gdp_pc_tilt
25-2032,UK,20176,58144.0,FIXTURE:us_mix_gdp_pc_tilt
25-2051,UK,5344,61104.0,FIXTURE:us_mix_gdp_pc_tilt
25-2052,UK,47238,58120.0,FIXTURE:us_mix_gdp_pc_tilt
25-2057,UK,17239,59024.0,FIXTURE:us_mix_gdp_pc_tilt
25-2058,UK,29684,61808.0,FIXTURE:us_mix_gdp_pc_tilt
25-2059,UK,6144,63800.0,FIXTURE:us_mix_gdp_pc_tilt
25-3011,UK,6756,52688.0,FIXTURE:us_mix_gdp_pc_tilt
25-3021,UK,60138,43792.0,FIXTURE:us_mix_gdp_pc_tilt
25-3031,UK,95024,37136.0,FIXTURE:us_mix_gdp_pc_tilt
25-3041,UK,31701,38440.0,FIXTURE:us_mix_gdp_pc_tilt
25-3099,UK,20605,59104.0,FIXTURE:us_mix_gdp_pc_tilt
25-4011,UK,1443,56512.0,FIXTURE:us_mix_gdp_pc_tilt
25-4012,UK,2200,57248.0,FIXTURE:us_mix_gdp_pc_tilt
25-4013,UK,2229,45928.0,FIXTURE:us_mix_gdp_pc_tilt
25-4022,UK,24226,58272.0,FIXTURE:us_mix_gdp_pc_tilt
25-4031,UK,12438,36400.0,FIXTURE:us_mix_gdp_pc_tilt
25-9021,UK,1488,48848.0,FIXTURE:us_mix_gdp_pc_tilt
25-9031,UK,41242,64736.0,FIXTURE:us_mix_gdp_pc_tilt
25-9044,UK,29713,38136.0,FIXTURE:us_mix_gdp_pc_tilt
25-9045,UK,257193,30632.0,FIXTURE:us_mix_gdp_pc_tilt
25-9099,UK,21474,47248.0,FIXTURE:us_mix_gdp_pc_tilt
27-1011,UK,9610,103552.0,FIXTURE:us_mix_gdp_pc_tilt
27-1012,UK,829,39792.0,FIXTURE:us_mix_gdp_pc_tilt
27-1013,UK,2032,58520.0,FIXTURE:us_mix_gdp_pc_tilt
27-1014,UK,3616,90296.0,FIXTURE:us_mix_gdp_pc_tilt
27-1019,UK,1255,64424.0,FIXTURE:us_mix_gdp_pc_tilt
27-1021,UK,6064,74608.0,FIXTURE:us_mix_gdp_pc_tilt
27-1022,UK,3884,72984.0,FIXTURE:us_mix_gdp_pc_tilt
27-1023,UK,7350,31616.0,FIXTURE:us_mix_gdp_pc_tilt
27-1024,UK,35823,56448.0,FIXTURE:us_mix_gdp_pc_tilt
27-1025,UK,12947,59632.0,FIXTURE:us_mix_gdp_pc_tilt
27-1026,UK,29918,34264.0,FIXTURE:us_mix_gdp_pc_tilt
27-1027,UK,1925,66528.0,FIXTURE:us_mix_gdp_pc_tilt
27-1029,UK,1717,63272.0,FIXTURE:us_mix_gdp_pc_tilt
27-2011,UK,9959,52880.0,FIXTURE:us_mix_gdp_pc_tilt
27-2012,UK,25916,90640.0,FIXTURE:us_mix_gdp_pc_tilt
27-2021,UK,2729,164944.0,FIXTURE:us_mix_gdp_pc_tilt
27-2022,UK,45079,48128.0,FIXTURE:us_mix_gdp_pc_tilt
27-2023,UK,2857,42408.0,FIXTURE:us_mix_gdp_pc_tilt
27-2031,UK,1472,52880.0,FIXTURE:us_mix_gdp_pc_tilt
27-2032,UK,518,58480.0,FIXTURE:us_mix_gdp_pc_tilt
27-2041,UK,2271,72376.0,FIXTURE:us_mix_gdp_pc_tilt
27-2042,UK,6551,52880.0,FIXTURE:us_mix_gdp_pc_tilt
27-2091,UK,1434,52880.0,FIXTURE:us_mix_gdp_pc_tilt
27-2099,UK,2997,52880.0,FIXTURE:us_mix_gdp_pc_tilt
27-3011,UK,3846,62976.0,FIXTURE:us_mix_gdp_pc_tilt
27-3023,UK,7107,81968.0,FIXTURE:us_mix_gdp_pc_tilt
27-3031,UK,51314,67296.0,FIXTURE:us_mix_gdp_pc_tilt
27-3041,UK,16603,72048.0,FIXTURE:us_mix_gdp_pc_tilt
27-3042,UK,8239,77576.0,FIXTURE:us_mix_gdp_pc_tilt
27-3043,UK,8681,68872.0,FIXTURE:us_mix_gdp_pc_tilt
27-3091,UK,9427,53088.0,FIXTURE:us_mix_gdp_pc_tilt
27-3092,UK,2330,63008.0,FIXTURE:us_mix_gdp_pc_tilt
27-3099,UK,3547,67088.0,FIXTURE:us_mix_gdp_pc_tilt
27-4011,UK,12717,51704.0,FIXTURE:us_mix_gdp_pc_tilt
27-4012,UK,3823,54368.0,FIXTURE:us_mix_gdp_pc_tilt
27-4014,UK,2368,65112.0,FIXTURE:us_mix_gdp_pc_tilt
27-4015,UK,1612,62704.0,FIXTURE:us_mix_gdp_pc_tilt
27-4021,UK,9373,44328.0,FIXTURE:us_mix_gdp_pc_tilt
27-4031,UK,3902,66568.0,FIXTURE:us_mix_gdp_pc_tilt
27-4032,UK,4637,68904.0,FIXTURE:us_mix_gdp_pc_tilt
27-4099,UK,2254,64832.0,FIXTURE:us_mix_gdp_pc_tilt
29-1011,UK,7176,72416.0,FIXTURE:us_mix_gdp_pc_tilt
29-1021,UK,22524,153080.0,FIXTURE:us_mix_gdp_pc_tilt
29-1022,UK,889,277192.0,FIXTURE:us_mix_gdp_pc_tilt
29-1023,UK,1124,207520.0,FIXTURE:us_mix_gdp_pc_tilt
29-1024,UK,158,214904.0,FIXTURE:us_mix_gdp_pc_tilt
29-1029,UK,947,198344.0,FIXTURE:us_mix_gdp_pc_tilt
29-1031,UK,14046,61704.0,FIXTURE:us_mix_gdp_pc_tilt
29-1041,UK,7748,113240.0,FIXTURE:us_mix_gdp_pc_tilt
29-1051,UK,58301,112736.0,FIXTURE:us_mix_gdp_pc_tilt
29-1071,UK,29362,113024.0,FIXTURE:us_mix_gdp_pc_tilt
29-1081,UK,1753,140384.0,FIXTURE:us_mix_gdp_pc_tilt
29-1122,UK,29416,81024.0,FIXTURE:us_mix_gdp_pc_tilt
29-1123,UK,48407,84224.0,FIXTURE:us_mix_gdp_pc_tilt
29-1124,UK,3091,91992.0,FIXTURE:us_mix_gdp_pc_tilt
29-1125,UK,2703,54104.0,FIXTURE:us_mix_gdp_pc_tilt
29-1126,UK,25313,69840.0,FIXTURE:us_mix_gdp_pc_tilt
29-1127,UK,33208,78536.0,FIXTURE:us_mix_gdp_pc_tilt
29-1128,UK,1550,48752.0,FIXTURE:us_mix_gdp_pc_tilt
29-1129,UK,4100,72336.0,FIXTURE:us_mix_gdp_pc_tilt
29-1131,UK,15192,114144.0,FIXTURE:us_mix_gdp_pc_tilt
29-1141,UK,611990,81136.0,FIXTURE:us_mix_gdp_pc_tilt
29-1151,UK,9387,198656.0,FIXTURE:us_mix_gdp_pc_tilt
29-1161,UK,1434,109584.0,FIXTURE:us_mix_gdp_pc_tilt
29-1171,UK,58495,109840.0,FIXTURE:us_mix_gdp_pc_tilt
29-1181,UK,2474,78192.0,FIXTURE:us_mix_gdp_pc_tilt
29-1211,UK,7019,288456.0,FIXTURE:us_mix_gdp_pc_tilt
29-1212,UK,3131,363952.0,FIXTURE:us_mix_gdp_pc_tilt
29-1213,UK,2059,258824.0,FIXTURE:us_mix_gdp_pc_tilt
29-1214,UK,5954,253984.0,FIXTURE:us_mix_gdp_pc_tilt
29-1215,UK,19468,204656.0,FIXTURE:us_mix_gdp_pc_tilt
29-1216,UK,12159,213760.0,FIXTURE:us_mix_gdp_pc_tilt
29-1217,UK,1918,214104.0,FIXTURE:us_mix_gdp_pc_tilt
29-1218,UK,3850,223232.0,FIXTURE:us_mix_gdp_pc_tilt
29-1221,UK,7133,169688.0,FIXTURE:us_mix_gdp_pc_tilt
29-1222,UK,2012,228336.0,FIXTURE:us_mix_gdp_pc_tilt
29-1223,UK,5067,215952.0,FIXTURE:us_mix_gdp_pc_tilt
29-1224,UK,4847,305224.0,FIXTURE:us_mix_gdp_pc_tilt
29-1229,UK,62059,209632.0,FIXTURE:us_mix_gdp_pc_tilt
29-1241,UK,1621,243720.0,FIXTURE:us_mix_gdp_pc_tilt
29-1242,UK,2553,298856.0,FIXTURE:us_mix_gdp_pc_tilt
29-1243,UK,215,401640.0,FIXTURE:us_mix_gdp_pc_tilt
29-1249,UK,4552,299144.0,FIXTURE:us_mix_gdp_pc_tilt
29-1291,UK,1418,69616.0,FIXTURE:us_mix_gdp_pc_tilt
29-1292,UK,40333,79192.0,FIXTURE:us_mix_gdp_pc_tilt
29-1299,UK,5184,102128.0,FIXTURE:us_mix_gdp_pc_tilt
29-2010,UK,60288,53880.0,FIXTURE:us_mix_gdp_pc_tilt
29-2031,UK,11401,61552.0,FIXTURE:us_mix_gdp_pc_tilt
29-2032,UK,16326,77792.0,FIXTURE:us_mix_gdp_pc_tilt
29-2033,UK,3093,84128.0,FIXTURE:us_mix_gdp_pc_tilt
29-2034,UK,41736,67072.0,FIXTURE:us_mix_gdp_pc_tilt
29-2035,UK,7857,76896.0,FIXTURE:us_mix_gdp_pc_tilt
29-2036,UK,617,118800.0,FIXTURE:us_mix_gdp_pc_tilt
29-2042,UK,32686,37464.0,FIXTURE:us_mix_gdp_pc_tilt
29-2043,UK,18218,50688.0,FIXTURE:us_mix_gdp_pc_tilt
29-2051,UK,5715,32504.0,FIXTURE:us_mix_gdp_pc_tilt
29-2052,UK,85411,37296.0,FIXTURE:us_mix_gdp_pc_tilt
29-2053,UK,28422,37288.0,FIXTURE:us_mix_gdp_pc_tilt
29-2055,UK,21269,54968.0,FIXTURE:us_mix_gdp_pc_tilt
29-2056,UK,23384,39296.0,FIXTURE:us_mix_gdp_pc_tilt
29-2057,UK,12858,37648.0,FIXTURE:us_mix_gdp_pc_tilt
29-2061,UK,117412,53640.0,FIXTURE:us_mix_gdp_pc_tilt
29-2072,UK,35259,45432.0,FIXTURE:us_mix_gdp_pc_tilt
29-2081,UK,13315,41416.0,FIXTURE:us_mix_gdp_pc_tilt
29-2091,UK,1700,66992.0,FIXTURE:us_mix_gdp_pc_tilt
29-2092,UK,2041,53096.0,FIXTURE:us_mix_gdp_pc_tilt
29-2099,UK,33067,46968.0,FIXTURE:us_mix_gdp_pc_tilt
29-9021,UK,6899,59976.0,FIXTURE:us_mix_gdp_pc_tilt
29-9091,UK,5523,53296.0,FIXTURE:us_mix_gdp_pc_tilt
29-9092,UK,677,83696.0,FIXTURE:us_mix_gdp_pc_tilt
29-9093,UK,4033,58168.0,FIXTURE:us_mix_gdp_pc_tilt
29-9099,UK,6340,61376.0,FIXTURE:us_mix_gdp_pc_tilt
31-1120,UK,907414,28896.0,FIXTURE:us_mix_gdp_pc_tilt
31-1131,UK,305346,34160.0,FIXTURE:us_mix_gdp_pc_tilt
31-1132,UK,11051,32528.0,FIXTURE:us_mix_gdp_pc_tilt
31-1133,UK,7486,36552.0,FIXTURE:us_mix_gdp_pc_tilt
31-2011,UK,10809,56568.0,FIXTURE:us_mix_gdp_pc_tilt
31-2012,UK,908,35288.0,FIXTURE:us_mix_gdp_pc_tilt
31-2021,UK,23694,54984.0,FIXTURE:us_mix_gdp_pc_tilt
31-2022,UK,10147,29144.0,FIXTURE:us_mix_gdp_pc_tilt
31-9011,UK,20819,51064.0,FIXTURE:us_mix_gdp_pc_tilt
31-9091,UK,81724,40160.0,FIXTURE:us_mix_gdp_pc_tilt
31-9092,UK,172359,36896.0,FIXTURE:us_mix_gdp_pc_tilt
31-9093,UK,16316,40408.0,FIXTURE:us_mix_gdp_pc_tilt
31-9094,UK,8756,33368.0,FIXTURE:us_mix_gdp_pc_tilt
31-9095,UK,8331,32360.0,FIXTURE:us_mix_gdp_pc_tilt
31-9096,UK,26676,32272.0,FIXTURE:us_mix_gdp_pc_tilt
31-9097,UK,30250,36416.0,FIXTURE:us_mix_gdp_pc_tilt
31-9099,UK,23127,40648.0,FIXTURE:us_mix_gdp_pc_tilt
33-1011,UK,11249,67504.0,FIXTURE:us_mix_gdp_pc_tilt
33-1012,UK,32583,89752.0,FIXTURE:us_mix_gdp_pc_tilt
33-1021,UK,20893,77544.0,FIXTURE:us_mix_gdp_pc_tilt
33-1091,UK,17171,47920.0,FIXTURE:us_mix_gdp_pc_tilt
33-1099,UK,4360,59512.0,FIXTURE:us_mix_gdp_pc_tilt
33-2011,UK,72915,50904.0,FIXTURE:us_mix_gdp_pc_tilt
33-2021,UK,2908,62936.0,FIXTURE:us_mix_gdp_pc_tilt
33-2022,UK,586,53312.0,FIXTURE:us_mix_gdp_pc_tilt
33-3011,UK,3648,49328.0,FIXTURE:us_mix_gdp_pc_tilt
33-3012,UK,80187,50904.0,FIXTURE:us_mix_gdp_pc_tilt
33-3021,UK,24115,79544.0,FIXTURE:us_mix_gdp_pc_tilt
33-3031,UK,1216,59960.0,FIXTURE:us_mix_gdp_pc_tilt
33-3041,UK,1907,40952.0,FIXTURE:us_mix_gdp_pc_tilt
33-3051,UK,141306,63360.0,FIXTURE:us_mix_gdp_pc_tilt
33-3052,UK,925,73448.0,FIXTURE:us_mix_gdp_pc_tilt
33-9011,UK,2544,38752.0,FIXTURE:us_mix_gdp_pc_tilt
33-9021,UK,7498,48120.0,FIXTURE:us_mix_gdp_pc_tilt
33-9031,UK,2006,36504.0,FIXTURE:us_mix_gdp_pc_tilt
33-9032,UK,270481,33976.0,FIXTURE:us_mix_gdp_pc_tilt
33-9091,UK,19886,34680.0,FIXTURE:us_mix_gdp_pc_tilt
33-9092,UK,33202,27576.0,FIXTURE:us_mix_gdp_pc_tilt
33-9093,UK,10598,51448.0,FIXTURE:us_mix_gdp_pc_tilt
33-9094,UK,16526,28120.0,FIXTURE:us_mix_gdp_pc_tilt
33-9099,UK,17175,38456.0,FIXTURE:us_mix_gdp_pc_tilt
35-1011,UK,49063,53360.0,FIXTURE:us_mix_gdp_pc_tilt
35-1012,UK,300019,36944.0,FIXTURE:us_mix_gdp_pc_tilt
35-2011,UK,157233,25912.0,FIXTURE:us_mix_gdp_pc_tilt
35-2012,UK,108174,31048.0,FIXTURE:us_mix_gdp_pc_tilt
35-2013,UK,270,42944.0,FIXTURE:us_mix_gdp_pc_tilt
35-2014,UK,345798,30984.0,FIXTURE:us_mix_gdp_pc_tilt
35-2015,UK,34006,28896.0,FIXTURE:us_mix_gdp_pc_tilt
35-2019,UK,4746,31320.0,FIXTURE:us_mix_gdp_pc_tilt
35-2021,UK,219169,28232.0,FIXTURE:us_mix_gdp_pc_tilt
35-3011,UK,185517,32632.0,FIXTURE:us_mix_gdp_pc_tilt
35-3023,UK,945267,25720.0,FIXTURE:us_mix_gdp_pc_tilt
35-3031,UK,556976,32048.0,FIXTURE:us_mix_gdp_pc_tilt
35-3041,UK,72084,28912.0,FIXTURE:us_mix_gdp_pc_tilt
35-9011,UK,133118,27384.0,FIXTURE:us_mix_gdp_pc_tilt
35-9021,UK,117102,27448.0,FIXTURE:us_mix_gdp_pc_tilt
35-9031,UK,106124,26152.0,FIXTURE:us_mix_gdp_pc_tilt
35-9099,UK,20757,29448.0,FIXTURE:us_mix_gdp_pc_tilt
37-1011,UK,43844,42656.0,FIXTURE:us_mix_gdp_pc_tilt
37-1012,UK,32071,48768.0,FIXTURE:us_mix_gdp_pc_tilt
37-2011,UK,541978,31008.0,FIXTURE:us_mix_gdp_pc_tilt
37-2012,UK,211093,29664.0,FIXTURE:us_mix_gdp_pc_tilt
37-2019,UK,4221,37136.0,FIXTURE:us_mix_gdp_pc_tilt
37-2021,UK,25169,37120.0,FIXTURE:us_mix_gdp_pc_tilt
37-3011,UK,233650,33832.0,FIXTURE:us_mix_gdp_pc_tilt
37-3012,UK,6634,37656.0,FIXTURE:us_mix_gdp_pc_tilt
37-3013,UK,13529,44776.0,FIXTURE:us_mix_gdp_pc_tilt
37-3019,UK,3343,39064.0,FIXTURE:us_mix_gdp_pc_tilt
39-1013,UK,5481,51864.0,FIXTURE:us_mix_gdp_pc_tilt
39-1014,UK,21746,42840.0,FIXTURE:us_mix_gdp_pc_tilt
39-1022,UK,24048,41888.0,FIXTURE:us_mix_gdp_pc_tilt
39-2011,UK,3956,37616.0,FIXTURE:us_mix_gdp_pc_tilt
39-2021,UK,56249,29840.0,FIXTURE:us_mix_gdp_pc_tilt
39-3011,UK,17683,34040.0,FIXTURE:us_mix_gdp_pc_tilt
39-3012,UK,1886,29160.0,FIXTURE:us_mix_gdp_pc_tilt
39-3019,UK,2980,33104.0,FIXTURE:us_mix_gdp_pc_tilt
39-3021,UK,312,41184.0,FIXTURE:us_mix_gdp_pc_tilt
39-3031,UK,25662,26464.0,FIXTURE:us_mix_gdp_pc_tilt
39-3091,UK,83839,26112.0,FIXTURE:us_mix_gdp_pc_tilt
39-3092,UK,1372,50752.0,FIXTURE:us_mix_gdp_pc_tilt
39-3093,UK,3279,30768.0,FIXTURE:us_mix_gdp_pc_tilt
39-3099,UK,1488,27984.0,FIXTURE:us_mix_gdp_pc_tilt
39-4011,UK,820,46712.0,FIXTURE:us_mix_gdp_pc_tilt
39-4012,UK,626,36536.0,FIXTURE:us_mix_gdp_pc_tilt
39-4021,UK,6552,29752.0,FIXTURE:us_mix_gdp_pc_tilt
39-4031,UK,5290,46528.0,FIXTURE:us_mix_gdp_pc_tilt
39-5011,UK,3161,37656.0,FIXTURE:us_mix_gdp_pc_tilt
39-5012,UK,64426,35168.0,FIXTURE:us_mix_gdp_pc_tilt
39-5091,UK,493,81792.0,FIXTURE:us_mix_gdp_pc_tilt
39-5092,UK,32195,30856.0,FIXTURE:us_mix_gdp_pc_tilt
39-5093,UK,1701,25584.0,FIXTURE:us_mix_gdp_pc_tilt
39-5094,UK,15361,41480.0,FIXTURE:us_mix_gdp_pc_tilt
39-6011,UK,6008,30856.0,FIXTURE:us_mix_gdp_pc_tilt
39-6012,UK,10377,34008.0,FIXTURE:us_mix_gdp_pc_tilt
39-7010,UK,11275,34976.0,FIXTURE:us_mix_gdp_pc_tilt
39-9011,UK,109356,28024.0,FIXTURE:us_mix_gdp_pc_tilt
39-9031,UK,68055,41936.0,FIXTURE:us_mix_gdp_pc_tilt
39-9032,UK,69859,30816.0,FIXTURE:us_mix_gdp_pc_tilt
39-9041,UK,17862,35192.0,FIXTURE:us_mix_gdp_pc_tilt
39-9099,UK,12733,32096.0,FIXTURE:us_mix_gdp_pc_tilt
41-1011,UK,236410,42704.0,FIXTURE:us_mix_gdp_pc_tilt
41-1012,UK,45181,79496.0,FIXTURE:us_mix_gdp_pc_tilt
41-2011,UK,651067,26544.0,FIXTURE:us_mix_gdp_pc_tilt
41-2012,UK,4537,31280.0,FIXTURE:us_mix_gdp_pc_tilt
41-2021,UK,84467,36560.0,FIXTURE:us_mix_gdp_pc_tilt
41-2022,UK,56915,35064.0,FIXTURE:us_mix_gdp_pc_tilt
41-2031,UK,821442,29848.0,FIXTURE:us_mix_gdp_pc_tilt
41-3011,UK,19325,64536.0,FIXTURE:us_mix_gdp_pc_tilt
41-3021,UK,100966,65184.0,FIXTURE:us_mix_gdp_pc_tilt
41-3031,UK,103173,87320.0,FIXTURE:us_mix_gdp_pc_tilt
41-3041,UK,11614,43728.0,FIXTURE:us_mix_gdp_pc_tilt
41-3091,UK,264694,65944.0,FIXTURE:us_mix_gdp_pc_tilt
41-4011,UK,60019,95784.0,FIXTURE:us_mix_gdp_pc_tilt
41-4012,UK,260938,66024.0,FIXTURE:us_mix_gdp_pc_tilt
41-9011,UK,13597,36464.0,FIXTURE:us_mix_gdp_pc_tilt
41-9012,UK,797,58240.0,FIXTURE:us_mix_gdp_pc_tilt
41-9021,UK,9715,67160.0,FIXTURE:us_mix_gdp_pc_tilt
41-9022,UK,40751,55608.0,FIXTURE:us_mix_gdp_pc_tilt
41-9031,UK,10914,104112.0,FIXTURE:us_mix_gdp_pc_tilt
41-9041,UK,12314,29896.0,FIXTURE:us_mix_gdp_pc_tilt
41-9091,UK,582,35080.0,FIXTURE:us_mix_gdp_pc_tilt
41-9099,UK,19637,46808.0,FIXTURE:us_mix_gdp_pc_tilt
43-1011,UK,302768,58792.0,FIXTURE:us_mix_gdp_pc_tilt
43-2011,UK,7224,33840.0,FIXTURE:us_mix_gdp_pc_tilt
43-2021,UK,723,35976.0,FIXTURE:us_mix_gdp_pc_tilt
43-2099,UK,253,49704.0,FIXTURE:us_mix_gdp_pc_tilt
43-3011,UK,33472,39248.0,FIXTURE:us_mix_gdp_pc_tilt
43-3021,UK,85152,40856.0,FIXTURE:us_mix_gdp_pc_tilt
43-3031,UK,289492,42848.0,FIXTURE:us_mix_gdp_pc_tilt
43-3041,UK,3041,31608.0,FIXTURE:us_mix_gdp_pc_tilt
43-3051,UK,32273,47704.0,FIXTURE:us_mix_gdp_pc_tilt
43-3061,UK,11761,41896.0,FIXTURE:us_mix_gdp_pc_tilt
43-3071,UK,69435,33880.0,FIXTURE:us_mix_gdp_pc_tilt
43-3099,UK,7641,45160.0,FIXTURE:us_mix_gdp_pc_tilt
43-4011,UK,7574,58280.0,FIXTURE:us_mix_gdp_pc_tilt
43-4021,UK,904,38472.0,FIXTURE:us_mix_gdp_pc_tilt
43-4031,UK,37881,41856.0,FIXTURE:us_mix_gdp_pc_tilt
43-4041,UK,2535,41136.0,FIXTURE:us_mix_gdp_pc_tilt
43-4051,UK,547033,37272.0,FIXTURE:us_mix_gdp_pc_tilt
43-4061,UK,32623,44872.0,FIXTURE:us_mix_gdp_pc_tilt
43-4071,UK,15477,36472.0,FIXTURE:us_mix_gdp_pc_tilt
43-4081,UK,55092,28440.0,FIXTURE:us_mix_gdp_pc_tilt
43-4111,UK,31202,37792.0,FIXTURE:us_mix_gdp_pc_tilt
43-4121,UK,18023,31496.0,FIXTURE:us_mix_gdp_pc_tilt
43-4131,UK,34728,42016.0,FIXTURE:us_mix_gdp_pc_tilt
43-4141,UK,7768,39496.0,FIXTURE:us_mix_gdp_pc_tilt
43-4151,UK,15848,38576.0,FIXTURE:us_mix_gdp_pc_tilt
43-4161,UK,19013,41800.0,FIXTURE:us_mix_gdp_pc_tilt
43-4171,UK,191813,31568.0,FIXTURE:us_mix_gdp_pc_tilt
43-4181,UK,25017,39704.0,FIXTURE:us_mix_gdp_pc_tilt
43-4199,UK,28433,41192.0,FIXTURE:us_mix_gdp_pc_tilt
43-5011,UK,20583,45784.0,FIXTURE:us_mix_gdp_pc_tilt
43-5021,UK,14465,32776.0,FIXTURE:us_mix_gdp_pc_tilt
43-5031,UK,21601,45392.0,FIXTURE:us_mix_gdp_pc_tilt
43-5032,UK,42741,43792.0,FIXTURE:us_mix_gdp_pc_tilt
43-5041,UK,4095,44304.0,FIXTURE:us_mix_gdp_pc_tilt
43-5051,UK,15536,49488.0,FIXTURE:us_mix_gdp_pc_tilt
43-5052,UK,69296,50032.0,FIXTURE:us_mix_gdp_pc_tilt
43-5053,UK,22170,47544.0,FIXTURE:us_mix_gdp_pc_tilt
43-5061,UK,82223,49720.0,FIXTURE:us_mix_gdp_pc_tilt
43-5071,UK,172149,37448.0,FIXTURE:us_mix_gdp_pc_tilt
43-5111,UK,11233,38104.0,FIXTURE:us_mix_gdp_pc_tilt
43-6011,UK,96922,63312.0,FIXTURE:us_mix_gdp_pc_tilt
43-6012,UK,32935,48496.0,FIXTURE:us_mix_gdp_pc_tilt
43-6013,UK,202651,37440.0,FIXTURE:us_mix_gdp_pc_tilt
43-6014,UK,359692,39480.0,FIXTURE:us_mix_gdp_pc_tilt
43-9021,UK,26781,34648.0,FIXTURE:us_mix_gdp_pc_tilt
43-9022,UK,7378,40896.0,FIXTURE:us_mix_gdp_pc_tilt
43-9031,UK,706,49576.0,FIXTURE:us_mix_gdp_pc_tilt
43-9041,UK,45154,42336.0,FIXTURE:us_mix_gdp_pc_tilt
43-9051,UK,11639,33320.0,FIXTURE:us_mix_gdp_pc_tilt
43-9061,UK,519466,37136.0,FIXTURE:us_mix_gdp_pc_tilt
43-9071,UK,5296,34576.0,FIXTURE:us_mix_gdp_pc_tilt
43-9081,UK,965,43840.0,FIXTURE:us_mix_gdp_pc_tilt
43-9111,UK,993,44520.0,FIXTURE:us_mix_gdp_pc_tilt
43-9199,UK,40517,38936.0,FIXTURE:us_mix_gdp_pc_tilt
45-1011,UK,6858,50184.0,FIXTURE:us_mix_gdp_pc_tilt
45-2011,UK,3534,43928.0,FIXTURE:us_mix_gdp_pc_tilt
45-2021,UK,326,45608.0,FIXTURE:us_mix_gdp_pc_tilt
45-2041,UK,6176,29144.0,FIXTURE:us_mix_gdp_pc_tilt
45-2091,UK,6990,34968.0,FIXTURE:us_mix_gdp_pc_tilt
45-2092,UK,65118,30104.0,FIXTURE:us_mix_gdp_pc_tilt
45-2093,UK,8047,31408.0,FIXTURE:us_mix_gdp_pc_tilt
45-2099,UK,888,36408.0,FIXTURE:us_mix_gdp_pc_tilt
45-4011,UK,1484,34944.0,FIXTURE:us_mix_gdp_pc_tilt
45-4021,UK,768,45688.0,FIXTURE:us_mix_gdp_pc_tilt
45-4022,UK,5165,42552.0,FIXTURE:us_mix_gdp_pc_tilt
45-4023,UK,753,38216.0,FIXTURE:us_mix_gdp_pc_tilt
45-4029,UK,417,42328.0,FIXTURE:us_mix_gdp_pc_tilt
47-1011,UK,199207,69160.0,FIXTURE:us_mix_gdp_pc_tilt
47-2011,UK,2499,64072.0,FIXTURE:us_mix_gdp_pc_tilt
47-2021,UK,12889,54624.0,FIXTURE:us_mix_gdp_pc_tilt
47-2022,UK,1918,48568.0,FIXTURE:us_mix_gdp_pc_tilt
47-2031,UK,164350,52504.0,FIXTURE:us_mix_gdp_pc_tilt
47-2041,UK,3380,45592.0,FIXTURE:us_mix_gdp_pc_tilt
47-2042,UK,5798,49408.0,FIXTURE:us_mix_gdp_pc_tilt
47-2043,UK,912,41968.0,FIXTURE:us_mix_gdp_pc_tilt
47-2044,UK,8793,47400.0,FIXTURE:us_mix_gdp_pc_tilt
47-2051,UK,50566,48040.0,FIXTURE:us_mix_gdp_pc_tilt
47-2053,UK,289,67936.0,FIXTURE:us_mix_gdp_pc_tilt
47-2061,UK,269003,41624.0,FIXTURE:us_mix_gdp_pc_tilt
47-2071,UK,10257,47200.0,FIXTURE:us_mix_gdp_pc_tilt
47-2072,UK,567,64568.0,FIXTURE:us_mix_gdp_pc_tilt
47-2073,UK,117259,53032.0,FIXTURE:us_mix_gdp_pc_tilt
47-2081,UK,20377,50880.0,FIXTURE:us_mix_gdp_pc_tilt
47-2082,UK,3149,58168.0,FIXTURE:us_mix_gdp_pc_tilt
47-2111,UK,185720,57192.0,FIXTURE:us_mix_gdp_pc_tilt
47-2121,UK,14343,47776.0,FIXTURE:us_mix_gdp_pc_tilt
47-2131,UK,10900,43792.0,FIXTURE:us_mix_gdp_pc_tilt
47-2132,UK,6294,52424.0,FIXTURE:us_mix_gdp_pc_tilt
47-2141,UK,55231,44336.0,FIXTURE:us_mix_gdp_pc_tilt
47-2142,UK,385,42984.0,FIXTURE:us_mix_gdp_pc_tilt
47-2151,UK,8106,43760.0,FIXTURE:us_mix_gdp_pc_tilt
47-2152,UK,114255,57736.0,FIXTURE:us_mix_gdp_pc_tilt
47-2161,UK,4736,49640.0,FIXTURE:us_mix_gdp_pc_tilt
47-2171,UK,3385,52848.0,FIXTURE:us_mix_gdp_pc_tilt
47-2181,UK,33231,46512.0,FIXTURE:us_mix_gdp_pc_tilt
47-2211,UK,29375,54280.0,FIXTURE:us_mix_gdp_pc_tilt
47-2221,UK,16771,56224.0,FIXTURE:us_mix_gdp_pc_tilt
47-2231,UK,7689,46320.0,FIXTURE:us_mix_gdp_pc_tilt
47-3011,UK,3475,40736.0,FIXTURE:us_mix_gdp_pc_tilt
47-3012,UK,5317,35240.0,FIXTURE:us_mix_gdp_pc_tilt
47-3013,UK,15606,35264.0,FIXTURE:us_mix_gdp_pc_tilt
47-3014,UK,1837,33952.0,FIXTURE:us_mix_gdp_pc_tilt
47-3015,UK,10873,34984.0,FIXTURE:us_mix_gdp_pc_tilt
47-3016,UK,1479,36120.0,FIXTURE:us_mix_gdp_pc_tilt
47-3019,UK,6075,36112.0,FIXTURE:us_mix_gdp_pc_tilt
47-4011,UK,35985,62184.0,FIXTURE:us_mix_gdp_pc_tilt
47-4021,UK,5835,87856.0,FIXTURE:us_mix_gdp_pc_tilt
47-4031,UK,6004,40424.0,FIXTURE:us_mix_gdp_pc_tilt
47-4041,UK,12683,45144.0,FIXTURE:us_mix_gdp_pc_tilt
47-4051,UK,38006,42464.0,FIXTURE:us_mix_gdp_pc_tilt
47-4061,UK,4802,54992.0,FIXTURE:us_mix_gdp_pc_tilt
47-4071,UK,7517,42800.0,FIXTURE:us_mix_gdp_pc_tilt
47-4090,UK,6961,44104.0,FIXTURE:us_mix_gdp_pc_tilt
47-5011,UK,2597,48168.0,FIXTURE:us_mix_gdp_pc_tilt
47-5012,UK,3090,57704.0,FIXTURE:us_mix_gdp_pc_tilt
47-5013,UK,10581,49976.0,FIXTURE:us_mix_gdp_pc_tilt
47-5022,UK,8457,47944.0,FIXTURE:us_mix_gdp_pc_tilt
47-5023,UK,4770,50264.0,FIXTURE:us_mix_gdp_pc_tilt
47-5032,UK,1251,53312.0,FIXTURE:us_mix_gdp_pc_tilt
47-5041,UK,3434,52040.0,FIXTURE:us_mix_gdp_pc_tilt
47-5043,UK,530,62480.0,FIXTURE:us_mix_gdp_pc_tilt
47-5044,UK,1454,56992.0,FIXTURE:us_mix_gdp_pc_tilt
47-5049,UK,780,55888.0,FIXTURE:us_mix_gdp_pc_tilt
47-5051,UK,814,41200.0,FIXTURE:us_mix_gdp_pc_tilt
47-5071,UK,11030,39360.0,FIXTURE:us_mix_gdp_pc_tilt
47-5081,UK,1643,40496.0,FIXTURE:us_mix_gdp_pc_tilt
47-5099,UK,1359,46312.0,FIXTURE:us_mix_gdp_pc_tilt
49-1011,UK,130133,68176.0,FIXTURE:us_mix_gdp_pc_tilt
49-2011,UK,13825,40704.0,FIXTURE:us_mix_gdp_pc_tilt
49-2021,UK,2348,55896.0,FIXTURE:us_mix_gdp_pc_tilt
49-2022,UK,29698,54800.0,FIXTURE:us_mix_gdp_pc_tilt
49-2091,UK,3968,66704.0,FIXTURE:us_mix_gdp_pc_tilt
49-2092,UK,3045,46888.0,FIXTURE:us_mix_gdp_pc_tilt
49-2093,UK,1463,66640.0,FIXTURE:us_mix_gdp_pc_tilt
49-2094,UK,13700,60456.0,FIXTURE:us_mix_gdp_pc_tilt
49-2095,UK,4367,80608.0,FIXTURE:us_mix_gdp_pc_tilt
49-2096,UK,1802,41248.0,FIXTURE:us_mix_gdp_pc_tilt
49-2097,UK,4168,46344.0,FIXTURE:us_mix_gdp_pc_tilt
49-2098,UK,18195,48768.0,FIXTURE:us_mix_gdp_pc_tilt
49-3011,UK,29101,67792.0,FIXTURE:us_mix_gdp_pc_tilt
49-3021,UK,31466,47752.0,FIXTURE:us_mix_gdp_pc_tilt
49-3022,UK,4280,40344.0,FIXTURE:us_mix_gdp_pc_tilt
49-3023,UK,148497,45136.0,FIXTURE:us_mix_gdp_pc_tilt
49-3031,UK,61107,51456.0,FIXTURE:us_mix_gdp_pc_tilt
49-3041,UK,7981,45832.0,FIXTURE:us_mix_gdp_pc_tilt
49-3042,UK,37217,55392.0,FIXTURE:us_mix_gdp_pc_tilt
49-3043,UK,4499,56544.0,FIXTURE:us_mix_gdp_pc_tilt
49-3051,UK,4893,46456.0,FIXTURE:us_mix_gdp_pc_tilt
49-3052,UK,2847,41896.0,FIXTURE:us_mix_gdp_pc_tilt
49-3053,UK,7599,39992.0,FIXTURE:us_mix_gdp_pc_tilt
49-3091,UK,2565,34184.0,FIXTURE:us_mix_gdp_pc_tilt
49-3092,UK,3673,45152.0,FIXTURE:us_mix_gdp_pc_tilt
49-3093,UK,22846,32136.0,FIXTURE:us_mix_gdp_pc_tilt
49-9011,UK,5715,46032.0,FIXTURE:us_mix_gdp_pc_tilt
49-9012,UK,10166,60968.0,FIXTURE:us_mix_gdp_pc_tilt
49-9021,UK,86335,51824.0,FIXTURE:us_mix_gdp_pc_tilt
49-9031,UK,6775,44832.0,FIXTURE:us_mix_gdp_pc_tilt
49-9041,UK,92650,54768.0,FIXTURE:us_mix_gdp_pc_tilt
49-9043,UK,12649,51688.0,FIXTURE:us_mix_gdp_pc_tilt
49-9044,UK,8499,55824.0,FIXTURE:us_mix_gdp_pc_tilt
49-9045,UK,228,51016.0,FIXTURE:us_mix_gdp_pc_tilt
49-9051,UK,27622,73576.0,FIXTURE:us_mix_gdp_pc_tilt
49-9052,UK,20594,59152.0,FIXTURE:us_mix_gdp_pc_tilt
49-9061,UK,348,44832.0,FIXTURE:us_mix_gdp_pc_tilt
49-9062,UK,13907,52744.0,FIXTURE:us_mix_gdp_pc_tilt
49-9063,UK,1134,39968.0,FIXTURE:us_mix_gdp_pc_tilt
49-9064,UK,276,56672.0,FIXTURE:us_mix_gdp_pc_tilt
49-9069,UK,1981,56944.0,FIXTURE:us_mix_gdp_pc_tilt
49-9071,UK,322372,43024.0,FIXTURE:us_mix_gdp_pc_tilt
49-9081,UK,2103,55184.0,FIXTURE:us_mix_gdp_pc_tilt
49-9091,UK,5566,39816.0,FIXTURE:us_mix_gdp_pc_tilt
49-9092,UK,727,70656.0,FIXTURE:us_mix_gdp_pc_tilt
49-9094,UK,3170,44376.0,FIXTURE:us_mix_gdp_pc_tilt
49-9095,UK,636,36328.0,FIXTURE:us_mix_gdp_pc_tilt
49-9096,UK,4748,53448.0,FIXTURE:us_mix_gdp_pc_tilt
49-9097,UK,1838,72328.0,FIXTURE:us_mix_gdp_pc_tilt
49-9098,UK,20143,33192.0,FIXTURE:us_mix_gdp_pc_tilt
49-9099,UK,37154,43080.0,FIXTURE:us_mix_gdp_pc_tilt
51-1011,UK,165169,61280.0,FIXTURE:us_mix_gdp_pc_tilt
51-2011,UK,8344,57136.0,FIXTURE:us_mix_gdp_pc_tilt
51-2021,UK,3149,40376.0,FIXTURE:us_mix_gdp_pc_tilt
51-2028,UK,60573,38128.0,FIXTURE:us_mix_gdp_pc_tilt
51-2031,UK,8339,46232.0,FIXTURE:us_mix_gdp_pc_tilt
51-2041,UK,12842,43224.0,FIXTURE:us_mix_gdp_pc_tilt
51-2051,UK,3966,39640.0,FIXTURE:us_mix_gdp_pc_tilt
51-2061,UK,61,45376.0,FIXTURE:us_mix_gdp_pc_tilt
51-2090,UK,344606,37328.0,FIXTURE:us_mix_gdp_pc_tilt
51-3011,UK,57932,30784.0,FIXTURE:us_mix_gdp_pc_tilt
51-3021,UK,33462,33904.0,FIXTURE:us_mix_gdp_pc_tilt
51-3022,UK,35735,31424.0,FIXTURE:us_mix_gdp_pc_tilt
51-3023,UK,17156,33416.0,FIXTURE:us_mix_gdp_pc_tilt
51-3091,UK,4996,36744.0,FIXTURE:us_mix_gdp_pc_tilt
51-3092,UK,42804,35000.0,FIXTURE:us_mix_gdp_pc_tilt
51-3093,UK,7665,34056.0,FIXTURE:us_mix_gdp_pc_tilt
51-3099,UK,15942,32240.0,FIXTURE:us_mix_gdp_pc_tilt
51-4021,UK,14922,39584.0,FIXTURE:us_mix_gdp_pc_tilt
51-4022,UK,2190,41344.0,FIXTURE:us_mix_gdp_pc_tilt
51-4023,UK,6193,42576.0,FIXTURE:us_mix_gdp_pc_tilt
51-4031,UK,41989,38744.0,FIXTURE:us_mix_gdp_pc_tilt
51-4032,UK,1148,41448.0,FIXTURE:us_mix_gdp_pc_tilt
51-4033,UK,16433,38536.0,FIXTURE:us_mix_gdp_pc_tilt
51-4034,UK,4098,41992.0,FIXTURE:us_mix_gdp_pc_tilt
51-4035,UK,3056,45392.0,FIXTURE:us_mix_gdp_pc_tilt
51-4041,UK,70404,47456.0,FIXTURE:us_mix_gdp_pc_tilt
51-4051,UK,4116,44392.0,FIXTURE:us_mix_gdp_pc_tilt
51-4052,UK,1118,43432.0,FIXTURE:us_mix_gdp_pc_tilt
51-4061,UK,640,54856.0,FIXTURE:us_mix_gdp_pc_tilt
51-4062,UK,361,48488.0,FIXTURE:us_mix_gdp_pc_tilt
51-4071,UK,3137,39888.0,FIXTURE:us_mix_gdp_pc_tilt
51-4072,UK,36905,36768.0,FIXTURE:us_mix_gdp_pc_tilt
51-4081,UK,30558,40024.0,FIXTURE:us_mix_gdp_pc_tilt
51-4111,UK,13963,53488.0,FIXTURE:us_mix_gdp_pc_tilt
51-4121,UK,102082,45408.0,FIXTURE:us_mix_gdp_pc_tilt
51-4122,UK,7750,40176.0,FIXTURE:us_mix_gdp_pc_tilt
51-4191,UK,3434,40360.0,FIXTURE:us_mix_gdp_pc_tilt
51-4192,UK,1464,53216.0,FIXTURE:us_mix_gdp_pc_tilt
51-4193,UK,7949,36080.0,FIXTURE:us_mix_gdp_pc_tilt
51-4194,UK,1373,42592.0,FIXTURE:us_mix_gdp_pc_tilt
51-4199,UK,3900,38864.0,FIXTURE:us_mix_gdp_pc_tilt
51-5111,UK,5847,40640.0,FIXTURE:us_mix_gdp_pc_tilt
51-5112,UK,35382,37888.0,FIXTURE:us_mix_gdp_pc_tilt
51-5113,UK,8138,35568.0,FIXTURE:us_mix_gdp_pc_tilt
51-6011,UK,48572,27936.0,FIXTURE:us_mix_gdp_pc_tilt
51-6021,UK,6406,27712.0,FIXTURE:us_mix_gdp_pc_tilt
51-6031,UK,25723,30080.0,FIXTURE:us_mix_gdp_pc_tilt
51-6041,UK,1827,31328.0,FIXTURE:us_mix_gdp_pc_tilt
51-6042,UK,804,29024.0,FIXTURE:us_mix_gdp_pc_tilt
51-6051,UK,537,29768.0,FIXTURE:us_mix_gdp_pc_tilt
51-6052,UK,3414,36112.0,FIXTURE:us_mix_gdp_pc_tilt
51-6061,UK,1302,32304.0,FIXTURE:us_mix_gdp_pc_tilt
51-6062,UK,2207,31624.0,FIXTURE:us_mix_gdp_pc_tilt
51-6063,UK,3196,32576.0,FIXTURE:us_mix_gdp_pc_tilt
51-6064,UK,5401,32096.0,FIXTURE:us_mix_gdp_pc_tilt
51-6091,UK,3152,38864.0,FIXTURE:us_mix_gdp_pc_tilt
51-6092,UK,724,57136.0,FIXTURE:us_mix_gdp_pc_tilt
51-6093,UK,4940,37872.0,FIXTURE:us_mix_gdp_pc_tilt
51-6099,UK,3318,32448.0,FIXTURE:us_mix_gdp_pc_tilt
51-7011,UK,18927,38632.0,FIXTURE:us_mix_gdp_pc_tilt
51-7021,UK,3551,36240.0,FIXTURE:us_mix_gdp_pc_tilt
51-7031,UK,69,50936.0,FIXTURE:us_mix_gdp_pc_tilt
51-7032,UK,54,43392.0,FIXTURE:us_mix_gdp_pc_tilt
51-7041,UK,10019,34864.0,FIXTURE:us_mix_gdp_pc_tilt
51-7042,UK,15064,34856.0,FIXTURE:us_mix_gdp_pc_tilt
51-7099,UK,1347,36856.0,FIXTURE:us_mix_gdp_pc_tilt
51-8011,UK,1263,97104.0,FIXTURE:us_mix_gdp_pc_tilt
51-8012,UK,2090,89056.0,FIXTURE:us_mix_gdp_pc_tilt
51-8013,UK,7191,79832.0,FIXTURE:us_mix_gdp_pc_tilt
51-8021,UK,6929,67168.0,FIXTURE:us_mix_gdp_pc_tilt
51-8031,UK,31514,50032.0,FIXTURE:us_mix_gdp_pc_tilt
51-8091,UK,4074,63976.0,FIXTURE:us_mix_gdp_pc_tilt
51-8092,UK,4422,70968.0,FIXTURE:us_mix_gdp_pc_tilt
51-8093,UK,8133,72504.0,FIXTURE:us_mix_gdp_pc_tilt
51-8099,UK,3453,52560.0,FIXTURE:us_mix_gdp_pc_tilt
51-9011,UK,34246,48568.0,FIXTURE:us_mix_gdp_pc_tilt
51-9012,UK,14740,44824.0,FIXTURE:us_mix_gdp_pc_tilt
51-9021,UK,6377,41104.0,FIXTURE:us_mix_gdp_pc_tilt
51-9022,UK,2578,36016.0,FIXTURE:us_mix_gdp_pc_tilt
51-9023,UK,23281,41672.0,FIXTURE:us_mix_gdp_pc_tilt
51-9031,UK,1486,32840.0,FIXTURE:us_mix_gdp_pc_tilt
51-9032,UK,11032,37968.0,FIXTURE:us_mix_gdp_pc_tilt
51-9041,UK,14414,37808.0,FIXTURE:us_mix_gdp_pc_tilt
51-9051,UK,3502,40752.0,FIXTURE:us_mix_gdp_pc_tilt
51-9061,UK,146514,42760.0,FIXTURE:us_mix_gdp_pc_tilt
51-9071,UK,5504,46368.0,FIXTURE:us_mix_gdp_pc_tilt
51-9081,UK,8440,43432.0,FIXTURE:us_mix_gdp_pc_tilt
51-9082,UK,2767,42184.0,FIXTURE:us_mix_gdp_pc_tilt
51-9083,UK,4577,34552.0,FIXTURE:us_mix_gdp_pc_tilt
51-9111,UK,92970,35672.0,FIXTURE:us_mix_gdp_pc_tilt
51-9123,UK,1947,36168.0,FIXTURE:us_mix_gdp_pc_tilt
51-9124,UK,38933,42096.0,FIXTURE:us_mix_gdp_pc_tilt
51-9141,UK,7716,48144.0,FIXTURE:us_mix_gdp_pc_tilt
51-9151,UK,1177,36840.0,FIXTURE:us_mix_gdp_pc_tilt
51-9161,UK,41560,43456.0,FIXTURE:us_mix_gdp_pc_tilt
51-9162,UK,6990,57768.0,FIXTURE:us_mix_gdp_pc_tilt
51-9191,UK,2821,37480.0,FIXTURE:us_mix_gdp_pc_tilt
51-9192,UK,3620,35680.0,FIXTURE:us_mix_gdp_pc_tilt
51-9193,UK,1692,35952.0,FIXTURE:us_mix_gdp_pc_tilt
51-9194,UK,1901,37056.0,FIXTURE:us_mix_gdp_pc_tilt
51-9195,UK,8140,38000.0,FIXTURE:us_mix_gdp_pc_tilt
51-9196,UK,23577,42272.0,FIXTURE:us_mix_gdp_pc_tilt
51-9197,UK,5094,45728.0,FIXTURE:us_mix_gdp_pc_tilt
51-9198,UK,40641,32896.0,FIXTURE:us_mix_gdp_pc_tilt
51-9199,UK,61733,35504.0,FIXTURE:us_mix_gdp_pc_tilt
53-1041,UK,2394,52008.0,FIXTURE:us_mix_gdp_pc_tilt
53-1047,UK,152958,53488.0,FIXTURE:us_mix_gdp_pc_tilt
53-2011,UK,25400,230920.0,FIXTURE:us_mix_gdp_pc_tilt
53-2012,UK,11682,116864.0,FIXTURE:us_mix_gdp_pc_tilt
53-2021,UK,5521,117192.0,FIXTURE:us_mix_gdp_pc_tilt
53-2022,UK,3726,50888.0,FIXTURE:us_mix_gdp_pc_tilt
53-2031,UK,32289,61952.0,FIXTURE:us_mix_gdp_pc_tilt
53-3011,UK,3098,28968.0,FIXTURE:us_mix_gdp_pc_tilt
53-3031,UK,100358,32584.0,FIXTURE:us_mix_gdp_pc_tilt
53-3032,UK,505748,47768.0,FIXTURE:us_mix_gdp_pc_tilt
53-3033,UK,241170,39016.0,FIXTURE:us_mix_gdp_pc_tilt
53-3051,UK,98825,38744.0,FIXTURE:us_mix_gdp_pc_tilt
53-3052,UK,39056,48224.0,FIXTURE:us_mix_gdp_pc_tilt
53-3053,UK,60956,31904.0,FIXTURE:us_mix_gdp_pc_tilt
53-3054,UK,10068,39944.0,FIXTURE:us_mix_gdp_pc_tilt
53-3099,UK,11498,33944.0,FIXTURE:us_mix_gdp_pc_tilt
53-4011,UK,8209,68720.0,FIXTURE:us_mix_gdp_pc_tilt
53-4013,UK,961,54760.0,FIXTURE:us_mix_gdp_pc_tilt
53-4022,UK,3041,55224.0,FIXTURE:us_mix_gdp_pc_tilt
53-4031,UK,11390,63280.0,FIXTURE:us_mix_gdp_pc_tilt
53-4041,UK,2502,61736.0,FIXTURE:us_mix_gdp_pc_tilt
53-4099,UK,275,48112.0,FIXTURE:us_mix_gdp_pc_tilt
53-5011,UK,7768,45464.0,FIXTURE:us_mix_gdp_pc_tilt
53-5021,UK,9038,82976.0,FIXTURE:us_mix_gdp_pc_tilt
53-5022,UK,608,45016.0,FIXTURE:us_mix_gdp_pc_tilt
53-5031,UK,2060,89432.0,FIXTURE:us_mix_gdp_pc_tilt
53-6011,UK,746,44296.0,FIXTURE:us_mix_gdp_pc_tilt
53-6021,UK,33817,27992.0,FIXTURE:us_mix_gdp_pc_tilt
53-6031,UK,25020,29424.0,FIXTURE:us_mix_gdp_pc_tilt
53-6032,UK,7677,34664.0,FIXTURE:us_mix_gdp_pc_tilt
53-6041,UK,1928,49640.0,FIXTURE:us_mix_gdp_pc_tilt
53-6051,UK,6009,70832.0,FIXTURE:us_mix_gdp_pc_tilt
53-6061,UK,6649,30256.0,FIXTURE:us_mix_gdp_pc_tilt
53-6099,UK,3323,40712.0,FIXTURE:us_mix_gdp_pc_tilt
53-7011,UK,5624,36064.0,FIXTURE:us_mix_gdp_pc_tilt
53-7021,UK,10519,57704.0,FIXTURE:us_mix_gdp_pc_tilt
53-7031,UK,255,44896.0,FIXTURE:us_mix_gdp_pc_tilt
53-7041,UK,638,54168.0,FIXTURE:us_mix_gdp_pc_tilt
53-7051,UK,189939,38696.0,FIXTURE:us_mix_gdp_pc_tilt
53-7061,UK,93306,29584.0,FIXTURE:us_mix_gdp_pc_tilt
53-7062,UK,723603,33808.0,FIXTURE:us_mix_gdp_pc_tilt
53-7063,UK,10382,34928.0,FIXTURE:us_mix_gdp_pc_tilt
53-7064,UK,137305,30032.0,FIXTURE:us_mix_gdp_pc_tilt
53-7065,UK,695037,31632.0,FIXTURE:us_mix_gdp_pc_tilt
53-7071,UK,861,59688.0,FIXTURE:us_mix_gdp_pc_tilt
53-7072,UK,2399,51168.0,FIXTURE:us_mix_gdp_pc_tilt
53-7073,UK,4412,56296.0,FIXTURE:us_mix_gdp_pc_tilt
53-7081,UK,36113,42256.0,FIXTURE:us_mix_gdp_pc_tilt
53-7121,UK,2624,47976.0,FIXTURE:us_mix_gdp_pc_tilt
53-7199,UK,5759,36512.0,FIXTURE:us_mix_gdp_pc_tilt
11-1011,US,207015,269630.0,FIXTURE:us_mix_gdp_pc_tilt
11-1021,US,3548710,134940.0,FIXTURE:us_mix_gdp_pc_tilt
11-1031,US,45172,57110.0,FIXTURE:us_mix_gdp_pc_tilt
11-2011,US,21750,154280.0,FIXTURE:us_mix_gdp_pc_tilt
11-2021,US,400395,177770.0,FIXTURE:us_mix_gdp_pc_tilt
11-2022,US,645389,164350.0,FIXTURE:us_mix_gdp_pc_tilt
11-2032,US,75826,164760.0,FIXTURE:us_mix_gdp_pc_tilt
11-2033,US,39316,140020.0,FIXTURE:us_mix_gdp_pc_tilt
11-3012,US,267403,129870.0,FIXTURE:us_mix_gdp_pc_tilt
11-3013,US,158217,116890.0,FIXTURE:us_mix_gdp_pc_tilt
11-3021,US,679316,192160.0,FIXTURE:us_mix_gdp_pc_tilt
11-3031,US,852688,186910.0,FIXTURE:us_mix_gdp_pc_tilt
11-3051,US,249462,134170.0,FIXTURE:us_mix_gdp_pc_tilt
11-3061,US,85420,156360.0,FIXTURE:us_mix_gdp_pc_tilt
11-3071,US,224065,121600.0,FIXTURE:us_mix_gdp_pc_tilt
11-3111,US,23239,162640.0,FIXTURE:us_mix_gdp_pc_tilt
11-3121,US,223538,164230.0,FIXTURE:us_mix_gdp_pc_tilt
11-3131,US,48677,148370.0,FIXTURE:us_mix_gdp_pc_tilt
11-9013,US,6585,99820.0,FIXTURE:us_mix_gdp_pc_tilt
11-9021,US,385321,124360.0,FIXTURE:us_mix_gdp_pc_tilt
11-9031,US,74621,64800.0,FIXTURE:us_mix_gdp_pc_tilt
11-9032,US,332612,116100.0,FIXTURE:us_mix_gdp_pc_tilt
11-9033,US,182824,126540.0,FIXTURE:us_mix_gdp_pc_tilt
11-9039,US,55849,101900.0,FIXTURE:us_mix_gdp_pc_tilt
11-9041,US,223133,181540.0,FIXTURE:us_mix_gdp_pc_tilt
11-9051,US,241540,74880.0,FIXTURE:us_mix_gdp_pc_tilt
11-9071,US,5096,103050.0,FIXTURE:us_mix_gdp_pc_tilt
11-9072,US,38475,89750.0,FIXTURE:us_mix_gdp_pc_tilt
11-9081,US,43176,78740.0,FIXTURE:us_mix_gdp_pc_tilt
11-9111,US,604868,140970.0,FIXTURE:us_mix_gdp_pc_tilt
11-9121,US,110108,180250.0,FIXTURE:us_mix_gdp_pc_tilt
11-9131,US,13990,97360.0,FIXTURE:us_mix_gdp_pc_tilt
11-9141,US,315239,83710.0,FIXTURE:us_mix_gdp_pc_tilt
11-9151,US,212060,88880.0,FIXTURE:us_mix_gdp_pc_tilt
11-9161,US,13676,102420.0,FIXTURE:us_mix_gdp_pc_tilt
11-9171,US,14091,92840.0,FIXTURE:us_mix_gdp_pc_tilt
11-9179,US,10586,78190.0,FIXTURE:us_mix_gdp_pc_tilt
11-9199,US,630305,153890.0,FIXTURE:us_mix_gdp_pc_tilt
13-1011,US,12785,141580.0,FIXTURE:us_mix_gdp_pc_tilt
13-1020,US,497840,83770.0,FIXTURE:us_mix_gdp_pc_tilt
13-1031,US,328459,80470.0,FIXTURE:us_mix_gdp_pc_tilt
13-1032,US,11711,78900.0,FIXTURE:us_mix_gdp_pc_tilt
13-1041,US,422510,88400.0,FIXTURE:us_mix_gdp_pc_tilt
13-1051,US,227145,85390.0,FIXTURE:us_mix_gdp_pc_tilt
13-1071,US,924331,81990.0,FIXTURE:us_mix_gdp_pc_tilt
13-1074,US,314,58470.0,FIXTURE:us_mix_gdp_pc_tilt
13-1075,US,65655,98720.0,FIXTURE:us_mix_gdp_pc_tilt
13-1081,US,254314,89730.0,FIXTURE:us_mix_gdp_pc_tilt
13-1082,US,1080583,110740.0,FIXTURE:us_mix_gdp_pc_tilt
13-1111,US,909996,113790.0,FIXTURE:us_mix_gdp_pc_tilt
13-1121,US,144723,66520.0,FIXTURE:us_mix_gdp_pc_tilt
13-1131,US,112488,77200.0,FIXTURE:us_mix_gdp_pc_tilt
13-1141,US,113846,84330.0,FIXTURE:us_mix_gdp_pc_tilt
13-1151,US,464278,75550.0,FIXTURE:us_mix_gdp_pc_tilt
13-1161,US,911313,89490.0,FIXTURE:us_mix_gdp_pc_tilt
13-1199,US,1101269,93970.0,FIXTURE:us_mix_gdp_pc_tilt
13-2011,US,1468406,94750.0,FIXTURE:us_mix_gdp_pc_tilt
13-2020,US,57814,75770.0,FIXTURE:us_mix_gdp_pc_tilt
13-2031,US,47775,96370.0,FIXTURE:us_mix_gdp_pc_tilt
13-2041,US,65230,100850.0,FIXTURE:us_mix_gdp_pc_tilt
13-2051,US,366701,116800.0,FIXTURE:us_mix_gdp_pc_tilt
13-2052,US,270280,156670.0,FIXTURE:us_mix_gdp_pc_tilt
13-2053,US,106795,93700.0,FIXTURE:us_mix_gdp_pc_tilt
13-2054,US,64683,124420.0,FIXTURE:us_mix_gdp_pc_tilt
13-2061,US,68715,106240.0,FIXTURE:us_mix_gdp_pc_tilt
13-2071,US,28132,57210.0,FIXTURE:us_mix_gdp_pc_tilt
13-2072,US,277908,87790.0,FIXTURE:us_mix_gdp_pc_tilt
13-2081,US,57348,70520.0,FIXTURE:us_mix_gdp_pc_tilt
13-2082,US,77478,60930.0,FIXTURE:us_mix_gdp_pc_tilt
13-2099,US,133853,93810.0,FIXTURE:us_mix_gdp_pc_tilt
15-1211,US,526306,114610.0,FIXTURE:us_mix_gdp_pc_tilt
15-1212,US,193137,132510.0,FIXTURE:us_mix_gdp_pc_tilt
15-1221,US,37685,153930.0,FIXTURE:us_mix_gdp_pc_tilt
15-1231,US,148097,81870.0,FIXTURE:us_mix_gdp_pc_tilt
15-1232,US,726544,67330.0,FIXTURE:us_mix_gdp_pc_tilt
15-1241,US,182084,139580.0,FIXTURE:us_mix_gdp_pc_tilt
15-1242,US,70903,110090.0,FIXTURE:us_mix_gdp_pc_tilt
15-1243,US,68016,144440.0,FIXTURE:us_mix_gdp_pc_tilt
15-1244,US,318440,103680.0,FIXTURE:us_mix_gdp_pc_tilt
15-1251,US,93433,105170.0,FIXTURE:us_mix_gdp_pc_tilt
15-1252,US,1709905,148100.0,FIXTURE:us_mix_gdp_pc_tilt
15-1253,US,189176,111490.0,FIXTURE:us_mix_gdp_pc_tilt
15-1254,US,71105,98770.0,FIXTURE:us_mix_gdp_pc_tilt
15-1255,US,114808,117490.0,FIXTURE:us_mix_gdp_pc_tilt
15-1299,US,441049,122230.0,FIXTURE:us_mix_gdp_pc_tilt
15-2011,US,27018,141480.0,FIXTURE:us_mix_gdp_pc_tilt
15-2021,US,2056,129260.0,FIXTURE:us_mix_gdp_pc_tilt
15-2031,US,109925,99730.0,FIXTURE:us_mix_gdp_pc_tilt
15-2041,US,29409,115700.0,FIXTURE:us_mix_gdp_pc_tilt
15-2051,US,265863,126800.0,FIXTURE:us_mix_gdp_pc_tilt
15-2099,US,3769,91550.0,FIXTURE:us_mix_gdp_pc_tilt
17-1011,US,108163,106260.0,FIXTURE:us_mix_gdp_pc_tilt
17-1012,US,19856,88780.0,FIXTURE:us_mix_gdp_pc_tilt
17-1021,US,14446,86690.0,FIXTURE:us_mix_gdp_pc_tilt
17-1022,US,51493,80570.0,FIXTURE:us_mix_gdp_pc_tilt
17-2011,US,68593,142060.0,FIXTURE:us_mix_gdp_pc_tilt
17-2021,US,1499,108230.0,FIXTURE:us_mix_gdp_pc_tilt
17-2031,US,23786,116890.0,FIXTURE:us_mix_gdp_pc_tilt
17-2041,US,21345,129980.0,FIXTURE:us_mix_gdp_pc_tilt
17-2051,US,372638,108670.0,FIXTURE:us_mix_gdp_pc_tilt
17-2061,US,77660,162670.0,FIXTURE:us_mix_gdp_pc_tilt
17-2071,US,201342,125100.0,FIXTURE:us_mix_gdp_pc_tilt
17-2072,US,98164,137280.0,FIXTURE:us_mix_gdp_pc_tilt
17-2081,US,38840,112910.0,FIXTURE:us_mix_gdp_pc_tilt
17-2111,US,21730,119770.0,FIXTURE:us_mix_gdp_pc_tilt
17-2112,US,370510,109900.0,FIXTURE:us_mix_gdp_pc_tilt
17-2121,US,8358,124180.0,FIXTURE:us_mix_gdp_pc_tilt
17-2131,US,23067,120250.0,FIXTURE:us_mix_gdp_pc_tilt
17-2141,US,300681,113610.0,FIXTURE:us_mix_gdp_pc_tilt
17-2151,US,6159,115410.0,FIXTURE:us_mix_gdp_pc_tilt
17-2161,US,15479,140420.0,FIXTURE:us_mix_gdp_pc_tilt
17-2171,US,18296,157150.0,FIXTURE:us_mix_gdp_pc_tilt
17-2199,US,156080,125330.0,FIXTURE:us_mix_gdp_pc_tilt
17-3011,US,105053,70740.0,FIXTURE:us_mix_gdp_pc_tilt
17-3012,US,18154,81280.0,FIXTURE:us_mix_gdp_pc_tilt
17-3013,US,40481,75060.0,FIXTURE:us_mix_gdp_pc_tilt
17-3019,US,14659,68250.0,FIXTURE:us_mix_gdp_pc_tilt
17-3021,US,11427,91310.0,FIXTURE:us_mix_gdp_pc_tilt
17-3022,US,69414,68990.0,FIXTURE:us_mix_gdp_pc_tilt
17-3023,US,96371,80680.0,FIXTURE:us_mix_gdp_pc_tilt
17-3024,US,15722,76420.0,FIXTURE:us_mix_gdp_pc_tilt
17-3025,US,12349,64870.0,FIXTURE:us_mix_gdp_pc_tilt
17-3026,US,76556,70700.0,FIXTURE:us_mix_gdp_pc_tilt
17-3027,US,36662,76380.0,FIXTURE:us_mix_gdp_pc_tilt
17-3028,US,16756,74170.0,FIXTURE:us_mix_gdp_pc_tilt
17-3029,US,60712,80960.0,FIXTURE:us_mix_gdp_pc_tilt
17-3031,US,58767,58000.0,FIXTURE:us_mix_gdp_pc_tilt
19-1011,US,3140,88350.0,FIXTURE:us_mix_gdp_pc_tilt
19-1012,US,13230,95360.0,FIXTURE:us_mix_gdp_pc_tilt
19-1013,US,15935,87720.0,FIXTURE:us_mix_gdp_pc_tilt
19-1021,US,34271,129840.0,FIXTURE:us_mix_gdp_pc_tilt
19-1022,US,19187,97600.0,FIXTURE:us_mix_gdp_pc_tilt
19-1023,US,18356,83020.0,FIXTURE:us_mix_gdp_pc_tilt
19-1029,US,56578,106330.0,FIXTURE:us_mix_gdp_pc_tilt
19-1031,US,26288,77130.0,FIXTURE:us_mix_gdp_pc_tilt
19-1032,US,10566,79170.0,FIXTURE:us_mix_gdp_pc_tilt
19-1041,US,12248,97890.0,FIXTURE:us_mix_gdp_pc_tilt
19-1042,US,174588,116840.0,FIXTURE:us_mix_gdp_pc_tilt
19-1099,US,7557,107860.0,FIXTURE:us_mix_gdp_pc_tilt
19-2011,US,2148,132920.0,FIXTURE:us_mix_gdp_pc_tilt
19-2012,US,20696,171180.0,FIXTURE:us_mix_gdp_pc_tilt
19-2021,US,10130,106110.0,FIXTURE:us_mix_gdp_pc_tilt
19-2031,US,83850,100450.0,FIXTURE:us_mix_gdp_pc_tilt
19-2032,US,8580,126180.0,FIXTURE:us_mix_gdp_pc_tilt
19-2041,US,90414,91680.0,FIXTURE:us_mix_gdp_pc_tilt
19-2042,US,23776,116150.0,FIXTURE:us_mix_gdp_pc_tilt
19-2043,US,5926,103600.0,FIXTURE:us_mix_gdp_pc_tilt
19-2099,US,22591,129230.0,FIXTURE:us_mix_gdp_pc_tilt
19-3011,US,18022,142130.0,FIXTURE:us_mix_gdp_pc_tilt
19-3022,US,8398,79580.0,FIXTURE:us_mix_gdp_pc_tilt
19-3032,US,800,170230.0,FIXTURE:us_mix_gdp_pc_tilt
19-3033,US,76981,112750.0,FIXTURE:us_mix_gdp_pc_tilt
19-3034,US,64774,99160.0,FIXTURE:us_mix_gdp_pc_tilt
19-3039,US,19065,111210.0,FIXTURE:us_mix_gdp_pc_tilt
19-3041,US,2289,114920.0,FIXTURE:us_mix_gdp_pc_tilt
19-3051,US,44807,94750.0,FIXTURE:us_mix_gdp_pc_tilt
19-3091,US,9107,75620.0,FIXTURE:us_mix_gdp_pc_tilt
19-3092,US,1418,102350.0,FIXTURE:us_mix_gdp_pc_tilt
19-3093,US,3495,81240.0,FIXTURE:us_mix_gdp_pc_tilt
19-3094,US,5612,142510.0,FIXTURE:us_mix_gdp_pc_tilt
19-3099,US,37584,107690.0,FIXTURE:us_mix_gdp_pc_tilt
19-4012,US,15327,53840.0,FIXTURE:us_mix_gdp_pc_tilt
19-4013,US,14790,56660.0,FIXTURE:us_mix_gdp_pc_tilt
19-4021,US,70528,61380.0,FIXTURE:us_mix_gdp_pc_tilt
19-4031,US,58291,63900.0,FIXTURE:us_mix_gdp_pc_tilt
19-4042,US,35122,60800.0,FIXTURE:us_mix_gdp_pc_tilt
19-4043,US,7071,61870.0,FIXTURE:us_mix_gdp_pc_tilt
19-4044,US,2877,69530.0,FIXTURE:us_mix_gdp_pc_tilt
19-4051,US,6554,108940.0,FIXTURE:us_mix_gdp_pc_tilt
19-4061,US,31040,66140.0,FIXTURE:us_mix_gdp_pc_tilt
19-4071,US,30807,59060.0,FIXTURE:us_mix_gdp_pc_tilt
19-4092,US,19369,79200.0,FIXTURE:us_mix_gdp_pc_tilt
19-4099,US,74874,66280.0,FIXTURE:us_mix_gdp_pc_tilt
19-5011,US,142444,93860.0,FIXTURE:us_mix_gdp_pc_tilt
19-5012,US,30989,68120.0,FIXTURE:us_mix_gdp_pc_tilt
21-1012,US,357918,71430.0,FIXTURE:us_mix_gdp_pc_tilt
21-1013,US,67610,76960.0,FIXTURE:us_mix_gdp_pc_tilt
21-1015,US,95976,51820.0,FIXTURE:us_mix_gdp_pc_tilt
21-1018,US,498346,64440.0,FIXTURE:us_mix_gdp_pc_tilt
21-1019,US,28953,58210.0,FIXTURE:us_mix_gdp_pc_tilt
21-1021,US,397670,64000.0,FIXTURE:us_mix_gdp_pc_tilt
21-1022,US,190077,71790.0,FIXTURE:us_mix_gdp_pc_tilt
21-1023,US,134542,68030.0,FIXTURE:us_mix_gdp_pc_tilt
21-1029,US,63751,75910.0,FIXTURE:us_mix_gdp_pc_tilt
21-1091,US,66547,73280.0,FIXTURE:us_mix_gdp_pc_tilt
21-1092,US,90556,73130.0,FIXTURE:us_mix_gdp_pc_tilt
21-1093,US,443571,47690.0,FIXTURE:us_mix_gdp_pc_tilt
21-1094,US,62464,56180.0,FIXTURE:us_mix_gdp_pc_tilt
21-1099,US,109135,59590.0,FIXTURE:us_mix_gdp_pc_tilt
21-2011,US,57946,66860.0,FIXTURE:us_mix_gdp_pc_tilt
21-2021,US,22449,62100.0,FIXTURE:us_mix_gdp_pc_tilt
21-2099,US,15966,53870.0,FIXTURE:us_mix_gdp_pc_tilt
23-1011,US,764341,185840.0,FIXTURE:us_mix_gdp_pc_tilt
23-1012,US,13463,72950.0,FIXTURE:us_mix_gdp_pc_tilt
23-1021,US,16584,125990.0,FIXTURE:us_mix_gdp_pc_tilt
23-1022,US,9330,91010.0,FIXTURE:us_mix_gdp_pc_tilt
23-1023,US,24343,143830.0,FIXTURE:us_mix_gdp_pc_tilt
23-2011,US,398004,69700.0,FIXTURE:us_mix_gdp_pc_tilt
23-2093,US,49214,62350.0,FIXTURE:us_mix_gdp_pc_tilt
23-2099,US,47370,89660.0,FIXTURE:us_mix_gdp_pc_tilt
25-1011,US,83221,114720.0,FIXTURE:us_mix_gdp_pc_tilt
25-1021,US,35943,104420.0,FIXTURE:us_mix_gdp_pc_tilt
25-1022,US,48292,91550.0,FIXTURE:us_mix_gdp_pc_tilt
25-1031,US,7800,101250.0,FIXTURE:us_mix_gdp_pc_tilt
25-1032,US,40795,124520.0,FIXTURE:us_mix_gdp_pc_tilt
25-1041,US,9036,102050.0,FIXTURE:us_mix_gdp_pc_tilt
25-1042,US,50845,102840.0,FIXTURE:us_mix_gdp_pc_tilt
25-1043,US,1540,102450.0,FIXTURE:us_mix_gdp_pc_tilt
25-1051,US,10029,116020.0,FIXTURE:us_mix_gdp_pc_tilt
25-1052,US,20241,105210.0,FIXTURE:us_mix_gdp_pc_tilt
25-1053,US,6777,103610.0,FIXTURE:us_mix_gdp_pc_tilt
25-1054,US,13261,111460.0,FIXTURE:us_mix_gdp_pc_tilt
25-1061,US,5308,106880.0,FIXTURE:us_mix_gdp_pc_tilt
25-1062,US,11447,98330.0,FIXTURE:us_mix_gdp_pc_tilt
25-1063,US,11711,138850.0,FIXTURE:us_mix_gdp_pc_tilt
25-1064,US,3373,102350.0,FIXTURE:us_mix_gdp_pc_tilt
25-1065,US,17191,108100.0,FIXTURE:us_mix_gdp_pc_tilt
25-1066,US,42072,93860.0,FIXTURE:us_mix_gdp_pc_tilt
25-1067,US,12005,96980.0,FIXTURE:us_mix_gdp_pc_tilt
25-1069,US,16796,88390.0,FIXTURE:us_mix_gdp_pc_tilt
25-1071,US,224156,147570.0,FIXTURE:us_mix_gdp_pc_tilt
25-1072,US,78977,86410.0,FIXTURE:us_mix_gdp_pc_tilt
25-1081,US,61623,79350.0,FIXTURE:us_mix_gdp_pc_tilt
25-1082,US,3677,88110.0,FIXTURE:us_mix_gdp_pc_tilt
25-1111,US,13322,87550.0,FIXTURE:us_mix_gdp_pc_tilt
25-1112,US,20322,144770.0,FIXTURE:us_mix_gdp_pc_tilt
25-1113,US,12774,83940.0,FIXTURE:us_mix_gdp_pc_tilt
25-1121,US,94780,94700.0,FIXTURE:us_mix_gdp_pc_tilt
25-1122,US,29804,90010.0,FIXTURE:us_mix_gdp_pc_tilt
25-1123,US,58473,89580.0,FIXTURE:us_mix_gdp_pc_tilt
25-1124,US,20089,89990.0,FIXTURE:us_mix_gdp_pc_tilt
25-1125,US,19035,96580.0,FIXTURE:us_mix_gdp_pc_tilt
25-1126,US,20727,92040.0,FIXTURE:us_mix_gdp_pc_tilt
25-1192,US,2806,81940.0,FIXTURE:us_mix_gdp_pc_tilt
25-1193,US,12795,86620.0,FIXTURE:us_mix_gdp_pc_tilt
25-1194,US,115598,72060.0,FIXTURE:us_mix_gdp_pc_tilt
25-1199,US,151794,90630.0,FIXTURE:us_mix_gdp_pc_tilt
25-2011,US,485025,43030.0,FIXTURE:us_mix_gdp_pc_tilt
25-2012,US,110290,69370.0,FIXTURE:us_mix_gdp_pc_tilt
25-2021,US,1406499,72650.0,FIXTURE:us_mix_gdp_pc_tilt
25-2022,US,628178,72030.0,FIXTURE:us_mix_gdp_pc_tilt
25-2023,US,17090,71590.0,FIXTURE:us_mix_gdp_pc_tilt
25-2031,US,1079104,76320.0,FIXTURE:us_mix_gdp_pc_tilt
25-2032,US,112873,72680.0,FIXTURE:us_mix_gdp_pc_tilt
25-2051,US,29895,76380.0,FIXTURE:us_mix_gdp_pc_tilt
25-2052,US,264273,72650.0,FIXTURE:us_mix_gdp_pc_tilt
25-2057,US,96442,73780.0,FIXTURE:us_mix_gdp_pc_tilt
25-2058,US,166068,77260.0,FIXTURE:us_mix_gdp_pc_tilt
25-2059,US,34373,79750.0,FIXTURE:us_mix_gdp_pc_tilt
25-3011,US,37797,65860.0,FIXTURE:us_mix_gdp_pc_tilt
25-3021,US,336442,54740.0,FIXTURE:us_mix_gdp_pc_tilt
25-3031,US,531615,46420.0,FIXTURE:us_mix_gdp_pc_tilt
25-3041,US,177353,48050.0,FIXTURE:us_mix_gdp_pc_tilt
25-3099,US,115274,73880.0,FIXTURE:us_mix_gdp_pc_tilt
25-4011,US,8074,70640.0,FIXTURE:us_mix_gdp_pc_tilt
25-4012,US,12308,71560.0,FIXTURE:us_mix_gdp_pc_tilt
25-4013,US,12471,57410.0,FIXTURE:us_mix_gdp_pc_tilt
25-4022,US,135535,72840.0,FIXTURE:us_mix_gdp_pc_tilt
25-4031,US,69586,45500.0,FIXTURE:us_mix_gdp_pc_tilt
25-9021,US,8327,61060.0,FIXTURE:us_mix_gdp_pc_tilt
25-9031,US,230731,80920.0,FIXTURE:us_mix_gdp_pc_tilt
25-9044,US,166230,47670.0,FIXTURE:us_mix_gdp_pc_tilt
25-9045,US,1438876,38290.0,FIXTURE:us_mix_gdp_pc_tilt
25-9099,US,120137,59060.0,FIXTURE:us_mix_gdp_pc_tilt
27-1011,US,53762,129440.0,FIXTURE:us_mix_gdp_pc_tilt
27-1012,US,4640,49740.0,FIXTURE:us_mix_gdp_pc_tilt
27-1013,US,11366,73150.0,FIXTURE:us_mix_gdp_pc_tilt
27-1014,US,20230,112870.0,FIXTURE:us_mix_gdp_pc_tilt
27-1019,US,7020,80530.0,FIXTURE:us_mix_gdp_pc_tilt
27-1021,US,33927,93260.0,FIXTURE:us_mix_gdp_pc_tilt
27-1022,US,21730,91230.0,FIXTURE:us_mix_gdp_pc_tilt
27-1023,US,41119,39520.0,FIXTURE:us_mix_gdp_pc_tilt
27-1024,US,200410,70560.0,FIXTURE:us_mix_gdp_pc_tilt
27-1025,US,72433,74540.0,FIXTURE:us_mix_gdp_pc_tilt
27-1026,US,167375,42830.0,FIXTURE:us_mix_gdp_pc_tilt
27-1027,US,10769,83160.0,FIXTURE:us_mix_gdp_pc_tilt
27-1029,US,9604,79090.0,FIXTURE:us_mix_gdp_pc_tilt
27-2011,US,55717,66100.0,FIXTURE:us_mix_gdp_pc_tilt
27-2012,US,144987,113300.0,FIXTURE:us_mix_gdp_pc_tilt
27-2021,US,15267,206180.0,FIXTURE:us_mix_gdp_pc_tilt
27-2022,US,252197,60160.0,FIXTURE:us_mix_gdp_pc_tilt
27-2023,US,15986,53010.0,FIXTURE:us_mix_gdp_pc_tilt
27-2031,US,8236,66100.0,FIXTURE:us_mix_gdp_pc_tilt
27-2032,US,2897,73100.0,FIXTURE:us_mix_gdp_pc_tilt
27-2041,US,12704,90470.0,FIXTURE:us_mix_gdp_pc_tilt
27-2042,US,36652,66100.0,FIXTURE:us_mix_gdp_pc_tilt
27-2091,US,8023,66100.0,FIXTURE:us_mix_gdp_pc_tilt
27-2099,US,16766,66100.0,FIXTURE:us_mix_gdp_pc_tilt
27-3011,US,21517,78720.0,FIXTURE:us_mix_gdp_pc_tilt
27-3023,US,39762,102460.0,FIXTURE:us_mix_gdp_pc_tilt
27-3031,US,287076,84120.0,FIXTURE:us_mix_gdp_pc_tilt
27-3041,US,92886,90060.0,FIXTURE:us_mix_gdp_pc_tilt
27-3042,US,46093,96970.0,FIXTURE:us_mix_gdp_pc_tilt
27-3043,US,48565,86090.0,FIXTURE:us_mix_gdp_pc_tilt
27-3091,US,52739,66360.0,FIXTURE:us_mix_gdp_pc_tilt
27-3092,US,13038,78760.0,FIXTURE:us_mix_gdp_pc_tilt
27-3099,US,19846,83860.0,FIXTURE:us_mix_gdp_pc_tilt
27-4011,US,71146,64630.0,FIXTURE:us_mix_gdp_pc_tilt
27-4012,US,21385,67960.0,FIXTURE:us_mix_gdp_pc_tilt
27-4014,US,13251,81390.0,FIXTURE:us_mix_gdp_pc_tilt
27-4015,US,9016,78380.0,FIXTURE:us_mix_gdp_pc_tilt
27-4021,US,52435,55410.0,FIXTURE:us_mix_gdp_pc_tilt
27-4031,US,21831,83210.0,FIXTURE:us_mix_gdp_pc_tilt
27-4032,US,25944,86130.0,FIXTURE:us_mix_gdp_pc_tilt
27-4099,US,12612,81040.0,FIXTURE:us_mix_gdp_pc_tilt
29-1011,US,40147,90520.0,FIXTURE:us_mix_gdp_pc_tilt
29-1021,US,126012,191350.0,FIXTURE:us_mix_gdp_pc_tilt
29-1022,US,4974,346490.0,FIXTURE:us_mix_gdp_pc_tilt
29-1023,US,6291,259400.0,FIXTURE:us_mix_gdp_pc_tilt
29-1024,US,881,268630.0,FIXTURE:us_mix_gdp_pc_tilt
29-1029,US,5298,247930.0,FIXTURE:us_mix_gdp_pc_tilt
29-1031,US,78582,77130.0,FIXTURE:us_mix_gdp_pc_tilt
29-1041,US,43348,141550.0,FIXTURE:us_mix_gdp_pc_tilt
29-1051,US,326169,140920.0,FIXTURE:us_mix_gdp_pc_tilt
29-1071,US,164265,141280.0,FIXTURE:us_mix_gdp_pc_tilt
29-1081,US,9806,175480.0,FIXTURE:us_mix_gdp_pc_tilt
29-1122,US,164569,101280.0,FIXTURE:us_mix_gdp_pc_tilt
29-1123,US,270817,105280.0,FIXTURE:us_mix_gdp_pc_tilt
29-1124,US,17293,114990.0,FIXTURE:us_mix_gdp_pc_tilt
29-1125,US,15125,67630.0,FIXTURE:us_mix_gdp_pc_tilt
29-1126,US,141613,87300.0,FIXTURE:us_mix_gdp_pc_tilt
29-1127,US,185782,98170.0,FIXTURE:us_mix_gdp_pc_tilt
29-1128,US,8672,60940.0,FIXTURE:us_mix_gdp_pc_tilt
29-1129,US,22935,90420.0,FIXTURE:us_mix_gdp_pc_tilt
29-1131,US,84994,142680.0,FIXTURE:us_mix_gdp_pc_tilt
29-1141,US,3423802,101420.0,FIXTURE:us_mix_gdp_pc_tilt
29-1151,US,52516,248320.0,FIXTURE:us_mix_gdp_pc_tilt
29-1161,US,8023,136980.0,FIXTURE:us_mix_gdp_pc_tilt
29-1171,US,327253,137300.0,FIXTURE:us_mix_gdp_pc_tilt
29-1181,US,13838,97740.0,FIXTURE:us_mix_gdp_pc_tilt
29-1211,US,39266,360570.0,FIXTURE:us_mix_gdp_pc_tilt
29-1212,US,17516,454940.0,FIXTURE:us_mix_gdp_pc_tilt
29-1213,US,11518,323530.0,FIXTURE:us_mix_gdp_pc_tilt
29-1214,US,33309,317480.0,FIXTURE:us_mix_gdp_pc_tilt
29-1215,US,108912,255820.0,FIXTURE:us_mix_gdp_pc_tilt
29-1216,US,68026,267200.0,FIXTURE:us_mix_gdp_pc_tilt
29-1217,US,10728,267630.0,FIXTURE:us_mix_gdp_pc_tilt
29-1218,US,21537,279040.0,FIXTURE:us_mix_gdp_pc_tilt
29-1221,US,39904,212110.0,FIXTURE:us_mix_gdp_pc_tilt
29-1222,US,11255,285420.0,FIXTURE:us_mix_gdp_pc_tilt
29-1223,US,28345,269940.0,FIXTURE:us_mix_gdp_pc_tilt
29-1224,US,27119,381530.0,FIXTURE:us_mix_gdp_pc_tilt
29-1229,US,347190,262040.0,FIXTURE:us_mix_gdp_pc_tilt
29-1241,US,9067,304650.0,FIXTURE:us_mix_gdp_pc_tilt
29-1242,US,14284,373570.0,FIXTURE:us_mix_gdp_pc_tilt
29-1243,US,1206,502050.0,FIXTURE:us_mix_gdp_pc_tilt
29-1249,US,25468,373930.0,FIXTURE:us_mix_gdp_pc_tilt
29-1291,US,7932,87020.0,FIXTURE:us_mix_gdp_pc_tilt
29-1292,US,225645,98990.0,FIXTURE:us_mix_gdp_pc_tilt
29-1299,US,29003,127660.0,FIXTURE:us_mix_gdp_pc_tilt
29-2010,US,337283,67350.0,FIXTURE:us_mix_gdp_pc_tilt
29-2031,US,63781,76940.0,FIXTURE:us_mix_gdp_pc_tilt
29-2032,US,91336,97240.0,FIXTURE:us_mix_gdp_pc_tilt
29-2033,US,17303,105160.0,FIXTURE:us_mix_gdp_pc_tilt
29-2034,US,233496,83840.0,FIXTURE:us_mix_gdp_pc_tilt
29-2035,US,43956,96120.0,FIXTURE:us_mix_gdp_pc_tilt
29-2036,US,3454,148500.0,FIXTURE:us_mix_gdp_pc_tilt
29-2042,US,182864,46830.0,FIXTURE:us_mix_gdp_pc_tilt
29-2043,US,101922,63360.0,FIXTURE:us_mix_gdp_pc_tilt
29-2051,US,31972,40630.0,FIXTURE:us_mix_gdp_pc_tilt
29-2052,US,477832,46620.0,FIXTURE:us_mix_gdp_pc_tilt
29-2053,US,159007,46610.0,FIXTURE:us_mix_gdp_pc_tilt
29-2055,US,118992,68710.0,FIXTURE:us_mix_gdp_pc_tilt
29-2056,US,130824,49120.0,FIXTURE:us_mix_gdp_pc_tilt
29-2057,US,71936,47060.0,FIXTURE:us_mix_gdp_pc_tilt
29-2061,US,656867,67050.0,FIXTURE:us_mix_gdp_pc_tilt
29-2072,US,197260,56790.0,FIXTURE:us_mix_gdp_pc_tilt
29-2081,US,74489,51770.0,FIXTURE:us_mix_gdp_pc_tilt
29-2091,US,9512,83740.0,FIXTURE:us_mix_gdp_pc_tilt
29-2092,US,11417,66370.0,FIXTURE:us_mix_gdp_pc_tilt
29-2099,US,184992,58710.0,FIXTURE:us_mix_gdp_pc_tilt
29-9021,US,38597,74970.0,FIXTURE:us_mix_gdp_pc_tilt
29-9091,US,30898,66620.0,FIXTURE:us_mix_gdp_pc_tilt
29-9092,US,3789,104620.0,FIXTURE:us_mix_gdp_pc_tilt
29-9093,US,22560,72710.0,FIXTURE:us_mix_gdp_pc_tilt
29-9099,US,35467,76720.0,FIXTURE:us_mix_gdp_pc_tilt
31-1120,US,4361971,36120.0,FIXTURE:us_mix_gdp_pc_tilt
31-1131,US,1467808,42700.0,FIXTURE:us_mix_gdp_pc_tilt
31-1132,US,53124,40660.0,FIXTURE:us_mix_gdp_pc_tilt
31-1133,US,35983,45690.0,FIXTURE:us_mix_gdp_pc_tilt
31-2011,US,51959,70710.0,FIXTURE:us_mix_gdp_pc_tilt
31-2012,US,4366,44110.0,FIXTURE:us_mix_gdp_pc_tilt
31-2021,US,113896,68730.0,FIXTURE:us_mix_gdp_pc_tilt
31-2022,US,48778,36430.0,FIXTURE:us_mix_gdp_pc_tilt
31-9011,US,100079,63830.0,FIXTURE:us_mix_gdp_pc_tilt
31-9091,US,392848,50200.0,FIXTURE:us_mix_gdp_pc_tilt
31-9092,US,828538,46120.0,FIXTURE:us_mix_gdp_pc_tilt
31-9093,US,78430,50510.0,FIXTURE:us_mix_gdp_pc_tilt
31-9094,US,42092,41710.0,FIXTURE:us_mix_gdp_pc_tilt
31-9095,US,40046,40450.0,FIXTURE:us_mix_gdp_pc_tilt
31-9096,US,128231,40340.0,FIXTURE:us_mix_gdp_pc_tilt
31-9097,US,145412,45520.0,FIXTURE:us_mix_gdp_pc_tilt
31-9099,US,111171,50810.0,FIXTURE:us_mix_gdp_pc_tilt
33-1011,US,54076,84380.0,FIXTURE:us_mix_gdp_pc_tilt
33-1012,US,156627,112190.0,FIXTURE:us_mix_gdp_pc_tilt
33-1021,US,100433,96930.0,FIXTURE:us_mix_gdp_pc_tilt
33-1091,US,82543,59900.0,FIXTURE:us_mix_gdp_pc_tilt
33-1099,US,20960,74390.0,FIXTURE:us_mix_gdp_pc_tilt
33-2011,US,350503,63630.0,FIXTURE:us_mix_gdp_pc_tilt
33-2021,US,13980,78670.0,FIXTURE:us_mix_gdp_pc_tilt
33-2022,US,2816,66640.0,FIXTURE:us_mix_gdp_pc_tilt
33-3011,US,17536,61660.0,FIXTURE:us_mix_gdp_pc_tilt
33-3012,US,385463,63630.0,FIXTURE:us_mix_gdp_pc_tilt
33-3021,US,115923,99430.0,FIXTURE:us_mix_gdp_pc_tilt
33-3031,US,5845,74950.0,FIXTURE:us_mix_gdp_pc_tilt
33-3041,US,9168,51190.0,FIXTURE:us_mix_gdp_pc_tilt
33-3051,US,679266,79200.0,FIXTURE:us_mix_gdp_pc_tilt
33-3052,US,4447,91810.0,FIXTURE:us_mix_gdp_pc_tilt
33-9011,US,12227,48440.0,FIXTURE:us_mix_gdp_pc_tilt
33-9021,US,36044,60150.0,FIXTURE:us_mix_gdp_pc_tilt
33-9031,US,9644,45630.0,FIXTURE:us_mix_gdp_pc_tilt
33-9032,US,1300210,42470.0,FIXTURE:us_mix_gdp_pc_tilt
33-9091,US,95591,43350.0,FIXTURE:us_mix_gdp_pc_tilt
33-9092,US,159605,34470.0,FIXTURE:us_mix_gdp_pc_tilt
33-9093,US,50946,64310.0,FIXTURE:us_mix_gdp_pc_tilt
33-9094,US,79443,35150.0,FIXTURE:us_mix_gdp_pc_tilt
33-9099,US,82563,48070.0,FIXTURE:us_mix_gdp_pc_tilt
35-1011,US,202649,66700.0,FIXTURE:us_mix_gdp_pc_tilt
35-1012,US,1239195,46180.0,FIXTURE:us_mix_gdp_pc_tilt
35-2011,US,649432,32390.0,FIXTURE:us_mix_gdp_pc_tilt
35-2012,US,446803,38810.0,FIXTURE:us_mix_gdp_pc_tilt
35-2013,US,1114,53680.0,FIXTURE:us_mix_gdp_pc_tilt
35-2014,US,1428279,38730.0,FIXTURE:us_mix_gdp_pc_tilt
35-2015,US,140458,36120.0,FIXTURE:us_mix_gdp_pc_tilt
35-2019,US,19602,39150.0,FIXTURE:us_mix_gdp_pc_tilt
35-2021,US,905255,35290.0,FIXTURE:us_mix_gdp_pc_tilt
35-3011,US,766256,40790.0,FIXTURE:us_mix_gdp_pc_tilt
35-3023,US,3904319,32150.0,FIXTURE:us_mix_gdp_pc_tilt
35-3031,US,2300530,40060.0,FIXTURE:us_mix_gdp_pc_tilt
35-3041,US,297733,36140.0,FIXTURE:us_mix_gdp_pc_tilt
35-9011,US,549829,34230.0,FIXTURE:us_mix_gdp_pc_tilt
35-9021,US,483677,34310.0,FIXTURE:us_mix_gdp_pc_tilt
35-9031,US,438334,32690.0,FIXTURE:us_mix_gdp_pc_tilt
35-9099,US,85734,36810.0,FIXTURE:us_mix_gdp_pc_tilt
37-1011,US,181092,53320.0,FIXTURE:us_mix_gdp_pc_tilt
37-1012,US,132466,60960.0,FIXTURE:us_mix_gdp_pc_tilt
37-2011,US,2238582,38760.0,FIXTURE:us_mix_gdp_pc_tilt
37-2012,US,871896,37080.0,FIXTURE:us_mix_gdp_pc_tilt
37-2019,US,17434,46420.0,FIXTURE:us_mix_gdp_pc_tilt
37-2021,US,103958,46400.0,FIXTURE:us_mix_gdp_pc_tilt
37-3011,US,965065,42290.0,FIXTURE:us_mix_gdp_pc_tilt
37-3012,US,27403,47070.0,FIXTURE:us_mix_gdp_pc_tilt
37-3013,US,55879,55970.0,FIXTURE:us_mix_gdp_pc_tilt
37-3019,US,13808,48830.0,FIXTURE:us_mix_gdp_pc_tilt
39-1013,US,26349,64830.0,FIXTURE:us_mix_gdp_pc_tilt
39-1014,US,104536,53550.0,FIXTURE:us_mix_gdp_pc_tilt
39-1022,US,115598,52360.0,FIXTURE:us_mix_gdp_pc_tilt
39-2011,US,19015,47020.0,FIXTURE:us_mix_gdp_pc_tilt
39-2021,US,270391,37300.0,FIXTURE:us_mix_gdp_pc_tilt
39-3011,US,85004,42550.0,FIXTURE:us_mix_gdp_pc_tilt
39-3012,US,9067,36450.0,FIXTURE:us_mix_gdp_pc_tilt
39-3019,US,14324,41380.0,FIXTURE:us_mix_gdp_pc_tilt
39-3021,US,1499,51480.0,FIXTURE:us_mix_gdp_pc_tilt
39-3031,US,123358,33080.0,FIXTURE:us_mix_gdp_pc_tilt
39-3091,US,403019,32640.0,FIXTURE:us_mix_gdp_pc_tilt
39-3092,US,6595,63440.0,FIXTURE:us_mix_gdp_pc_tilt
39-3093,US,15763,38460.0,FIXTURE:us_mix_gdp_pc_tilt
39-3099,US,7152,34980.0,FIXTURE:us_mix_gdp_pc_tilt
39-4011,US,3941,58390.0,FIXTURE:us_mix_gdp_pc_tilt
39-4012,US,3009,45670.0,FIXTURE:us_mix_gdp_pc_tilt
39-4021,US,31496,37190.0,FIXTURE:us_mix_gdp_pc_tilt
39-4031,US,25427,58160.0,FIXTURE:us_mix_gdp_pc_tilt
39-5011,US,15196,47070.0,FIXTURE:us_mix_gdp_pc_tilt
39-5012,US,309697,43960.0,FIXTURE:us_mix_gdp_pc_tilt
39-5091,US,2371,102240.0,FIXTURE:us_mix_gdp_pc_tilt
39-5092,US,154763,38570.0,FIXTURE:us_mix_gdp_pc_tilt
39-5093,US,8175,31980.0,FIXTURE:us_mix_gdp_pc_tilt
39-5094,US,73841,51850.0,FIXTURE:us_mix_gdp_pc_tilt
39-6011,US,28882,38570.0,FIXTURE:us_mix_gdp_pc_tilt
39-6012,US,49882,42510.0,FIXTURE:us_mix_gdp_pc_tilt
39-7010,US,54198,43720.0,FIXTURE:us_mix_gdp_pc_tilt
39-9011,US,525678,35030.0,FIXTURE:us_mix_gdp_pc_tilt
39-9031,US,327142,52420.0,FIXTURE:us_mix_gdp_pc_tilt
39-9032,US,335814,38520.0,FIXTURE:us_mix_gdp_pc_tilt
39-9041,US,85866,43990.0,FIXTURE:us_mix_gdp_pc_tilt
39-9099,US,61208,40120.0,FIXTURE:us_mix_gdp_pc_tilt
41-1011,US,1136432,53380.0,FIXTURE:us_mix_gdp_pc_tilt
41-1012,US,217186,99370.0,FIXTURE:us_mix_gdp_pc_tilt
41-2011,US,3129705,33180.0,FIXTURE:us_mix_gdp_pc_tilt
41-2012,US,21811,39100.0,FIXTURE:us_mix_gdp_pc_tilt
41-2021,US,406038,45700.0,FIXTURE:us_mix_gdp_pc_tilt
41-2022,US,273593,43830.0,FIXTURE:us_mix_gdp_pc_tilt
41-2031,US,3948700,37310.0,FIXTURE:us_mix_gdp_pc_tilt
41-3011,US,92896,80670.0,FIXTURE:us_mix_gdp_pc_tilt
41-3021,US,485349,81480.0,FIXTURE:us_mix_gdp_pc_tilt
41-3031,US,495955,109150.0,FIXTURE:us_mix_gdp_pc_tilt
41-3041,US,55829,54660.0,FIXTURE:us_mix_gdp_pc_tilt
41-3091,US,1272392,82430.0,FIXTURE:us_mix_gdp_pc_tilt
41-4011,US,288515,119730.0,FIXTURE:us_mix_gdp_pc_tilt
41-4012,US,1254340,82530.0,FIXTURE:us_mix_gdp_pc_tilt
41-9011,US,65362,45580.0,FIXTURE:us_mix_gdp_pc_tilt
41-9012,US,3829,72800.0,FIXTURE:us_mix_gdp_pc_tilt
41-9021,US,46701,83950.0,FIXTURE:us_mix_gdp_pc_tilt
41-9022,US,195892,69510.0,FIXTURE:us_mix_gdp_pc_tilt
41-9031,US,52466,130140.0,FIXTURE:us_mix_gdp_pc_tilt
41-9041,US,59192,37370.0,FIXTURE:us_mix_gdp_pc_tilt
41-9091,US,2796,43850.0,FIXTURE:us_mix_gdp_pc_tilt
41-9099,US,94395,58510.0,FIXTURE:us_mix_gdp_pc_tilt
43-1011,US,1455419,73490.0,FIXTURE:us_mix_gdp_pc_tilt
43-2011,US,34727,42300.0,FIXTURE:us_mix_gdp_pc_tilt
43-2021,US,3475,44970.0,FIXTURE:us_mix_gdp_pc_tilt
43-2099,US,1216,62130.0,FIXTURE:us_mix_gdp_pc_tilt
43-3011,US,160902,49060.0,FIXTURE:us_mix_gdp_pc_tilt
43-3021,US,409330,51070.0,FIXTURE:us_mix_gdp_pc_tilt
43-3031,US,1391597,53560.0,FIXTURE:us_mix_gdp_pc_tilt
43-3041,US,14618,39510.0,FIXTURE:us_mix_gdp_pc_tilt
43-3051,US,155137,59630.0,FIXTURE:us_mix_gdp_pc_tilt
43-3061,US,56538,52370.0,FIXTURE:us_mix_gdp_pc_tilt
43-3071,US,333777,42350.0,FIXTURE:us_mix_gdp_pc_tilt
43-3099,US,36733,56450.0,FIXTURE:us_mix_gdp_pc_tilt
43-4011,US,36409,72850.0,FIXTURE:us_mix_gdp_pc_tilt
43-4021,US,4346,48090.0,FIXTURE:us_mix_gdp_pc_tilt
43-4031,US,182094,52320.0,FIXTURE:us_mix_gdp_pc_tilt
43-4041,US,12187,51420.0,FIXTURE:us_mix_gdp_pc_tilt
43-4051,US,2629607,46590.0,FIXTURE:us_mix_gdp_pc_tilt
43-4061,US,156819,56090.0,FIXTURE:us_mix_gdp_pc_tilt
43-4071,US,74398,45590.0,FIXTURE:us_mix_gdp_pc_tilt
43-4081,US,264830,35550.0,FIXTURE:us_mix_gdp_pc_tilt
43-4111,US,149991,47240.0,FIXTURE:us_mix_gdp_pc_tilt
43-4121,US,86635,39370.0,FIXTURE:us_mix_gdp_pc_tilt
43-4131,US,166939,52520.0,FIXTURE:us_mix_gdp_pc_tilt
43-4141,US,37341,49370.0,FIXTURE:us_mix_gdp_pc_tilt
43-4151,US,76181,48220.0,FIXTURE:us_mix_gdp_pc_tilt
43-4161,US,91397,52250.0,FIXTURE:us_mix_gdp_pc_tilt
43-4171,US,922052,39460.0,FIXTURE:us_mix_gdp_pc_tilt
43-4181,US,120258,49630.0,FIXTURE:us_mix_gdp_pc_tilt
43-4199,US,136680,51490.0,FIXTURE:us_mix_gdp_pc_tilt
43-5011,US,98944,57230.0,FIXTURE:us_mix_gdp_pc_tilt
43-5021,US,69535,40970.0,FIXTURE:us_mix_gdp_pc_tilt
43-5031,US,103837,56740.0,FIXTURE:us_mix_gdp_pc_tilt
43-5032,US,205455,54740.0,FIXTURE:us_mix_gdp_pc_tilt
43-5041,US,19683,55380.0,FIXTURE:us_mix_gdp_pc_tilt
43-5051,US,74682,61860.0,FIXTURE:us_mix_gdp_pc_tilt
43-5052,US,333109,62540.0,FIXTURE:us_mix_gdp_pc_tilt
43-5053,US,106572,59430.0,FIXTURE:us_mix_gdp_pc_tilt
43-5061,US,395249,62150.0,FIXTURE:us_mix_gdp_pc_tilt
43-5071,US,827524,46810.0,FIXTURE:us_mix_gdp_pc_tilt
43-5111,US,53995,47630.0,FIXTURE:us_mix_gdp_pc_tilt
43-6011,US,465909,79140.0,FIXTURE:us_mix_gdp_pc_tilt
43-6012,US,158318,60620.0,FIXTURE:us_mix_gdp_pc_tilt
43-6013,US,974152,46800.0,FIXTURE:us_mix_gdp_pc_tilt
43-6014,US,1729052,49350.0,FIXTURE:us_mix_gdp_pc_tilt
43-9021,US,128738,43310.0,FIXTURE:us_mix_gdp_pc_tilt
43-9022,US,35467,51120.0,FIXTURE:us_mix_gdp_pc_tilt
43-9031,US,3394,61970.0,FIXTURE:us_mix_gdp_pc_tilt
43-9041,US,217055,52920.0,FIXTURE:us_mix_gdp_pc_tilt
43-9051,US,55950,41650.0,FIXTURE:us_mix_gdp_pc_tilt
43-9061,US,2497090,46420.0,FIXTURE:us_mix_gdp_pc_tilt
43-9071,US,25458,43220.0,FIXTURE:us_mix_gdp_pc_tilt
43-9081,US,4640,54800.0,FIXTURE:us_mix_gdp_pc_tilt
43-9111,US,4771,55650.0,FIXTURE:us_mix_gdp_pc_tilt
43-9199,US,194768,48670.0,FIXTURE:us_mix_gdp_pc_tilt
45-1011,US,28325,62730.0,FIXTURE:us_mix_gdp_pc_tilt
45-2011,US,14598,54910.0,FIXTURE:us_mix_gdp_pc_tilt
45-2021,US,1347,57010.0,FIXTURE:us_mix_gdp_pc_tilt
45-2041,US,25508,36430.0,FIXTURE:us_mix_gdp_pc_tilt
45-2091,US,28872,43710.0,FIXTURE:us_mix_gdp_pc_tilt
45-2092,US,268963,37630.0,FIXTURE:us_mix_gdp_pc_tilt
45-2093,US,33238,39260.0,FIXTURE:us_mix_gdp_pc_tilt
45-2099,US,3667,45510.0,FIXTURE:us_mix_gdp_pc_tilt
45-4011,US,6129,43680.0,FIXTURE:us_mix_gdp_pc_tilt
45-4021,US,3171,57110.0,FIXTURE:us_mix_gdp_pc_tilt
45-4022,US,21335,53190.0,FIXTURE:us_mix_gdp_pc_tilt
45-4023,US,3110,47770.0,FIXTURE:us_mix_gdp_pc_tilt
45-4029,US,1722,52910.0,FIXTURE:us_mix_gdp_pc_tilt
47-1011,US,822804,86450.0,FIXTURE:us_mix_gdp_pc_tilt
47-2011,US,10323,80090.0,FIXTURE:us_mix_gdp_pc_tilt
47-2021,US,53235,68280.0,FIXTURE:us_mix_gdp_pc_tilt
47-2022,US,7922,60710.0,FIXTURE:us_mix_gdp_pc_tilt
47-2031,US,678830,65630.0,FIXTURE:us_mix_gdp_pc_tilt
47-2041,US,13960,56990.0,FIXTURE:us_mix_gdp_pc_tilt
47-2042,US,23948,61760.0,FIXTURE:us_mix_gdp_pc_tilt
47-2043,US,3769,52460.0,FIXTURE:us_mix_gdp_pc_tilt
47-2044,US,36318,59250.0,FIXTURE:us_mix_gdp_pc_tilt
47-2051,US,208859,60050.0,FIXTURE:us_mix_gdp_pc_tilt
47-2053,US,1195,84920.0,FIXTURE:us_mix_gdp_pc_tilt
47-2061,US,1111085,52030.0,FIXTURE:us_mix_gdp_pc_tilt
47-2071,US,42365,59000.0,FIXTURE:us_mix_gdp_pc_tilt
47-2072,US,2340,80710.0,FIXTURE:us_mix_gdp_pc_tilt
47-2073,US,484326,66290.0,FIXTURE:us_mix_gdp_pc_tilt
47-2081,US,84164,63600.0,FIXTURE:us_mix_gdp_pc_tilt
47-2082,US,13007,72710.0,FIXTURE:us_mix_gdp_pc_tilt
47-2111,US,767096,71490.0,FIXTURE:us_mix_gdp_pc_tilt
47-2121,US,59243,59720.0,FIXTURE:us_mix_gdp_pc_tilt
47-2131,US,45020,54740.0,FIXTURE:us_mix_gdp_pc_tilt
47-2132,US,25995,65530.0,FIXTURE:us_mix_gdp_pc_tilt
47-2141,US,228127,55420.0,FIXTURE:us_mix_gdp_pc_tilt
47-2142,US,1590,53730.0,FIXTURE:us_mix_gdp_pc_tilt
47-2151,US,33481,54700.0,FIXTURE:us_mix_gdp_pc_tilt
47-2152,US,471916,72170.0,FIXTURE:us_mix_gdp_pc_tilt
47-2161,US,19562,62050.0,FIXTURE:us_mix_gdp_pc_tilt
47-2171,US,13980,66060.0,FIXTURE:us_mix_gdp_pc_tilt
47-2181,US,137257,58140.0,FIXTURE:us_mix_gdp_pc_tilt
47-2211,US,121332,67850.0,FIXTURE:us_mix_gdp_pc_tilt
47-2221,US,69272,70280.0,FIXTURE:us_mix_gdp_pc_tilt
47-2231,US,31759,57900.0,FIXTURE:us_mix_gdp_pc_tilt
47-3011,US,14355,50920.0,FIXTURE:us_mix_gdp_pc_tilt
47-3012,US,21963,44050.0,FIXTURE:us_mix_gdp_pc_tilt
47-3013,US,64460,44080.0,FIXTURE:us_mix_gdp_pc_tilt
47-3014,US,7588,42440.0,FIXTURE:us_mix_gdp_pc_tilt
47-3015,US,44908,43730.0,FIXTURE:us_mix_gdp_pc_tilt
47-3016,US,6109,45150.0,FIXTURE:us_mix_gdp_pc_tilt
47-3019,US,25093,45140.0,FIXTURE:us_mix_gdp_pc_tilt
47-4011,US,148634,77730.0,FIXTURE:us_mix_gdp_pc_tilt
47-4021,US,24100,109820.0,FIXTURE:us_mix_gdp_pc_tilt
47-4031,US,24799,50530.0,FIXTURE:us_mix_gdp_pc_tilt
47-4041,US,52384,56430.0,FIXTURE:us_mix_gdp_pc_tilt
47-4051,US,156981,53080.0,FIXTURE:us_mix_gdp_pc_tilt
47-4061,US,19835,68740.0,FIXTURE:us_mix_gdp_pc_tilt
47-4071,US,31050,53500.0,FIXTURE:us_mix_gdp_pc_tilt
47-4090,US,28750,55130.0,FIXTURE:us_mix_gdp_pc_tilt
47-5011,US,10728,60210.0,FIXTURE:us_mix_gdp_pc_tilt
47-5012,US,12764,72130.0,FIXTURE:us_mix_gdp_pc_tilt
47-5013,US,43703,62470.0,FIXTURE:us_mix_gdp_pc_tilt
47-5022,US,34930,59930.0,FIXTURE:us_mix_gdp_pc_tilt
47-5023,US,19704,62830.0,FIXTURE:us_mix_gdp_pc_tilt
47-5032,US,5167,66640.0,FIXTURE:us_mix_gdp_pc_tilt
47-5041,US,14183,65050.0,FIXTURE:us_mix_gdp_pc_tilt
47-5043,US,2188,78100.0,FIXTURE:us_mix_gdp_pc_tilt
47-5044,US,6007,71240.0,FIXTURE:us_mix_gdp_pc_tilt
47-5049,US,3221,69860.0,FIXTURE:us_mix_gdp_pc_tilt
47-5051,US,3363,51500.0,FIXTURE:us_mix_gdp_pc_tilt
47-5071,US,45557,49200.0,FIXTURE:us_mix_gdp_pc_tilt
47-5081,US,6787,50620.0,FIXTURE:us_mix_gdp_pc_tilt
47-5099,US,5612,57890.0,FIXTURE:us_mix_gdp_pc_tilt
49-1011,US,625554,85220.0,FIXTURE:us_mix_gdp_pc_tilt
49-2011,US,66456,50880.0,FIXTURE:us_mix_gdp_pc_tilt
49-2021,US,11285,69870.0,FIXTURE:us_mix_gdp_pc_tilt
49-2022,US,142758,68500.0,FIXTURE:us_mix_gdp_pc_tilt
49-2091,US,19076,83380.0,FIXTURE:us_mix_gdp_pc_tilt
49-2092,US,14638,58610.0,FIXTURE:us_mix_gdp_pc_tilt
49-2093,US,7031,83300.0,FIXTURE:us_mix_gdp_pc_tilt
49-2094,US,65858,75570.0,FIXTURE:us_mix_gdp_pc_tilt
49-2095,US,20990,100760.0,FIXTURE:us_mix_gdp_pc_tilt
49-2096,US,8662,51560.0,FIXTURE:us_mix_gdp_pc_tilt
49-2097,US,20038,57930.0,FIXTURE:us_mix_gdp_pc_tilt
49-2098,US,87466,60960.0,FIXTURE:us_mix_gdp_pc_tilt
49-3011,US,139891,84740.0,FIXTURE:us_mix_gdp_pc_tilt
49-3021,US,151257,59690.0,FIXTURE:us_mix_gdp_pc_tilt
49-3022,US,20575,50430.0,FIXTURE:us_mix_gdp_pc_tilt
49-3023,US,713831,56420.0,FIXTURE:us_mix_gdp_pc_tilt
49-3031,US,293742,64320.0,FIXTURE:us_mix_gdp_pc_tilt
49-3041,US,38364,57290.0,FIXTURE:us_mix_gdp_pc_tilt
49-3042,US,178903,69240.0,FIXTURE:us_mix_gdp_pc_tilt
49-3043,US,21628,70680.0,FIXTURE:us_mix_gdp_pc_tilt
49-3051,US,23523,58070.0,FIXTURE:us_mix_gdp_pc_tilt
49-3052,US,13686,52370.0,FIXTURE:us_mix_gdp_pc_tilt
49-3053,US,36530,49990.0,FIXTURE:us_mix_gdp_pc_tilt
49-3091,US,12329,42730.0,FIXTURE:us_mix_gdp_pc_tilt
49-3092,US,17657,56440.0,FIXTURE:us_mix_gdp_pc_tilt
49-3093,US,109824,40170.0,FIXTURE:us_mix_gdp_pc_tilt
49-9011,US,27474,57540.0,FIXTURE:us_mix_gdp_pc_tilt
49-9012,US,48869,76210.0,FIXTURE:us_mix_gdp_pc_tilt
49-9021,US,415013,64780.0,FIXTURE:us_mix_gdp_pc_tilt
49-9031,US,32569,56040.0,FIXTURE:us_mix_gdp_pc_tilt
49-9041,US,445374,68460.0,FIXTURE:us_mix_gdp_pc_tilt
49-9043,US,60803,64610.0,FIXTURE:us_mix_gdp_pc_tilt
49-9044,US,40856,69780.0,FIXTURE:us_mix_gdp_pc_tilt
49-9045,US,1094,63770.0,FIXTURE:us_mix_gdp_pc_tilt
49-9051,US,132780,91970.0,FIXTURE:us_mix_gdp_pc_tilt
49-9052,US,98995,73940.0,FIXTURE:us_mix_gdp_pc_tilt
49-9061,US,1672,56040.0,FIXTURE:us_mix_gdp_pc_tilt
49-9062,US,66851,65930.0,FIXTURE:us_mix_gdp_pc_tilt
49-9063,US,5450,49960.0,FIXTURE:us_mix_gdp_pc_tilt
49-9064,US,1327,70840.0,FIXTURE:us_mix_gdp_pc_tilt
49-9069,US,9523,71180.0,FIXTURE:us_mix_gdp_pc_tilt
49-9071,US,1549652,53780.0,FIXTURE:us_mix_gdp_pc_tilt
49-9081,US,10110,68980.0,FIXTURE:us_mix_gdp_pc_tilt
49-9091,US,26754,49770.0,FIXTURE:us_mix_gdp_pc_tilt
49-9092,US,3495,88320.0,FIXTURE:us_mix_gdp_pc_tilt
49-9094,US,15236,55470.0,FIXTURE:us_mix_gdp_pc_tilt
49-9095,US,3059,45410.0,FIXTURE:us_mix_gdp_pc_tilt
49-9096,US,22824,66810.0,FIXTURE:us_mix_gdp_pc_tilt
49-9097,US,8834,90410.0,FIXTURE:us_mix_gdp_pc_tilt
49-9098,US,96827,41490.0,FIXTURE:us_mix_gdp_pc_tilt
49-9099,US,178599,53850.0,FIXTURE:us_mix_gdp_pc_tilt
51-1011,US,682214,76600.0,FIXTURE:us_mix_gdp_pc_tilt
51-2011,US,34464,71420.0,FIXTURE:us_mix_gdp_pc_tilt
51-2021,US,13007,50470.0,FIXTURE:us_mix_gdp_pc_tilt
51-2028,US,250191,47660.0,FIXTURE:us_mix_gdp_pc_tilt
51-2031,US,34443,57790.0,FIXTURE:us_mix_gdp_pc_tilt
51-2041,US,53043,54030.0,FIXTURE:us_mix_gdp_pc_tilt
51-2051,US,16381,49550.0,FIXTURE:us_mix_gdp_pc_tilt
51-2061,US,253,56720.0,FIXTURE:us_mix_gdp_pc_tilt
51-2090,US,1423356,46660.0,FIXTURE:us_mix_gdp_pc_tilt
51-3011,US,239281,38480.0,FIXTURE:us_mix_gdp_pc_tilt
51-3021,US,138209,42380.0,FIXTURE:us_mix_gdp_pc_tilt
51-3022,US,147600,39280.0,FIXTURE:us_mix_gdp_pc_tilt
51-3023,US,70862,41770.0,FIXTURE:us_mix_gdp_pc_tilt
51-3091,US,20636,45930.0,FIXTURE:us_mix_gdp_pc_tilt
51-3092,US,176796,43750.0,FIXTURE:us_mix_gdp_pc_tilt
51-3093,US,31658,42570.0,FIXTURE:us_mix_gdp_pc_tilt
51-3099,US,65848,40300.0,FIXTURE:us_mix_gdp_pc_tilt
51-4021,US,61634,49480.0,FIXTURE:us_mix_gdp_pc_tilt
51-4022,US,9046,51680.0,FIXTURE:us_mix_gdp_pc_tilt
51-4023,US,25579,53220.0,FIXTURE:us_mix_gdp_pc_tilt
51-4031,US,173433,48430.0,FIXTURE:us_mix_gdp_pc_tilt
51-4032,US,4741,51810.0,FIXTURE:us_mix_gdp_pc_tilt
51-4033,US,67874,48170.0,FIXTURE:us_mix_gdp_pc_tilt
51-4034,US,16928,52490.0,FIXTURE:us_mix_gdp_pc_tilt
51-4035,US,12623,56740.0,FIXTURE:us_mix_gdp_pc_tilt
51-4041,US,290794,59320.0,FIXTURE:us_mix_gdp_pc_tilt
51-4051,US,16999,55490.0,FIXTURE:us_mix_gdp_pc_tilt
51-4052,US,4619,54290.0,FIXTURE:us_mix_gdp_pc_tilt
51-4061,US,2644,68570.0,FIXTURE:us_mix_gdp_pc_tilt
51-4062,US,1489,60610.0,FIXTURE:us_mix_gdp_pc_tilt
51-4071,US,12957,49860.0,FIXTURE:us_mix_gdp_pc_tilt
51-4072,US,152433,45960.0,FIXTURE:us_mix_gdp_pc_tilt
51-4081,US,126215,50030.0,FIXTURE:us_mix_gdp_pc_tilt
51-4111,US,57673,66860.0,FIXTURE:us_mix_gdp_pc_tilt
51-4121,US,421639,56760.0,FIXTURE:us_mix_gdp_pc_tilt
51-4122,US,32012,50220.0,FIXTURE:us_mix_gdp_pc_tilt
51-4191,US,14183,50450.0,FIXTURE:us_mix_gdp_pc_tilt
51-4192,US,6048,66520.0,FIXTURE:us_mix_gdp_pc_tilt
51-4193,US,32833,45100.0,FIXTURE:us_mix_gdp_pc_tilt
51-4194,US,5673,53240.0,FIXTURE:us_mix_gdp_pc_tilt
51-4199,US,16107,48580.0,FIXTURE:us_mix_gdp_pc_tilt
51-5111,US,24151,50800.0,FIXTURE:us_mix_gdp_pc_tilt
51-5112,US,146142,47360.0,FIXTURE:us_mix_gdp_pc_tilt
51-5113,US,33613,44460.0,FIXTURE:us_mix_gdp_pc_tilt
51-6011,US,200623,34920.0,FIXTURE:us_mix_gdp_pc_tilt
51-6021,US,26461,34640.0,FIXTURE:us_mix_gdp_pc_tilt
51-6031,US,106248,37600.0,FIXTURE:us_mix_gdp_pc_tilt
51-6041,US,7547,39160.0,FIXTURE:us_mix_gdp_pc_tilt
51-6042,US,3323,36280.0,FIXTURE:us_mix_gdp_pc_tilt
51-6051,US,2219,37210.0,FIXTURE:us_mix_gdp_pc_tilt
51-6052,US,14102,45140.0,FIXTURE:us_mix_gdp_pc_tilt
51-6061,US,5379,40380.0,FIXTURE:us_mix_gdp_pc_tilt
51-6062,US,9117,39530.0,FIXTURE:us_mix_gdp_pc_tilt
51-6063,US,13200,40720.0,FIXTURE:us_mix_gdp_pc_tilt
51-6064,US,22307,40120.0,FIXTURE:us_mix_gdp_pc_tilt
51-6091,US,13018,48580.0,FIXTURE:us_mix_gdp_pc_tilt
51-6092,US,2988,71420.0,FIXTURE:us_mix_gdp_pc_tilt
51-6093,US,20403,47340.0,FIXTURE:us_mix_gdp_pc_tilt
51-6099,US,13706,40560.0,FIXTURE:us_mix_gdp_pc_tilt
51-7011,US,78177,48290.0,FIXTURE:us_mix_gdp_pc_tilt
51-7021,US,14669,45300.0,FIXTURE:us_mix_gdp_pc_tilt
51-7031,US,284,63670.0,FIXTURE:us_mix_gdp_pc_tilt
51-7032,US,223,54240.0,FIXTURE:us_mix_gdp_pc_tilt
51-7041,US,41383,43580.0,FIXTURE:us_mix_gdp_pc_tilt
51-7042,US,62221,43570.0,FIXTURE:us_mix_gdp_pc_tilt
51-7099,US,5562,46070.0,FIXTURE:us_mix_gdp_pc_tilt
51-8011,US,5217,121380.0,FIXTURE:us_mix_gdp_pc_tilt
51-8012,US,8631,111320.0,FIXTURE:us_mix_gdp_pc_tilt
51-8013,US,29702,99790.0,FIXTURE:us_mix_gdp_pc_tilt
51-8021,US,28618,83960.0,FIXTURE:us_mix_gdp_pc_tilt
51-8031,US,130166,62540.0,FIXTURE:us_mix_gdp_pc_tilt
51-8091,US,16827,79970.0,FIXTURE:us_mix_gdp_pc_tilt
51-8092,US,18265,88710.0,FIXTURE:us_mix_gdp_pc_tilt
51-8093,US,33593,90630.0,FIXTURE:us_mix_gdp_pc_tilt
51-8099,US,14264,65700.0,FIXTURE:us_mix_gdp_pc_tilt
51-9011,US,141451,60710.0,FIXTURE:us_mix_gdp_pc_tilt
51-9012,US,60884,56030.0,FIXTURE:us_mix_gdp_pc_tilt
51-9021,US,26339,51380.0,FIXTURE:us_mix_gdp_pc_tilt
51-9022,US,10647,45020.0,FIXTURE:us_mix_gdp_pc_tilt
51-9023,US,96158,52090.0,FIXTURE:us_mix_gdp_pc_tilt
51-9031,US,6139,41050.0,FIXTURE:us_mix_gdp_pc_tilt
51-9032,US,45567,47460.0,FIXTURE:us_mix_gdp_pc_tilt
51-9041,US,59537,47260.0,FIXTURE:us_mix_gdp_pc_tilt
51-9051,US,14466,50940.0,FIXTURE:us_mix_gdp_pc_tilt
51-9061,US,605162,53450.0,FIXTURE:us_mix_gdp_pc_tilt
51-9071,US,22733,57960.0,FIXTURE:us_mix_gdp_pc_tilt
51-9081,US,34859,54290.0,FIXTURE:us_mix_gdp_pc_tilt
51-9082,US,11427,52730.0,FIXTURE:us_mix_gdp_pc_tilt
51-9083,US,18903,43190.0,FIXTURE:us_mix_gdp_pc_tilt
51-9111,US,384004,44590.0,FIXTURE:us_mix_gdp_pc_tilt
51-9123,US,8044,45210.0,FIXTURE:us_mix_gdp_pc_tilt
51-9124,US,160810,52620.0,FIXTURE:us_mix_gdp_pc_tilt
51-9141,US,31870,60180.0,FIXTURE:us_mix_gdp_pc_tilt
51-9151,US,4863,46050.0,FIXTURE:us_mix_gdp_pc_tilt
51-9161,US,171660,54320.0,FIXTURE:us_mix_gdp_pc_tilt
51-9162,US,28872,72210.0,FIXTURE:us_mix_gdp_pc_tilt
51-9191,US,11650,46850.0,FIXTURE:us_mix_gdp_pc_tilt
51-9192,US,14953,44600.0,FIXTURE:us_mix_gdp_pc_tilt
51-9193,US,6990,44940.0,FIXTURE:us_mix_gdp_pc_tilt
51-9194,US,7851,46320.0,FIXTURE:us_mix_gdp_pc_tilt
51-9195,US,33623,47500.0,FIXTURE:us_mix_gdp_pc_tilt
51-9196,US,97384,52840.0,FIXTURE:us_mix_gdp_pc_tilt
51-9197,US,21041,57160.0,FIXTURE:us_mix_gdp_pc_tilt
51-9198,US,167861,41120.0,FIXTURE:us_mix_gdp_pc_tilt
51-9199,US,254983,44380.0,FIXTURE:us_mix_gdp_pc_tilt
53-1041,US,9887,65010.0,FIXTURE:us_mix_gdp_pc_tilt
53-1047,US,631774,66860.0,FIXTURE:us_mix_gdp_pc_tilt
53-2011,US,104911,288650.0,FIXTURE:us_mix_gdp_pc_tilt
53-2012,US,48251,146080.0,FIXTURE:us_mix_gdp_pc_tilt
53-2021,US,22804,146490.0,FIXTURE:us_mix_gdp_pc_tilt
53-2022,US,15388,63610.0,FIXTURE:us_mix_gdp_pc_tilt
53-2031,US,133367,77440.0,FIXTURE:us_mix_gdp_pc_tilt
53-3011,US,12795,36210.0,FIXTURE:us_mix_gdp_pc_tilt
53-3031,US,414517,40730.0,FIXTURE:us_mix_gdp_pc_tilt
53-3032,US,2088935,59710.0,FIXTURE:us_mix_gdp_pc_tilt
53-3033,US,996125,48770.0,FIXTURE:us_mix_gdp_pc_tilt
53-3051,US,408185,48430.0,FIXTURE:us_mix_gdp_pc_tilt
53-3052,US,161317,60280.0,FIXTURE:us_mix_gdp_pc_tilt
53-3053,US,251772,39880.0,FIXTURE:us_mix_gdp_pc_tilt
53-3054,US,41585,49930.0,FIXTURE:us_mix_gdp_pc_tilt
53-3099,US,47491,42430.0,FIXTURE:us_mix_gdp_pc_tilt
53-4011,US,33907,85900.0,FIXTURE:us_mix_gdp_pc_tilt
53-4013,US,3971,68450.0,FIXTURE:us_mix_gdp_pc_tilt
53-4022,US,12562,69030.0,FIXTURE:us_mix_gdp_pc_tilt
53-4031,US,47046,79100.0,FIXTURE:us_mix_gdp_pc_tilt
53-4041,US,10333,77170.0,FIXTURE:us_mix_gdp_pc_tilt
53-4099,US,1135,60140.0,FIXTURE:us_mix_gdp_pc_tilt
53-5011,US,32083,56830.0,FIXTURE:us_mix_gdp_pc_tilt
53-5021,US,37331,103720.0,FIXTURE:us_mix_gdp_pc_tilt
53-5022,US,2512,56270.0,FIXTURE:us_mix_gdp_pc_tilt
53-5031,US,8510,111790.0,FIXTURE:us_mix_gdp_pc_tilt
53-6011,US,3080,55370.0,FIXTURE:us_mix_gdp_pc_tilt
53-6021,US,139678,34990.0,FIXTURE:us_mix_gdp_pc_tilt
53-6031,US,103341,36780.0,FIXTURE:us_mix_gdp_pc_tilt
53-6032,US,31708,43330.0,FIXTURE:us_mix_gdp_pc_tilt
53-6041,US,7963,62050.0,FIXTURE:us_mix_gdp_pc_tilt
53-6051,US,24820,88540.0,FIXTURE:us_mix_gdp_pc_tilt
53-6061,US,27464,37820.0,FIXTURE:us_mix_gdp_pc_tilt
53-6099,US,13727,50890.0,FIXTURE:us_mix_gdp_pc_tilt
53-7011,US,23229,45080.0,FIXTURE:us_mix_gdp_pc_tilt
53-7021,US,43449,72130.0,FIXTURE:us_mix_gdp_pc_tilt
53-7031,US,1054,56120.0,FIXTURE:us_mix_gdp_pc_tilt
53-7041,US,2634,67710.0,FIXTURE:us_mix_gdp_pc_tilt
53-7051,US,784521,48370.0,FIXTURE:us_mix_gdp_pc_tilt
53-7061,US,385392,36980.0,FIXTURE:us_mix_gdp_pc_tilt
53-7062,US,2988761,42260.0,FIXTURE:us_mix_gdp_pc_tilt
53-7063,US,42882,43660.0,FIXTURE:us_mix_gdp_pc_tilt
53-7064,US,567122,37540.0,FIXTURE:us_mix_gdp_pc_tilt
53-7065,US,2870772,39540.0,FIXTURE:us_mix_gdp_pc_tilt
53-7071,US,3556,74610.0,FIXTURE:us_mix_gdp_pc_tilt
53-7072,US,9908,63960.0,FIXTURE:us_mix_gdp_pc_tilt
53-7073,US,18225,70370.0,FIXTURE:us_mix_gdp_pc_tilt
53-7081,US,149160,52820.0,FIXTURE:us_mix_gdp_pc_tilt
53-7121,US,10840,59970.0,FIXTURE:us_mix_gdp_pc_tilt
53-7199,US,23786,45640.0,FIXTURE:us_mix_gdp_pc_tilt
