occ_code,education,share,source_tag,job_zone,jz_imputed
11-1011,ba_plus,0.9,partial:ONET_JobZone_mapping;E,5.0,0
11-1011,hs,0.02,partial:ONET_JobZone_mapping;E,5.0,0
11-1011,lt_hs,0.0,partial:ONET_JobZone_mapping;E,5.0,0
11-1011,some_college,0.08,partial:ONET_JobZone_mapping;E,5.0,0
11-1021,ba_plus,0.65,partial:ONET_JobZone_mapping;E,4.0,0
11-1021,hs,0.1,partial:ONET_JobZone_mapping;E,4.0,0
11-1021,lt_hs,0.01,partial:ONET_JobZone_mapping;E,4.0,0
11-1021,some_college,0.24,partial:ONET_JobZone_mapping;E,4.0,0
11-1031,ba_plus,0.6633822164996375,partial:ONET_JobZone_mapping;E,4.096616681851143,1
11-1031,hs,0.10723064908986112,partial:ONET_JobZone_mapping;E,4.096616681851143,1
11-1031,lt_hs,0.011155291634903223,partial:ONET_JobZone_mapping;E,4.096616681851143,1
11-1031,some_college,0.2182318427755982,partial:ONET_JobZone_mapping;E,4.096616681851143,1
11-2011,ba_plus,0.65,partial:ONET_JobZone_mapping;E,4.0,0
11-2011,hs,0.1,partial:ONET_JobZone_mapping;E,4.0,0
11-2011,lt_hs,0.01,partial:ONET_JobZone_mapping;E,4.0,0
11-2011,some_college,0.24,partial:ONET_JobZone_mapping;E,4.0,0
11-2021,ba_plus,0.65,partial:ONET_JobZone_mapping;E,4.0,0
11-2021,hs,0.1,partial:ONET_JobZone_mapping;E,4.0,0
11-2021,lt_hs,0.01,partial:ONET_JobZone_mapping;E,4.0,0
11-2021,some_college,0.24,partial:ONET_JobZone_mapping;E,4.0,0
11-2022,ba_plus,0.65,partial:ONET_JobZone_mapping;E,4.0,0
11-2022,hs,0.1,partial:ONET_JobZone_mapping;E,4.0,0
11-2022,lt_hs,0.01,partial:ONET_JobZone_mapping;E,4.0,0
11-2022,some_college,0.24,partial:ONET_JobZone_mapping;E,4.0,0
11-2032,ba_plus,0.6633822164996375,partial:ONET_JobZone_mapping;E,4.096616681851143,1
11-2032,hs,0.10723064908986112,partial:ONET_JobZone_mapping;E,4.096616681851143,1
11-2032,lt_hs,0.011155291634903223,partial:ONET_JobZone_mapping;E,4.096616681851143,1
11-2032,some_college,0.2182318427755982,partial:ONET_JobZone_mapping;E,4.096616681851143,1
11-2033,ba_plus,0.6633822164996375,partial:ONET_JobZone_mapping;E,4.096616681851143,1
11-2033,hs,0.10723064908986112,partial:ONET_JobZone_mapping;E,4.096616681851143,1
11-2033,lt_hs,0.011155291634903223,partial:ONET_JobZone_mapping;E,4.096616681851143,1
11-2033,some_college,0.2182318427755982,partial:ONET_JobZone_mapping;E,4.096616681851143,1
11-3012,ba_plus,0.2,partial:ONET_JobZone_mapping;E,3.0,0
11-3012,hs,0.35,partial:ONET_JobZone_mapping;E,3.0,0
11-3012,lt_hs,0.03,partial:ONET_JobZone_mapping;E,3.0,0
11-3012,some_college,0.42,partial:ONET_JobZone_mapping;E,3.0,0
11-3013,ba_plus,0.6633822164996375,partial:ONET_JobZone_mapping;E,4.096616681851143,1
11-3013,hs,0.10723064908986112,partial:ONET_JobZone_mapping;E,4.096616681851143,1
11-3013,lt_hs,0.011155291634903223,partial:ONET_JobZone_mapping;E,4.096616681851143,1
11-3013,some_college,0.2182318427755982,partial:ONET_JobZone_mapping;E,4.096616681851143,1
11-3021,ba_plus,0.65,partial:ONET_JobZone_mapping;E,4.0,0
11-3021,hs,0.1,partial:ONET_JobZone_mapping;E,4.0,0
11-3021,lt_hs,0.01,partial:ONET_JobZone_mapping;E,4.0,0
11-3021,some_college,0.24,partial:ONET_JobZone_mapping;E,4.0,0
11-3031,ba_plus,0.775,partial:ONET_JobZone_mapping;E,4.5,0
11-3031,hs,0.060000000000000005,partial:ONET_JobZone_mapping;E,4.5,0
11-3031,lt_hs,0.005,partial:ONET_JobZone_mapping;E,4.5,0
11-3031,some_college,0.16,partial:ONET_JobZone_mapping;E,4.5,0
11-3051,ba_plus,0.47000000000000003,partial:ONET_JobZone_mapping;E,3.6,0
11-3051,hs,0.19999999999999998,partial:ONET_JobZone_mapping;E,3.6,0
11-3051,lt_hs,0.018,partial:ONET_JobZone_mapping;E,3.6,0
11-3051,some_college,0.312,partial:ONET_JobZone_mapping;E,3.6,0
11-3061,ba_plus,0.65,partial:ONET_JobZone_mapping;E,4.0,0
11-3061,hs,0.1,partial:ONET_JobZone_mapping;E,4.0,0
11-3061,lt_hs,0.01,partial:ONET_JobZone_mapping;E,4.0,0
11-3061,some_college,0.24,partial:ONET_JobZone_mapping;E,4.0,0
11-3071,ba_plus,0.65,partial:ONET_JobZone_mapping;E,4.0,0
11-3071,hs,0.1,partial:ONET_JobZone_mapping;E,4.0,0
11-3071,lt_hs,0.01,partial:ONET_JobZone_mapping;E,4.0,0
11-3071,some_college,0.24,partial:ONET_JobZone_mapping;E,4.0,0
11-3111,ba_plus,0.65,partial:ONET_JobZone_mapping;E,4.0,0
11-3111,hs,0.1,partial:ONET_JobZone_mapping;E,4.0,0
11-3111,lt_hs,0.01,partial:ONET_JobZone_mapping;E,4.0,0
11-3111,some_college,0.24,partial:ONET_JobZone_mapping;E,4.0,0
11-3121,ba_plus,0.65,partial:ONET_JobZone_mapping;E,4.0,0
11-3121,hs,0.1,partial:ONET_JobZone_mapping;E,4.0,0
11-3121,lt_hs,0.01,partial:ONET_JobZone_mapping;E,4.0,0
11-3121,some_college,0.24,partial:ONET_JobZone_mapping;E,4.0,0
11-3131,ba_plus,0.65,partial:ONET_JobZone_mapping;E,4.0,0
11-3131,hs,0.1,partial:ONET_JobZone_mapping;E,4.0,0
11-3131,lt_hs,0.01,partial:ONET_JobZone_mapping;E,4.0,0
11-3131,some_college,0.24,partial:ONET_JobZone_mapping;E,4.0,0
11-9013,ba_plus,0.65,partial:ONET_JobZone_mapping;E,4.0,0
11-9013,hs,0.1,partial:ONET_JobZone_mapping;E,4.0,0
11-9013,lt_hs,0.01,partial:ONET_JobZone_mapping;E,4.0,0
11-9013,some_college,0.24,partial:ONET_JobZone_mapping;E,4.0,0
11-9021,ba_plus,0.65,partial:ONET_JobZone_mapping;E,4.0,0
11-9021,hs,0.1,partial:ONET_JobZone_mapping;E,4.0,0
11-9021,lt_hs,0.01,partial:ONET_JobZone_mapping;E,4.0,0
11-9021,some_college,0.24,partial:ONET_JobZone_mapping;E,4.0,0
11-9031,ba_plus,0.65,partial:ONET_JobZone_mapping;E,4.0,0
11-9031,hs,0.1,partial:ONET_JobZone_mapping;E,4.0,0
11-9031,lt_hs,0.01,partial:ONET_JobZone_mapping;E,4.0,0
11-9031,some_college,0.24,partial:ONET_JobZone_mapping;E,4.0,0
11-9032,ba_plus,0.9,partial:ONET_JobZone_mapping;E,5.0,0
11-9032,hs,0.02,partial:ONET_JobZone_mapping;E,5.0,0
11-9032,lt_hs,0.0,partial:ONET_JobZone_mapping;E,5.0,0
11-9032,some_college,0.08,partial:ONET_JobZone_mapping;E,5.0,0
11-9033,ba_plus,0.9,partial:ONET_JobZone_mapping;E,5.0,0
11-9033,hs,0.02,partial:ONET_JobZone_mapping;E,5.0,0
11-9033,lt_hs,0.0,partial:ONET_JobZone_mapping;E,5.0,0
11-9033,some_college,0.08,partial:ONET_JobZone_mapping;E,5.0,0
11-9039,ba_plus,0.6633822164996375,partial:ONET_JobZone_mapping;E,4.096616681851143,1
11-9039,hs,0.10723064908986112,partial:ONET_JobZone_mapping;E,4.096616681851143,1
11-9039,lt_hs,0.011155291634903223,partial:ONET_JobZone_mapping;E,4.096616681851143,1
11-9039,some_college,0.2182318427755982,partial:ONET_JobZone_mapping;E,4.096616681851143,1
11-9041,ba_plus,0.9,partial:ONET_JobZone_mapping;E,5.0,0
11-9041,hs,0.02,partial:ONET_JobZone_mapping;E,5.0,0
11-9041,lt_hs,0.0,partial:ONET_JobZone_mapping;E,5.0,0
11-9041,some_college,0.08,partial:ONET_JobZone_mapping;E,5.0,0
11-9051,ba_plus,0.1,partial:ONET_JobZone_mapping;E,2.0,0
11-9051,hs,0.55,partial:ONET_JobZone_mapping;E,2.0,0
11-9051,lt_hs,0.1,partial:ONET_JobZone_mapping;E,2.0,0
11-9051,some_college,0.25,partial:ONET_JobZone_mapping;E,2.0,0
11-9071,ba_plus,0.2,partial:ONET_JobZone_mapping;E,3.0,0
11-9071,hs,0.35,partial:ONET_JobZone_mapping;E,3.0,0
11-9071,lt_hs,0.03,partial:ONET_JobZone_mapping;E,3.0,0
11-9071,some_college,0.42,partial:ONET_JobZone_mapping;E,3.0,0
11-9072,ba_plus,0.6633822164996375,partial:ONET_JobZone_mapping;E,4.096616681851143,1
11-9072,hs,0.10723064908986112,partial:ONET_JobZone_mapping;E,4.096616681851143,1
11-9072,lt_hs,0.011155291634903223,partial:ONET_JobZone_mapping;E,4.096616681851143,1
11-9072,some_college,0.2182318427755982,partial:ONET_JobZone_mapping;E,4.096616681851143,1
11-9081,ba_plus,0.65,partial:ONET_JobZone_mapping;E,4.0,0
11-9081,hs,0.1,partial:ONET_JobZone_mapping;E,4.0,0
11-9081,lt_hs,0.01,partial:ONET_JobZone_mapping;E,4.0,0
11-9081,some_college,0.24,partial:ONET_JobZone_mapping;E,4.0,0
11-9111,ba_plus,0.9,partial:ONET_JobZone_mapping;E,5.0,0
11-9111,hs,0.02,partial:ONET_JobZone_mapping;E,5.0,0
11-9111,lt_hs,0.0,partial:ONET_JobZone_mapping;E,5.0,0
11-9111,some_college,0.08,partial:ONET_JobZone_mapping;E,5.0,0
11-9121,ba_plus,0.9,partial:ONET_JobZone_mapping;E,5.0,0
11-9121,hs,0.02,partial:ONET_JobZone_mapping;E,5.0,0
11-9121,lt_hs,0.0,partial:ONET_JobZone_mapping;E,5.0,0
11-9121,some_college,0.08,partial:ONET_JobZone_mapping;E,5.0,0
11-9131,ba_plus,0.1,partial:ONET_JobZone_mapping;E,2.0,0
11-9131,hs,0.55,partial:ONET_JobZone_mapping;E,2.0,0
11-9131,lt_hs,0.1,partial:ONET_JobZone_mapping;E,2.0,0
11-9131,some_college,0.25,partial:ONET_JobZone_mapping;E,2.0,0
11-9141,ba_plus,0.65,partial:ONET_JobZone_mapping;E,4.0,0
11-9141,hs,0.1,partial:ONET_JobZone_mapping;E,4.0,0
11-9141,lt_hs,0.01,partial:ONET_JobZone_mapping;E,4.0,0
11-9141,some_college,0.24,partial:ONET_JobZone_mapping;E,4.0,0
11-9151,ba_plus,0.65,partial:ONET_JobZone_mapping;E,4.0,0
11-9151,hs,0.1,partial:ONET_JobZone_mapping;E,4.0,0
11-9151,lt_hs,0.01,partial:ONET_JobZone_mapping;E,4.0,0
11-9151,some_college,0.24,partial:ONET_JobZone_mapping;E,4.0,0
11-9161,ba_plus,0.65,partial:ONET_JobZone_mapping;E,4.0,0
11-9161,hs,0.1,partial:ONET_JobZone_mapping;E,4.0,0
11-9161,lt_hs,0.01,partial:ONET_JobZone_mapping;E,4.0,0
11-9161,some_college,0.24,partial:ONET_JobZone_mapping;E,4.0,0
11-9171,ba_plus,0.2,partial:ONET_JobZone_mapping;E,3.0,0
11-9171,hs,0.35,partial:ONET_JobZone_mapping;E,3.0,0
11-9171,lt_hs,0.03,partial:ONET_JobZone_mapping;E,3.0,0
11-9171,some_college,0.42,partial:ONET_JobZone_mapping;E,3.0,0
11-9179,ba_plus,0.2,partial:ONET_JobZone_mapping;E,3.0,0
11-9179,hs,0.35,partial:ONET_JobZone_mapping;E,3.0,0
11-9179,lt_hs,0.03,partial:ONET_JobZone_mapping;E,3.0,0
11-9179,some_college,0.42,partial:ONET_JobZone_mapping;E,3.0,0
11-9199,ba_plus,0.56,partial:ONET_JobZone_mapping;E,3.8000000000000003,0
11-9199,hs,0.15,partial:ONET_JobZone_mapping;E,3.8000000000000003,0
11-9199,lt_hs,0.014,partial:ONET_JobZone_mapping;E,3.8000000000000003,0
11-9199,some_college,0.276,partial:ONET_JobZone_mapping;E,3.8000000000000003,0
13-1011,ba_plus,0.65,partial:ONET_JobZone_mapping;E,4.0,0
13-1011,hs,0.1,partial:ONET_JobZone_mapping;E,4.0,0
13-1011,lt_hs,0.01,partial:ONET_JobZone_mapping;E,4.0,0
13-1011,some_college,0.24,partial:ONET_JobZone_mapping;E,4.0,0
13-1020,ba_plus,0.5,partial:ONET_JobZone_mapping;E,3.6666666666666665,0
13-1020,hs,0.18333333333333332,partial:ONET_JobZone_mapping;E,3.6666666666666665,0
13-1020,lt_hs,0.016666666666666666,partial:ONET_JobZone_mapping;E,3.6666666666666665,0
13-1020,some_college,0.3,partial:ONET_JobZone_mapping;E,3.6666666666666665,0
13-1031,ba_plus,0.65,partial:ONET_JobZone_mapping;E,4.0,0
13-1031,hs,0.1,partial:ONET_JobZone_mapping;E,4.0,0
13-1031,lt_hs,0.01,partial:ONET_JobZone_mapping;E,4.0,0
13-1031,some_college,0.24,partial:ONET_JobZone_mapping;E,4.0,0
13-1032,ba_plus,0.2,partial:ONET_JobZone_mapping;E,3.0,0
13-1032,hs,0.35,partial:ONET_JobZone_mapping;E,3.0,0
13-1032,lt_hs,0.03,partial:ONET_JobZone_mapping;E,3.0,0
13-1032,some_college,0.42,partial:ONET_JobZone_mapping;E,3.0,0
13-1041,ba_plus,0.2,partial:ONET_JobZone_mapping;E,3.0,0
13-1041,hs,0.35,partial:ONET_JobZone_mapping;E,3.0,0
13-1041,lt_hs,0.03,partial:ONET_JobZone_mapping;E,3.0,0
13-1041,some_college,0.42,partial:ONET_JobZone_mapping;E,3.0,0
13-1051,ba_plus,0.65,partial:ONET_JobZone_mapping;E,4.0,0
13-1051,hs,0.1,partial:ONET_JobZone_mapping;E,4.0,0
13-1051,lt_hs,0.01,partial:ONET_JobZone_mapping;E,4.0,0
13-1051,some_college,0.24,partial:ONET_JobZone_mapping;E,4.0,0
13-1071,ba_plus,0.65,partial:ONET_JobZone_mapping;E,4.0,0
13-1071,hs,0.1,partial:ONET_JobZone_mapping;E,4.0,0
13-1071,lt_hs,0.01,partial:ONET_JobZone_mapping;E,4.0,0
13-1071,some_college,0.24,partial:ONET_JobZone_mapping;E,4.0,0
13-1074,ba_plus,0.1,partial:ONET_JobZone_mapping;E,2.0,0
13-1074,hs,0.55,partial:ONET_JobZone_mapping;E,2.0,0
13-1074,lt_hs,0.1,partial:ONET_JobZone_mapping;E,2.0,0
13-1074,some_college,0.25,partial:ONET_JobZone_mapping;E,2.0,0
13-1075,ba_plus,0.65,partial:ONET_JobZone_mapping;E,4.0,0
13-1075,hs,0.1,partial:ONET_JobZone_mapping;E,4.0,0
13-1075,lt_hs,0.01,partial:ONET_JobZone_mapping;E,4.0,0
13-1075,some_college,0.24,partial:ONET_JobZone_mapping;E,4.0,0
13-1081,ba_plus,0.65,partial:ONET_JobZone_mapping;E,4.0,0
13-1081,hs,0.1,partial:ONET_JobZone_mapping;E,4.0,0
13-1081,lt_hs,0.01,partial:ONET_JobZone_mapping;E,4.0,0
13-1081,some_college,0.24,partial:ONET_JobZone_mapping;E,4.0,0
13-1082,ba_plus,0.4666666666666667,partial:ONET_JobZone_mapping;E,3.333333333333333,0
13-1082,hs,0.25,partial:ONET_JobZone_mapping;E,3.333333333333333,0
13-1082,lt_hs,0.04,partial:ONET_JobZone_mapping;E,3.333333333333333,0
13-1082,some_college,0.24333333333333332,partial:ONET_JobZone_mapping;E,3.333333333333333,0
13-1111,ba_plus,0.9,partial:ONET_JobZone_mapping;E,5.0,0
13-1111,hs,0.02,partial:ONET_JobZone_mapping;E,5.0,0
13-1111,lt_hs,0.0,partial:ONET_JobZone_mapping;E,5.0,0
13-1111,some_college,0.08,partial:ONET_JobZone_mapping;E,5.0,0
13-1121,ba_plus,0.65,partial:ONET_JobZone_mapping;E,4.0,0
13-1121,hs,0.1,partial:ONET_JobZone_mapping;E,4.0,0
13-1121,lt_hs,0.01,partial:ONET_JobZone_mapping;E,4.0,0
13-1121,some_college,0.24,partial:ONET_JobZone_mapping;E,4.0,0
13-1131,ba_plus,0.65,partial:ONET_JobZone_mapping;E,4.0,0
13-1131,hs,0.1,partial:ONET_JobZone_mapping;E,4.0,0
13-1131,lt_hs,0.01,partial:ONET_JobZone_mapping;E,4.0,0
13-1131,some_college,0.24,partial:ONET_JobZone_mapping;E,4.0,0
13-1141,ba_plus,0.65,partial:ONET_JobZone_mapping;E,4.0,0
13-1141,hs,0.1,partial:ONET_JobZone_mapping;E,4.0,0
13-1141,lt_hs,0.01,partial:ONET_JobZone_mapping;E,4.0,0
13-1141,some_college,0.24,partial:ONET_JobZone_mapping;E,4.0,0
13-1151,ba_plus,0.65,partial:ONET_JobZone_mapping;E,4.0,0
13-1151,hs,0.1,partial:ONET_JobZone_mapping;E,4.0,0
13-1151,lt_hs,0.01,partial:ONET_JobZone_mapping;E,4.0,0
13-1151,some_college,0.24,partial:ONET_JobZone_mapping;E,4.0,0
13-1161,ba_plus,0.65,partial:ONET_JobZone_mapping;E,4.0,0
13-1161,hs,0.1,partial:ONET_JobZone_mapping;E,4.0,0
13-1161,lt_hs,0.01,partial:ONET_JobZone_mapping;E,4.0,0
13-1161,some_college,0.24,partial:ONET_JobZone_mapping;E,4.0,0
13-1199,ba_plus,0.5923732580375478,partial:ONET_JobZone_mapping;E,3.9025570814742614,1
13-1199,hs,0.14558909118808064,partial:ONET_JobZone_mapping;E,3.9025570814742614,1
13-1199,lt_hs,0.015233424499441874,partial:ONET_JobZone_mapping;E,3.9025570814742614,1
13-1199,some_college,0.24680422627492976,partial:ONET_JobZone_mapping;E,3.9025570814742614,1
13-2011,ba_plus,0.42500000000000004,partial:ONET_JobZone_mapping;E,3.5,0
13-2011,hs,0.22499999999999998,partial:ONET_JobZone_mapping;E,3.5,0
13-2011,lt_hs,0.02,partial:ONET_JobZone_mapping;E,3.5,0
13-2011,some_college,0.32999999999999996,partial:ONET_JobZone_mapping;E,3.5,0
13-2020,ba_plus,0.65,partial:ONET_JobZone_mapping;E,4.0,0
13-2020,hs,0.1,partial:ONET_JobZone_mapping;E,4.0,0
13-2020,lt_hs,0.01,partial:ONET_JobZone_mapping;E,4.0,0
13-2020,some_college,0.24,partial:ONET_JobZone_mapping;E,4.0,0
13-2031,ba_plus,0.65,partial:ONET_JobZone_mapping;E,4.0,0
13-2031,hs,0.1,partial:ONET_JobZone_mapping;E,4.0,0
13-2031,lt_hs,0.01,partial:ONET_JobZone_mapping;E,4.0,0
13-2031,some_college,0.24,partial:ONET_JobZone_mapping;E,4.0,0
13-2041,ba_plus,0.65,partial:ONET_JobZone_mapping;E,4.0,0
13-2041,hs,0.1,partial:ONET_JobZone_mapping;E,4.0,0
13-2041,lt_hs,0.01,partial:ONET_JobZone_mapping;E,4.0,0
13-2041,some_college,0.24,partial:ONET_JobZone_mapping;E,4.0,0
13-2051,ba_plus,0.9,partial:ONET_JobZone_mapping;E,5.0,0
13-2051,hs,0.02,partial:ONET_JobZone_mapping;E,5.0,0
13-2051,lt_hs,0.0,partial:ONET_JobZone_mapping;E,5.0,0
13-2051,some_college,0.08,partial:ONET_JobZone_mapping;E,5.0,0
13-2052,ba_plus,0.65,partial:ONET_JobZone_mapping;E,4.0,0
13-2052,hs,0.1,partial:ONET_JobZone_mapping;E,4.0,0
13-2052,lt_hs,0.01,partial:ONET_JobZone_mapping;E,4.0,0
13-2052,some_college,0.24,partial:ONET_JobZone_mapping;E,4.0,0
13-2053,ba_plus,0.65,partial:ONET_JobZone_mapping;E,4.0,0
13-2053,hs,0.1,partial:ONET_JobZone_mapping;E,4.0,0
13-2053,lt_hs,0.01,partial:ONET_JobZone_mapping;E,4.0,0
13-2053,some_college,0.24,partial:ONET_JobZone_mapping;E,4.0,0
13-2054,ba_plus,0.5923732580375478,partial:ONET_JobZone_mapping;E,3.9025570814742614,1
13-2054,hs,0.14558909118808064,partial:ONET_JobZone_mapping;E,3.9025570814742614,1
13-2054,lt_hs,0.015233424499441874,partial:ONET_JobZone_mapping;E,3.9025570814742614,1
13-2054,some_college,0.24680422627492976,partial:ONET_JobZone_mapping;E,3.9025570814742614,1
13-2061,ba_plus,0.65,partial:ONET_JobZone_mapping;E,4.0,0
13-2061,hs,0.1,partial:ONET_JobZone_mapping;E,4.0,0
13-2061,lt_hs,0.01,partial:ONET_JobZone_mapping;E,4.0,0
13-2061,some_college,0.24,partial:ONET_JobZone_mapping;E,4.0,0
13-2071,ba_plus,0.65,partial:ONET_JobZone_mapping;E,4.0,0
13-2071,hs,0.1,partial:ONET_JobZone_mapping;E,4.0,0
13-2071,lt_hs,0.01,partial:ONET_JobZone_mapping;E,4.0,0
13-2071,some_college,0.24,partial:ONET_JobZone_mapping;E,4.0,0
13-2072,ba_plus,0.65,partial:ONET_JobZone_mapping;E,4.0,0
13-2072,hs,0.1,partial:ONET_JobZone_mapping;E,4.0,0
13-2072,lt_hs,0.01,partial:ONET_JobZone_mapping;E,4.0,0
13-2072,some_college,0.24,partial:ONET_JobZone_mapping;E,4.0,0
13-2081,ba_plus,0.2,partial:ONET_JobZone_mapping;E,3.0,0
13-2081,hs,0.35,partial:ONET_JobZone_mapping;E,3.0,0
13-2081,lt_hs,0.03,partial:ONET_JobZone_mapping;E,3.0,0
13-2081,some_college,0.42,partial:ONET_JobZone_mapping;E,3.0,0
13-2082,ba_plus,0.2,partial:ONET_JobZone_mapping;E,3.0,0
13-2082,hs,0.35,partial:ONET_JobZone_mapping;E,3.0,0
13-2082,lt_hs,0.03,partial:ONET_JobZone_mapping;E,3.0,0
13-2082,some_college,0.42,partial:ONET_JobZone_mapping;E,3.0,0
13-2099,ba_plus,0.5923732580375478,partial:ONET_JobZone_mapping;E,3.9025570814742614,1
13-2099,hs,0.14558909118808064,partial:ONET_JobZone_mapping;E,3.9025570814742614,1
13-2099,lt_hs,0.015233424499441874,partial:ONET_JobZone_mapping;E,3.9025570814742614,1
13-2099,some_college,0.24680422627492976,partial:ONET_JobZone_mapping;E,3.9025570814742614,1
15-1211,ba_plus,0.65,partial:ONET_JobZone_mapping;E,4.0,0
15-1211,hs,0.1,partial:ONET_JobZone_mapping;E,4.0,0
15-1211,lt_hs,0.01,partial:ONET_JobZone_mapping;E,4.0,0
15-1211,some_college,0.24,partial:ONET_JobZone_mapping;E,4.0,0
15-1212,ba_plus,0.65,partial:ONET_JobZone_mapping;E,4.0,0
15-1212,hs,0.1,partial:ONET_JobZone_mapping;E,4.0,0
15-1212,lt_hs,0.01,partial:ONET_JobZone_mapping;E,4.0,0
15-1212,some_college,0.24,partial:ONET_JobZone_mapping;E,4.0,0
15-1221,ba_plus,0.775,partial:ONET_JobZone_mapping;E,4.5,0
15-1221,hs,0.060000000000000005,partial:ONET_JobZone_mapping;E,4.5,0
15-1221,lt_hs,0.005,partial:ONET_JobZone_mapping;E,4.5,0
15-1221,some_college,0.16,partial:ONET_JobZone_mapping;E,4.5,0
15-1231,ba_plus,0.65,partial:ONET_JobZone_mapping;E,4.0,0
15-1231,hs,0.1,partial:ONET_JobZone_mapping;E,4.0,0
15-1231,lt_hs,0.01,partial:ONET_JobZone_mapping;E,4.0,0
15-1231,some_college,0.24,partial:ONET_JobZone_mapping;E,4.0,0
15-1232,ba_plus,0.2,partial:ONET_JobZone_mapping;E,3.0,0
15-1232,hs,0.35,partial:ONET_JobZone_mapping;E,3.0,0
15-1232,lt_hs,0.03,partial:ONET_JobZone_mapping;E,3.0,0
15-1232,some_college,0.42,partial:ONET_JobZone_mapping;E,3.0,0
15-1241,ba_plus,0.65,partial:ONET_JobZone_mapping;E,4.0,0
15-1241,hs,0.1,partial:ONET_JobZone_mapping;E,4.0,0
15-1241,lt_hs,0.01,partial:ONET_JobZone_mapping;E,4.0,0
15-1241,some_college,0.24,partial:ONET_JobZone_mapping;E,4.0,0
15-1242,ba_plus,0.65,partial:ONET_JobZone_mapping;E,4.0,0
15-1242,hs,0.1,partial:ONET_JobZone_mapping;E,4.0,0
15-1242,lt_hs,0.01,partial:ONET_JobZone_mapping;E,4.0,0
15-1242,some_college,0.24,partial:ONET_JobZone_mapping;E,4.0,0
15-1243,ba_plus,0.65,partial:ONET_JobZone_mapping;E,4.0,0
15-1243,hs,0.1,partial:ONET_JobZone_mapping;E,4.0,0
15-1243,lt_hs,0.01,partial:ONET_JobZone_mapping;E,4.0,0
15-1243,some_college,0.24,partial:ONET_JobZone_mapping;E,4.0,0
15-1244,ba_plus,0.65,partial:ONET_JobZone_mapping;E,4.0,0
15-1244,hs,0.1,partial:ONET_JobZone_mapping;E,4.0,0
15-1244,lt_hs,0.01,partial:ONET_JobZone_mapping;E,4.0,0
15-1244,some_college,0.24,partial:ONET_JobZone_mapping;E,4.0,0
15-1251,ba_plus,0.65,partial:ONET_JobZone_mapping;E,4.0,0
15-1251,hs,0.1,partial:ONET_JobZone_mapping;E,4.0,0
15-1251,lt_hs,0.01,partial:ONET_JobZone_mapping;E,4.0,0
15-1251,some_college,0.24,partial:ONET_JobZone_mapping;E,4.0,0
15-1252,ba_plus,0.5358410369301182,partial:ONET_JobZone_mapping;E,3.7718079184150115,1
15-1252,hs,0.16679966779938857,partial:ONET_JobZone_mapping;E,3.7718079184150115,1
15-1252,lt_hs,0.01513746794953162,partial:ONET_JobZone_mapping;E,3.7718079184150115,1
15-1252,some_college,0.2822218273209616,partial:ONET_JobZone_mapping;E,3.7718079184150115,1
15-1253,ba_plus,0.65,partial:ONET_JobZone_mapping;E,4.0,0
15-1253,hs,0.1,partial:ONET_JobZone_mapping;E,4.0,0
15-1253,lt_hs,0.01,partial:ONET_JobZone_mapping;E,4.0,0
15-1253,some_college,0.24,partial:ONET_JobZone_mapping;E,4.0,0
15-1254,ba_plus,0.2,partial:ONET_JobZone_mapping;E,3.0,0
15-1254,hs,0.35,partial:ONET_JobZone_mapping;E,3.0,0
15-1254,lt_hs,0.03,partial:ONET_JobZone_mapping;E,3.0,0
15-1254,some_college,0.42,partial:ONET_JobZone_mapping;E,3.0,0
15-1255,ba_plus,0.5358410369301182,partial:ONET_JobZone_mapping;E,3.7718079184150115,1
15-1255,hs,0.16679966779938857,partial:ONET_JobZone_mapping;E,3.7718079184150115,1
15-1255,lt_hs,0.01513746794953162,partial:ONET_JobZone_mapping;E,3.7718079184150115,1
15-1255,some_college,0.2822218273209616,partial:ONET_JobZone_mapping;E,3.7718079184150115,1
15-1299,ba_plus,0.5358410369301182,partial:ONET_JobZone_mapping;E,3.7718079184150115,1
15-1299,hs,0.16679966779938857,partial:ONET_JobZone_mapping;E,3.7718079184150115,1
15-1299,lt_hs,0.01513746794953162,partial:ONET_JobZone_mapping;E,3.7718079184150115,1
15-1299,some_college,0.2822218273209616,partial:ONET_JobZone_mapping;E,3.7718079184150115,1
15-2011,ba_plus,0.65,partial:ONET_JobZone_mapping;E,4.0,0
15-2011,hs,0.1,partial:ONET_JobZone_mapping;E,4.0,0
15-2011,lt_hs,0.01,partial:ONET_JobZone_mapping;E,4.0,0
15-2011,some_college,0.24,partial:ONET_JobZone_mapping;E,4.0,0
15-2021,ba_plus,0.9,partial:ONET_JobZone_mapping;E,5.0,0
15-2021,hs,0.02,partial:ONET_JobZone_mapping;E,5.0,0
15-2021,lt_hs,0.0,partial:ONET_JobZone_mapping;E,5.0,0
15-2021,some_college,0.08,partial:ONET_JobZone_mapping;E,5.0,0
15-2031,ba_plus,0.9,partial:ONET_JobZone_mapping;E,5.0,0
15-2031,hs,0.02,partial:ONET_JobZone_mapping;E,5.0,0
15-2031,lt_hs,0.0,partial:ONET_JobZone_mapping;E,5.0,0
15-2031,some_college,0.08,partial:ONET_JobZone_mapping;E,5.0,0
15-2041,ba_plus,0.9,partial:ONET_JobZone_mapping;E,5.0,0
15-2041,hs,0.02,partial:ONET_JobZone_mapping;E,5.0,0
15-2041,lt_hs,0.0,partial:ONET_JobZone_mapping;E,5.0,0
15-2041,some_college,0.08,partial:ONET_JobZone_mapping;E,5.0,0
15-2051,ba_plus,0.5358410369301182,partial:ONET_JobZone_mapping;E,3.7718079184150115,1
15-2051,hs,0.16679966779938857,partial:ONET_JobZone_mapping;E,3.7718079184150115,1
15-2051,lt_hs,0.01513746794953162,partial:ONET_JobZone_mapping;E,3.7718079184150115,1
15-2051,some_college,0.2822218273209616,partial:ONET_JobZone_mapping;E,3.7718079184150115,1
15-2099,ba_plus,0.5358410369301182,partial:ONET_JobZone_mapping;E,3.7718079184150115,1
15-2099,hs,0.16679966779938857,partial:ONET_JobZone_mapping;E,3.7718079184150115,1
15-2099,lt_hs,0.01513746794953162,partial:ONET_JobZone_mapping;E,3.7718079184150115,1
15-2099,some_college,0.2822218273209616,partial:ONET_JobZone_mapping;E,3.7718079184150115,1
17-1011,ba_plus,0.9,partial:ONET_JobZone_mapping;E,5.0,0
17-1011,hs,0.02,partial:ONET_JobZone_mapping;E,5.0,0
17-1011,lt_hs,0.0,partial:ONET_JobZone_mapping;E,5.0,0
17-1011,some_college,0.08,partial:ONET_JobZone_mapping;E,5.0,0
17-1012,ba_plus,0.65,partial:ONET_JobZone_mapping;E,4.0,0
17-1012,hs,0.1,partial:ONET_JobZone_mapping;E,4.0,0
17-1012,lt_hs,0.01,partial:ONET_JobZone_mapping;E,4.0,0
17-1012,some_college,0.24,partial:ONET_JobZone_mapping;E,4.0,0
17-1021,ba_plus,0.65,partial:ONET_JobZone_mapping;E,4.0,0
17-1021,hs,0.1,partial:ONET_JobZone_mapping;E,4.0,0
17-1021,lt_hs,0.01,partial:ONET_JobZone_mapping;E,4.0,0
17-1021,some_college,0.24,partial:ONET_JobZone_mapping;E,4.0,0
17-1022,ba_plus,0.65,partial:ONET_JobZone_mapping;E,4.0,0
17-1022,hs,0.1,partial:ONET_JobZone_mapping;E,4.0,0
17-1022,lt_hs,0.01,partial:ONET_JobZone_mapping;E,4.0,0
17-1022,some_college,0.24,partial:ONET_JobZone_mapping;E,4.0,0
17-2011,ba_plus,0.65,partial:ONET_JobZone_mapping;E,4.0,0
17-2011,hs,0.1,partial:ONET_JobZone_mapping;E,4.0,0
17-2011,lt_hs,0.01,partial:ONET_JobZone_mapping;E,4.0,0
17-2011,some_college,0.24,partial:ONET_JobZone_mapping;E,4.0,0
17-2021,ba_plus,0.65,partial:ONET_JobZone_mapping;E,4.0,0
17-2021,hs,0.1,partial:ONET_JobZone_mapping;E,4.0,0
17-2021,lt_hs,0.01,partial:ONET_JobZone_mapping;E,4.0,0
17-2021,some_college,0.24,partial:ONET_JobZone_mapping;E,4.0,0
17-2031,ba_plus,0.65,partial:ONET_JobZone_mapping;E,4.0,0
17-2031,hs,0.1,partial:ONET_JobZone_mapping;E,4.0,0
17-2031,lt_hs,0.01,partial:ONET_JobZone_mapping;E,4.0,0
17-2031,some_college,0.24,partial:ONET_JobZone_mapping;E,4.0,0
17-2041,ba_plus,0.65,partial:ONET_JobZone_mapping;E,4.0,0
17-2041,hs,0.1,partial:ONET_JobZone_mapping;E,4.0,0
17-2041,lt_hs,0.01,partial:ONET_JobZone_mapping;E,4.0,0
17-2041,some_college,0.24,partial:ONET_JobZone_mapping;E,4.0,0
17-2051,ba_plus,0.65,partial:ONET_JobZone_mapping;E,4.0,0
17-2051,hs,0.1,partial:ONET_JobZone_mapping;E,4.0,0
17-2051,lt_hs,0.01,partial:ONET_JobZone_mapping;E,4.0,0
17-2051,some_college,0.24,partial:ONET_JobZone_mapping;E,4.0,0
17-2061,ba_plus,0.65,partial:ONET_JobZone_mapping;E,4.0,0
17-2061,hs,0.1,partial:ONET_JobZone_mapping;E,4.0,0
17-2061,lt_hs,0.01,partial:ONET_JobZone_mapping;E,4.0,0
17-2061,some_college,0.24,partial:ONET_JobZone_mapping;E,4.0,0
17-2071,ba_plus,0.65,partial:ONET_JobZone_mapping;E,4.0,0
17-2071,hs,0.1,partial:ONET_JobZone_mapping;E,4.0,0
17-2071,lt_hs,0.01,partial:ONET_JobZone_mapping;E,4.0,0
17-2071,some_college,0.24,partial:ONET_JobZone_mapping;E,4.0,0
17-2072,ba_plus,0.65,partial:ONET_JobZone_mapping;E,4.0,0
17-2072,hs,0.1,partial:ONET_JobZone_mapping;E,4.0,0
17-2072,lt_hs,0.01,partial:ONET_JobZone_mapping;E,4.0,0
17-2072,some_college,0.24,partial:ONET_JobZone_mapping;E,4.0,0
17-2081,ba_plus,0.65,partial:ONET_JobZone_mapping;E,4.0,0
17-2081,hs,0.1,partial:ONET_JobZone_mapping;E,4.0,0
17-2081,lt_hs,0.01,partial:ONET_JobZone_mapping;E,4.0,0
17-2081,some_college,0.24,partial:ONET_JobZone_mapping;E,4.0,0
17-2111,ba_plus,0.65,partial:ONET_JobZone_mapping;E,4.0,0
17-2111,hs,0.1,partial:ONET_JobZone_mapping;E,4.0,0
17-2111,lt_hs,0.01,partial:ONET_JobZone_mapping;E,4.0,0
17-2111,some_college,0.24,partial:ONET_JobZone_mapping;E,4.0,0
17-2112,ba_plus,0.65,partial:ONET_JobZone_mapping;E,4.0,0
17-2112,hs,0.1,partial:ONET_JobZone_mapping;E,4.0,0
17-2112,lt_hs,0.01,partial:ONET_JobZone_mapping;E,4.0,0
17-2112,some_college,0.24,partial:ONET_JobZone_mapping;E,4.0,0
17-2121,ba_plus,0.65,partial:ONET_JobZone_mapping;E,4.0,0
17-2121,hs,0.1,partial:ONET_JobZone_mapping;E,4.0,0
17-2121,lt_hs,0.01,partial:ONET_JobZone_mapping;E,4.0,0
17-2121,some_college,0.24,partial:ONET_JobZone_mapping;E,4.0,0
17-2131,ba_plus,0.65,partial:ONET_JobZone_mapping;E,4.0,0
17-2131,hs,0.1,partial:ONET_JobZone_mapping;E,4.0,0
17-2131,lt_hs,0.01,partial:ONET_JobZone_mapping;E,4.0,0
17-2131,some_college,0.24,partial:ONET_JobZone_mapping;E,4.0,0
17-2141,ba_plus,0.65,partial:ONET_JobZone_mapping;E,4.0,0
17-2141,hs,0.1,partial:ONET_JobZone_mapping;E,4.0,0
17-2141,lt_hs,0.01,partial:ONET_JobZone_mapping;E,4.0,0
17-2141,some_college,0.24,partial:ONET_JobZone_mapping;E,4.0,0
17-2151,ba_plus,0.65,partial:ONET_JobZone_mapping;E,4.0,0
17-2151,hs,0.1,partial:ONET_JobZone_mapping;E,4.0,0
17-2151,lt_hs,0.01,partial:ONET_JobZone_mapping;E,4.0,0
17-2151,some_college,0.24,partial:ONET_JobZone_mapping;E,4.0,0
17-2161,ba_plus,0.65,partial:ONET_JobZone_mapping;E,4.0,0
17-2161,hs,0.1,partial:ONET_JobZone_mapping;E,4.0,0
17-2161,lt_hs,0.01,partial:ONET_JobZone_mapping;E,4.0,0
17-2161,some_college,0.24,partial:ONET_JobZone_mapping;E,4.0,0
17-2171,ba_plus,0.65,partial:ONET_JobZone_mapping;E,4.0,0
17-2171,hs,0.1,partial:ONET_JobZone_mapping;E,4.0,0
17-2171,lt_hs,0.01,partial:ONET_JobZone_mapping;E,4.0,0
17-2171,some_college,0.24,partial:ONET_JobZone_mapping;E,4.0,0
17-2199,ba_plus,0.7000000000000001,partial:ONET_JobZone_mapping;E,4.2,0
17-2199,hs,0.08400000000000002,partial:ONET_JobZone_mapping;E,4.2,0
17-2199,lt_hs,0.008,partial:ONET_JobZone_mapping;E,4.2,0
17-2199,some_college,0.20800000000000002,partial:ONET_JobZone_mapping;E,4.2,0
17-3011,ba_plus,0.2,partial:ONET_JobZone_mapping;E,3.0,0
17-3011,hs,0.35,partial:ONET_JobZone_mapping;E,3.0,0
17-3011,lt_hs,0.03,partial:ONET_JobZone_mapping;E,3.0,0
17-3011,some_college,0.42,partial:ONET_JobZone_mapping;E,3.0,0
17-3012,ba_plus,0.2,partial:ONET_JobZone_mapping;E,3.0,0
17-3012,hs,0.35,partial:ONET_JobZone_mapping;E,3.0,0
17-3012,lt_hs,0.03,partial:ONET_JobZone_mapping;E,3.0,0
17-3012,some_college,0.42,partial:ONET_JobZone_mapping;E,3.0,0
17-3013,ba_plus,0.2,partial:ONET_JobZone_mapping;E,3.0,0
17-3013,hs,0.35,partial:ONET_JobZone_mapping;E,3.0,0
17-3013,lt_hs,0.03,partial:ONET_JobZone_mapping;E,3.0,0
17-3013,some_college,0.42,partial:ONET_JobZone_mapping;E,3.0,0
17-3019,ba_plus,0.5729339287775115,partial:ONET_JobZone_mapping;E,3.8535779786342887,1
17-3019,hs,0.14610524270815856,partial:ONET_JobZone_mapping;E,3.8535779786342887,1
17-3019,lt_hs,0.013487248507710152,partial:ONET_JobZone_mapping;E,3.8535779786342887,1
17-3019,some_college,0.2674735800066199,partial:ONET_JobZone_mapping;E,3.8535779786342887,1
17-3021,ba_plus,0.2,partial:ONET_JobZone_mapping;E,3.0,0
17-3021,hs,0.35,partial:ONET_JobZone_mapping;E,3.0,0
17-3021,lt_hs,0.03,partial:ONET_JobZone_mapping;E,3.0,0
17-3021,some_college,0.42,partial:ONET_JobZone_mapping;E,3.0,0
17-3022,ba_plus,0.2,partial:ONET_JobZone_mapping;E,3.0,0
17-3022,hs,0.35,partial:ONET_JobZone_mapping;E,3.0,0
17-3022,lt_hs,0.03,partial:ONET_JobZone_mapping;E,3.0,0
17-3022,some_college,0.42,partial:ONET_JobZone_mapping;E,3.0,0
17-3023,ba_plus,0.2,partial:ONET_JobZone_mapping;E,3.0,0
17-3023,hs,0.35,partial:ONET_JobZone_mapping;E,3.0,0
17-3023,lt_hs,0.03,partial:ONET_JobZone_mapping;E,3.0,0
17-3023,some_college,0.42,partial:ONET_JobZone_mapping;E,3.0,0
17-3024,ba_plus,0.5692307692307693,partial:ONET_JobZone_mapping;E,3.9230769230769234,0
17-3024,hs,0.15846153846153846,partial:ONET_JobZone_mapping;E,3.9230769230769234,0
17-3024,lt_hs,0.013846153846153847,partial:ONET_JobZone_mapping;E,3.9230769230769234,0
17-3024,some_college,0.25846153846153846,partial:ONET_JobZone_mapping;E,3.9230769230769234,0
17-3025,ba_plus,0.65,partial:ONET_JobZone_mapping;E,4.0,0
17-3025,hs,0.1,partial:ONET_JobZone_mapping;E,4.0,0
17-3025,lt_hs,0.01,partial:ONET_JobZone_mapping;E,4.0,0
17-3025,some_college,0.24,partial:ONET_JobZone_mapping;E,4.0,0
17-3026,ba_plus,0.2,partial:ONET_JobZone_mapping;E,3.0,0
17-3026,hs,0.35,partial:ONET_JobZone_mapping;E,3.0,0
17-3026,lt_hs,0.03,partial:ONET_JobZone_mapping;E,3.0,0
17-3026,some_college,0.42,partial:ONET_JobZone_mapping;E,3.0,0
17-3027,ba_plus,0.2,partial:ONET_JobZone_mapping;E,3.0,0
17-3027,hs,0.35,partial:ONET_JobZone_mapping;E,3.0,0
17-3027,lt_hs,0.03,partial:ONET_JobZone_mapping;E,3.0,0
17-3027,some_college,0.42,partial:ONET_JobZone_mapping;E,3.0,0
17-3028,ba_plus,0.5729339287775115,partial:ONET_JobZone_mapping;E,3.8535779786342887,1
17-3028,hs,0.14610524270815856,partial:ONET_JobZone_mapping;E,3.8535779786342887,1
17-3028,lt_hs,0.013487248507710152,partial:ONET_JobZone_mapping;E,3.8535779786342887,1
17-3028,some_college,0.2674735800066199,partial:ONET_JobZone_mapping;E,3.8535779786342887,1
17-3029,ba_plus,0.5729339287775115,partial:ONET_JobZone_mapping;E,3.8535779786342887,1
17-3029,hs,0.14610524270815856,partial:ONET_JobZone_mapping;E,3.8535779786342887,1
17-3029,lt_hs,0.013487248507710152,partial:ONET_JobZone_mapping;E,3.8535779786342887,1
17-3029,some_college,0.2674735800066199,partial:ONET_JobZone_mapping;E,3.8535779786342887,1
17-3031,ba_plus,0.2,partial:ONET_JobZone_mapping;E,3.0,0
17-3031,hs,0.35,partial:ONET_JobZone_mapping;E,3.0,0
17-3031,lt_hs,0.03,partial:ONET_JobZone_mapping;E,3.0,0
17-3031,some_college,0.42,partial:ONET_JobZone_mapping;E,3.0,0
19-1011,ba_plus,0.9,partial:ONET_JobZone_mapping;E,5.0,0
19-1011,hs,0.02,partial:ONET_JobZone_mapping;E,5.0,0
19-1011,lt_hs,0.0,partial:ONET_JobZone_mapping;E,5.0,0
19-1011,some_college,0.08,partial:ONET_JobZone_mapping;E,5.0,0
19-1012,ba_plus,0.65,partial:ONET_JobZone_mapping;E,4.0,0
19-1012,hs,0.1,partial:ONET_JobZone_mapping;E,4.0,0
19-1012,lt_hs,0.01,partial:ONET_JobZone_mapping;E,4.0,0
19-1012,some_college,0.24,partial:ONET_JobZone_mapping;E,4.0,0
19-1013,ba_plus,0.9,partial:ONET_JobZone_mapping;E,5.0,0
19-1013,hs,0.02,partial:ONET_JobZone_mapping;E,5.0,0
19-1013,lt_hs,0.0,partial:ONET_JobZone_mapping;E,5.0,0
19-1013,some_college,0.08,partial:ONET_JobZone_mapping;E,5.0,0
19-1021,ba_plus,0.9,partial:ONET_JobZone_mapping;E,5.0,0
19-1021,hs,0.02,partial:ONET_JobZone_mapping;E,5.0,0
19-1021,lt_hs,0.0,partial:ONET_JobZone_mapping;E,5.0,0
19-1021,some_college,0.08,partial:ONET_JobZone_mapping;E,5.0,0
19-1022,ba_plus,0.9,partial:ONET_JobZone_mapping;E,5.0,0
19-1022,hs,0.02,partial:ONET_JobZone_mapping;E,5.0,0
19-1022,lt_hs,0.0,partial:ONET_JobZone_mapping;E,5.0,0
19-1022,some_college,0.08,partial:ONET_JobZone_mapping;E,5.0,0
19-1023,ba_plus,0.9,partial:ONET_JobZone_mapping;E,5.0,0
19-1023,hs,0.02,partial:ONET_JobZone_mapping;E,5.0,0
19-1023,lt_hs,0.0,partial:ONET_JobZone_mapping;E,5.0,0
19-1023,some_college,0.08,partial:ONET_JobZone_mapping;E,5.0,0
19-1029,ba_plus,0.6981974103585658,partial:ONET_JobZone_mapping;E,4.282403984063745,1
19-1029,hs,0.10331564940239044,partial:ONET_JobZone_mapping;E,4.282403984063745,1
19-1029,lt_hs,0.010168390438247013,partial:ONET_JobZone_mapping;E,4.282403984063745,1
19-1029,some_college,0.1883185498007968,partial:ONET_JobZone_mapping;E,4.282403984063745,1
19-1031,ba_plus,0.65,partial:ONET_JobZone_mapping;E,4.0,0
19-1031,hs,0.1,partial:ONET_JobZone_mapping;E,4.0,0
19-1031,lt_hs,0.01,partial:ONET_JobZone_mapping;E,4.0,0
19-1031,some_college,0.24,partial:ONET_JobZone_mapping;E,4.0,0
19-1032,ba_plus,0.65,partial:ONET_JobZone_mapping;E,4.0,0
19-1032,hs,0.1,partial:ONET_JobZone_mapping;E,4.0,0
19-1032,lt_hs,0.01,partial:ONET_JobZone_mapping;E,4.0,0
19-1032,some_college,0.24,partial:ONET_JobZone_mapping;E,4.0,0
19-1041,ba_plus,0.9,partial:ONET_JobZone_mapping;E,5.0,0
19-1041,hs,0.02,partial:ONET_JobZone_mapping;E,5.0,0
19-1041,lt_hs,0.0,partial:ONET_JobZone_mapping;E,5.0,0
19-1041,some_college,0.08,partial:ONET_JobZone_mapping;E,5.0,0
19-1042,ba_plus,0.9,partial:ONET_JobZone_mapping;E,5.0,0
19-1042,hs,0.02,partial:ONET_JobZone_mapping;E,5.0,0
19-1042,lt_hs,0.0,partial:ONET_JobZone_mapping;E,5.0,0
19-1042,some_college,0.08,partial:ONET_JobZone_mapping;E,5.0,0
19-1099,ba_plus,0.6981974103585658,partial:ONET_JobZone_mapping;E,4.282403984063745,1
19-1099,hs,0.10331564940239044,partial:ONET_JobZone_mapping;E,4.282403984063745,1
19-1099,lt_hs,0.010168390438247013,partial:ONET_JobZone_mapping;E,4.282403984063745,1
19-1099,some_college,0.1883185498007968,partial:ONET_JobZone_mapping;E,4.282403984063745,1
19-2011,ba_plus,0.9,partial:ONET_JobZone_mapping;E,5.0,0
19-2011,hs,0.02,partial:ONET_JobZone_mapping;E,5.0,0
19-2011,lt_hs,0.0,partial:ONET_JobZone_mapping;E,5.0,0
19-2011,some_college,0.08,partial:ONET_JobZone_mapping;E,5.0,0
19-2012,ba_plus,0.9,partial:ONET_JobZone_mapping;E,5.0,0
19-2012,hs,0.02,partial:ONET_JobZone_mapping;E,5.0,0
19-2012,lt_hs,0.0,partial:ONET_JobZone_mapping;E,5.0,0
19-2012,some_college,0.08,partial:ONET_JobZone_mapping;E,5.0,0
19-2021,ba_plus,0.65,partial:ONET_JobZone_mapping;E,4.0,0
19-2021,hs,0.1,partial:ONET_JobZone_mapping;E,4.0,0
19-2021,lt_hs,0.01,partial:ONET_JobZone_mapping;E,4.0,0
19-2021,some_college,0.24,partial:ONET_JobZone_mapping;E,4.0,0
19-2031,ba_plus,0.65,partial:ONET_JobZone_mapping;E,4.0,0
19-2031,hs,0.1,partial:ONET_JobZone_mapping;E,4.0,0
19-2031,lt_hs,0.01,partial:ONET_JobZone_mapping;E,4.0,0
19-2031,some_college,0.24,partial:ONET_JobZone_mapping;E,4.0,0
19-2032,ba_plus,0.9,partial:ONET_JobZone_mapping;E,5.0,0
19-2032,hs,0.02,partial:ONET_JobZone_mapping;E,5.0,0
19-2032,lt_hs,0.0,partial:ONET_JobZone_mapping;E,5.0,0
19-2032,some_college,0.08,partial:ONET_JobZone_mapping;E,5.0,0
19-2041,ba_plus,0.65,partial:ONET_JobZone_mapping;E,4.0,0
19-2041,hs,0.1,partial:ONET_JobZone_mapping;E,4.0,0
19-2041,lt_hs,0.01,partial:ONET_JobZone_mapping;E,4.0,0
19-2041,some_college,0.24,partial:ONET_JobZone_mapping;E,4.0,0
19-2042,ba_plus,0.9,partial:ONET_JobZone_mapping;E,5.0,0
19-2042,hs,0.02,partial:ONET_JobZone_mapping;E,5.0,0
19-2042,lt_hs,0.0,partial:ONET_JobZone_mapping;E,5.0,0
19-2042,some_college,0.08,partial:ONET_JobZone_mapping;E,5.0,0
19-2043,ba_plus,0.9,partial:ONET_JobZone_mapping;E,5.0,0
19-2043,hs,0.02,partial:ONET_JobZone_mapping;E,5.0,0
19-2043,lt_hs,0.0,partial:ONET_JobZone_mapping;E,5.0,0
19-2043,some_college,0.08,partial:ONET_JobZone_mapping;E,5.0,0
19-2099,ba_plus,0.6981974103585658,partial:ONET_JobZone_mapping;E,4.282403984063745,1
19-2099,hs,0.10331564940239044,partial:ONET_JobZone_mapping;E,4.282403984063745,1
19-2099,lt_hs,0.010168390438247013,partial:ONET_JobZone_mapping;E,4.282403984063745,1
19-2099,some_college,0.1883185498007968,partial:ONET_JobZone_mapping;E,4.282403984063745,1
19-3011,ba_plus,0.9,partial:ONET_JobZone_mapping;E,5.0,0
19-3011,hs,0.02,partial:ONET_JobZone_mapping;E,5.0,0
19-3011,lt_hs,0.0,partial:ONET_JobZone_mapping;E,5.0,0
19-3011,some_college,0.08,partial:ONET_JobZone_mapping;E,5.0,0
19-3022,ba_plus,0.9,partial:ONET_JobZone_mapping;E,5.0,0
19-3022,hs,0.02,partial:ONET_JobZone_mapping;E,5.0,0
19-3022,lt_hs,0.0,partial:ONET_JobZone_mapping;E,5.0,0
19-3022,some_college,0.08,partial:ONET_JobZone_mapping;E,5.0,0
19-3032,ba_plus,0.9,partial:ONET_JobZone_mapping;E,5.0,0
19-3032,hs,0.02,partial:ONET_JobZone_mapping;E,5.0,0
19-3032,lt_hs,0.0,partial:ONET_JobZone_mapping;E,5.0,0
19-3032,some_college,0.08,partial:ONET_JobZone_mapping;E,5.0,0
19-3033,ba_plus,0.9,partial:ONET_JobZone_mapping;E,5.0,0
19-3033,hs,0.02,partial:ONET_JobZone_mapping;E,5.0,0
19-3033,lt_hs,0.0,partial:ONET_JobZone_mapping;E,5.0,0
19-3033,some_college,0.08,partial:ONET_JobZone_mapping;E,5.0,0
19-3034,ba_plus,0.9,partial:ONET_JobZone_mapping;E,5.0,0
19-3034,hs,0.02,partial:ONET_JobZone_mapping;E,5.0,0
19-3034,lt_hs,0.0,partial:ONET_JobZone_mapping;E,5.0,0
19-3034,some_college,0.08,partial:ONET_JobZone_mapping;E,5.0,0
19-3039,ba_plus,0.6981974103585658,partial:ONET_JobZone_mapping;E,4.282403984063745,1
19-3039,hs,0.10331564940239044,partial:ONET_JobZone_mapping;E,4.282403984063745,1
19-3039,lt_hs,0.010168390438247013,partial:ONET_JobZone_mapping;E,4.282403984063745,1
19-3039,some_college,0.1883185498007968,partial:ONET_JobZone_mapping;E,4.282403984063745,1
19-3041,ba_plus,0.9,partial:ONET_JobZone_mapping;E,5.0,0
19-3041,hs,0.02,partial:ONET_JobZone_mapping;E,5.0,0
19-3041,lt_hs,0.0,partial:ONET_JobZone_mapping;E,5.0,0
19-3041,some_college,0.08,partial:ONET_JobZone_mapping;E,5.0,0
19-3051,ba_plus,0.75,partial:ONET_JobZone_mapping;E,4.4,0
19-3051,hs,0.068,partial:ONET_JobZone_mapping;E,4.4,0
19-3051,lt_hs,0.006,partial:ONET_JobZone_mapping;E,4.4,0
19-3051,some_college,0.176,partial:ONET_JobZone_mapping;E,4.4,0
19-3091,ba_plus,0.9,partial:ONET_JobZone_mapping;E,5.0,0
19-3091,hs,0.02,partial:ONET_JobZone_mapping;E,5.0,0
19-3091,lt_hs,0.0,partial:ONET_JobZone_mapping;E,5.0,0
19-3091,some_college,0.08,partial:ONET_JobZone_mapping;E,5.0,0
19-3092,ba_plus,0.9,partial:ONET_JobZone_mapping;E,5.0,0
19-3092,hs,0.02,partial:ONET_JobZone_mapping;E,5.0,0
19-3092,lt_hs,0.0,partial:ONET_JobZone_mapping;E,5.0,0
19-3092,some_college,0.08,partial:ONET_JobZone_mapping;E,5.0,0
19-3093,ba_plus,0.9,partial:ONET_JobZone_mapping;E,5.0,0
19-3093,hs,0.02,partial:ONET_JobZone_mapping;E,5.0,0
19-3093,lt_hs,0.0,partial:ONET_JobZone_mapping;E,5.0,0
19-3093,some_college,0.08,partial:ONET_JobZone_mapping;E,5.0,0
19-3094,ba_plus,0.9,partial:ONET_JobZone_mapping;E,5.0,0
19-3094,hs,0.02,partial:ONET_JobZone_mapping;E,5.0,0
19-3094,lt_hs,0.0,partial:ONET_JobZone_mapping;E,5.0,0
19-3094,some_college,0.08,partial:ONET_JobZone_mapping;E,5.0,0
19-3099,ba_plus,0.6981974103585658,partial:ONET_JobZone_mapping;E,4.282403984063745,1
19-3099,hs,0.10331564940239044,partial:ONET_JobZone_mapping;E,4.282403984063745,1
19-3099,lt_hs,0.010168390438247013,partial:ONET_JobZone_mapping;E,4.282403984063745,1
19-3099,some_college,0.1883185498007968,partial:ONET_JobZone_mapping;E,4.282403984063745,1
19-4012,ba_plus,0.42500000000000004,partial:ONET_JobZone_mapping;E,3.5,0
19-4012,hs,0.22499999999999998,partial:ONET_JobZone_mapping;E,3.5,0
19-4012,lt_hs,0.02,partial:ONET_JobZone_mapping;E,3.5,0
19-4012,some_college,0.32999999999999996,partial:ONET_JobZone_mapping;E,3.5,0
19-4013,ba_plus,0.2,partial:ONET_JobZone_mapping;E,3.0,0
19-4013,hs,0.35,partial:ONET_JobZone_mapping;E,3.0,0
19-4013,lt_hs,0.03,partial:ONET_JobZone_mapping;E,3.0,0
19-4013,some_college,0.42,partial:ONET_JobZone_mapping;E,3.0,0
19-4021,ba_plus,0.375,partial:ONET_JobZone_mapping;E,3.0,0
19-4021,hs,0.325,partial:ONET_JobZone_mapping;E,3.0,0
19-4021,lt_hs,0.055,partial:ONET_JobZone_mapping;E,3.0,0
19-4021,some_college,0.245,partial:ONET_JobZone_mapping;E,3.0,0
19-4031,ba_plus,0.2,partial:ONET_JobZone_mapping;E,3.0,0
19-4031,hs,0.35,partial:ONET_JobZone_mapping;E,3.0,0
19-4031,lt_hs,0.03,partial:ONET_JobZone_mapping;E,3.0,0
19-4031,some_college,0.42,partial:ONET_JobZone_mapping;E,3.0,0
19-4042,ba_plus,0.65,partial:ONET_JobZone_mapping;E,4.0,0
19-4042,hs,0.1,partial:ONET_JobZone_mapping;E,4.0,0
19-4042,lt_hs,0.01,partial:ONET_JobZone_mapping;E,4.0,0
19-4042,some_college,0.24,partial:ONET_JobZone_mapping;E,4.0,0
19-4043,ba_plus,0.65,partial:ONET_JobZone_mapping;E,4.0,0
19-4043,hs,0.1,partial:ONET_JobZone_mapping;E,4.0,0
19-4043,lt_hs,0.01,partial:ONET_JobZone_mapping;E,4.0,0
19-4043,some_college,0.24,partial:ONET_JobZone_mapping;E,4.0,0
19-4044,ba_plus,0.6981974103585658,partial:ONET_JobZone_mapping;E,4.282403984063745,1
19-4044,hs,0.10331564940239044,partial:ONET_JobZone_mapping;E,4.282403984063745,1
19-4044,lt_hs,0.010168390438247013,partial:ONET_JobZone_mapping;E,4.282403984063745,1
19-4044,some_college,0.1883185498007968,partial:ONET_JobZone_mapping;E,4.282403984063745,1
19-4051,ba_plus,0.2,partial:ONET_JobZone_mapping;E,3.0,0
19-4051,hs,0.35,partial:ONET_JobZone_mapping;E,3.0,0
19-4051,lt_hs,0.03,partial:ONET_JobZone_mapping;E,3.0,0
19-4051,some_college,0.42,partial:ONET_JobZone_mapping;E,3.0,0
19-4061,ba_plus,0.65,partial:ONET_JobZone_mapping;E,4.0,0
19-4061,hs,0.1,partial:ONET_JobZone_mapping;E,4.0,0
19-4061,lt_hs,0.01,partial:ONET_JobZone_mapping;E,4.0,0
19-4061,some_college,0.24,partial:ONET_JobZone_mapping;E,4.0,0
19-4071,ba_plus,0.2,partial:ONET_JobZone_mapping;E,3.0,0
19-4071,hs,0.35,partial:ONET_JobZone_mapping;E,3.0,0
19-4071,lt_hs,0.03,partial:ONET_JobZone_mapping;E,3.0,0
19-4071,some_college,0.42,partial:ONET_JobZone_mapping;E,3.0,0
19-4092,ba_plus,0.65,partial:ONET_JobZone_mapping;E,4.0,0
19-4092,hs,0.1,partial:ONET_JobZone_mapping;E,4.0,0
19-4092,lt_hs,0.01,partial:ONET_JobZone_mapping;E,4.0,0
19-4092,some_college,0.24,partial:ONET_JobZone_mapping;E,4.0,0
19-4099,ba_plus,0.6981974103585658,partial:ONET_JobZone_mapping;E,4.282403984063745,1
19-4099,hs,0.10331564940239044,partial:ONET_JobZone_mapping;E,4.282403984063745,1
19-4099,lt_hs,0.010168390438247013,partial:ONET_JobZone_mapping;E,4.282403984063745,1
19-4099,some_college,0.1883185498007968,partial:ONET_JobZone_mapping;E,4.282403984063745,1
19-5011,ba_plus,0.65,partial:ONET_JobZone_mapping;E,4.0,0
19-5011,hs,0.1,partial:ONET_JobZone_mapping;E,4.0,0
19-5011,lt_hs,0.01,partial:ONET_JobZone_mapping;E,4.0,0
19-5011,some_college,0.24,partial:ONET_JobZone_mapping;E,4.0,0
19-5012,ba_plus,0.55,partial:ONET_JobZone_mapping;E,4.0,0
19-5012,hs,0.185,partial:ONET_JobZone_mapping;E,4.0,0
19-5012,lt_hs,0.015,partial:ONET_JobZone_mapping;E,4.0,0
19-5012,some_college,0.25,partial:ONET_JobZone_mapping;E,4.0,0
21-1012,ba_plus,0.9,partial:ONET_JobZone_mapping;E,5.0,0
21-1012,hs,0.02,partial:ONET_JobZone_mapping;E,5.0,0
21-1012,lt_hs,0.0,partial:ONET_JobZone_mapping;E,5.0,0
21-1012,some_college,0.08,partial:ONET_JobZone_mapping;E,5.0,0
21-1013,ba_plus,0.9,partial:ONET_JobZone_mapping;E,5.0,0
21-1013,hs,0.02,partial:ONET_JobZone_mapping;E,5.0,0
21-1013,lt_hs,0.0,partial:ONET_JobZone_mapping;E,5.0,0
21-1013,some_college,0.08,partial:ONET_JobZone_mapping;E,5.0,0
21-1015,ba_plus,0.65,partial:ONET_JobZone_mapping;E,4.0,0
21-1015,hs,0.1,partial:ONET_JobZone_mapping;E,4.0,0
21-1015,lt_hs,0.01,partial:ONET_JobZone_mapping;E,4.0,0
21-1015,some_college,0.24,partial:ONET_JobZone_mapping;E,4.0,0
21-1018,ba_plus,0.9,partial:ONET_JobZone_mapping;E,5.0,0
21-1018,hs,0.02,partial:ONET_JobZone_mapping;E,5.0,0
21-1018,lt_hs,0.0,partial:ONET_JobZone_mapping;E,5.0,0
21-1018,some_college,0.08,partial:ONET_JobZone_mapping;E,5.0,0
21-1019,ba_plus,0.7546328560890422,partial:ONET_JobZone_mapping;E,4.449119074692195,1
21-1019,hs,0.07057034972103013,partial:ONET_JobZone_mapping;E,4.449119074692195,1
21-1019,lt_hs,0.005891154882278383,partial:ONET_JobZone_mapping;E,4.449119074692195,1
21-1019,some_college,0.16890563930764935,partial:ONET_JobZone_mapping;E,4.449119074692195,1
21-1021,ba_plus,0.65,partial:ONET_JobZone_mapping;E,4.0,0
21-1021,hs,0.1,partial:ONET_JobZone_mapping;E,4.0,0
21-1021,lt_hs,0.01,partial:ONET_JobZone_mapping;E,4.0,0
21-1021,some_college,0.24,partial:ONET_JobZone_mapping;E,4.0,0
21-1022,ba_plus,0.55,partial:ONET_JobZone_mapping;E,4.0,0
21-1022,hs,0.185,partial:ONET_JobZone_mapping;E,4.0,0
21-1022,lt_hs,0.015,partial:ONET_JobZone_mapping;E,4.0,0
21-1022,some_college,0.25,partial:ONET_JobZone_mapping;E,4.0,0
21-1023,ba_plus,0.9,partial:ONET_JobZone_mapping;E,5.0,0
21-1023,hs,0.02,partial:ONET_JobZone_mapping;E,5.0,0
21-1023,lt_hs,0.0,partial:ONET_JobZone_mapping;E,5.0,0
21-1023,some_college,0.08,partial:ONET_JobZone_mapping;E,5.0,0
21-1029,ba_plus,0.7546328560890422,partial:ONET_JobZone_mapping;E,4.449119074692195,1
21-1029,hs,0.07057034972103013,partial:ONET_JobZone_mapping;E,4.449119074692195,1
21-1029,lt_hs,0.005891154882278383,partial:ONET_JobZone_mapping;E,4.449119074692195,1
21-1029,some_college,0.16890563930764935,partial:ONET_JobZone_mapping;E,4.449119074692195,1
21-1091,ba_plus,0.65,partial:ONET_JobZone_mapping;E,4.0,0
21-1091,hs,0.1,partial:ONET_JobZone_mapping;E,4.0,0
21-1091,lt_hs,0.01,partial:ONET_JobZone_mapping;E,4.0,0
21-1091,some_college,0.24,partial:ONET_JobZone_mapping;E,4.0,0
21-1092,ba_plus,0.65,partial:ONET_JobZone_mapping;E,4.0,0
21-1092,hs,0.1,partial:ONET_JobZone_mapping;E,4.0,0
21-1092,lt_hs,0.01,partial:ONET_JobZone_mapping;E,4.0,0
21-1092,some_college,0.24,partial:ONET_JobZone_mapping;E,4.0,0
21-1093,ba_plus,0.65,partial:ONET_JobZone_mapping;E,4.0,0
21-1093,hs,0.1,partial:ONET_JobZone_mapping;E,4.0,0
21-1093,lt_hs,0.01,partial:ONET_JobZone_mapping;E,4.0,0
21-1093,some_college,0.24,partial:ONET_JobZone_mapping;E,4.0,0
21-1094,ba_plus,0.65,partial:ONET_JobZone_mapping;E,4.0,0
21-1094,hs,0.1,partial:ONET_JobZone_mapping;E,4.0,0
21-1094,lt_hs,0.01,partial:ONET_JobZone_mapping;E,4.0,0
21-1094,some_college,0.24,partial:ONET_JobZone_mapping;E,4.0,0
21-1099,ba_plus,0.7546328560890422,partial:ONET_JobZone_mapping;E,4.449119074692195,1
21-1099,hs,0.07057034972103013,partial:ONET_JobZone_mapping;E,4.449119074692195,1
21-1099,lt_hs,0.005891154882278383,partial:ONET_JobZone_mapping;E,4.449119074692195,1
21-1099,some_college,0.16890563930764935,partial:ONET_JobZone_mapping;E,4.449119074692195,1
21-2011,ba_plus,0.9,partial:ONET_JobZone_mapping;E,5.0,0
21-2011,hs,0.02,partial:ONET_JobZone_mapping;E,5.0,0
21-2011,lt_hs,0.0,partial:ONET_JobZone_mapping;E,5.0,0
21-2011,some_college,0.08,partial:ONET_JobZone_mapping;E,5.0,0
21-2021,ba_plus,0.65,partial:ONET_JobZone_mapping;E,4.0,0
21-2021,hs,0.1,partial:ONET_JobZone_mapping;E,4.0,0
21-2021,lt_hs,0.01,partial:ONET_JobZone_mapping;E,4.0,0
21-2021,some_college,0.24,partial:ONET_JobZone_mapping;E,4.0,0
21-2099,ba_plus,0.7546328560890422,partial:ONET_JobZone_mapping;E,4.449119074692195,1
21-2099,hs,0.07057034972103013,partial:ONET_JobZone_mapping;E,4.449119074692195,1
21-2099,lt_hs,0.005891154882278383,partial:ONET_JobZone_mapping;E,4.449119074692195,1
21-2099,some_college,0.16890563930764935,partial:ONET_JobZone_mapping;E,4.449119074692195,1
23-1011,ba_plus,0.9,partial:ONET_JobZone_mapping;E,5.0,0
23-1011,hs,0.02,partial:ONET_JobZone_mapping;E,5.0,0
23-1011,lt_hs,0.0,partial:ONET_JobZone_mapping;E,5.0,0
23-1011,some_college,0.08,partial:ONET_JobZone_mapping;E,5.0,0
23-1012,ba_plus,0.9,partial:ONET_JobZone_mapping;E,5.0,0
23-1012,hs,0.02,partial:ONET_JobZone_mapping;E,5.0,0
23-1012,lt_hs,0.0,partial:ONET_JobZone_mapping;E,5.0,0
23-1012,some_college,0.08,partial:ONET_JobZone_mapping;E,5.0,0
23-1021,ba_plus,0.9,partial:ONET_JobZone_mapping;E,5.0,0
23-1021,hs,0.02,partial:ONET_JobZone_mapping;E,5.0,0
23-1021,lt_hs,0.0,partial:ONET_JobZone_mapping;E,5.0,0
23-1021,some_college,0.08,partial:ONET_JobZone_mapping;E,5.0,0
23-1022,ba_plus,0.9,partial:ONET_JobZone_mapping;E,5.0,0
23-1022,hs,0.02,partial:ONET_JobZone_mapping;E,5.0,0
23-1022,lt_hs,0.0,partial:ONET_JobZone_mapping;E,5.0,0
23-1022,some_college,0.08,partial:ONET_JobZone_mapping;E,5.0,0
23-1023,ba_plus,0.9,partial:ONET_JobZone_mapping;E,5.0,0
23-1023,hs,0.02,partial:ONET_JobZone_mapping;E,5.0,0
23-1023,lt_hs,0.0,partial:ONET_JobZone_mapping;E,5.0,0
23-1023,some_college,0.08,partial:ONET_JobZone_mapping;E,5.0,0
23-2011,ba_plus,0.2,partial:ONET_JobZone_mapping;E,3.0,0
23-2011,hs,0.35,partial:ONET_JobZone_mapping;E,3.0,0
23-2011,lt_hs,0.03,partial:ONET_JobZone_mapping;E,3.0,0
23-2011,some_college,0.42,partial:ONET_JobZone_mapping;E,3.0,0
23-2093,ba_plus,0.1,partial:ONET_JobZone_mapping;E,2.0,0
23-2093,hs,0.55,partial:ONET_JobZone_mapping;E,2.0,0
23-2093,lt_hs,0.1,partial:ONET_JobZone_mapping;E,2.0,0
23-2093,some_college,0.25,partial:ONET_JobZone_mapping;E,2.0,0
23-2099,ba_plus,0.6506632985399489,partial:ONET_JobZone_mapping;E,4.260044802440303,1
23-2099,hs,0.14344327407336796,partial:ONET_JobZone_mapping;E,4.260044802440303,1
23-2099,lt_hs,0.013221803854280857,partial:ONET_JobZone_mapping;E,4.260044802440303,1
23-2099,some_college,0.19267162353240236,partial:ONET_JobZone_mapping;E,4.260044802440303,1
25-1011,ba_plus,0.9,partial:ONET_JobZone_mapping;E,5.0,0
25-1011,hs,0.02,partial:ONET_JobZone_mapping;E,5.0,0
25-1011,lt_hs,0.0,partial:ONET_JobZone_mapping;E,5.0,0
25-1011,some_college,0.08,partial:ONET_JobZone_mapping;E,5.0,0
25-1021,ba_plus,0.9,partial:ONET_JobZone_mapping;E,5.0,0
25-1021,hs,0.02,partial:ONET_JobZone_mapping;E,5.0,0
25-1021,lt_hs,0.0,partial:ONET_JobZone_mapping;E,5.0,0
25-1021,some_college,0.08,partial:ONET_JobZone_mapping;E,5.0,0
25-1022,ba_plus,0.9,partial:ONET_JobZone_mapping;E,5.0,0
25-1022,hs,0.02,partial:ONET_JobZone_mapping;E,5.0,0
25-1022,lt_hs,0.0,partial:ONET_JobZone_mapping;E,5.0,0
25-1022,some_college,0.08,partial:ONET_JobZone_mapping;E,5.0,0
25-1031,ba_plus,0.9,partial:ONET_JobZone_mapping;E,5.0,0
25-1031,hs,0.02,partial:ONET_JobZone_mapping;E,5.0,0
25-1031,lt_hs,0.0,partial:ONET_JobZone_mapping;E,5.0,0
25-1031,some_college,0.08,partial:ONET_JobZone_mapping;E,5.0,0
25-1032,ba_plus,0.9,partial:ONET_JobZone_mapping;E,5.0,0
25-1032,hs,0.02,partial:ONET_JobZone_mapping;E,5.0,0
25-1032,lt_hs,0.0,partial:ONET_JobZone_mapping;E,5.0,0
25-1032,some_college,0.08,partial:ONET_JobZone_mapping;E,5.0,0
25-1041,ba_plus,0.9,partial:ONET_JobZone_mapping;E,5.0,0
25-1041,hs,0.02,partial:ONET_JobZone_mapping;E,5.0,0
25-1041,lt_hs,0.0,partial:ONET_JobZone_mapping;E,5.0,0
25-1041,some_college,0.08,partial:ONET_JobZone_mapping;E,5.0,0
25-1042,ba_plus,0.9,partial:ONET_JobZone_mapping;E,5.0,0
25-1042,hs,0.02,partial:ONET_JobZone_mapping;E,5.0,0
25-1042,lt_hs,0.0,partial:ONET_JobZone_mapping;E,5.0,0
25-1042,some_college,0.08,partial:ONET_JobZone_mapping;E,5.0,0
25-1043,ba_plus,0.9,partial:ONET_JobZone_mapping;E,5.0,0
25-1043,hs,0.02,partial:ONET_JobZone_mapping;E,5.0,0
25-1043,lt_hs,0.0,partial:ONET_JobZone_mapping;E,5.0,0
25-1043,some_college,0.08,partial:ONET_JobZone_mapping;E,5.0,0
25-1051,ba_plus,0.9,partial:ONET_JobZone_mapping;E,5.0,0
25-1051,hs,0.02,partial:ONET_JobZone_mapping;E,5.0,0
25-1051,lt_hs,0.0,partial:ONET_JobZone_mapping;E,5.0,0
25-1051,some_college,0.08,partial:ONET_JobZone_mapping;E,5.0,0
25-1052,ba_plus,0.9,partial:ONET_JobZone_mapping;E,5.0,0
25-1052,hs,0.02,partial:ONET_JobZone_mapping;E,5.0,0
25-1052,lt_hs,0.0,partial:ONET_JobZone_mapping;E,5.0,0
25-1052,some_college,0.08,partial:ONET_JobZone_mapping;E,5.0,0
25-1053,ba_plus,0.9,partial:ONET_JobZone_mapping;E,5.0,0
25-1053,hs,0.02,partial:ONET_JobZone_mapping;E,5.0,0
25-1053,lt_hs,0.0,partial:ONET_JobZone_mapping;E,5.0,0
25-1053,some_college,0.08,partial:ONET_JobZone_mapping;E,5.0,0
25-1054,ba_plus,0.9,partial:ONET_JobZone_mapping;E,5.0,0
25-1054,hs,0.02,partial:ONET_JobZone_mapping;E,5.0,0
25-1054,lt_hs,0.0,partial:ONET_JobZone_mapping;E,5.0,0
25-1054,some_college,0.08,partial:ONET_JobZone_mapping;E,5.0,0
25-1061,ba_plus,0.9,partial:ONET_JobZone_mapping;E,5.0,0
25-1061,hs,0.02,partial:ONET_JobZone_mapping;E,5.0,0
25-1061,lt_hs,0.0,partial:ONET_JobZone_mapping;E,5.0,0
25-1061,some_college,0.08,partial:ONET_JobZone_mapping;E,5.0,0
25-1062,ba_plus,0.9,partial:ONET_JobZone_mapping;E,5.0,0
25-1062,hs,0.02,partial:ONET_JobZone_mapping;E,5.0,0
25-1062,lt_hs,0.0,partial:ONET_JobZone_mapping;E,5.0,0
25-1062,some_college,0.08,partial:ONET_JobZone_mapping;E,5.0,0
25-1063,ba_plus,0.9,partial:ONET_JobZone_mapping;E,5.0,0
25-1063,hs,0.02,partial:ONET_JobZone_mapping;E,5.0,0
25-1063,lt_hs,0.0,partial:ONET_JobZone_mapping;E,5.0,0
25-1063,some_college,0.08,partial:ONET_JobZone_mapping;E,5.0,0
25-1064,ba_plus,0.9,partial:ONET_JobZone_mapping;E,5.0,0
25-1064,hs,0.02,partial:ONET_JobZone_mapping;E,5.0,0
25-1064,lt_hs,0.0,partial:ONET_JobZone_mapping;E,5.0,0
25-1064,some_college,0.08,partial:ONET_JobZone_mapping;E,5.0,0
25-1065,ba_plus,0.9,partial:ONET_JobZone_mapping;E,5.0,0
25-1065,hs,0.02,partial:ONET_JobZone_mapping;E,5.0,0
25-1065,lt_hs,0.0,partial:ONET_JobZone_mapping;E,5.0,0
25-1065,some_college,0.08,partial:ONET_JobZone_mapping;E,5.0,0
25-1066,ba_plus,0.9,partial:ONET_JobZone_mapping;E,5.0,0
25-1066,hs,0.02,partial:ONET_JobZone_mapping;E,5.0,0
25-1066,lt_hs,0.0,partial:ONET_JobZone_mapping;E,5.0,0
25-1066,some_college,0.08,partial:ONET_JobZone_mapping;E,5.0,0
25-1067,ba_plus,0.9,partial:ONET_JobZone_mapping;E,5.0,0
25-1067,hs,0.02,partial:ONET_JobZone_mapping;E,5.0,0
25-1067,lt_hs,0.0,partial:ONET_JobZone_mapping;E,5.0,0
25-1067,some_college,0.08,partial:ONET_JobZone_mapping;E,5.0,0
25-1069,ba_plus,0.6469312409288824,partial:ONET_JobZone_mapping;E,4.107910014513788,1
25-1069,hs,0.11690652213352684,partial:ONET_JobZone_mapping;E,4.107910014513788,1
25-1069,lt_hs,0.010423212989840348,partial:ONET_JobZone_mapping;E,4.107910014513788,1
25-1069,some_college,0.22573902394775036,partial:ONET_JobZone_mapping;E,4.107910014513788,1
25-1071,ba_plus,0.9,partial:ONET_JobZone_mapping;E,5.0,0
25-1071,hs,0.02,partial:ONET_JobZone_mapping;E,5.0,0
25-1071,lt_hs,0.0,partial:ONET_JobZone_mapping;E,5.0,0
25-1071,some_college,0.08,partial:ONET_JobZone_mapping;E,5.0,0
25-1072,ba_plus,0.9,partial:ONET_JobZone_mapping;E,5.0,0
25-1072,hs,0.02,partial:ONET_JobZone_mapping;E,5.0,0
25-1072,lt_hs,0.0,partial:ONET_JobZone_mapping;E,5.0,0
25-1072,some_college,0.08,partial:ONET_JobZone_mapping;E,5.0,0
25-1081,ba_plus,0.9,partial:ONET_JobZone_mapping;E,5.0,0
25-1081,hs,0.02,partial:ONET_JobZone_mapping;E,5.0,0
25-1081,lt_hs,0.0,partial:ONET_JobZone_mapping;E,5.0,0
25-1081,some_college,0.08,partial:ONET_JobZone_mapping;E,5.0,0
25-1082,ba_plus,0.9,partial:ONET_JobZone_mapping;E,5.0,0
25-1082,hs,0.02,partial:ONET_JobZone_mapping;E,5.0,0
25-1082,lt_hs,0.0,partial:ONET_JobZone_mapping;E,5.0,0
25-1082,some_college,0.08,partial:ONET_JobZone_mapping;E,5.0,0
25-1111,ba_plus,0.9,partial:ONET_JobZone_mapping;E,5.0,0
25-1111,hs,0.02,partial:ONET_JobZone_mapping;E,5.0,0
25-1111,lt_hs,0.0,partial:ONET_JobZone_mapping;E,5.0,0
25-1111,some_college,0.08,partial:ONET_JobZone_mapping;E,5.0,0
25-1112,ba_plus,0.9,partial:ONET_JobZone_mapping;E,5.0,0
25-1112,hs,0.02,partial:ONET_JobZone_mapping;E,5.0,0
25-1112,lt_hs,0.0,partial:ONET_JobZone_mapping;E,5.0,0
25-1112,some_college,0.08,partial:ONET_JobZone_mapping;E,5.0,0
25-1113,ba_plus,0.9,partial:ONET_JobZone_mapping;E,5.0,0
25-1113,hs,0.02,partial:ONET_JobZone_mapping;E,5.0,0
25-1113,lt_hs,0.0,partial:ONET_JobZone_mapping;E,5.0,0
25-1113,some_college,0.08,partial:ONET_JobZone_mapping;E,5.0,0
25-1121,ba_plus,0.9,partial:ONET_JobZone_mapping;E,5.0,0
25-1121,hs,0.02,partial:ONET_JobZone_mapping;E,5.0,0
25-1121,lt_hs,0.0,partial:ONET_JobZone_mapping;E,5.0,0
25-1121,some_college,0.08,partial:ONET_JobZone_mapping;E,5.0,0
25-1122,ba_plus,0.9,partial:ONET_JobZone_mapping;E,5.0,0
25-1122,hs,0.02,partial:ONET_JobZone_mapping;E,5.0,0
25-1122,lt_hs,0.0,partial:ONET_JobZone_mapping;E,5.0,0
25-1122,some_college,0.08,partial:ONET_JobZone_mapping;E,5.0,0
25-1123,ba_plus,0.9,partial:ONET_JobZone_mapping;E,5.0,0
25-1123,hs,0.02,partial:ONET_JobZone_mapping;E,5.0,0
25-1123,lt_hs,0.0,partial:ONET_JobZone_mapping;E,5.0,0
25-1123,some_college,0.08,partial:ONET_JobZone_mapping;E,5.0,0
25-1124,ba_plus,0.9,partial:ONET_JobZone_mapping;E,5.0,0
25-1124,hs,0.02,partial:ONET_JobZone_mapping;E,5.0,0
25-1124,lt_hs,0.0,partial:ONET_JobZone_mapping;E,5.0,0
25-1124,some_college,0.08,partial:ONET_JobZone_mapping;E,5.0,0
25-1125,ba_plus,0.9,partial:ONET_JobZone_mapping;E,5.0,0
25-1125,hs,0.02,partial:ONET_JobZone_mapping;E,5.0,0
25-1125,lt_hs,0.0,partial:ONET_JobZone_mapping;E,5.0,0
25-1125,some_college,0.08,partial:ONET_JobZone_mapping;E,5.0,0
25-1126,ba_plus,0.9,partial:ONET_JobZone_mapping;E,5.0,0
25-1126,hs,0.02,partial:ONET_JobZone_mapping;E,5.0,0
25-1126,lt_hs,0.0,partial:ONET_JobZone_mapping;E,5.0,0
25-1126,some_college,0.08,partial:ONET_JobZone_mapping;E,5.0,0
25-1192,ba_plus,0.9,partial:ONET_JobZone_mapping;E,5.0,0
25-1192,hs,0.02,partial:ONET_JobZone_mapping;E,5.0,0
25-1192,lt_hs,0.0,partial:ONET_JobZone_mapping;E,5.0,0
25-1192,some_college,0.08,partial:ONET_JobZone_mapping;E,5.0,0
25-1193,ba_plus,0.9,partial:ONET_JobZone_mapping;E,5.0,0
25-1193,hs,0.02,partial:ONET_JobZone_mapping;E,5.0,0
25-1193,lt_hs,0.0,partial:ONET_JobZone_mapping;E,5.0,0
25-1193,some_college,0.08,partial:ONET_JobZone_mapping;E,5.0,0
25-1194,ba_plus,0.2,partial:ONET_JobZone_mapping;E,3.0,0
25-1194,hs,0.35,partial:ONET_JobZone_mapping;E,3.0,0
25-1194,lt_hs,0.03,partial:ONET_JobZone_mapping;E,3.0,0
25-1194,some_college,0.42,partial:ONET_JobZone_mapping;E,3.0,0
25-1199,ba_plus,0.6469312409288824,partial:ONET_JobZone_mapping;E,4.107910014513788,1
25-1199,hs,0.11690652213352684,partial:ONET_JobZone_mapping;E,4.107910014513788,1
25-1199,lt_hs,0.010423212989840348,partial:ONET_JobZone_mapping;E,4.107910014513788,1
25-1199,some_college,0.22573902394775036,partial:ONET_JobZone_mapping;E,4.107910014513788,1
25-2011,ba_plus,0.2,partial:ONET_JobZone_mapping;E,3.0,0
25-2011,hs,0.35,partial:ONET_JobZone_mapping;E,3.0,0
25-2011,lt_hs,0.03,partial:ONET_JobZone_mapping;E,3.0,0
25-2011,some_college,0.42,partial:ONET_JobZone_mapping;E,3.0,0
25-2012,ba_plus,0.65,partial:ONET_JobZone_mapping;E,4.0,0
25-2012,hs,0.1,partial:ONET_JobZone_mapping;E,4.0,0
25-2012,lt_hs,0.01,partial:ONET_JobZone_mapping;E,4.0,0
25-2012,some_college,0.24,partial:ONET_JobZone_mapping;E,4.0,0
25-2021,ba_plus,0.65,partial:ONET_JobZone_mapping;E,4.0,0
25-2021,hs,0.1,partial:ONET_JobZone_mapping;E,4.0,0
25-2021,lt_hs,0.01,partial:ONET_JobZone_mapping;E,4.0,0
25-2021,some_college,0.24,partial:ONET_JobZone_mapping;E,4.0,0
25-2022,ba_plus,0.65,partial:ONET_JobZone_mapping;E,4.0,0
25-2022,hs,0.1,partial:ONET_JobZone_mapping;E,4.0,0
25-2022,lt_hs,0.01,partial:ONET_JobZone_mapping;E,4.0,0
25-2022,some_college,0.24,partial:ONET_JobZone_mapping;E,4.0,0
25-2023,ba_plus,0.65,partial:ONET_JobZone_mapping;E,4.0,0
25-2023,hs,0.1,partial:ONET_JobZone_mapping;E,4.0,0
25-2023,lt_hs,0.01,partial:ONET_JobZone_mapping;E,4.0,0
25-2023,some_college,0.24,partial:ONET_JobZone_mapping;E,4.0,0
25-2031,ba_plus,0.65,partial:ONET_JobZone_mapping;E,4.0,0
25-2031,hs,0.1,partial:ONET_JobZone_mapping;E,4.0,0
25-2031,lt_hs,0.01,partial:ONET_JobZone_mapping;E,4.0,0
25-2031,some_college,0.24,partial:ONET_JobZone_mapping;E,4.0,0
25-2032,ba_plus,0.65,partial:ONET_JobZone_mapping;E,4.0,0
25-2032,hs,0.1,partial:ONET_JobZone_mapping;E,4.0,0
25-2032,lt_hs,0.01,partial:ONET_JobZone_mapping;E,4.0,0
25-2032,some_college,0.24,partial:ONET_JobZone_mapping;E,4.0,0
25-2051,ba_plus,0.9,partial:ONET_JobZone_mapping;E,5.0,0
25-2051,hs,0.02,partial:ONET_JobZone_mapping;E,5.0,0
25-2051,lt_hs,0.0,partial:ONET_JobZone_mapping;E,5.0,0
25-2051,some_college,0.08,partial:ONET_JobZone_mapping;E,5.0,0
25-2052,ba_plus,0.6469312409288824,partial:ONET_JobZone_mapping;E,4.107910014513788,1
25-2052,hs,0.11690652213352684,partial:ONET_JobZone_mapping;E,4.107910014513788,1
25-2052,lt_hs,0.010423212989840348,partial:ONET_JobZone_mapping;E,4.107910014513788,1
25-2052,some_college,0.22573902394775036,partial:ONET_JobZone_mapping;E,4.107910014513788,1
25-2057,ba_plus,0.65,partial:ONET_JobZone_mapping;E,4.0,0
25-2057,hs,0.1,partial:ONET_JobZone_mapping;E,4.0,0
25-2057,lt_hs,0.01,partial:ONET_JobZone_mapping;E,4.0,0
25-2057,some_college,0.24,partial:ONET_JobZone_mapping;E,4.0,0
25-2058,ba_plus,0.65,partial:ONET_JobZone_mapping;E,4.0,0
25-2058,hs,0.1,partial:ONET_JobZone_mapping;E,4.0,0
25-2058,lt_hs,0.01,partial:ONET_JobZone_mapping;E,4.0,0
25-2058,some_college,0.24,partial:ONET_JobZone_mapping;E,4.0,0
25-2059,ba_plus,0.9,partial:ONET_JobZone_mapping;E,5.0,0
25-2059,hs,0.02,partial:ONET_JobZone_mapping;E,5.0,0
25-2059,lt_hs,0.0,partial:ONET_JobZone_mapping;E,5.0,0
25-2059,some_college,0.08,partial:ONET_JobZone_mapping;E,5.0,0
25-3011,ba_plus,0.65,partial:ONET_JobZone_mapping;E,4.0,0
25-3011,hs,0.1,partial:ONET_JobZone_mapping;E,4.0,0
25-3011,lt_hs,0.01,partial:ONET_JobZone_mapping;E,4.0,0
25-3011,some_college,0.24,partial:ONET_JobZone_mapping;E,4.0,0
25-3021,ba_plus,0.2,partial:ONET_JobZone_mapping;E,3.0,0
25-3021,hs,0.35,partial:ONET_JobZone_mapping;E,3.0,0
25-3021,lt_hs,0.03,partial:ONET_JobZone_mapping;E,3.0,0
25-3021,some_college,0.42,partial:ONET_JobZone_mapping;E,3.0,0
25-3031,ba_plus,0.6469312409288824,partial:ONET_JobZone_mapping;E,4.107910014513788,1
25-3031,hs,0.11690652213352684,partial:ONET_JobZone_mapping;E,4.107910014513788,1
25-3031,lt_hs,0.010423212989840348,partial:ONET_JobZone_mapping;E,4.107910014513788,1
25-3031,some_college,0.22573902394775036,partial:ONET_JobZone_mapping;E,4.107910014513788,1
25-3041,ba_plus,0.65,partial:ONET_JobZone_mapping;E,4.0,0
25-3041,hs,0.1,partial:ONET_JobZone_mapping;E,4.0,0
25-3041,lt_hs,0.01,partial:ONET_JobZone_mapping;E,4.0,0
25-3041,some_college,0.24,partial:ONET_JobZone_mapping;E,4.0,0
25-3099,ba_plus,0.6469312409288824,partial:ONET_JobZone_mapping;E,4.107910014513788,1
25-3099,hs,0.11690652213352684,partial:ONET_JobZone_mapping;E,4.107910014513788,1
25-3099,lt_hs,0.010423212989840348,partial:ONET_JobZone_mapping;E,4.107910014513788,1
25-3099,some_college,0.22573902394775036,partial:ONET_JobZone_mapping;E,4.107910014513788,1
25-4011,ba_plus,0.9,partial:ONET_JobZone_mapping;E,5.0,0
25-4011,hs,0.02,partial:ONET_JobZone_mapping;E,5.0,0
25-4011,lt_hs,0.0,partial:ONET_JobZone_mapping;E,5.0,0
25-4011,some_college,0.08,partial:ONET_JobZone_mapping;E,5.0,0
25-4012,ba_plus,0.9,partial:ONET_JobZone_mapping;E,5.0,0
25-4012,hs,0.02,partial:ONET_JobZone_mapping;E,5.0,0
25-4012,lt_hs,0.0,partial:ONET_JobZone_mapping;E,5.0,0
25-4012,some_college,0.08,partial:ONET_JobZone_mapping;E,5.0,0
25-4013,ba_plus,0.65,partial:ONET_JobZone_mapping;E,4.0,0
25-4013,hs,0.1,partial:ONET_JobZone_mapping;E,4.0,0
25-4013,lt_hs,0.01,partial:ONET_JobZone_mapping;E,4.0,0
25-4013,some_college,0.24,partial:ONET_JobZone_mapping;E,4.0,0
25-4022,ba_plus,0.9,partial:ONET_JobZone_mapping;E,5.0,0
25-4022,hs,0.02,partial:ONET_JobZone_mapping;E,5.0,0
25-4022,lt_hs,0.0,partial:ONET_JobZone_mapping;E,5.0,0
25-4022,some_college,0.08,partial:ONET_JobZone_mapping;E,5.0,0
25-4031,ba_plus,0.2,partial:ONET_JobZone_mapping;E,3.0,0
25-4031,hs,0.35,partial:ONET_JobZone_mapping;E,3.0,0
25-4031,lt_hs,0.03,partial:ONET_JobZone_mapping;E,3.0,0
25-4031,some_college,0.42,partial:ONET_JobZone_mapping;E,3.0,0
25-9021,ba_plus,0.9,partial:ONET_JobZone_mapping;E,5.0,0
25-9021,hs,0.02,partial:ONET_JobZone_mapping;E,5.0,0
25-9021,lt_hs,0.0,partial:ONET_JobZone_mapping;E,5.0,0
25-9021,some_college,0.08,partial:ONET_JobZone_mapping;E,5.0,0
25-9031,ba_plus,0.9,partial:ONET_JobZone_mapping;E,5.0,0
25-9031,hs,0.02,partial:ONET_JobZone_mapping;E,5.0,0
25-9031,lt_hs,0.0,partial:ONET_JobZone_mapping;E,5.0,0
25-9031,some_college,0.08,partial:ONET_JobZone_mapping;E,5.0,0
25-9044,ba_plus,0.9,partial:ONET_JobZone_mapping;E,5.0,0
25-9044,hs,0.02,partial:ONET_JobZone_mapping;E,5.0,0
25-9044,lt_hs,0.0,partial:ONET_JobZone_mapping;E,5.0,0
25-9044,some_college,0.08,partial:ONET_JobZone_mapping;E,5.0,0
25-9045,ba_plus,0.6469312409288824,partial:ONET_JobZone_mapping;E,4.107910014513788,1
25-9045,hs,0.11690652213352684,partial:ONET_JobZone_mapping;E,4.107910014513788,1
25-9045,lt_hs,0.010423212989840348,partial:ONET_JobZone_mapping;E,4.107910014513788,1
25-9045,some_college,0.22573902394775036,partial:ONET_JobZone_mapping;E,4.107910014513788,1
25-9099,ba_plus,0.65,partial:ONET_JobZone_mapping;E,4.0,0
25-9099,hs,0.1,partial:ONET_JobZone_mapping;E,4.0,0
25-9099,lt_hs,0.01,partial:ONET_JobZone_mapping;E,4.0,0
25-9099,some_college,0.24,partial:ONET_JobZone_mapping;E,4.0,0
27-1011,ba_plus,0.65,partial:ONET_JobZone_mapping;E,4.0,0
27-1011,hs,0.1,partial:ONET_JobZone_mapping;E,4.0,0
27-1011,lt_hs,0.01,partial:ONET_JobZone_mapping;E,4.0,0
27-1011,some_college,0.24,partial:ONET_JobZone_mapping;E,4.0,0
27-1012,ba_plus,0.2,partial:ONET_JobZone_mapping;E,3.0,0
27-1012,hs,0.35,partial:ONET_JobZone_mapping;E,3.0,0
27-1012,lt_hs,0.03,partial:ONET_JobZone_mapping;E,3.0,0
27-1012,some_college,0.42,partial:ONET_JobZone_mapping;E,3.0,0
27-1013,ba_plus,0.2,partial:ONET_JobZone_mapping;E,3.0,0
27-1013,hs,0.35,partial:ONET_JobZone_mapping;E,3.0,0
27-1013,lt_hs,0.03,partial:ONET_JobZone_mapping;E,3.0,0
27-1013,some_college,0.42,partial:ONET_JobZone_mapping;E,3.0,0
27-1014,ba_plus,0.65,partial:ONET_JobZone_mapping;E,4.0,0
27-1014,hs,0.1,partial:ONET_JobZone_mapping;E,4.0,0
27-1014,lt_hs,0.01,partial:ONET_JobZone_mapping;E,4.0,0
27-1014,some_college,0.24,partial:ONET_JobZone_mapping;E,4.0,0
27-1019,ba_plus,0.5164058502581146,partial:ONET_JobZone_mapping;E,3.6556970105322883,1
27-1019,hs,0.18378848287426605,partial:ONET_JobZone_mapping;E,3.6556970105322883,1
27-1019,lt_hs,0.020142659567461866,partial:ONET_JobZone_mapping;E,3.6556970105322883,1
27-1019,some_college,0.2796630073001576,partial:ONET_JobZone_mapping;E,3.6556970105322883,1
27-1021,ba_plus,0.65,partial:ONET_JobZone_mapping;E,4.0,0
27-1021,hs,0.1,partial:ONET_JobZone_mapping;E,4.0,0
27-1021,lt_hs,0.01,partial:ONET_JobZone_mapping;E,4.0,0
27-1021,some_college,0.24,partial:ONET_JobZone_mapping;E,4.0,0
27-1022,ba_plus,0.2,partial:ONET_JobZone_mapping;E,3.0,0
27-1022,hs,0.35,partial:ONET_JobZone_mapping;E,3.0,0
27-1022,lt_hs,0.03,partial:ONET_JobZone_mapping;E,3.0,0
27-1022,some_college,0.42,partial:ONET_JobZone_mapping;E,3.0,0
27-1023,ba_plus,0.1,partial:ONET_JobZone_mapping;E,2.0,0
27-1023,hs,0.55,partial:ONET_JobZone_mapping;E,2.0,0
27-1023,lt_hs,0.1,partial:ONET_JobZone_mapping;E,2.0,0
27-1023,some_college,0.25,partial:ONET_JobZone_mapping;E,2.0,0
27-1024,ba_plus,0.65,partial:ONET_JobZone_mapping;E,4.0,0
27-1024,hs,0.1,partial:ONET_JobZone_mapping;E,4.0,0
27-1024,lt_hs,0.01,partial:ONET_JobZone_mapping;E,4.0,0
27-1024,some_college,0.24,partial:ONET_JobZone_mapping;E,4.0,0
27-1025,ba_plus,0.65,partial:ONET_JobZone_mapping;E,4.0,0
27-1025,hs,0.1,partial:ONET_JobZone_mapping;E,4.0,0
27-1025,lt_hs,0.01,partial:ONET_JobZone_mapping;E,4.0,0
27-1025,some_college,0.24,partial:ONET_JobZone_mapping;E,4.0,0
27-1026,ba_plus,0.2,partial:ONET_JobZone_mapping;E,3.0,0
27-1026,hs,0.35,partial:ONET_JobZone_mapping;E,3.0,0
27-1026,lt_hs,0.03,partial:ONET_JobZone_mapping;E,3.0,0
27-1026,some_college,0.42,partial:ONET_JobZone_mapping;E,3.0,0
27-1027,ba_plus,0.9,partial:ONET_JobZone_mapping;E,5.0,0
27-1027,hs,0.02,partial:ONET_JobZone_mapping;E,5.0,0
27-1027,lt_hs,0.0,partial:ONET_JobZone_mapping;E,5.0,0
27-1027,some_college,0.08,partial:ONET_JobZone_mapping;E,5.0,0
27-1029,ba_plus,0.65,partial:ONET_JobZone_mapping;E,4.0,0
27-1029,hs,0.1,partial:ONET_JobZone_mapping;E,4.0,0
27-1029,lt_hs,0.01,partial:ONET_JobZone_mapping;E,4.0,0
27-1029,some_college,0.24,partial:ONET_JobZone_mapping;E,4.0,0
27-2011,ba_plus,0.1,partial:ONET_JobZone_mapping;E,2.0,0
27-2011,hs,0.55,partial:ONET_JobZone_mapping;E,2.0,0
27-2011,lt_hs,0.1,partial:ONET_JobZone_mapping;E,2.0,0
27-2011,some_college,0.25,partial:ONET_JobZone_mapping;E,2.0,0
27-2012,ba_plus,0.65,partial:ONET_JobZone_mapping;E,4.0,0
27-2012,hs,0.1,partial:ONET_JobZone_mapping;E,4.0,0
27-2012,lt_hs,0.01,partial:ONET_JobZone_mapping;E,4.0,0
27-2012,some_college,0.24,partial:ONET_JobZone_mapping;E,4.0,0
27-2021,ba_plus,0.1,partial:ONET_JobZone_mapping;E,2.0,0
27-2021,hs,0.55,partial:ONET_JobZone_mapping;E,2.0,0
27-2021,lt_hs,0.1,partial:ONET_JobZone_mapping;E,2.0,0
27-2021,some_college,0.25,partial:ONET_JobZone_mapping;E,2.0,0
27-2022,ba_plus,0.65,partial:ONET_JobZone_mapping;E,4.0,0
27-2022,hs,0.1,partial:ONET_JobZone_mapping;E,4.0,0
27-2022,lt_hs,0.01,partial:ONET_JobZone_mapping;E,4.0,0
27-2022,some_college,0.24,partial:ONET_JobZone_mapping;E,4.0,0
27-2023,ba_plus,0.1,partial:ONET_JobZone_mapping;E,2.0,0
27-2023,hs,0.55,partial:ONET_JobZone_mapping;E,2.0,0
27-2023,lt_hs,0.1,partial:ONET_JobZone_mapping;E,2.0,0
27-2023,some_college,0.25,partial:ONET_JobZone_mapping;E,2.0,0
27-2031,ba_plus,0.2,partial:ONET_JobZone_mapping;E,3.0,0
27-2031,hs,0.35,partial:ONET_JobZone_mapping;E,3.0,0
27-2031,lt_hs,0.03,partial:ONET_JobZone_mapping;E,3.0,0
27-2031,some_college,0.42,partial:ONET_JobZone_mapping;E,3.0,0
27-2032,ba_plus,0.65,partial:ONET_JobZone_mapping;E,4.0,0
27-2032,hs,0.1,partial:ONET_JobZone_mapping;E,4.0,0
27-2032,lt_hs,0.01,partial:ONET_JobZone_mapping;E,4.0,0
27-2032,some_college,0.24,partial:ONET_JobZone_mapping;E,4.0,0
27-2041,ba_plus,0.65,partial:ONET_JobZone_mapping;E,4.0,0
27-2041,hs,0.1,partial:ONET_JobZone_mapping;E,4.0,0
27-2041,lt_hs,0.01,partial:ONET_JobZone_mapping;E,4.0,0
27-2041,some_college,0.24,partial:ONET_JobZone_mapping;E,4.0,0
27-2042,ba_plus,0.2,partial:ONET_JobZone_mapping;E,3.0,0
27-2042,hs,0.35,partial:ONET_JobZone_mapping;E,3.0,0
27-2042,lt_hs,0.03,partial:ONET_JobZone_mapping;E,3.0,0
27-2042,some_college,0.42,partial:ONET_JobZone_mapping;E,3.0,0
27-2091,ba_plus,0.5164058502581146,partial:ONET_JobZone_mapping;E,3.6556970105322883,1
27-2091,hs,0.18378848287426605,partial:ONET_JobZone_mapping;E,3.6556970105322883,1
27-2091,lt_hs,0.020142659567461866,partial:ONET_JobZone_mapping;E,3.6556970105322883,1
27-2091,some_college,0.2796630073001576,partial:ONET_JobZone_mapping;E,3.6556970105322883,1
27-2099,ba_plus,0.5164058502581146,partial:ONET_JobZone_mapping;E,3.6556970105322883,1
27-2099,hs,0.18378848287426605,partial:ONET_JobZone_mapping;E,3.6556970105322883,1
27-2099,lt_hs,0.020142659567461866,partial:ONET_JobZone_mapping;E,3.6556970105322883,1
27-2099,some_college,0.2796630073001576,partial:ONET_JobZone_mapping;E,3.6556970105322883,1
27-3011,ba_plus,0.65,partial:ONET_JobZone_mapping;E,4.0,0
27-3011,hs,0.1,partial:ONET_JobZone_mapping;E,4.0,0
27-3011,lt_hs,0.01,partial:ONET_JobZone_mapping;E,4.0,0
27-3011,some_college,0.24,partial:ONET_JobZone_mapping;E,4.0,0
27-3023,ba_plus,0.65,partial:ONET_JobZone_mapping;E,4.0,0
27-3023,hs,0.1,partial:ONET_JobZone_mapping;E,4.0,0
27-3023,lt_hs,0.01,partial:ONET_JobZone_mapping;E,4.0,0
27-3023,some_college,0.24,partial:ONET_JobZone_mapping;E,4.0,0
27-3031,ba_plus,0.65,partial:ONET_JobZone_mapping;E,4.0,0
27-3031,hs,0.1,partial:ONET_JobZone_mapping;E,4.0,0
27-3031,lt_hs,0.01,partial:ONET_JobZone_mapping;E,4.0,0
27-3031,some_college,0.24,partial:ONET_JobZone_mapping;E,4.0,0
27-3041,ba_plus,0.65,partial:ONET_JobZone_mapping;E,4.0,0
27-3041,hs,0.1,partial:ONET_JobZone_mapping;E,4.0,0
27-3041,lt_hs,0.01,partial:ONET_JobZone_mapping;E,4.0,0
27-3041,some_college,0.24,partial:ONET_JobZone_mapping;E,4.0,0
27-3042,ba_plus,0.65,partial:ONET_JobZone_mapping;E,4.0,0
27-3042,hs,0.1,partial:ONET_JobZone_mapping;E,4.0,0
27-3042,lt_hs,0.01,partial:ONET_JobZone_mapping;E,4.0,0
27-3042,some_college,0.24,partial:ONET_JobZone_mapping;E,4.0,0
27-3043,ba_plus,0.65,partial:ONET_JobZone_mapping;E,4.0,0
27-3043,hs,0.1,partial:ONET_JobZone_mapping;E,4.0,0
27-3043,lt_hs,0.01,partial:ONET_JobZone_mapping;E,4.0,0
27-3043,some_college,0.24,partial:ONET_JobZone_mapping;E,4.0,0
27-3091,ba_plus,0.65,partial:ONET_JobZone_mapping;E,4.0,0
27-3091,hs,0.1,partial:ONET_JobZone_mapping;E,4.0,0
27-3091,lt_hs,0.01,partial:ONET_JobZone_mapping;E,4.0,0
27-3091,some_college,0.24,partial:ONET_JobZone_mapping;E,4.0,0
27-3092,ba_plus,0.2,partial:ONET_JobZone_mapping;E,3.0,0
27-3092,hs,0.35,partial:ONET_JobZone_mapping;E,3.0,0
27-3092,lt_hs,0.03,partial:ONET_JobZone_mapping;E,3.0,0
27-3092,some_college,0.42,partial:ONET_JobZone_mapping;E,3.0,0
27-3099,ba_plus,0.5164058502581146,partial:ONET_JobZone_mapping;E,3.6556970105322883,1
27-3099,hs,0.18378848287426605,partial:ONET_JobZone_mapping;E,3.6556970105322883,1
27-3099,lt_hs,0.020142659567461866,partial:ONET_JobZone_mapping;E,3.6556970105322883,1
27-3099,some_college,0.2796630073001576,partial:ONET_JobZone_mapping;E,3.6556970105322883,1
27-4011,ba_plus,0.2,partial:ONET_JobZone_mapping;E,3.0,0
27-4011,hs,0.35,partial:ONET_JobZone_mapping;E,3.0,0
27-4011,lt_hs,0.03,partial:ONET_JobZone_mapping;E,3.0,0
27-4011,some_college,0.42,partial:ONET_JobZone_mapping;E,3.0,0
27-4012,ba_plus,0.2,partial:ONET_JobZone_mapping;E,3.0,0
27-4012,hs,0.35,partial:ONET_JobZone_mapping;E,3.0,0
27-4012,lt_hs,0.03,partial:ONET_JobZone_mapping;E,3.0,0
27-4012,some_college,0.42,partial:ONET_JobZone_mapping;E,3.0,0
27-4014,ba_plus,0.2,partial:ONET_JobZone_mapping;E,3.0,0
27-4014,hs,0.35,partial:ONET_JobZone_mapping;E,3.0,0
27-4014,lt_hs,0.03,partial:ONET_JobZone_mapping;E,3.0,0
27-4014,some_college,0.42,partial:ONET_JobZone_mapping;E,3.0,0
27-4015,ba_plus,0.5164058502581146,partial:ONET_JobZone_mapping;E,3.6556970105322883,1
27-4015,hs,0.18378848287426605,partial:ONET_JobZone_mapping;E,3.6556970105322883,1
27-4015,lt_hs,0.020142659567461866,partial:ONET_JobZone_mapping;E,3.6556970105322883,1
27-4015,some_college,0.2796630073001576,partial:ONET_JobZone_mapping;E,3.6556970105322883,1
27-4021,ba_plus,0.2,partial:ONET_JobZone_mapping;E,3.0,0
27-4021,hs,0.35,partial:ONET_JobZone_mapping;E,3.0,0
27-4021,lt_hs,0.03,partial:ONET_JobZone_mapping;E,3.0,0
27-4021,some_college,0.42,partial:ONET_JobZone_mapping;E,3.0,0
27-4031,ba_plus,0.2,partial:ONET_JobZone_mapping;E,3.0,0
27-4031,hs,0.35,partial:ONET_JobZone_mapping;E,3.0,0
27-4031,lt_hs,0.03,partial:ONET_JobZone_mapping;E,3.0,0
27-4031,some_college,0.42,partial:ONET_JobZone_mapping;E,3.0,0
27-4032,ba_plus,0.65,partial:ONET_JobZone_mapping;E,4.0,0
27-4032,hs,0.1,partial:ONET_JobZone_mapping;E,4.0,0
27-4032,lt_hs,0.01,partial:ONET_JobZone_mapping;E,4.0,0
27-4032,some_college,0.24,partial:ONET_JobZone_mapping;E,4.0,0
27-4099,ba_plus,0.5164058502581146,partial:ONET_JobZone_mapping;E,3.6556970105322883,1
27-4099,hs,0.18378848287426605,partial:ONET_JobZone_mapping;E,3.6556970105322883,1
27-4099,lt_hs,0.020142659567461866,partial:ONET_JobZone_mapping;E,3.6556970105322883,1
27-4099,some_college,0.2796630073001576,partial:ONET_JobZone_mapping;E,3.6556970105322883,1
29-1011,ba_plus,0.9,partial:ONET_JobZone_mapping;E,5.0,0
29-1011,hs,0.02,partial:ONET_JobZone_mapping;E,5.0,0
29-1011,lt_hs,0.0,partial:ONET_JobZone_mapping;E,5.0,0
29-1011,some_college,0.08,partial:ONET_JobZone_mapping;E,5.0,0
29-1021,ba_plus,0.9,partial:ONET_JobZone_mapping;E,5.0,0
29-1021,hs,0.02,partial:ONET_JobZone_mapping;E,5.0,0
29-1021,lt_hs,0.0,partial:ONET_JobZone_mapping;E,5.0,0
29-1021,some_college,0.08,partial:ONET_JobZone_mapping;E,5.0,0
29-1022,ba_plus,0.9,partial:ONET_JobZone_mapping;E,5.0,0
29-1022,hs,0.02,partial:ONET_JobZone_mapping;E,5.0,0
29-1022,lt_hs,0.0,partial:ONET_JobZone_mapping;E,5.0,0
29-1022,some_college,0.08,partial:ONET_JobZone_mapping;E,5.0,0
29-1023,ba_plus,0.9,partial:ONET_JobZone_mapping;E,5.0,0
29-1023,hs,0.02,partial:ONET_JobZone_mapping;E,5.0,0
29-1023,lt_hs,0.0,partial:ONET_JobZone_mapping;E,5.0,0
29-1023,some_college,0.08,partial:ONET_JobZone_mapping;E,5.0,0
29-1024,ba_plus,0.9,partial:ONET_JobZone_mapping;E,5.0,0
29-1024,hs,0.02,partial:ONET_JobZone_mapping;E,5.0,0
29-1024,lt_hs,0.0,partial:ONET_JobZone_mapping;E,5.0,0
29-1024,some_college,0.08,partial:ONET_JobZone_mapping;E,5.0,0
29-1029,ba_plus,0.597654201104536,partial:ONET_JobZone_mapping;E,4.086044078987907,1
29-1029,hs,0.15589476952704212,partial:ONET_JobZone_mapping;E,4.086044078987907,1
29-1029,lt_hs,0.012832400142242968,partial:ONET_JobZone_mapping;E,4.086044078987907,1
29-1029,some_college,0.2336186292261789,partial:ONET_JobZone_mapping;E,4.086044078987907,1
29-1031,ba_plus,0.9,partial:ONET_JobZone_mapping;E,5.0,0
29-1031,hs,0.02,partial:ONET_JobZone_mapping;E,5.0,0
29-1031,lt_hs,0.0,partial:ONET_JobZone_mapping;E,5.0,0
29-1031,some_college,0.08,partial:ONET_JobZone_mapping;E,5.0,0
29-1041,ba_plus,0.9,partial:ONET_JobZone_mapping;E,5.0,0
29-1041,hs,0.02,partial:ONET_JobZone_mapping;E,5.0,0
29-1041,lt_hs,0.0,partial:ONET_JobZone_mapping;E,5.0,0
29-1041,some_college,0.08,partial:ONET_JobZone_mapping;E,5.0,0
29-1051,ba_plus,0.9,partial:ONET_JobZone_mapping;E,5.0,0
29-1051,hs,0.02,partial:ONET_JobZone_mapping;E,5.0,0
29-1051,lt_hs,0.0,partial:ONET_JobZone_mapping;E,5.0,0
29-1051,some_college,0.08,partial:ONET_JobZone_mapping;E,5.0,0
29-1071,ba_plus,0.9,partial:ONET_JobZone_mapping;E,5.0,0
29-1071,hs,0.02,partial:ONET_JobZone_mapping;E,5.0,0
29-1071,lt_hs,0.0,partial:ONET_JobZone_mapping;E,5.0,0
29-1071,some_college,0.08,partial:ONET_JobZone_mapping;E,5.0,0
29-1081,ba_plus,0.9,partial:ONET_JobZone_mapping;E,5.0,0
29-1081,hs,0.02,partial:ONET_JobZone_mapping;E,5.0,0
29-1081,lt_hs,0.0,partial:ONET_JobZone_mapping;E,5.0,0
29-1081,some_college,0.08,partial:ONET_JobZone_mapping;E,5.0,0
29-1122,ba_plus,0.9,partial:ONET_JobZone_mapping;E,5.0,0
29-1122,hs,0.02,partial:ONET_JobZone_mapping;E,5.0,0
29-1122,lt_hs,0.0,partial:ONET_JobZone_mapping;E,5.0,0
29-1122,some_college,0.08,partial:ONET_JobZone_mapping;E,5.0,0
29-1123,ba_plus,0.9,partial:ONET_JobZone_mapping;E,5.0,0
29-1123,hs,0.02,partial:ONET_JobZone_mapping;E,5.0,0
29-1123,lt_hs,0.0,partial:ONET_JobZone_mapping;E,5.0,0
29-1123,some_college,0.08,partial:ONET_JobZone_mapping;E,5.0,0
29-1124,ba_plus,0.2,partial:ONET_JobZone_mapping;E,3.0,0
29-1124,hs,0.35,partial:ONET_JobZone_mapping;E,3.0,0
29-1124,lt_hs,0.03,partial:ONET_JobZone_mapping;E,3.0,0
29-1124,some_college,0.42,partial:ONET_JobZone_mapping;E,3.0,0
29-1125,ba_plus,0.7333333333333334,partial:ONET_JobZone_mapping;E,4.333333333333333,0
29-1125,hs,0.07333333333333333,partial:ONET_JobZone_mapping;E,4.333333333333333,0
29-1125,lt_hs,0.006666666666666666,partial:ONET_JobZone_mapping;E,4.333333333333333,0
29-1125,some_college,0.18666666666666665,partial:ONET_JobZone_mapping;E,4.333333333333333,0
29-1126,ba_plus,0.2,partial:ONET_JobZone_mapping;E,3.0,0
29-1126,hs,0.35,partial:ONET_JobZone_mapping;E,3.0,0
29-1126,lt_hs,0.03,partial:ONET_JobZone_mapping;E,3.0,0
29-1126,some_college,0.42,partial:ONET_JobZone_mapping;E,3.0,0
29-1127,ba_plus,0.9,partial:ONET_JobZone_mapping;E,5.0,0
29-1127,hs,0.02,partial:ONET_JobZone_mapping;E,5.0,0
29-1127,lt_hs,0.0,partial:ONET_JobZone_mapping;E,5.0,0
29-1127,some_college,0.08,partial:ONET_JobZone_mapping;E,5.0,0
29-1128,ba_plus,0.65,partial:ONET_JobZone_mapping;E,4.0,0
29-1128,hs,0.1,partial:ONET_JobZone_mapping;E,4.0,0
29-1128,lt_hs,0.01,partial:ONET_JobZone_mapping;E,4.0,0
29-1128,some_college,0.24,partial:ONET_JobZone_mapping;E,4.0,0
29-1129,ba_plus,0.597654201104536,partial:ONET_JobZone_mapping;E,4.086044078987907,1
29-1129,hs,0.15589476952704212,partial:ONET_JobZone_mapping;E,4.086044078987907,1
29-1129,lt_hs,0.012832400142242968,partial:ONET_JobZone_mapping;E,4.086044078987907,1
29-1129,some_college,0.2336186292261789,partial:ONET_JobZone_mapping;E,4.086044078987907,1
29-1131,ba_plus,0.9,partial:ONET_JobZone_mapping;E,5.0,0
29-1131,hs,0.02,partial:ONET_JobZone_mapping;E,5.0,0
29-1131,lt_hs,0.0,partial:ONET_JobZone_mapping;E,5.0,0
29-1131,some_college,0.08,partial:ONET_JobZone_mapping;E,5.0,0
29-1141,ba_plus,0.66,partial:ONET_JobZone_mapping;E,4.2,0
29-1141,hs,0.11800000000000001,partial:ONET_JobZone_mapping;E,4.2,0
29-1141,lt_hs,0.01,partial:ONET_JobZone_mapping;E,4.2,0
29-1141,some_college,0.212,partial:ONET_JobZone_mapping;E,4.2,0
29-1151,ba_plus,0.9,partial:ONET_JobZone_mapping;E,5.0,0
29-1151,hs,0.02,partial:ONET_JobZone_mapping;E,5.0,0
29-1151,lt_hs,0.0,partial:ONET_JobZone_mapping;E,5.0,0
29-1151,some_college,0.08,partial:ONET_JobZone_mapping;E,5.0,0
29-1161,ba_plus,0.9,partial:ONET_JobZone_mapping;E,5.0,0
29-1161,hs,0.02,partial:ONET_JobZone_mapping;E,5.0,0
29-1161,lt_hs,0.0,partial:ONET_JobZone_mapping;E,5.0,0
29-1161,some_college,0.08,partial:ONET_JobZone_mapping;E,5.0,0
29-1171,ba_plus,0.9,partial:ONET_JobZone_mapping;E,5.0,0
29-1171,hs,0.02,partial:ONET_JobZone_mapping;E,5.0,0
29-1171,lt_hs,0.0,partial:ONET_JobZone_mapping;E,5.0,0
29-1171,some_college,0.08,partial:ONET_JobZone_mapping;E,5.0,0
29-1181,ba_plus,0.9,partial:ONET_JobZone_mapping;E,5.0,0
29-1181,hs,0.02,partial:ONET_JobZone_mapping;E,5.0,0
29-1181,lt_hs,0.0,partial:ONET_JobZone_mapping;E,5.0,0
29-1181,some_college,0.08,partial:ONET_JobZone_mapping;E,5.0,0
29-1211,ba_plus,0.9,partial:ONET_JobZone_mapping;E,5.0,0
29-1211,hs,0.02,partial:ONET_JobZone_mapping;E,5.0,0
29-1211,lt_hs,0.0,partial:ONET_JobZone_mapping;E,5.0,0
29-1211,some_college,0.08,partial:ONET_JobZone_mapping;E,5.0,0
29-1212,ba_plus,0.597654201104536,partial:ONET_JobZone_mapping;E,4.086044078987907,1
29-1212,hs,0.15589476952704212,partial:ONET_JobZone_mapping;E,4.086044078987907,1
29-1212,lt_hs,0.012832400142242968,partial:ONET_JobZone_mapping;E,4.086044078987907,1
29-1212,some_college,0.2336186292261789,partial:ONET_JobZone_mapping;E,4.086044078987907,1
29-1213,ba_plus,0.9,partial:ONET_JobZone_mapping;E,5.0,0
29-1213,hs,0.02,partial:ONET_JobZone_mapping;E,5.0,0
29-1213,lt_hs,0.0,partial:ONET_JobZone_mapping;E,5.0,0
29-1213,some_college,0.08,partial:ONET_JobZone_mapping;E,5.0,0
29-1214,ba_plus,0.597654201104536,partial:ONET_JobZone_mapping;E,4.086044078987907,1
29-1214,hs,0.15589476952704212,partial:ONET_JobZone_mapping;E,4.086044078987907,1
29-1214,lt_hs,0.012832400142242968,partial:ONET_JobZone_mapping;E,4.086044078987907,1
29-1214,some_college,0.2336186292261789,partial:ONET_JobZone_mapping;E,4.086044078987907,1
29-1215,ba_plus,0.9,partial:ONET_JobZone_mapping;E,5.0,0
29-1215,hs,0.02,partial:ONET_JobZone_mapping;E,5.0,0
29-1215,lt_hs,0.0,partial:ONET_JobZone_mapping;E,5.0,0
29-1215,some_college,0.08,partial:ONET_JobZone_mapping;E,5.0,0
29-1216,ba_plus,0.9,partial:ONET_JobZone_mapping;E,5.0,0
29-1216,hs,0.02,partial:ONET_JobZone_mapping;E,5.0,0
29-1216,lt_hs,0.0,partial:ONET_JobZone_mapping;E,5.0,0
29-1216,some_college,0.08,partial:ONET_JobZone_mapping;E,5.0,0
29-1217,ba_plus,0.9,partial:ONET_JobZone_mapping;E,5.0,0
29-1217,hs,0.02,partial:ONET_JobZone_mapping;E,5.0,0
29-1217,lt_hs,0.0,partial:ONET_JobZone_mapping;E,5.0,0
29-1217,some_college,0.08,partial:ONET_JobZone_mapping;E,5.0,0
29-1218,ba_plus,0.9,partial:ONET_JobZone_mapping;E,5.0,0
29-1218,hs,0.02,partial:ONET_JobZone_mapping;E,5.0,0
29-1218,lt_hs,0.0,partial:ONET_JobZone_mapping;E,5.0,0
29-1218,some_college,0.08,partial:ONET_JobZone_mapping;E,5.0,0
29-1221,ba_plus,0.9,partial:ONET_JobZone_mapping;E,5.0,0
29-1221,hs,0.02,partial:ONET_JobZone_mapping;E,5.0,0
29-1221,lt_hs,0.0,partial:ONET_JobZone_mapping;E,5.0,0
29-1221,some_college,0.08,partial:ONET_JobZone_mapping;E,5.0,0
29-1222,ba_plus,0.9,partial:ONET_JobZone_mapping;E,5.0,0
29-1222,hs,0.02,partial:ONET_JobZone_mapping;E,5.0,0
29-1222,lt_hs,0.0,partial:ONET_JobZone_mapping;E,5.0,0
29-1222,some_college,0.08,partial:ONET_JobZone_mapping;E,5.0,0
29-1223,ba_plus,0.9,partial:ONET_JobZone_mapping;E,5.0,0
29-1223,hs,0.02,partial:ONET_JobZone_mapping;E,5.0,0
29-1223,lt_hs,0.0,partial:ONET_JobZone_mapping;E,5.0,0
29-1223,some_college,0.08,partial:ONET_JobZone_mapping;E,5.0,0
29-1224,ba_plus,0.9,partial:ONET_JobZone_mapping;E,5.0,0
29-1224,hs,0.02,partial:ONET_JobZone_mapping;E,5.0,0
29-1224,lt_hs,0.0,partial:ONET_JobZone_mapping;E,5.0,0
29-1224,some_college,0.08,partial:ONET_JobZone_mapping;E,5.0,0
29-1229,ba_plus,0.9,partial:ONET_JobZone_mapping;E,5.0,0
29-1229,hs,0.02,partial:ONET_JobZone_mapping;E,5.0,0
29-1229,lt_hs,0.0,partial:ONET_JobZone_mapping;E,5.0,0
29-1229,some_college,0.08,partial:ONET_JobZone_mapping;E,5.0,0
29-1241,ba_plus,0.9,partial:ONET_JobZone_mapping;E,5.0,0
29-1241,hs,0.02,partial:ONET_JobZone_mapping;E,5.0,0
29-1241,lt_hs,0.0,partial:ONET_JobZone_mapping;E,5.0,0
29-1241,some_college,0.08,partial:ONET_JobZone_mapping;E,5.0,0
29-1242,ba_plus,0.597654201104536,partial:ONET_JobZone_mapping;E,4.086044078987907,1
29-1242,hs,0.15589476952704212,partial:ONET_JobZone_mapping;E,4.086044078987907,1
29-1242,lt_hs,0.012832400142242968,partial:ONET_JobZone_mapping;E,4.086044078987907,1
29-1242,some_college,0.2336186292261789,partial:ONET_JobZone_mapping;E,4.086044078987907,1
29-1243,ba_plus,0.597654201104536,partial:ONET_JobZone_mapping;E,4.086044078987907,1
29-1243,hs,0.15589476952704212,partial:ONET_JobZone_mapping;E,4.086044078987907,1
29-1243,lt_hs,0.012832400142242968,partial:ONET_JobZone_mapping;E,4.086044078987907,1
29-1243,some_college,0.2336186292261789,partial:ONET_JobZone_mapping;E,4.086044078987907,1
29-1249,ba_plus,0.597654201104536,partial:ONET_JobZone_mapping;E,4.086044078987907,1
29-1249,hs,0.15589476952704212,partial:ONET_JobZone_mapping;E,4.086044078987907,1
29-1249,lt_hs,0.012832400142242968,partial:ONET_JobZone_mapping;E,4.086044078987907,1
29-1249,some_college,0.2336186292261789,partial:ONET_JobZone_mapping;E,4.086044078987907,1
29-1291,ba_plus,0.9,partial:ONET_JobZone_mapping;E,5.0,0
29-1291,hs,0.02,partial:ONET_JobZone_mapping;E,5.0,0
29-1291,lt_hs,0.0,partial:ONET_JobZone_mapping;E,5.0,0
29-1291,some_college,0.08,partial:ONET_JobZone_mapping;E,5.0,0
29-1292,ba_plus,0.2,partial:ONET_JobZone_mapping;E,3.0,0
29-1292,hs,0.35,partial:ONET_JobZone_mapping;E,3.0,0
29-1292,lt_hs,0.03,partial:ONET_JobZone_mapping;E,3.0,0
29-1292,some_college,0.42,partial:ONET_JobZone_mapping;E,3.0,0
29-1299,ba_plus,0.597654201104536,partial:ONET_JobZone_mapping;E,4.086044078987907,1
29-1299,hs,0.15589476952704212,partial:ONET_JobZone_mapping;E,4.086044078987907,1
29-1299,lt_hs,0.012832400142242968,partial:ONET_JobZone_mapping;E,4.086044078987907,1
29-1299,some_college,0.2336186292261789,partial:ONET_JobZone_mapping;E,4.086044078987907,1
29-2010,ba_plus,0.6,partial:ONET_JobZone_mapping;E,4.0,0
29-2010,hs,0.14250000000000002,partial:ONET_JobZone_mapping;E,4.0,0
29-2010,lt_hs,0.0125,partial:ONET_JobZone_mapping;E,4.0,0
29-2010,some_college,0.24499999999999997,partial:ONET_JobZone_mapping;E,4.0,0
29-2031,ba_plus,0.2,partial:ONET_JobZone_mapping;E,3.0,0
29-2031,hs,0.35,partial:ONET_JobZone_mapping;E,3.0,0
29-2031,lt_hs,0.03,partial:ONET_JobZone_mapping;E,3.0,0
29-2031,some_college,0.42,partial:ONET_JobZone_mapping;E,3.0,0
29-2032,ba_plus,0.2,partial:ONET_JobZone_mapping;E,3.0,0
29-2032,hs,0.35,partial:ONET_JobZone_mapping;E,3.0,0
29-2032,lt_hs,0.03,partial:ONET_JobZone_mapping;E,3.0,0
29-2032,some_college,0.42,partial:ONET_JobZone_mapping;E,3.0,0
29-2033,ba_plus,0.2,partial:ONET_JobZone_mapping;E,3.0,0
29-2033,hs,0.35,partial:ONET_JobZone_mapping;E,3.0,0
29-2033,lt_hs,0.03,partial:ONET_JobZone_mapping;E,3.0,0
29-2033,some_college,0.42,partial:ONET_JobZone_mapping;E,3.0,0
29-2034,ba_plus,0.2,partial:ONET_JobZone_mapping;E,3.0,0
29-2034,hs,0.35,partial:ONET_JobZone_mapping;E,3.0,0
29-2034,lt_hs,0.03,partial:ONET_JobZone_mapping;E,3.0,0
29-2034,some_college,0.42,partial:ONET_JobZone_mapping;E,3.0,0
29-2035,ba_plus,0.2,partial:ONET_JobZone_mapping;E,3.0,0
29-2035,hs,0.35,partial:ONET_JobZone_mapping;E,3.0,0
29-2035,lt_hs,0.03,partial:ONET_JobZone_mapping;E,3.0,0
29-2035,some_college,0.42,partial:ONET_JobZone_mapping;E,3.0,0
29-2036,ba_plus,0.597654201104536,partial:ONET_JobZone_mapping;E,4.086044078987907,1
29-2036,hs,0.15589476952704212,partial:ONET_JobZone_mapping;E,4.086044078987907,1
29-2036,lt_hs,0.012832400142242968,partial:ONET_JobZone_mapping;E,4.086044078987907,1
29-2036,some_college,0.2336186292261789,partial:ONET_JobZone_mapping;E,4.086044078987907,1
29-2042,ba_plus,0.597654201104536,partial:ONET_JobZone_mapping;E,4.086044078987907,1
29-2042,hs,0.15589476952704212,partial:ONET_JobZone_mapping;E,4.086044078987907,1
29-2042,lt_hs,0.012832400142242968,partial:ONET_JobZone_mapping;E,4.086044078987907,1
29-2042,some_college,0.2336186292261789,partial:ONET_JobZone_mapping;E,4.086044078987907,1
29-2043,ba_plus,0.597654201104536,partial:ONET_JobZone_mapping;E,4.086044078987907,1
29-2043,hs,0.15589476952704212,partial:ONET_JobZone_mapping;E,4.086044078987907,1
29-2043,lt_hs,0.012832400142242968,partial:ONET_JobZone_mapping;E,4.086044078987907,1
29-2043,some_college,0.2336186292261789,partial:ONET_JobZone_mapping;E,4.086044078987907,1
29-2051,ba_plus,0.2,partial:ONET_JobZone_mapping;E,3.0,0
29-2051,hs,0.35,partial:ONET_JobZone_mapping;E,3.0,0
29-2051,lt_hs,0.03,partial:ONET_JobZone_mapping;E,3.0,0
29-2051,some_college,0.42,partial:ONET_JobZone_mapping;E,3.0,0
29-2052,ba_plus,0.2,partial:ONET_JobZone_mapping;E,3.0,0
29-2052,hs,0.35,partial:ONET_JobZone_mapping;E,3.0,0
29-2052,lt_hs,0.03,partial:ONET_JobZone_mapping;E,3.0,0
29-2052,some_college,0.42,partial:ONET_JobZone_mapping;E,3.0,0
29-2053,ba_plus,0.2,partial:ONET_JobZone_mapping;E,3.0,0
29-2053,hs,0.35,partial:ONET_JobZone_mapping;E,3.0,0
29-2053,lt_hs,0.03,partial:ONET_JobZone_mapping;E,3.0,0
29-2053,some_college,0.42,partial:ONET_JobZone_mapping;E,3.0,0
29-2055,ba_plus,0.2,partial:ONET_JobZone_mapping;E,3.0,0
29-2055,hs,0.35,partial:ONET_JobZone_mapping;E,3.0,0
29-2055,lt_hs,0.03,partial:ONET_JobZone_mapping;E,3.0,0
29-2055,some_college,0.42,partial:ONET_JobZone_mapping;E,3.0,0
29-2056,ba_plus,0.2,partial:ONET_JobZone_mapping;E,3.0,0
29-2056,hs,0.35,partial:ONET_JobZone_mapping;E,3.0,0
29-2056,lt_hs,0.03,partial:ONET_JobZone_mapping;E,3.0,0
29-2056,some_college,0.42,partial:ONET_JobZone_mapping;E,3.0,0
29-2057,ba_plus,0.2,partial:ONET_JobZone_mapping;E,3.0,0
29-2057,hs,0.35,partial:ONET_JobZone_mapping;E,3.0,0
29-2057,lt_hs,0.03,partial:ONET_JobZone_mapping;E,3.0,0
29-2057,some_college,0.42,partial:ONET_JobZone_mapping;E,3.0,0
29-2061,ba_plus,0.2,partial:ONET_JobZone_mapping;E,3.0,0
29-2061,hs,0.35,partial:ONET_JobZone_mapping;E,3.0,0
29-2061,lt_hs,0.03,partial:ONET_JobZone_mapping;E,3.0,0
29-2061,some_college,0.42,partial:ONET_JobZone_mapping;E,3.0,0
29-2072,ba_plus,0.597654201104536,partial:ONET_JobZone_mapping;E,4.086044078987907,1
29-2072,hs,0.15589476952704212,partial:ONET_JobZone_mapping;E,4.086044078987907,1
29-2072,lt_hs,0.012832400142242968,partial:ONET_JobZone_mapping;E,4.086044078987907,1
29-2072,some_college,0.2336186292261789,partial:ONET_JobZone_mapping;E,4.086044078987907,1
29-2081,ba_plus,0.2,partial:ONET_JobZone_mapping;E,3.0,0
29-2081,hs,0.35,partial:ONET_JobZone_mapping;E,3.0,0
29-2081,lt_hs,0.03,partial:ONET_JobZone_mapping;E,3.0,0
29-2081,some_college,0.42,partial:ONET_JobZone_mapping;E,3.0,0
29-2091,ba_plus,0.9,partial:ONET_JobZone_mapping;E,5.0,0
29-2091,hs,0.02,partial:ONET_JobZone_mapping;E,5.0,0
29-2091,lt_hs,0.0,partial:ONET_JobZone_mapping;E,5.0,0
29-2091,some_college,0.08,partial:ONET_JobZone_mapping;E,5.0,0
29-2092,ba_plus,0.2,partial:ONET_JobZone_mapping;E,3.0,0
29-2092,hs,0.35,partial:ONET_JobZone_mapping;E,3.0,0
29-2092,lt_hs,0.03,partial:ONET_JobZone_mapping;E,3.0,0
29-2092,some_college,0.42,partial:ONET_JobZone_mapping;E,3.0,0
29-2099,ba_plus,0.597654201104536,partial:ONET_JobZone_mapping;E,4.086044078987907,1
29-2099,hs,0.15589476952704212,partial:ONET_JobZone_mapping;E,4.086044078987907,1
29-2099,lt_hs,0.012832400142242968,partial:ONET_JobZone_mapping;E,4.086044078987907,1
29-2099,some_college,0.2336186292261789,partial:ONET_JobZone_mapping;E,4.086044078987907,1
29-9021,ba_plus,0.65,partial:ONET_JobZone_mapping;E,4.0,0
29-9021,hs,0.1,partial:ONET_JobZone_mapping;E,4.0,0
29-9021,lt_hs,0.01,partial:ONET_JobZone_mapping;E,4.0,0
29-9021,some_college,0.24,partial:ONET_JobZone_mapping;E,4.0,0
29-9091,ba_plus,0.9,partial:ONET_JobZone_mapping;E,5.0,0
29-9091,hs,0.02,partial:ONET_JobZone_mapping;E,5.0,0
29-9091,lt_hs,0.0,partial:ONET_JobZone_mapping;E,5.0,0
29-9091,some_college,0.08,partial:ONET_JobZone_mapping;E,5.0,0
29-9092,ba_plus,0.9,partial:ONET_JobZone_mapping;E,5.0,0
29-9092,hs,0.02,partial:ONET_JobZone_mapping;E,5.0,0
29-9092,lt_hs,0.0,partial:ONET_JobZone_mapping;E,5.0,0
29-9092,some_college,0.08,partial:ONET_JobZone_mapping;E,5.0,0
29-9093,ba_plus,0.2,partial:ONET_JobZone_mapping;E,3.0,0
29-9093,hs,0.35,partial:ONET_JobZone_mapping;E,3.0,0
29-9093,lt_hs,0.03,partial:ONET_JobZone_mapping;E,3.0,0
29-9093,some_college,0.42,partial:ONET_JobZone_mapping;E,3.0,0
29-9099,ba_plus,0.597654201104536,partial:ONET_JobZone_mapping;E,4.086044078987907,1
29-9099,hs,0.15589476952704212,partial:ONET_JobZone_mapping;E,4.086044078987907,1
29-9099,lt_hs,0.012832400142242968,partial:ONET_JobZone_mapping;E,4.086044078987907,1
29-9099,some_college,0.2336186292261789,partial:ONET_JobZone_mapping;E,4.086044078987907,1
31-1120,ba_plus,0.1,partial:ONET_JobZone_mapping;E,2.0,0
31-1120,hs,0.55,partial:ONET_JobZone_mapping;E,2.0,0
31-1120,lt_hs,0.1,partial:ONET_JobZone_mapping;E,2.0,0
31-1120,some_college,0.25,partial:ONET_JobZone_mapping;E,2.0,0
31-1131,ba_plus,0.2,partial:ONET_JobZone_mapping;E,3.0,0
31-1131,hs,0.35,partial:ONET_JobZone_mapping;E,3.0,0
31-1131,lt_hs,0.03,partial:ONET_JobZone_mapping;E,3.0,0
31-1131,some_college,0.42,partial:ONET_JobZone_mapping;E,3.0,0
31-1132,ba_plus,0.1,partial:ONET_JobZone_mapping;E,2.0,0
31-1132,hs,0.55,partial:ONET_JobZone_mapping;E,2.0,0
31-1132,lt_hs,0.1,partial:ONET_JobZone_mapping;E,2.0,0
31-1132,some_college,0.25,partial:ONET_JobZone_mapping;E,2.0,0
31-1133,ba_plus,0.1,partial:ONET_JobZone_mapping;E,2.0,0
31-1133,hs,0.55,partial:ONET_JobZone_mapping;E,2.0,0
31-1133,lt_hs,0.1,partial:ONET_JobZone_mapping;E,2.0,0
31-1133,some_college,0.25,partial:ONET_JobZone_mapping;E,2.0,0
31-2011,ba_plus,0.2,partial:ONET_JobZone_mapping;E,3.0,0
31-2011,hs,0.35,partial:ONET_JobZone_mapping;E,3.0,0
31-2011,lt_hs,0.03,partial:ONET_JobZone_mapping;E,3.0,0
31-2011,some_college,0.42,partial:ONET_JobZone_mapping;E,3.0,0
31-2012,ba_plus,0.2,partial:ONET_JobZone_mapping;E,3.0,0
31-2012,hs,0.35,partial:ONET_JobZone_mapping;E,3.0,0
31-2012,lt_hs,0.03,partial:ONET_JobZone_mapping;E,3.0,0
31-2012,some_college,0.42,partial:ONET_JobZone_mapping;E,3.0,0
31-2021,ba_plus,0.2,partial:ONET_JobZone_mapping;E,3.0,0
31-2021,hs,0.35,partial:ONET_JobZone_mapping;E,3.0,0
31-2021,lt_hs,0.03,partial:ONET_JobZone_mapping;E,3.0,0
31-2021,some_college,0.42,partial:ONET_JobZone_mapping;E,3.0,0
31-2022,ba_plus,0.1,partial:ONET_JobZone_mapping;E,2.0,0
31-2022,hs,0.55,partial:ONET_JobZone_mapping;E,2.0,0
31-2022,lt_hs,0.1,partial:ONET_JobZone_mapping;E,2.0,0
31-2022,some_college,0.25,partial:ONET_JobZone_mapping;E,2.0,0
31-9011,ba_plus,0.2,partial:ONET_JobZone_mapping;E,3.0,0
31-9011,hs,0.35,partial:ONET_JobZone_mapping;E,3.0,0
31-9011,lt_hs,0.03,partial:ONET_JobZone_mapping;E,3.0,0
31-9011,some_college,0.42,partial:ONET_JobZone_mapping;E,3.0,0
31-9091,ba_plus,0.2,partial:ONET_JobZone_mapping;E,3.0,0
31-9091,hs,0.35,partial:ONET_JobZone_mapping;E,3.0,0
31-9091,lt_hs,0.03,partial:ONET_JobZone_mapping;E,3.0,0
31-9091,some_college,0.42,partial:ONET_JobZone_mapping;E,3.0,0
31-9092,ba_plus,0.43333333333333335,partial:ONET_JobZone_mapping;E,3.6666666666666665,0
31-9092,hs,0.23999999999999996,partial:ONET_JobZone_mapping;E,3.6666666666666665,0
31-9092,lt_hs,0.019999999999999997,partial:ONET_JobZone_mapping;E,3.6666666666666665,0
31-9092,some_college,0.30666666666666664,partial:ONET_JobZone_mapping;E,3.6666666666666665,0
31-9093,ba_plus,0.1,partial:ONET_JobZone_mapping;E,2.0,0
31-9093,hs,0.55,partial:ONET_JobZone_mapping;E,2.0,0
31-9093,lt_hs,0.1,partial:ONET_JobZone_mapping;E,2.0,0
31-9093,some_college,0.25,partial:ONET_JobZone_mapping;E,2.0,0
31-9094,ba_plus,0.2,partial:ONET_JobZone_mapping;E,3.0,0
31-9094,hs,0.35,partial:ONET_JobZone_mapping;E,3.0,0
31-9094,lt_hs,0.03,partial:ONET_JobZone_mapping;E,3.0,0
31-9094,some_college,0.42,partial:ONET_JobZone_mapping;E,3.0,0
31-9095,ba_plus,0.1,partial:ONET_JobZone_mapping;E,2.0,0
31-9095,hs,0.55,partial:ONET_JobZone_mapping;E,2.0,0
31-9095,lt_hs,0.1,partial:ONET_JobZone_mapping;E,2.0,0
31-9095,some_college,0.25,partial:ONET_JobZone_mapping;E,2.0,0
31-9096,ba_plus,0.1,partial:ONET_JobZone_mapping;E,2.0,0
31-9096,hs,0.55,partial:ONET_JobZone_mapping;E,2.0,0
31-9096,lt_hs,0.1,partial:ONET_JobZone_mapping;E,2.0,0
31-9096,some_college,0.25,partial:ONET_JobZone_mapping;E,2.0,0
31-9097,ba_plus,0.2,partial:ONET_JobZone_mapping;E,3.0,0
31-9097,hs,0.35,partial:ONET_JobZone_mapping;E,3.0,0
31-9097,lt_hs,0.03,partial:ONET_JobZone_mapping;E,3.0,0
31-9097,some_college,0.42,partial:ONET_JobZone_mapping;E,3.0,0
31-9099,ba_plus,0.16435945052552234,partial:ONET_JobZone_mapping;E,2.4686549631049903,1
31-9099,hs,0.4587181609691052,partial:ONET_JobZone_mapping;E,2.4686549631049903,1
31-9099,lt_hs,0.07104282250995582,partial:ONET_JobZone_mapping;E,2.4686549631049903,1
31-9099,some_college,0.3058795659954166,partial:ONET_JobZone_mapping;E,2.4686549631049903,1
33-1011,ba_plus,0.2,partial:ONET_JobZone_mapping;E,3.0,0
33-1011,hs,0.35,partial:ONET_JobZone_mapping;E,3.0,0
33-1011,lt_hs,0.03,partial:ONET_JobZone_mapping;E,3.0,0
33-1011,some_college,0.42,partial:ONET_JobZone_mapping;E,3.0,0
33-1012,ba_plus,0.2,partial:ONET_JobZone_mapping;E,3.0,0
33-1012,hs,0.35,partial:ONET_JobZone_mapping;E,3.0,0
33-1012,lt_hs,0.03,partial:ONET_JobZone_mapping;E,3.0,0
33-1012,some_college,0.42,partial:ONET_JobZone_mapping;E,3.0,0
33-1021,ba_plus,0.2,partial:ONET_JobZone_mapping;E,3.0,0
33-1021,hs,0.35,partial:ONET_JobZone_mapping;E,3.0,0
33-1021,lt_hs,0.03,partial:ONET_JobZone_mapping;E,3.0,0
33-1021,some_college,0.42,partial:ONET_JobZone_mapping;E,3.0,0
33-1091,ba_plus,0.146200466067816,partial:ONET_JobZone_mapping;E,2.438541930454032,1
33-1091,hs,0.4619564320488489,partial:ONET_JobZone_mapping;E,2.438541930454032,1
33-1091,lt_hs,0.06963724672856245,partial:ONET_JobZone_mapping;E,2.438541930454032,1
33-1091,some_college,0.3222058551547726,partial:ONET_JobZone_mapping;E,2.438541930454032,1
33-1099,ba_plus,0.146200466067816,partial:ONET_JobZone_mapping;E,2.438541930454032,1
33-1099,hs,0.4619564320488489,partial:ONET_JobZone_mapping;E,2.438541930454032,1
33-1099,lt_hs,0.06963724672856245,partial:ONET_JobZone_mapping;E,2.438541930454032,1
33-1099,some_college,0.3222058551547726,partial:ONET_JobZone_mapping;E,2.438541930454032,1
33-2011,ba_plus,0.2,partial:ONET_JobZone_mapping;E,3.0,0
33-2011,hs,0.35,partial:ONET_JobZone_mapping;E,3.0,0
33-2011,lt_hs,0.03,partial:ONET_JobZone_mapping;E,3.0,0
33-2011,some_college,0.42,partial:ONET_JobZone_mapping;E,3.0,0
33-2021,ba_plus,0.2,partial:ONET_JobZone_mapping;E,3.0,0
33-2021,hs,0.35,partial:ONET_JobZone_mapping;E,3.0,0
33-2021,lt_hs,0.03,partial:ONET_JobZone_mapping;E,3.0,0
33-2021,some_college,0.42,partial:ONET_JobZone_mapping;E,3.0,0
33-2022,ba_plus,0.2,partial:ONET_JobZone_mapping;E,3.0,0
33-2022,hs,0.35,partial:ONET_JobZone_mapping;E,3.0,0
33-2022,lt_hs,0.03,partial:ONET_JobZone_mapping;E,3.0,0
33-2022,some_college,0.42,partial:ONET_JobZone_mapping;E,3.0,0
33-3011,ba_plus,0.2,partial:ONET_JobZone_mapping;E,3.0,0
33-3011,hs,0.35,partial:ONET_JobZone_mapping;E,3.0,0
33-3011,lt_hs,0.03,partial:ONET_JobZone_mapping;E,3.0,0
33-3011,some_college,0.42,partial:ONET_JobZone_mapping;E,3.0,0
33-3012,ba_plus,0.1,partial:ONET_JobZone_mapping;E,2.0,0
33-3012,hs,0.55,partial:ONET_JobZone_mapping;E,2.0,0
33-3012,lt_hs,0.1,partial:ONET_JobZone_mapping;E,2.0,0
33-3012,some_college,0.25,partial:ONET_JobZone_mapping;E,2.0,0
33-3021,ba_plus,0.2,partial:ONET_JobZone_mapping;E,3.0,0
33-3021,hs,0.35,partial:ONET_JobZone_mapping;E,3.0,0
33-3021,lt_hs,0.03,partial:ONET_JobZone_mapping;E,3.0,0
33-3021,some_college,0.42,partial:ONET_JobZone_mapping;E,3.0,0
33-3031,ba_plus,0.65,partial:ONET_JobZone_mapping;E,4.0,0
33-3031,hs,0.1,partial:ONET_JobZone_mapping;E,4.0,0
33-3031,lt_hs,0.01,partial:ONET_JobZone_mapping;E,4.0,0
33-3031,some_college,0.24,partial:ONET_JobZone_mapping;E,4.0,0
33-3041,ba_plus,0.1,partial:ONET_JobZone_mapping;E,2.0,0
33-3041,hs,0.55,partial:ONET_JobZone_mapping;E,2.0,0
33-3041,lt_hs,0.1,partial:ONET_JobZone_mapping;E,2.0,0
33-3041,some_college,0.25,partial:ONET_JobZone_mapping;E,2.0,0
33-3051,ba_plus,0.2,partial:ONET_JobZone_mapping;E,3.0,0
33-3051,hs,0.35,partial:ONET_JobZone_mapping;E,3.0,0
33-3051,lt_hs,0.03,partial:ONET_JobZone_mapping;E,3.0,0
33-3051,some_college,0.42,partial:ONET_JobZone_mapping;E,3.0,0
33-3052,ba_plus,0.2,partial:ONET_JobZone_mapping;E,3.0,0
33-3052,hs,0.35,partial:ONET_JobZone_mapping;E,3.0,0
33-3052,lt_hs,0.03,partial:ONET_JobZone_mapping;E,3.0,0
33-3052,some_college,0.42,partial:ONET_JobZone_mapping;E,3.0,0
33-9011,ba_plus,0.1,partial:ONET_JobZone_mapping;E,2.0,0
33-9011,hs,0.55,partial:ONET_JobZone_mapping;E,2.0,0
33-9011,lt_hs,0.1,partial:ONET_JobZone_mapping;E,2.0,0
33-9011,some_college,0.25,partial:ONET_JobZone_mapping;E,2.0,0
33-9021,ba_plus,0.42500000000000004,partial:ONET_JobZone_mapping;E,3.5,0
33-9021,hs,0.22499999999999998,partial:ONET_JobZone_mapping;E,3.5,0
33-9021,lt_hs,0.02,partial:ONET_JobZone_mapping;E,3.5,0
33-9021,some_college,0.32999999999999996,partial:ONET_JobZone_mapping;E,3.5,0
33-9031,ba_plus,0.1,partial:ONET_JobZone_mapping;E,2.0,0
33-9031,hs,0.55,partial:ONET_JobZone_mapping;E,2.0,0
33-9031,lt_hs,0.1,partial:ONET_JobZone_mapping;E,2.0,0
33-9031,some_college,0.25,partial:ONET_JobZone_mapping;E,2.0,0
33-9032,ba_plus,0.1,partial:ONET_JobZone_mapping;E,2.0,0
33-9032,hs,0.55,partial:ONET_JobZone_mapping;E,2.0,0
33-9032,lt_hs,0.1,partial:ONET_JobZone_mapping;E,2.0,0
33-9032,some_college,0.25,partial:ONET_JobZone_mapping;E,2.0,0
33-9091,ba_plus,0.1,partial:ONET_JobZone_mapping;E,2.0,0
33-9091,hs,0.55,partial:ONET_JobZone_mapping;E,2.0,0
33-9091,lt_hs,0.1,partial:ONET_JobZone_mapping;E,2.0,0
33-9091,some_college,0.25,partial:ONET_JobZone_mapping;E,2.0,0
33-9092,ba_plus,0.1,partial:ONET_JobZone_mapping;E,2.0,0
33-9092,hs,0.55,partial:ONET_JobZone_mapping;E,2.0,0
33-9092,lt_hs,0.1,partial:ONET_JobZone_mapping;E,2.0,0
33-9092,some_college,0.25,partial:ONET_JobZone_mapping;E,2.0,0
33-9093,ba_plus,0.1,partial:ONET_JobZone_mapping;E,2.0,0
33-9093,hs,0.55,partial:ONET_JobZone_mapping;E,2.0,0
33-9093,lt_hs,0.1,partial:ONET_JobZone_mapping;E,2.0,0
33-9093,some_college,0.25,partial:ONET_JobZone_mapping;E,2.0,0
33-9094,ba_plus,0.146200466067816,partial:ONET_JobZone_mapping;E,2.438541930454032,1
33-9094,hs,0.4619564320488489,partial:ONET_JobZone_mapping;E,2.438541930454032,1
33-9094,lt_hs,0.06963724672856245,partial:ONET_JobZone_mapping;E,2.438541930454032,1
33-9094,some_college,0.3222058551547726,partial:ONET_JobZone_mapping;E,2.438541930454032,1
33-9099,ba_plus,0.146200466067816,partial:ONET_JobZone_mapping;E,2.438541930454032,1
33-9099,hs,0.4619564320488489,partial:ONET_JobZone_mapping;E,2.438541930454032,1
33-9099,lt_hs,0.06963724672856245,partial:ONET_JobZone_mapping;E,2.438541930454032,1
33-9099,some_college,0.3222058551547726,partial:ONET_JobZone_mapping;E,2.438541930454032,1
35-1011,ba_plus,0.2,partial:ONET_JobZone_mapping;E,3.0,0
35-1011,hs,0.35,partial:ONET_JobZone_mapping;E,3.0,0
35-1011,lt_hs,0.03,partial:ONET_JobZone_mapping;E,3.0,0
35-1011,some_college,0.42,partial:ONET_JobZone_mapping;E,3.0,0
35-1012,ba_plus,0.1,partial:ONET_JobZone_mapping;E,2.0,0
35-1012,hs,0.55,partial:ONET_JobZone_mapping;E,2.0,0
35-1012,lt_hs,0.1,partial:ONET_JobZone_mapping;E,2.0,0
35-1012,some_college,0.25,partial:ONET_JobZone_mapping;E,2.0,0
35-2011,ba_plus,0.05,partial:ONET_JobZone_mapping;E,1.0,0
35-2011,hs,0.55,partial:ONET_JobZone_mapping;E,1.0,0
35-2011,lt_hs,0.25,partial:ONET_JobZone_mapping;E,1.0,0
35-2011,some_college,0.15,partial:ONET_JobZone_mapping;E,1.0,0
35-2012,ba_plus,0.1,partial:ONET_JobZone_mapping;E,2.0,0
35-2012,hs,0.55,partial:ONET_JobZone_mapping;E,2.0,0
35-2012,lt_hs,0.1,partial:ONET_JobZone_mapping;E,2.0,0
35-2012,some_college,0.25,partial:ONET_JobZone_mapping;E,2.0,0
35-2013,ba_plus,0.2,partial:ONET_JobZone_mapping;E,3.0,0
35-2013,hs,0.35,partial:ONET_JobZone_mapping;E,3.0,0
35-2013,lt_hs,0.03,partial:ONET_JobZone_mapping;E,3.0,0
35-2013,some_college,0.42,partial:ONET_JobZone_mapping;E,3.0,0
35-2014,ba_plus,0.1,partial:ONET_JobZone_mapping;E,2.0,0
35-2014,hs,0.55,partial:ONET_JobZone_mapping;E,2.0,0
35-2014,lt_hs,0.1,partial:ONET_JobZone_mapping;E,2.0,0
35-2014,some_college,0.25,partial:ONET_JobZone_mapping;E,2.0,0
35-2015,ba_plus,0.1,partial:ONET_JobZone_mapping;E,2.0,0
35-2015,hs,0.55,partial:ONET_JobZone_mapping;E,2.0,0
35-2015,lt_hs,0.1,partial:ONET_JobZone_mapping;E,2.0,0
35-2015,some_college,0.25,partial:ONET_JobZone_mapping;E,2.0,0
35-2019,ba_plus,0.07787899634523063,partial:ONET_JobZone_mapping;E,1.5427649265878949,1
35-2019,hs,0.5470369999366567,partial:ONET_JobZone_mapping;E,1.5427649265878949,1
35-2019,lt_hs,0.16977046103715315,partial:ONET_JobZone_mapping;E,1.5427649265878949,1
35-2019,some_college,0.2053135426809597,partial:ONET_JobZone_mapping;E,1.5427649265878949,1
35-2021,ba_plus,0.05,partial:ONET_JobZone_mapping;E,1.0,0
35-2021,hs,0.55,partial:ONET_JobZone_mapping;E,1.0,0
35-2021,lt_hs,0.25,partial:ONET_JobZone_mapping;E,1.0,0
35-2021,some_college,0.15,partial:ONET_JobZone_mapping;E,1.0,0
35-3011,ba_plus,0.1,partial:ONET_JobZone_mapping;E,2.0,0
35-3011,hs,0.55,partial:ONET_JobZone_mapping;E,2.0,0
35-3011,lt_hs,0.1,partial:ONET_JobZone_mapping;E,2.0,0
35-3011,some_college,0.25,partial:ONET_JobZone_mapping;E,2.0,0
35-3023,ba_plus,0.05,partial:ONET_JobZone_mapping;E,1.0,0
35-3023,hs,0.55,partial:ONET_JobZone_mapping;E,1.0,0
35-3023,lt_hs,0.25,partial:ONET_JobZone_mapping;E,1.0,0
35-3023,some_college,0.15,partial:ONET_JobZone_mapping;E,1.0,0
35-3031,ba_plus,0.1,partial:ONET_JobZone_mapping;E,2.0,0
35-3031,hs,0.55,partial:ONET_JobZone_mapping;E,2.0,0
35-3031,lt_hs,0.1,partial:ONET_JobZone_mapping;E,2.0,0
35-3031,some_college,0.25,partial:ONET_JobZone_mapping;E,2.0,0
35-3041,ba_plus,0.1,partial:ONET_JobZone_mapping;E,2.0,0
35-3041,hs,0.55,partial:ONET_JobZone_mapping;E,2.0,0
35-3041,lt_hs,0.1,partial:ONET_JobZone_mapping;E,2.0,0
35-3041,some_college,0.25,partial:ONET_JobZone_mapping;E,2.0,0
35-9011,ba_plus,0.05,partial:ONET_JobZone_mapping;E,1.0,0
35-9011,hs,0.55,partial:ONET_JobZone_mapping;E,1.0,0
35-9011,lt_hs,0.25,partial:ONET_JobZone_mapping;E,1.0,0
35-9011,some_college,0.15,partial:ONET_JobZone_mapping;E,1.0,0
35-9021,ba_plus,0.05,partial:ONET_JobZone_mapping;E,1.0,0
35-9021,hs,0.55,partial:ONET_JobZone_mapping;E,1.0,0
35-9021,lt_hs,0.25,partial:ONET_JobZone_mapping;E,1.0,0
35-9021,some_college,0.15,partial:ONET_JobZone_mapping;E,1.0,0
35-9031,ba_plus,0.1,partial:ONET_JobZone_mapping;E,2.0,0
35-9031,hs,0.55,partial:ONET_JobZone_mapping;E,2.0,0
35-9031,lt_hs,0.1,partial:ONET_JobZone_mapping;E,2.0,0
35-9031,some_college,0.25,partial:ONET_JobZone_mapping;E,2.0,0
35-9099,ba_plus,0.07787899634523063,partial:ONET_JobZone_mapping;E,1.5427649265878949,1
35-9099,hs,0.5470369999366567,partial:ONET_JobZone_mapping;E,1.5427649265878949,1
35-9099,lt_hs,0.16977046103715315,partial:ONET_JobZone_mapping;E,1.5427649265878949,1
35-9099,some_college,0.2053135426809597,partial:ONET_JobZone_mapping;E,1.5427649265878949,1
37-1011,ba_plus,0.1,partial:ONET_JobZone_mapping;E,2.0,0
37-1011,hs,0.55,partial:ONET_JobZone_mapping;E,2.0,0
37-1011,lt_hs,0.1,partial:ONET_JobZone_mapping;E,2.0,0
37-1011,some_college,0.25,partial:ONET_JobZone_mapping;E,2.0,0
37-1012,ba_plus,0.2,partial:ONET_JobZone_mapping;E,3.0,0
37-1012,hs,0.35,partial:ONET_JobZone_mapping;E,3.0,0
37-1012,lt_hs,0.03,partial:ONET_JobZone_mapping;E,3.0,0
37-1012,some_college,0.42,partial:ONET_JobZone_mapping;E,3.0,0
37-2011,ba_plus,0.1,partial:ONET_JobZone_mapping;E,2.0,0
37-2011,hs,0.55,partial:ONET_JobZone_mapping;E,2.0,0
37-2011,lt_hs,0.1,partial:ONET_JobZone_mapping;E,2.0,0
37-2011,some_college,0.25,partial:ONET_JobZone_mapping;E,2.0,0
37-2012,ba_plus,0.05,partial:ONET_JobZone_mapping;E,1.0,0
37-2012,hs,0.55,partial:ONET_JobZone_mapping;E,1.0,0
37-2012,lt_hs,0.25,partial:ONET_JobZone_mapping;E,1.0,0
37-2012,some_college,0.15,partial:ONET_JobZone_mapping;E,1.0,0
37-2019,ba_plus,0.08282437763147991,partial:ONET_JobZone_mapping;E,1.6275418269720325,1
37-2019,hs,0.544210854868487,partial:ONET_JobZone_mapping;E,1.6275418269720325,1
37-2019,lt_hs,0.15818438400680032,partial:ONET_JobZone_mapping;E,1.6275418269720325,1
37-2019,some_college,0.21478038349323283,partial:ONET_JobZone_mapping;E,1.6275418269720325,1
37-2021,ba_plus,0.1,partial:ONET_JobZone_mapping;E,2.0,0
37-2021,hs,0.55,partial:ONET_JobZone_mapping;E,2.0,0
37-2021,lt_hs,0.1,partial:ONET_JobZone_mapping;E,2.0,0
37-2021,some_college,0.25,partial:ONET_JobZone_mapping;E,2.0,0
37-3011,ba_plus,0.05,partial:ONET_JobZone_mapping;E,1.0,0
37-3011,hs,0.55,partial:ONET_JobZone_mapping;E,1.0,0
37-3011,lt_hs,0.25,partial:ONET_JobZone_mapping;E,1.0,0
37-3011,some_college,0.15,partial:ONET_JobZone_mapping;E,1.0,0
37-3012,ba_plus,0.1,partial:ONET_JobZone_mapping;E,2.0,0
37-3012,hs,0.55,partial:ONET_JobZone_mapping;E,2.0,0
37-3012,lt_hs,0.1,partial:ONET_JobZone_mapping;E,2.0,0
37-3012,some_college,0.25,partial:ONET_JobZone_mapping;E,2.0,0
37-3013,ba_plus,0.1,partial:ONET_JobZone_mapping;E,2.0,0
37-3013,hs,0.55,partial:ONET_JobZone_mapping;E,2.0,0
37-3013,lt_hs,0.1,partial:ONET_JobZone_mapping;E,2.0,0
37-3013,some_college,0.25,partial:ONET_JobZone_mapping;E,2.0,0
37-3019,ba_plus,0.08282437763147991,partial:ONET_JobZone_mapping;E,1.6275418269720325,1
37-3019,hs,0.544210854868487,partial:ONET_JobZone_mapping;E,1.6275418269720325,1
37-3019,lt_hs,0.15818438400680032,partial:ONET_JobZone_mapping;E,1.6275418269720325,1
37-3019,some_college,0.21478038349323283,partial:ONET_JobZone_mapping;E,1.6275418269720325,1
39-1013,ba_plus,0.1,partial:ONET_JobZone_mapping;E,2.0,0
39-1013,hs,0.55,partial:ONET_JobZone_mapping;E,2.0,0
39-1013,lt_hs,0.1,partial:ONET_JobZone_mapping;E,2.0,0
39-1013,some_college,0.25,partial:ONET_JobZone_mapping;E,2.0,0
39-1014,ba_plus,0.18714932480663363,partial:ONET_JobZone_mapping;E,2.4284927363339754,1
39-1014,hs,0.4329650164112894,partial:ONET_JobZone_mapping;E,2.4284927363339754,1
39-1014,lt_hs,0.08578150006029968,partial:ONET_JobZone_mapping;E,2.4284927363339754,1
39-1014,some_college,0.2941041587217773,partial:ONET_JobZone_mapping;E,2.4284927363339754,1
39-1022,ba_plus,0.2,partial:ONET_JobZone_mapping;E,3.0,0
39-1022,hs,0.35,partial:ONET_JobZone_mapping;E,3.0,0
39-1022,lt_hs,0.03,partial:ONET_JobZone_mapping;E,3.0,0
39-1022,some_college,0.42,partial:ONET_JobZone_mapping;E,3.0,0
39-2011,ba_plus,0.1,partial:ONET_JobZone_mapping;E,2.0,0
39-2011,hs,0.55,partial:ONET_JobZone_mapping;E,2.0,0
39-2011,lt_hs,0.1,partial:ONET_JobZone_mapping;E,2.0,0
39-2011,some_college,0.25,partial:ONET_JobZone_mapping;E,2.0,0
39-2021,ba_plus,0.1,partial:ONET_JobZone_mapping;E,2.0,0
39-2021,hs,0.55,partial:ONET_JobZone_mapping;E,2.0,0
39-2021,lt_hs,0.1,partial:ONET_JobZone_mapping;E,2.0,0
39-2021,some_college,0.25,partial:ONET_JobZone_mapping;E,2.0,0
39-3011,ba_plus,0.1,partial:ONET_JobZone_mapping;E,2.0,0
39-3011,hs,0.55,partial:ONET_JobZone_mapping;E,2.0,0
39-3011,lt_hs,0.1,partial:ONET_JobZone_mapping;E,2.0,0
39-3011,some_college,0.25,partial:ONET_JobZone_mapping;E,2.0,0
39-3012,ba_plus,0.1,partial:ONET_JobZone_mapping;E,2.0,0
39-3012,hs,0.55,partial:ONET_JobZone_mapping;E,2.0,0
39-3012,lt_hs,0.1,partial:ONET_JobZone_mapping;E,2.0,0
39-3012,some_college,0.25,partial:ONET_JobZone_mapping;E,2.0,0
39-3019,ba_plus,0.18714932480663363,partial:ONET_JobZone_mapping;E,2.4284927363339754,1
39-3019,hs,0.4329650164112894,partial:ONET_JobZone_mapping;E,2.4284927363339754,1
39-3019,lt_hs,0.08578150006029968,partial:ONET_JobZone_mapping;E,2.4284927363339754,1
39-3019,some_college,0.2941041587217773,partial:ONET_JobZone_mapping;E,2.4284927363339754,1
39-3021,ba_plus,0.1,partial:ONET_JobZone_mapping;E,2.0,0
39-3021,hs,0.55,partial:ONET_JobZone_mapping;E,2.0,0
39-3021,lt_hs,0.1,partial:ONET_JobZone_mapping;E,2.0,0
39-3021,some_college,0.25,partial:ONET_JobZone_mapping;E,2.0,0
39-3031,ba_plus,0.1,partial:ONET_JobZone_mapping;E,2.0,0
39-3031,hs,0.55,partial:ONET_JobZone_mapping;E,2.0,0
39-3031,lt_hs,0.1,partial:ONET_JobZone_mapping;E,2.0,0
39-3031,some_college,0.25,partial:ONET_JobZone_mapping;E,2.0,0
39-3091,ba_plus,0.05,partial:ONET_JobZone_mapping;E,1.0,0
39-3091,hs,0.55,partial:ONET_JobZone_mapping;E,1.0,0
39-3091,lt_hs,0.25,partial:ONET_JobZone_mapping;E,1.0,0
39-3091,some_college,0.15,partial:ONET_JobZone_mapping;E,1.0,0
39-3092,ba_plus,0.1,partial:ONET_JobZone_mapping;E,2.0,0
39-3092,hs,0.55,partial:ONET_JobZone_mapping;E,2.0,0
39-3092,lt_hs,0.1,partial:ONET_JobZone_mapping;E,2.0,0
39-3092,some_college,0.25,partial:ONET_JobZone_mapping;E,2.0,0
39-3093,ba_plus,0.1,partial:ONET_JobZone_mapping;E,2.0,0
39-3093,hs,0.55,partial:ONET_JobZone_mapping;E,2.0,0
39-3093,lt_hs,0.1,partial:ONET_JobZone_mapping;E,2.0,0
39-3093,some_college,0.25,partial:ONET_JobZone_mapping;E,2.0,0
39-3099,ba_plus,0.18714932480663363,partial:ONET_JobZone_mapping;E,2.4284927363339754,1
39-3099,hs,0.4329650164112894,partial:ONET_JobZone_mapping;E,2.4284927363339754,1
39-3099,lt_hs,0.08578150006029968,partial:ONET_JobZone_mapping;E,2.4284927363339754,1
39-3099,some_college,0.2941041587217773,partial:ONET_JobZone_mapping;E,2.4284927363339754,1
39-4011,ba_plus,0.2,partial:ONET_JobZone_mapping;E,3.0,0
39-4011,hs,0.35,partial:ONET_JobZone_mapping;E,3.0,0
39-4011,lt_hs,0.03,partial:ONET_JobZone_mapping;E,3.0,0
39-4011,some_college,0.42,partial:ONET_JobZone_mapping;E,3.0,0
39-4012,ba_plus,0.18714932480663363,partial:ONET_JobZone_mapping;E,2.4284927363339754,1
39-4012,hs,0.4329650164112894,partial:ONET_JobZone_mapping;E,2.4284927363339754,1
39-4012,lt_hs,0.08578150006029968,partial:ONET_JobZone_mapping;E,2.4284927363339754,1
39-4012,some_college,0.2941041587217773,partial:ONET_JobZone_mapping;E,2.4284927363339754,1
39-4021,ba_plus,0.1,partial:ONET_JobZone_mapping;E,2.0,0
39-4021,hs,0.55,partial:ONET_JobZone_mapping;E,2.0,0
39-4021,lt_hs,0.1,partial:ONET_JobZone_mapping;E,2.0,0
39-4021,some_college,0.25,partial:ONET_JobZone_mapping;E,2.0,0
39-4031,ba_plus,0.2,partial:ONET_JobZone_mapping;E,3.0,0
39-4031,hs,0.35,partial:ONET_JobZone_mapping;E,3.0,0
39-4031,lt_hs,0.03,partial:ONET_JobZone_mapping;E,3.0,0
39-4031,some_college,0.42,partial:ONET_JobZone_mapping;E,3.0,0
39-5011,ba_plus,0.2,partial:ONET_JobZone_mapping;E,3.0,0
39-5011,hs,0.35,partial:ONET_JobZone_mapping;E,3.0,0
39-5011,lt_hs,0.03,partial:ONET_JobZone_mapping;E,3.0,0
39-5011,some_college,0.42,partial:ONET_JobZone_mapping;E,3.0,0
39-5012,ba_plus,0.2,partial:ONET_JobZone_mapping;E,3.0,0
39-5012,hs,0.35,partial:ONET_JobZone_mapping;E,3.0,0
39-5012,lt_hs,0.03,partial:ONET_JobZone_mapping;E,3.0,0
39-5012,some_college,0.42,partial:ONET_JobZone_mapping;E,3.0,0
39-5091,ba_plus,0.2,partial:ONET_JobZone_mapping;E,3.0,0
39-5091,hs,0.35,partial:ONET_JobZone_mapping;E,3.0,0
39-5091,lt_hs,0.03,partial:ONET_JobZone_mapping;E,3.0,0
39-5091,some_college,0.42,partial:ONET_JobZone_mapping;E,3.0,0
39-5092,ba_plus,0.1,partial:ONET_JobZone_mapping;E,2.0,0
39-5092,hs,0.55,partial:ONET_JobZone_mapping;E,2.0,0
39-5092,lt_hs,0.1,partial:ONET_JobZone_mapping;E,2.0,0
39-5092,some_college,0.25,partial:ONET_JobZone_mapping;E,2.0,0
39-5093,ba_plus,0.1,partial:ONET_JobZone_mapping;E,2.0,0
39-5093,hs,0.55,partial:ONET_JobZone_mapping;E,2.0,0
39-5093,lt_hs,0.1,partial:ONET_JobZone_mapping;E,2.0,0
39-5093,some_college,0.25,partial:ONET_JobZone_mapping;E,2.0,0
39-5094,ba_plus,0.2,partial:ONET_JobZone_mapping;E,3.0,0
39-5094,hs,0.35,partial:ONET_JobZone_mapping;E,3.0,0
39-5094,lt_hs,0.03,partial:ONET_JobZone_mapping;E,3.0,0
39-5094,some_college,0.42,partial:ONET_JobZone_mapping;E,3.0,0
39-6011,ba_plus,0.1,partial:ONET_JobZone_mapping;E,2.0,0
39-6011,hs,0.55,partial:ONET_JobZone_mapping;E,2.0,0
39-6011,lt_hs,0.1,partial:ONET_JobZone_mapping;E,2.0,0
39-6011,some_college,0.25,partial:ONET_JobZone_mapping;E,2.0,0
39-6012,ba_plus,0.2,partial:ONET_JobZone_mapping;E,3.0,0
39-6012,hs,0.35,partial:ONET_JobZone_mapping;E,3.0,0
39-6012,lt_hs,0.03,partial:ONET_JobZone_mapping;E,3.0,0
39-6012,some_college,0.42,partial:ONET_JobZone_mapping;E,3.0,0
39-7010,ba_plus,0.2,partial:ONET_JobZone_mapping;E,3.0,0
39-7010,hs,0.35,partial:ONET_JobZone_mapping;E,3.0,0
39-7010,lt_hs,0.03,partial:ONET_JobZone_mapping;E,3.0,0
39-7010,some_college,0.42,partial:ONET_JobZone_mapping;E,3.0,0
39-9011,ba_plus,0.1,partial:ONET_JobZone_mapping;E,2.0,0
39-9011,hs,0.55,partial:ONET_JobZone_mapping;E,2.0,0
39-9011,lt_hs,0.1,partial:ONET_JobZone_mapping;E,2.0,0
39-9011,some_college,0.25,partial:ONET_JobZone_mapping;E,2.0,0
39-9031,ba_plus,0.2,partial:ONET_JobZone_mapping;E,3.0,0
39-9031,hs,0.35,partial:ONET_JobZone_mapping;E,3.0,0
39-9031,lt_hs,0.03,partial:ONET_JobZone_mapping;E,3.0,0
39-9031,some_college,0.42,partial:ONET_JobZone_mapping;E,3.0,0
39-9032,ba_plus,0.65,partial:ONET_JobZone_mapping;E,4.0,0
39-9032,hs,0.1,partial:ONET_JobZone_mapping;E,4.0,0
39-9032,lt_hs,0.01,partial:ONET_JobZone_mapping;E,4.0,0
39-9032,some_college,0.24,partial:ONET_JobZone_mapping;E,4.0,0
39-9041,ba_plus,0.2,partial:ONET_JobZone_mapping;E,3.0,0
39-9041,hs,0.35,partial:ONET_JobZone_mapping;E,3.0,0
39-9041,lt_hs,0.03,partial:ONET_JobZone_mapping;E,3.0,0
39-9041,some_college,0.42,partial:ONET_JobZone_mapping;E,3.0,0
39-9099,ba_plus,0.18714932480663363,partial:ONET_JobZone_mapping;E,2.4284927363339754,1
39-9099,hs,0.4329650164112894,partial:ONET_JobZone_mapping;E,2.4284927363339754,1
39-9099,lt_hs,0.08578150006029968,partial:ONET_JobZone_mapping;E,2.4284927363339754,1
39-9099,some_college,0.2941041587217773,partial:ONET_JobZone_mapping;E,2.4284927363339754,1
41-1011,ba_plus,0.1,partial:ONET_JobZone_mapping;E,2.0,0
41-1011,hs,0.55,partial:ONET_JobZone_mapping;E,2.0,0
41-1011,lt_hs,0.1,partial:ONET_JobZone_mapping;E,2.0,0
41-1011,some_college,0.25,partial:ONET_JobZone_mapping;E,2.0,0
41-1012,ba_plus,0.65,partial:ONET_JobZone_mapping;E,4.0,0
41-1012,hs,0.1,partial:ONET_JobZone_mapping;E,4.0,0
41-1012,lt_hs,0.01,partial:ONET_JobZone_mapping;E,4.0,0
41-1012,some_college,0.24,partial:ONET_JobZone_mapping;E,4.0,0
41-2011,ba_plus,0.1,partial:ONET_JobZone_mapping;E,2.0,0
41-2011,hs,0.55,partial:ONET_JobZone_mapping;E,2.0,0
41-2011,lt_hs,0.1,partial:ONET_JobZone_mapping;E,2.0,0
41-2011,some_college,0.25,partial:ONET_JobZone_mapping;E,2.0,0
41-2012,ba_plus,0.1,partial:ONET_JobZone_mapping;E,2.0,0
41-2012,hs,0.55,partial:ONET_JobZone_mapping;E,2.0,0
41-2012,lt_hs,0.1,partial:ONET_JobZone_mapping;E,2.0,0
41-2012,some_college,0.25,partial:ONET_JobZone_mapping;E,2.0,0
41-2021,ba_plus,0.1,partial:ONET_JobZone_mapping;E,2.0,0
41-2021,hs,0.55,partial:ONET_JobZone_mapping;E,2.0,0
41-2021,lt_hs,0.1,partial:ONET_JobZone_mapping;E,2.0,0
41-2021,some_college,0.25,partial:ONET_JobZone_mapping;E,2.0,0
41-2022,ba_plus,0.1,partial:ONET_JobZone_mapping;E,2.0,0
41-2022,hs,0.55,partial:ONET_JobZone_mapping;E,2.0,0
41-2022,lt_hs,0.1,partial:ONET_JobZone_mapping;E,2.0,0
41-2022,some_college,0.25,partial:ONET_JobZone_mapping;E,2.0,0
41-2031,ba_plus,0.1,partial:ONET_JobZone_mapping;E,2.0,0
41-2031,hs,0.55,partial:ONET_JobZone_mapping;E,2.0,0
41-2031,lt_hs,0.1,partial:ONET_JobZone_mapping;E,2.0,0
41-2031,some_college,0.25,partial:ONET_JobZone_mapping;E,2.0,0
41-3011,ba_plus,0.65,partial:ONET_JobZone_mapping;E,4.0,0
41-3011,hs,0.1,partial:ONET_JobZone_mapping;E,4.0,0
41-3011,lt_hs,0.01,partial:ONET_JobZone_mapping;E,4.0,0
41-3011,some_college,0.24,partial:ONET_JobZone_mapping;E,4.0,0
41-3021,ba_plus,0.65,partial:ONET_JobZone_mapping;E,4.0,0
41-3021,hs,0.1,partial:ONET_JobZone_mapping;E,4.0,0
41-3021,lt_hs,0.01,partial:ONET_JobZone_mapping;E,4.0,0
41-3021,some_college,0.24,partial:ONET_JobZone_mapping;E,4.0,0
41-3031,ba_plus,0.65,partial:ONET_JobZone_mapping;E,4.0,0
41-3031,hs,0.1,partial:ONET_JobZone_mapping;E,4.0,0
41-3031,lt_hs,0.01,partial:ONET_JobZone_mapping;E,4.0,0
41-3031,some_college,0.24,partial:ONET_JobZone_mapping;E,4.0,0
41-3041,ba_plus,0.2,partial:ONET_JobZone_mapping;E,3.0,0
41-3041,hs,0.35,partial:ONET_JobZone_mapping;E,3.0,0
41-3041,lt_hs,0.03,partial:ONET_JobZone_mapping;E,3.0,0
41-3041,some_college,0.42,partial:ONET_JobZone_mapping;E,3.0,0
41-3091,ba_plus,0.23393788369279236,partial:ONET_JobZone_mapping;E,2.4999548657608353,1
41-3091,hs,0.4379731745270636,partial:ONET_JobZone_mapping;E,2.4999548657608353,1
41-3091,lt_hs,0.07701158335051747,partial:ONET_JobZone_mapping;E,2.4999548657608353,1
41-3091,some_college,0.25107735842962664,partial:ONET_JobZone_mapping;E,2.4999548657608353,1
41-4011,ba_plus,0.65,partial:ONET_JobZone_mapping;E,4.0,0
41-4011,hs,0.1,partial:ONET_JobZone_mapping;E,4.0,0
41-4011,lt_hs,0.01,partial:ONET_JobZone_mapping;E,4.0,0
41-4011,some_college,0.24,partial:ONET_JobZone_mapping;E,4.0,0
41-4012,ba_plus,0.65,partial:ONET_JobZone_mapping;E,4.0,0
41-4012,hs,0.1,partial:ONET_JobZone_mapping;E,4.0,0
41-4012,lt_hs,0.01,partial:ONET_JobZone_mapping;E,4.0,0
41-4012,some_college,0.24,partial:ONET_JobZone_mapping;E,4.0,0
41-9011,ba_plus,0.1,partial:ONET_JobZone_mapping;E,2.0,0
41-9011,hs,0.55,partial:ONET_JobZone_mapping;E,2.0,0
41-9011,lt_hs,0.1,partial:ONET_JobZone_mapping;E,2.0,0
41-9011,some_college,0.25,partial:ONET_JobZone_mapping;E,2.0,0
41-9012,ba_plus,0.1,partial:ONET_JobZone_mapping;E,2.0,0
41-9012,hs,0.55,partial:ONET_JobZone_mapping;E,2.0,0
41-9012,lt_hs,0.1,partial:ONET_JobZone_mapping;E,2.0,0
41-9012,some_college,0.25,partial:ONET_JobZone_mapping;E,2.0,0
41-9021,ba_plus,0.65,partial:ONET_JobZone_mapping;E,4.0,0
41-9021,hs,0.1,partial:ONET_JobZone_mapping;E,4.0,0
41-9021,lt_hs,0.01,partial:ONET_JobZone_mapping;E,4.0,0
41-9021,some_college,0.24,partial:ONET_JobZone_mapping;E,4.0,0
41-9022,ba_plus,0.2,partial:ONET_JobZone_mapping;E,3.0,0
41-9022,hs,0.35,partial:ONET_JobZone_mapping;E,3.0,0
41-9022,lt_hs,0.03,partial:ONET_JobZone_mapping;E,3.0,0
41-9022,some_college,0.42,partial:ONET_JobZone_mapping;E,3.0,0
41-9031,ba_plus,0.65,partial:ONET_JobZone_mapping;E,4.0,0
41-9031,hs,0.1,partial:ONET_JobZone_mapping;E,4.0,0
41-9031,lt_hs,0.01,partial:ONET_JobZone_mapping;E,4.0,0
41-9031,some_college,0.24,partial:ONET_JobZone_mapping;E,4.0,0
41-9041,ba_plus,0.1,partial:ONET_JobZone_mapping;E,2.0,0
41-9041,hs,0.55,partial:ONET_JobZone_mapping;E,2.0,0
41-9041,lt_hs,0.1,partial:ONET_JobZone_mapping;E,2.0,0
41-9041,some_college,0.25,partial:ONET_JobZone_mapping;E,2.0,0
41-9091,ba_plus,0.05,partial:ONET_JobZone_mapping;E,1.0,0
41-9091,hs,0.55,partial:ONET_JobZone_mapping;E,1.0,0
41-9091,lt_hs,0.25,partial:ONET_JobZone_mapping;E,1.0,0
41-9091,some_college,0.15,partial:ONET_JobZone_mapping;E,1.0,0
41-9099,ba_plus,0.23393788369279236,partial:ONET_JobZone_mapping;E,2.4999548657608353,1
41-9099,hs,0.4379731745270636,partial:ONET_JobZone_mapping;E,2.4999548657608353,1
41-9099,lt_hs,0.07701158335051747,partial:ONET_JobZone_mapping;E,2.4999548657608353,1
41-9099,some_college,0.25107735842962664,partial:ONET_JobZone_mapping;E,2.4999548657608353,1
43-1011,ba_plus,0.2,partial:ONET_JobZone_mapping;E,3.0,0
43-1011,hs,0.35,partial:ONET_JobZone_mapping;E,3.0,0
43-1011,lt_hs,0.03,partial:ONET_JobZone_mapping;E,3.0,0
43-1011,some_college,0.42,partial:ONET_JobZone_mapping;E,3.0,0
43-2011,ba_plus,0.1,partial:ONET_JobZone_mapping;E,2.0,0
43-2011,hs,0.55,partial:ONET_JobZone_mapping;E,2.0,0
43-2011,lt_hs,0.1,partial:ONET_JobZone_mapping;E,2.0,0
43-2011,some_college,0.25,partial:ONET_JobZone_mapping;E,2.0,0
43-2021,ba_plus,0.1,partial:ONET_JobZone_mapping;E,2.0,0
43-2021,hs,0.55,partial:ONET_JobZone_mapping;E,2.0,0
43-2021,lt_hs,0.1,partial:ONET_JobZone_mapping;E,2.0,0
43-2021,some_college,0.25,partial:ONET_JobZone_mapping;E,2.0,0
43-2099,ba_plus,0.12639743367083067,partial:ONET_JobZone_mapping;E,2.2621044527946568,1
43-2099,hs,0.49755239681373087,partial:ONET_JobZone_mapping;E,2.2621044527946568,1
43-2099,lt_hs,0.08167940093171192,partial:ONET_JobZone_mapping;E,2.2621044527946568,1
43-2099,some_college,0.29437076858372657,partial:ONET_JobZone_mapping;E,2.2621044527946568,1
43-3011,ba_plus,0.1,partial:ONET_JobZone_mapping;E,2.0,0
43-3011,hs,0.55,partial:ONET_JobZone_mapping;E,2.0,0
43-3011,lt_hs,0.1,partial:ONET_JobZone_mapping;E,2.0,0
43-3011,some_college,0.25,partial:ONET_JobZone_mapping;E,2.0,0
43-3021,ba_plus,0.1,partial:ONET_JobZone_mapping;E,2.0,0
43-3021,hs,0.55,partial:ONET_JobZone_mapping;E,2.0,0
43-3021,lt_hs,0.1,partial:ONET_JobZone_mapping;E,2.0,0
43-3021,some_college,0.25,partial:ONET_JobZone_mapping;E,2.0,0
43-3031,ba_plus,0.2,partial:ONET_JobZone_mapping;E,3.0,0
43-3031,hs,0.35,partial:ONET_JobZone_mapping;E,3.0,0
43-3031,lt_hs,0.03,partial:ONET_JobZone_mapping;E,3.0,0
43-3031,some_college,0.42,partial:ONET_JobZone_mapping;E,3.0,0
43-3041,ba_plus,0.1,partial:ONET_JobZone_mapping;E,2.0,0
43-3041,hs,0.55,partial:ONET_JobZone_mapping;E,2.0,0
43-3041,lt_hs,0.1,partial:ONET_JobZone_mapping;E,2.0,0
43-3041,some_college,0.25,partial:ONET_JobZone_mapping;E,2.0,0
43-3051,ba_plus,0.1,partial:ONET_JobZone_mapping;E,2.0,0
43-3051,hs,0.55,partial:ONET_JobZone_mapping;E,2.0,0
43-3051,lt_hs,0.1,partial:ONET_JobZone_mapping;E,2.0,0
43-3051,some_college,0.25,partial:ONET_JobZone_mapping;E,2.0,0
43-3061,ba_plus,0.2,partial:ONET_JobZone_mapping;E,3.0,0
43-3061,hs,0.35,partial:ONET_JobZone_mapping;E,3.0,0
43-3061,lt_hs,0.03,partial:ONET_JobZone_mapping;E,3.0,0
43-3061,some_college,0.42,partial:ONET_JobZone_mapping;E,3.0,0
43-3071,ba_plus,0.1,partial:ONET_JobZone_mapping;E,2.0,0
43-3071,hs,0.55,partial:ONET_JobZone_mapping;E,2.0,0
43-3071,lt_hs,0.1,partial:ONET_JobZone_mapping;E,2.0,0
43-3071,some_college,0.25,partial:ONET_JobZone_mapping;E,2.0,0
43-3099,ba_plus,0.12639743367083067,partial:ONET_JobZone_mapping;E,2.2621044527946568,1
43-3099,hs,0.49755239681373087,partial:ONET_JobZone_mapping;E,2.2621044527946568,1
43-3099,lt_hs,0.08167940093171192,partial:ONET_JobZone_mapping;E,2.2621044527946568,1
43-3099,some_college,0.29437076858372657,partial:ONET_JobZone_mapping;E,2.2621044527946568,1
43-4011,ba_plus,0.2,partial:ONET_JobZone_mapping;E,3.0,0
43-4011,hs,0.35,partial:ONET_JobZone_mapping;E,3.0,0
43-4011,lt_hs,0.03,partial:ONET_JobZone_mapping;E,3.0,0
43-4011,some_college,0.42,partial:ONET_JobZone_mapping;E,3.0,0
43-4021,ba_plus,0.1,partial:ONET_JobZone_mapping;E,2.0,0
43-4021,hs,0.55,partial:ONET_JobZone_mapping;E,2.0,0
43-4021,lt_hs,0.1,partial:ONET_JobZone_mapping;E,2.0,0
43-4021,some_college,0.25,partial:ONET_JobZone_mapping;E,2.0,0
43-4031,ba_plus,0.1,partial:ONET_JobZone_mapping;E,2.0,0
43-4031,hs,0.55,partial:ONET_JobZone_mapping;E,2.0,0
43-4031,lt_hs,0.1,partial:ONET_JobZone_mapping;E,2.0,0
43-4031,some_college,0.25,partial:ONET_JobZone_mapping;E,2.0,0
43-4041,ba_plus,0.1,partial:ONET_JobZone_mapping;E,2.0,0
43-4041,hs,0.55,partial:ONET_JobZone_mapping;E,2.0,0
43-4041,lt_hs,0.1,partial:ONET_JobZone_mapping;E,2.0,0
43-4041,some_college,0.25,partial:ONET_JobZone_mapping;E,2.0,0
43-4051,ba_plus,0.1,partial:ONET_JobZone_mapping;E,2.0,0
43-4051,hs,0.55,partial:ONET_JobZone_mapping;E,2.0,0
43-4051,lt_hs,0.1,partial:ONET_JobZone_mapping;E,2.0,0
43-4051,some_college,0.25,partial:ONET_JobZone_mapping;E,2.0,0
43-4061,ba_plus,0.2,partial:ONET_JobZone_mapping;E,3.0,0
43-4061,hs,0.35,partial:ONET_JobZone_mapping;E,3.0,0
43-4061,lt_hs,0.03,partial:ONET_JobZone_mapping;E,3.0,0
43-4061,some_college,0.42,partial:ONET_JobZone_mapping;E,3.0,0
43-4071,ba_plus,0.1,partial:ONET_JobZone_mapping;E,2.0,0
43-4071,hs,0.55,partial:ONET_JobZone_mapping;E,2.0,0
43-4071,lt_hs,0.1,partial:ONET_JobZone_mapping;E,2.0,0
43-4071,some_college,0.25,partial:ONET_JobZone_mapping;E,2.0,0
43-4081,ba_plus,0.1,partial:ONET_JobZone_mapping;E,2.0,0
43-4081,hs,0.55,partial:ONET_JobZone_mapping;E,2.0,0
43-4081,lt_hs,0.1,partial:ONET_JobZone_mapping;E,2.0,0
43-4081,some_college,0.25,partial:ONET_JobZone_mapping;E,2.0,0
43-4111,ba_plus,0.2,partial:ONET_JobZone_mapping;E,3.0,0
43-4111,hs,0.35,partial:ONET_JobZone_mapping;E,3.0,0
43-4111,lt_hs,0.03,partial:ONET_JobZone_mapping;E,3.0,0
43-4111,some_college,0.42,partial:ONET_JobZone_mapping;E,3.0,0
43-4121,ba_plus,0.1,partial:ONET_JobZone_mapping;E,2.0,0
43-4121,hs,0.55,partial:ONET_JobZone_mapping;E,2.0,0
43-4121,lt_hs,0.1,partial:ONET_JobZone_mapping;E,2.0,0
43-4121,some_college,0.25,partial:ONET_JobZone_mapping;E,2.0,0
43-4131,ba_plus,0.2,partial:ONET_JobZone_mapping;E,3.0,0
43-4131,hs,0.35,partial:ONET_JobZone_mapping;E,3.0,0
43-4131,lt_hs,0.03,partial:ONET_JobZone_mapping;E,3.0,0
43-4131,some_college,0.42,partial:ONET_JobZone_mapping;E,3.0,0
43-4141,ba_plus,0.2,partial:ONET_JobZone_mapping;E,3.0,0
43-4141,hs,0.35,partial:ONET_JobZone_mapping;E,3.0,0
43-4141,lt_hs,0.03,partial:ONET_JobZone_mapping;E,3.0,0
43-4141,some_college,0.42,partial:ONET_JobZone_mapping;E,3.0,0
43-4151,ba_plus,0.1,partial:ONET_JobZone_mapping;E,2.0,0
43-4151,hs,0.55,partial:ONET_JobZone_mapping;E,2.0,0
43-4151,lt_hs,0.1,partial:ONET_JobZone_mapping;E,2.0,0
43-4151,some_college,0.25,partial:ONET_JobZone_mapping;E,2.0,0
43-4161,ba_plus,0.2,partial:ONET_JobZone_mapping;E,3.0,0
43-4161,hs,0.35,partial:ONET_JobZone_mapping;E,3.0,0
43-4161,lt_hs,0.03,partial:ONET_JobZone_mapping;E,3.0,0
43-4161,some_college,0.42,partial:ONET_JobZone_mapping;E,3.0,0
43-4171,ba_plus,0.1,partial:ONET_JobZone_mapping;E,2.0,0
43-4171,hs,0.55,partial:ONET_JobZone_mapping;E,2.0,0
43-4171,lt_hs,0.1,partial:ONET_JobZone_mapping;E,2.0,0
43-4171,some_college,0.25,partial:ONET_JobZone_mapping;E,2.0,0
43-4181,ba_plus,0.1,partial:ONET_JobZone_mapping;E,2.0,0
43-4181,hs,0.55,partial:ONET_JobZone_mapping;E,2.0,0
43-4181,lt_hs,0.1,partial:ONET_JobZone_mapping;E,2.0,0
43-4181,some_college,0.25,partial:ONET_JobZone_mapping;E,2.0,0
43-4199,ba_plus,0.12639743367083067,partial:ONET_JobZone_mapping;E,2.2621044527946568,1
43-4199,hs,0.49755239681373087,partial:ONET_JobZone_mapping;E,2.2621044527946568,1
43-4199,lt_hs,0.08167940093171192,partial:ONET_JobZone_mapping;E,2.2621044527946568,1
43-4199,some_college,0.29437076858372657,partial:ONET_JobZone_mapping;E,2.2621044527946568,1
43-5011,ba_plus,0.13333333333333333,partial:ONET_JobZone_mapping;E,2.333333333333333,0
43-5011,hs,0.48333333333333334,partial:ONET_JobZone_mapping;E,2.333333333333333,0
43-5011,lt_hs,0.07666666666666666,partial:ONET_JobZone_mapping;E,2.333333333333333,0
43-5011,some_college,0.30666666666666664,partial:ONET_JobZone_mapping;E,2.333333333333333,0
43-5021,ba_plus,0.1,partial:ONET_JobZone_mapping;E,2.0,0
43-5021,hs,0.55,partial:ONET_JobZone_mapping;E,2.0,0
43-5021,lt_hs,0.1,partial:ONET_JobZone_mapping;E,2.0,0
43-5021,some_college,0.25,partial:ONET_JobZone_mapping;E,2.0,0
43-5031,ba_plus,0.1,partial:ONET_JobZone_mapping;E,2.0,0
43-5031,hs,0.55,partial:ONET_JobZone_mapping;E,2.0,0
43-5031,lt_hs,0.1,partial:ONET_JobZone_mapping;E,2.0,0
43-5031,some_college,0.25,partial:ONET_JobZone_mapping;E,2.0,0
43-5032,ba_plus,0.1,partial:ONET_JobZone_mapping;E,2.0,0
43-5032,hs,0.55,partial:ONET_JobZone_mapping;E,2.0,0
43-5032,lt_hs,0.1,partial:ONET_JobZone_mapping;E,2.0,0
43-5032,some_college,0.25,partial:ONET_JobZone_mapping;E,2.0,0
43-5041,ba_plus,0.1,partial:ONET_JobZone_mapping;E,2.0,0
43-5041,hs,0.55,partial:ONET_JobZone_mapping;E,2.0,0
43-5041,lt_hs,0.1,partial:ONET_JobZone_mapping;E,2.0,0
43-5041,some_college,0.25,partial:ONET_JobZone_mapping;E,2.0,0
43-5051,ba_plus,0.1,partial:ONET_JobZone_mapping;E,2.0,0
43-5051,hs,0.55,partial:ONET_JobZone_mapping;E,2.0,0
43-5051,lt_hs,0.1,partial:ONET_JobZone_mapping;E,2.0,0
43-5051,some_college,0.25,partial:ONET_JobZone_mapping;E,2.0,0
43-5052,ba_plus,0.1,partial:ONET_JobZone_mapping;E,2.0,0
43-5052,hs,0.55,partial:ONET_JobZone_mapping;E,2.0,0
43-5052,lt_hs,0.1,partial:ONET_JobZone_mapping;E,2.0,0
43-5052,some_college,0.25,partial:ONET_JobZone_mapping;E,2.0,0
43-5053,ba_plus,0.1,partial:ONET_JobZone_mapping;E,2.0,0
43-5053,hs,0.55,partial:ONET_JobZone_mapping;E,2.0,0
43-5053,lt_hs,0.1,partial:ONET_JobZone_mapping;E,2.0,0
43-5053,some_college,0.25,partial:ONET_JobZone_mapping;E,2.0,0
43-5061,ba_plus,0.2,partial:ONET_JobZone_mapping;E,3.0,0
43-5061,hs,0.35,partial:ONET_JobZone_mapping;E,3.0,0
43-5061,lt_hs,0.03,partial:ONET_JobZone_mapping;E,3.0,0
43-5061,some_college,0.42,partial:ONET_JobZone_mapping;E,3.0,0
43-5071,ba_plus,0.1,partial:ONET_JobZone_mapping;E,2.0,0
43-5071,hs,0.55,partial:ONET_JobZone_mapping;E,2.0,0
43-5071,lt_hs,0.1,partial:ONET_JobZone_mapping;E,2.0,0
43-5071,some_college,0.25,partial:ONET_JobZone_mapping;E,2.0,0
43-5111,ba_plus,0.1,partial:ONET_JobZone_mapping;E,2.0,0
43-5111,hs,0.55,partial:ONET_JobZone_mapping;E,2.0,0
43-5111,lt_hs,0.1,partial:ONET_JobZone_mapping;E,2.0,0
43-5111,some_college,0.25,partial:ONET_JobZone_mapping;E,2.0,0
43-6011,ba_plus,0.2,partial:ONET_JobZone_mapping;E,3.0,0
43-6011,hs,0.35,partial:ONET_JobZone_mapping;E,3.0,0
43-6011,lt_hs,0.03,partial:ONET_JobZone_mapping;E,3.0,0
43-6011,some_college,0.42,partial:ONET_JobZone_mapping;E,3.0,0
43-6012,ba_plus,0.2,partial:ONET_JobZone_mapping;E,3.0,0
43-6012,hs,0.35,partial:ONET_JobZone_mapping;E,3.0,0
43-6012,lt_hs,0.03,partial:ONET_JobZone_mapping;E,3.0,0
43-6012,some_college,0.42,partial:ONET_JobZone_mapping;E,3.0,0
43-6013,ba_plus,0.1,partial:ONET_JobZone_mapping;E,2.0,0
43-6013,hs,0.55,partial:ONET_JobZone_mapping;E,2.0,0
43-6013,lt_hs,0.1,partial:ONET_JobZone_mapping;E,2.0,0
43-6013,some_college,0.25,partial:ONET_JobZone_mapping;E,2.0,0
43-6014,ba_plus,0.1,partial:ONET_JobZone_mapping;E,2.0,0
43-6014,hs,0.55,partial:ONET_JobZone_mapping;E,2.0,0
43-6014,lt_hs,0.1,partial:ONET_JobZone_mapping;E,2.0,0
43-6014,some_college,0.25,partial:ONET_JobZone_mapping;E,2.0,0
43-9021,ba_plus,0.1,partial:ONET_JobZone_mapping;E,2.0,0
43-9021,hs,0.55,partial:ONET_JobZone_mapping;E,2.0,0
43-9021,lt_hs,0.1,partial:ONET_JobZone_mapping;E,2.0,0
43-9021,some_college,0.25,partial:ONET_JobZone_mapping;E,2.0,0
43-9022,ba_plus,0.1,partial:ONET_JobZone_mapping;E,2.0,0
43-9022,hs,0.55,partial:ONET_JobZone_mapping;E,2.0,0
43-9022,lt_hs,0.1,partial:ONET_JobZone_mapping;E,2.0,0
43-9022,some_college,0.25,partial:ONET_JobZone_mapping;E,2.0,0
43-9031,ba_plus,0.2,partial:ONET_JobZone_mapping;E,3.0,0
43-9031,hs,0.35,partial:ONET_JobZone_mapping;E,3.0,0
43-9031,lt_hs,0.03,partial:ONET_JobZone_mapping;E,3.0,0
43-9031,some_college,0.42,partial:ONET_JobZone_mapping;E,3.0,0
43-9041,ba_plus,0.1,partial:ONET_JobZone_mapping;E,2.0,0
43-9041,hs,0.55,partial:ONET_JobZone_mapping;E,2.0,0
43-9041,lt_hs,0.1,partial:ONET_JobZone_mapping;E,2.0,0
43-9041,some_college,0.25,partial:ONET_JobZone_mapping;E,2.0,0
43-9051,ba_plus,0.1,partial:ONET_JobZone_mapping;E,2.0,0
43-9051,hs,0.55,partial:ONET_JobZone_mapping;E,2.0,0
43-9051,lt_hs,0.1,partial:ONET_JobZone_mapping;E,2.0,0
43-9051,some_college,0.25,partial:ONET_JobZone_mapping;E,2.0,0
43-9061,ba_plus,0.1,partial:ONET_JobZone_mapping;E,2.0,0
43-9061,hs,0.55,partial:ONET_JobZone_mapping;E,2.0,0
43-9061,lt_hs,0.1,partial:ONET_JobZone_mapping;E,2.0,0
43-9061,some_college,0.25,partial:ONET_JobZone_mapping;E,2.0,0
43-9071,ba_plus,0.1,partial:ONET_JobZone_mapping;E,2.0,0
43-9071,hs,0.55,partial:ONET_JobZone_mapping;E,2.0,0
43-9071,lt_hs,0.1,partial:ONET_JobZone_mapping;E,2.0,0
43-9071,some_college,0.25,partial:ONET_JobZone_mapping;E,2.0,0
43-9081,ba_plus,0.65,partial:ONET_JobZone_mapping;E,4.0,0
43-9081,hs,0.1,partial:ONET_JobZone_mapping;E,4.0,0
43-9081,lt_hs,0.01,partial:ONET_JobZone_mapping;E,4.0,0
43-9081,some_college,0.24,partial:ONET_JobZone_mapping;E,4.0,0
43-9111,ba_plus,0.65,partial:ONET_JobZone_mapping;E,4.0,0
43-9111,hs,0.1,partial:ONET_JobZone_mapping;E,4.0,0
43-9111,lt_hs,0.01,partial:ONET_JobZone_mapping;E,4.0,0
43-9111,some_college,0.24,partial:ONET_JobZone_mapping;E,4.0,0
43-9199,ba_plus,0.12639743367083067,partial:ONET_JobZone_mapping;E,2.2621044527946568,1
43-9199,hs,0.49755239681373087,partial:ONET_JobZone_mapping;E,2.2621044527946568,1
43-9199,lt_hs,0.08167940093171192,partial:ONET_JobZone_mapping;E,2.2621044527946568,1
43-9199,some_college,0.29437076858372657,partial:ONET_JobZone_mapping;E,2.2621044527946568,1
45-1011,ba_plus,0.2,partial:ONET_JobZone_mapping;E,3.0,0
45-1011,hs,0.35,partial:ONET_JobZone_mapping;E,3.0,0
45-1011,lt_hs,0.03,partial:ONET_JobZone_mapping;E,3.0,0
45-1011,some_college,0.42,partial:ONET_JobZone_mapping;E,3.0,0
45-2011,ba_plus,0.1,partial:ONET_JobZone_mapping;E,2.0,0
45-2011,hs,0.55,partial:ONET_JobZone_mapping;E,2.0,0
45-2011,lt_hs,0.1,partial:ONET_JobZone_mapping;E,2.0,0
45-2011,some_college,0.25,partial:ONET_JobZone_mapping;E,2.0,0
45-2021,ba_plus,0.1,partial:ONET_JobZone_mapping;E,2.0,0
45-2021,hs,0.55,partial:ONET_JobZone_mapping;E,2.0,0
45-2021,lt_hs,0.1,partial:ONET_JobZone_mapping;E,2.0,0
45-2021,some_college,0.25,partial:ONET_JobZone_mapping;E,2.0,0
45-2041,ba_plus,0.05,partial:ONET_JobZone_mapping;E,1.0,0
45-2041,hs,0.55,partial:ONET_JobZone_mapping;E,1.0,0
45-2041,lt_hs,0.25,partial:ONET_JobZone_mapping;E,1.0,0
45-2041,some_college,0.15,partial:ONET_JobZone_mapping;E,1.0,0
45-2091,ba_plus,0.05,partial:ONET_JobZone_mapping;E,1.0,0
45-2091,hs,0.55,partial:ONET_JobZone_mapping;E,1.0,0
45-2091,lt_hs,0.25,partial:ONET_JobZone_mapping;E,1.0,0
45-2091,some_college,0.15,partial:ONET_JobZone_mapping;E,1.0,0
45-2092,ba_plus,0.05,partial:ONET_JobZone_mapping;E,1.0,0
45-2092,hs,0.55,partial:ONET_JobZone_mapping;E,1.0,0
45-2092,lt_hs,0.25,partial:ONET_JobZone_mapping;E,1.0,0
45-2092,some_college,0.15,partial:ONET_JobZone_mapping;E,1.0,0
45-2093,ba_plus,0.1,partial:ONET_JobZone_mapping;E,2.0,0
45-2093,hs,0.55,partial:ONET_JobZone_mapping;E,2.0,0
45-2093,lt_hs,0.1,partial:ONET_JobZone_mapping;E,2.0,0
45-2093,some_college,0.25,partial:ONET_JobZone_mapping;E,2.0,0
45-2099,ba_plus,0.06790792540792541,partial:ONET_JobZone_mapping;E,1.2788811188811189,1
45-2099,hs,0.5341445221445221,partial:ONET_JobZone_mapping;E,1.2788811188811189,1
45-2099,lt_hs,0.21451002331002328,partial:ONET_JobZone_mapping;E,1.2788811188811189,1
45-2099,some_college,0.18343752913752914,partial:ONET_JobZone_mapping;E,1.2788811188811189,1
45-4011,ba_plus,0.2,partial:ONET_JobZone_mapping;E,3.0,0
45-4011,hs,0.35,partial:ONET_JobZone_mapping;E,3.0,0
45-4011,lt_hs,0.03,partial:ONET_JobZone_mapping;E,3.0,0
45-4011,some_college,0.42,partial:ONET_JobZone_mapping;E,3.0,0
45-4021,ba_plus,0.05,partial:ONET_JobZone_mapping;E,1.0,0
45-4021,hs,0.55,partial:ONET_JobZone_mapping;E,1.0,0
45-4021,lt_hs,0.25,partial:ONET_JobZone_mapping;E,1.0,0
45-4021,some_college,0.15,partial:ONET_JobZone_mapping;E,1.0,0
45-4022,ba_plus,0.05,partial:ONET_JobZone_mapping;E,1.0,0
45-4022,hs,0.55,partial:ONET_JobZone_mapping;E,1.0,0
45-4022,lt_hs,0.25,partial:ONET_JobZone_mapping;E,1.0,0
45-4022,some_college,0.15,partial:ONET_JobZone_mapping;E,1.0,0
45-4023,ba_plus,0.1,partial:ONET_JobZone_mapping;E,2.0,0
45-4023,hs,0.55,partial:ONET_JobZone_mapping;E,2.0,0
45-4023,lt_hs,0.1,partial:ONET_JobZone_mapping;E,2.0,0
45-4023,some_college,0.25,partial:ONET_JobZone_mapping;E,2.0,0
45-4029,ba_plus,0.06790792540792541,partial:ONET_JobZone_mapping;E,1.2788811188811189,1
45-4029,hs,0.5341445221445221,partial:ONET_JobZone_mapping;E,1.2788811188811189,1
45-4029,lt_hs,0.21451002331002328,partial:ONET_JobZone_mapping;E,1.2788811188811189,1
45-4029,some_college,0.18343752913752914,partial:ONET_JobZone_mapping;E,1.2788811188811189,1
47-1011,ba_plus,0.2,partial:ONET_JobZone_mapping;E,3.0,0
47-1011,hs,0.35,partial:ONET_JobZone_mapping;E,3.0,0
47-1011,lt_hs,0.03,partial:ONET_JobZone_mapping;E,3.0,0
47-1011,some_college,0.42,partial:ONET_JobZone_mapping;E,3.0,0
47-2011,ba_plus,0.2,partial:ONET_JobZone_mapping;E,3.0,0
47-2011,hs,0.35,partial:ONET_JobZone_mapping;E,3.0,0
47-2011,lt_hs,0.03,partial:ONET_JobZone_mapping;E,3.0,0
47-2011,some_college,0.42,partial:ONET_JobZone_mapping;E,3.0,0
47-2021,ba_plus,0.1,partial:ONET_JobZone_mapping;E,2.0,0
47-2021,hs,0.55,partial:ONET_JobZone_mapping;E,2.0,0
47-2021,lt_hs,0.1,partial:ONET_JobZone_mapping;E,2.0,0
47-2021,some_college,0.25,partial:ONET_JobZone_mapping;E,2.0,0
47-2022,ba_plus,0.2,partial:ONET_JobZone_mapping;E,3.0,0
47-2022,hs,0.35,partial:ONET_JobZone_mapping;E,3.0,0
47-2022,lt_hs,0.03,partial:ONET_JobZone_mapping;E,3.0,0
47-2022,some_college,0.42,partial:ONET_JobZone_mapping;E,3.0,0
47-2031,ba_plus,0.1,partial:ONET_JobZone_mapping;E,2.0,0
47-2031,hs,0.55,partial:ONET_JobZone_mapping;E,2.0,0
47-2031,lt_hs,0.1,partial:ONET_JobZone_mapping;E,2.0,0
47-2031,some_college,0.25,partial:ONET_JobZone_mapping;E,2.0,0
47-2041,ba_plus,0.1,partial:ONET_JobZone_mapping;E,2.0,0
47-2041,hs,0.55,partial:ONET_JobZone_mapping;E,2.0,0
47-2041,lt_hs,0.1,partial:ONET_JobZone_mapping;E,2.0,0
47-2041,some_college,0.25,partial:ONET_JobZone_mapping;E,2.0,0
47-2042,ba_plus,0.1,partial:ONET_JobZone_mapping;E,2.0,0
47-2042,hs,0.55,partial:ONET_JobZone_mapping;E,2.0,0
47-2042,lt_hs,0.1,partial:ONET_JobZone_mapping;E,2.0,0
47-2042,some_college,0.25,partial:ONET_JobZone_mapping;E,2.0,0
47-2043,ba_plus,0.05,partial:ONET_JobZone_mapping;E,1.0,0
47-2043,hs,0.55,partial:ONET_JobZone_mapping;E,1.0,0
47-2043,lt_hs,0.25,partial:ONET_JobZone_mapping;E,1.0,0
47-2043,some_college,0.15,partial:ONET_JobZone_mapping;E,1.0,0
47-2044,ba_plus,0.1,partial:ONET_JobZone_mapping;E,2.0,0
47-2044,hs,0.55,partial:ONET_JobZone_mapping;E,2.0,0
47-2044,lt_hs,0.1,partial:ONET_JobZone_mapping;E,2.0,0
47-2044,some_college,0.25,partial:ONET_JobZone_mapping;E,2.0,0
47-2051,ba_plus,0.05,partial:ONET_JobZone_mapping;E,1.0,0
47-2051,hs,0.55,partial:ONET_JobZone_mapping;E,1.0,0
47-2051,lt_hs,0.25,partial:ONET_JobZone_mapping;E,1.0,0
47-2051,some_college,0.15,partial:ONET_JobZone_mapping;E,1.0,0
47-2053,ba_plus,0.1,partial:ONET_JobZone_mapping;E,2.0,0
47-2053,hs,0.55,partial:ONET_JobZone_mapping;E,2.0,0
47-2053,lt_hs,0.1,partial:ONET_JobZone_mapping;E,2.0,0
47-2053,some_college,0.25,partial:ONET_JobZone_mapping;E,2.0,0
47-2061,ba_plus,0.1,partial:ONET_JobZone_mapping;E,2.0,0
47-2061,hs,0.55,partial:ONET_JobZone_mapping;E,2.0,0
47-2061,lt_hs,0.1,partial:ONET_JobZone_mapping;E,2.0,0
47-2061,some_college,0.25,partial:ONET_JobZone_mapping;E,2.0,0
47-2071,ba_plus,0.1,partial:ONET_JobZone_mapping;E,2.0,0
47-2071,hs,0.55,partial:ONET_JobZone_mapping;E,2.0,0
47-2071,lt_hs,0.1,partial:ONET_JobZone_mapping;E,2.0,0
47-2071,some_college,0.25,partial:ONET_JobZone_mapping;E,2.0,0
47-2072,ba_plus,0.1,partial:ONET_JobZone_mapping;E,2.0,0
47-2072,hs,0.55,partial:ONET_JobZone_mapping;E,2.0,0
47-2072,lt_hs,0.1,partial:ONET_JobZone_mapping;E,2.0,0
47-2072,some_college,0.25,partial:ONET_JobZone_mapping;E,2.0,0
47-2073,ba_plus,0.1,partial:ONET_JobZone_mapping;E,2.0,0
47-2073,hs,0.55,partial:ONET_JobZone_mapping;E,2.0,0
47-2073,lt_hs,0.1,partial:ONET_JobZone_mapping;E,2.0,0
47-2073,some_college,0.25,partial:ONET_JobZone_mapping;E,2.0,0
47-2081,ba_plus,0.1,partial:ONET_JobZone_mapping;E,2.0,0
47-2081,hs,0.55,partial:ONET_JobZone_mapping;E,2.0,0
47-2081,lt_hs,0.1,partial:ONET_JobZone_mapping;E,2.0,0
47-2081,some_college,0.25,partial:ONET_JobZone_mapping;E,2.0,0
47-2082,ba_plus,0.1,partial:ONET_JobZone_mapping;E,2.0,0
47-2082,hs,0.55,partial:ONET_JobZone_mapping;E,2.0,0
47-2082,lt_hs,0.1,partial:ONET_JobZone_mapping;E,2.0,0
47-2082,some_college,0.25,partial:ONET_JobZone_mapping;E,2.0,0
47-2111,ba_plus,0.2,partial:ONET_JobZone_mapping;E,3.0,0
47-2111,hs,0.35,partial:ONET_JobZone_mapping;E,3.0,0
47-2111,lt_hs,0.03,partial:ONET_JobZone_mapping;E,3.0,0
47-2111,some_college,0.42,partial:ONET_JobZone_mapping;E,3.0,0
47-2121,ba_plus,0.1,partial:ONET_JobZone_mapping;E,2.0,0
47-2121,hs,0.55,partial:ONET_JobZone_mapping;E,2.0,0
47-2121,lt_hs,0.1,partial:ONET_JobZone_mapping;E,2.0,0
47-2121,some_college,0.25,partial:ONET_JobZone_mapping;E,2.0,0
47-2131,ba_plus,0.1,partial:ONET_JobZone_mapping;E,2.0,0
47-2131,hs,0.55,partial:ONET_JobZone_mapping;E,2.0,0
47-2131,lt_hs,0.1,partial:ONET_JobZone_mapping;E,2.0,0
47-2131,some_college,0.25,partial:ONET_JobZone_mapping;E,2.0,0
47-2132,ba_plus,0.1,partial:ONET_JobZone_mapping;E,2.0,0
47-2132,hs,0.55,partial:ONET_JobZone_mapping;E,2.0,0
47-2132,lt_hs,0.1,partial:ONET_JobZone_mapping;E,2.0,0
47-2132,some_college,0.25,partial:ONET_JobZone_mapping;E,2.0,0
47-2141,ba_plus,0.1,partial:ONET_JobZone_mapping;E,2.0,0
47-2141,hs,0.55,partial:ONET_JobZone_mapping;E,2.0,0
47-2141,lt_hs,0.1,partial:ONET_JobZone_mapping;E,2.0,0
47-2141,some_college,0.25,partial:ONET_JobZone_mapping;E,2.0,0
47-2142,ba_plus,0.1,partial:ONET_JobZone_mapping;E,2.0,0
47-2142,hs,0.55,partial:ONET_JobZone_mapping;E,2.0,0
47-2142,lt_hs,0.1,partial:ONET_JobZone_mapping;E,2.0,0
47-2142,some_college,0.25,partial:ONET_JobZone_mapping;E,2.0,0
47-2151,ba_plus,0.1,partial:ONET_JobZone_mapping;E,2.0,0
47-2151,hs,0.55,partial:ONET_JobZone_mapping;E,2.0,0
47-2151,lt_hs,0.1,partial:ONET_JobZone_mapping;E,2.0,0
47-2151,some_college,0.25,partial:ONET_JobZone_mapping;E,2.0,0
47-2152,ba_plus,0.2,partial:ONET_JobZone_mapping;E,3.0,0
47-2152,hs,0.35,partial:ONET_JobZone_mapping;E,3.0,0
47-2152,lt_hs,0.03,partial:ONET_JobZone_mapping;E,3.0,0
47-2152,some_college,0.42,partial:ONET_JobZone_mapping;E,3.0,0
47-2161,ba_plus,0.05,partial:ONET_JobZone_mapping;E,1.0,0
47-2161,hs,0.55,partial:ONET_JobZone_mapping;E,1.0,0
47-2161,lt_hs,0.25,partial:ONET_JobZone_mapping;E,1.0,0
47-2161,some_college,0.15,partial:ONET_JobZone_mapping;E,1.0,0
47-2171,ba_plus,0.1,partial:ONET_JobZone_mapping;E,2.0,0
47-2171,hs,0.55,partial:ONET_JobZone_mapping;E,2.0,0
47-2171,lt_hs,0.1,partial:ONET_JobZone_mapping;E,2.0,0
47-2171,some_college,0.25,partial:ONET_JobZone_mapping;E,2.0,0
47-2181,ba_plus,0.1,partial:ONET_JobZone_mapping;E,2.0,0
47-2181,hs,0.55,partial:ONET_JobZone_mapping;E,2.0,0
47-2181,lt_hs,0.1,partial:ONET_JobZone_mapping;E,2.0,0
47-2181,some_college,0.25,partial:ONET_JobZone_mapping;E,2.0,0
47-2211,ba_plus,0.1,partial:ONET_JobZone_mapping;E,2.0,0
47-2211,hs,0.55,partial:ONET_JobZone_mapping;E,2.0,0
47-2211,lt_hs,0.1,partial:ONET_JobZone_mapping;E,2.0,0
47-2211,some_college,0.25,partial:ONET_JobZone_mapping;E,2.0,0
47-2221,ba_plus,0.1,partial:ONET_JobZone_mapping;E,2.0,0
47-2221,hs,0.55,partial:ONET_JobZone_mapping;E,2.0,0
47-2221,lt_hs,0.1,partial:ONET_JobZone_mapping;E,2.0,0
47-2221,some_college,0.25,partial:ONET_JobZone_mapping;E,2.0,0
47-2231,ba_plus,0.15000000000000002,partial:ONET_JobZone_mapping;E,2.5,0
47-2231,hs,0.45,partial:ONET_JobZone_mapping;E,2.5,0
47-2231,lt_hs,0.065,partial:ONET_JobZone_mapping;E,2.5,0
47-2231,some_college,0.33499999999999996,partial:ONET_JobZone_mapping;E,2.5,0
47-3011,ba_plus,0.1,partial:ONET_JobZone_mapping;E,2.0,0
47-3011,hs,0.55,partial:ONET_JobZone_mapping;E,2.0,0
47-3011,lt_hs,0.1,partial:ONET_JobZone_mapping;E,2.0,0
47-3011,some_college,0.25,partial:ONET_JobZone_mapping;E,2.0,0
47-3012,ba_plus,0.1,partial:ONET_JobZone_mapping;E,2.0,0
47-3012,hs,0.55,partial:ONET_JobZone_mapping;E,2.0,0
47-3012,lt_hs,0.1,partial:ONET_JobZone_mapping;E,2.0,0
47-3012,some_college,0.25,partial:ONET_JobZone_mapping;E,2.0,0
47-3013,ba_plus,0.1,partial:ONET_JobZone_mapping;E,2.0,0
47-3013,hs,0.55,partial:ONET_JobZone_mapping;E,2.0,0
47-3013,lt_hs,0.1,partial:ONET_JobZone_mapping;E,2.0,0
47-3013,some_college,0.25,partial:ONET_JobZone_mapping;E,2.0,0
47-3014,ba_plus,0.05,partial:ONET_JobZone_mapping;E,1.0,0
47-3014,hs,0.55,partial:ONET_JobZone_mapping;E,1.0,0
47-3014,lt_hs,0.25,partial:ONET_JobZone_mapping;E,1.0,0
47-3014,some_college,0.15,partial:ONET_JobZone_mapping;E,1.0,0
47-3015,ba_plus,0.1,partial:ONET_JobZone_mapping;E,2.0,0
47-3015,hs,0.55,partial:ONET_JobZone_mapping;E,2.0,0
47-3015,lt_hs,0.1,partial:ONET_JobZone_mapping;E,2.0,0
47-3015,some_college,0.25,partial:ONET_JobZone_mapping;E,2.0,0
47-3016,ba_plus,0.1,partial:ONET_JobZone_mapping;E,2.0,0
47-3016,hs,0.55,partial:ONET_JobZone_mapping;E,2.0,0
47-3016,lt_hs,0.1,partial:ONET_JobZone_mapping;E,2.0,0
47-3016,some_college,0.25,partial:ONET_JobZone_mapping;E,2.0,0
47-3019,ba_plus,0.13344263145239993,partial:ONET_JobZone_mapping;E,2.308793509058936,1
47-3019,hs,0.47798817600218757,partial:ONET_JobZone_mapping;E,2.308793509058936,1
47-3019,lt_hs,0.08248570324028458,partial:ONET_JobZone_mapping;E,2.308793509058936,1
47-3019,some_college,0.30608348930512796,partial:ONET_JobZone_mapping;E,2.308793509058936,1
47-4011,ba_plus,0.2,partial:ONET_JobZone_mapping;E,3.0,0
47-4011,hs,0.35,partial:ONET_JobZone_mapping;E,3.0,0
47-4011,lt_hs,0.03,partial:ONET_JobZone_mapping;E,3.0,0
47-4011,some_college,0.42,partial:ONET_JobZone_mapping;E,3.0,0
47-4021,ba_plus,0.2,partial:ONET_JobZone_mapping;E,3.0,0
47-4021,hs,0.35,partial:ONET_JobZone_mapping;E,3.0,0
47-4021,lt_hs,0.03,partial:ONET_JobZone_mapping;E,3.0,0
47-4021,some_college,0.42,partial:ONET_JobZone_mapping;E,3.0,0
47-4031,ba_plus,0.1,partial:ONET_JobZone_mapping;E,2.0,0
47-4031,hs,0.55,partial:ONET_JobZone_mapping;E,2.0,0
47-4031,lt_hs,0.1,partial:ONET_JobZone_mapping;E,2.0,0
47-4031,some_college,0.25,partial:ONET_JobZone_mapping;E,2.0,0
47-4041,ba_plus,0.2,partial:ONET_JobZone_mapping;E,3.0,0
47-4041,hs,0.35,partial:ONET_JobZone_mapping;E,3.0,0
47-4041,lt_hs,0.03,partial:ONET_JobZone_mapping;E,3.0,0
47-4041,some_college,0.42,partial:ONET_JobZone_mapping;E,3.0,0
47-4051,ba_plus,0.1,partial:ONET_JobZone_mapping;E,2.0,0
47-4051,hs,0.55,partial:ONET_JobZone_mapping;E,2.0,0
47-4051,lt_hs,0.1,partial:ONET_JobZone_mapping;E,2.0,0
47-4051,some_college,0.25,partial:ONET_JobZone_mapping;E,2.0,0
47-4061,ba_plus,0.1,partial:ONET_JobZone_mapping;E,2.0,0
47-4061,hs,0.55,partial:ONET_JobZone_mapping;E,2.0,0
47-4061,lt_hs,0.1,partial:ONET_JobZone_mapping;E,2.0,0
47-4061,some_college,0.25,partial:ONET_JobZone_mapping;E,2.0,0
47-4071,ba_plus,0.05,partial:ONET_JobZone_mapping;E,1.0,0
47-4071,hs,0.55,partial:ONET_JobZone_mapping;E,1.0,0
47-4071,lt_hs,0.25,partial:ONET_JobZone_mapping;E,1.0,0
47-4071,some_college,0.15,partial:ONET_JobZone_mapping;E,1.0,0
47-4090,ba_plus,0.13344263145239993,partial:ONET_JobZone_mapping;E,2.308793509058936,1
47-4090,hs,0.47798817600218757,partial:ONET_JobZone_mapping;E,2.308793509058936,1
47-4090,lt_hs,0.08248570324028458,partial:ONET_JobZone_mapping;E,2.308793509058936,1
47-4090,some_college,0.30608348930512796,partial:ONET_JobZone_mapping;E,2.308793509058936,1
47-5011,ba_plus,0.05,partial:ONET_JobZone_mapping;E,1.0,0
47-5011,hs,0.55,partial:ONET_JobZone_mapping;E,1.0,0
47-5011,lt_hs,0.25,partial:ONET_JobZone_mapping;E,1.0,0
47-5011,some_college,0.15,partial:ONET_JobZone_mapping;E,1.0,0
47-5012,ba_plus,0.1,partial:ONET_JobZone_mapping;E,2.0,0
47-5012,hs,0.55,partial:ONET_JobZone_mapping;E,2.0,0
47-5012,lt_hs,0.1,partial:ONET_JobZone_mapping;E,2.0,0
47-5012,some_college,0.25,partial:ONET_JobZone_mapping;E,2.0,0
47-5013,ba_plus,0.1,partial:ONET_JobZone_mapping;E,2.0,0
47-5013,hs,0.55,partial:ONET_JobZone_mapping;E,2.0,0
47-5013,lt_hs,0.1,partial:ONET_JobZone_mapping;E,2.0,0
47-5013,some_college,0.25,partial:ONET_JobZone_mapping;E,2.0,0
47-5022,ba_plus,0.1,partial:ONET_JobZone_mapping;E,2.0,0
47-5022,hs,0.55,partial:ONET_JobZone_mapping;E,2.0,0
47-5022,lt_hs,0.1,partial:ONET_JobZone_mapping;E,2.0,0
47-5022,some_college,0.25,partial:ONET_JobZone_mapping;E,2.0,0
47-5023,ba_plus,0.1,partial:ONET_JobZone_mapping;E,2.0,0
47-5023,hs,0.55,partial:ONET_JobZone_mapping;E,2.0,0
47-5023,lt_hs,0.1,partial:ONET_JobZone_mapping;E,2.0,0
47-5023,some_college,0.25,partial:ONET_JobZone_mapping;E,2.0,0
47-5032,ba_plus,0.1,partial:ONET_JobZone_mapping;E,2.0,0
47-5032,hs,0.55,partial:ONET_JobZone_mapping;E,2.0,0
47-5032,lt_hs,0.1,partial:ONET_JobZone_mapping;E,2.0,0
47-5032,some_college,0.25,partial:ONET_JobZone_mapping;E,2.0,0
47-5041,ba_plus,0.1,partial:ONET_JobZone_mapping;E,2.0,0
47-5041,hs,0.55,partial:ONET_JobZone_mapping;E,2.0,0
47-5041,lt_hs,0.1,partial:ONET_JobZone_mapping;E,2.0,0
47-5041,some_college,0.25,partial:ONET_JobZone_mapping;E,2.0,0
47-5043,ba_plus,0.1,partial:ONET_JobZone_mapping;E,2.0,0
47-5043,hs,0.55,partial:ONET_JobZone_mapping;E,2.0,0
47-5043,lt_hs,0.1,partial:ONET_JobZone_mapping;E,2.0,0
47-5043,some_college,0.25,partial:ONET_JobZone_mapping;E,2.0,0
47-5044,ba_plus,0.1,partial:ONET_JobZone_mapping;E,2.0,0
47-5044,hs,0.55,partial:ONET_JobZone_mapping;E,2.0,0
47-5044,lt_hs,0.1,partial:ONET_JobZone_mapping;E,2.0,0
47-5044,some_college,0.25,partial:ONET_JobZone_mapping;E,2.0,0
47-5049,ba_plus,0.13344263145239993,partial:ONET_JobZone_mapping;E,2.308793509058936,1
47-5049,hs,0.47798817600218757,partial:ONET_JobZone_mapping;E,2.308793509058936,1
47-5049,lt_hs,0.08248570324028458,partial:ONET_JobZone_mapping;E,2.308793509058936,1
47-5049,some_college,0.30608348930512796,partial:ONET_JobZone_mapping;E,2.308793509058936,1
47-5051,ba_plus,0.05,partial:ONET_JobZone_mapping;E,1.0,0
47-5051,hs,0.55,partial:ONET_JobZone_mapping;E,1.0,0
47-5051,lt_hs,0.25,partial:ONET_JobZone_mapping;E,1.0,0
47-5051,some_college,0.15,partial:ONET_JobZone_mapping;E,1.0,0
47-5071,ba_plus,0.05,partial:ONET_JobZone_mapping;E,1.0,0
47-5071,hs,0.55,partial:ONET_JobZone_mapping;E,1.0,0
47-5071,lt_hs,0.25,partial:ONET_JobZone_mapping;E,1.0,0
47-5071,some_college,0.15,partial:ONET_JobZone_mapping;E,1.0,0
47-5081,ba_plus,0.1,partial:ONET_JobZone_mapping;E,2.0,0
47-5081,hs,0.55,partial:ONET_JobZone_mapping;E,2.0,0
47-5081,lt_hs,0.1,partial:ONET_JobZone_mapping;E,2.0,0
47-5081,some_college,0.25,partial:ONET_JobZone_mapping;E,2.0,0
47-5099,ba_plus,0.13344263145239993,partial:ONET_JobZone_mapping;E,2.308793509058936,1
47-5099,hs,0.47798817600218757,partial:ONET_JobZone_mapping;E,2.308793509058936,1
47-5099,lt_hs,0.08248570324028458,partial:ONET_JobZone_mapping;E,2.308793509058936,1
47-5099,some_college,0.30608348930512796,partial:ONET_JobZone_mapping;E,2.308793509058936,1
49-1011,ba_plus,0.2,partial:ONET_JobZone_mapping;E,3.0,0
49-1011,hs,0.35,partial:ONET_JobZone_mapping;E,3.0,0
49-1011,lt_hs,0.03,partial:ONET_JobZone_mapping;E,3.0,0
49-1011,some_college,0.42,partial:ONET_JobZone_mapping;E,3.0,0
49-2011,ba_plus,0.2,partial:ONET_JobZone_mapping;E,3.0,0
49-2011,hs,0.35,partial:ONET_JobZone_mapping;E,3.0,0
49-2011,lt_hs,0.03,partial:ONET_JobZone_mapping;E,3.0,0
49-2011,some_college,0.42,partial:ONET_JobZone_mapping;E,3.0,0
49-2021,ba_plus,0.2,partial:ONET_JobZone_mapping;E,3.0,0
49-2021,hs,0.35,partial:ONET_JobZone_mapping;E,3.0,0
49-2021,lt_hs,0.03,partial:ONET_JobZone_mapping;E,3.0,0
49-2021,some_college,0.42,partial:ONET_JobZone_mapping;E,3.0,0
49-2022,ba_plus,0.2,partial:ONET_JobZone_mapping;E,3.0,0
49-2022,hs,0.35,partial:ONET_JobZone_mapping;E,3.0,0
49-2022,lt_hs,0.03,partial:ONET_JobZone_mapping;E,3.0,0
49-2022,some_college,0.42,partial:ONET_JobZone_mapping;E,3.0,0
49-2091,ba_plus,0.2,partial:ONET_JobZone_mapping;E,3.0,0
49-2091,hs,0.35,partial:ONET_JobZone_mapping;E,3.0,0
49-2091,lt_hs,0.03,partial:ONET_JobZone_mapping;E,3.0,0
49-2091,some_college,0.42,partial:ONET_JobZone_mapping;E,3.0,0
49-2092,ba_plus,0.2,partial:ONET_JobZone_mapping;E,3.0,0
49-2092,hs,0.35,partial:ONET_JobZone_mapping;E,3.0,0
49-2092,lt_hs,0.03,partial:ONET_JobZone_mapping;E,3.0,0
49-2092,some_college,0.42,partial:ONET_JobZone_mapping;E,3.0,0
49-2093,ba_plus,0.2,partial:ONET_JobZone_mapping;E,3.0,0
49-2093,hs,0.35,partial:ONET_JobZone_mapping;E,3.0,0
49-2093,lt_hs,0.03,partial:ONET_JobZone_mapping;E,3.0,0
49-2093,some_college,0.42,partial:ONET_JobZone_mapping;E,3.0,0
49-2094,ba_plus,0.2,partial:ONET_JobZone_mapping;E,3.0,0
49-2094,hs,0.35,partial:ONET_JobZone_mapping;E,3.0,0
49-2094,lt_hs,0.03,partial:ONET_JobZone_mapping;E,3.0,0
49-2094,some_college,0.42,partial:ONET_JobZone_mapping;E,3.0,0
49-2095,ba_plus,0.2,partial:ONET_JobZone_mapping;E,3.0,0
49-2095,hs,0.35,partial:ONET_JobZone_mapping;E,3.0,0
49-2095,lt_hs,0.03,partial:ONET_JobZone_mapping;E,3.0,0
49-2095,some_college,0.42,partial:ONET_JobZone_mapping;E,3.0,0
49-2096,ba_plus,0.2,partial:ONET_JobZone_mapping;E,3.0,0
49-2096,hs,0.35,partial:ONET_JobZone_mapping;E,3.0,0
49-2096,lt_hs,0.03,partial:ONET_JobZone_mapping;E,3.0,0
49-2096,some_college,0.42,partial:ONET_JobZone_mapping;E,3.0,0
49-2097,ba_plus,0.2,partial:ONET_JobZone_mapping;E,3.0,0
49-2097,hs,0.35,partial:ONET_JobZone_mapping;E,3.0,0
49-2097,lt_hs,0.03,partial:ONET_JobZone_mapping;E,3.0,0
49-2097,some_college,0.42,partial:ONET_JobZone_mapping;E,3.0,0
49-2098,ba_plus,0.2,partial:ONET_JobZone_mapping;E,3.0,0
49-2098,hs,0.35,partial:ONET_JobZone_mapping;E,3.0,0
49-2098,lt_hs,0.03,partial:ONET_JobZone_mapping;E,3.0,0
49-2098,some_college,0.42,partial:ONET_JobZone_mapping;E,3.0,0
49-3011,ba_plus,0.2,partial:ONET_JobZone_mapping;E,3.0,0
49-3011,hs,0.35,partial:ONET_JobZone_mapping;E,3.0,0
49-3011,lt_hs,0.03,partial:ONET_JobZone_mapping;E,3.0,0
49-3011,some_college,0.42,partial:ONET_JobZone_mapping;E,3.0,0
49-3021,ba_plus,0.375,partial:ONET_JobZone_mapping;E,3.0,0
49-3021,hs,0.325,partial:ONET_JobZone_mapping;E,3.0,0
49-3021,lt_hs,0.055,partial:ONET_JobZone_mapping;E,3.0,0
49-3021,some_college,0.245,partial:ONET_JobZone_mapping;E,3.0,0
49-3022,ba_plus,0.1,partial:ONET_JobZone_mapping;E,2.0,0
49-3022,hs,0.55,partial:ONET_JobZone_mapping;E,2.0,0
49-3022,lt_hs,0.1,partial:ONET_JobZone_mapping;E,2.0,0
49-3022,some_college,0.25,partial:ONET_JobZone_mapping;E,2.0,0
49-3023,ba_plus,0.2,partial:ONET_JobZone_mapping;E,3.0,0
49-3023,hs,0.35,partial:ONET_JobZone_mapping;E,3.0,0
49-3023,lt_hs,0.03,partial:ONET_JobZone_mapping;E,3.0,0
49-3023,some_college,0.42,partial:ONET_JobZone_mapping;E,3.0,0
49-3031,ba_plus,0.2,partial:ONET_JobZone_mapping;E,3.0,0
49-3031,hs,0.35,partial:ONET_JobZone_mapping;E,3.0,0
49-3031,lt_hs,0.03,partial:ONET_JobZone_mapping;E,3.0,0
49-3031,some_college,0.42,partial:ONET_JobZone_mapping;E,3.0,0
49-3041,ba_plus,0.2,partial:ONET_JobZone_mapping;E,3.0,0
49-3041,hs,0.35,partial:ONET_JobZone_mapping;E,3.0,0
49-3041,lt_hs,0.03,partial:ONET_JobZone_mapping;E,3.0,0
49-3041,some_college,0.42,partial:ONET_JobZone_mapping;E,3.0,0
49-3042,ba_plus,0.2,partial:ONET_JobZone_mapping;E,3.0,0
49-3042,hs,0.35,partial:ONET_JobZone_mapping;E,3.0,0
49-3042,lt_hs,0.03,partial:ONET_JobZone_mapping;E,3.0,0
49-3042,some_college,0.42,partial:ONET_JobZone_mapping;E,3.0,0
49-3043,ba_plus,0.1,partial:ONET_JobZone_mapping;E,2.0,0
49-3043,hs,0.55,partial:ONET_JobZone_mapping;E,2.0,0
49-3043,lt_hs,0.1,partial:ONET_JobZone_mapping;E,2.0,0
49-3043,some_college,0.25,partial:ONET_JobZone_mapping;E,2.0,0
49-3051,ba_plus,0.2,partial:ONET_JobZone_mapping;E,3.0,0
49-3051,hs,0.35,partial:ONET_JobZone_mapping;E,3.0,0
49-3051,lt_hs,0.03,partial:ONET_JobZone_mapping;E,3.0,0
49-3051,some_college,0.42,partial:ONET_JobZone_mapping;E,3.0,0
49-3052,ba_plus,0.2,partial:ONET_JobZone_mapping;E,3.0,0
49-3052,hs,0.35,partial:ONET_JobZone_mapping;E,3.0,0
49-3052,lt_hs,0.03,partial:ONET_JobZone_mapping;E,3.0,0
49-3052,some_college,0.42,partial:ONET_JobZone_mapping;E,3.0,0
49-3053,ba_plus,0.1,partial:ONET_JobZone_mapping;E,2.0,0
49-3053,hs,0.55,partial:ONET_JobZone_mapping;E,2.0,0
49-3053,lt_hs,0.1,partial:ONET_JobZone_mapping;E,2.0,0
49-3053,some_college,0.25,partial:ONET_JobZone_mapping;E,2.0,0
49-3091,ba_plus,0.1,partial:ONET_JobZone_mapping;E,2.0,0
49-3091,hs,0.55,partial:ONET_JobZone_mapping;E,2.0,0
49-3091,lt_hs,0.1,partial:ONET_JobZone_mapping;E,2.0,0
49-3091,some_college,0.25,partial:ONET_JobZone_mapping;E,2.0,0
49-3092,ba_plus,0.1,partial:ONET_JobZone_mapping;E,2.0,0
49-3092,hs,0.55,partial:ONET_JobZone_mapping;E,2.0,0
49-3092,lt_hs,0.1,partial:ONET_JobZone_mapping;E,2.0,0
49-3092,some_college,0.25,partial:ONET_JobZone_mapping;E,2.0,0
49-3093,ba_plus,0.1,partial:ONET_JobZone_mapping;E,2.0,0
49-3093,hs,0.55,partial:ONET_JobZone_mapping;E,2.0,0
49-3093,lt_hs,0.1,partial:ONET_JobZone_mapping;E,2.0,0
49-3093,some_college,0.25,partial:ONET_JobZone_mapping;E,2.0,0
49-9011,ba_plus,0.1,partial:ONET_JobZone_mapping;E,2.0,0
49-9011,hs,0.55,partial:ONET_JobZone_mapping;E,2.0,0
49-9011,lt_hs,0.1,partial:ONET_JobZone_mapping;E,2.0,0
49-9011,some_college,0.25,partial:ONET_JobZone_mapping;E,2.0,0
49-9012,ba_plus,0.2,partial:ONET_JobZone_mapping;E,3.0,0
49-9012,hs,0.35,partial:ONET_JobZone_mapping;E,3.0,0
49-9012,lt_hs,0.03,partial:ONET_JobZone_mapping;E,3.0,0
49-9012,some_college,0.42,partial:ONET_JobZone_mapping;E,3.0,0
49-9021,ba_plus,0.15000000000000002,partial:ONET_JobZone_mapping;E,2.5,0
49-9021,hs,0.45,partial:ONET_JobZone_mapping;E,2.5,0
49-9021,lt_hs,0.065,partial:ONET_JobZone_mapping;E,2.5,0
49-9021,some_college,0.33499999999999996,partial:ONET_JobZone_mapping;E,2.5,0
49-9031,ba_plus,0.1,partial:ONET_JobZone_mapping;E,2.0,0
49-9031,hs,0.55,partial:ONET_JobZone_mapping;E,2.0,0
49-9031,lt_hs,0.1,partial:ONET_JobZone_mapping;E,2.0,0
49-9031,some_college,0.25,partial:ONET_JobZone_mapping;E,2.0,0
49-9041,ba_plus,0.2,partial:ONET_JobZone_mapping;E,3.0,0
49-9041,hs,0.35,partial:ONET_JobZone_mapping;E,3.0,0
49-9041,lt_hs,0.03,partial:ONET_JobZone_mapping;E,3.0,0
49-9041,some_college,0.42,partial:ONET_JobZone_mapping;E,3.0,0
49-9043,ba_plus,0.2,partial:ONET_JobZone_mapping;E,3.0,0
49-9043,hs,0.35,partial:ONET_JobZone_mapping;E,3.0,0
49-9043,lt_hs,0.03,partial:ONET_JobZone_mapping;E,3.0,0
49-9043,some_college,0.42,partial:ONET_JobZone_mapping;E,3.0,0
49-9044,ba_plus,0.1,partial:ONET_JobZone_mapping;E,2.0,0
49-9044,hs,0.55,partial:ONET_JobZone_mapping;E,2.0,0
49-9044,lt_hs,0.1,partial:ONET_JobZone_mapping;E,2.0,0
49-9044,some_college,0.25,partial:ONET_JobZone_mapping;E,2.0,0
49-9045,ba_plus,0.1,partial:ONET_JobZone_mapping;E,2.0,0
49-9045,hs,0.55,partial:ONET_JobZone_mapping;E,2.0,0
49-9045,lt_hs,0.1,partial:ONET_JobZone_mapping;E,2.0,0
49-9045,some_college,0.25,partial:ONET_JobZone_mapping;E,2.0,0
49-9051,ba_plus,0.1,partial:ONET_JobZone_mapping;E,2.0,0
49-9051,hs,0.55,partial:ONET_JobZone_mapping;E,2.0,0
49-9051,lt_hs,0.1,partial:ONET_JobZone_mapping;E,2.0,0
49-9051,some_college,0.25,partial:ONET_JobZone_mapping;E,2.0,0
49-9052,ba_plus,0.1,partial:ONET_JobZone_mapping;E,2.0,0
49-9052,hs,0.55,partial:ONET_JobZone_mapping;E,2.0,0
49-9052,lt_hs,0.1,partial:ONET_JobZone_mapping;E,2.0,0
49-9052,some_college,0.25,partial:ONET_JobZone_mapping;E,2.0,0
49-9061,ba_plus,0.2,partial:ONET_JobZone_mapping;E,3.0,0
49-9061,hs,0.35,partial:ONET_JobZone_mapping;E,3.0,0
49-9061,lt_hs,0.03,partial:ONET_JobZone_mapping;E,3.0,0
49-9061,some_college,0.42,partial:ONET_JobZone_mapping;E,3.0,0
49-9062,ba_plus,0.2,partial:ONET_JobZone_mapping;E,3.0,0
49-9062,hs,0.35,partial:ONET_JobZone_mapping;E,3.0,0
49-9062,lt_hs,0.03,partial:ONET_JobZone_mapping;E,3.0,0
49-9062,some_college,0.42,partial:ONET_JobZone_mapping;E,3.0,0
49-9063,ba_plus,0.2,partial:ONET_JobZone_mapping;E,3.0,0
49-9063,hs,0.35,partial:ONET_JobZone_mapping;E,3.0,0
49-9063,lt_hs,0.03,partial:ONET_JobZone_mapping;E,3.0,0
49-9063,some_college,0.42,partial:ONET_JobZone_mapping;E,3.0,0
49-9064,ba_plus,0.2,partial:ONET_JobZone_mapping;E,3.0,0
49-9064,hs,0.35,partial:ONET_JobZone_mapping;E,3.0,0
49-9064,lt_hs,0.03,partial:ONET_JobZone_mapping;E,3.0,0
49-9064,some_college,0.42,partial:ONET_JobZone_mapping;E,3.0,0
49-9069,ba_plus,0.1889615897608851,partial:ONET_JobZone_mapping;E,2.845332861057773,1
49-9069,hs,0.3803008129805729,partial:ONET_JobZone_mapping;E,2.845332861057773,1
49-9069,lt_hs,0.04145931453382844,partial:ONET_JobZone_mapping;E,2.845332861057773,1
49-9069,some_college,0.3892782827247136,partial:ONET_JobZone_mapping;E,2.845332861057773,1
49-9071,ba_plus,0.2,partial:ONET_JobZone_mapping;E,3.0,0
49-9071,hs,0.35,partial:ONET_JobZone_mapping;E,3.0,0
49-9071,lt_hs,0.03,partial:ONET_JobZone_mapping;E,3.0,0
49-9071,some_college,0.42,partial:ONET_JobZone_mapping;E,3.0,0
49-9081,ba_plus,0.2,partial:ONET_JobZone_mapping;E,3.0,0
49-9081,hs,0.35,partial:ONET_JobZone_mapping;E,3.0,0
49-9081,lt_hs,0.03,partial:ONET_JobZone_mapping;E,3.0,0
49-9081,some_college,0.42,partial:ONET_JobZone_mapping;E,3.0,0
49-9091,ba_plus,0.1,partial:ONET_JobZone_mapping;E,2.0,0
49-9091,hs,0.55,partial:ONET_JobZone_mapping;E,2.0,0
49-9091,lt_hs,0.1,partial:ONET_JobZone_mapping;E,2.0,0
49-9091,some_college,0.25,partial:ONET_JobZone_mapping;E,2.0,0
49-9092,ba_plus,0.2,partial:ONET_JobZone_mapping;E,3.0,0
49-9092,hs,0.35,partial:ONET_JobZone_mapping;E,3.0,0
49-9092,lt_hs,0.03,partial:ONET_JobZone_mapping;E,3.0,0
49-9092,some_college,0.42,partial:ONET_JobZone_mapping;E,3.0,0
49-9094,ba_plus,0.1,partial:ONET_JobZone_mapping;E,2.0,0
49-9094,hs,0.55,partial:ONET_JobZone_mapping;E,2.0,0
49-9094,lt_hs,0.1,partial:ONET_JobZone_mapping;E,2.0,0
49-9094,some_college,0.25,partial:ONET_JobZone_mapping;E,2.0,0
49-9095,ba_plus,0.1,partial:ONET_JobZone_mapping;E,2.0,0
49-9095,hs,0.55,partial:ONET_JobZone_mapping;E,2.0,0
49-9095,lt_hs,0.1,partial:ONET_JobZone_mapping;E,2.0,0
49-9095,some_college,0.25,partial:ONET_JobZone_mapping;E,2.0,0
49-9096,ba_plus,0.1,partial:ONET_JobZone_mapping;E,2.0,0
49-9096,hs,0.55,partial:ONET_JobZone_mapping;E,2.0,0
49-9096,lt_hs,0.1,partial:ONET_JobZone_mapping;E,2.0,0
49-9096,some_college,0.25,partial:ONET_JobZone_mapping;E,2.0,0
49-9097,ba_plus,0.2,partial:ONET_JobZone_mapping;E,3.0,0
49-9097,hs,0.35,partial:ONET_JobZone_mapping;E,3.0,0
49-9097,lt_hs,0.03,partial:ONET_JobZone_mapping;E,3.0,0
49-9097,some_college,0.42,partial:ONET_JobZone_mapping;E,3.0,0
49-9098,ba_plus,0.1,partial:ONET_JobZone_mapping;E,2.0,0
49-9098,hs,0.55,partial:ONET_JobZone_mapping;E,2.0,0
49-9098,lt_hs,0.1,partial:ONET_JobZone_mapping;E,2.0,0
49-9098,some_college,0.25,partial:ONET_JobZone_mapping;E,2.0,0
49-9099,ba_plus,0.1889615897608851,partial:ONET_JobZone_mapping;E,2.845332861057773,1
49-9099,hs,0.3803008129805729,partial:ONET_JobZone_mapping;E,2.845332861057773,1
49-9099,lt_hs,0.04145931453382844,partial:ONET_JobZone_mapping;E,2.845332861057773,1
49-9099,some_college,0.3892782827247136,partial:ONET_JobZone_mapping;E,2.845332861057773,1
51-1011,ba_plus,0.2,partial:ONET_JobZone_mapping;E,3.0,0
51-1011,hs,0.35,partial:ONET_JobZone_mapping;E,3.0,0
51-1011,lt_hs,0.03,partial:ONET_JobZone_mapping;E,3.0,0
51-1011,some_college,0.42,partial:ONET_JobZone_mapping;E,3.0,0
51-2011,ba_plus,0.1,partial:ONET_JobZone_mapping;E,2.0,0
51-2011,hs,0.55,partial:ONET_JobZone_mapping;E,2.0,0
51-2011,lt_hs,0.1,partial:ONET_JobZone_mapping;E,2.0,0
51-2011,some_college,0.25,partial:ONET_JobZone_mapping;E,2.0,0
51-2021,ba_plus,0.1,partial:ONET_JobZone_mapping;E,2.0,0
51-2021,hs,0.55,partial:ONET_JobZone_mapping;E,2.0,0
51-2021,lt_hs,0.1,partial:ONET_JobZone_mapping;E,2.0,0
51-2021,some_college,0.25,partial:ONET_JobZone_mapping;E,2.0,0
51-2028,ba_plus,0.12687587080366175,partial:ONET_JobZone_mapping;E,2.196297280470938,1
51-2028,hs,0.4950012115529207,partial:ONET_JobZone_mapping;E,2.196297280470938,1
51-2028,lt_hs,0.09284926194537729,partial:ONET_JobZone_mapping;E,2.196297280470938,1
51-2028,some_college,0.2852736556980403,partial:ONET_JobZone_mapping;E,2.196297280470938,1
51-2031,ba_plus,0.1,partial:ONET_JobZone_mapping;E,2.0,0
51-2031,hs,0.55,partial:ONET_JobZone_mapping;E,2.0,0
51-2031,lt_hs,0.1,partial:ONET_JobZone_mapping;E,2.0,0
51-2031,some_college,0.25,partial:ONET_JobZone_mapping;E,2.0,0
51-2041,ba_plus,0.2,partial:ONET_JobZone_mapping;E,3.0,0
51-2041,hs,0.35,partial:ONET_JobZone_mapping;E,3.0,0
51-2041,lt_hs,0.03,partial:ONET_JobZone_mapping;E,3.0,0
51-2041,some_college,0.42,partial:ONET_JobZone_mapping;E,3.0,0
51-2051,ba_plus,0.1,partial:ONET_JobZone_mapping;E,2.0,0
51-2051,hs,0.55,partial:ONET_JobZone_mapping;E,2.0,0
51-2051,lt_hs,0.1,partial:ONET_JobZone_mapping;E,2.0,0
51-2051,some_college,0.25,partial:ONET_JobZone_mapping;E,2.0,0
51-2061,ba_plus,0.1,partial:ONET_JobZone_mapping;E,2.0,0
51-2061,hs,0.55,partial:ONET_JobZone_mapping;E,2.0,0
51-2061,lt_hs,0.1,partial:ONET_JobZone_mapping;E,2.0,0
51-2061,some_college,0.25,partial:ONET_JobZone_mapping;E,2.0,0
51-2090,ba_plus,0.12687587080366175,partial:ONET_JobZone_mapping;E,2.196297280470938,1
51-2090,hs,0.4950012115529207,partial:ONET_JobZone_mapping;E,2.196297280470938,1
51-2090,lt_hs,0.09284926194537729,partial:ONET_JobZone_mapping;E,2.196297280470938,1
51-2090,some_college,0.2852736556980403,partial:ONET_JobZone_mapping;E,2.196297280470938,1
51-3011,ba_plus,0.1,partial:ONET_JobZone_mapping;E,2.0,0
51-3011,hs,0.55,partial:ONET_JobZone_mapping;E,2.0,0
51-3011,lt_hs,0.1,partial:ONET_JobZone_mapping;E,2.0,0
51-3011,some_college,0.25,partial:ONET_JobZone_mapping;E,2.0,0
51-3021,ba_plus,0.1,partial:ONET_JobZone_mapping;E,2.0,0
51-3021,hs,0.55,partial:ONET_JobZone_mapping;E,2.0,0
51-3021,lt_hs,0.1,partial:ONET_JobZone_mapping;E,2.0,0
51-3021,some_college,0.25,partial:ONET_JobZone_mapping;E,2.0,0
51-3022,ba_plus,0.05,partial:ONET_JobZone_mapping;E,1.0,0
51-3022,hs,0.55,partial:ONET_JobZone_mapping;E,1.0,0
51-3022,lt_hs,0.25,partial:ONET_JobZone_mapping;E,1.0,0
51-3022,some_college,0.15,partial:ONET_JobZone_mapping;E,1.0,0
51-3023,ba_plus,0.1,partial:ONET_JobZone_mapping;E,2.0,0
51-3023,hs,0.55,partial:ONET_JobZone_mapping;E,2.0,0
51-3023,lt_hs,0.1,partial:ONET_JobZone_mapping;E,2.0,0
51-3023,some_college,0.25,partial:ONET_JobZone_mapping;E,2.0,0
51-3091,ba_plus,0.1,partial:ONET_JobZone_mapping;E,2.0,0
51-3091,hs,0.55,partial:ONET_JobZone_mapping;E,2.0,0
51-3091,lt_hs,0.1,partial:ONET_JobZone_mapping;E,2.0,0
51-3091,some_college,0.25,partial:ONET_JobZone_mapping;E,2.0,0
51-3092,ba_plus,0.1,partial:ONET_JobZone_mapping;E,2.0,0
51-3092,hs,0.55,partial:ONET_JobZone_mapping;E,2.0,0
51-3092,lt_hs,0.1,partial:ONET_JobZone_mapping;E,2.0,0
51-3092,some_college,0.25,partial:ONET_JobZone_mapping;E,2.0,0
51-3093,ba_plus,0.1,partial:ONET_JobZone_mapping;E,2.0,0
51-3093,hs,0.55,partial:ONET_JobZone_mapping;E,2.0,0
51-3093,lt_hs,0.1,partial:ONET_JobZone_mapping;E,2.0,0
51-3093,some_college,0.25,partial:ONET_JobZone_mapping;E,2.0,0
51-3099,ba_plus,0.12687587080366175,partial:ONET_JobZone_mapping;E,2.196297280470938,1
51-3099,hs,0.4950012115529207,partial:ONET_JobZone_mapping;E,2.196297280470938,1
51-3099,lt_hs,0.09284926194537729,partial:ONET_JobZone_mapping;E,2.196297280470938,1
51-3099,some_college,0.2852736556980403,partial:ONET_JobZone_mapping;E,2.196297280470938,1
51-4021,ba_plus,0.1,partial:ONET_JobZone_mapping;E,2.0,0
51-4021,hs,0.55,partial:ONET_JobZone_mapping;E,2.0,0
51-4021,lt_hs,0.1,partial:ONET_JobZone_mapping;E,2.0,0
51-4021,some_college,0.25,partial:ONET_JobZone_mapping;E,2.0,0
51-4022,ba_plus,0.1,partial:ONET_JobZone_mapping;E,2.0,0
51-4022,hs,0.55,partial:ONET_JobZone_mapping;E,2.0,0
51-4022,lt_hs,0.1,partial:ONET_JobZone_mapping;E,2.0,0
51-4022,some_college,0.25,partial:ONET_JobZone_mapping;E,2.0,0
51-4023,ba_plus,0.1,partial:ONET_JobZone_mapping;E,2.0,0
51-4023,hs,0.55,partial:ONET_JobZone_mapping;E,2.0,0
51-4023,lt_hs,0.1,partial:ONET_JobZone_mapping;E,2.0,0
51-4023,some_college,0.25,partial:ONET_JobZone_mapping;E,2.0,0
51-4031,ba_plus,0.1,partial:ONET_JobZone_mapping;E,2.0,0
51-4031,hs,0.55,partial:ONET_JobZone_mapping;E,2.0,0
51-4031,lt_hs,0.1,partial:ONET_JobZone_mapping;E,2.0,0
51-4031,some_college,0.25,partial:ONET_JobZone_mapping;E,2.0,0
51-4032,ba_plus,0.1,partial:ONET_JobZone_mapping;E,2.0,0
51-4032,hs,0.55,partial:ONET_JobZone_mapping;E,2.0,0
51-4032,lt_hs,0.1,partial:ONET_JobZone_mapping;E,2.0,0
51-4032,some_college,0.25,partial:ONET_JobZone_mapping;E,2.0,0
51-4033,ba_plus,0.1,partial:ONET_JobZone_mapping;E,2.0,0
51-4033,hs,0.55,partial:ONET_JobZone_mapping;E,2.0,0
51-4033,lt_hs,0.1,partial:ONET_JobZone_mapping;E,2.0,0
51-4033,some_college,0.25,partial:ONET_JobZone_mapping;E,2.0,0
51-4034,ba_plus,0.1,partial:ONET_JobZone_mapping;E,2.0,0
51-4034,hs,0.55,partial:ONET_JobZone_mapping;E,2.0,0
51-4034,lt_hs,0.1,partial:ONET_JobZone_mapping;E,2.0,0
51-4034,some_college,0.25,partial:ONET_JobZone_mapping;E,2.0,0
51-4035,ba_plus,0.1,partial:ONET_JobZone_mapping;E,2.0,0
51-4035,hs,0.55,partial:ONET_JobZone_mapping;E,2.0,0
51-4035,lt_hs,0.1,partial:ONET_JobZone_mapping;E,2.0,0
51-4035,some_college,0.25,partial:ONET_JobZone_mapping;E,2.0,0
51-4041,ba_plus,0.2,partial:ONET_JobZone_mapping;E,3.0,0
51-4041,hs,0.35,partial:ONET_JobZone_mapping;E,3.0,0
51-4041,lt_hs,0.03,partial:ONET_JobZone_mapping;E,3.0,0
51-4041,some_college,0.42,partial:ONET_JobZone_mapping;E,3.0,0
51-4051,ba_plus,0.1,partial:ONET_JobZone_mapping;E,2.0,0
51-4051,hs,0.55,partial:ONET_JobZone_mapping;E,2.0,0
51-4051,lt_hs,0.1,partial:ONET_JobZone_mapping;E,2.0,0
51-4051,some_college,0.25,partial:ONET_JobZone_mapping;E,2.0,0
51-4052,ba_plus,0.1,partial:ONET_JobZone_mapping;E,2.0,0
51-4052,hs,0.55,partial:ONET_JobZone_mapping;E,2.0,0
51-4052,lt_hs,0.1,partial:ONET_JobZone_mapping;E,2.0,0
51-4052,some_college,0.25,partial:ONET_JobZone_mapping;E,2.0,0
51-4061,ba_plus,0.2,partial:ONET_JobZone_mapping;E,3.0,0
51-4061,hs,0.35,partial:ONET_JobZone_mapping;E,3.0,0
51-4061,lt_hs,0.03,partial:ONET_JobZone_mapping;E,3.0,0
51-4061,some_college,0.42,partial:ONET_JobZone_mapping;E,3.0,0
51-4062,ba_plus,0.2,partial:ONET_JobZone_mapping;E,3.0,0
51-4062,hs,0.35,partial:ONET_JobZone_mapping;E,3.0,0
51-4062,lt_hs,0.03,partial:ONET_JobZone_mapping;E,3.0,0
51-4062,some_college,0.42,partial:ONET_JobZone_mapping;E,3.0,0
51-4071,ba_plus,0.1,partial:ONET_JobZone_mapping;E,2.0,0
51-4071,hs,0.55,partial:ONET_JobZone_mapping;E,2.0,0
51-4071,lt_hs,0.1,partial:ONET_JobZone_mapping;E,2.0,0
51-4071,some_college,0.25,partial:ONET_JobZone_mapping;E,2.0,0
51-4072,ba_plus,0.1,partial:ONET_JobZone_mapping;E,2.0,0
51-4072,hs,0.55,partial:ONET_JobZone_mapping;E,2.0,0
51-4072,lt_hs,0.1,partial:ONET_JobZone_mapping;E,2.0,0
51-4072,some_college,0.25,partial:ONET_JobZone_mapping;E,2.0,0
51-4081,ba_plus,0.1,partial:ONET_JobZone_mapping;E,2.0,0
51-4081,hs,0.55,partial:ONET_JobZone_mapping;E,2.0,0
51-4081,lt_hs,0.1,partial:ONET_JobZone_mapping;E,2.0,0
51-4081,some_college,0.25,partial:ONET_JobZone_mapping;E,2.0,0
51-4111,ba_plus,0.2,partial:ONET_JobZone_mapping;E,3.0,0
51-4111,hs,0.35,partial:ONET_JobZone_mapping;E,3.0,0
51-4111,lt_hs,0.03,partial:ONET_JobZone_mapping;E,3.0,0
51-4111,some_college,0.42,partial:ONET_JobZone_mapping;E,3.0,0
51-4121,ba_plus,0.1,partial:ONET_JobZone_mapping;E,2.0,0
51-4121,hs,0.55,partial:ONET_JobZone_mapping;E,2.0,0
51-4121,lt_hs,0.1,partial:ONET_JobZone_mapping;E,2.0,0
51-4121,some_college,0.25,partial:ONET_JobZone_mapping;E,2.0,0
51-4122,ba_plus,0.1,partial:ONET_JobZone_mapping;E,2.0,0
51-4122,hs,0.55,partial:ONET_JobZone_mapping;E,2.0,0
51-4122,lt_hs,0.1,partial:ONET_JobZone_mapping;E,2.0,0
51-4122,some_college,0.25,partial:ONET_JobZone_mapping;E,2.0,0
51-4191,ba_plus,0.1,partial:ONET_JobZone_mapping;E,2.0,0
51-4191,hs,0.55,partial:ONET_JobZone_mapping;E,2.0,0
51-4191,lt_hs,0.1,partial:ONET_JobZone_mapping;E,2.0,0
51-4191,some_college,0.25,partial:ONET_JobZone_mapping;E,2.0,0
51-4192,ba_plus,0.1,partial:ONET_JobZone_mapping;E,2.0,0
51-4192,hs,0.55,partial:ONET_JobZone_mapping;E,2.0,0
51-4192,lt_hs,0.1,partial:ONET_JobZone_mapping;E,2.0,0
51-4192,some_college,0.25,partial:ONET_JobZone_mapping;E,2.0,0
51-4193,ba_plus,0.1,partial:ONET_JobZone_mapping;E,2.0,0
51-4193,hs,0.55,partial:ONET_JobZone_mapping;E,2.0,0
51-4193,lt_hs,0.1,partial:ONET_JobZone_mapping;E,2.0,0
51-4193,some_college,0.25,partial:ONET_JobZone_mapping;E,2.0,0
51-4194,ba_plus,0.1,partial:ONET_JobZone_mapping;E,2.0,0
51-4194,hs,0.55,partial:ONET_JobZone_mapping;E,2.0,0
51-4194,lt_hs,0.1,partial:ONET_JobZone_mapping;E,2.0,0
51-4194,some_college,0.25,partial:ONET_JobZone_mapping;E,2.0,0
51-4199,ba_plus,0.12687587080366175,partial:ONET_JobZone_mapping;E,2.196297280470938,1
51-4199,hs,0.4950012115529207,partial:ONET_JobZone_mapping;E,2.196297280470938,1
51-4199,lt_hs,0.09284926194537729,partial:ONET_JobZone_mapping;E,2.196297280470938,1
51-4199,some_college,0.2852736556980403,partial:ONET_JobZone_mapping;E,2.196297280470938,1
51-5111,ba_plus,0.2,partial:ONET_JobZone_mapping;E,3.0,0
51-5111,hs,0.35,partial:ONET_JobZone_mapping;E,3.0,0
51-5111,lt_hs,0.03,partial:ONET_JobZone_mapping;E,3.0,0
51-5111,some_college,0.42,partial:ONET_JobZone_mapping;E,3.0,0
51-5112,ba_plus,0.1,partial:ONET_JobZone_mapping;E,2.0,0
51-5112,hs,0.55,partial:ONET_JobZone_mapping;E,2.0,0
51-5112,lt_hs,0.1,partial:ONET_JobZone_mapping;E,2.0,0
51-5112,some_college,0.25,partial:ONET_JobZone_mapping;E,2.0,0
51-5113,ba_plus,0.1,partial:ONET_JobZone_mapping;E,2.0,0
51-5113,hs,0.55,partial:ONET_JobZone_mapping;E,2.0,0
51-5113,lt_hs,0.1,partial:ONET_JobZone_mapping;E,2.0,0
51-5113,some_college,0.25,partial:ONET_JobZone_mapping;E,2.0,0
51-6011,ba_plus,0.05,partial:ONET_JobZone_mapping;E,1.0,0
51-6011,hs,0.55,partial:ONET_JobZone_mapping;E,1.0,0
51-6011,lt_hs,0.25,partial:ONET_JobZone_mapping;E,1.0,0
51-6011,some_college,0.15,partial:ONET_JobZone_mapping;E,1.0,0
51-6021,ba_plus,0.05,partial:ONET_JobZone_mapping;E,1.0,0
51-6021,hs,0.55,partial:ONET_JobZone_mapping;E,1.0,0
51-6021,lt_hs,0.25,partial:ONET_JobZone_mapping;E,1.0,0
51-6021,some_college,0.15,partial:ONET_JobZone_mapping;E,1.0,0
51-6031,ba_plus,0.05,partial:ONET_JobZone_mapping;E,1.0,0
51-6031,hs,0.55,partial:ONET_JobZone_mapping;E,1.0,0
51-6031,lt_hs,0.25,partial:ONET_JobZone_mapping;E,1.0,0
51-6031,some_college,0.15,partial:ONET_JobZone_mapping;E,1.0,0
51-6041,ba_plus,0.1,partial:ONET_JobZone_mapping;E,2.0,0
51-6041,hs,0.55,partial:ONET_JobZone_mapping;E,2.0,0
51-6041,lt_hs,0.1,partial:ONET_JobZone_mapping;E,2.0,0
51-6041,some_college,0.25,partial:ONET_JobZone_mapping;E,2.0,0
51-6042,ba_plus,0.1,partial:ONET_JobZone_mapping;E,2.0,0
51-6042,hs,0.55,partial:ONET_JobZone_mapping;E,2.0,0
51-6042,lt_hs,0.1,partial:ONET_JobZone_mapping;E,2.0,0
51-6042,some_college,0.25,partial:ONET_JobZone_mapping;E,2.0,0
51-6051,ba_plus,0.1,partial:ONET_JobZone_mapping;E,2.0,0
51-6051,hs,0.55,partial:ONET_JobZone_mapping;E,2.0,0
51-6051,lt_hs,0.1,partial:ONET_JobZone_mapping;E,2.0,0
51-6051,some_college,0.25,partial:ONET_JobZone_mapping;E,2.0,0
51-6052,ba_plus,0.1,partial:ONET_JobZone_mapping;E,2.0,0
51-6052,hs,0.55,partial:ONET_JobZone_mapping;E,2.0,0
51-6052,lt_hs,0.1,partial:ONET_JobZone_mapping;E,2.0,0
51-6052,some_college,0.25,partial:ONET_JobZone_mapping;E,2.0,0
51-6061,ba_plus,0.1,partial:ONET_JobZone_mapping;E,2.0,0
51-6061,hs,0.55,partial:ONET_JobZone_mapping;E,2.0,0
51-6061,lt_hs,0.1,partial:ONET_JobZone_mapping;E,2.0,0
51-6061,some_college,0.25,partial:ONET_JobZone_mapping;E,2.0,0
51-6062,ba_plus,0.1,partial:ONET_JobZone_mapping;E,2.0,0
51-6062,hs,0.55,partial:ONET_JobZone_mapping;E,2.0,0
51-6062,lt_hs,0.1,partial:ONET_JobZone_mapping;E,2.0,0
51-6062,some_college,0.25,partial:ONET_JobZone_mapping;E,2.0,0
51-6063,ba_plus,0.1,partial:ONET_JobZone_mapping;E,2.0,0
51-6063,hs,0.55,partial:ONET_JobZone_mapping;E,2.0,0
51-6063,lt_hs,0.1,partial:ONET_JobZone_mapping;E,2.0,0
51-6063,some_college,0.25,partial:ONET_JobZone_mapping;E,2.0,0
51-6064,ba_plus,0.1,partial:ONET_JobZone_mapping;E,2.0,0
51-6064,hs,0.55,partial:ONET_JobZone_mapping;E,2.0,0
51-6064,lt_hs,0.1,partial:ONET_JobZone_mapping;E,2.0,0
51-6064,some_college,0.25,partial:ONET_JobZone_mapping;E,2.0,0
51-6091,ba_plus,0.1,partial:ONET_JobZone_mapping;E,2.0,0
51-6091,hs,0.55,partial:ONET_JobZone_mapping;E,2.0,0
51-6091,lt_hs,0.1,partial:ONET_JobZone_mapping;E,2.0,0
51-6091,some_college,0.25,partial:ONET_JobZone_mapping;E,2.0,0
51-6092,ba_plus,0.2,partial:ONET_JobZone_mapping;E,3.0,0
51-6092,hs,0.35,partial:ONET_JobZone_mapping;E,3.0,0
51-6092,lt_hs,0.03,partial:ONET_JobZone_mapping;E,3.0,0
51-6092,some_college,0.42,partial:ONET_JobZone_mapping;E,3.0,0
51-6093,ba_plus,0.1,partial:ONET_JobZone_mapping;E,2.0,0
51-6093,hs,0.55,partial:ONET_JobZone_mapping;E,2.0,0
51-6093,lt_hs,0.1,partial:ONET_JobZone_mapping;E,2.0,0
51-6093,some_college,0.25,partial:ONET_JobZone_mapping;E,2.0,0
51-6099,ba_plus,0.12687587080366175,partial:ONET_JobZone_mapping;E,2.196297280470938,1
51-6099,hs,0.4950012115529207,partial:ONET_JobZone_mapping;E,2.196297280470938,1
51-6099,lt_hs,0.09284926194537729,partial:ONET_JobZone_mapping;E,2.196297280470938,1
51-6099,some_college,0.2852736556980403,partial:ONET_JobZone_mapping;E,2.196297280470938,1
51-7011,ba_plus,0.1,partial:ONET_JobZone_mapping;E,2.0,0
51-7011,hs,0.55,partial:ONET_JobZone_mapping;E,2.0,0
51-7011,lt_hs,0.1,partial:ONET_JobZone_mapping;E,2.0,0
51-7011,some_college,0.25,partial:ONET_JobZone_mapping;E,2.0,0
51-7021,ba_plus,0.1,partial:ONET_JobZone_mapping;E,2.0,0
51-7021,hs,0.55,partial:ONET_JobZone_mapping;E,2.0,0
51-7021,lt_hs,0.1,partial:ONET_JobZone_mapping;E,2.0,0
51-7021,some_college,0.25,partial:ONET_JobZone_mapping;E,2.0,0
51-7031,ba_plus,0.2,partial:ONET_JobZone_mapping;E,3.0,0
51-7031,hs,0.35,partial:ONET_JobZone_mapping;E,3.0,0
51-7031,lt_hs,0.03,partial:ONET_JobZone_mapping;E,3.0,0
51-7031,some_college,0.42,partial:ONET_JobZone_mapping;E,3.0,0
51-7032,ba_plus,0.2,partial:ONET_JobZone_mapping;E,3.0,0
51-7032,hs,0.35,partial:ONET_JobZone_mapping;E,3.0,0
51-7032,lt_hs,0.03,partial:ONET_JobZone_mapping;E,3.0,0
51-7032,some_college,0.42,partial:ONET_JobZone_mapping;E,3.0,0
51-7041,ba_plus,0.1,partial:ONET_JobZone_mapping;E,2.0,0
51-7041,hs,0.55,partial:ONET_JobZone_mapping;E,2.0,0
51-7041,lt_hs,0.1,partial:ONET_JobZone_mapping;E,2.0,0
51-7041,some_college,0.25,partial:ONET_JobZone_mapping;E,2.0,0
51-7042,ba_plus,0.1,partial:ONET_JobZone_mapping;E,2.0,0
51-7042,hs,0.55,partial:ONET_JobZone_mapping;E,2.0,0
51-7042,lt_hs,0.1,partial:ONET_JobZone_mapping;E,2.0,0
51-7042,some_college,0.25,partial:ONET_JobZone_mapping;E,2.0,0
51-7099,ba_plus,0.12687587080366175,partial:ONET_JobZone_mapping;E,2.196297280470938,1
51-7099,hs,0.4950012115529207,partial:ONET_JobZone_mapping;E,2.196297280470938,1
51-7099,lt_hs,0.09284926194537729,partial:ONET_JobZone_mapping;E,2.196297280470938,1
51-7099,some_college,0.2852736556980403,partial:ONET_JobZone_mapping;E,2.196297280470938,1
51-8011,ba_plus,0.2,partial:ONET_JobZone_mapping;E,3.0,0
51-8011,hs,0.35,partial:ONET_JobZone_mapping;E,3.0,0
51-8011,lt_hs,0.03,partial:ONET_JobZone_mapping;E,3.0,0
51-8011,some_college,0.42,partial:ONET_JobZone_mapping;E,3.0,0
51-8012,ba_plus,0.2,partial:ONET_JobZone_mapping;E,3.0,0
51-8012,hs,0.35,partial:ONET_JobZone_mapping;E,3.0,0
51-8012,lt_hs,0.03,partial:ONET_JobZone_mapping;E,3.0,0
51-8012,some_college,0.42,partial:ONET_JobZone_mapping;E,3.0,0
51-8013,ba_plus,0.1,partial:ONET_JobZone_mapping;E,2.0,0
51-8013,hs,0.55,partial:ONET_JobZone_mapping;E,2.0,0
51-8013,lt_hs,0.1,partial:ONET_JobZone_mapping;E,2.0,0
51-8013,some_college,0.25,partial:ONET_JobZone_mapping;E,2.0,0
51-8021,ba_plus,0.2,partial:ONET_JobZone_mapping;E,3.0,0
51-8021,hs,0.35,partial:ONET_JobZone_mapping;E,3.0,0
51-8021,lt_hs,0.03,partial:ONET_JobZone_mapping;E,3.0,0
51-8021,some_college,0.42,partial:ONET_JobZone_mapping;E,3.0,0
51-8031,ba_plus,0.42500000000000004,partial:ONET_JobZone_mapping;E,3.5,0
51-8031,hs,0.22499999999999998,partial:ONET_JobZone_mapping;E,3.5,0
51-8031,lt_hs,0.02,partial:ONET_JobZone_mapping;E,3.5,0
51-8031,some_college,0.32999999999999996,partial:ONET_JobZone_mapping;E,3.5,0
51-8091,ba_plus,0.1,partial:ONET_JobZone_mapping;E,2.0,0
51-8091,hs,0.55,partial:ONET_JobZone_mapping;E,2.0,0
51-8091,lt_hs,0.1,partial:ONET_JobZone_mapping;E,2.0,0
51-8091,some_college,0.25,partial:ONET_JobZone_mapping;E,2.0,0
51-8092,ba_plus,0.2,partial:ONET_JobZone_mapping;E,3.0,0
51-8092,hs,0.35,partial:ONET_JobZone_mapping;E,3.0,0
51-8092,lt_hs,0.03,partial:ONET_JobZone_mapping;E,3.0,0
51-8092,some_college,0.42,partial:ONET_JobZone_mapping;E,3.0,0
51-8093,ba_plus,0.1,partial:ONET_JobZone_mapping;E,2.0,0
51-8093,hs,0.55,partial:ONET_JobZone_mapping;E,2.0,0
51-8093,lt_hs,0.1,partial:ONET_JobZone_mapping;E,2.0,0
51-8093,some_college,0.25,partial:ONET_JobZone_mapping;E,2.0,0
51-8099,ba_plus,0.12687587080366175,partial:ONET_JobZone_mapping;E,2.196297280470938,1
51-8099,hs,0.4950012115529207,partial:ONET_JobZone_mapping;E,2.196297280470938,1
51-8099,lt_hs,0.09284926194537729,partial:ONET_JobZone_mapping;E,2.196297280470938,1
51-8099,some_college,0.2852736556980403,partial:ONET_JobZone_mapping;E,2.196297280470938,1
51-9011,ba_plus,0.1,partial:ONET_JobZone_mapping;E,2.0,0
51-9011,hs,0.55,partial:ONET_JobZone_mapping;E,2.0,0
51-9011,lt_hs,0.1,partial:ONET_JobZone_mapping;E,2.0,0
51-9011,some_college,0.25,partial:ONET_JobZone_mapping;E,2.0,0
51-9012,ba_plus,0.1,partial:ONET_JobZone_mapping;E,2.0,0
51-9012,hs,0.55,partial:ONET_JobZone_mapping;E,2.0,0
51-9012,lt_hs,0.1,partial:ONET_JobZone_mapping;E,2.0,0
51-9012,some_college,0.25,partial:ONET_JobZone_mapping;E,2.0,0
51-9021,ba_plus,0.1,partial:ONET_JobZone_mapping;E,2.0,0
51-9021,hs,0.55,partial:ONET_JobZone_mapping;E,2.0,0
51-9021,lt_hs,0.1,partial:ONET_JobZone_mapping;E,2.0,0
51-9021,some_college,0.25,partial:ONET_JobZone_mapping;E,2.0,0
51-9022,ba_plus,0.05,partial:ONET_JobZone_mapping;E,1.0,0
51-9022,hs,0.55,partial:ONET_JobZone_mapping;E,1.0,0
51-9022,lt_hs,0.25,partial:ONET_JobZone_mapping;E,1.0,0
51-9022,some_college,0.15,partial:ONET_JobZone_mapping;E,1.0,0
51-9023,ba_plus,0.1,partial:ONET_JobZone_mapping;E,2.0,0
51-9023,hs,0.55,partial:ONET_JobZone_mapping;E,2.0,0
51-9023,lt_hs,0.1,partial:ONET_JobZone_mapping;E,2.0,0
51-9023,some_college,0.25,partial:ONET_JobZone_mapping;E,2.0,0
51-9031,ba_plus,0.05,partial:ONET_JobZone_mapping;E,1.0,0
51-9031,hs,0.55,partial:ONET_JobZone_mapping;E,1.0,0
51-9031,lt_hs,0.25,partial:ONET_JobZone_mapping;E,1.0,0
51-9031,some_college,0.15,partial:ONET_JobZone_mapping;E,1.0,0
51-9032,ba_plus,0.1,partial:ONET_JobZone_mapping;E,2.0,0
51-9032,hs,0.55,partial:ONET_JobZone_mapping;E,2.0,0
51-9032,lt_hs,0.1,partial:ONET_JobZone_mapping;E,2.0,0
51-9032,some_college,0.25,partial:ONET_JobZone_mapping;E,2.0,0
51-9041,ba_plus,0.1,partial:ONET_JobZone_mapping;E,2.0,0
51-9041,hs,0.55,partial:ONET_JobZone_mapping;E,2.0,0
51-9041,lt_hs,0.1,partial:ONET_JobZone_mapping;E,2.0,0
51-9041,some_college,0.25,partial:ONET_JobZone_mapping;E,2.0,0
51-9051,ba_plus,0.1,partial:ONET_JobZone_mapping;E,2.0,0
51-9051,hs,0.55,partial:ONET_JobZone_mapping;E,2.0,0
51-9051,lt_hs,0.1,partial:ONET_JobZone_mapping;E,2.0,0
51-9051,some_college,0.25,partial:ONET_JobZone_mapping;E,2.0,0
51-9061,ba_plus,0.13333333333333333,partial:ONET_JobZone_mapping;E,2.333333333333333,0
51-9061,hs,0.48333333333333334,partial:ONET_JobZone_mapping;E,2.333333333333333,0
51-9061,lt_hs,0.07666666666666666,partial:ONET_JobZone_mapping;E,2.333333333333333,0
51-9061,some_college,0.30666666666666664,partial:ONET_JobZone_mapping;E,2.333333333333333,0
51-9071,ba_plus,0.2,partial:ONET_JobZone_mapping;E,3.0,0
51-9071,hs,0.35,partial:ONET_JobZone_mapping;E,3.0,0
51-9071,lt_hs,0.03,partial:ONET_JobZone_mapping;E,3.0,0
51-9071,some_college,0.42,partial:ONET_JobZone_mapping;E,3.0,0
51-9081,ba_plus,0.1,partial:ONET_JobZone_mapping;E,2.0,0
51-9081,hs,0.55,partial:ONET_JobZone_mapping;E,2.0,0
51-9081,lt_hs,0.1,partial:ONET_JobZone_mapping;E,2.0,0
51-9081,some_college,0.25,partial:ONET_JobZone_mapping;E,2.0,0
51-9082,ba_plus,0.2,partial:ONET_JobZone_mapping;E,3.0,0
51-9082,hs,0.35,partial:ONET_JobZone_mapping;E,3.0,0
51-9082,lt_hs,0.03,partial:ONET_JobZone_mapping;E,3.0,0
51-9082,some_college,0.42,partial:ONET_JobZone_mapping;E,3.0,0
51-9083,ba_plus,0.1,partial:ONET_JobZone_mapping;E,2.0,0
51-9083,hs,0.55,partial:ONET_JobZone_mapping;E,2.0,0
51-9083,lt_hs,0.1,partial:ONET_JobZone_mapping;E,2.0,0
51-9083,some_college,0.25,partial:ONET_JobZone_mapping;E,2.0,0
51-9111,ba_plus,0.1,partial:ONET_JobZone_mapping;E,2.0,0
51-9111,hs,0.55,partial:ONET_JobZone_mapping;E,2.0,0
51-9111,lt_hs,0.1,partial:ONET_JobZone_mapping;E,2.0,0
51-9111,some_college,0.25,partial:ONET_JobZone_mapping;E,2.0,0
51-9123,ba_plus,0.05,partial:ONET_JobZone_mapping;E,1.0,0
51-9123,hs,0.55,partial:ONET_JobZone_mapping;E,1.0,0
51-9123,lt_hs,0.25,partial:ONET_JobZone_mapping;E,1.0,0
51-9123,some_college,0.15,partial:ONET_JobZone_mapping;E,1.0,0
51-9124,ba_plus,0.1,partial:ONET_JobZone_mapping;E,2.0,0
51-9124,hs,0.55,partial:ONET_JobZone_mapping;E,2.0,0
51-9124,lt_hs,0.1,partial:ONET_JobZone_mapping;E,2.0,0
51-9124,some_college,0.25,partial:ONET_JobZone_mapping;E,2.0,0
51-9141,ba_plus,0.1,partial:ONET_JobZone_mapping;E,2.0,0
51-9141,hs,0.55,partial:ONET_JobZone_mapping;E,2.0,0
51-9141,lt_hs,0.1,partial:ONET_JobZone_mapping;E,2.0,0
51-9141,some_college,0.25,partial:ONET_JobZone_mapping;E,2.0,0
51-9151,ba_plus,0.1,partial:ONET_JobZone_mapping;E,2.0,0
51-9151,hs,0.55,partial:ONET_JobZone_mapping;E,2.0,0
51-9151,lt_hs,0.1,partial:ONET_JobZone_mapping;E,2.0,0
51-9151,some_college,0.25,partial:ONET_JobZone_mapping;E,2.0,0
51-9161,ba_plus,0.2,partial:ONET_JobZone_mapping;E,3.0,0
51-9161,hs,0.35,partial:ONET_JobZone_mapping;E,3.0,0
51-9161,lt_hs,0.03,partial:ONET_JobZone_mapping;E,3.0,0
51-9161,some_college,0.42,partial:ONET_JobZone_mapping;E,3.0,0
51-9162,ba_plus,0.2,partial:ONET_JobZone_mapping;E,3.0,0
51-9162,hs,0.35,partial:ONET_JobZone_mapping;E,3.0,0
51-9162,lt_hs,0.03,partial:ONET_JobZone_mapping;E,3.0,0
51-9162,some_college,0.42,partial:ONET_JobZone_mapping;E,3.0,0
51-9191,ba_plus,0.1,partial:ONET_JobZone_mapping;E,2.0,0
51-9191,hs,0.55,partial:ONET_JobZone_mapping;E,2.0,0
51-9191,lt_hs,0.1,partial:ONET_JobZone_mapping;E,2.0,0
51-9191,some_college,0.25,partial:ONET_JobZone_mapping;E,2.0,0
51-9192,ba_plus,0.1,partial:ONET_JobZone_mapping;E,2.0,0
51-9192,hs,0.55,partial:ONET_JobZone_mapping;E,2.0,0
51-9192,lt_hs,0.1,partial:ONET_JobZone_mapping;E,2.0,0
51-9192,some_college,0.25,partial:ONET_JobZone_mapping;E,2.0,0
51-9193,ba_plus,0.1,partial:ONET_JobZone_mapping;E,2.0,0
51-9193,hs,0.55,partial:ONET_JobZone_mapping;E,2.0,0
51-9193,lt_hs,0.1,partial:ONET_JobZone_mapping;E,2.0,0
51-9193,some_college,0.25,partial:ONET_JobZone_mapping;E,2.0,0
51-9194,ba_plus,0.1,partial:ONET_JobZone_mapping;E,2.0,0
51-9194,hs,0.55,partial:ONET_JobZone_mapping;E,2.0,0
51-9194,lt_hs,0.1,partial:ONET_JobZone_mapping;E,2.0,0
51-9194,some_college,0.25,partial:ONET_JobZone_mapping;E,2.0,0
51-9195,ba_plus,0.1,partial:ONET_JobZone_mapping;E,2.0,0
51-9195,hs,0.55,partial:ONET_JobZone_mapping;E,2.0,0
51-9195,lt_hs,0.1,partial:ONET_JobZone_mapping;E,2.0,0
51-9195,some_college,0.25,partial:ONET_JobZone_mapping;E,2.0,0
51-9196,ba_plus,0.1,partial:ONET_JobZone_mapping;E,2.0,0
51-9196,hs,0.55,partial:ONET_JobZone_mapping;E,2.0,0
51-9196,lt_hs,0.1,partial:ONET_JobZone_mapping;E,2.0,0
51-9196,some_college,0.25,partial:ONET_JobZone_mapping;E,2.0,0
51-9197,ba_plus,0.1,partial:ONET_JobZone_mapping;E,2.0,0
51-9197,hs,0.55,partial:ONET_JobZone_mapping;E,2.0,0
51-9197,lt_hs,0.1,partial:ONET_JobZone_mapping;E,2.0,0
51-9197,some_college,0.25,partial:ONET_JobZone_mapping;E,2.0,0
51-9198,ba_plus,0.1,partial:ONET_JobZone_mapping;E,2.0,0
51-9198,hs,0.55,partial:ONET_JobZone_mapping;E,2.0,0
51-9198,lt_hs,0.1,partial:ONET_JobZone_mapping;E,2.0,0
51-9198,some_college,0.25,partial:ONET_JobZone_mapping;E,2.0,0
51-9199,ba_plus,0.12687587080366175,partial:ONET_JobZone_mapping;E,2.196297280470938,1
51-9199,hs,0.4950012115529207,partial:ONET_JobZone_mapping;E,2.196297280470938,1
51-9199,lt_hs,0.09284926194537729,partial:ONET_JobZone_mapping;E,2.196297280470938,1
51-9199,some_college,0.2852736556980403,partial:ONET_JobZone_mapping;E,2.196297280470938,1
53-1041,ba_plus,0.1,partial:ONET_JobZone_mapping;E,2.0,0
53-1041,hs,0.55,partial:ONET_JobZone_mapping;E,2.0,0
53-1041,lt_hs,0.1,partial:ONET_JobZone_mapping;E,2.0,0
53-1041,some_college,0.25,partial:ONET_JobZone_mapping;E,2.0,0
53-1047,ba_plus,0.10718981680893831,partial:ONET_JobZone_mapping;E,2.034027723392591,1
53-1047,hs,0.5422926945466886,partial:ONET_JobZone_mapping;E,2.034027723392591,1
53-1047,lt_hs,0.09829535071918971,partial:ONET_JobZone_mapping;E,2.034027723392591,1
53-1047,some_college,0.2522221379251834,partial:ONET_JobZone_mapping;E,2.034027723392591,1
53-2011,ba_plus,0.65,partial:ONET_JobZone_mapping;E,4.0,0
53-2011,hs,0.1,partial:ONET_JobZone_mapping;E,4.0,0
53-2011,lt_hs,0.01,partial:ONET_JobZone_mapping;E,4.0,0
53-2011,some_college,0.24,partial:ONET_JobZone_mapping;E,4.0,0
53-2012,ba_plus,0.2,partial:ONET_JobZone_mapping;E,3.0,0
53-2012,hs,0.35,partial:ONET_JobZone_mapping;E,3.0,0
53-2012,lt_hs,0.03,partial:ONET_JobZone_mapping;E,3.0,0
53-2012,some_college,0.42,partial:ONET_JobZone_mapping;E,3.0,0
53-2021,ba_plus,0.2,partial:ONET_JobZone_mapping;E,3.0,0
53-2021,hs,0.35,partial:ONET_JobZone_mapping;E,3.0,0
53-2021,lt_hs,0.03,partial:ONET_JobZone_mapping;E,3.0,0
53-2021,some_college,0.42,partial:ONET_JobZone_mapping;E,3.0,0
53-2022,ba_plus,0.2,partial:ONET_JobZone_mapping;E,3.0,0
53-2022,hs,0.35,partial:ONET_JobZone_mapping;E,3.0,0
53-2022,lt_hs,0.03,partial:ONET_JobZone_mapping;E,3.0,0
53-2022,some_college,0.42,partial:ONET_JobZone_mapping;E,3.0,0
53-2031,ba_plus,0.1,partial:ONET_JobZone_mapping;E,2.0,0
53-2031,hs,0.55,partial:ONET_JobZone_mapping;E,2.0,0
53-2031,lt_hs,0.1,partial:ONET_JobZone_mapping;E,2.0,0
53-2031,some_college,0.25,partial:ONET_JobZone_mapping;E,2.0,0
53-3011,ba_plus,0.1,partial:ONET_JobZone_mapping;E,2.0,0
53-3011,hs,0.55,partial:ONET_JobZone_mapping;E,2.0,0
53-3011,lt_hs,0.1,partial:ONET_JobZone_mapping;E,2.0,0
53-3011,some_college,0.25,partial:ONET_JobZone_mapping;E,2.0,0
53-3031,ba_plus,0.1,partial:ONET_JobZone_mapping;E,2.0,0
53-3031,hs,0.55,partial:ONET_JobZone_mapping;E,2.0,0
53-3031,lt_hs,0.1,partial:ONET_JobZone_mapping;E,2.0,0
53-3031,some_college,0.25,partial:ONET_JobZone_mapping;E,2.0,0
53-3032,ba_plus,0.1,partial:ONET_JobZone_mapping;E,2.0,0
53-3032,hs,0.55,partial:ONET_JobZone_mapping;E,2.0,0
53-3032,lt_hs,0.1,partial:ONET_JobZone_mapping;E,2.0,0
53-3032,some_college,0.25,partial:ONET_JobZone_mapping;E,2.0,0
53-3033,ba_plus,0.1,partial:ONET_JobZone_mapping;E,2.0,0
53-3033,hs,0.55,partial:ONET_JobZone_mapping;E,2.0,0
53-3033,lt_hs,0.1,partial:ONET_JobZone_mapping;E,2.0,0
53-3033,some_college,0.25,partial:ONET_JobZone_mapping;E,2.0,0
53-3051,ba_plus,0.10718981680893831,partial:ONET_JobZone_mapping;E,2.034027723392591,1
53-3051,hs,0.5422926945466886,partial:ONET_JobZone_mapping;E,2.034027723392591,1
53-3051,lt_hs,0.09829535071918971,partial:ONET_JobZone_mapping;E,2.034027723392591,1
53-3051,some_college,0.2522221379251834,partial:ONET_JobZone_mapping;E,2.034027723392591,1
53-3052,ba_plus,0.1,partial:ONET_JobZone_mapping;E,2.0,0
53-3052,hs,0.55,partial:ONET_JobZone_mapping;E,2.0,0
53-3052,lt_hs,0.1,partial:ONET_JobZone_mapping;E,2.0,0
53-3052,some_college,0.25,partial:ONET_JobZone_mapping;E,2.0,0
53-3053,ba_plus,0.10718981680893831,partial:ONET_JobZone_mapping;E,2.034027723392591,1
53-3053,hs,0.5422926945466886,partial:ONET_JobZone_mapping;E,2.034027723392591,1
53-3053,lt_hs,0.09829535071918971,partial:ONET_JobZone_mapping;E,2.034027723392591,1
53-3053,some_college,0.2522221379251834,partial:ONET_JobZone_mapping;E,2.034027723392591,1
53-3054,ba_plus,0.10718981680893831,partial:ONET_JobZone_mapping;E,2.034027723392591,1
53-3054,hs,0.5422926945466886,partial:ONET_JobZone_mapping;E,2.034027723392591,1
53-3054,lt_hs,0.09829535071918971,partial:ONET_JobZone_mapping;E,2.034027723392591,1
53-3054,some_college,0.2522221379251834,partial:ONET_JobZone_mapping;E,2.034027723392591,1
53-3099,ba_plus,0.10718981680893831,partial:ONET_JobZone_mapping;E,2.034027723392591,1
53-3099,hs,0.5422926945466886,partial:ONET_JobZone_mapping;E,2.034027723392591,1
53-3099,lt_hs,0.09829535071918971,partial:ONET_JobZone_mapping;E,2.034027723392591,1
53-3099,some_college,0.2522221379251834,partial:ONET_JobZone_mapping;E,2.034027723392591,1
53-4011,ba_plus,0.1,partial:ONET_JobZone_mapping;E,2.0,0
53-4011,hs,0.55,partial:ONET_JobZone_mapping;E,2.0,0
53-4011,lt_hs,0.1,partial:ONET_JobZone_mapping;E,2.0,0
53-4011,some_college,0.25,partial:ONET_JobZone_mapping;E,2.0,0
53-4013,ba_plus,0.1,partial:ONET_JobZone_mapping;E,2.0,0
53-4013,hs,0.55,partial:ONET_JobZone_mapping;E,2.0,0
53-4013,lt_hs,0.1,partial:ONET_JobZone_mapping;E,2.0,0
53-4013,some_college,0.25,partial:ONET_JobZone_mapping;E,2.0,0
53-4022,ba_plus,0.1,partial:ONET_JobZone_mapping;E,2.0,0
53-4022,hs,0.55,partial:ONET_JobZone_mapping;E,2.0,0
53-4022,lt_hs,0.1,partial:ONET_JobZone_mapping;E,2.0,0
53-4022,some_college,0.25,partial:ONET_JobZone_mapping;E,2.0,0
53-4031,ba_plus,0.1,partial:ONET_JobZone_mapping;E,2.0,0
53-4031,hs,0.55,partial:ONET_JobZone_mapping;E,2.0,0
53-4031,lt_hs,0.1,partial:ONET_JobZone_mapping;E,2.0,0
53-4031,some_college,0.25,partial:ONET_JobZone_mapping;E,2.0,0
53-4041,ba_plus,0.1,partial:ONET_JobZone_mapping;E,2.0,0
53-4041,hs,0.55,partial:ONET_JobZone_mapping;E,2.0,0
53-4041,lt_hs,0.1,partial:ONET_JobZone_mapping;E,2.0,0
53-4041,some_college,0.25,partial:ONET_JobZone_mapping;E,2.0,0
53-4099,ba_plus,0.10718981680893831,partial:ONET_JobZone_mapping;E,2.034027723392591,1
53-4099,hs,0.5422926945466886,partial:ONET_JobZone_mapping;E,2.034027723392591,1
53-4099,lt_hs,0.09829535071918971,partial:ONET_JobZone_mapping;E,2.034027723392591,1
53-4099,some_college,0.2522221379251834,partial:ONET_JobZone_mapping;E,2.034027723392591,1
53-5011,ba_plus,0.1,partial:ONET_JobZone_mapping;E,2.0,0
53-5011,hs,0.55,partial:ONET_JobZone_mapping;E,2.0,0
53-5011,lt_hs,0.1,partial:ONET_JobZone_mapping;E,2.0,0
53-5011,some_college,0.25,partial:ONET_JobZone_mapping;E,2.0,0
53-5021,ba_plus,0.2,partial:ONET_JobZone_mapping;E,3.0,0
53-5021,hs,0.35,partial:ONET_JobZone_mapping;E,3.0,0
53-5021,lt_hs,0.03,partial:ONET_JobZone_mapping;E,3.0,0
53-5021,some_college,0.42,partial:ONET_JobZone_mapping;E,3.0,0
53-5022,ba_plus,0.1,partial:ONET_JobZone_mapping;E,2.0,0
53-5022,hs,0.55,partial:ONET_JobZone_mapping;E,2.0,0
53-5022,lt_hs,0.1,partial:ONET_JobZone_mapping;E,2.0,0
53-5022,some_college,0.25,partial:ONET_JobZone_mapping;E,2.0,0
53-5031,ba_plus,0.2,partial:ONET_JobZone_mapping;E,3.0,0
53-5031,hs,0.35,partial:ONET_JobZone_mapping;E,3.0,0
53-5031,lt_hs,0.03,partial:ONET_JobZone_mapping;E,3.0,0
53-5031,some_college,0.42,partial:ONET_JobZone_mapping;E,3.0,0
53-6011,ba_plus,0.1,partial:ONET_JobZone_mapping;E,2.0,0
53-6011,hs,0.55,partial:ONET_JobZone_mapping;E,2.0,0
53-6011,lt_hs,0.1,partial:ONET_JobZone_mapping;E,2.0,0
53-6011,some_college,0.25,partial:ONET_JobZone_mapping;E,2.0,0
53-6021,ba_plus,0.1,partial:ONET_JobZone_mapping;E,2.0,0
53-6021,hs,0.55,partial:ONET_JobZone_mapping;E,2.0,0
53-6021,lt_hs,0.1,partial:ONET_JobZone_mapping;E,2.0,0
53-6021,some_college,0.25,partial:ONET_JobZone_mapping;E,2.0,0
53-6031,ba_plus,0.1,partial:ONET_JobZone_mapping;E,2.0,0
53-6031,hs,0.55,partial:ONET_JobZone_mapping;E,2.0,0
53-6031,lt_hs,0.1,partial:ONET_JobZone_mapping;E,2.0,0
53-6031,some_college,0.25,partial:ONET_JobZone_mapping;E,2.0,0
53-6032,ba_plus,0.10718981680893831,partial:ONET_JobZone_mapping;E,2.034027723392591,1
53-6032,hs,0.5422926945466886,partial:ONET_JobZone_mapping;E,2.034027723392591,1
53-6032,lt_hs,0.09829535071918971,partial:ONET_JobZone_mapping;E,2.034027723392591,1
53-6032,some_college,0.2522221379251834,partial:ONET_JobZone_mapping;E,2.034027723392591,1
53-6041,ba_plus,0.2,partial:ONET_JobZone_mapping;E,3.0,0
53-6041,hs,0.35,partial:ONET_JobZone_mapping;E,3.0,0
53-6041,lt_hs,0.03,partial:ONET_JobZone_mapping;E,3.0,0
53-6041,some_college,0.42,partial:ONET_JobZone_mapping;E,3.0,0
53-6051,ba_plus,0.375,partial:ONET_JobZone_mapping;E,3.0,0
53-6051,hs,0.325,partial:ONET_JobZone_mapping;E,3.0,0
53-6051,lt_hs,0.055,partial:ONET_JobZone_mapping;E,3.0,0
53-6051,some_college,0.245,partial:ONET_JobZone_mapping;E,3.0,0
53-6061,ba_plus,0.1,partial:ONET_JobZone_mapping;E,2.0,0
53-6061,hs,0.55,partial:ONET_JobZone_mapping;E,2.0,0
53-6061,lt_hs,0.1,partial:ONET_JobZone_mapping;E,2.0,0
53-6061,some_college,0.25,partial:ONET_JobZone_mapping;E,2.0,0
53-6099,ba_plus,0.65,partial:ONET_JobZone_mapping;E,4.0,0
53-6099,hs,0.1,partial:ONET_JobZone_mapping;E,4.0,0
53-6099,lt_hs,0.01,partial:ONET_JobZone_mapping;E,4.0,0
53-6099,some_college,0.24,partial:ONET_JobZone_mapping;E,4.0,0
53-7011,ba_plus,0.05,partial:ONET_JobZone_mapping;E,1.0,0
53-7011,hs,0.55,partial:ONET_JobZone_mapping;E,1.0,0
53-7011,lt_hs,0.25,partial:ONET_JobZone_mapping;E,1.0,0
53-7011,some_college,0.15,partial:ONET_JobZone_mapping;E,1.0,0
53-7021,ba_plus,0.2,partial:ONET_JobZone_mapping;E,3.0,0
53-7021,hs,0.35,partial:ONET_JobZone_mapping;E,3.0,0
53-7021,lt_hs,0.03,partial:ONET_JobZone_mapping;E,3.0,0
53-7021,some_college,0.42,partial:ONET_JobZone_mapping;E,3.0,0
53-7031,ba_plus,0.1,partial:ONET_JobZone_mapping;E,2.0,0
53-7031,hs,0.55,partial:ONET_JobZone_mapping;E,2.0,0
53-7031,lt_hs,0.1,partial:ONET_JobZone_mapping;E,2.0,0
53-7031,some_college,0.25,partial:ONET_JobZone_mapping;E,2.0,0
53-7041,ba_plus,0.1,partial:ONET_JobZone_mapping;E,2.0,0
53-7041,hs,0.55,partial:ONET_JobZone_mapping;E,2.0,0
53-7041,lt_hs,0.1,partial:ONET_JobZone_mapping;E,2.0,0
53-7041,some_college,0.25,partial:ONET_JobZone_mapping;E,2.0,0
53-7051,ba_plus,0.1,partial:ONET_JobZone_mapping;E,2.0,0
53-7051,hs,0.55,partial:ONET_JobZone_mapping;E,2.0,0
53-7051,lt_hs,0.1,partial:ONET_JobZone_mapping;E,2.0,0
53-7051,some_college,0.25,partial:ONET_JobZone_mapping;E,2.0,0
53-7061,ba_plus,0.1,partial:ONET_JobZone_mapping;E,2.0,0
53-7061,hs,0.55,partial:ONET_JobZone_mapping;E,2.0,0
53-7061,lt_hs,0.1,partial:ONET_JobZone_mapping;E,2.0,0
53-7061,some_college,0.25,partial:ONET_JobZone_mapping;E,2.0,0
53-7062,ba_plus,0.1,partial:ONET_JobZone_mapping;E,2.0,0
53-7062,hs,0.55,partial:ONET_JobZone_mapping;E,2.0,0
53-7062,lt_hs,0.1,partial:ONET_JobZone_mapping;E,2.0,0
53-7062,some_college,0.25,partial:ONET_JobZone_mapping;E,2.0,0
53-7063,ba_plus,0.1,partial:ONET_JobZone_mapping;E,2.0,0
53-7063,hs,0.55,partial:ONET_JobZone_mapping;E,2.0,0
53-7063,lt_hs,0.1,partial:ONET_JobZone_mapping;E,2.0,0
53-7063,some_college,0.25,partial:ONET_JobZone_mapping;E,2.0,0
53-7064,ba_plus,0.1,partial:ONET_JobZone_mapping;E,2.0,0
53-7064,hs,0.55,partial:ONET_JobZone_mapping;E,2.0,0
53-7064,lt_hs,0.1,partial:ONET_JobZone_mapping;E,2.0,0
53-7064,some_college,0.25,partial:ONET_JobZone_mapping;E,2.0,0
53-7065,ba_plus,0.1,partial:ONET_JobZone_mapping;E,2.0,0
53-7065,hs,0.55,partial:ONET_JobZone_mapping;E,2.0,0
53-7065,lt_hs,0.1,partial:ONET_JobZone_mapping;E,2.0,0
53-7065,some_college,0.25,partial:ONET_JobZone_mapping;E,2.0,0
53-7071,ba_plus,0.1,partial:ONET_JobZone_mapping;E,2.0,0
53-7071,hs,0.55,partial:ONET_JobZone_mapping;E,2.0,0
53-7071,lt_hs,0.1,partial:ONET_JobZone_mapping;E,2.0,0
53-7071,some_college,0.25,partial:ONET_JobZone_mapping;E,2.0,0
53-7072,ba_plus,0.1,partial:ONET_JobZone_mapping;E,2.0,0
53-7072,hs,0.55,partial:ONET_JobZone_mapping;E,2.0,0
53-7072,lt_hs,0.1,partial:ONET_JobZone_mapping;E,2.0,0
53-7072,some_college,0.25,partial:ONET_JobZone_mapping;E,2.0,0
53-7073,ba_plus,0.1,partial:ONET_JobZone_mapping;E,2.0,0
53-7073,hs,0.55,partial:ONET_JobZone_mapping;E,2.0,0
53-7073,lt_hs,0.1,partial:ONET_JobZone_mapping;E,2.0,0
53-7073,some_college,0.25,partial:ONET_JobZone_mapping;E,2.0,0
53-7081,ba_plus,0.1,partial:ONET_JobZone_mapping;E,2.0,0
53-7081,hs,0.55,partial:ONET_JobZone_mapping;E,2.0,0
53-7081,lt_hs,0.1,partial:ONET_JobZone_mapping;E,2.0,0
53-7081,some_college,0.25,partial:ONET_JobZone_mapping;E,2.0,0
53-7121,ba_plus,0.1,partial:ONET_JobZone_mapping;E,2.0,0
53-7121,hs,0.55,partial:ONET_JobZone_mapping;E,2.0,0
53-7121,lt_hs,0.1,partial:ONET_JobZone_mapping;E,2.0,0
53-7121,some_college,0.25,partial:ONET_JobZone_mapping;E,2.0,0
53-7199,ba_plus,0.10718981680893831,partial:ONET_JobZone_mapping;E,2.034027723392591,1
53-7199,hs,0.5422926945466886,partial:ONET_JobZone_mapping;E,2.034027723392591,1
53-7199,lt_hs,0.09829535071918971,partial:ONET_JobZone_mapping;E,2.034027723392591,1
53-7199,some_college,0.2522221379251834,partial:ONET_JobZone_mapping;E,2.034027723392591,1
