occ_code,age_band,share,source_tag,job_zone,jz_imputed
11-1011,16-24,0.054054054054054064,FIXTURE,5.0,0
11-1011,25-44,0.4756756756756757,FIXTURE,5.0,0
11-1011,45-54,0.21621621621621626,FIXTURE,5.0,0
11-1011,55+,0.25405405405405407,FIXTURE,5.0,0
11-1021,16-24,0.07894736842105263,FIXTURE,4.0,0
11-1021,25-44,0.4631578947368421,FIXTURE,4.0,0
11-1021,45-54,0.2105263157894737,FIXTURE,4.0,0
11-1021,55+,0.24736842105263157,FIXTURE,4.0,0
11-1031,16-24,0.07821192300703736,FIXTURE,4.096616681851143,1
11-1031,25-44,0.4635277187164612,FIXTURE,4.096616681851143,1
11-1031,45-54,0.21069441759839147,FIXTURE,4.096616681851143,1
11-1031,55+,0.24756594067810997,FIXTURE,4.096616681851143,1
11-2011,16-24,0.07894736842105263,FIXTURE,4.0,0
11-2011,25-44,0.4631578947368421,FIXTURE,4.0,0
11-2011,45-54,0.2105263157894737,FIXTURE,4.0,0
11-2011,55+,0.24736842105263157,FIXTURE,4.0,0
11-2021,16-24,0.07894736842105263,FIXTURE,4.0,0
11-2021,25-44,0.4631578947368421,FIXTURE,4.0,0
11-2021,45-54,0.2105263157894737,FIXTURE,4.0,0
11-2021,55+,0.24736842105263157,FIXTURE,4.0,0
11-2022,16-24,0.07894736842105263,FIXTURE,4.0,0
11-2022,25-44,0.4631578947368421,FIXTURE,4.0,0
11-2022,45-54,0.2105263157894737,FIXTURE,4.0,0
11-2022,55+,0.24736842105263157,FIXTURE,4.0,0
11-2032,16-24,0.07821192300703736,FIXTURE,4.096616681851143,1
11-2032,25-44,0.4635277187164612,FIXTURE,4.096616681851143,1
11-2032,45-54,0.21069441759839147,FIXTURE,4.096616681851143,1
11-2032,55+,0.24756594067810997,FIXTURE,4.096616681851143,1
11-2033,16-24,0.07821192300703736,FIXTURE,4.096616681851143,1
11-2033,25-44,0.4635277187164612,FIXTURE,4.096616681851143,1
11-2033,45-54,0.21069441759839147,FIXTURE,4.096616681851143,1
11-2033,55+,0.24756594067810997,FIXTURE,4.096616681851143,1
11-3012,16-24,0.12500000000000003,FIXTURE,3.0,0
11-3012,25-44,0.44000000000000006,FIXTURE,3.0,0
11-3012,45-54,0.20000000000000004,FIXTURE,3.0,0
11-3012,55+,0.23500000000000001,FIXTURE,3.0,0
11-3013,16-24,0.07821192300703736,FIXTURE,4.096616681851143,1
11-3013,25-44,0.4635277187164612,FIXTURE,4.096616681851143,1
11-3013,45-54,0.21069441759839147,FIXTURE,4.096616681851143,1
11-3013,55+,0.24756594067810997,FIXTURE,4.096616681851143,1
11-3021,16-24,0.07894736842105263,FIXTURE,4.0,0
11-3021,25-44,0.4631578947368421,FIXTURE,4.0,0
11-3021,45-54,0.2105263157894737,FIXTURE,4.0,0
11-3021,55+,0.24736842105263157,FIXTURE,4.0,0
11-3031,16-24,0.06650071123755336,FIXTURE,4.5,0
11-3031,25-44,0.4694167852062589,FIXTURE,4.5,0
11-3031,45-54,0.21337126600284498,FIXTURE,4.5,0
11-3031,55+,0.25071123755334285,FIXTURE,4.5,0
11-3051,16-24,0.09736842105263158,FIXTURE,3.6,0
11-3051,25-44,0.4538947368421053,FIXTURE,3.6,0
11-3051,45-54,0.20631578947368423,FIXTURE,3.6,0
11-3051,55+,0.24242105263157893,FIXTURE,3.6,0
11-3061,16-24,0.07894736842105263,FIXTURE,4.0,0
11-3061,25-44,0.4631578947368421,FIXTURE,4.0,0
11-3061,45-54,0.2105263157894737,FIXTURE,4.0,0
11-3061,55+,0.24736842105263157,FIXTURE,4.0,0
11-3071,16-24,0.07894736842105263,FIXTURE,4.0,0
11-3071,25-44,0.4631578947368421,FIXTURE,4.0,0
11-3071,45-54,0.2105263157894737,FIXTURE,4.0,0
11-3071,55+,0.24736842105263157,FIXTURE,4.0,0
11-3111,16-24,0.07894736842105263,FIXTURE,4.0,0
11-3111,25-44,0.4631578947368421,FIXTURE,4.0,0
11-3111,45-54,0.2105263157894737,FIXTURE,4.0,0
11-3111,55+,0.24736842105263157,FIXTURE,4.0,0
11-3121,16-24,0.07894736842105263,FIXTURE,4.0,0
11-3121,25-44,0.4631578947368421,FIXTURE,4.0,0
11-3121,45-54,0.2105263157894737,FIXTURE,4.0,0
11-3121,55+,0.24736842105263157,FIXTURE,4.0,0
11-3131,16-24,0.07894736842105263,FIXTURE,4.0,0
11-3131,25-44,0.4631578947368421,FIXTURE,4.0,0
11-3131,45-54,0.2105263157894737,FIXTURE,4.0,0
11-3131,55+,0.24736842105263157,FIXTURE,4.0,0
11-9013,16-24,0.07894736842105263,FIXTURE,4.0,0
11-9013,25-44,0.4631578947368421,FIXTURE,4.0,0
11-9013,45-54,0.2105263157894737,FIXTURE,4.0,0
11-9013,55+,0.24736842105263157,FIXTURE,4.0,0
11-9021,16-24,0.07894736842105263,FIXTURE,4.0,0
11-9021,25-44,0.4631578947368421,FIXTURE,4.0,0
11-9021,45-54,0.2105263157894737,FIXTURE,4.0,0
11-9021,55+,0.24736842105263157,FIXTURE,4.0,0
11-9031,16-24,0.07894736842105263,FIXTURE,4.0,0
11-9031,25-44,0.4631578947368421,FIXTURE,4.0,0
11-9031,45-54,0.2105263157894737,FIXTURE,4.0,0
11-9031,55+,0.24736842105263157,FIXTURE,4.0,0
11-9032,16-24,0.054054054054054064,FIXTURE,5.0,0
11-9032,25-44,0.4756756756756757,FIXTURE,5.0,0
11-9032,45-54,0.21621621621621626,FIXTURE,5.0,0
11-9032,55+,0.25405405405405407,FIXTURE,5.0,0
11-9033,16-24,0.054054054054054064,FIXTURE,5.0,0
11-9033,25-44,0.4756756756756757,FIXTURE,5.0,0
11-9033,45-54,0.21621621621621626,FIXTURE,5.0,0
11-9033,55+,0.25405405405405407,FIXTURE,5.0,0
11-9039,16-24,0.07821192300703736,FIXTURE,4.096616681851143,1
11-9039,25-44,0.4635277187164612,FIXTURE,4.096616681851143,1
11-9039,45-54,0.21069441759839147,FIXTURE,4.096616681851143,1
11-9039,55+,0.24756594067810997,FIXTURE,4.096616681851143,1
11-9041,16-24,0.054054054054054064,FIXTURE,5.0,0
11-9041,25-44,0.4756756756756757,FIXTURE,5.0,0
11-9041,45-54,0.21621621621621626,FIXTURE,5.0,0
11-9041,55+,0.25405405405405407,FIXTURE,5.0,0
11-9051,16-24,0.15662650602409642,FIXTURE,2.0,0
11-9051,25-44,0.4240963855421687,FIXTURE,2.0,0
11-9051,45-54,0.1927710843373494,FIXTURE,2.0,0
11-9051,55+,0.22650602409638554,FIXTURE,2.0,0
11-9071,16-24,0.12500000000000003,FIXTURE,3.0,0
11-9071,25-44,0.44000000000000006,FIXTURE,3.0,0
11-9071,45-54,0.20000000000000004,FIXTURE,3.0,0
11-9071,55+,0.23500000000000001,FIXTURE,3.0,0
11-9072,16-24,0.07821192300703736,FIXTURE,4.096616681851143,1
11-9072,25-44,0.4635277187164612,FIXTURE,4.096616681851143,1
11-9072,45-54,0.21069441759839147,FIXTURE,4.096616681851143,1
11-9072,55+,0.24756594067810997,FIXTURE,4.096616681851143,1
11-9081,16-24,0.07894736842105263,FIXTURE,4.0,0
11-9081,25-44,0.4631578947368421,FIXTURE,4.0,0
11-9081,45-54,0.2105263157894737,FIXTURE,4.0,0
11-9081,55+,0.24736842105263157,FIXTURE,4.0,0
11-9111,16-24,0.054054054054054064,FIXTURE,5.0,0
11-9111,25-44,0.4756756756756757,FIXTURE,5.0,0
11-9111,45-54,0.21621621621621626,FIXTURE,5.0,0
11-9111,55+,0.25405405405405407,FIXTURE,5.0,0
11-9121,16-24,0.054054054054054064,FIXTURE,5.0,0
11-9121,25-44,0.4756756756756757,FIXTURE,5.0,0
11-9121,45-54,0.21621621621621626,FIXTURE,5.0,0
11-9121,55+,0.25405405405405407,FIXTURE,5.0,0
11-9131,16-24,0.15662650602409642,FIXTURE,2.0,0
11-9131,25-44,0.4240963855421687,FIXTURE,2.0,0
11-9131,45-54,0.1927710843373494,FIXTURE,2.0,0
11-9131,55+,0.22650602409638554,FIXTURE,2.0,0
11-9141,16-24,0.07894736842105263,FIXTURE,4.0,0
11-9141,25-44,0.4631578947368421,FIXTURE,4.0,0
11-9141,45-54,0.2105263157894737,FIXTURE,4.0,0
11-9141,55+,0.24736842105263157,FIXTURE,4.0,0
11-9151,16-24,0.07894736842105263,FIXTURE,4.0,0
11-9151,25-44,0.4631578947368421,FIXTURE,4.0,0
11-9151,45-54,0.2105263157894737,FIXTURE,4.0,0
11-9151,55+,0.24736842105263157,FIXTURE,4.0,0
11-9161,16-24,0.07894736842105263,FIXTURE,4.0,0
11-9161,25-44,0.4631578947368421,FIXTURE,4.0,0
11-9161,45-54,0.2105263157894737,FIXTURE,4.0,0
11-9161,55+,0.24736842105263157,FIXTURE,4.0,0
11-9171,16-24,0.12500000000000003,FIXTURE,3.0,0
11-9171,25-44,0.44000000000000006,FIXTURE,3.0,0
11-9171,45-54,0.20000000000000004,FIXTURE,3.0,0
11-9171,55+,0.23500000000000001,FIXTURE,3.0,0
11-9179,16-24,0.12500000000000003,FIXTURE,3.0,0
11-9179,25-44,0.44000000000000006,FIXTURE,3.0,0
11-9179,45-54,0.20000000000000004,FIXTURE,3.0,0
11-9179,55+,0.23500000000000001,FIXTURE,3.0,0
11-9199,16-24,0.0881578947368421,FIXTURE,3.8000000000000003,0
11-9199,25-44,0.4585263157894737,FIXTURE,3.8000000000000003,0
11-9199,45-54,0.20842105263157898,FIXTURE,3.8000000000000003,0
11-9199,55+,0.24489473684210528,FIXTURE,3.8000000000000003,0
13-1011,16-24,0.07894736842105263,FIXTURE,4.0,0
13-1011,25-44,0.4631578947368421,FIXTURE,4.0,0
13-1011,45-54,0.2105263157894737,FIXTURE,4.0,0
13-1011,55+,0.24736842105263157,FIXTURE,4.0,0
13-1020,16-24,0.09429824561403509,FIXTURE,3.6666666666666665,0
13-1020,25-44,0.4554385964912281,FIXTURE,3.6666666666666665,0
13-1020,45-54,0.20701754385964916,FIXTURE,3.6666666666666665,0
13-1020,55+,0.24324561403508774,FIXTURE,3.6666666666666665,0
13-1031,16-24,0.07894736842105263,FIXTURE,4.0,0
13-1031,25-44,0.4631578947368421,FIXTURE,4.0,0
13-1031,45-54,0.2105263157894737,FIXTURE,4.0,0
13-1031,55+,0.24736842105263157,FIXTURE,4.0,0
13-1032,16-24,0.12500000000000003,FIXTURE,3.0,0
13-1032,25-44,0.44000000000000006,FIXTURE,3.0,0
13-1032,45-54,0.20000000000000004,FIXTURE,3.0,0
13-1032,55+,0.23500000000000001,FIXTURE,3.0,0
13-1041,16-24,0.12500000000000003,FIXTURE,3.0,0
13-1041,25-44,0.44000000000000006,FIXTURE,3.0,0
13-1041,45-54,0.20000000000000004,FIXTURE,3.0,0
13-1041,55+,0.23500000000000001,FIXTURE,3.0,0
13-1051,16-24,0.07894736842105263,FIXTURE,4.0,0
13-1051,25-44,0.4631578947368421,FIXTURE,4.0,0
13-1051,45-54,0.2105263157894737,FIXTURE,4.0,0
13-1051,55+,0.24736842105263157,FIXTURE,4.0,0
13-1071,16-24,0.07894736842105263,FIXTURE,4.0,0
13-1071,25-44,0.4631578947368421,FIXTURE,4.0,0
13-1071,45-54,0.2105263157894737,FIXTURE,4.0,0
13-1071,55+,0.24736842105263157,FIXTURE,4.0,0
13-1074,16-24,0.15662650602409642,FIXTURE,2.0,0
13-1074,25-44,0.4240963855421687,FIXTURE,2.0,0
13-1074,45-54,0.1927710843373494,FIXTURE,2.0,0
13-1074,55+,0.22650602409638554,FIXTURE,2.0,0
13-1075,16-24,0.07894736842105263,FIXTURE,4.0,0
13-1075,25-44,0.4631578947368421,FIXTURE,4.0,0
13-1075,45-54,0.2105263157894737,FIXTURE,4.0,0
13-1075,55+,0.24736842105263157,FIXTURE,4.0,0
13-1081,16-24,0.07894736842105263,FIXTURE,4.0,0
13-1081,25-44,0.4631578947368421,FIXTURE,4.0,0
13-1081,45-54,0.2105263157894737,FIXTURE,4.0,0
13-1081,55+,0.24736842105263157,FIXTURE,4.0,0
13-1082,16-24,0.10484041428873388,FIXTURE,3.333333333333333,0
13-1082,25-44,0.45013739167195094,FIXTURE,3.333333333333333,0
13-1082,45-54,0.20460790530543224,FIXTURE,3.333333333333333,0
13-1082,55+,0.24041428873388287,FIXTURE,3.333333333333333,0
13-1111,16-24,0.054054054054054064,FIXTURE,5.0,0
13-1111,25-44,0.4756756756756757,FIXTURE,5.0,0
13-1111,45-54,0.21621621621621626,FIXTURE,5.0,0
13-1111,55+,0.25405405405405407,FIXTURE,5.0,0
13-1121,16-24,0.07894736842105263,FIXTURE,4.0,0
13-1121,25-44,0.4631578947368421,FIXTURE,4.0,0
13-1121,45-54,0.2105263157894737,FIXTURE,4.0,0
13-1121,55+,0.24736842105263157,FIXTURE,4.0,0
13-1131,16-24,0.07894736842105263,FIXTURE,4.0,0
13-1131,25-44,0.4631578947368421,FIXTURE,4.0,0
13-1131,45-54,0.2105263157894737,FIXTURE,4.0,0
13-1131,55+,0.24736842105263157,FIXTURE,4.0,0
13-1141,16-24,0.07894736842105263,FIXTURE,4.0,0
13-1141,25-44,0.4631578947368421,FIXTURE,4.0,0
13-1141,45-54,0.2105263157894737,FIXTURE,4.0,0
13-1141,55+,0.24736842105263157,FIXTURE,4.0,0
13-1151,16-24,0.07894736842105263,FIXTURE,4.0,0
13-1151,25-44,0.4631578947368421,FIXTURE,4.0,0
13-1151,45-54,0.2105263157894737,FIXTURE,4.0,0
13-1151,55+,0.24736842105263157,FIXTURE,4.0,0
13-1161,16-24,0.07894736842105263,FIXTURE,4.0,0
13-1161,25-44,0.4631578947368421,FIXTURE,4.0,0
13-1161,45-54,0.2105263157894737,FIXTURE,4.0,0
13-1161,55+,0.24736842105263157,FIXTURE,4.0,0
13-1199,16-24,0.08576165624270476,FIXTURE,3.9025570814742614,1
13-1199,25-44,0.45973128143223985,FIXTURE,3.9025570814742614,1
13-1199,45-54,0.20896876428738176,FIXTURE,3.9025570814742614,1
13-1199,55+,0.24553829803767355,FIXTURE,3.9025570814742614,1
13-2011,16-24,0.10197368421052631,FIXTURE,3.5,0
13-2011,25-44,0.4515789473684211,FIXTURE,3.5,0
13-2011,45-54,0.20526315789473687,FIXTURE,3.5,0
13-2011,55+,0.24118421052631578,FIXTURE,3.5,0
13-2020,16-24,0.07894736842105263,FIXTURE,4.0,0
13-2020,25-44,0.4631578947368421,FIXTURE,4.0,0
13-2020,45-54,0.2105263157894737,FIXTURE,4.0,0
13-2020,55+,0.24736842105263157,FIXTURE,4.0,0
13-2031,16-24,0.07894736842105263,FIXTURE,4.0,0
13-2031,25-44,0.4631578947368421,FIXTURE,4.0,0
13-2031,45-54,0.2105263157894737,FIXTURE,4.0,0
13-2031,55+,0.24736842105263157,FIXTURE,4.0,0
13-2041,16-24,0.07894736842105263,FIXTURE,4.0,0
13-2041,25-44,0.4631578947368421,FIXTURE,4.0,0
13-2041,45-54,0.2105263157894737,FIXTURE,4.0,0
13-2041,55+,0.24736842105263157,FIXTURE,4.0,0
13-2051,16-24,0.054054054054054064,FIXTURE,5.0,0
13-2051,25-44,0.4756756756756757,FIXTURE,5.0,0
13-2051,45-54,0.21621621621621626,FIXTURE,5.0,0
13-2051,55+,0.25405405405405407,FIXTURE,5.0,0
13-2052,16-24,0.07894736842105263,FIXTURE,4.0,0
13-2052,25-44,0.4631578947368421,FIXTURE,4.0,0
13-2052,45-54,0.2105263157894737,FIXTURE,4.0,0
13-2052,55+,0.24736842105263157,FIXTURE,4.0,0
13-2053,16-24,0.07894736842105263,FIXTURE,4.0,0
13-2053,25-44,0.4631578947368421,FIXTURE,4.0,0
13-2053,45-54,0.2105263157894737,FIXTURE,4.0,0
13-2053,55+,0.24736842105263157,FIXTURE,4.0,0
13-2054,16-24,0.08576165624270476,FIXTURE,3.9025570814742614,1
13-2054,25-44,0.45973128143223985,FIXTURE,3.9025570814742614,1
13-2054,45-54,0.20896876428738176,FIXTURE,3.9025570814742614,1
13-2054,55+,0.24553829803767355,FIXTURE,3.9025570814742614,1
13-2061,16-24,0.07894736842105263,FIXTURE,4.0,0
13-2061,25-44,0.4631578947368421,FIXTURE,4.0,0
13-2061,45-54,0.2105263157894737,FIXTURE,4.0,0
13-2061,55+,0.24736842105263157,FIXTURE,4.0,0
13-2071,16-24,0.07894736842105263,FIXTURE,4.0,0
13-2071,25-44,0.4631578947368421,FIXTURE,4.0,0
13-2071,45-54,0.2105263157894737,FIXTURE,4.0,0
13-2071,55+,0.24736842105263157,FIXTURE,4.0,0
13-2072,16-24,0.07894736842105263,FIXTURE,4.0,0
13-2072,25-44,0.4631578947368421,FIXTURE,4.0,0
13-2072,45-54,0.2105263157894737,FIXTURE,4.0,0
13-2072,55+,0.24736842105263157,FIXTURE,4.0,0
13-2081,16-24,0.12500000000000003,FIXTURE,3.0,0
13-2081,25-44,0.44000000000000006,FIXTURE,3.0,0
13-2081,45-54,0.20000000000000004,FIXTURE,3.0,0
13-2081,55+,0.23500000000000001,FIXTURE,3.0,0
13-2082,16-24,0.12500000000000003,FIXTURE,3.0,0
13-2082,25-44,0.44000000000000006,FIXTURE,3.0,0
13-2082,45-54,0.20000000000000004,FIXTURE,3.0,0
13-2082,55+,0.23500000000000001,FIXTURE,3.0,0
13-2099,16-24,0.08576165624270476,FIXTURE,3.9025570814742614,1
13-2099,25-44,0.45973128143223985,FIXTURE,3.9025570814742614,1
13-2099,45-54,0.20896876428738176,FIXTURE,3.9025570814742614,1
13-2099,55+,0.24553829803767355,FIXTURE,3.9025570814742614,1
15-1211,16-24,0.07894736842105263,FIXTURE,4.0,0
15-1211,25-44,0.4631578947368421,FIXTURE,4.0,0
15-1211,45-54,0.2105263157894737,FIXTURE,4.0,0
15-1211,55+,0.24736842105263157,FIXTURE,4.0,0
15-1212,16-24,0.07894736842105263,FIXTURE,4.0,0
15-1212,25-44,0.4631578947368421,FIXTURE,4.0,0
15-1212,45-54,0.2105263157894737,FIXTURE,4.0,0
15-1212,55+,0.24736842105263157,FIXTURE,4.0,0
15-1221,16-24,0.06650071123755336,FIXTURE,4.5,0
15-1221,25-44,0.4694167852062589,FIXTURE,4.5,0
15-1221,45-54,0.21337126600284498,FIXTURE,4.5,0
15-1221,55+,0.25071123755334285,FIXTURE,4.5,0
15-1231,16-24,0.07894736842105263,FIXTURE,4.0,0
15-1231,25-44,0.4631578947368421,FIXTURE,4.0,0
15-1231,45-54,0.2105263157894737,FIXTURE,4.0,0
15-1231,55+,0.24736842105263157,FIXTURE,4.0,0
15-1232,16-24,0.12500000000000003,FIXTURE,3.0,0
15-1232,25-44,0.44000000000000006,FIXTURE,3.0,0
15-1232,45-54,0.20000000000000004,FIXTURE,3.0,0
15-1232,55+,0.23500000000000001,FIXTURE,3.0,0
15-1241,16-24,0.07894736842105263,FIXTURE,4.0,0
15-1241,25-44,0.4631578947368421,FIXTURE,4.0,0
15-1241,45-54,0.2105263157894737,FIXTURE,4.0,0
15-1241,55+,0.24736842105263157,FIXTURE,4.0,0
15-1242,16-24,0.07894736842105263,FIXTURE,4.0,0
15-1242,25-44,0.4631578947368421,FIXTURE,4.0,0
15-1242,45-54,0.2105263157894737,FIXTURE,4.0,0
15-1242,55+,0.24736842105263157,FIXTURE,4.0,0
15-1243,16-24,0.07894736842105263,FIXTURE,4.0,0
15-1243,25-44,0.4631578947368421,FIXTURE,4.0,0
15-1243,45-54,0.2105263157894737,FIXTURE,4.0,0
15-1243,55+,0.24736842105263157,FIXTURE,4.0,0
15-1244,16-24,0.07894736842105263,FIXTURE,4.0,0
15-1244,25-44,0.4631578947368421,FIXTURE,4.0,0
15-1244,45-54,0.2105263157894737,FIXTURE,4.0,0
15-1244,55+,0.24736842105263157,FIXTURE,4.0,0
15-1251,16-24,0.07894736842105263,FIXTURE,4.0,0
15-1251,25-44,0.4631578947368421,FIXTURE,4.0,0
15-1251,45-54,0.2105263157894737,FIXTURE,4.0,0
15-1251,55+,0.24736842105263157,FIXTURE,4.0,0
15-1252,16-24,0.09066996840553183,FIXTURE,3.7718079184150115,1
15-1252,25-44,0.45726310160178973,FIXTURE,3.7718079184150115,1
15-1252,45-54,0.20784686436444988,FIXTURE,3.7718079184150115,1
15-1252,55+,0.24422006562822857,FIXTURE,3.7718079184150115,1
15-1253,16-24,0.07894736842105263,FIXTURE,4.0,0
15-1253,25-44,0.4631578947368421,FIXTURE,4.0,0
15-1253,45-54,0.2105263157894737,FIXTURE,4.0,0
15-1253,55+,0.24736842105263157,FIXTURE,4.0,0
15-1254,16-24,0.12500000000000003,FIXTURE,3.0,0
15-1254,25-44,0.44000000000000006,FIXTURE,3.0,0
15-1254,45-54,0.20000000000000004,FIXTURE,3.0,0
15-1254,55+,0.23500000000000001,FIXTURE,3.0,0
15-1255,16-24,0.09066996840553183,FIXTURE,3.7718079184150115,1
15-1255,25-44,0.45726310160178973,FIXTURE,3.7718079184150115,1
15-1255,45-54,0.20784686436444988,FIXTURE,3.7718079184150115,1
15-1255,55+,0.24422006562822857,FIXTURE,3.7718079184150115,1
15-1299,16-24,0.09066996840553183,FIXTURE,3.7718079184150115,1
15-1299,25-44,0.45726310160178973,FIXTURE,3.7718079184150115,1
15-1299,45-54,0.20784686436444988,FIXTURE,3.7718079184150115,1
15-1299,55+,0.24422006562822857,FIXTURE,3.7718079184150115,1
15-2011,16-24,0.07894736842105263,FIXTURE,4.0,0
15-2011,25-44,0.4631578947368421,FIXTURE,4.0,0
15-2011,45-54,0.2105263157894737,FIXTURE,4.0,0
15-2011,55+,0.24736842105263157,FIXTURE,4.0,0
15-2021,16-24,0.054054054054054064,FIXTURE,5.0,0
15-2021,25-44,0.4756756756756757,FIXTURE,5.0,0
15-2021,45-54,0.21621621621621626,FIXTURE,5.0,0
15-2021,55+,0.25405405405405407,FIXTURE,5.0,0
15-2031,16-24,0.054054054054054064,FIXTURE,5.0,0
15-2031,25-44,0.4756756756756757,FIXTURE,5.0,0
15-2031,45-54,0.21621621621621626,FIXTURE,5.0,0
15-2031,55+,0.25405405405405407,FIXTURE,5.0,0
15-2041,16-24,0.054054054054054064,FIXTURE,5.0,0
15-2041,25-44,0.4756756756756757,FIXTURE,5.0,0
15-2041,45-54,0.21621621621621626,FIXTURE,5.0,0
15-2041,55+,0.25405405405405407,FIXTURE,5.0,0
15-2051,16-24,0.09066996840553183,FIXTURE,3.7718079184150115,1
15-2051,25-44,0.45726310160178973,FIXTURE,3.7718079184150115,1
15-2051,45-54,0.20784686436444988,FIXTURE,3.7718079184150115,1
15-2051,55+,0.24422006562822857,FIXTURE,3.7718079184150115,1
15-2099,16-24,0.09066996840553183,FIXTURE,3.7718079184150115,1
15-2099,25-44,0.45726310160178973,FIXTURE,3.7718079184150115,1
15-2099,45-54,0.20784686436444988,FIXTURE,3.7718079184150115,1
15-2099,55+,0.24422006562822857,FIXTURE,3.7718079184150115,1
17-1011,16-24,0.054054054054054064,FIXTURE,5.0,0
17-1011,25-44,0.4756756756756757,FIXTURE,5.0,0
17-1011,45-54,0.21621621621621626,FIXTURE,5.0,0
17-1011,55+,0.25405405405405407,FIXTURE,5.0,0
17-1012,16-24,0.07894736842105263,FIXTURE,4.0,0
17-1012,25-44,0.4631578947368421,FIXTURE,4.0,0
17-1012,45-54,0.2105263157894737,FIXTURE,4.0,0
17-1012,55+,0.24736842105263157,FIXTURE,4.0,0
17-1021,16-24,0.07894736842105263,FIXTURE,4.0,0
17-1021,25-44,0.4631578947368421,FIXTURE,4.0,0
17-1021,45-54,0.2105263157894737,FIXTURE,4.0,0
17-1021,55+,0.24736842105263157,FIXTURE,4.0,0
17-1022,16-24,0.07894736842105263,FIXTURE,4.0,0
17-1022,25-44,0.4631578947368421,FIXTURE,4.0,0
17-1022,45-54,0.2105263157894737,FIXTURE,4.0,0
17-1022,55+,0.24736842105263157,FIXTURE,4.0,0
17-2011,16-24,0.07894736842105263,FIXTURE,4.0,0
17-2011,25-44,0.4631578947368421,FIXTURE,4.0,0
17-2011,45-54,0.2105263157894737,FIXTURE,4.0,0
17-2011,55+,0.24736842105263157,FIXTURE,4.0,0
17-2021,16-24,0.07894736842105263,FIXTURE,4.0,0
17-2021,25-44,0.4631578947368421,FIXTURE,4.0,0
17-2021,45-54,0.2105263157894737,FIXTURE,4.0,0
17-2021,55+,0.24736842105263157,FIXTURE,4.0,0
17-2031,16-24,0.07894736842105263,FIXTURE,4.0,0
17-2031,25-44,0.4631578947368421,FIXTURE,4.0,0
17-2031,45-54,0.2105263157894737,FIXTURE,4.0,0
17-2031,55+,0.24736842105263157,FIXTURE,4.0,0
17-2041,16-24,0.07894736842105263,FIXTURE,4.0,0
17-2041,25-44,0.4631578947368421,FIXTURE,4.0,0
17-2041,45-54,0.2105263157894737,FIXTURE,4.0,0
17-2041,55+,0.24736842105263157,FIXTURE,4.0,0
17-2051,16-24,0.07894736842105263,FIXTURE,4.0,0
17-2051,25-44,0.4631578947368421,FIXTURE,4.0,0
17-2051,45-54,0.2105263157894737,FIXTURE,4.0,0
17-2051,55+,0.24736842105263157,FIXTURE,4.0,0
17-2061,16-24,0.07894736842105263,FIXTURE,4.0,0
17-2061,25-44,0.4631578947368421,FIXTURE,4.0,0
17-2061,45-54,0.2105263157894737,FIXTURE,4.0,0
17-2061,55+,0.24736842105263157,FIXTURE,4.0,0
17-2071,16-24,0.07894736842105263,FIXTURE,4.0,0
17-2071,25-44,0.4631578947368421,FIXTURE,4.0,0
17-2071,45-54,0.2105263157894737,FIXTURE,4.0,0
17-2071,55+,0.24736842105263157,FIXTURE,4.0,0
17-2072,16-24,0.07894736842105263,FIXTURE,4.0,0
17-2072,25-44,0.4631578947368421,FIXTURE,4.0,0
17-2072,45-54,0.2105263157894737,FIXTURE,4.0,0
17-2072,55+,0.24736842105263157,FIXTURE,4.0,0
17-2081,16-24,0.07894736842105263,FIXTURE,4.0,0
17-2081,25-44,0.4631578947368421,FIXTURE,4.0,0
17-2081,45-54,0.2105263157894737,FIXTURE,4.0,0
17-2081,55+,0.24736842105263157,FIXTURE,4.0,0
17-2111,16-24,0.07894736842105263,FIXTURE,4.0,0
17-2111,25-44,0.4631578947368421,FIXTURE,4.0,0
17-2111,45-54,0.2105263157894737,FIXTURE,4.0,0
17-2111,55+,0.24736842105263157,FIXTURE,4.0,0
17-2112,16-24,0.07894736842105263,FIXTURE,4.0,0
17-2112,25-44,0.4631578947368421,FIXTURE,4.0,0
17-2112,45-54,0.2105263157894737,FIXTURE,4.0,0
17-2112,55+,0.24736842105263157,FIXTURE,4.0,0
17-2121,16-24,0.07894736842105263,FIXTURE,4.0,0
17-2121,25-44,0.4631578947368421,FIXTURE,4.0,0
17-2121,45-54,0.2105263157894737,FIXTURE,4.0,0
17-2121,55+,0.24736842105263157,FIXTURE,4.0,0
17-2131,16-24,0.07894736842105263,FIXTURE,4.0,0
17-2131,25-44,0.4631578947368421,FIXTURE,4.0,0
17-2131,45-54,0.2105263157894737,FIXTURE,4.0,0
17-2131,55+,0.24736842105263157,FIXTURE,4.0,0
17-2141,16-24,0.07894736842105263,FIXTURE,4.0,0
17-2141,25-44,0.4631578947368421,FIXTURE,4.0,0
17-2141,45-54,0.2105263157894737,FIXTURE,4.0,0
17-2141,55+,0.24736842105263157,FIXTURE,4.0,0
17-2151,16-24,0.07894736842105263,FIXTURE,4.0,0
17-2151,25-44,0.4631578947368421,FIXTURE,4.0,0
17-2151,45-54,0.2105263157894737,FIXTURE,4.0,0
17-2151,55+,0.24736842105263157,FIXTURE,4.0,0
17-2161,16-24,0.07894736842105263,FIXTURE,4.0,0
17-2161,25-44,0.4631578947368421,FIXTURE,4.0,0
17-2161,45-54,0.2105263157894737,FIXTURE,4.0,0
17-2161,55+,0.24736842105263157,FIXTURE,4.0,0
17-2171,16-24,0.07894736842105263,FIXTURE,4.0,0
17-2171,25-44,0.4631578947368421,FIXTURE,4.0,0
17-2171,45-54,0.2105263157894737,FIXTURE,4.0,0
17-2171,55+,0.24736842105263157,FIXTURE,4.0,0
17-2199,16-24,0.07396870554765292,FIXTURE,4.2,0
17-2199,25-44,0.4656614509246088,FIXTURE,4.2,0
17-2199,45-54,0.21166429587482222,FIXTURE,4.2,0
17-2199,55+,0.24870554765291608,FIXTURE,4.2,0
17-3011,16-24,0.12500000000000003,FIXTURE,3.0,0
17-3011,25-44,0.44000000000000006,FIXTURE,3.0,0
17-3011,45-54,0.20000000000000004,FIXTURE,3.0,0
17-3011,55+,0.23500000000000001,FIXTURE,3.0,0
17-3012,16-24,0.12500000000000003,FIXTURE,3.0,0
17-3012,25-44,0.44000000000000006,FIXTURE,3.0,0
17-3012,45-54,0.20000000000000004,FIXTURE,3.0,0
17-3012,55+,0.23500000000000001,FIXTURE,3.0,0
17-3013,16-24,0.12500000000000003,FIXTURE,3.0,0
17-3013,25-44,0.44000000000000006,FIXTURE,3.0,0
17-3013,45-54,0.20000000000000004,FIXTURE,3.0,0
17-3013,55+,0.23500000000000001,FIXTURE,3.0,0
17-3019,16-24,0.08687288756942223,FIXTURE,3.8535779786342887,1
17-3019,25-44,0.45917249082223327,FIXTURE,3.8535779786342887,1
17-3019,45-54,0.20871476855556062,FIXTURE,3.8535779786342887,1
17-3019,55+,0.2452398530527837,FIXTURE,3.8535779786342887,1
17-3021,16-24,0.12500000000000003,FIXTURE,3.0,0
17-3021,25-44,0.44000000000000006,FIXTURE,3.0,0
17-3021,45-54,0.20000000000000004,FIXTURE,3.0,0
17-3021,55+,0.23500000000000001,FIXTURE,3.0,0
17-3022,16-24,0.12500000000000003,FIXTURE,3.0,0
17-3022,25-44,0.44000000000000006,FIXTURE,3.0,0
17-3022,45-54,0.20000000000000004,FIXTURE,3.0,0
17-3022,55+,0.23500000000000001,FIXTURE,3.0,0
17-3023,16-24,0.12500000000000003,FIXTURE,3.0,0
17-3023,25-44,0.44000000000000006,FIXTURE,3.0,0
17-3023,45-54,0.20000000000000004,FIXTURE,3.0,0
17-3023,55+,0.23500000000000001,FIXTURE,3.0,0
17-3024,16-24,0.08737279789911369,FIXTURE,3.9230769230769234,0
17-3024,25-44,0.45892110734215996,FIXTURE,3.9230769230769234,0
17-3024,45-54,0.20860050333734545,FIXTURE,3.9230769230769234,0
17-3024,55+,0.24510559142138091,FIXTURE,3.9230769230769234,0
17-3025,16-24,0.07894736842105263,FIXTURE,4.0,0
17-3025,25-44,0.4631578947368421,FIXTURE,4.0,0
17-3025,45-54,0.2105263157894737,FIXTURE,4.0,0
17-3025,55+,0.24736842105263157,FIXTURE,4.0,0
17-3026,16-24,0.12500000000000003,FIXTURE,3.0,0
17-3026,25-44,0.44000000000000006,FIXTURE,3.0,0
17-3026,45-54,0.20000000000000004,FIXTURE,3.0,0
17-3026,55+,0.23500000000000001,FIXTURE,3.0,0
17-3027,16-24,0.12500000000000003,FIXTURE,3.0,0
17-3027,25-44,0.44000000000000006,FIXTURE,3.0,0
17-3027,45-54,0.20000000000000004,FIXTURE,3.0,0
17-3027,55+,0.23500000000000001,FIXTURE,3.0,0
17-3028,16-24,0.08687288756942223,FIXTURE,3.8535779786342887,1
17-3028,25-44,0.45917249082223327,FIXTURE,3.8535779786342887,1
17-3028,45-54,0.20871476855556062,FIXTURE,3.8535779786342887,1
17-3028,55+,0.2452398530527837,FIXTURE,3.8535779786342887,1
17-3029,16-24,0.08687288756942223,FIXTURE,3.8535779786342887,1
17-3029,25-44,0.45917249082223327,FIXTURE,3.8535779786342887,1
17-3029,45-54,0.20871476855556062,FIXTURE,3.8535779786342887,1
17-3029,55+,0.2452398530527837,FIXTURE,3.8535779786342887,1
17-3031,16-24,0.12500000000000003,FIXTURE,3.0,0
17-3031,25-44,0.44000000000000006,FIXTURE,3.0,0
17-3031,45-54,0.20000000000000004,FIXTURE,3.0,0
17-3031,55+,0.23500000000000001,FIXTURE,3.0,0
19-1011,16-24,0.054054054054054064,FIXTURE,5.0,0
19-1011,25-44,0.4756756756756757,FIXTURE,5.0,0
19-1011,45-54,0.21621621621621626,FIXTURE,5.0,0
19-1011,55+,0.25405405405405407,FIXTURE,5.0,0
19-1012,16-24,0.07894736842105263,FIXTURE,4.0,0
19-1012,25-44,0.4631578947368421,FIXTURE,4.0,0
19-1012,45-54,0.2105263157894737,FIXTURE,4.0,0
19-1012,55+,0.24736842105263157,FIXTURE,4.0,0
19-1013,16-24,0.054054054054054064,FIXTURE,5.0,0
19-1013,25-44,0.4756756756756757,FIXTURE,5.0,0
19-1013,45-54,0.21621621621621626,FIXTURE,5.0,0
19-1013,55+,0.25405405405405407,FIXTURE,5.0,0
19-1021,16-24,0.054054054054054064,FIXTURE,5.0,0
19-1021,25-44,0.4756756756756757,FIXTURE,5.0,0
19-1021,45-54,0.21621621621621626,FIXTURE,5.0,0
19-1021,55+,0.25405405405405407,FIXTURE,5.0,0
19-1022,16-24,0.054054054054054064,FIXTURE,5.0,0
19-1022,25-44,0.4756756756756757,FIXTURE,5.0,0
19-1022,45-54,0.21621621621621626,FIXTURE,5.0,0
19-1022,55+,0.25405405405405407,FIXTURE,5.0,0
19-1023,16-24,0.054054054054054064,FIXTURE,5.0,0
19-1023,25-44,0.4756756756756757,FIXTURE,5.0,0
19-1023,45-54,0.21621621621621626,FIXTURE,5.0,0
19-1023,55+,0.25405405405405407,FIXTURE,5.0,0
19-1029,16-24,0.07491455183908831,FIXTURE,4.282403984063745,1
19-1029,25-44,0.4651858253609156,FIXTURE,4.282403984063745,1
19-1029,45-54,0.2114481024367798,FIXTURE,4.282403984063745,1
19-1029,55+,0.24845152036321624,FIXTURE,4.282403984063745,1
19-1031,16-24,0.07894736842105263,FIXTURE,4.0,0
19-1031,25-44,0.4631578947368421,FIXTURE,4.0,0
19-1031,45-54,0.2105263157894737,FIXTURE,4.0,0
19-1031,55+,0.24736842105263157,FIXTURE,4.0,0
19-1032,16-24,0.07894736842105263,FIXTURE,4.0,0
19-1032,25-44,0.4631578947368421,FIXTURE,4.0,0
19-1032,45-54,0.2105263157894737,FIXTURE,4.0,0
19-1032,55+,0.24736842105263157,FIXTURE,4.0,0
19-1041,16-24,0.054054054054054064,FIXTURE,5.0,0
19-1041,25-44,0.4756756756756757,FIXTURE,5.0,0
19-1041,45-54,0.21621621621621626,FIXTURE,5.0,0
19-1041,55+,0.25405405405405407,FIXTURE,5.0,0
19-1042,16-24,0.054054054054054064,FIXTURE,5.0,0
19-1042,25-44,0.4756756756756757,FIXTURE,5.0,0
19-1042,45-54,0.21621621621621626,FIXTURE,5.0,0
19-1042,55+,0.25405405405405407,FIXTURE,5.0,0
19-1099,16-24,0.07491455183908831,FIXTURE,4.282403984063745,1
19-1099,25-44,0.4651858253609156,FIXTURE,4.282403984063745,1
19-1099,45-54,0.2114481024367798,FIXTURE,4.282403984063745,1
19-1099,55+,0.24845152036321624,FIXTURE,4.282403984063745,1
19-2011,16-24,0.054054054054054064,FIXTURE,5.0,0
19-2011,25-44,0.4756756756756757,FIXTURE,5.0,0
19-2011,45-54,0.21621621621621626,FIXTURE,5.0,0
19-2011,55+,0.25405405405405407,FIXTURE,5.0,0
19-2012,16-24,0.054054054054054064,FIXTURE,5.0,0
19-2012,25-44,0.4756756756756757,FIXTURE,5.0,0
19-2012,45-54,0.21621621621621626,FIXTURE,5.0,0
19-2012,55+,0.25405405405405407,FIXTURE,5.0,0
19-2021,16-24,0.07894736842105263,FIXTURE,4.0,0
19-2021,25-44,0.4631578947368421,FIXTURE,4.0,0
19-2021,45-54,0.2105263157894737,FIXTURE,4.0,0
19-2021,55+,0.24736842105263157,FIXTURE,4.0,0
19-2031,16-24,0.07894736842105263,FIXTURE,4.0,0
19-2031,25-44,0.4631578947368421,FIXTURE,4.0,0
19-2031,45-54,0.2105263157894737,FIXTURE,4.0,0
19-2031,55+,0.24736842105263157,FIXTURE,4.0,0
19-2032,16-24,0.054054054054054064,FIXTURE,5.0,0
19-2032,25-44,0.4756756756756757,FIXTURE,5.0,0
19-2032,45-54,0.21621621621621626,FIXTURE,5.0,0
19-2032,55+,0.25405405405405407,FIXTURE,5.0,0
19-2041,16-24,0.07894736842105263,FIXTURE,4.0,0
19-2041,25-44,0.4631578947368421,FIXTURE,4.0,0
19-2041,45-54,0.2105263157894737,FIXTURE,4.0,0
19-2041,55+,0.24736842105263157,FIXTURE,4.0,0
19-2042,16-24,0.054054054054054064,FIXTURE,5.0,0
19-2042,25-44,0.4756756756756757,FIXTURE,5.0,0
19-2042,45-54,0.21621621621621626,FIXTURE,5.0,0
19-2042,55+,0.25405405405405407,FIXTURE,5.0,0
19-2043,16-24,0.054054054054054064,FIXTURE,5.0,0
19-2043,25-44,0.4756756756756757,FIXTURE,5.0,0
19-2043,45-54,0.21621621621621626,FIXTURE,5.0,0
19-2043,55+,0.25405405405405407,FIXTURE,5.0,0
19-2099,16-24,0.07491455183908831,FIXTURE,4.282403984063745,1
19-2099,25-44,0.4651858253609156,FIXTURE,4.282403984063745,1
19-2099,45-54,0.2114481024367798,FIXTURE,4.282403984063745,1
19-2099,55+,0.24845152036321624,FIXTURE,4.282403984063745,1
19-3011,16-24,0.054054054054054064,FIXTURE,5.0,0
19-3011,25-44,0.4756756756756757,FIXTURE,5.0,0
19-3011,45-54,0.21621621621621626,FIXTURE,5.0,0
19-3011,55+,0.25405405405405407,FIXTURE,5.0,0
19-3022,16-24,0.054054054054054064,FIXTURE,5.0,0
19-3022,25-44,0.4756756756756757,FIXTURE,5.0,0
19-3022,45-54,0.21621621621621626,FIXTURE,5.0,0
19-3022,55+,0.25405405405405407,FIXTURE,5.0,0
19-3032,16-24,0.054054054054054064,FIXTURE,5.0,0
19-3032,25-44,0.4756756756756757,FIXTURE,5.0,0
19-3032,45-54,0.21621621621621626,FIXTURE,5.0,0
19-3032,55+,0.25405405405405407,FIXTURE,5.0,0
19-3033,16-24,0.054054054054054064,FIXTURE,5.0,0
19-3033,25-44,0.4756756756756757,FIXTURE,5.0,0
19-3033,45-54,0.21621621621621626,FIXTURE,5.0,0
19-3033,55+,0.25405405405405407,FIXTURE,5.0,0
19-3034,16-24,0.054054054054054064,FIXTURE,5.0,0
19-3034,25-44,0.4756756756756757,FIXTURE,5.0,0
19-3034,45-54,0.21621621621621626,FIXTURE,5.0,0
19-3034,55+,0.25405405405405407,FIXTURE,5.0,0
19-3039,16-24,0.07491455183908831,FIXTURE,4.282403984063745,1
19-3039,25-44,0.4651858253609156,FIXTURE,4.282403984063745,1
19-3039,45-54,0.2114481024367798,FIXTURE,4.282403984063745,1
19-3039,55+,0.24845152036321624,FIXTURE,4.282403984063745,1
19-3041,16-24,0.054054054054054064,FIXTURE,5.0,0
19-3041,25-44,0.4756756756756757,FIXTURE,5.0,0
19-3041,45-54,0.21621621621621626,FIXTURE,5.0,0
19-3041,55+,0.25405405405405407,FIXTURE,5.0,0
19-3051,16-24,0.0689900426742532,FIXTURE,4.4,0
19-3051,25-44,0.4681650071123755,FIXTURE,4.4,0
19-3051,45-54,0.2128022759601707,FIXTURE,4.4,0
19-3051,55+,0.25004267425320054,FIXTURE,4.4,0
19-3091,16-24,0.054054054054054064,FIXTURE,5.0,0
19-3091,25-44,0.4756756756756757,FIXTURE,5.0,0
19-3091,45-54,0.21621621621621626,FIXTURE,5.0,0
19-3091,55+,0.25405405405405407,FIXTURE,5.0,0
19-3092,16-24,0.054054054054054064,FIXTURE,5.0,0
19-3092,25-44,0.4756756756756757,FIXTURE,5.0,0
19-3092,45-54,0.21621621621621626,FIXTURE,5.0,0
19-3092,55+,0.25405405405405407,FIXTURE,5.0,0
19-3093,16-24,0.054054054054054064,FIXTURE,5.0,0
19-3093,25-44,0.4756756756756757,FIXTURE,5.0,0
19-3093,45-54,0.21621621621621626,FIXTURE,5.0,0
19-3093,55+,0.25405405405405407,FIXTURE,5.0,0
19-3094,16-24,0.054054054054054064,FIXTURE,5.0,0
19-3094,25-44,0.4756756756756757,FIXTURE,5.0,0
19-3094,45-54,0.21621621621621626,FIXTURE,5.0,0
19-3094,55+,0.25405405405405407,FIXTURE,5.0,0
19-3099,16-24,0.07491455183908831,FIXTURE,4.282403984063745,1
19-3099,25-44,0.4651858253609156,FIXTURE,4.282403984063745,1
19-3099,45-54,0.2114481024367798,FIXTURE,4.282403984063745,1
19-3099,55+,0.24845152036321624,FIXTURE,4.282403984063745,1
19-4012,16-24,0.10197368421052631,FIXTURE,3.5,0
19-4012,25-44,0.4515789473684211,FIXTURE,3.5,0
19-4012,45-54,0.20526315789473687,FIXTURE,3.5,0
19-4012,55+,0.24118421052631578,FIXTURE,3.5,0
19-4013,16-24,0.12500000000000003,FIXTURE,3.0,0
19-4013,25-44,0.44000000000000006,FIXTURE,3.0,0
19-4013,45-54,0.20000000000000004,FIXTURE,3.0,0
19-4013,55+,0.23500000000000001,FIXTURE,3.0,0
19-4021,16-24,0.11778693722257451,FIXTURE,3.0,0
19-4021,25-44,0.4436271401395054,FIXTURE,3.0,0
19-4021,45-54,0.20164870006341154,FIXTURE,3.0,0
19-4021,55+,0.23693722257450855,FIXTURE,3.0,0
19-4031,16-24,0.12500000000000003,FIXTURE,3.0,0
19-4031,25-44,0.44000000000000006,FIXTURE,3.0,0
19-4031,45-54,0.20000000000000004,FIXTURE,3.0,0
19-4031,55+,0.23500000000000001,FIXTURE,3.0,0
19-4042,16-24,0.07894736842105263,FIXTURE,4.0,0
19-4042,25-44,0.4631578947368421,FIXTURE,4.0,0
19-4042,45-54,0.2105263157894737,FIXTURE,4.0,0
19-4042,55+,0.24736842105263157,FIXTURE,4.0,0
19-4043,16-24,0.07894736842105263,FIXTURE,4.0,0
19-4043,25-44,0.4631578947368421,FIXTURE,4.0,0
19-4043,45-54,0.2105263157894737,FIXTURE,4.0,0
19-4043,55+,0.24736842105263157,FIXTURE,4.0,0
19-4044,16-24,0.07491455183908831,FIXTURE,4.282403984063745,1
19-4044,25-44,0.4651858253609156,FIXTURE,4.282403984063745,1
19-4044,45-54,0.2114481024367798,FIXTURE,4.282403984063745,1
19-4044,55+,0.24845152036321624,FIXTURE,4.282403984063745,1
19-4051,16-24,0.12500000000000003,FIXTURE,3.0,0
19-4051,25-44,0.44000000000000006,FIXTURE,3.0,0
19-4051,45-54,0.20000000000000004,FIXTURE,3.0,0
19-4051,55+,0.23500000000000001,FIXTURE,3.0,0
19-4061,16-24,0.07894736842105263,FIXTURE,4.0,0
19-4061,25-44,0.4631578947368421,FIXTURE,4.0,0
19-4061,45-54,0.2105263157894737,FIXTURE,4.0,0
19-4061,55+,0.24736842105263157,FIXTURE,4.0,0
19-4071,16-24,0.12500000000000003,FIXTURE,3.0,0
19-4071,25-44,0.44000000000000006,FIXTURE,3.0,0
19-4071,45-54,0.20000000000000004,FIXTURE,3.0,0
19-4071,55+,0.23500000000000001,FIXTURE,3.0,0
19-4092,16-24,0.07894736842105263,FIXTURE,4.0,0
19-4092,25-44,0.4631578947368421,FIXTURE,4.0,0
19-4092,45-54,0.2105263157894737,FIXTURE,4.0,0
19-4092,55+,0.24736842105263157,FIXTURE,4.0,0
19-4099,16-24,0.07491455183908831,FIXTURE,4.282403984063745,1
19-4099,25-44,0.4651858253609156,FIXTURE,4.282403984063745,1
19-4099,45-54,0.2114481024367798,FIXTURE,4.282403984063745,1
19-4099,55+,0.24845152036321624,FIXTURE,4.282403984063745,1
19-5011,16-24,0.07894736842105263,FIXTURE,4.0,0
19-5011,25-44,0.4631578947368421,FIXTURE,4.0,0
19-5011,45-54,0.2105263157894737,FIXTURE,4.0,0
19-5011,55+,0.24736842105263157,FIXTURE,4.0,0
19-5012,16-24,0.08952702702702704,FIXTURE,4.0,0
19-5012,25-44,0.4578378378378379,FIXTURE,4.0,0
19-5012,45-54,0.20810810810810815,FIXTURE,4.0,0
19-5012,55+,0.24452702702702703,FIXTURE,4.0,0
21-1012,16-24,0.054054054054054064,FIXTURE,5.0,0
21-1012,25-44,0.4756756756756757,FIXTURE,5.0,0
21-1012,45-54,0.21621621621621626,FIXTURE,5.0,0
21-1012,55+,0.25405405405405407,FIXTURE,5.0,0
21-1013,16-24,0.054054054054054064,FIXTURE,5.0,0
21-1013,25-44,0.4756756756756757,FIXTURE,5.0,0
21-1013,45-54,0.21621621621621626,FIXTURE,5.0,0
21-1013,55+,0.25405405405405407,FIXTURE,5.0,0
21-1015,16-24,0.07894736842105263,FIXTURE,4.0,0
21-1015,25-44,0.4631578947368421,FIXTURE,4.0,0
21-1015,45-54,0.2105263157894737,FIXTURE,4.0,0
21-1015,55+,0.24736842105263157,FIXTURE,4.0,0
21-1018,16-24,0.054054054054054064,FIXTURE,5.0,0
21-1018,25-44,0.4756756756756757,FIXTURE,5.0,0
21-1018,45-54,0.21621621621621626,FIXTURE,5.0,0
21-1018,55+,0.25405405405405407,FIXTURE,5.0,0
21-1019,16-24,0.06857632335180949,FIXTURE,4.449119074692195,1
21-1019,25-44,0.4683730488288044,FIXTURE,4.449119074692195,1
21-1019,45-54,0.21289684037672926,FIXTURE,4.449119074692195,1
21-1019,55+,0.25015378744265687,FIXTURE,4.449119074692195,1
21-1021,16-24,0.07894736842105263,FIXTURE,4.0,0
21-1021,25-44,0.4631578947368421,FIXTURE,4.0,0
21-1021,45-54,0.2105263157894737,FIXTURE,4.0,0
21-1021,55+,0.24736842105263157,FIXTURE,4.0,0
21-1022,16-24,0.08952702702702704,FIXTURE,4.0,0
21-1022,25-44,0.4578378378378379,FIXTURE,4.0,0
21-1022,45-54,0.20810810810810815,FIXTURE,4.0,0
21-1022,55+,0.24452702702702703,FIXTURE,4.0,0
21-1023,16-24,0.054054054054054064,FIXTURE,5.0,0
21-1023,25-44,0.4756756756756757,FIXTURE,5.0,0
21-1023,45-54,0.21621621621621626,FIXTURE,5.0,0
21-1023,55+,0.25405405405405407,FIXTURE,5.0,0
21-1029,16-24,0.06857632335180949,FIXTURE,4.449119074692195,1
21-1029,25-44,0.4683730488288044,FIXTURE,4.449119074692195,1
21-1029,45-54,0.21289684037672926,FIXTURE,4.449119074692195,1
21-1029,55+,0.25015378744265687,FIXTURE,4.449119074692195,1
21-1091,16-24,0.07894736842105263,FIXTURE,4.0,0
21-1091,25-44,0.4631578947368421,FIXTURE,4.0,0
21-1091,45-54,0.2105263157894737,FIXTURE,4.0,0
21-1091,55+,0.24736842105263157,FIXTURE,4.0,0
21-1092,16-24,0.07894736842105263,FIXTURE,4.0,0
21-1092,25-44,0.4631578947368421,FIXTURE,4.0,0
21-1092,45-54,0.2105263157894737,FIXTURE,4.0,0
21-1092,55+,0.24736842105263157,FIXTURE,4.0,0
21-1093,16-24,0.07894736842105263,FIXTURE,4.0,0
21-1093,25-44,0.4631578947368421,FIXTURE,4.0,0
21-1093,45-54,0.2105263157894737,FIXTURE,4.0,0
21-1093,55+,0.24736842105263157,FIXTURE,4.0,0
21-1094,16-24,0.07894736842105263,FIXTURE,4.0,0
21-1094,25-44,0.4631578947368421,FIXTURE,4.0,0
21-1094,45-54,0.2105263157894737,FIXTURE,4.0,0
21-1094,55+,0.24736842105263157,FIXTURE,4.0,0
21-1099,16-24,0.06857632335180949,FIXTURE,4.449119074692195,1
21-1099,25-44,0.4683730488288044,FIXTURE,4.449119074692195,1
21-1099,45-54,0.21289684037672926,FIXTURE,4.449119074692195,1
21-1099,55+,0.25015378744265687,FIXTURE,4.449119074692195,1
21-2011,16-24,0.054054054054054064,FIXTURE,5.0,0
21-2011,25-44,0.4756756756756757,FIXTURE,5.0,0
21-2011,45-54,0.21621621621621626,FIXTURE,5.0,0
21-2011,55+,0.25405405405405407,FIXTURE,5.0,0
21-2021,16-24,0.07894736842105263,FIXTURE,4.0,0
21-2021,25-44,0.4631578947368421,FIXTURE,4.0,0
21-2021,45-54,0.2105263157894737,FIXTURE,4.0,0
21-2021,55+,0.24736842105263157,FIXTURE,4.0,0
21-2099,16-24,0.06857632335180949,FIXTURE,4.449119074692195,1
21-2099,25-44,0.4683730488288044,FIXTURE,4.449119074692195,1
21-2099,45-54,0.21289684037672926,FIXTURE,4.449119074692195,1
21-2099,55+,0.25015378744265687,FIXTURE,4.449119074692195,1
23-1011,16-24,0.054054054054054064,FIXTURE,5.0,0
23-1011,25-44,0.4756756756756757,FIXTURE,5.0,0
23-1011,45-54,0.21621621621621626,FIXTURE,5.0,0
23-1011,55+,0.25405405405405407,FIXTURE,5.0,0
23-1012,16-24,0.054054054054054064,FIXTURE,5.0,0
23-1012,25-44,0.4756756756756757,FIXTURE,5.0,0
23-1012,45-54,0.21621621621621626,FIXTURE,5.0,0
23-1012,55+,0.25405405405405407,FIXTURE,5.0,0
23-1021,16-24,0.054054054054054064,FIXTURE,5.0,0
23-1021,25-44,0.4756756756756757,FIXTURE,5.0,0
23-1021,45-54,0.21621621621621626,FIXTURE,5.0,0
23-1021,55+,0.25405405405405407,FIXTURE,5.0,0
23-1022,16-24,0.054054054054054064,FIXTURE,5.0,0
23-1022,25-44,0.4756756756756757,FIXTURE,5.0,0
23-1022,45-54,0.21621621621621626,FIXTURE,5.0,0
23-1022,55+,0.25405405405405407,FIXTURE,5.0,0
23-1023,16-24,0.054054054054054064,FIXTURE,5.0,0
23-1023,25-44,0.4756756756756757,FIXTURE,5.0,0
23-1023,45-54,0.21621621621621626,FIXTURE,5.0,0
23-1023,55+,0.25405405405405407,FIXTURE,5.0,0
23-2011,16-24,0.12500000000000003,FIXTURE,3.0,0
23-2011,25-44,0.44000000000000006,FIXTURE,3.0,0
23-2011,45-54,0.20000000000000004,FIXTURE,3.0,0
23-2011,55+,0.23500000000000001,FIXTURE,3.0,0
23-2093,16-24,0.15662650602409642,FIXTURE,2.0,0
23-2093,25-44,0.4240963855421687,FIXTURE,2.0,0
23-2093,45-54,0.1927710843373494,FIXTURE,2.0,0
23-2093,55+,0.22650602409638554,FIXTURE,2.0,0
23-2099,16-24,0.0801540278080441,FIXTURE,4.260044802440303,1
23-2099,25-44,0.4625511174450978,FIXTURE,4.260044802440303,1
23-2099,45-54,0.21025050792958994,FIXTURE,4.260044802440303,1
23-2099,55+,0.24704434681726814,FIXTURE,4.260044802440303,1
25-1011,16-24,0.054054054054054064,FIXTURE,5.0,0
25-1011,25-44,0.4756756756756757,FIXTURE,5.0,0
25-1011,45-54,0.21621621621621626,FIXTURE,5.0,0
25-1011,55+,0.25405405405405407,FIXTURE,5.0,0
25-1021,16-24,0.054054054054054064,FIXTURE,5.0,0
25-1021,25-44,0.4756756756756757,FIXTURE,5.0,0
25-1021,45-54,0.21621621621621626,FIXTURE,5.0,0
25-1021,55+,0.25405405405405407,FIXTURE,5.0,0
25-1022,16-24,0.054054054054054064,FIXTURE,5.0,0
25-1022,25-44,0.4756756756756757,FIXTURE,5.0,0
25-1022,45-54,0.21621621621621626,FIXTURE,5.0,0
25-1022,55+,0.25405405405405407,FIXTURE,5.0,0
25-1031,16-24,0.054054054054054064,FIXTURE,5.0,0
25-1031,25-44,0.4756756756756757,FIXTURE,5.0,0
25-1031,45-54,0.21621621621621626,FIXTURE,5.0,0
25-1031,55+,0.25405405405405407,FIXTURE,5.0,0
25-1032,16-24,0.054054054054054064,FIXTURE,5.0,0
25-1032,25-44,0.4756756756756757,FIXTURE,5.0,0
25-1032,45-54,0.21621621621621626,FIXTURE,5.0,0
25-1032,55+,0.25405405405405407,FIXTURE,5.0,0
25-1041,16-24,0.054054054054054064,FIXTURE,5.0,0
25-1041,25-44,0.4756756756756757,FIXTURE,5.0,0
25-1041,45-54,0.21621621621621626,FIXTURE,5.0,0
25-1041,55+,0.25405405405405407,FIXTURE,5.0,0
25-1042,16-24,0.054054054054054064,FIXTURE,5.0,0
25-1042,25-44,0.4756756756756757,FIXTURE,5.0,0
25-1042,45-54,0.21621621621621626,FIXTURE,5.0,0
25-1042,55+,0.25405405405405407,FIXTURE,5.0,0
25-1043,16-24,0.054054054054054064,FIXTURE,5.0,0
25-1043,25-44,0.4756756756756757,FIXTURE,5.0,0
25-1043,45-54,0.21621621621621626,FIXTURE,5.0,0
25-1043,55+,0.25405405405405407,FIXTURE,5.0,0
25-1051,16-24,0.054054054054054064,FIXTURE,5.0,0
25-1051,25-44,0.4756756756756757,FIXTURE,5.0,0
25-1051,45-54,0.21621621621621626,FIXTURE,5.0,0
25-1051,55+,0.25405405405405407,FIXTURE,5.0,0
25-1052,16-24,0.054054054054054064,FIXTURE,5.0,0
25-1052,25-44,0.4756756756756757,FIXTURE,5.0,0
25-1052,45-54,0.21621621621621626,FIXTURE,5.0,0
25-1052,55+,0.25405405405405407,FIXTURE,5.0,0
25-1053,16-24,0.054054054054054064,FIXTURE,5.0,0
25-1053,25-44,0.4756756756756757,FIXTURE,5.0,0
25-1053,45-54,0.21621621621621626,FIXTURE,5.0,0
25-1053,55+,0.25405405405405407,FIXTURE,5.0,0
25-1054,16-24,0.054054054054054064,FIXTURE,5.0,0
25-1054,25-44,0.4756756756756757,FIXTURE,5.0,0
25-1054,45-54,0.21621621621621626,FIXTURE,5.0,0
25-1054,55+,0.25405405405405407,FIXTURE,5.0,0
25-1061,16-24,0.054054054054054064,FIXTURE,5.0,0
25-1061,25-44,0.4756756756756757,FIXTURE,5.0,0
25-1061,45-54,0.21621621621621626,FIXTURE,5.0,0
25-1061,55+,0.25405405405405407,FIXTURE,5.0,0
25-1062,16-24,0.054054054054054064,FIXTURE,5.0,0
25-1062,25-44,0.4756756756756757,FIXTURE,5.0,0
25-1062,45-54,0.21621621621621626,FIXTURE,5.0,0
25-1062,55+,0.25405405405405407,FIXTURE,5.0,0
25-1063,16-24,0.054054054054054064,FIXTURE,5.0,0
25-1063,25-44,0.4756756756756757,FIXTURE,5.0,0
25-1063,45-54,0.21621621621621626,FIXTURE,5.0,0
25-1063,55+,0.25405405405405407,FIXTURE,5.0,0
25-1064,16-24,0.054054054054054064,FIXTURE,5.0,0
25-1064,25-44,0.4756756756756757,FIXTURE,5.0,0
25-1064,45-54,0.21621621621621626,FIXTURE,5.0,0
25-1064,55+,0.25405405405405407,FIXTURE,5.0,0
25-1065,16-24,0.054054054054054064,FIXTURE,5.0,0
25-1065,25-44,0.4756756756756757,FIXTURE,5.0,0
25-1065,45-54,0.21621621621621626,FIXTURE,5.0,0
25-1065,55+,0.25405405405405407,FIXTURE,5.0,0
25-1066,16-24,0.054054054054054064,FIXTURE,5.0,0
25-1066,25-44,0.4756756756756757,FIXTURE,5.0,0
25-1066,45-54,0.21621621621621626,FIXTURE,5.0,0
25-1066,55+,0.25405405405405407,FIXTURE,5.0,0
25-1067,16-24,0.054054054054054064,FIXTURE,5.0,0
25-1067,25-44,0.4756756756756757,FIXTURE,5.0,0
25-1067,45-54,0.21621621621621626,FIXTURE,5.0,0
25-1067,55+,0.25405405405405407,FIXTURE,5.0,0
25-1069,16-24,0.07943992252388168,FIXTURE,4.107910014513788,1
25-1069,25-44,0.4629102103879909,FIXTURE,4.107910014513788,1
25-1069,45-54,0.21041373199454136,FIXTURE,4.107910014513788,1
25-1069,55+,0.24723613509358605,FIXTURE,4.107910014513788,1
25-1071,16-24,0.054054054054054064,FIXTURE,5.0,0
25-1071,25-44,0.4756756756756757,FIXTURE,5.0,0
25-1071,45-54,0.21621621621621626,FIXTURE,5.0,0
25-1071,55+,0.25405405405405407,FIXTURE,5.0,0
25-1072,16-24,0.054054054054054064,FIXTURE,5.0,0
25-1072,25-44,0.4756756756756757,FIXTURE,5.0,0
25-1072,45-54,0.21621621621621626,FIXTURE,5.0,0
25-1072,55+,0.25405405405405407,FIXTURE,5.0,0
25-1081,16-24,0.054054054054054064,FIXTURE,5.0,0
25-1081,25-44,0.4756756756756757,FIXTURE,5.0,0
25-1081,45-54,0.21621621621621626,FIXTURE,5.0,0
25-1081,55+,0.25405405405405407,FIXTURE,5.0,0
25-1082,16-24,0.054054054054054064,FIXTURE,5.0,0
25-1082,25-44,0.4756756756756757,FIXTURE,5.0,0
25-1082,45-54,0.21621621621621626,FIXTURE,5.0,0
25-1082,55+,0.25405405405405407,FIXTURE,5.0,0
25-1111,16-24,0.054054054054054064,FIXTURE,5.0,0
25-1111,25-44,0.4756756756756757,FIXTURE,5.0,0
25-1111,45-54,0.21621621621621626,FIXTURE,5.0,0
25-1111,55+,0.25405405405405407,FIXTURE,5.0,0
25-1112,16-24,0.054054054054054064,FIXTURE,5.0,0
25-1112,25-44,0.4756756756756757,FIXTURE,5.0,0
25-1112,45-54,0.21621621621621626,FIXTURE,5.0,0
25-1112,55+,0.25405405405405407,FIXTURE,5.0,0
25-1113,16-24,0.054054054054054064,FIXTURE,5.0,0
25-1113,25-44,0.4756756756756757,FIXTURE,5.0,0
25-1113,45-54,0.21621621621621626,FIXTURE,5.0,0
25-1113,55+,0.25405405405405407,FIXTURE,5.0,0
25-1121,16-24,0.054054054054054064,FIXTURE,5.0,0
25-1121,25-44,0.4756756756756757,FIXTURE,5.0,0
25-1121,45-54,0.21621621621621626,FIXTURE,5.0,0
25-1121,55+,0.25405405405405407,FIXTURE,5.0,0
25-1122,16-24,0.054054054054054064,FIXTURE,5.0,0
25-1122,25-44,0.4756756756756757,FIXTURE,5.0,0
25-1122,45-54,0.21621621621621626,FIXTURE,5.0,0
25-1122,55+,0.25405405405405407,FIXTURE,5.0,0
25-1123,16-24,0.054054054054054064,FIXTURE,5.0,0
25-1123,25-44,0.4756756756756757,FIXTURE,5.0,0
25-1123,45-54,0.21621621621621626,FIXTURE,5.0,0
25-1123,55+,0.25405405405405407,FIXTURE,5.0,0
25-1124,16-24,0.054054054054054064,FIXTURE,5.0,0
25-1124,25-44,0.4756756756756757,FIXTURE,5.0,0
25-1124,45-54,0.21621621621621626,FIXTURE,5.0,0
25-1124,55+,0.25405405405405407,FIXTURE,5.0,0
25-1125,16-24,0.054054054054054064,FIXTURE,5.0,0
25-1125,25-44,0.4756756756756757,FIXTURE,5.0,0
25-1125,45-54,0.21621621621621626,FIXTURE,5.0,0
25-1125,55+,0.25405405405405407,FIXTURE,5.0,0
25-1126,16-24,0.054054054054054064,FIXTURE,5.0,0
25-1126,25-44,0.4756756756756757,FIXTURE,5.0,0
25-1126,45-54,0.21621621621621626,FIXTURE,5.0,0
25-1126,55+,0.25405405405405407,FIXTURE,5.0,0
25-1192,16-24,0.054054054054054064,FIXTURE,5.0,0
25-1192,25-44,0.4756756756756757,FIXTURE,5.0,0
25-1192,45-54,0.21621621621621626,FIXTURE,5.0,0
25-1192,55+,0.25405405405405407,FIXTURE,5.0,0
25-1193,16-24,0.054054054054054064,FIXTURE,5.0,0
25-1193,25-44,0.4756756756756757,FIXTURE,5.0,0
25-1193,45-54,0.21621621621621626,FIXTURE,5.0,0
25-1193,55+,0.25405405405405407,FIXTURE,5.0,0
25-1194,16-24,0.12500000000000003,FIXTURE,3.0,0
25-1194,25-44,0.44000000000000006,FIXTURE,3.0,0
25-1194,45-54,0.20000000000000004,FIXTURE,3.0,0
25-1194,55+,0.23500000000000001,FIXTURE,3.0,0
25-1199,16-24,0.07943992252388168,FIXTURE,4.107910014513788,1
25-1199,25-44,0.4629102103879909,FIXTURE,4.107910014513788,1
25-1199,45-54,0.21041373199454136,FIXTURE,4.107910014513788,1
25-1199,55+,0.24723613509358605,FIXTURE,4.107910014513788,1
25-2011,16-24,0.12500000000000003,FIXTURE,3.0,0
25-2011,25-44,0.44000000000000006,FIXTURE,3.0,0
25-2011,45-54,0.20000000000000004,FIXTURE,3.0,0
25-2011,55+,0.23500000000000001,FIXTURE,3.0,0
25-2012,16-24,0.07894736842105263,FIXTURE,4.0,0
25-2012,25-44,0.4631578947368421,FIXTURE,4.0,0
25-2012,45-54,0.2105263157894737,FIXTURE,4.0,0
25-2012,55+,0.24736842105263157,FIXTURE,4.0,0
25-2021,16-24,0.07894736842105263,FIXTURE,4.0,0
25-2021,25-44,0.4631578947368421,FIXTURE,4.0,0
25-2021,45-54,0.2105263157894737,FIXTURE,4.0,0
25-2021,55+,0.24736842105263157,FIXTURE,4.0,0
25-2022,16-24,0.07894736842105263,FIXTURE,4.0,0
25-2022,25-44,0.4631578947368421,FIXTURE,4.0,0
25-2022,45-54,0.2105263157894737,FIXTURE,4.0,0
25-2022,55+,0.24736842105263157,FIXTURE,4.0,0
25-2023,16-24,0.07894736842105263,FIXTURE,4.0,0
25-2023,25-44,0.4631578947368421,FIXTURE,4.0,0
25-2023,45-54,0.2105263157894737,FIXTURE,4.0,0
25-2023,55+,0.24736842105263157,FIXTURE,4.0,0
25-2031,16-24,0.07894736842105263,FIXTURE,4.0,0
25-2031,25-44,0.4631578947368421,FIXTURE,4.0,0
25-2031,45-54,0.2105263157894737,FIXTURE,4.0,0
25-2031,55+,0.24736842105263157,FIXTURE,4.0,0
25-2032,16-24,0.07894736842105263,FIXTURE,4.0,0
25-2032,25-44,0.4631578947368421,FIXTURE,4.0,0
25-2032,45-54,0.2105263157894737,FIXTURE,4.0,0
25-2032,55+,0.24736842105263157,FIXTURE,4.0,0
25-2051,16-24,0.054054054054054064,FIXTURE,5.0,0
25-2051,25-44,0.4756756756756757,FIXTURE,5.0,0
25-2051,45-54,0.21621621621621626,FIXTURE,5.0,0
25-2051,55+,0.25405405405405407,FIXTURE,5.0,0
25-2052,16-24,0.07943992252388168,FIXTURE,4.107910014513788,1
25-2052,25-44,0.4629102103879909,FIXTURE,4.107910014513788,1
25-2052,45-54,0.21041373199454136,FIXTURE,4.107910014513788,1
25-2052,55+,0.24723613509358605,FIXTURE,4.107910014513788,1
25-2057,16-24,0.07894736842105263,FIXTURE,4.0,0
25-2057,25-44,0.4631578947368421,FIXTURE,4.0,0
25-2057,45-54,0.2105263157894737,FIXTURE,4.0,0
25-2057,55+,0.24736842105263157,FIXTURE,4.0,0
25-2058,16-24,0.07894736842105263,FIXTURE,4.0,0
25-2058,25-44,0.4631578947368421,FIXTURE,4.0,0
25-2058,45-54,0.2105263157894737,FIXTURE,4.0,0
25-2058,55+,0.24736842105263157,FIXTURE,4.0,0
25-2059,16-24,0.054054054054054064,FIXTURE,5.0,0
25-2059,25-44,0.4756756756756757,FIXTURE,5.0,0
25-2059,45-54,0.21621621621621626,FIXTURE,5.0,0
25-2059,55+,0.25405405405405407,FIXTURE,5.0,0
25-3011,16-24,0.07894736842105263,FIXTURE,4.0,0
25-3011,25-44,0.4631578947368421,FIXTURE,4.0,0
25-3011,45-54,0.2105263157894737,FIXTURE,4.0,0
25-3011,55+,0.24736842105263157,FIXTURE,4.0,0
25-3021,16-24,0.12500000000000003,FIXTURE,3.0,0
25-3021,25-44,0.44000000000000006,FIXTURE,3.0,0
25-3021,45-54,0.20000000000000004,FIXTURE,3.0,0
25-3021,55+,0.23500000000000001,FIXTURE,3.0,0
25-3031,16-24,0.07943992252388168,FIXTURE,4.107910014513788,1
25-3031,25-44,0.4629102103879909,FIXTURE,4.107910014513788,1
25-3031,45-54,0.21041373199454136,FIXTURE,4.107910014513788,1
25-3031,55+,0.24723613509358605,FIXTURE,4.107910014513788,1
25-3041,16-24,0.07894736842105263,FIXTURE,4.0,0
25-3041,25-44,0.4631578947368421,FIXTURE,4.0,0
25-3041,45-54,0.2105263157894737,FIXTURE,4.0,0
25-3041,55+,0.24736842105263157,FIXTURE,4.0,0
25-3099,16-24,0.07943992252388168,FIXTURE,4.107910014513788,1
25-3099,25-44,0.4629102103879909,FIXTURE,4.107910014513788,1
25-3099,45-54,0.21041373199454136,FIXTURE,4.107910014513788,1
25-3099,55+,0.24723613509358605,FIXTURE,4.107910014513788,1
25-4011,16-24,0.054054054054054064,FIXTURE,5.0,0
25-4011,25-44,0.4756756756756757,FIXTURE,5.0,0
25-4011,45-54,0.21621621621621626,FIXTURE,5.0,0
25-4011,55+,0.25405405405405407,FIXTURE,5.0,0
25-4012,16-24,0.054054054054054064,FIXTURE,5.0,0
25-4012,25-44,0.4756756756756757,FIXTURE,5.0,0
25-4012,45-54,0.21621621621621626,FIXTURE,5.0,0
25-4012,55+,0.25405405405405407,FIXTURE,5.0,0
25-4013,16-24,0.07894736842105263,FIXTURE,4.0,0
25-4013,25-44,0.4631578947368421,FIXTURE,4.0,0
25-4013,45-54,0.2105263157894737,FIXTURE,4.0,0
25-4013,55+,0.24736842105263157,FIXTURE,4.0,0
25-4022,16-24,0.054054054054054064,FIXTURE,5.0,0
25-4022,25-44,0.4756756756756757,FIXTURE,5.0,0
25-4022,45-54,0.21621621621621626,FIXTURE,5.0,0
25-4022,55+,0.25405405405405407,FIXTURE,5.0,0
25-4031,16-24,0.12500000000000003,FIXTURE,3.0,0
25-4031,25-44,0.44000000000000006,FIXTURE,3.0,0
25-4031,45-54,0.20000000000000004,FIXTURE,3.0,0
25-4031,55+,0.23500000000000001,FIXTURE,3.0,0
25-9021,16-24,0.054054054054054064,FIXTURE,5.0,0
25-9021,25-44,0.4756756756756757,FIXTURE,5.0,0
25-9021,45-54,0.21621621621621626,FIXTURE,5.0,0
25-9021,55+,0.25405405405405407,FIXTURE,5.0,0
25-9031,16-24,0.054054054054054064,FIXTURE,5.0,0
25-9031,25-44,0.4756756756756757,FIXTURE,5.0,0
25-9031,45-54,0.21621621621621626,FIXTURE,5.0,0
25-9031,55+,0.25405405405405407,FIXTURE,5.0,0
25-9044,16-24,0.054054054054054064,FIXTURE,5.0,0
25-9044,25-44,0.4756756756756757,FIXTURE,5.0,0
25-9044,45-54,0.21621621621621626,FIXTURE,5.0,0
25-9044,55+,0.25405405405405407,FIXTURE,5.0,0
25-9045,16-24,0.07943992252388168,FIXTURE,4.107910014513788,1
25-9045,25-44,0.4629102103879909,FIXTURE,4.107910014513788,1
25-9045,45-54,0.21041373199454136,FIXTURE,4.107910014513788,1
25-9045,55+,0.24723613509358605,FIXTURE,4.107910014513788,1
25-9099,16-24,0.07894736842105263,FIXTURE,4.0,0
25-9099,25-44,0.4631578947368421,FIXTURE,4.0,0
25-9099,45-54,0.2105263157894737,FIXTURE,4.0,0
25-9099,55+,0.24736842105263157,FIXTURE,4.0,0
27-1011,16-24,0.07894736842105263,FIXTURE,4.0,0
27-1011,25-44,0.4631578947368421,FIXTURE,4.0,0
27-1011,45-54,0.2105263157894737,FIXTURE,4.0,0
27-1011,55+,0.24736842105263157,FIXTURE,4.0,0
27-1012,16-24,0.12500000000000003,FIXTURE,3.0,0
27-1012,25-44,0.44000000000000006,FIXTURE,3.0,0
27-1012,45-54,0.20000000000000004,FIXTURE,3.0,0
27-1012,55+,0.23500000000000001,FIXTURE,3.0,0
27-1013,16-24,0.12500000000000003,FIXTURE,3.0,0
27-1013,25-44,0.44000000000000006,FIXTURE,3.0,0
27-1013,45-54,0.20000000000000004,FIXTURE,3.0,0
27-1013,55+,0.23500000000000001,FIXTURE,3.0,0
27-1014,16-24,0.07894736842105263,FIXTURE,4.0,0
27-1014,25-44,0.4631578947368421,FIXTURE,4.0,0
27-1014,45-54,0.2105263157894737,FIXTURE,4.0,0
27-1014,55+,0.24736842105263157,FIXTURE,4.0,0
27-1019,16-24,0.09399330937478838,FIXTURE,3.6556970105322883,1
27-1019,25-44,0.4555919358572492,FIXTURE,3.6556970105322883,1
27-1019,45-54,0.2070872435714769,FIXTURE,3.6556970105322883,1
27-1019,55+,0.24332751119648535,FIXTURE,3.6556970105322883,1
27-1021,16-24,0.07894736842105263,FIXTURE,4.0,0
27-1021,25-44,0.4631578947368421,FIXTURE,4.0,0
27-1021,45-54,0.2105263157894737,FIXTURE,4.0,0
27-1021,55+,0.24736842105263157,FIXTURE,4.0,0
27-1022,16-24,0.12500000000000003,FIXTURE,3.0,0
27-1022,25-44,0.44000000000000006,FIXTURE,3.0,0
27-1022,45-54,0.20000000000000004,FIXTURE,3.0,0
27-1022,55+,0.23500000000000001,FIXTURE,3.0,0
27-1023,16-24,0.15662650602409642,FIXTURE,2.0,0
27-1023,25-44,0.4240963855421687,FIXTURE,2.0,0
27-1023,45-54,0.1927710843373494,FIXTURE,2.0,0
27-1023,55+,0.22650602409638554,FIXTURE,2.0,0
27-1024,16-24,0.07894736842105263,FIXTURE,4.0,0
27-1024,25-44,0.4631578947368421,FIXTURE,4.0,0
27-1024,45-54,0.2105263157894737,FIXTURE,4.0,0
27-1024,55+,0.24736842105263157,FIXTURE,4.0,0
27-1025,16-24,0.07894736842105263,FIXTURE,4.0,0
27-1025,25-44,0.4631578947368421,FIXTURE,4.0,0
27-1025,45-54,0.2105263157894737,FIXTURE,4.0,0
27-1025,55+,0.24736842105263157,FIXTURE,4.0,0
27-1026,16-24,0.12500000000000003,FIXTURE,3.0,0
27-1026,25-44,0.44000000000000006,FIXTURE,3.0,0
27-1026,45-54,0.20000000000000004,FIXTURE,3.0,0
27-1026,55+,0.23500000000000001,FIXTURE,3.0,0
27-1027,16-24,0.054054054054054064,FIXTURE,5.0,0
27-1027,25-44,0.4756756756756757,FIXTURE,5.0,0
27-1027,45-54,0.21621621621621626,FIXTURE,5.0,0
27-1027,55+,0.25405405405405407,FIXTURE,5.0,0
27-1029,16-24,0.07894736842105263,FIXTURE,4.0,0
27-1029,25-44,0.4631578947368421,FIXTURE,4.0,0
27-1029,45-54,0.2105263157894737,FIXTURE,4.0,0
27-1029,55+,0.24736842105263157,FIXTURE,4.0,0
27-2011,16-24,0.15662650602409642,FIXTURE,2.0,0
27-2011,25-44,0.4240963855421687,FIXTURE,2.0,0
27-2011,45-54,0.1927710843373494,FIXTURE,2.0,0
27-2011,55+,0.22650602409638554,FIXTURE,2.0,0
27-2012,16-24,0.07894736842105263,FIXTURE,4.0,0
27-2012,25-44,0.4631578947368421,FIXTURE,4.0,0
27-2012,45-54,0.2105263157894737,FIXTURE,4.0,0
27-2012,55+,0.24736842105263157,FIXTURE,4.0,0
27-2021,16-24,0.15662650602409642,FIXTURE,2.0,0
27-2021,25-44,0.4240963855421687,FIXTURE,2.0,0
27-2021,45-54,0.1927710843373494,FIXTURE,2.0,0
27-2021,55+,0.22650602409638554,FIXTURE,2.0,0
27-2022,16-24,0.07894736842105263,FIXTURE,4.0,0
27-2022,25-44,0.4631578947368421,FIXTURE,4.0,0
27-2022,45-54,0.2105263157894737,FIXTURE,4.0,0
27-2022,55+,0.24736842105263157,FIXTURE,4.0,0
27-2023,16-24,0.15662650602409642,FIXTURE,2.0,0
27-2023,25-44,0.4240963855421687,FIXTURE,2.0,0
27-2023,45-54,0.1927710843373494,FIXTURE,2.0,0
27-2023,55+,0.22650602409638554,FIXTURE,2.0,0
27-2031,16-24,0.12500000000000003,FIXTURE,3.0,0
27-2031,25-44,0.44000000000000006,FIXTURE,3.0,0
27-2031,45-54,0.20000000000000004,FIXTURE,3.0,0
27-2031,55+,0.23500000000000001,FIXTURE,3.0,0
27-2032,16-24,0.07894736842105263,FIXTURE,4.0,0
27-2032,25-44,0.4631578947368421,FIXTURE,4.0,0
27-2032,45-54,0.2105263157894737,FIXTURE,4.0,0
27-2032,55+,0.24736842105263157,FIXTURE,4.0,0
27-2041,16-24,0.07894736842105263,FIXTURE,4.0,0
27-2041,25-44,0.4631578947368421,FIXTURE,4.0,0
27-2041,45-54,0.2105263157894737,FIXTURE,4.0,0
27-2041,55+,0.24736842105263157,FIXTURE,4.0,0
27-2042,16-24,0.12500000000000003,FIXTURE,3.0,0
27-2042,25-44,0.44000000000000006,FIXTURE,3.0,0
27-2042,45-54,0.20000000000000004,FIXTURE,3.0,0
27-2042,55+,0.23500000000000001,FIXTURE,3.0,0
27-2091,16-24,0.09399330937478838,FIXTURE,3.6556970105322883,1
27-2091,25-44,0.4555919358572492,FIXTURE,3.6556970105322883,1
27-2091,45-54,0.2070872435714769,FIXTURE,3.6556970105322883,1
27-2091,55+,0.24332751119648535,FIXTURE,3.6556970105322883,1
27-2099,16-24,0.09399330937478838,FIXTURE,3.6556970105322883,1
27-2099,25-44,0.4555919358572492,FIXTURE,3.6556970105322883,1
27-2099,45-54,0.2070872435714769,FIXTURE,3.6556970105322883,1
27-2099,55+,0.24332751119648535,FIXTURE,3.6556970105322883,1
27-3011,16-24,0.07894736842105263,FIXTURE,4.0,0
27-3011,25-44,0.4631578947368421,FIXTURE,4.0,0
27-3011,45-54,0.2105263157894737,FIXTURE,4.0,0
27-3011,55+,0.24736842105263157,FIXTURE,4.0,0
27-3023,16-24,0.07894736842105263,FIXTURE,4.0,0
27-3023,25-44,0.4631578947368421,FIXTURE,4.0,0
27-3023,45-54,0.2105263157894737,FIXTURE,4.0,0
27-3023,55+,0.24736842105263157,FIXTURE,4.0,0
27-3031,16-24,0.07894736842105263,FIXTURE,4.0,0
27-3031,25-44,0.4631578947368421,FIXTURE,4.0,0
27-3031,45-54,0.2105263157894737,FIXTURE,4.0,0
27-3031,55+,0.24736842105263157,FIXTURE,4.0,0
27-3041,16-24,0.07894736842105263,FIXTURE,4.0,0
27-3041,25-44,0.4631578947368421,FIXTURE,4.0,0
27-3041,45-54,0.2105263157894737,FIXTURE,4.0,0
27-3041,55+,0.24736842105263157,FIXTURE,4.0,0
27-3042,16-24,0.07894736842105263,FIXTURE,4.0,0
27-3042,25-44,0.4631578947368421,FIXTURE,4.0,0
27-3042,45-54,0.2105263157894737,FIXTURE,4.0,0
27-3042,55+,0.24736842105263157,FIXTURE,4.0,0
27-3043,16-24,0.07894736842105263,FIXTURE,4.0,0
27-3043,25-44,0.4631578947368421,FIXTURE,4.0,0
27-3043,45-54,0.2105263157894737,FIXTURE,4.0,0
27-3043,55+,0.24736842105263157,FIXTURE,4.0,0
27-3091,16-24,0.07894736842105263,FIXTURE,4.0,0
27-3091,25-44,0.4631578947368421,FIXTURE,4.0,0
27-3091,45-54,0.2105263157894737,FIXTURE,4.0,0
27-3091,55+,0.24736842105263157,FIXTURE,4.0,0
27-3092,16-24,0.12500000000000003,FIXTURE,3.0,0
27-3092,25-44,0.44000000000000006,FIXTURE,3.0,0
27-3092,45-54,0.20000000000000004,FIXTURE,3.0,0
27-3092,55+,0.23500000000000001,FIXTURE,3.0,0
27-3099,16-24,0.09399330937478838,FIXTURE,3.6556970105322883,1
27-3099,25-44,0.4555919358572492,FIXTURE,3.6556970105322883,1
27-3099,45-54,0.2070872435714769,FIXTURE,3.6556970105322883,1
27-3099,55+,0.24332751119648535,FIXTURE,3.6556970105322883,1
27-4011,16-24,0.12500000000000003,FIXTURE,3.0,0
27-4011,25-44,0.44000000000000006,FIXTURE,3.0,0
27-4011,45-54,0.20000000000000004,FIXTURE,3.0,0
27-4011,55+,0.23500000000000001,FIXTURE,3.0,0
27-4012,16-24,0.12500000000000003,FIXTURE,3.0,0
27-4012,25-44,0.44000000000000006,FIXTURE,3.0,0
27-4012,45-54,0.20000000000000004,FIXTURE,3.0,0
27-4012,55+,0.23500000000000001,FIXTURE,3.0,0
27-4014,16-24,0.12500000000000003,FIXTURE,3.0,0
27-4014,25-44,0.44000000000000006,FIXTURE,3.0,0
27-4014,45-54,0.20000000000000004,FIXTURE,3.0,0
27-4014,55+,0.23500000000000001,FIXTURE,3.0,0
27-4015,16-24,0.09399330937478838,FIXTURE,3.6556970105322883,1
27-4015,25-44,0.4555919358572492,FIXTURE,3.6556970105322883,1
27-4015,45-54,0.2070872435714769,FIXTURE,3.6556970105322883,1
27-4015,55+,0.24332751119648535,FIXTURE,3.6556970105322883,1
27-4021,16-24,0.12500000000000003,FIXTURE,3.0,0
27-4021,25-44,0.44000000000000006,FIXTURE,3.0,0
27-4021,45-54,0.20000000000000004,FIXTURE,3.0,0
27-4021,55+,0.23500000000000001,FIXTURE,3.0,0
27-4031,16-24,0.12500000000000003,FIXTURE,3.0,0
27-4031,25-44,0.44000000000000006,FIXTURE,3.0,0
27-4031,45-54,0.20000000000000004,FIXTURE,3.0,0
27-4031,55+,0.23500000000000001,FIXTURE,3.0,0
27-4032,16-24,0.07894736842105263,FIXTURE,4.0,0
27-4032,25-44,0.4631578947368421,FIXTURE,4.0,0
27-4032,45-54,0.2105263157894737,FIXTURE,4.0,0
27-4032,55+,0.24736842105263157,FIXTURE,4.0,0
27-4099,16-24,0.09399330937478838,FIXTURE,3.6556970105322883,1
27-4099,25-44,0.4555919358572492,FIXTURE,3.6556970105322883,1
27-4099,45-54,0.2070872435714769,FIXTURE,3.6556970105322883,1
27-4099,55+,0.24332751119648535,FIXTURE,3.6556970105322883,1
29-1011,16-24,0.054054054054054064,FIXTURE,5.0,0
29-1011,25-44,0.4756756756756757,FIXTURE,5.0,0
29-1011,45-54,0.21621621621621626,FIXTURE,5.0,0
29-1011,55+,0.25405405405405407,FIXTURE,5.0,0
29-1021,16-24,0.054054054054054064,FIXTURE,5.0,0
29-1021,25-44,0.4756756756756757,FIXTURE,5.0,0
29-1021,45-54,0.21621621621621626,FIXTURE,5.0,0
29-1021,55+,0.25405405405405407,FIXTURE,5.0,0
29-1022,16-24,0.054054054054054064,FIXTURE,5.0,0
29-1022,25-44,0.4756756756756757,FIXTURE,5.0,0
29-1022,45-54,0.21621621621621626,FIXTURE,5.0,0
29-1022,55+,0.25405405405405407,FIXTURE,5.0,0
29-1023,16-24,0.054054054054054064,FIXTURE,5.0,0
29-1023,25-44,0.4756756756756757,FIXTURE,5.0,0
29-1023,45-54,0.21621621621621626,FIXTURE,5.0,0
29-1023,55+,0.25405405405405407,FIXTURE,5.0,0
29-1024,16-24,0.054054054054054064,FIXTURE,5.0,0
29-1024,25-44,0.4756756756756757,FIXTURE,5.0,0
29-1024,45-54,0.21621621621621626,FIXTURE,5.0,0
29-1024,55+,0.25405405405405407,FIXTURE,5.0,0
29-1029,16-24,0.08461924538299169,FIXTURE,4.086044078987907,1
29-1029,25-44,0.4603057508931242,FIXTURE,4.086044078987907,1
29-1029,45-54,0.2092298867696019,FIXTURE,4.086044078987907,1
29-1029,55+,0.2458451169542822,FIXTURE,4.086044078987907,1
29-1031,16-24,0.054054054054054064,FIXTURE,5.0,0
29-1031,25-44,0.4756756756756757,FIXTURE,5.0,0
29-1031,45-54,0.21621621621621626,FIXTURE,5.0,0
29-1031,55+,0.25405405405405407,FIXTURE,5.0,0
29-1041,16-24,0.054054054054054064,FIXTURE,5.0,0
29-1041,25-44,0.4756756756756757,FIXTURE,5.0,0
29-1041,45-54,0.21621621621621626,FIXTURE,5.0,0
29-1041,55+,0.25405405405405407,FIXTURE,5.0,0
29-1051,16-24,0.054054054054054064,FIXTURE,5.0,0
29-1051,25-44,0.4756756756756757,FIXTURE,5.0,0
29-1051,45-54,0.21621621621621626,FIXTURE,5.0,0
29-1051,55+,0.25405405405405407,FIXTURE,5.0,0
29-1071,16-24,0.054054054054054064,FIXTURE,5.0,0
29-1071,25-44,0.4756756756756757,FIXTURE,5.0,0
29-1071,45-54,0.21621621621621626,FIXTURE,5.0,0
29-1071,55+,0.25405405405405407,FIXTURE,5.0,0
29-1081,16-24,0.054054054054054064,FIXTURE,5.0,0
29-1081,25-44,0.4756756756756757,FIXTURE,5.0,0
29-1081,45-54,0.21621621621621626,FIXTURE,5.0,0
29-1081,55+,0.25405405405405407,FIXTURE,5.0,0
29-1122,16-24,0.054054054054054064,FIXTURE,5.0,0
29-1122,25-44,0.4756756756756757,FIXTURE,5.0,0
29-1122,45-54,0.21621621621621626,FIXTURE,5.0,0
29-1122,55+,0.25405405405405407,FIXTURE,5.0,0
29-1123,16-24,0.054054054054054064,FIXTURE,5.0,0
29-1123,25-44,0.4756756756756757,FIXTURE,5.0,0
29-1123,45-54,0.21621621621621626,FIXTURE,5.0,0
29-1123,55+,0.25405405405405407,FIXTURE,5.0,0
29-1124,16-24,0.12500000000000003,FIXTURE,3.0,0
29-1124,25-44,0.44000000000000006,FIXTURE,3.0,0
29-1124,45-54,0.20000000000000004,FIXTURE,3.0,0
29-1124,55+,0.23500000000000001,FIXTURE,3.0,0
29-1125,16-24,0.07064959696538643,FIXTURE,4.333333333333333,0
29-1125,25-44,0.4673304883831199,FIXTURE,4.333333333333333,0
29-1125,45-54,0.21242294926505453,FIXTURE,4.333333333333333,0
29-1125,55+,0.24959696538643902,FIXTURE,4.333333333333333,0
29-1126,16-24,0.12500000000000003,FIXTURE,3.0,0
29-1126,25-44,0.44000000000000006,FIXTURE,3.0,0
29-1126,45-54,0.20000000000000004,FIXTURE,3.0,0
29-1126,55+,0.23500000000000001,FIXTURE,3.0,0
29-1127,16-24,0.054054054054054064,FIXTURE,5.0,0
29-1127,25-44,0.4756756756756757,FIXTURE,5.0,0
29-1127,45-54,0.21621621621621626,FIXTURE,5.0,0
29-1127,55+,0.25405405405405407,FIXTURE,5.0,0
29-1128,16-24,0.07894736842105263,FIXTURE,4.0,0
29-1128,25-44,0.4631578947368421,FIXTURE,4.0,0
29-1128,45-54,0.2105263157894737,FIXTURE,4.0,0
29-1128,55+,0.24736842105263157,FIXTURE,4.0,0
29-1129,16-24,0.08461924538299169,FIXTURE,4.086044078987907,1
29-1129,25-44,0.4603057508931242,FIXTURE,4.086044078987907,1
29-1129,45-54,0.2092298867696019,FIXTURE,4.086044078987907,1
29-1129,55+,0.2458451169542822,FIXTURE,4.086044078987907,1
29-1131,16-24,0.054054054054054064,FIXTURE,5.0,0
29-1131,25-44,0.4756756756756757,FIXTURE,5.0,0
29-1131,45-54,0.21621621621621626,FIXTURE,5.0,0
29-1131,55+,0.25405405405405407,FIXTURE,5.0,0
29-1141,16-24,0.07820056899004267,FIXTURE,4.2,0
29-1141,25-44,0.46353342816500703,FIXTURE,4.2,0
29-1141,45-54,0.21069701280227593,FIXTURE,4.2,0
29-1141,55+,0.2475689900426742,FIXTURE,4.2,0
29-1151,16-24,0.054054054054054064,FIXTURE,5.0,0
29-1151,25-44,0.4756756756756757,FIXTURE,5.0,0
29-1151,45-54,0.21621621621621626,FIXTURE,5.0,0
29-1151,55+,0.25405405405405407,FIXTURE,5.0,0
29-1161,16-24,0.054054054054054064,FIXTURE,5.0,0
29-1161,25-44,0.4756756756756757,FIXTURE,5.0,0
29-1161,45-54,0.21621621621621626,FIXTURE,5.0,0
29-1161,55+,0.25405405405405407,FIXTURE,5.0,0
29-1171,16-24,0.054054054054054064,FIXTURE,5.0,0
29-1171,25-44,0.4756756756756757,FIXTURE,5.0,0
29-1171,45-54,0.21621621621621626,FIXTURE,5.0,0
29-1171,55+,0.25405405405405407,FIXTURE,5.0,0
29-1181,16-24,0.054054054054054064,FIXTURE,5.0,0
29-1181,25-44,0.4756756756756757,FIXTURE,5.0,0
29-1181,45-54,0.21621621621621626,FIXTURE,5.0,0
29-1181,55+,0.25405405405405407,FIXTURE,5.0,0
29-1211,16-24,0.054054054054054064,FIXTURE,5.0,0
29-1211,25-44,0.4756756756756757,FIXTURE,5.0,0
29-1211,45-54,0.21621621621621626,FIXTURE,5.0,0
29-1211,55+,0.25405405405405407,FIXTURE,5.0,0
29-1212,16-24,0.08461924538299169,FIXTURE,4.086044078987907,1
29-1212,25-44,0.4603057508931242,FIXTURE,4.086044078987907,1
29-1212,45-54,0.2092298867696019,FIXTURE,4.086044078987907,1
29-1212,55+,0.2458451169542822,FIXTURE,4.086044078987907,1
29-1213,16-24,0.054054054054054064,FIXTURE,5.0,0
29-1213,25-44,0.4756756756756757,FIXTURE,5.0,0
29-1213,45-54,0.21621621621621626,FIXTURE,5.0,0
29-1213,55+,0.25405405405405407,FIXTURE,5.0,0
29-1214,16-24,0.08461924538299169,FIXTURE,4.086044078987907,1
29-1214,25-44,0.4603057508931242,FIXTURE,4.086044078987907,1
29-1214,45-54,0.2092298867696019,FIXTURE,4.086044078987907,1
29-1214,55+,0.2458451169542822,FIXTURE,4.086044078987907,1
29-1215,16-24,0.054054054054054064,FIXTURE,5.0,0
29-1215,25-44,0.4756756756756757,FIXTURE,5.0,0
29-1215,45-54,0.21621621621621626,FIXTURE,5.0,0
29-1215,55+,0.25405405405405407,FIXTURE,5.0,0
29-1216,16-24,0.054054054054054064,FIXTURE,5.0,0
29-1216,25-44,0.4756756756756757,FIXTURE,5.0,0
29-1216,45-54,0.21621621621621626,FIXTURE,5.0,0
29-1216,55+,0.25405405405405407,FIXTURE,5.0,0
29-1217,16-24,0.054054054054054064,FIXTURE,5.0,0
29-1217,25-44,0.4756756756756757,FIXTURE,5.0,0
29-1217,45-54,0.21621621621621626,FIXTURE,5.0,0
29-1217,55+,0.25405405405405407,FIXTURE,5.0,0
29-1218,16-24,0.054054054054054064,FIXTURE,5.0,0
29-1218,25-44,0.4756756756756757,FIXTURE,5.0,0
29-1218,45-54,0.21621621621621626,FIXTURE,5.0,0
29-1218,55+,0.25405405405405407,FIXTURE,5.0,0
29-1221,16-24,0.054054054054054064,FIXTURE,5.0,0
29-1221,25-44,0.4756756756756757,FIXTURE,5.0,0
29-1221,45-54,0.21621621621621626,FIXTURE,5.0,0
29-1221,55+,0.25405405405405407,FIXTURE,5.0,0
29-1222,16-24,0.054054054054054064,FIXTURE,5.0,0
29-1222,25-44,0.4756756756756757,FIXTURE,5.0,0
29-1222,45-54,0.21621621621621626,FIXTURE,5.0,0
29-1222,55+,0.25405405405405407,FIXTURE,5.0,0
29-1223,16-24,0.054054054054054064,FIXTURE,5.0,0
29-1223,25-44,0.4756756756756757,FIXTURE,5.0,0
29-1223,45-54,0.21621621621621626,FIXTURE,5.0,0
29-1223,55+,0.25405405405405407,FIXTURE,5.0,0
29-1224,16-24,0.054054054054054064,FIXTURE,5.0,0
29-1224,25-44,0.4756756756756757,FIXTURE,5.0,0
29-1224,45-54,0.21621621621621626,FIXTURE,5.0,0
29-1224,55+,0.25405405405405407,FIXTURE,5.0,0
29-1229,16-24,0.054054054054054064,FIXTURE,5.0,0
29-1229,25-44,0.4756756756756757,FIXTURE,5.0,0
29-1229,45-54,0.21621621621621626,FIXTURE,5.0,0
29-1229,55+,0.25405405405405407,FIXTURE,5.0,0
29-1241,16-24,0.054054054054054064,FIXTURE,5.0,0
29-1241,25-44,0.4756756756756757,FIXTURE,5.0,0
29-1241,45-54,0.21621621621621626,FIXTURE,5.0,0
29-1241,55+,0.25405405405405407,FIXTURE,5.0,0
29-1242,16-24,0.08461924538299169,FIXTURE,4.086044078987907,1
29-1242,25-44,0.4603057508931242,FIXTURE,4.086044078987907,1
29-1242,45-54,0.2092298867696019,FIXTURE,4.086044078987907,1
29-1242,55+,0.2458451169542822,FIXTURE,4.086044078987907,1
29-1243,16-24,0.08461924538299169,FIXTURE,4.086044078987907,1
29-1243,25-44,0.4603057508931242,FIXTURE,4.086044078987907,1
29-1243,45-54,0.2092298867696019,FIXTURE,4.086044078987907,1
29-1243,55+,0.2458451169542822,FIXTURE,4.086044078987907,1
29-1249,16-24,0.08461924538299169,FIXTURE,4.086044078987907,1
29-1249,25-44,0.4603057508931242,FIXTURE,4.086044078987907,1
29-1249,45-54,0.2092298867696019,FIXTURE,4.086044078987907,1
29-1249,55+,0.2458451169542822,FIXTURE,4.086044078987907,1
29-1291,16-24,0.054054054054054064,FIXTURE,5.0,0
29-1291,25-44,0.4756756756756757,FIXTURE,5.0,0
29-1291,45-54,0.21621621621621626,FIXTURE,5.0,0
29-1291,55+,0.25405405405405407,FIXTURE,5.0,0
29-1292,16-24,0.12500000000000003,FIXTURE,3.0,0
29-1292,25-44,0.44000000000000006,FIXTURE,3.0,0
29-1292,45-54,0.20000000000000004,FIXTURE,3.0,0
29-1292,55+,0.23500000000000001,FIXTURE,3.0,0
29-1299,16-24,0.08461924538299169,FIXTURE,4.086044078987907,1
29-1299,25-44,0.4603057508931242,FIXTURE,4.086044078987907,1
29-1299,45-54,0.2092298867696019,FIXTURE,4.086044078987907,1
29-1299,55+,0.2458451169542822,FIXTURE,4.086044078987907,1
29-2010,16-24,0.08423719772403983,FIXTURE,4.0,0
29-2010,25-44,0.46049786628733996,FIXTURE,4.0,0
29-2010,45-54,0.2093172119487909,FIXTURE,4.0,0
29-2010,55+,0.24594772403982929,FIXTURE,4.0,0
29-2031,16-24,0.12500000000000003,FIXTURE,3.0,0
29-2031,25-44,0.44000000000000006,FIXTURE,3.0,0
29-2031,45-54,0.20000000000000004,FIXTURE,3.0,0
29-2031,55+,0.23500000000000001,FIXTURE,3.0,0
29-2032,16-24,0.12500000000000003,FIXTURE,3.0,0
29-2032,25-44,0.44000000000000006,FIXTURE,3.0,0
29-2032,45-54,0.20000000000000004,FIXTURE,3.0,0
29-2032,55+,0.23500000000000001,FIXTURE,3.0,0
29-2033,16-24,0.12500000000000003,FIXTURE,3.0,0
29-2033,25-44,0.44000000000000006,FIXTURE,3.0,0
29-2033,45-54,0.20000000000000004,FIXTURE,3.0,0
29-2033,55+,0.23500000000000001,FIXTURE,3.0,0
29-2034,16-24,0.12500000000000003,FIXTURE,3.0,0
29-2034,25-44,0.44000000000000006,FIXTURE,3.0,0
29-2034,45-54,0.20000000000000004,FIXTURE,3.0,0
29-2034,55+,0.23500000000000001,FIXTURE,3.0,0
29-2035,16-24,0.12500000000000003,FIXTURE,3.0,0
29-2035,25-44,0.44000000000000006,FIXTURE,3.0,0
29-2035,45-54,0.20000000000000004,FIXTURE,3.0,0
29-2035,55+,0.23500000000000001,FIXTURE,3.0,0
29-2036,16-24,0.08461924538299169,FIXTURE,4.086044078987907,1
29-2036,25-44,0.4603057508931242,FIXTURE,4.086044078987907,1
29-2036,45-54,0.2092298867696019,FIXTURE,4.086044078987907,1
29-2036,55+,0.2458451169542822,FIXTURE,4.086044078987907,1
29-2042,16-24,0.08461924538299169,FIXTURE,4.086044078987907,1
29-2042,25-44,0.4603057508931242,FIXTURE,4.086044078987907,1
29-2042,45-54,0.2092298867696019,FIXTURE,4.086044078987907,1
29-2042,55+,0.2458451169542822,FIXTURE,4.086044078987907,1
29-2043,16-24,0.08461924538299169,FIXTURE,4.086044078987907,1
29-2043,25-44,0.4603057508931242,FIXTURE,4.086044078987907,1
29-2043,45-54,0.2092298867696019,FIXTURE,4.086044078987907,1
29-2043,55+,0.2458451169542822,FIXTURE,4.086044078987907,1
29-2051,16-24,0.12500000000000003,FIXTURE,3.0,0
29-2051,25-44,0.44000000000000006,FIXTURE,3.0,0
29-2051,45-54,0.20000000000000004,FIXTURE,3.0,0
29-2051,55+,0.23500000000000001,FIXTURE,3.0,0
29-2052,16-24,0.12500000000000003,FIXTURE,3.0,0
29-2052,25-44,0.44000000000000006,FIXTURE,3.0,0
29-2052,45-54,0.20000000000000004,FIXTURE,3.0,0
29-2052,55+,0.23500000000000001,FIXTURE,3.0,0
29-2053,16-24,0.12500000000000003,FIXTURE,3.0,0
29-2053,25-44,0.44000000000000006,FIXTURE,3.0,0
29-2053,45-54,0.20000000000000004,FIXTURE,3.0,0
29-2053,55+,0.23500000000000001,FIXTURE,3.0,0
29-2055,16-24,0.12500000000000003,FIXTURE,3.0,0
29-2055,25-44,0.44000000000000006,FIXTURE,3.0,0
29-2055,45-54,0.20000000000000004,FIXTURE,3.0,0
29-2055,55+,0.23500000000000001,FIXTURE,3.0,0
29-2056,16-24,0.12500000000000003,FIXTURE,3.0,0
29-2056,25-44,0.44000000000000006,FIXTURE,3.0,0
29-2056,45-54,0.20000000000000004,FIXTURE,3.0,0
29-2056,55+,0.23500000000000001,FIXTURE,3.0,0
29-2057,16-24,0.12500000000000003,FIXTURE,3.0,0
29-2057,25-44,0.44000000000000006,FIXTURE,3.0,0
29-2057,45-54,0.20000000000000004,FIXTURE,3.0,0
29-2057,55+,0.23500000000000001,FIXTURE,3.0,0
29-2061,16-24,0.12500000000000003,FIXTURE,3.0,0
29-2061,25-44,0.44000000000000006,FIXTURE,3.0,0
29-2061,45-54,0.20000000000000004,FIXTURE,3.0,0
29-2061,55+,0.23500000000000001,FIXTURE,3.0,0
29-2072,16-24,0.08461924538299169,FIXTURE,4.086044078987907,1
29-2072,25-44,0.4603057508931242,FIXTURE,4.086044078987907,1
29-2072,45-54,0.2092298867696019,FIXTURE,4.086044078987907,1
29-2072,55+,0.2458451169542822,FIXTURE,4.086044078987907,1
29-2081,16-24,0.12500000000000003,FIXTURE,3.0,0
29-2081,25-44,0.44000000000000006,FIXTURE,3.0,0
29-2081,45-54,0.20000000000000004,FIXTURE,3.0,0
29-2081,55+,0.23500000000000001,FIXTURE,3.0,0
29-2091,16-24,0.054054054054054064,FIXTURE,5.0,0
29-2091,25-44,0.4756756756756757,FIXTURE,5.0,0
29-2091,45-54,0.21621621621621626,FIXTURE,5.0,0
29-2091,55+,0.25405405405405407,FIXTURE,5.0,0
29-2092,16-24,0.12500000000000003,FIXTURE,3.0,0
29-2092,25-44,0.44000000000000006,FIXTURE,3.0,0
29-2092,45-54,0.20000000000000004,FIXTURE,3.0,0
29-2092,55+,0.23500000000000001,FIXTURE,3.0,0
29-2099,16-24,0.08461924538299169,FIXTURE,4.086044078987907,1
29-2099,25-44,0.4603057508931242,FIXTURE,4.086044078987907,1
29-2099,45-54,0.2092298867696019,FIXTURE,4.086044078987907,1
29-2099,55+,0.2458451169542822,FIXTURE,4.086044078987907,1
29-9021,16-24,0.07894736842105263,FIXTURE,4.0,0
29-9021,25-44,0.4631578947368421,FIXTURE,4.0,0
29-9021,45-54,0.2105263157894737,FIXTURE,4.0,0
29-9021,55+,0.24736842105263157,FIXTURE,4.0,0
29-9091,16-24,0.054054054054054064,FIXTURE,5.0,0
29-9091,25-44,0.4756756756756757,FIXTURE,5.0,0
29-9091,45-54,0.21621621621621626,FIXTURE,5.0,0
29-9091,55+,0.25405405405405407,FIXTURE,5.0,0
29-9092,16-24,0.054054054054054064,FIXTURE,5.0,0
29-9092,25-44,0.4756756756756757,FIXTURE,5.0,0
29-9092,45-54,0.21621621621621626,FIXTURE,5.0,0
29-9092,55+,0.25405405405405407,FIXTURE,5.0,0
29-9093,16-24,0.12500000000000003,FIXTURE,3.0,0
29-9093,25-44,0.44000000000000006,FIXTURE,3.0,0
29-9093,45-54,0.20000000000000004,FIXTURE,3.0,0
29-9093,55+,0.23500000000000001,FIXTURE,3.0,0
29-9099,16-24,0.08461924538299169,FIXTURE,4.086044078987907,1
29-9099,25-44,0.4603057508931242,FIXTURE,4.086044078987907,1
29-9099,45-54,0.2092298867696019,FIXTURE,4.086044078987907,1
29-9099,55+,0.2458451169542822,FIXTURE,4.086044078987907,1
31-1120,16-24,0.15662650602409642,FIXTURE,2.0,0
31-1120,25-44,0.4240963855421687,FIXTURE,2.0,0
31-1120,45-54,0.1927710843373494,FIXTURE,2.0,0
31-1120,55+,0.22650602409638554,FIXTURE,2.0,0
31-1131,16-24,0.12500000000000003,FIXTURE,3.0,0
31-1131,25-44,0.44000000000000006,FIXTURE,3.0,0
31-1131,45-54,0.20000000000000004,FIXTURE,3.0,0
31-1131,55+,0.23500000000000001,FIXTURE,3.0,0
31-1132,16-24,0.15662650602409642,FIXTURE,2.0,0
31-1132,25-44,0.4240963855421687,FIXTURE,2.0,0
31-1132,45-54,0.1927710843373494,FIXTURE,2.0,0
31-1132,55+,0.22650602409638554,FIXTURE,2.0,0
31-1133,16-24,0.15662650602409642,FIXTURE,2.0,0
31-1133,25-44,0.4240963855421687,FIXTURE,2.0,0
31-1133,45-54,0.1927710843373494,FIXTURE,2.0,0
31-1133,55+,0.22650602409638554,FIXTURE,2.0,0
31-2011,16-24,0.12500000000000003,FIXTURE,3.0,0
31-2011,25-44,0.44000000000000006,FIXTURE,3.0,0
31-2011,45-54,0.20000000000000004,FIXTURE,3.0,0
31-2011,55+,0.23500000000000001,FIXTURE,3.0,0
31-2012,16-24,0.12500000000000003,FIXTURE,3.0,0
31-2012,25-44,0.44000000000000006,FIXTURE,3.0,0
31-2012,45-54,0.20000000000000004,FIXTURE,3.0,0
31-2012,55+,0.23500000000000001,FIXTURE,3.0,0
31-2021,16-24,0.12500000000000003,FIXTURE,3.0,0
31-2021,25-44,0.44000000000000006,FIXTURE,3.0,0
31-2021,45-54,0.20000000000000004,FIXTURE,3.0,0
31-2021,55+,0.23500000000000001,FIXTURE,3.0,0
31-2022,16-24,0.15662650602409642,FIXTURE,2.0,0
31-2022,25-44,0.4240963855421687,FIXTURE,2.0,0
31-2022,45-54,0.1927710843373494,FIXTURE,2.0,0
31-2022,55+,0.22650602409638554,FIXTURE,2.0,0
31-9011,16-24,0.12500000000000003,FIXTURE,3.0,0
31-9011,25-44,0.44000000000000006,FIXTURE,3.0,0
31-9011,45-54,0.20000000000000004,FIXTURE,3.0,0
31-9011,55+,0.23500000000000001,FIXTURE,3.0,0
31-9091,16-24,0.12500000000000003,FIXTURE,3.0,0
31-9091,25-44,0.44000000000000006,FIXTURE,3.0,0
31-9091,45-54,0.20000000000000004,FIXTURE,3.0,0
31-9091,55+,0.23500000000000001,FIXTURE,3.0,0
31-9092,16-24,0.10135135135135134,FIXTURE,3.6666666666666665,0
31-9092,25-44,0.4518918918918919,FIXTURE,3.6666666666666665,0
31-9092,45-54,0.20540540540540542,FIXTURE,3.6666666666666665,0
31-9092,55+,0.2413513513513513,FIXTURE,3.6666666666666665,0
31-9093,16-24,0.15662650602409642,FIXTURE,2.0,0
31-9093,25-44,0.4240963855421687,FIXTURE,2.0,0
31-9093,45-54,0.1927710843373494,FIXTURE,2.0,0
31-9093,55+,0.22650602409638554,FIXTURE,2.0,0
31-9094,16-24,0.12500000000000003,FIXTURE,3.0,0
31-9094,25-44,0.44000000000000006,FIXTURE,3.0,0
31-9094,45-54,0.20000000000000004,FIXTURE,3.0,0
31-9094,55+,0.23500000000000001,FIXTURE,3.0,0
31-9095,16-24,0.15662650602409642,FIXTURE,2.0,0
31-9095,25-44,0.4240963855421687,FIXTURE,2.0,0
31-9095,45-54,0.1927710843373494,FIXTURE,2.0,0
31-9095,55+,0.22650602409638554,FIXTURE,2.0,0
31-9096,16-24,0.15662650602409642,FIXTURE,2.0,0
31-9096,25-44,0.4240963855421687,FIXTURE,2.0,0
31-9096,45-54,0.1927710843373494,FIXTURE,2.0,0
31-9096,55+,0.22650602409638554,FIXTURE,2.0,0
31-9097,16-24,0.12500000000000003,FIXTURE,3.0,0
31-9097,25-44,0.44000000000000006,FIXTURE,3.0,0
31-9097,45-54,0.20000000000000004,FIXTURE,3.0,0
31-9097,55+,0.23500000000000001,FIXTURE,3.0,0
31-9099,16-24,0.14153542734346075,FIXTURE,2.4686549631049903,1
31-9099,25-44,0.4316850422501454,FIXTURE,2.4686549631049903,1
31-9099,45-54,0.1962204737500661,FIXTURE,2.4686549631049903,1
31-9099,55+,0.23055905665632764,FIXTURE,2.4686549631049903,1
33-1011,16-24,0.12500000000000003,FIXTURE,3.0,0
33-1011,25-44,0.44000000000000006,FIXTURE,3.0,0
33-1011,45-54,0.20000000000000004,FIXTURE,3.0,0
33-1011,55+,0.23500000000000001,FIXTURE,3.0,0
33-1012,16-24,0.12500000000000003,FIXTURE,3.0,0
33-1012,25-44,0.44000000000000006,FIXTURE,3.0,0
33-1012,45-54,0.20000000000000004,FIXTURE,3.0,0
33-1012,55+,0.23500000000000001,FIXTURE,3.0,0
33-1021,16-24,0.12500000000000003,FIXTURE,3.0,0
33-1021,25-44,0.44000000000000006,FIXTURE,3.0,0
33-1021,45-54,0.20000000000000004,FIXTURE,3.0,0
33-1021,55+,0.23500000000000001,FIXTURE,3.0,0
33-1091,16-24,0.14266024950675227,FIXTURE,2.438541930454032,1
33-1091,25-44,0.43111941739089027,FIXTURE,2.438541930454032,1
33-1091,45-54,0.19596337154131377,FIXTURE,2.438541930454032,1
33-1091,55+,0.23025696156104367,FIXTURE,2.438541930454032,1
33-1099,16-24,0.14266024950675227,FIXTURE,2.438541930454032,1
33-1099,25-44,0.43111941739089027,FIXTURE,2.438541930454032,1
33-1099,45-54,0.19596337154131377,FIXTURE,2.438541930454032,1
33-1099,55+,0.23025696156104367,FIXTURE,2.438541930454032,1
33-2011,16-24,0.12500000000000003,FIXTURE,3.0,0
33-2011,25-44,0.44000000000000006,FIXTURE,3.0,0
33-2011,45-54,0.20000000000000004,FIXTURE,3.0,0
33-2011,55+,0.23500000000000001,FIXTURE,3.0,0
33-2021,16-24,0.12500000000000003,FIXTURE,3.0,0
33-2021,25-44,0.44000000000000006,FIXTURE,3.0,0
33-2021,45-54,0.20000000000000004,FIXTURE,3.0,0
33-2021,55+,0.23500000000000001,FIXTURE,3.0,0
33-2022,16-24,0.12500000000000003,FIXTURE,3.0,0
33-2022,25-44,0.44000000000000006,FIXTURE,3.0,0
33-2022,45-54,0.20000000000000004,FIXTURE,3.0,0
33-2022,55+,0.23500000000000001,FIXTURE,3.0,0
33-3011,16-24,0.12500000000000003,FIXTURE,3.0,0
33-3011,25-44,0.44000000000000006,FIXTURE,3.0,0
33-3011,45-54,0.20000000000000004,FIXTURE,3.0,0
33-3011,55+,0.23500000000000001,FIXTURE,3.0,0
33-3012,16-24,0.15662650602409642,FIXTURE,2.0,0
33-3012,25-44,0.4240963855421687,FIXTURE,2.0,0
33-3012,45-54,0.1927710843373494,FIXTURE,2.0,0
33-3012,55+,0.22650602409638554,FIXTURE,2.0,0
33-3021,16-24,0.12500000000000003,FIXTURE,3.0,0
33-3021,25-44,0.44000000000000006,FIXTURE,3.0,0
33-3021,45-54,0.20000000000000004,FIXTURE,3.0,0
33-3021,55+,0.23500000000000001,FIXTURE,3.0,0
33-3031,16-24,0.07894736842105263,FIXTURE,4.0,0
33-3031,25-44,0.4631578947368421,FIXTURE,4.0,0
33-3031,45-54,0.2105263157894737,FIXTURE,4.0,0
33-3031,55+,0.24736842105263157,FIXTURE,4.0,0
33-3041,16-24,0.15662650602409642,FIXTURE,2.0,0
33-3041,25-44,0.4240963855421687,FIXTURE,2.0,0
33-3041,45-54,0.1927710843373494,FIXTURE,2.0,0
33-3041,55+,0.22650602409638554,FIXTURE,2.0,0
33-3051,16-24,0.12500000000000003,FIXTURE,3.0,0
33-3051,25-44,0.44000000000000006,FIXTURE,3.0,0
33-3051,45-54,0.20000000000000004,FIXTURE,3.0,0
33-3051,55+,0.23500000000000001,FIXTURE,3.0,0
33-3052,16-24,0.12500000000000003,FIXTURE,3.0,0
33-3052,25-44,0.44000000000000006,FIXTURE,3.0,0
33-3052,45-54,0.20000000000000004,FIXTURE,3.0,0
33-3052,55+,0.23500000000000001,FIXTURE,3.0,0
33-9011,16-24,0.15662650602409642,FIXTURE,2.0,0
33-9011,25-44,0.4240963855421687,FIXTURE,2.0,0
33-9011,45-54,0.1927710843373494,FIXTURE,2.0,0
33-9011,55+,0.22650602409638554,FIXTURE,2.0,0
33-9021,16-24,0.10197368421052631,FIXTURE,3.5,0
33-9021,25-44,0.4515789473684211,FIXTURE,3.5,0
33-9021,45-54,0.20526315789473687,FIXTURE,3.5,0
33-9021,55+,0.24118421052631578,FIXTURE,3.5,0
33-9031,16-24,0.15662650602409642,FIXTURE,2.0,0
33-9031,25-44,0.4240963855421687,FIXTURE,2.0,0
33-9031,45-54,0.1927710843373494,FIXTURE,2.0,0
33-9031,55+,0.22650602409638554,FIXTURE,2.0,0
33-9032,16-24,0.15662650602409642,FIXTURE,2.0,0
33-9032,25-44,0.4240963855421687,FIXTURE,2.0,0
33-9032,45-54,0.1927710843373494,FIXTURE,2.0,0
33-9032,55+,0.22650602409638554,FIXTURE,2.0,0
33-9091,16-24,0.15662650602409642,FIXTURE,2.0,0
33-9091,25-44,0.4240963855421687,FIXTURE,2.0,0
33-9091,45-54,0.1927710843373494,FIXTURE,2.0,0
33-9091,55+,0.22650602409638554,FIXTURE,2.0,0
33-9092,16-24,0.15662650602409642,FIXTURE,2.0,0
33-9092,25-44,0.4240963855421687,FIXTURE,2.0,0
33-9092,45-54,0.1927710843373494,FIXTURE,2.0,0
33-9092,55+,0.22650602409638554,FIXTURE,2.0,0
33-9093,16-24,0.15662650602409642,FIXTURE,2.0,0
33-9093,25-44,0.4240963855421687,FIXTURE,2.0,0
33-9093,45-54,0.1927710843373494,FIXTURE,2.0,0
33-9093,55+,0.22650602409638554,FIXTURE,2.0,0
33-9094,16-24,0.14266024950675227,FIXTURE,2.438541930454032,1
33-9094,25-44,0.43111941739089027,FIXTURE,2.438541930454032,1
33-9094,45-54,0.19596337154131377,FIXTURE,2.438541930454032,1
33-9094,55+,0.23025696156104367,FIXTURE,2.438541930454032,1
33-9099,16-24,0.14266024950675227,FIXTURE,2.438541930454032,1
33-9099,25-44,0.43111941739089027,FIXTURE,2.438541930454032,1
33-9099,45-54,0.19596337154131377,FIXTURE,2.438541930454032,1
33-9099,55+,0.23025696156104367,FIXTURE,2.438541930454032,1
35-1011,16-24,0.12500000000000003,FIXTURE,3.0,0
35-1011,25-44,0.44000000000000006,FIXTURE,3.0,0
35-1011,45-54,0.20000000000000004,FIXTURE,3.0,0
35-1011,55+,0.23500000000000001,FIXTURE,3.0,0
35-1012,16-24,0.15662650602409642,FIXTURE,2.0,0
35-1012,25-44,0.4240963855421687,FIXTURE,2.0,0
35-1012,45-54,0.1927710843373494,FIXTURE,2.0,0
35-1012,55+,0.22650602409638554,FIXTURE,2.0,0
35-2011,16-24,0.186046511627907,FIXTURE,1.0,0
35-2011,25-44,0.40930232558139534,FIXTURE,1.0,0
35-2011,45-54,0.186046511627907,FIXTURE,1.0,0
35-2011,55+,0.21860465116279068,FIXTURE,1.0,0
35-2012,16-24,0.15662650602409642,FIXTURE,2.0,0
35-2012,25-44,0.4240963855421687,FIXTURE,2.0,0
35-2012,45-54,0.1927710843373494,FIXTURE,2.0,0
35-2012,55+,0.22650602409638554,FIXTURE,2.0,0
35-2013,16-24,0.12500000000000003,FIXTURE,3.0,0
35-2013,25-44,0.44000000000000006,FIXTURE,3.0,0
35-2013,45-54,0.20000000000000004,FIXTURE,3.0,0
35-2013,55+,0.23500000000000001,FIXTURE,3.0,0
35-2014,16-24,0.15662650602409642,FIXTURE,2.0,0
35-2014,25-44,0.4240963855421687,FIXTURE,2.0,0
35-2014,45-54,0.1927710843373494,FIXTURE,2.0,0
35-2014,55+,0.22650602409638554,FIXTURE,2.0,0
35-2015,16-24,0.15662650602409642,FIXTURE,2.0,0
35-2015,25-44,0.4240963855421687,FIXTURE,2.0,0
35-2015,45-54,0.1927710843373494,FIXTURE,2.0,0
35-2015,55+,0.22650602409638554,FIXTURE,2.0,0
35-2019,16-24,0.1700456751417139,FIXTURE,1.5427649265878949,1
35-2019,25-44,0.4173484605001667,FIXTURE,1.5427649265878949,1
35-2019,45-54,0.18970384568189397,FIXTURE,1.5427649265878949,1
35-2019,55+,0.22290201867622542,FIXTURE,1.5427649265878949,1
35-2021,16-24,0.186046511627907,FIXTURE,1.0,0
35-2021,25-44,0.40930232558139534,FIXTURE,1.0,0
35-2021,45-54,0.186046511627907,FIXTURE,1.0,0
35-2021,55+,0.21860465116279068,FIXTURE,1.0,0
35-3011,16-24,0.15662650602409642,FIXTURE,2.0,0
35-3011,25-44,0.4240963855421687,FIXTURE,2.0,0
35-3011,45-54,0.1927710843373494,FIXTURE,2.0,0
35-3011,55+,0.22650602409638554,FIXTURE,2.0,0
35-3023,16-24,0.186046511627907,FIXTURE,1.0,0
35-3023,25-44,0.40930232558139534,FIXTURE,1.0,0
35-3023,45-54,0.186046511627907,FIXTURE,1.0,0
35-3023,55+,0.21860465116279068,FIXTURE,1.0,0
35-3031,16-24,0.15662650602409642,FIXTURE,2.0,0
35-3031,25-44,0.4240963855421687,FIXTURE,2.0,0
35-3031,45-54,0.1927710843373494,FIXTURE,2.0,0
35-3031,55+,0.22650602409638554,FIXTURE,2.0,0
35-3041,16-24,0.15662650602409642,FIXTURE,2.0,0
35-3041,25-44,0.4240963855421687,FIXTURE,2.0,0
35-3041,45-54,0.1927710843373494,FIXTURE,2.0,0
35-3041,55+,0.22650602409638554,FIXTURE,2.0,0
35-9011,16-24,0.186046511627907,FIXTURE,1.0,0
35-9011,25-44,0.40930232558139534,FIXTURE,1.0,0
35-9011,45-54,0.186046511627907,FIXTURE,1.0,0
35-9011,55+,0.21860465116279068,FIXTURE,1.0,0
35-9021,16-24,0.186046511627907,FIXTURE,1.0,0
35-9021,25-44,0.40930232558139534,FIXTURE,1.0,0
35-9021,45-54,0.186046511627907,FIXTURE,1.0,0
35-9021,55+,0.21860465116279068,FIXTURE,1.0,0
35-9031,16-24,0.15662650602409642,FIXTURE,2.0,0
35-9031,25-44,0.4240963855421687,FIXTURE,2.0,0
35-9031,45-54,0.1927710843373494,FIXTURE,2.0,0
35-9031,55+,0.22650602409638554,FIXTURE,2.0,0
35-9099,16-24,0.1700456751417139,FIXTURE,1.5427649265878949,1
35-9099,25-44,0.4173484605001667,FIXTURE,1.5427649265878949,1
35-9099,45-54,0.18970384568189397,FIXTURE,1.5427649265878949,1
35-9099,55+,0.22290201867622542,FIXTURE,1.5427649265878949,1
37-1011,16-24,0.15662650602409642,FIXTURE,2.0,0
37-1011,25-44,0.4240963855421687,FIXTURE,2.0,0
37-1011,45-54,0.1927710843373494,FIXTURE,2.0,0
37-1011,55+,0.22650602409638554,FIXTURE,2.0,0
37-1012,16-24,0.12500000000000003,FIXTURE,3.0,0
37-1012,25-44,0.44000000000000006,FIXTURE,3.0,0
37-1012,45-54,0.20000000000000004,FIXTURE,3.0,0
37-1012,55+,0.23500000000000001,FIXTURE,3.0,0
37-2011,16-24,0.15662650602409642,FIXTURE,2.0,0
37-2011,25-44,0.4240963855421687,FIXTURE,2.0,0
37-2011,45-54,0.1927710843373494,FIXTURE,2.0,0
37-2011,55+,0.22650602409638554,FIXTURE,2.0,0
37-2012,16-24,0.186046511627907,FIXTURE,1.0,0
37-2012,25-44,0.40930232558139534,FIXTURE,1.0,0
37-2012,45-54,0.186046511627907,FIXTURE,1.0,0
37-2012,55+,0.21860465116279068,FIXTURE,1.0,0
37-2019,16-24,0.16752035880593535,FIXTURE,1.6275418269720325,1
37-2019,25-44,0.4186183338575868,FIXTURE,1.6275418269720325,1
37-2019,45-54,0.19028106084435764,FIXTURE,1.6275418269720325,1
37-2019,55+,0.22358024649212016,FIXTURE,1.6275418269720325,1
37-2021,16-24,0.15662650602409642,FIXTURE,2.0,0
37-2021,25-44,0.4240963855421687,FIXTURE,2.0,0
37-2021,45-54,0.1927710843373494,FIXTURE,2.0,0
37-2021,55+,0.22650602409638554,FIXTURE,2.0,0
37-3011,16-24,0.186046511627907,FIXTURE,1.0,0
37-3011,25-44,0.40930232558139534,FIXTURE,1.0,0
37-3011,45-54,0.186046511627907,FIXTURE,1.0,0
37-3011,55+,0.21860465116279068,FIXTURE,1.0,0
37-3012,16-24,0.15662650602409642,FIXTURE,2.0,0
37-3012,25-44,0.4240963855421687,FIXTURE,2.0,0
37-3012,45-54,0.1927710843373494,FIXTURE,2.0,0
37-3012,55+,0.22650602409638554,FIXTURE,2.0,0
37-3013,16-24,0.15662650602409642,FIXTURE,2.0,0
37-3013,25-44,0.4240963855421687,FIXTURE,2.0,0
37-3013,45-54,0.1927710843373494,FIXTURE,2.0,0
37-3013,55+,0.22650602409638554,FIXTURE,2.0,0
37-3019,16-24,0.16752035880593535,FIXTURE,1.6275418269720325,1
37-3019,25-44,0.4186183338575868,FIXTURE,1.6275418269720325,1
37-3019,45-54,0.19028106084435764,FIXTURE,1.6275418269720325,1
37-3019,55+,0.22358024649212016,FIXTURE,1.6275418269720325,1
39-1013,16-24,0.15662650602409642,FIXTURE,2.0,0
39-1013,25-44,0.4240963855421687,FIXTURE,2.0,0
39-1013,45-54,0.1927710843373494,FIXTURE,2.0,0
39-1013,55+,0.22650602409638554,FIXTURE,2.0,0
39-1014,16-24,0.14122995719544934,FIXTURE,2.4284927363339754,1
39-1014,25-44,0.43183865009600264,FIXTURE,2.4284927363339754,1
39-1014,45-54,0.196290295498183,FIXTURE,2.4284927363339754,1
39-1014,55+,0.23064109721036502,FIXTURE,2.4284927363339754,1
39-1022,16-24,0.12500000000000003,FIXTURE,3.0,0
39-1022,25-44,0.44000000000000006,FIXTURE,3.0,0
39-1022,45-54,0.20000000000000004,FIXTURE,3.0,0
39-1022,55+,0.23500000000000001,FIXTURE,3.0,0
39-2011,16-24,0.15662650602409642,FIXTURE,2.0,0
39-2011,25-44,0.4240963855421687,FIXTURE,2.0,0
39-2011,45-54,0.1927710843373494,FIXTURE,2.0,0
39-2011,55+,0.22650602409638554,FIXTURE,2.0,0
39-2021,16-24,0.15662650602409642,FIXTURE,2.0,0
39-2021,25-44,0.4240963855421687,FIXTURE,2.0,0
39-2021,45-54,0.1927710843373494,FIXTURE,2.0,0
39-2021,55+,0.22650602409638554,FIXTURE,2.0,0
39-3011,16-24,0.15662650602409642,FIXTURE,2.0,0
39-3011,25-44,0.4240963855421687,FIXTURE,2.0,0
39-3011,45-54,0.1927710843373494,FIXTURE,2.0,0
39-3011,55+,0.22650602409638554,FIXTURE,2.0,0
39-3012,16-24,0.15662650602409642,FIXTURE,2.0,0
39-3012,25-44,0.4240963855421687,FIXTURE,2.0,0
39-3012,45-54,0.1927710843373494,FIXTURE,2.0,0
39-3012,55+,0.22650602409638554,FIXTURE,2.0,0
39-3019,16-24,0.14122995719544934,FIXTURE,2.4284927363339754,1
39-3019,25-44,0.43183865009600264,FIXTURE,2.4284927363339754,1
39-3019,45-54,0.196290295498183,FIXTURE,2.4284927363339754,1
39-3019,55+,0.23064109721036502,FIXTURE,2.4284927363339754,1
39-3021,16-24,0.15662650602409642,FIXTURE,2.0,0
39-3021,25-44,0.4240963855421687,FIXTURE,2.0,0
39-3021,45-54,0.1927710843373494,FIXTURE,2.0,0
39-3021,55+,0.22650602409638554,FIXTURE,2.0,0
39-3031,16-24,0.15662650602409642,FIXTURE,2.0,0
39-3031,25-44,0.4240963855421687,FIXTURE,2.0,0
39-3031,45-54,0.1927710843373494,FIXTURE,2.0,0
39-3031,55+,0.22650602409638554,FIXTURE,2.0,0
39-3091,16-24,0.186046511627907,FIXTURE,1.0,0
39-3091,25-44,0.40930232558139534,FIXTURE,1.0,0
39-3091,45-54,0.186046511627907,FIXTURE,1.0,0
39-3091,55+,0.21860465116279068,FIXTURE,1.0,0
39-3092,16-24,0.15662650602409642,FIXTURE,2.0,0
39-3092,25-44,0.4240963855421687,FIXTURE,2.0,0
39-3092,45-54,0.1927710843373494,FIXTURE,2.0,0
39-3092,55+,0.22650602409638554,FIXTURE,2.0,0
39-3093,16-24,0.15662650602409642,FIXTURE,2.0,0
39-3093,25-44,0.4240963855421687,FIXTURE,2.0,0
39-3093,45-54,0.1927710843373494,FIXTURE,2.0,0
39-3093,55+,0.22650602409638554,FIXTURE,2.0,0
39-3099,16-24,0.14122995719544934,FIXTURE,2.4284927363339754,1
39-3099,25-44,0.43183865009600264,FIXTURE,2.4284927363339754,1
39-3099,45-54,0.196290295498183,FIXTURE,2.4284927363339754,1
39-3099,55+,0.23064109721036502,FIXTURE,2.4284927363339754,1
39-4011,16-24,0.12500000000000003,FIXTURE,3.0,0
39-4011,25-44,0.44000000000000006,FIXTURE,3.0,0
39-4011,45-54,0.20000000000000004,FIXTURE,3.0,0
39-4011,55+,0.23500000000000001,FIXTURE,3.0,0
39-4012,16-24,0.14122995719544934,FIXTURE,2.4284927363339754,1
39-4012,25-44,0.43183865009600264,FIXTURE,2.4284927363339754,1
39-4012,45-54,0.196290295498183,FIXTURE,2.4284927363339754,1
39-4012,55+,0.23064109721036502,FIXTURE,2.4284927363339754,1
39-4021,16-24,0.15662650602409642,FIXTURE,2.0,0
39-4021,25-44,0.4240963855421687,FIXTURE,2.0,0
39-4021,45-54,0.1927710843373494,FIXTURE,2.0,0
39-4021,55+,0.22650602409638554,FIXTURE,2.0,0
39-4031,16-24,0.12500000000000003,FIXTURE,3.0,0
39-4031,25-44,0.44000000000000006,FIXTURE,3.0,0
39-4031,45-54,0.20000000000000004,FIXTURE,3.0,0
39-4031,55+,0.23500000000000001,FIXTURE,3.0,0
39-5011,16-24,0.12500000000000003,FIXTURE,3.0,0
39-5011,25-44,0.44000000000000006,FIXTURE,3.0,0
39-5011,45-54,0.20000000000000004,FIXTURE,3.0,0
39-5011,55+,0.23500000000000001,FIXTURE,3.0,0
39-5012,16-24,0.12500000000000003,FIXTURE,3.0,0
39-5012,25-44,0.44000000000000006,FIXTURE,3.0,0
39-5012,45-54,0.20000000000000004,FIXTURE,3.0,0
39-5012,55+,0.23500000000000001,FIXTURE,3.0,0
39-5091,16-24,0.12500000000000003,FIXTURE,3.0,0
39-5091,25-44,0.44000000000000006,FIXTURE,3.0,0
39-5091,45-54,0.20000000000000004,FIXTURE,3.0,0
39-5091,55+,0.23500000000000001,FIXTURE,3.0,0
39-5092,16-24,0.15662650602409642,FIXTURE,2.0,0
39-5092,25-44,0.4240963855421687,FIXTURE,2.0,0
39-5092,45-54,0.1927710843373494,FIXTURE,2.0,0
39-5092,55+,0.22650602409638554,FIXTURE,2.0,0
39-5093,16-24,0.15662650602409642,FIXTURE,2.0,0
39-5093,25-44,0.4240963855421687,FIXTURE,2.0,0
39-5093,45-54,0.1927710843373494,FIXTURE,2.0,0
39-5093,55+,0.22650602409638554,FIXTURE,2.0,0
39-5094,16-24,0.12500000000000003,FIXTURE,3.0,0
39-5094,25-44,0.44000000000000006,FIXTURE,3.0,0
39-5094,45-54,0.20000000000000004,FIXTURE,3.0,0
39-5094,55+,0.23500000000000001,FIXTURE,3.0,0
39-6011,16-24,0.15662650602409642,FIXTURE,2.0,0
39-6011,25-44,0.4240963855421687,FIXTURE,2.0,0
39-6011,45-54,0.1927710843373494,FIXTURE,2.0,0
39-6011,55+,0.22650602409638554,FIXTURE,2.0,0
39-6012,16-24,0.12500000000000003,FIXTURE,3.0,0
39-6012,25-44,0.44000000000000006,FIXTURE,3.0,0
39-6012,45-54,0.20000000000000004,FIXTURE,3.0,0
39-6012,55+,0.23500000000000001,FIXTURE,3.0,0
39-7010,16-24,0.12500000000000003,FIXTURE,3.0,0
39-7010,25-44,0.44000000000000006,FIXTURE,3.0,0
39-7010,45-54,0.20000000000000004,FIXTURE,3.0,0
39-7010,55+,0.23500000000000001,FIXTURE,3.0,0
39-9011,16-24,0.15662650602409642,FIXTURE,2.0,0
39-9011,25-44,0.4240963855421687,FIXTURE,2.0,0
39-9011,45-54,0.1927710843373494,FIXTURE,2.0,0
39-9011,55+,0.22650602409638554,FIXTURE,2.0,0
39-9031,16-24,0.12500000000000003,FIXTURE,3.0,0
39-9031,25-44,0.44000000000000006,FIXTURE,3.0,0
39-9031,45-54,0.20000000000000004,FIXTURE,3.0,0
39-9031,55+,0.23500000000000001,FIXTURE,3.0,0
39-9032,16-24,0.07894736842105263,FIXTURE,4.0,0
39-9032,25-44,0.4631578947368421,FIXTURE,4.0,0
39-9032,45-54,0.2105263157894737,FIXTURE,4.0,0
39-9032,55+,0.24736842105263157,FIXTURE,4.0,0
39-9041,16-24,0.12500000000000003,FIXTURE,3.0,0
39-9041,25-44,0.44000000000000006,FIXTURE,3.0,0
39-9041,45-54,0.20000000000000004,FIXTURE,3.0,0
39-9041,55+,0.23500000000000001,FIXTURE,3.0,0
39-9099,16-24,0.14122995719544934,FIXTURE,2.4284927363339754,1
39-9099,25-44,0.43183865009600264,FIXTURE,2.4284927363339754,1
39-9099,45-54,0.196290295498183,FIXTURE,2.4284927363339754,1
39-9099,55+,0.23064109721036502,FIXTURE,2.4284927363339754,1
41-1011,16-24,0.15662650602409642,FIXTURE,2.0,0
41-1011,25-44,0.4240963855421687,FIXTURE,2.0,0
41-1011,45-54,0.1927710843373494,FIXTURE,2.0,0
41-1011,55+,0.22650602409638554,FIXTURE,2.0,0
41-1012,16-24,0.07894736842105263,FIXTURE,4.0,0
41-1012,25-44,0.4631578947368421,FIXTURE,4.0,0
41-1012,45-54,0.2105263157894737,FIXTURE,4.0,0
41-1012,55+,0.24736842105263157,FIXTURE,4.0,0
41-2011,16-24,0.15662650602409642,FIXTURE,2.0,0
41-2011,25-44,0.4240963855421687,FIXTURE,2.0,0
41-2011,45-54,0.1927710843373494,FIXTURE,2.0,0
41-2011,55+,0.22650602409638554,FIXTURE,2.0,0
41-2012,16-24,0.15662650602409642,FIXTURE,2.0,0
41-2012,25-44,0.4240963855421687,FIXTURE,2.0,0
41-2012,45-54,0.1927710843373494,FIXTURE,2.0,0
41-2012,55+,0.22650602409638554,FIXTURE,2.0,0
41-2021,16-24,0.15662650602409642,FIXTURE,2.0,0
41-2021,25-44,0.4240963855421687,FIXTURE,2.0,0
41-2021,45-54,0.1927710843373494,FIXTURE,2.0,0
41-2021,55+,0.22650602409638554,FIXTURE,2.0,0
41-2022,16-24,0.15662650602409642,FIXTURE,2.0,0
41-2022,25-44,0.4240963855421687,FIXTURE,2.0,0
41-2022,45-54,0.1927710843373494,FIXTURE,2.0,0
41-2022,55+,0.22650602409638554,FIXTURE,2.0,0
41-2031,16-24,0.15662650602409642,FIXTURE,2.0,0
41-2031,25-44,0.4240963855421687,FIXTURE,2.0,0
41-2031,45-54,0.1927710843373494,FIXTURE,2.0,0
41-2031,55+,0.22650602409638554,FIXTURE,2.0,0
41-3011,16-24,0.07894736842105263,FIXTURE,4.0,0
41-3011,25-44,0.4631578947368421,FIXTURE,4.0,0
41-3011,45-54,0.2105263157894737,FIXTURE,4.0,0
41-3011,55+,0.24736842105263157,FIXTURE,4.0,0
41-3021,16-24,0.07894736842105263,FIXTURE,4.0,0
41-3021,25-44,0.4631578947368421,FIXTURE,4.0,0
41-3021,45-54,0.2105263157894737,FIXTURE,4.0,0
41-3021,55+,0.24736842105263157,FIXTURE,4.0,0
41-3031,16-24,0.07894736842105263,FIXTURE,4.0,0
41-3031,25-44,0.4631578947368421,FIXTURE,4.0,0
41-3031,45-54,0.2105263157894737,FIXTURE,4.0,0
41-3031,55+,0.24736842105263157,FIXTURE,4.0,0
41-3041,16-24,0.12500000000000003,FIXTURE,3.0,0
41-3041,25-44,0.44000000000000006,FIXTURE,3.0,0
41-3041,45-54,0.20000000000000004,FIXTURE,3.0,0
41-3041,55+,0.23500000000000001,FIXTURE,3.0,0
41-3091,16-24,0.13735475127856003,FIXTURE,2.4999548657608353,1
41-3091,25-44,0.43378732507135265,FIXTURE,2.4999548657608353,1
41-3091,45-54,0.19717605685061484,FIXTURE,2.4999548657608353,1
41-3091,55+,0.23168186679947242,FIXTURE,2.4999548657608353,1
41-4011,16-24,0.07894736842105263,FIXTURE,4.0,0
41-4011,25-44,0.4631578947368421,FIXTURE,4.0,0
41-4011,45-54,0.2105263157894737,FIXTURE,4.0,0
41-4011,55+,0.24736842105263157,FIXTURE,4.0,0
41-4012,16-24,0.07894736842105263,FIXTURE,4.0,0
41-4012,25-44,0.4631578947368421,FIXTURE,4.0,0
41-4012,45-54,0.2105263157894737,FIXTURE,4.0,0
41-4012,55+,0.24736842105263157,FIXTURE,4.0,0
41-9011,16-24,0.15662650602409642,FIXTURE,2.0,0
41-9011,25-44,0.4240963855421687,FIXTURE,2.0,0
41-9011,45-54,0.1927710843373494,FIXTURE,2.0,0
41-9011,55+,0.22650602409638554,FIXTURE,2.0,0
41-9012,16-24,0.15662650602409642,FIXTURE,2.0,0
41-9012,25-44,0.4240963855421687,FIXTURE,2.0,0
41-9012,45-54,0.1927710843373494,FIXTURE,2.0,0
41-9012,55+,0.22650602409638554,FIXTURE,2.0,0
41-9021,16-24,0.07894736842105263,FIXTURE,4.0,0
41-9021,25-44,0.4631578947368421,FIXTURE,4.0,0
41-9021,45-54,0.2105263157894737,FIXTURE,4.0,0
41-9021,55+,0.24736842105263157,FIXTURE,4.0,0
41-9022,16-24,0.12500000000000003,FIXTURE,3.0,0
41-9022,25-44,0.44000000000000006,FIXTURE,3.0,0
41-9022,45-54,0.20000000000000004,FIXTURE,3.0,0
41-9022,55+,0.23500000000000001,FIXTURE,3.0,0
41-9031,16-24,0.07894736842105263,FIXTURE,4.0,0
41-9031,25-44,0.4631578947368421,FIXTURE,4.0,0
41-9031,45-54,0.2105263157894737,FIXTURE,4.0,0
41-9031,55+,0.24736842105263157,FIXTURE,4.0,0
41-9041,16-24,0.15662650602409642,FIXTURE,2.0,0
41-9041,25-44,0.4240963855421687,FIXTURE,2.0,0
41-9041,45-54,0.1927710843373494,FIXTURE,2.0,0
41-9041,55+,0.22650602409638554,FIXTURE,2.0,0
41-9091,16-24,0.186046511627907,FIXTURE,1.0,0
41-9091,25-44,0.40930232558139534,FIXTURE,1.0,0
41-9091,45-54,0.186046511627907,FIXTURE,1.0,0
41-9091,55+,0.21860465116279068,FIXTURE,1.0,0
41-9099,16-24,0.13735475127856003,FIXTURE,2.4999548657608353,1
41-9099,25-44,0.43378732507135265,FIXTURE,2.4999548657608353,1
41-9099,45-54,0.19717605685061484,FIXTURE,2.4999548657608353,1
41-9099,55+,0.23168186679947242,FIXTURE,2.4999548657608353,1
43-1011,16-24,0.12500000000000003,FIXTURE,3.0,0
43-1011,25-44,0.44000000000000006,FIXTURE,3.0,0
43-1011,45-54,0.20000000000000004,FIXTURE,3.0,0
43-1011,55+,0.23500000000000001,FIXTURE,3.0,0
43-2011,16-24,0.15662650602409642,FIXTURE,2.0,0
43-2011,25-44,0.4240963855421687,FIXTURE,2.0,0
43-2011,45-54,0.1927710843373494,FIXTURE,2.0,0
43-2011,55+,0.22650602409638554,FIXTURE,2.0,0
43-2021,16-24,0.15662650602409642,FIXTURE,2.0,0
43-2021,25-44,0.4240963855421687,FIXTURE,2.0,0
43-2021,45-54,0.1927710843373494,FIXTURE,2.0,0
43-2021,55+,0.22650602409638554,FIXTURE,2.0,0
43-2099,16-24,0.1483293507745262,FIXTURE,2.2621044527946568,1
43-2099,25-44,0.4282686693248097,FIXTURE,2.2621044527946568,1
43-2099,45-54,0.1946675769658226,FIXTURE,2.2621044527946568,1
43-2099,55+,0.22873440293484154,FIXTURE,2.2621044527946568,1
43-3011,16-24,0.15662650602409642,FIXTURE,2.0,0
43-3011,25-44,0.4240963855421687,FIXTURE,2.0,0
43-3011,45-54,0.1927710843373494,FIXTURE,2.0,0
43-3011,55+,0.22650602409638554,FIXTURE,2.0,0
43-3021,16-24,0.15662650602409642,FIXTURE,2.0,0
43-3021,25-44,0.4240963855421687,FIXTURE,2.0,0
43-3021,45-54,0.1927710843373494,FIXTURE,2.0,0
43-3021,55+,0.22650602409638554,FIXTURE,2.0,0
43-3031,16-24,0.12500000000000003,FIXTURE,3.0,0
43-3031,25-44,0.44000000000000006,FIXTURE,3.0,0
43-3031,45-54,0.20000000000000004,FIXTURE,3.0,0
43-3031,55+,0.23500000000000001,FIXTURE,3.0,0
43-3041,16-24,0.15662650602409642,FIXTURE,2.0,0
43-3041,25-44,0.4240963855421687,FIXTURE,2.0,0
43-3041,45-54,0.1927710843373494,FIXTURE,2.0,0
43-3041,55+,0.22650602409638554,FIXTURE,2.0,0
43-3051,16-24,0.15662650602409642,FIXTURE,2.0,0
43-3051,25-44,0.4240963855421687,FIXTURE,2.0,0
43-3051,45-54,0.1927710843373494,FIXTURE,2.0,0
43-3051,55+,0.22650602409638554,FIXTURE,2.0,0
43-3061,16-24,0.12500000000000003,FIXTURE,3.0,0
43-3061,25-44,0.44000000000000006,FIXTURE,3.0,0
43-3061,45-54,0.20000000000000004,FIXTURE,3.0,0
43-3061,55+,0.23500000000000001,FIXTURE,3.0,0
43-3071,16-24,0.15662650602409642,FIXTURE,2.0,0
43-3071,25-44,0.4240963855421687,FIXTURE,2.0,0
43-3071,45-54,0.1927710843373494,FIXTURE,2.0,0
43-3071,55+,0.22650602409638554,FIXTURE,2.0,0
43-3099,16-24,0.1483293507745262,FIXTURE,2.2621044527946568,1
43-3099,25-44,0.4282686693248097,FIXTURE,2.2621044527946568,1
43-3099,45-54,0.1946675769658226,FIXTURE,2.2621044527946568,1
43-3099,55+,0.22873440293484154,FIXTURE,2.2621044527946568,1
43-4011,16-24,0.12500000000000003,FIXTURE,3.0,0
43-4011,25-44,0.44000000000000006,FIXTURE,3.0,0
43-4011,45-54,0.20000000000000004,FIXTURE,3.0,0
43-4011,55+,0.23500000000000001,FIXTURE,3.0,0
43-4021,16-24,0.15662650602409642,FIXTURE,2.0,0
43-4021,25-44,0.4240963855421687,FIXTURE,2.0,0
43-4021,45-54,0.1927710843373494,FIXTURE,2.0,0
43-4021,55+,0.22650602409638554,FIXTURE,2.0,0
43-4031,16-24,0.15662650602409642,FIXTURE,2.0,0
43-4031,25-44,0.4240963855421687,FIXTURE,2.0,0
43-4031,45-54,0.1927710843373494,FIXTURE,2.0,0
43-4031,55+,0.22650602409638554,FIXTURE,2.0,0
43-4041,16-24,0.15662650602409642,FIXTURE,2.0,0
43-4041,25-44,0.4240963855421687,FIXTURE,2.0,0
43-4041,45-54,0.1927710843373494,FIXTURE,2.0,0
43-4041,55+,0.22650602409638554,FIXTURE,2.0,0
43-4051,16-24,0.15662650602409642,FIXTURE,2.0,0
43-4051,25-44,0.4240963855421687,FIXTURE,2.0,0
43-4051,45-54,0.1927710843373494,FIXTURE,2.0,0
43-4051,55+,0.22650602409638554,FIXTURE,2.0,0
43-4061,16-24,0.12500000000000003,FIXTURE,3.0,0
43-4061,25-44,0.44000000000000006,FIXTURE,3.0,0
43-4061,45-54,0.20000000000000004,FIXTURE,3.0,0
43-4061,55+,0.23500000000000001,FIXTURE,3.0,0
43-4071,16-24,0.15662650602409642,FIXTURE,2.0,0
43-4071,25-44,0.4240963855421687,FIXTURE,2.0,0
43-4071,45-54,0.1927710843373494,FIXTURE,2.0,0
43-4071,55+,0.22650602409638554,FIXTURE,2.0,0
43-4081,16-24,0.15662650602409642,FIXTURE,2.0,0
43-4081,25-44,0.4240963855421687,FIXTURE,2.0,0
43-4081,45-54,0.1927710843373494,FIXTURE,2.0,0
43-4081,55+,0.22650602409638554,FIXTURE,2.0,0
43-4111,16-24,0.12500000000000003,FIXTURE,3.0,0
43-4111,25-44,0.44000000000000006,FIXTURE,3.0,0
43-4111,45-54,0.20000000000000004,FIXTURE,3.0,0
43-4111,55+,0.23500000000000001,FIXTURE,3.0,0
43-4121,16-24,0.15662650602409642,FIXTURE,2.0,0
43-4121,25-44,0.4240963855421687,FIXTURE,2.0,0
43-4121,45-54,0.1927710843373494,FIXTURE,2.0,0
43-4121,55+,0.22650602409638554,FIXTURE,2.0,0
43-4131,16-24,0.12500000000000003,FIXTURE,3.0,0
43-4131,25-44,0.44000000000000006,FIXTURE,3.0,0
43-4131,45-54,0.20000000000000004,FIXTURE,3.0,0
43-4131,55+,0.23500000000000001,FIXTURE,3.0,0
43-4141,16-24,0.12500000000000003,FIXTURE,3.0,0
43-4141,25-44,0.44000000000000006,FIXTURE,3.0,0
43-4141,45-54,0.20000000000000004,FIXTURE,3.0,0
43-4141,55+,0.23500000000000001,FIXTURE,3.0,0
43-4151,16-24,0.15662650602409642,FIXTURE,2.0,0
43-4151,25-44,0.4240963855421687,FIXTURE,2.0,0
43-4151,45-54,0.1927710843373494,FIXTURE,2.0,0
43-4151,55+,0.22650602409638554,FIXTURE,2.0,0
43-4161,16-24,0.12500000000000003,FIXTURE,3.0,0
43-4161,25-44,0.44000000000000006,FIXTURE,3.0,0
43-4161,45-54,0.20000000000000004,FIXTURE,3.0,0
43-4161,55+,0.23500000000000001,FIXTURE,3.0,0
43-4171,16-24,0.15662650602409642,FIXTURE,2.0,0
43-4171,25-44,0.4240963855421687,FIXTURE,2.0,0
43-4171,45-54,0.1927710843373494,FIXTURE,2.0,0
43-4171,55+,0.22650602409638554,FIXTURE,2.0,0
43-4181,16-24,0.15662650602409642,FIXTURE,2.0,0
43-4181,25-44,0.4240963855421687,FIXTURE,2.0,0
43-4181,45-54,0.1927710843373494,FIXTURE,2.0,0
43-4181,55+,0.22650602409638554,FIXTURE,2.0,0
43-4199,16-24,0.1483293507745262,FIXTURE,2.2621044527946568,1
43-4199,25-44,0.4282686693248097,FIXTURE,2.2621044527946568,1
43-4199,45-54,0.1946675769658226,FIXTURE,2.2621044527946568,1
43-4199,55+,0.22873440293484154,FIXTURE,2.2621044527946568,1
43-5011,16-24,0.14608433734939757,FIXTURE,2.333333333333333,0
43-5011,25-44,0.42939759036144576,FIXTURE,2.333333333333333,0
43-5011,45-54,0.19518072289156627,FIXTURE,2.333333333333333,0
43-5011,55+,0.22933734939759035,FIXTURE,2.333333333333333,0
43-5021,16-24,0.15662650602409642,FIXTURE,2.0,0
43-5021,25-44,0.4240963855421687,FIXTURE,2.0,0
43-5021,45-54,0.1927710843373494,FIXTURE,2.0,0
43-5021,55+,0.22650602409638554,FIXTURE,2.0,0
43-5031,16-24,0.15662650602409642,FIXTURE,2.0,0
43-5031,25-44,0.4240963855421687,FIXTURE,2.0,0
43-5031,45-54,0.1927710843373494,FIXTURE,2.0,0
43-5031,55+,0.22650602409638554,FIXTURE,2.0,0
43-5032,16-24,0.15662650602409642,FIXTURE,2.0,0
43-5032,25-44,0.4240963855421687,FIXTURE,2.0,0
43-5032,45-54,0.1927710843373494,FIXTURE,2.0,0
43-5032,55+,0.22650602409638554,FIXTURE,2.0,0
43-5041,16-24,0.15662650602409642,FIXTURE,2.0,0
43-5041,25-44,0.4240963855421687,FIXTURE,2.0,0
43-5041,45-54,0.1927710843373494,FIXTURE,2.0,0
43-5041,55+,0.22650602409638554,FIXTURE,2.0,0
43-5051,16-24,0.15662650602409642,FIXTURE,2.0,0
43-5051,25-44,0.4240963855421687,FIXTURE,2.0,0
43-5051,45-54,0.1927710843373494,FIXTURE,2.0,0
43-5051,55+,0.22650602409638554,FIXTURE,2.0,0
43-5052,16-24,0.15662650602409642,FIXTURE,2.0,0
43-5052,25-44,0.4240963855421687,FIXTURE,2.0,0
43-5052,45-54,0.1927710843373494,FIXTURE,2.0,0
43-5052,55+,0.22650602409638554,FIXTURE,2.0,0
43-5053,16-24,0.15662650602409642,FIXTURE,2.0,0
43-5053,25-44,0.4240963855421687,FIXTURE,2.0,0
43-5053,45-54,0.1927710843373494,FIXTURE,2.0,0
43-5053,55+,0.22650602409638554,FIXTURE,2.0,0
43-5061,16-24,0.12500000000000003,FIXTURE,3.0,0
43-5061,25-44,0.44000000000000006,FIXTURE,3.0,0
43-5061,45-54,0.20000000000000004,FIXTURE,3.0,0
43-5061,55+,0.23500000000000001,FIXTURE,3.0,0
43-5071,16-24,0.15662650602409642,FIXTURE,2.0,0
43-5071,25-44,0.4240963855421687,FIXTURE,2.0,0
43-5071,45-54,0.1927710843373494,FIXTURE,2.0,0
43-5071,55+,0.22650602409638554,FIXTURE,2.0,0
43-5111,16-24,0.15662650602409642,FIXTURE,2.0,0
43-5111,25-44,0.4240963855421687,FIXTURE,2.0,0
43-5111,45-54,0.1927710843373494,FIXTURE,2.0,0
43-5111,55+,0.22650602409638554,FIXTURE,2.0,0
43-6011,16-24,0.12500000000000003,FIXTURE,3.0,0
43-6011,25-44,0.44000000000000006,FIXTURE,3.0,0
43-6011,45-54,0.20000000000000004,FIXTURE,3.0,0
43-6011,55+,0.23500000000000001,FIXTURE,3.0,0
43-6012,16-24,0.12500000000000003,FIXTURE,3.0,0
43-6012,25-44,0.44000000000000006,FIXTURE,3.0,0
43-6012,45-54,0.20000000000000004,FIXTURE,3.0,0
43-6012,55+,0.23500000000000001,FIXTURE,3.0,0
43-6013,16-24,0.15662650602409642,FIXTURE,2.0,0
43-6013,25-44,0.4240963855421687,FIXTURE,2.0,0
43-6013,45-54,0.1927710843373494,FIXTURE,2.0,0
43-6013,55+,0.22650602409638554,FIXTURE,2.0,0
43-6014,16-24,0.15662650602409642,FIXTURE,2.0,0
43-6014,25-44,0.4240963855421687,FIXTURE,2.0,0
43-6014,45-54,0.1927710843373494,FIXTURE,2.0,0
43-6014,55+,0.22650602409638554,FIXTURE,2.0,0
43-9021,16-24,0.15662650602409642,FIXTURE,2.0,0
43-9021,25-44,0.4240963855421687,FIXTURE,2.0,0
43-9021,45-54,0.1927710843373494,FIXTURE,2.0,0
43-9021,55+,0.22650602409638554,FIXTURE,2.0,0
43-9022,16-24,0.15662650602409642,FIXTURE,2.0,0
43-9022,25-44,0.4240963855421687,FIXTURE,2.0,0
43-9022,45-54,0.1927710843373494,FIXTURE,2.0,0
43-9022,55+,0.22650602409638554,FIXTURE,2.0,0
43-9031,16-24,0.12500000000000003,FIXTURE,3.0,0
43-9031,25-44,0.44000000000000006,FIXTURE,3.0,0
43-9031,45-54,0.20000000000000004,FIXTURE,3.0,0
43-9031,55+,0.23500000000000001,FIXTURE,3.0,0
43-9041,16-24,0.15662650602409642,FIXTURE,2.0,0
43-9041,25-44,0.4240963855421687,FIXTURE,2.0,0
43-9041,45-54,0.1927710843373494,FIXTURE,2.0,0
43-9041,55+,0.22650602409638554,FIXTURE,2.0,0
43-9051,16-24,0.15662650602409642,FIXTURE,2.0,0
43-9051,25-44,0.4240963855421687,FIXTURE,2.0,0
43-9051,45-54,0.1927710843373494,FIXTURE,2.0,0
43-9051,55+,0.22650602409638554,FIXTURE,2.0,0
43-9061,16-24,0.15662650602409642,FIXTURE,2.0,0
43-9061,25-44,0.4240963855421687,FIXTURE,2.0,0
43-9061,45-54,0.1927710843373494,FIXTURE,2.0,0
43-9061,55+,0.22650602409638554,FIXTURE,2.0,0
43-9071,16-24,0.15662650602409642,FIXTURE,2.0,0
43-9071,25-44,0.4240963855421687,FIXTURE,2.0,0
43-9071,45-54,0.1927710843373494,FIXTURE,2.0,0
43-9071,55+,0.22650602409638554,FIXTURE,2.0,0
43-9081,16-24,0.07894736842105263,FIXTURE,4.0,0
43-9081,25-44,0.4631578947368421,FIXTURE,4.0,0
43-9081,45-54,0.2105263157894737,FIXTURE,4.0,0
43-9081,55+,0.24736842105263157,FIXTURE,4.0,0
43-9111,16-24,0.07894736842105263,FIXTURE,4.0,0
43-9111,25-44,0.4631578947368421,FIXTURE,4.0,0
43-9111,45-54,0.2105263157894737,FIXTURE,4.0,0
43-9111,55+,0.24736842105263157,FIXTURE,4.0,0
43-9199,16-24,0.1483293507745262,FIXTURE,2.2621044527946568,1
43-9199,25-44,0.4282686693248097,FIXTURE,2.2621044527946568,1
43-9199,45-54,0.1946675769658226,FIXTURE,2.2621044527946568,1
43-9199,55+,0.22873440293484154,FIXTURE,2.2621044527946568,1
45-1011,16-24,0.12500000000000003,FIXTURE,3.0,0
45-1011,25-44,0.44000000000000006,FIXTURE,3.0,0
45-1011,45-54,0.20000000000000004,FIXTURE,3.0,0
45-1011,55+,0.23500000000000001,FIXTURE,3.0,0
45-2011,16-24,0.15662650602409642,FIXTURE,2.0,0
45-2011,25-44,0.4240963855421687,FIXTURE,2.0,0
45-2011,45-54,0.1927710843373494,FIXTURE,2.0,0
45-2011,55+,0.22650602409638554,FIXTURE,2.0,0
45-2021,16-24,0.15662650602409642,FIXTURE,2.0,0
45-2021,25-44,0.4240963855421687,FIXTURE,2.0,0
45-2021,45-54,0.1927710843373494,FIXTURE,2.0,0
45-2021,55+,0.22650602409638554,FIXTURE,2.0,0
45-2041,16-24,0.186046511627907,FIXTURE,1.0,0
45-2041,25-44,0.40930232558139534,FIXTURE,1.0,0
45-2041,45-54,0.186046511627907,FIXTURE,1.0,0
45-2041,55+,0.21860465116279068,FIXTURE,1.0,0
45-2091,16-24,0.186046511627907,FIXTURE,1.0,0
45-2091,25-44,0.40930232558139534,FIXTURE,1.0,0
45-2091,45-54,0.186046511627907,FIXTURE,1.0,0
45-2091,55+,0.21860465116279068,FIXTURE,1.0,0
45-2092,16-24,0.186046511627907,FIXTURE,1.0,0
45-2092,25-44,0.40930232558139534,FIXTURE,1.0,0
45-2092,45-54,0.186046511627907,FIXTURE,1.0,0
45-2092,55+,0.21860465116279068,FIXTURE,1.0,0
45-2093,16-24,0.15662650602409642,FIXTURE,2.0,0
45-2093,25-44,0.4240963855421687,FIXTURE,2.0,0
45-2093,45-54,0.1927710843373494,FIXTURE,2.0,0
45-2093,55+,0.22650602409638554,FIXTURE,2.0,0
45-2099,16-24,0.17766690195486778,FIXTURE,1.2788811188811189,1
45-2099,25-44,0.41351607215983793,FIXTURE,1.2788811188811189,1
45-2099,45-54,0.18796185098174453,FIXTURE,1.2788811188811189,1
45-2099,55+,0.22085517490354978,FIXTURE,1.2788811188811189,1
45-4011,16-24,0.12500000000000003,FIXTURE,3.0,0
45-4011,25-44,0.44000000000000006,FIXTURE,3.0,0
45-4011,45-54,0.20000000000000004,FIXTURE,3.0,0
45-4011,55+,0.23500000000000001,FIXTURE,3.0,0
45-4021,16-24,0.186046511627907,FIXTURE,1.0,0
45-4021,25-44,0.40930232558139534,FIXTURE,1.0,0
45-4021,45-54,0.186046511627907,FIXTURE,1.0,0
45-4021,55+,0.21860465116279068,FIXTURE,1.0,0
45-4022,16-24,0.186046511627907,FIXTURE,1.0,0
45-4022,25-44,0.40930232558139534,FIXTURE,1.0,0
45-4022,45-54,0.186046511627907,FIXTURE,1.0,0
45-4022,55+,0.21860465116279068,FIXTURE,1.0,0
45-4023,16-24,0.15662650602409642,FIXTURE,2.0,0
45-4023,25-44,0.4240963855421687,FIXTURE,2.0,0
45-4023,45-54,0.1927710843373494,FIXTURE,2.0,0
45-4023,55+,0.22650602409638554,FIXTURE,2.0,0
45-4029,16-24,0.17766690195486778,FIXTURE,1.2788811188811189,1
45-4029,25-44,0.41351607215983793,FIXTURE,1.2788811188811189,1
45-4029,45-54,0.18796185098174453,FIXTURE,1.2788811188811189,1
45-4029,55+,0.22085517490354978,FIXTURE,1.2788811188811189,1
47-1011,16-24,0.12500000000000003,FIXTURE,3.0,0
47-1011,25-44,0.44000000000000006,FIXTURE,3.0,0
47-1011,45-54,0.20000000000000004,FIXTURE,3.0,0
47-1011,55+,0.23500000000000001,FIXTURE,3.0,0
47-2011,16-24,0.12500000000000003,FIXTURE,3.0,0
47-2011,25-44,0.44000000000000006,FIXTURE,3.0,0
47-2011,45-54,0.20000000000000004,FIXTURE,3.0,0
47-2011,55+,0.23500000000000001,FIXTURE,3.0,0
47-2021,16-24,0.15662650602409642,FIXTURE,2.0,0
47-2021,25-44,0.4240963855421687,FIXTURE,2.0,0
47-2021,45-54,0.1927710843373494,FIXTURE,2.0,0
47-2021,55+,0.22650602409638554,FIXTURE,2.0,0
47-2022,16-24,0.12500000000000003,FIXTURE,3.0,0
47-2022,25-44,0.44000000000000006,FIXTURE,3.0,0
47-2022,45-54,0.20000000000000004,FIXTURE,3.0,0
47-2022,55+,0.23500000000000001,FIXTURE,3.0,0
47-2031,16-24,0.15662650602409642,FIXTURE,2.0,0
47-2031,25-44,0.4240963855421687,FIXTURE,2.0,0
47-2031,45-54,0.1927710843373494,FIXTURE,2.0,0
47-2031,55+,0.22650602409638554,FIXTURE,2.0,0
47-2041,16-24,0.15662650602409642,FIXTURE,2.0,0
47-2041,25-44,0.4240963855421687,FIXTURE,2.0,0
47-2041,45-54,0.1927710843373494,FIXTURE,2.0,0
47-2041,55+,0.22650602409638554,FIXTURE,2.0,0
47-2042,16-24,0.15662650602409642,FIXTURE,2.0,0
47-2042,25-44,0.4240963855421687,FIXTURE,2.0,0
47-2042,45-54,0.1927710843373494,FIXTURE,2.0,0
47-2042,55+,0.22650602409638554,FIXTURE,2.0,0
47-2043,16-24,0.186046511627907,FIXTURE,1.0,0
47-2043,25-44,0.40930232558139534,FIXTURE,1.0,0
47-2043,45-54,0.186046511627907,FIXTURE,1.0,0
47-2043,55+,0.21860465116279068,FIXTURE,1.0,0
47-2044,16-24,0.15662650602409642,FIXTURE,2.0,0
47-2044,25-44,0.4240963855421687,FIXTURE,2.0,0
47-2044,45-54,0.1927710843373494,FIXTURE,2.0,0
47-2044,55+,0.22650602409638554,FIXTURE,2.0,0
47-2051,16-24,0.186046511627907,FIXTURE,1.0,0
47-2051,25-44,0.40930232558139534,FIXTURE,1.0,0
47-2051,45-54,0.186046511627907,FIXTURE,1.0,0
47-2051,55+,0.21860465116279068,FIXTURE,1.0,0
47-2053,16-24,0.15662650602409642,FIXTURE,2.0,0
47-2053,25-44,0.4240963855421687,FIXTURE,2.0,0
47-2053,45-54,0.1927710843373494,FIXTURE,2.0,0
47-2053,55+,0.22650602409638554,FIXTURE,2.0,0
47-2061,16-24,0.15662650602409642,FIXTURE,2.0,0
47-2061,25-44,0.4240963855421687,FIXTURE,2.0,0
47-2061,45-54,0.1927710843373494,FIXTURE,2.0,0
47-2061,55+,0.22650602409638554,FIXTURE,2.0,0
47-2071,16-24,0.15662650602409642,FIXTURE,2.0,0
47-2071,25-44,0.4240963855421687,FIXTURE,2.0,0
47-2071,45-54,0.1927710843373494,FIXTURE,2.0,0
47-2071,55+,0.22650602409638554,FIXTURE,2.0,0
47-2072,16-24,0.15662650602409642,FIXTURE,2.0,0
47-2072,25-44,0.4240963855421687,FIXTURE,2.0,0
47-2072,45-54,0.1927710843373494,FIXTURE,2.0,0
47-2072,55+,0.22650602409638554,FIXTURE,2.0,0
47-2073,16-24,0.15662650602409642,FIXTURE,2.0,0
47-2073,25-44,0.4240963855421687,FIXTURE,2.0,0
47-2073,45-54,0.1927710843373494,FIXTURE,2.0,0
47-2073,55+,0.22650602409638554,FIXTURE,2.0,0
47-2081,16-24,0.15662650602409642,FIXTURE,2.0,0
47-2081,25-44,0.4240963855421687,FIXTURE,2.0,0
47-2081,45-54,0.1927710843373494,FIXTURE,2.0,0
47-2081,55+,0.22650602409638554,FIXTURE,2.0,0
47-2082,16-24,0.15662650602409642,FIXTURE,2.0,0
47-2082,25-44,0.4240963855421687,FIXTURE,2.0,0
47-2082,45-54,0.1927710843373494,FIXTURE,2.0,0
47-2082,55+,0.22650602409638554,FIXTURE,2.0,0
47-2111,16-24,0.12500000000000003,FIXTURE,3.0,0
47-2111,25-44,0.44000000000000006,FIXTURE,3.0,0
47-2111,45-54,0.20000000000000004,FIXTURE,3.0,0
47-2111,55+,0.23500000000000001,FIXTURE,3.0,0
47-2121,16-24,0.15662650602409642,FIXTURE,2.0,0
47-2121,25-44,0.4240963855421687,FIXTURE,2.0,0
47-2121,45-54,0.1927710843373494,FIXTURE,2.0,0
47-2121,55+,0.22650602409638554,FIXTURE,2.0,0
47-2131,16-24,0.15662650602409642,FIXTURE,2.0,0
47-2131,25-44,0.4240963855421687,FIXTURE,2.0,0
47-2131,45-54,0.1927710843373494,FIXTURE,2.0,0
47-2131,55+,0.22650602409638554,FIXTURE,2.0,0
47-2132,16-24,0.15662650602409642,FIXTURE,2.0,0
47-2132,25-44,0.4240963855421687,FIXTURE,2.0,0
47-2132,45-54,0.1927710843373494,FIXTURE,2.0,0
47-2132,55+,0.22650602409638554,FIXTURE,2.0,0
47-2141,16-24,0.15662650602409642,FIXTURE,2.0,0
47-2141,25-44,0.4240963855421687,FIXTURE,2.0,0
47-2141,45-54,0.1927710843373494,FIXTURE,2.0,0
47-2141,55+,0.22650602409638554,FIXTURE,2.0,0
47-2142,16-24,0.15662650602409642,FIXTURE,2.0,0
47-2142,25-44,0.4240963855421687,FIXTURE,2.0,0
47-2142,45-54,0.1927710843373494,FIXTURE,2.0,0
47-2142,55+,0.22650602409638554,FIXTURE,2.0,0
47-2151,16-24,0.15662650602409642,FIXTURE,2.0,0
47-2151,25-44,0.4240963855421687,FIXTURE,2.0,0
47-2151,45-54,0.1927710843373494,FIXTURE,2.0,0
47-2151,55+,0.22650602409638554,FIXTURE,2.0,0
47-2152,16-24,0.12500000000000003,FIXTURE,3.0,0
47-2152,25-44,0.44000000000000006,FIXTURE,3.0,0
47-2152,45-54,0.20000000000000004,FIXTURE,3.0,0
47-2152,55+,0.23500000000000001,FIXTURE,3.0,0
47-2161,16-24,0.186046511627907,FIXTURE,1.0,0
47-2161,25-44,0.40930232558139534,FIXTURE,1.0,0
47-2161,45-54,0.186046511627907,FIXTURE,1.0,0
47-2161,55+,0.21860465116279068,FIXTURE,1.0,0
47-2171,16-24,0.15662650602409642,FIXTURE,2.0,0
47-2171,25-44,0.4240963855421687,FIXTURE,2.0,0
47-2171,45-54,0.1927710843373494,FIXTURE,2.0,0
47-2171,55+,0.22650602409638554,FIXTURE,2.0,0
47-2181,16-24,0.15662650602409642,FIXTURE,2.0,0
47-2181,25-44,0.4240963855421687,FIXTURE,2.0,0
47-2181,45-54,0.1927710843373494,FIXTURE,2.0,0
47-2181,55+,0.22650602409638554,FIXTURE,2.0,0
47-2211,16-24,0.15662650602409642,FIXTURE,2.0,0
47-2211,25-44,0.4240963855421687,FIXTURE,2.0,0
47-2211,45-54,0.1927710843373494,FIXTURE,2.0,0
47-2211,55+,0.22650602409638554,FIXTURE,2.0,0
47-2221,16-24,0.15662650602409642,FIXTURE,2.0,0
47-2221,25-44,0.4240963855421687,FIXTURE,2.0,0
47-2221,45-54,0.1927710843373494,FIXTURE,2.0,0
47-2221,55+,0.22650602409638554,FIXTURE,2.0,0
47-2231,16-24,0.14081325301204822,FIXTURE,2.5,0
47-2231,25-44,0.43204819277108436,FIXTURE,2.5,0
47-2231,45-54,0.19638554216867474,FIXTURE,2.5,0
47-2231,55+,0.2307530120481928,FIXTURE,2.5,0
47-3011,16-24,0.15662650602409642,FIXTURE,2.0,0
47-3011,25-44,0.4240963855421687,FIXTURE,2.0,0
47-3011,45-54,0.1927710843373494,FIXTURE,2.0,0
47-3011,55+,0.22650602409638554,FIXTURE,2.0,0
47-3012,16-24,0.15662650602409642,FIXTURE,2.0,0
47-3012,25-44,0.4240963855421687,FIXTURE,2.0,0
47-3012,45-54,0.1927710843373494,FIXTURE,2.0,0
47-3012,55+,0.22650602409638554,FIXTURE,2.0,0
47-3013,16-24,0.15662650602409642,FIXTURE,2.0,0
47-3013,25-44,0.4240963855421687,FIXTURE,2.0,0
47-3013,45-54,0.1927710843373494,FIXTURE,2.0,0
47-3013,55+,0.22650602409638554,FIXTURE,2.0,0
47-3014,16-24,0.186046511627907,FIXTURE,1.0,0
47-3014,25-44,0.40930232558139534,FIXTURE,1.0,0
47-3014,45-54,0.186046511627907,FIXTURE,1.0,0
47-3014,55+,0.21860465116279068,FIXTURE,1.0,0
47-3015,16-24,0.15662650602409642,FIXTURE,2.0,0
47-3015,25-44,0.4240963855421687,FIXTURE,2.0,0
47-3015,45-54,0.1927710843373494,FIXTURE,2.0,0
47-3015,55+,0.22650602409638554,FIXTURE,2.0,0
47-3016,16-24,0.15662650602409642,FIXTURE,2.0,0
47-3016,25-44,0.4240963855421687,FIXTURE,2.0,0
47-3016,45-54,0.1927710843373494,FIXTURE,2.0,0
47-3016,55+,0.22650602409638554,FIXTURE,2.0,0
47-3019,16-24,0.14674732865757856,FIXTURE,2.308793509058936,1
47-3019,25-44,0.42906420044647475,FIXTURE,2.308793509058936,1
47-3019,45-54,0.1950291820211249,FIXTURE,2.308793509058936,1
47-3019,55+,0.22915928887482176,FIXTURE,2.308793509058936,1
47-4011,16-24,0.12500000000000003,FIXTURE,3.0,0
47-4011,25-44,0.44000000000000006,FIXTURE,3.0,0
47-4011,45-54,0.20000000000000004,FIXTURE,3.0,0
47-4011,55+,0.23500000000000001,FIXTURE,3.0,0
47-4021,16-24,0.12500000000000003,FIXTURE,3.0,0
47-4021,25-44,0.44000000000000006,FIXTURE,3.0,0
47-4021,45-54,0.20000000000000004,FIXTURE,3.0,0
47-4021,55+,0.23500000000000001,FIXTURE,3.0,0
47-4031,16-24,0.15662650602409642,FIXTURE,2.0,0
47-4031,25-44,0.4240963855421687,FIXTURE,2.0,0
47-4031,45-54,0.1927710843373494,FIXTURE,2.0,0
47-4031,55+,0.22650602409638554,FIXTURE,2.0,0
47-4041,16-24,0.12500000000000003,FIXTURE,3.0,0
47-4041,25-44,0.44000000000000006,FIXTURE,3.0,0
47-4041,45-54,0.20000000000000004,FIXTURE,3.0,0
47-4041,55+,0.23500000000000001,FIXTURE,3.0,0
47-4051,16-24,0.15662650602409642,FIXTURE,2.0,0
47-4051,25-44,0.4240963855421687,FIXTURE,2.0,0
47-4051,45-54,0.1927710843373494,FIXTURE,2.0,0
47-4051,55+,0.22650602409638554,FIXTURE,2.0,0
47-4061,16-24,0.15662650602409642,FIXTURE,2.0,0
47-4061,25-44,0.4240963855421687,FIXTURE,2.0,0
47-4061,45-54,0.1927710843373494,FIXTURE,2.0,0
47-4061,55+,0.22650602409638554,FIXTURE,2.0,0
47-4071,16-24,0.186046511627907,FIXTURE,1.0,0
47-4071,25-44,0.40930232558139534,FIXTURE,1.0,0
47-4071,45-54,0.186046511627907,FIXTURE,1.0,0
47-4071,55+,0.21860465116279068,FIXTURE,1.0,0
47-4090,16-24,0.14674732865757856,FIXTURE,2.308793509058936,1
47-4090,25-44,0.42906420044647475,FIXTURE,2.308793509058936,1
47-4090,45-54,0.1950291820211249,FIXTURE,2.308793509058936,1
47-4090,55+,0.22915928887482176,FIXTURE,2.308793509058936,1
47-5011,16-24,0.186046511627907,FIXTURE,1.0,0
47-5011,25-44,0.40930232558139534,FIXTURE,1.0,0
47-5011,45-54,0.186046511627907,FIXTURE,1.0,0
47-5011,55+,0.21860465116279068,FIXTURE,1.0,0
47-5012,16-24,0.15662650602409642,FIXTURE,2.0,0
47-5012,25-44,0.4240963855421687,FIXTURE,2.0,0
47-5012,45-54,0.1927710843373494,FIXTURE,2.0,0
47-5012,55+,0.22650602409638554,FIXTURE,2.0,0
47-5013,16-24,0.15662650602409642,FIXTURE,2.0,0
47-5013,25-44,0.4240963855421687,FIXTURE,2.0,0
47-5013,45-54,0.1927710843373494,FIXTURE,2.0,0
47-5013,55+,0.22650602409638554,FIXTURE,2.0,0
47-5022,16-24,0.15662650602409642,FIXTURE,2.0,0
47-5022,25-44,0.4240963855421687,FIXTURE,2.0,0
47-5022,45-54,0.1927710843373494,FIXTURE,2.0,0
47-5022,55+,0.22650602409638554,FIXTURE,2.0,0
47-5023,16-24,0.15662650602409642,FIXTURE,2.0,0
47-5023,25-44,0.4240963855421687,FIXTURE,2.0,0
47-5023,45-54,0.1927710843373494,FIXTURE,2.0,0
47-5023,55+,0.22650602409638554,FIXTURE,2.0,0
47-5032,16-24,0.15662650602409642,FIXTURE,2.0,0
47-5032,25-44,0.4240963855421687,FIXTURE,2.0,0
47-5032,45-54,0.1927710843373494,FIXTURE,2.0,0
47-5032,55+,0.22650602409638554,FIXTURE,2.0,0
47-5041,16-24,0.15662650602409642,FIXTURE,2.0,0
47-5041,25-44,0.4240963855421687,FIXTURE,2.0,0
47-5041,45-54,0.1927710843373494,FIXTURE,2.0,0
47-5041,55+,0.22650602409638554,FIXTURE,2.0,0
47-5043,16-24,0.15662650602409642,FIXTURE,2.0,0
47-5043,25-44,0.4240963855421687,FIXTURE,2.0,0
47-5043,45-54,0.1927710843373494,FIXTURE,2.0,0
47-5043,55+,0.22650602409638554,FIXTURE,2.0,0
47-5044,16-24,0.15662650602409642,FIXTURE,2.0,0
47-5044,25-44,0.4240963855421687,FIXTURE,2.0,0
47-5044,45-54,0.1927710843373494,FIXTURE,2.0,0
47-5044,55+,0.22650602409638554,FIXTURE,2.0,0
47-5049,16-24,0.14674732865757856,FIXTURE,2.308793509058936,1
47-5049,25-44,0.42906420044647475,FIXTURE,2.308793509058936,1
47-5049,45-54,0.1950291820211249,FIXTURE,2.308793509058936,1
47-5049,55+,0.22915928887482176,FIXTURE,2.308793509058936,1
47-5051,16-24,0.186046511627907,FIXTURE,1.0,0
47-5051,25-44,0.40930232558139534,FIXTURE,1.0,0
47-5051,45-54,0.186046511627907,FIXTURE,1.0,0
47-5051,55+,0.21860465116279068,FIXTURE,1.0,0
47-5071,16-24,0.186046511627907,FIXTURE,1.0,0
47-5071,25-44,0.40930232558139534,FIXTURE,1.0,0
47-5071,45-54,0.186046511627907,FIXTURE,1.0,0
47-5071,55+,0.21860465116279068,FIXTURE,1.0,0
47-5081,16-24,0.15662650602409642,FIXTURE,2.0,0
47-5081,25-44,0.4240963855421687,FIXTURE,2.0,0
47-5081,45-54,0.1927710843373494,FIXTURE,2.0,0
47-5081,55+,0.22650602409638554,FIXTURE,2.0,0
47-5099,16-24,0.14674732865757856,FIXTURE,2.308793509058936,1
47-5099,25-44,0.42906420044647475,FIXTURE,2.308793509058936,1
47-5099,45-54,0.1950291820211249,FIXTURE,2.308793509058936,1
47-5099,55+,0.22915928887482176,FIXTURE,2.308793509058936,1
49-1011,16-24,0.12500000000000003,FIXTURE,3.0,0
49-1011,25-44,0.44000000000000006,FIXTURE,3.0,0
49-1011,45-54,0.20000000000000004,FIXTURE,3.0,0
49-1011,55+,0.23500000000000001,FIXTURE,3.0,0
49-2011,16-24,0.12500000000000003,FIXTURE,3.0,0
49-2011,25-44,0.44000000000000006,FIXTURE,3.0,0
49-2011,45-54,0.20000000000000004,FIXTURE,3.0,0
49-2011,55+,0.23500000000000001,FIXTURE,3.0,0
49-2021,16-24,0.12500000000000003,FIXTURE,3.0,0
49-2021,25-44,0.44000000000000006,FIXTURE,3.0,0
49-2021,45-54,0.20000000000000004,FIXTURE,3.0,0
49-2021,55+,0.23500000000000001,FIXTURE,3.0,0
49-2022,16-24,0.12500000000000003,FIXTURE,3.0,0
49-2022,25-44,0.44000000000000006,FIXTURE,3.0,0
49-2022,45-54,0.20000000000000004,FIXTURE,3.0,0
49-2022,55+,0.23500000000000001,FIXTURE,3.0,0
49-2091,16-24,0.12500000000000003,FIXTURE,3.0,0
49-2091,25-44,0.44000000000000006,FIXTURE,3.0,0
49-2091,45-54,0.20000000000000004,FIXTURE,3.0,0
49-2091,55+,0.23500000000000001,FIXTURE,3.0,0
49-2092,16-24,0.12500000000000003,FIXTURE,3.0,0
49-2092,25-44,0.44000000000000006,FIXTURE,3.0,0
49-2092,45-54,0.20000000000000004,FIXTURE,3.0,0
49-2092,55+,0.23500000000000001,FIXTURE,3.0,0
49-2093,16-24,0.12500000000000003,FIXTURE,3.0,0
49-2093,25-44,0.44000000000000006,FIXTURE,3.0,0
49-2093,45-54,0.20000000000000004,FIXTURE,3.0,0
49-2093,55+,0.23500000000000001,FIXTURE,3.0,0
49-2094,16-24,0.12500000000000003,FIXTURE,3.0,0
49-2094,25-44,0.44000000000000006,FIXTURE,3.0,0
49-2094,45-54,0.20000000000000004,FIXTURE,3.0,0
49-2094,55+,0.23500000000000001,FIXTURE,3.0,0
49-2095,16-24,0.12500000000000003,FIXTURE,3.0,0
49-2095,25-44,0.44000000000000006,FIXTURE,3.0,0
49-2095,45-54,0.20000000000000004,FIXTURE,3.0,0
49-2095,55+,0.23500000000000001,FIXTURE,3.0,0
49-2096,16-24,0.12500000000000003,FIXTURE,3.0,0
49-2096,25-44,0.44000000000000006,FIXTURE,3.0,0
49-2096,45-54,0.20000000000000004,FIXTURE,3.0,0
49-2096,55+,0.23500000000000001,FIXTURE,3.0,0
49-2097,16-24,0.12500000000000003,FIXTURE,3.0,0
49-2097,25-44,0.44000000000000006,FIXTURE,3.0,0
49-2097,45-54,0.20000000000000004,FIXTURE,3.0,0
49-2097,55+,0.23500000000000001,FIXTURE,3.0,0
49-2098,16-24,0.12500000000000003,FIXTURE,3.0,0
49-2098,25-44,0.44000000000000006,FIXTURE,3.0,0
49-2098,45-54,0.20000000000000004,FIXTURE,3.0,0
49-2098,55+,0.23500000000000001,FIXTURE,3.0,0
49-3011,16-24,0.12500000000000003,FIXTURE,3.0,0
49-3011,25-44,0.44000000000000006,FIXTURE,3.0,0
49-3011,45-54,0.20000000000000004,FIXTURE,3.0,0
49-3011,55+,0.23500000000000001,FIXTURE,3.0,0
49-3021,16-24,0.11778693722257451,FIXTURE,3.0,0
49-3021,25-44,0.4436271401395054,FIXTURE,3.0,0
49-3021,45-54,0.20164870006341154,FIXTURE,3.0,0
49-3021,55+,0.23693722257450855,FIXTURE,3.0,0
49-3022,16-24,0.15662650602409642,FIXTURE,2.0,0
49-3022,25-44,0.4240963855421687,FIXTURE,2.0,0
49-3022,45-54,0.1927710843373494,FIXTURE,2.0,0
49-3022,55+,0.22650602409638554,FIXTURE,2.0,0
49-3023,16-24,0.12500000000000003,FIXTURE,3.0,0
49-3023,25-44,0.44000000000000006,FIXTURE,3.0,0
49-3023,45-54,0.20000000000000004,FIXTURE,3.0,0
49-3023,55+,0.23500000000000001,FIXTURE,3.0,0
49-3031,16-24,0.12500000000000003,FIXTURE,3.0,0
49-3031,25-44,0.44000000000000006,FIXTURE,3.0,0
49-3031,45-54,0.20000000000000004,FIXTURE,3.0,0
49-3031,55+,0.23500000000000001,FIXTURE,3.0,0
49-3041,16-24,0.12500000000000003,FIXTURE,3.0,0
49-3041,25-44,0.44000000000000006,FIXTURE,3.0,0
49-3041,45-54,0.20000000000000004,FIXTURE,3.0,0
49-3041,55+,0.23500000000000001,FIXTURE,3.0,0
49-3042,16-24,0.12500000000000003,FIXTURE,3.0,0
49-3042,25-44,0.44000000000000006,FIXTURE,3.0,0
49-3042,45-54,0.20000000000000004,FIXTURE,3.0,0
49-3042,55+,0.23500000000000001,FIXTURE,3.0,0
49-3043,16-24,0.15662650602409642,FIXTURE,2.0,0
49-3043,25-44,0.4240963855421687,FIXTURE,2.0,0
49-3043,45-54,0.1927710843373494,FIXTURE,2.0,0
49-3043,55+,0.22650602409638554,FIXTURE,2.0,0
49-3051,16-24,0.12500000000000003,FIXTURE,3.0,0
49-3051,25-44,0.44000000000000006,FIXTURE,3.0,0
49-3051,45-54,0.20000000000000004,FIXTURE,3.0,0
49-3051,55+,0.23500000000000001,FIXTURE,3.0,0
49-3052,16-24,0.12500000000000003,FIXTURE,3.0,0
49-3052,25-44,0.44000000000000006,FIXTURE,3.0,0
49-3052,45-54,0.20000000000000004,FIXTURE,3.0,0
49-3052,55+,0.23500000000000001,FIXTURE,3.0,0
49-3053,16-24,0.15662650602409642,FIXTURE,2.0,0
49-3053,25-44,0.4240963855421687,FIXTURE,2.0,0
49-3053,45-54,0.1927710843373494,FIXTURE,2.0,0
49-3053,55+,0.22650602409638554,FIXTURE,2.0,0
49-3091,16-24,0.15662650602409642,FIXTURE,2.0,0
49-3091,25-44,0.4240963855421687,FIXTURE,2.0,0
49-3091,45-54,0.1927710843373494,FIXTURE,2.0,0
49-3091,55+,0.22650602409638554,FIXTURE,2.0,0
49-3092,16-24,0.15662650602409642,FIXTURE,2.0,0
49-3092,25-44,0.4240963855421687,FIXTURE,2.0,0
49-3092,45-54,0.1927710843373494,FIXTURE,2.0,0
49-3092,55+,0.22650602409638554,FIXTURE,2.0,0
49-3093,16-24,0.15662650602409642,FIXTURE,2.0,0
49-3093,25-44,0.4240963855421687,FIXTURE,2.0,0
49-3093,45-54,0.1927710843373494,FIXTURE,2.0,0
49-3093,55+,0.22650602409638554,FIXTURE,2.0,0
49-9011,16-24,0.15662650602409642,FIXTURE,2.0,0
49-9011,25-44,0.4240963855421687,FIXTURE,2.0,0
49-9011,45-54,0.1927710843373494,FIXTURE,2.0,0
49-9011,55+,0.22650602409638554,FIXTURE,2.0,0
49-9012,16-24,0.12500000000000003,FIXTURE,3.0,0
49-9012,25-44,0.44000000000000006,FIXTURE,3.0,0
49-9012,45-54,0.20000000000000004,FIXTURE,3.0,0
49-9012,55+,0.23500000000000001,FIXTURE,3.0,0
49-9021,16-24,0.14081325301204822,FIXTURE,2.5,0
49-9021,25-44,0.43204819277108436,FIXTURE,2.5,0
49-9021,45-54,0.19638554216867474,FIXTURE,2.5,0
49-9021,55+,0.2307530120481928,FIXTURE,2.5,0
49-9031,16-24,0.15662650602409642,FIXTURE,2.0,0
49-9031,25-44,0.4240963855421687,FIXTURE,2.0,0
49-9031,45-54,0.1927710843373494,FIXTURE,2.0,0
49-9031,55+,0.22650602409638554,FIXTURE,2.0,0
49-9041,16-24,0.12500000000000003,FIXTURE,3.0,0
49-9041,25-44,0.44000000000000006,FIXTURE,3.0,0
49-9041,45-54,0.20000000000000004,FIXTURE,3.0,0
49-9041,55+,0.23500000000000001,FIXTURE,3.0,0
49-9043,16-24,0.12500000000000003,FIXTURE,3.0,0
49-9043,25-44,0.44000000000000006,FIXTURE,3.0,0
49-9043,45-54,0.20000000000000004,FIXTURE,3.0,0
49-9043,55+,0.23500000000000001,FIXTURE,3.0,0
49-9044,16-24,0.15662650602409642,FIXTURE,2.0,0
49-9044,25-44,0.4240963855421687,FIXTURE,2.0,0
49-9044,45-54,0.1927710843373494,FIXTURE,2.0,0
49-9044,55+,0.22650602409638554,FIXTURE,2.0,0
49-9045,16-24,0.15662650602409642,FIXTURE,2.0,0
49-9045,25-44,0.4240963855421687,FIXTURE,2.0,0
49-9045,45-54,0.1927710843373494,FIXTURE,2.0,0
49-9045,55+,0.22650602409638554,FIXTURE,2.0,0
49-9051,16-24,0.15662650602409642,FIXTURE,2.0,0
49-9051,25-44,0.4240963855421687,FIXTURE,2.0,0
49-9051,45-54,0.1927710843373494,FIXTURE,2.0,0
49-9051,55+,0.22650602409638554,FIXTURE,2.0,0
49-9052,16-24,0.15662650602409642,FIXTURE,2.0,0
49-9052,25-44,0.4240963855421687,FIXTURE,2.0,0
49-9052,45-54,0.1927710843373494,FIXTURE,2.0,0
49-9052,55+,0.22650602409638554,FIXTURE,2.0,0
49-9061,16-24,0.12500000000000003,FIXTURE,3.0,0
49-9061,25-44,0.44000000000000006,FIXTURE,3.0,0
49-9061,45-54,0.20000000000000004,FIXTURE,3.0,0
49-9061,55+,0.23500000000000001,FIXTURE,3.0,0
49-9062,16-24,0.12500000000000003,FIXTURE,3.0,0
49-9062,25-44,0.44000000000000006,FIXTURE,3.0,0
49-9062,45-54,0.20000000000000004,FIXTURE,3.0,0
49-9062,55+,0.23500000000000001,FIXTURE,3.0,0
49-9063,16-24,0.12500000000000003,FIXTURE,3.0,0
49-9063,25-44,0.44000000000000006,FIXTURE,3.0,0
49-9063,45-54,0.20000000000000004,FIXTURE,3.0,0
49-9063,55+,0.23500000000000001,FIXTURE,3.0,0
49-9064,16-24,0.12500000000000003,FIXTURE,3.0,0
49-9064,25-44,0.44000000000000006,FIXTURE,3.0,0
49-9064,45-54,0.20000000000000004,FIXTURE,3.0,0
49-9064,55+,0.23500000000000001,FIXTURE,3.0,0
49-9069,16-24,0.12970905758856155,FIXTURE,2.845332861057773,1
49-9069,25-44,0.4376320167554662,FIXTURE,2.845332861057773,1
49-9069,45-54,0.19892364397975734,FIXTURE,2.845332861057773,1
49-9069,55+,0.23373528167621488,FIXTURE,2.845332861057773,1
49-9071,16-24,0.12500000000000003,FIXTURE,3.0,0
49-9071,25-44,0.44000000000000006,FIXTURE,3.0,0
49-9071,45-54,0.20000000000000004,FIXTURE,3.0,0
49-9071,55+,0.23500000000000001,FIXTURE,3.0,0
49-9081,16-24,0.12500000000000003,FIXTURE,3.0,0
49-9081,25-44,0.44000000000000006,FIXTURE,3.0,0
49-9081,45-54,0.20000000000000004,FIXTURE,3.0,0
49-9081,55+,0.23500000000000001,FIXTURE,3.0,0
49-9091,16-24,0.15662650602409642,FIXTURE,2.0,0
49-9091,25-44,0.4240963855421687,FIXTURE,2.0,0
49-9091,45-54,0.1927710843373494,FIXTURE,2.0,0
49-9091,55+,0.22650602409638554,FIXTURE,2.0,0
49-9092,16-24,0.12500000000000003,FIXTURE,3.0,0
49-9092,25-44,0.44000000000000006,FIXTURE,3.0,0
49-9092,45-54,0.20000000000000004,FIXTURE,3.0,0
49-9092,55+,0.23500000000000001,FIXTURE,3.0,0
49-9094,16-24,0.15662650602409642,FIXTURE,2.0,0
49-9094,25-44,0.4240963855421687,FIXTURE,2.0,0
49-9094,45-54,0.1927710843373494,FIXTURE,2.0,0
49-9094,55+,0.22650602409638554,FIXTURE,2.0,0
49-9095,16-24,0.15662650602409642,FIXTURE,2.0,0
49-9095,25-44,0.4240963855421687,FIXTURE,2.0,0
49-9095,45-54,0.1927710843373494,FIXTURE,2.0,0
49-9095,55+,0.22650602409638554,FIXTURE,2.0,0
49-9096,16-24,0.15662650602409642,FIXTURE,2.0,0
49-9096,25-44,0.4240963855421687,FIXTURE,2.0,0
49-9096,45-54,0.1927710843373494,FIXTURE,2.0,0
49-9096,55+,0.22650602409638554,FIXTURE,2.0,0
49-9097,16-24,0.12500000000000003,FIXTURE,3.0,0
49-9097,25-44,0.44000000000000006,FIXTURE,3.0,0
49-9097,45-54,0.20000000000000004,FIXTURE,3.0,0
49-9097,55+,0.23500000000000001,FIXTURE,3.0,0
49-9098,16-24,0.15662650602409642,FIXTURE,2.0,0
49-9098,25-44,0.4240963855421687,FIXTURE,2.0,0
49-9098,45-54,0.1927710843373494,FIXTURE,2.0,0
49-9098,55+,0.22650602409638554,FIXTURE,2.0,0
49-9099,16-24,0.12970905758856155,FIXTURE,2.845332861057773,1
49-9099,25-44,0.4376320167554662,FIXTURE,2.845332861057773,1
49-9099,45-54,0.19892364397975734,FIXTURE,2.845332861057773,1
49-9099,55+,0.23373528167621488,FIXTURE,2.845332861057773,1
51-1011,16-24,0.12500000000000003,FIXTURE,3.0,0
51-1011,25-44,0.44000000000000006,FIXTURE,3.0,0
51-1011,45-54,0.20000000000000004,FIXTURE,3.0,0
51-1011,55+,0.23500000000000001,FIXTURE,3.0,0
51-2011,16-24,0.15662650602409642,FIXTURE,2.0,0
51-2011,25-44,0.4240963855421687,FIXTURE,2.0,0
51-2011,45-54,0.1927710843373494,FIXTURE,2.0,0
51-2011,55+,0.22650602409638554,FIXTURE,2.0,0
51-2021,16-24,0.15662650602409642,FIXTURE,2.0,0
51-2021,25-44,0.4240963855421687,FIXTURE,2.0,0
51-2021,45-54,0.1927710843373494,FIXTURE,2.0,0
51-2021,55+,0.22650602409638554,FIXTURE,2.0,0
51-2028,16-24,0.1501085379650426,FIXTURE,2.196297280470938,1
51-2028,25-44,0.42737399233757856,FIXTURE,2.196297280470938,1
51-2028,45-54,0.19426090560799025,FIXTURE,2.196297280470938,1
51-2028,55+,0.22825656408938855,FIXTURE,2.196297280470938,1
51-2031,16-24,0.15662650602409642,FIXTURE,2.0,0
51-2031,25-44,0.4240963855421687,FIXTURE,2.0,0
51-2031,45-54,0.1927710843373494,FIXTURE,2.0,0
51-2031,55+,0.22650602409638554,FIXTURE,2.0,0
51-2041,16-24,0.12500000000000003,FIXTURE,3.0,0
51-2041,25-44,0.44000000000000006,FIXTURE,3.0,0
51-2041,45-54,0.20000000000000004,FIXTURE,3.0,0
51-2041,55+,0.23500000000000001,FIXTURE,3.0,0
51-2051,16-24,0.15662650602409642,FIXTURE,2.0,0
51-2051,25-44,0.4240963855421687,FIXTURE,2.0,0
51-2051,45-54,0.1927710843373494,FIXTURE,2.0,0
51-2051,55+,0.22650602409638554,FIXTURE,2.0,0
51-2061,16-24,0.15662650602409642,FIXTURE,2.0,0
51-2061,25-44,0.4240963855421687,FIXTURE,2.0,0
51-2061,45-54,0.1927710843373494,FIXTURE,2.0,0
51-2061,55+,0.22650602409638554,FIXTURE,2.0,0
51-2090,16-24,0.1501085379650426,FIXTURE,2.196297280470938,1
51-2090,25-44,0.42737399233757856,FIXTURE,2.196297280470938,1
51-2090,45-54,0.19426090560799025,FIXTURE,2.196297280470938,1
51-2090,55+,0.22825656408938855,FIXTURE,2.196297280470938,1
51-3011,16-24,0.15662650602409642,FIXTURE,2.0,0
51-3011,25-44,0.4240963855421687,FIXTURE,2.0,0
51-3011,45-54,0.1927710843373494,FIXTURE,2.0,0
51-3011,55+,0.22650602409638554,FIXTURE,2.0,0
51-3021,16-24,0.15662650602409642,FIXTURE,2.0,0
51-3021,25-44,0.4240963855421687,FIXTURE,2.0,0
51-3021,45-54,0.1927710843373494,FIXTURE,2.0,0
51-3021,55+,0.22650602409638554,FIXTURE,2.0,0
51-3022,16-24,0.186046511627907,FIXTURE,1.0,0
51-3022,25-44,0.40930232558139534,FIXTURE,1.0,0
51-3022,45-54,0.186046511627907,FIXTURE,1.0,0
51-3022,55+,0.21860465116279068,FIXTURE,1.0,0
51-3023,16-24,0.15662650602409642,FIXTURE,2.0,0
51-3023,25-44,0.4240963855421687,FIXTURE,2.0,0
51-3023,45-54,0.1927710843373494,FIXTURE,2.0,0
51-3023,55+,0.22650602409638554,FIXTURE,2.0,0
51-3091,16-24,0.15662650602409642,FIXTURE,2.0,0
51-3091,25-44,0.4240963855421687,FIXTURE,2.0,0
51-3091,45-54,0.1927710843373494,FIXTURE,2.0,0
51-3091,55+,0.22650602409638554,FIXTURE,2.0,0
51-3092,16-24,0.15662650602409642,FIXTURE,2.0,0
51-3092,25-44,0.4240963855421687,FIXTURE,2.0,0
51-3092,45-54,0.1927710843373494,FIXTURE,2.0,0
51-3092,55+,0.22650602409638554,FIXTURE,2.0,0
51-3093,16-24,0.15662650602409642,FIXTURE,2.0,0
51-3093,25-44,0.4240963855421687,FIXTURE,2.0,0
51-3093,45-54,0.1927710843373494,FIXTURE,2.0,0
51-3093,55+,0.22650602409638554,FIXTURE,2.0,0
51-3099,16-24,0.1501085379650426,FIXTURE,2.196297280470938,1
51-3099,25-44,0.42737399233757856,FIXTURE,2.196297280470938,1
51-3099,45-54,0.19426090560799025,FIXTURE,2.196297280470938,1
51-3099,55+,0.22825656408938855,FIXTURE,2.196297280470938,1
51-4021,16-24,0.15662650602409642,FIXTURE,2.0,0
51-4021,25-44,0.4240963855421687,FIXTURE,2.0,0
51-4021,45-54,0.1927710843373494,FIXTURE,2.0,0
51-4021,55+,0.22650602409638554,FIXTURE,2.0,0
51-4022,16-24,0.15662650602409642,FIXTURE,2.0,0
51-4022,25-44,0.4240963855421687,FIXTURE,2.0,0
51-4022,45-54,0.1927710843373494,FIXTURE,2.0,0
51-4022,55+,0.22650602409638554,FIXTURE,2.0,0
51-4023,16-24,0.15662650602409642,FIXTURE,2.0,0
51-4023,25-44,0.4240963855421687,FIXTURE,2.0,0
51-4023,45-54,0.1927710843373494,FIXTURE,2.0,0
51-4023,55+,0.22650602409638554,FIXTURE,2.0,0
51-4031,16-24,0.15662650602409642,FIXTURE,2.0,0
51-4031,25-44,0.4240963855421687,FIXTURE,2.0,0
51-4031,45-54,0.1927710843373494,FIXTURE,2.0,0
51-4031,55+,0.22650602409638554,FIXTURE,2.0,0
51-4032,16-24,0.15662650602409642,FIXTURE,2.0,0
51-4032,25-44,0.4240963855421687,FIXTURE,2.0,0
51-4032,45-54,0.1927710843373494,FIXTURE,2.0,0
51-4032,55+,0.22650602409638554,FIXTURE,2.0,0
51-4033,16-24,0.15662650602409642,FIXTURE,2.0,0
51-4033,25-44,0.4240963855421687,FIXTURE,2.0,0
51-4033,45-54,0.1927710843373494,FIXTURE,2.0,0
51-4033,55+,0.22650602409638554,FIXTURE,2.0,0
51-4034,16-24,0.15662650602409642,FIXTURE,2.0,0
51-4034,25-44,0.4240963855421687,FIXTURE,2.0,0
51-4034,45-54,0.1927710843373494,FIXTURE,2.0,0
51-4034,55+,0.22650602409638554,FIXTURE,2.0,0
51-4035,16-24,0.15662650602409642,FIXTURE,2.0,0
51-4035,25-44,0.4240963855421687,FIXTURE,2.0,0
51-4035,45-54,0.1927710843373494,FIXTURE,2.0,0
51-4035,55+,0.22650602409638554,FIXTURE,2.0,0
51-4041,16-24,0.12500000000000003,FIXTURE,3.0,0
51-4041,25-44,0.44000000000000006,FIXTURE,3.0,0
51-4041,45-54,0.20000000000000004,FIXTURE,3.0,0
51-4041,55+,0.23500000000000001,FIXTURE,3.0,0
51-4051,16-24,0.15662650602409642,FIXTURE,2.0,0
51-4051,25-44,0.4240963855421687,FIXTURE,2.0,0
51-4051,45-54,0.1927710843373494,FIXTURE,2.0,0
51-4051,55+,0.22650602409638554,FIXTURE,2.0,0
51-4052,16-24,0.15662650602409642,FIXTURE,2.0,0
51-4052,25-44,0.4240963855421687,FIXTURE,2.0,0
51-4052,45-54,0.1927710843373494,FIXTURE,2.0,0
51-4052,55+,0.22650602409638554,FIXTURE,2.0,0
51-4061,16-24,0.12500000000000003,FIXTURE,3.0,0
51-4061,25-44,0.44000000000000006,FIXTURE,3.0,0
51-4061,45-54,0.20000000000000004,FIXTURE,3.0,0
51-4061,55+,0.23500000000000001,FIXTURE,3.0,0
51-4062,16-24,0.12500000000000003,FIXTURE,3.0,0
51-4062,25-44,0.44000000000000006,FIXTURE,3.0,0
51-4062,45-54,0.20000000000000004,FIXTURE,3.0,0
51-4062,55+,0.23500000000000001,FIXTURE,3.0,0
51-4071,16-24,0.15662650602409642,FIXTURE,2.0,0
51-4071,25-44,0.4240963855421687,FIXTURE,2.0,0
51-4071,45-54,0.1927710843373494,FIXTURE,2.0,0
51-4071,55+,0.22650602409638554,FIXTURE,2.0,0
51-4072,16-24,0.15662650602409642,FIXTURE,2.0,0
51-4072,25-44,0.4240963855421687,FIXTURE,2.0,0
51-4072,45-54,0.1927710843373494,FIXTURE,2.0,0
51-4072,55+,0.22650602409638554,FIXTURE,2.0,0
51-4081,16-24,0.15662650602409642,FIXTURE,2.0,0
51-4081,25-44,0.4240963855421687,FIXTURE,2.0,0
51-4081,45-54,0.1927710843373494,FIXTURE,2.0,0
51-4081,55+,0.22650602409638554,FIXTURE,2.0,0
51-4111,16-24,0.12500000000000003,FIXTURE,3.0,0
51-4111,25-44,0.44000000000000006,FIXTURE,3.0,0
51-4111,45-54,0.20000000000000004,FIXTURE,3.0,0
51-4111,55+,0.23500000000000001,FIXTURE,3.0,0
51-4121,16-24,0.15662650602409642,FIXTURE,2.0,0
51-4121,25-44,0.4240963855421687,FIXTURE,2.0,0
51-4121,45-54,0.1927710843373494,FIXTURE,2.0,0
51-4121,55+,0.22650602409638554,FIXTURE,2.0,0
51-4122,16-24,0.15662650602409642,FIXTURE,2.0,0
51-4122,25-44,0.4240963855421687,FIXTURE,2.0,0
51-4122,45-54,0.1927710843373494,FIXTURE,2.0,0
51-4122,55+,0.22650602409638554,FIXTURE,2.0,0
51-4191,16-24,0.15662650602409642,FIXTURE,2.0,0
51-4191,25-44,0.4240963855421687,FIXTURE,2.0,0
51-4191,45-54,0.1927710843373494,FIXTURE,2.0,0
51-4191,55+,0.22650602409638554,FIXTURE,2.0,0
51-4192,16-24,0.15662650602409642,FIXTURE,2.0,0
51-4192,25-44,0.4240963855421687,FIXTURE,2.0,0
51-4192,45-54,0.1927710843373494,FIXTURE,2.0,0
51-4192,55+,0.22650602409638554,FIXTURE,2.0,0
51-4193,16-24,0.15662650602409642,FIXTURE,2.0,0
51-4193,25-44,0.4240963855421687,FIXTURE,2.0,0
51-4193,45-54,0.1927710843373494,FIXTURE,2.0,0
51-4193,55+,0.22650602409638554,FIXTURE,2.0,0
51-4194,16-24,0.15662650602409642,FIXTURE,2.0,0
51-4194,25-44,0.4240963855421687,FIXTURE,2.0,0
51-4194,45-54,0.1927710843373494,FIXTURE,2.0,0
51-4194,55+,0.22650602409638554,FIXTURE,2.0,0
51-4199,16-24,0.1501085379650426,FIXTURE,2.196297280470938,1
51-4199,25-44,0.42737399233757856,FIXTURE,2.196297280470938,1
51-4199,45-54,0.19426090560799025,FIXTURE,2.196297280470938,1
51-4199,55+,0.22825656408938855,FIXTURE,2.196297280470938,1
51-5111,16-24,0.12500000000000003,FIXTURE,3.0,0
51-5111,25-44,0.44000000000000006,FIXTURE,3.0,0
51-5111,45-54,0.20000000000000004,FIXTURE,3.0,0
51-5111,55+,0.23500000000000001,FIXTURE,3.0,0
51-5112,16-24,0.15662650602409642,FIXTURE,2.0,0
51-5112,25-44,0.4240963855421687,FIXTURE,2.0,0
51-5112,45-54,0.1927710843373494,FIXTURE,2.0,0
51-5112,55+,0.22650602409638554,FIXTURE,2.0,0
51-5113,16-24,0.15662650602409642,FIXTURE,2.0,0
51-5113,25-44,0.4240963855421687,FIXTURE,2.0,0
51-5113,45-54,0.1927710843373494,FIXTURE,2.0,0
51-5113,55+,0.22650602409638554,FIXTURE,2.0,0
51-6011,16-24,0.186046511627907,FIXTURE,1.0,0
51-6011,25-44,0.40930232558139534,FIXTURE,1.0,0
51-6011,45-54,0.186046511627907,FIXTURE,1.0,0
51-6011,55+,0.21860465116279068,FIXTURE,1.0,0
51-6021,16-24,0.186046511627907,FIXTURE,1.0,0
51-6021,25-44,0.40930232558139534,FIXTURE,1.0,0
51-6021,45-54,0.186046511627907,FIXTURE,1.0,0
51-6021,55+,0.21860465116279068,FIXTURE,1.0,0
51-6031,16-24,0.186046511627907,FIXTURE,1.0,0
51-6031,25-44,0.40930232558139534,FIXTURE,1.0,0
51-6031,45-54,0.186046511627907,FIXTURE,1.0,0
51-6031,55+,0.21860465116279068,FIXTURE,1.0,0
51-6041,16-24,0.15662650602409642,FIXTURE,2.0,0
51-6041,25-44,0.4240963855421687,FIXTURE,2.0,0
51-6041,45-54,0.1927710843373494,FIXTURE,2.0,0
51-6041,55+,0.22650602409638554,FIXTURE,2.0,0
51-6042,16-24,0.15662650602409642,FIXTURE,2.0,0
51-6042,25-44,0.4240963855421687,FIXTURE,2.0,0
51-6042,45-54,0.1927710843373494,FIXTURE,2.0,0
51-6042,55+,0.22650602409638554,FIXTURE,2.0,0
51-6051,16-24,0.15662650602409642,FIXTURE,2.0,0
51-6051,25-44,0.4240963855421687,FIXTURE,2.0,0
51-6051,45-54,0.1927710843373494,FIXTURE,2.0,0
51-6051,55+,0.22650602409638554,FIXTURE,2.0,0
51-6052,16-24,0.15662650602409642,FIXTURE,2.0,0
51-6052,25-44,0.4240963855421687,FIXTURE,2.0,0
51-6052,45-54,0.1927710843373494,FIXTURE,2.0,0
51-6052,55+,0.22650602409638554,FIXTURE,2.0,0
51-6061,16-24,0.15662650602409642,FIXTURE,2.0,0
51-6061,25-44,0.4240963855421687,FIXTURE,2.0,0
51-6061,45-54,0.1927710843373494,FIXTURE,2.0,0
51-6061,55+,0.22650602409638554,FIXTURE,2.0,0
51-6062,16-24,0.15662650602409642,FIXTURE,2.0,0
51-6062,25-44,0.4240963855421687,FIXTURE,2.0,0
51-6062,45-54,0.1927710843373494,FIXTURE,2.0,0
51-6062,55+,0.22650602409638554,FIXTURE,2.0,0
51-6063,16-24,0.15662650602409642,FIXTURE,2.0,0
51-6063,25-44,0.4240963855421687,FIXTURE,2.0,0
51-6063,45-54,0.1927710843373494,FIXTURE,2.0,0
51-6063,55+,0.22650602409638554,FIXTURE,2.0,0
51-6064,16-24,0.15662650602409642,FIXTURE,2.0,0
51-6064,25-44,0.4240963855421687,FIXTURE,2.0,0
51-6064,45-54,0.1927710843373494,FIXTURE,2.0,0
51-6064,55+,0.22650602409638554,FIXTURE,2.0,0
51-6091,16-24,0.15662650602409642,FIXTURE,2.0,0
51-6091,25-44,0.4240963855421687,FIXTURE,2.0,0
51-6091,45-54,0.1927710843373494,FIXTURE,2.0,0
51-6091,55+,0.22650602409638554,FIXTURE,2.0,0
51-6092,16-24,0.12500000000000003,FIXTURE,3.0,0
51-6092,25-44,0.44000000000000006,FIXTURE,3.0,0
51-6092,45-54,0.20000000000000004,FIXTURE,3.0,0
51-6092,55+,0.23500000000000001,FIXTURE,3.0,0
51-6093,16-24,0.15662650602409642,FIXTURE,2.0,0
51-6093,25-44,0.4240963855421687,FIXTURE,2.0,0
51-6093,45-54,0.1927710843373494,FIXTURE,2.0,0
51-6093,55+,0.22650602409638554,FIXTURE,2.0,0
51-6099,16-24,0.1501085379650426,FIXTURE,2.196297280470938,1
51-6099,25-44,0.42737399233757856,FIXTURE,2.196297280470938,1
51-6099,45-54,0.19426090560799025,FIXTURE,2.196297280470938,1
51-6099,55+,0.22825656408938855,FIXTURE,2.196297280470938,1
51-7011,16-24,0.15662650602409642,FIXTURE,2.0,0
51-7011,25-44,0.4240963855421687,FIXTURE,2.0,0
51-7011,45-54,0.1927710843373494,FIXTURE,2.0,0
51-7011,55+,0.22650602409638554,FIXTURE,2.0,0
51-7021,16-24,0.15662650602409642,FIXTURE,2.0,0
51-7021,25-44,0.4240963855421687,FIXTURE,2.0,0
51-7021,45-54,0.1927710843373494,FIXTURE,2.0,0
51-7021,55+,0.22650602409638554,FIXTURE,2.0,0
51-7031,16-24,0.12500000000000003,FIXTURE,3.0,0
51-7031,25-44,0.44000000000000006,FIXTURE,3.0,0
51-7031,45-54,0.20000000000000004,FIXTURE,3.0,0
51-7031,55+,0.23500000000000001,FIXTURE,3.0,0
51-7032,16-24,0.12500000000000003,FIXTURE,3.0,0
51-7032,25-44,0.44000000000000006,FIXTURE,3.0,0
51-7032,45-54,0.20000000000000004,FIXTURE,3.0,0
51-7032,55+,0.23500000000000001,FIXTURE,3.0,0
51-7041,16-24,0.15662650602409642,FIXTURE,2.0,0
51-7041,25-44,0.4240963855421687,FIXTURE,2.0,0
51-7041,45-54,0.1927710843373494,FIXTURE,2.0,0
51-7041,55+,0.22650602409638554,FIXTURE,2.0,0
51-7042,16-24,0.15662650602409642,FIXTURE,2.0,0
51-7042,25-44,0.4240963855421687,FIXTURE,2.0,0
51-7042,45-54,0.1927710843373494,FIXTURE,2.0,0
51-7042,55+,0.22650602409638554,FIXTURE,2.0,0
51-7099,16-24,0.1501085379650426,FIXTURE,2.196297280470938,1
51-7099,25-44,0.42737399233757856,FIXTURE,2.196297280470938,1
51-7099,45-54,0.19426090560799025,FIXTURE,2.196297280470938,1
51-7099,55+,0.22825656408938855,FIXTURE,2.196297280470938,1
51-8011,16-24,0.12500000000000003,FIXTURE,3.0,0
51-8011,25-44,0.44000000000000006,FIXTURE,3.0,0
51-8011,45-54,0.20000000000000004,FIXTURE,3.0,0
51-8011,55+,0.23500000000000001,FIXTURE,3.0,0
51-8012,16-24,0.12500000000000003,FIXTURE,3.0,0
51-8012,25-44,0.44000000000000006,FIXTURE,3.0,0
51-8012,45-54,0.20000000000000004,FIXTURE,3.0,0
51-8012,55+,0.23500000000000001,FIXTURE,3.0,0
51-8013,16-24,0.15662650602409642,FIXTURE,2.0,0
51-8013,25-44,0.4240963855421687,FIXTURE,2.0,0
51-8013,45-54,0.1927710843373494,FIXTURE,2.0,0
51-8013,55+,0.22650602409638554,FIXTURE,2.0,0
51-8021,16-24,0.12500000000000003,FIXTURE,3.0,0
51-8021,25-44,0.44000000000000006,FIXTURE,3.0,0
51-8021,45-54,0.20000000000000004,FIXTURE,3.0,0
51-8021,55+,0.23500000000000001,FIXTURE,3.0,0
51-8031,16-24,0.10197368421052631,FIXTURE,3.5,0
51-8031,25-44,0.4515789473684211,FIXTURE,3.5,0
51-8031,45-54,0.20526315789473687,FIXTURE,3.5,0
51-8031,55+,0.24118421052631578,FIXTURE,3.5,0
51-8091,16-24,0.15662650602409642,FIXTURE,2.0,0
51-8091,25-44,0.4240963855421687,FIXTURE,2.0,0
51-8091,45-54,0.1927710843373494,FIXTURE,2.0,0
51-8091,55+,0.22650602409638554,FIXTURE,2.0,0
51-8092,16-24,0.12500000000000003,FIXTURE,3.0,0
51-8092,25-44,0.44000000000000006,FIXTURE,3.0,0
51-8092,45-54,0.20000000000000004,FIXTURE,3.0,0
51-8092,55+,0.23500000000000001,FIXTURE,3.0,0
51-8093,16-24,0.15662650602409642,FIXTURE,2.0,0
51-8093,25-44,0.4240963855421687,FIXTURE,2.0,0
51-8093,45-54,0.1927710843373494,FIXTURE,2.0,0
51-8093,55+,0.22650602409638554,FIXTURE,2.0,0
51-8099,16-24,0.1501085379650426,FIXTURE,2.196297280470938,1
51-8099,25-44,0.42737399233757856,FIXTURE,2.196297280470938,1
51-8099,45-54,0.19426090560799025,FIXTURE,2.196297280470938,1
51-8099,55+,0.22825656408938855,FIXTURE,2.196297280470938,1
51-9011,16-24,0.15662650602409642,FIXTURE,2.0,0
51-9011,25-44,0.4240963855421687,FIXTURE,2.0,0
51-9011,45-54,0.1927710843373494,FIXTURE,2.0,0
51-9011,55+,0.22650602409638554,FIXTURE,2.0,0
51-9012,16-24,0.15662650602409642,FIXTURE,2.0,0
51-9012,25-44,0.4240963855421687,FIXTURE,2.0,0
51-9012,45-54,0.1927710843373494,FIXTURE,2.0,0
51-9012,55+,0.22650602409638554,FIXTURE,2.0,0
51-9021,16-24,0.15662650602409642,FIXTURE,2.0,0
51-9021,25-44,0.4240963855421687,FIXTURE,2.0,0
51-9021,45-54,0.1927710843373494,FIXTURE,2.0,0
51-9021,55+,0.22650602409638554,FIXTURE,2.0,0
51-9022,16-24,0.186046511627907,FIXTURE,1.0,0
51-9022,25-44,0.40930232558139534,FIXTURE,1.0,0
51-9022,45-54,0.186046511627907,FIXTURE,1.0,0
51-9022,55+,0.21860465116279068,FIXTURE,1.0,0
51-9023,16-24,0.15662650602409642,FIXTURE,2.0,0
51-9023,25-44,0.4240963855421687,FIXTURE,2.0,0
51-9023,45-54,0.1927710843373494,FIXTURE,2.0,0
51-9023,55+,0.22650602409638554,FIXTURE,2.0,0
51-9031,16-24,0.186046511627907,FIXTURE,1.0,0
51-9031,25-44,0.40930232558139534,FIXTURE,1.0,0
51-9031,45-54,0.186046511627907,FIXTURE,1.0,0
51-9031,55+,0.21860465116279068,FIXTURE,1.0,0
51-9032,16-24,0.15662650602409642,FIXTURE,2.0,0
51-9032,25-44,0.4240963855421687,FIXTURE,2.0,0
51-9032,45-54,0.1927710843373494,FIXTURE,2.0,0
51-9032,55+,0.22650602409638554,FIXTURE,2.0,0
51-9041,16-24,0.15662650602409642,FIXTURE,2.0,0
51-9041,25-44,0.4240963855421687,FIXTURE,2.0,0
51-9041,45-54,0.1927710843373494,FIXTURE,2.0,0
51-9041,55+,0.22650602409638554,FIXTURE,2.0,0
51-9051,16-24,0.15662650602409642,FIXTURE,2.0,0
51-9051,25-44,0.4240963855421687,FIXTURE,2.0,0
51-9051,45-54,0.1927710843373494,FIXTURE,2.0,0
51-9051,55+,0.22650602409638554,FIXTURE,2.0,0
51-9061,16-24,0.14608433734939757,FIXTURE,2.333333333333333,0
51-9061,25-44,0.42939759036144576,FIXTURE,2.333333333333333,0
51-9061,45-54,0.19518072289156627,FIXTURE,2.333333333333333,0
51-9061,55+,0.22933734939759035,FIXTURE,2.333333333333333,0
51-9071,16-24,0.12500000000000003,FIXTURE,3.0,0
51-9071,25-44,0.44000000000000006,FIXTURE,3.0,0
51-9071,45-54,0.20000000000000004,FIXTURE,3.0,0
51-9071,55+,0.23500000000000001,FIXTURE,3.0,0
51-9081,16-24,0.15662650602409642,FIXTURE,2.0,0
51-9081,25-44,0.4240963855421687,FIXTURE,2.0,0
51-9081,45-54,0.1927710843373494,FIXTURE,2.0,0
51-9081,55+,0.22650602409638554,FIXTURE,2.0,0
51-9082,16-24,0.12500000000000003,FIXTURE,3.0,0
51-9082,25-44,0.44000000000000006,FIXTURE,3.0,0
51-9082,45-54,0.20000000000000004,FIXTURE,3.0,0
51-9082,55+,0.23500000000000001,FIXTURE,3.0,0
51-9083,16-24,0.15662650602409642,FIXTURE,2.0,0
51-9083,25-44,0.4240963855421687,FIXTURE,2.0,0
51-9083,45-54,0.1927710843373494,FIXTURE,2.0,0
51-9083,55+,0.22650602409638554,FIXTURE,2.0,0
51-9111,16-24,0.15662650602409642,FIXTURE,2.0,0
51-9111,25-44,0.4240963855421687,FIXTURE,2.0,0
51-9111,45-54,0.1927710843373494,FIXTURE,2.0,0
51-9111,55+,0.22650602409638554,FIXTURE,2.0,0
51-9123,16-24,0.186046511627907,FIXTURE,1.0,0
51-9123,25-44,0.40930232558139534,FIXTURE,1.0,0
51-9123,45-54,0.186046511627907,FIXTURE,1.0,0
51-9123,55+,0.21860465116279068,FIXTURE,1.0,0
51-9124,16-24,0.15662650602409642,FIXTURE,2.0,0
51-9124,25-44,0.4240963855421687,FIXTURE,2.0,0
51-9124,45-54,0.1927710843373494,FIXTURE,2.0,0
51-9124,55+,0.22650602409638554,FIXTURE,2.0,0
51-9141,16-24,0.15662650602409642,FIXTURE,2.0,0
51-9141,25-44,0.4240963855421687,FIXTURE,2.0,0
51-9141,45-54,0.1927710843373494,FIXTURE,2.0,0
51-9141,55+,0.22650602409638554,FIXTURE,2.0,0
51-9151,16-24,0.15662650602409642,FIXTURE,2.0,0
51-9151,25-44,0.4240963855421687,FIXTURE,2.0,0
51-9151,45-54,0.1927710843373494,FIXTURE,2.0,0
51-9151,55+,0.22650602409638554,FIXTURE,2.0,0
51-9161,16-24,0.12500000000000003,FIXTURE,3.0,0
51-9161,25-44,0.44000000000000006,FIXTURE,3.0,0
51-9161,45-54,0.20000000000000004,FIXTURE,3.0,0
51-9161,55+,0.23500000000000001,FIXTURE,3.0,0
51-9162,16-24,0.12500000000000003,FIXTURE,3.0,0
51-9162,25-44,0.44000000000000006,FIXTURE,3.0,0
51-9162,45-54,0.20000000000000004,FIXTURE,3.0,0
51-9162,55+,0.23500000000000001,FIXTURE,3.0,0
51-9191,16-24,0.15662650602409642,FIXTURE,2.0,0
51-9191,25-44,0.4240963855421687,FIXTURE,2.0,0
51-9191,45-54,0.1927710843373494,FIXTURE,2.0,0
51-9191,55+,0.22650602409638554,FIXTURE,2.0,0
51-9192,16-24,0.15662650602409642,FIXTURE,2.0,0
51-9192,25-44,0.4240963855421687,FIXTURE,2.0,0
51-9192,45-54,0.1927710843373494,FIXTURE,2.0,0
51-9192,55+,0.22650602409638554,FIXTURE,2.0,0
51-9193,16-24,0.15662650602409642,FIXTURE,2.0,0
51-9193,25-44,0.4240963855421687,FIXTURE,2.0,0
51-9193,45-54,0.1927710843373494,FIXTURE,2.0,0
51-9193,55+,0.22650602409638554,FIXTURE,2.0,0
51-9194,16-24,0.15662650602409642,FIXTURE,2.0,0
51-9194,25-44,0.4240963855421687,FIXTURE,2.0,0
51-9194,45-54,0.1927710843373494,FIXTURE,2.0,0
51-9194,55+,0.22650602409638554,FIXTURE,2.0,0
51-9195,16-24,0.15662650602409642,FIXTURE,2.0,0
51-9195,25-44,0.4240963855421687,FIXTURE,2.0,0
51-9195,45-54,0.1927710843373494,FIXTURE,2.0,0
51-9195,55+,0.22650602409638554,FIXTURE,2.0,0
51-9196,16-24,0.15662650602409642,FIXTURE,2.0,0
51-9196,25-44,0.4240963855421687,FIXTURE,2.0,0
51-9196,45-54,0.1927710843373494,FIXTURE,2.0,0
51-9196,55+,0.22650602409638554,FIXTURE,2.0,0
51-9197,16-24,0.15662650602409642,FIXTURE,2.0,0
51-9197,25-44,0.4240963855421687,FIXTURE,2.0,0
51-9197,45-54,0.1927710843373494,FIXTURE,2.0,0
51-9197,55+,0.22650602409638554,FIXTURE,2.0,0
51-9198,16-24,0.15662650602409642,FIXTURE,2.0,0
51-9198,25-44,0.4240963855421687,FIXTURE,2.0,0
51-9198,45-54,0.1927710843373494,FIXTURE,2.0,0
51-9198,55+,0.22650602409638554,FIXTURE,2.0,0
51-9199,16-24,0.1501085379650426,FIXTURE,2.196297280470938,1
51-9199,25-44,0.42737399233757856,FIXTURE,2.196297280470938,1
51-9199,45-54,0.19426090560799025,FIXTURE,2.196297280470938,1
51-9199,55+,0.22825656408938855,FIXTURE,2.196297280470938,1
53-1041,16-24,0.15662650602409642,FIXTURE,2.0,0
53-1041,25-44,0.4240963855421687,FIXTURE,2.0,0
53-1041,45-54,0.1927710843373494,FIXTURE,2.0,0
53-1041,55+,0.22650602409638554,FIXTURE,2.0,0
53-1047,16-24,0.15539396311017203,FIXTURE,2.034027723392591,1
53-1047,25-44,0.42471617855031346,FIXTURE,2.034027723392591,1
53-1047,45-54,0.19305280843196065,FIXTURE,2.034027723392591,1
53-1047,55+,0.22683704990755377,FIXTURE,2.034027723392591,1
53-2011,16-24,0.07894736842105263,FIXTURE,4.0,0
53-2011,25-44,0.4631578947368421,FIXTURE,4.0,0
53-2011,45-54,0.2105263157894737,FIXTURE,4.0,0
53-2011,55+,0.24736842105263157,FIXTURE,4.0,0
53-2012,16-24,0.12500000000000003,FIXTURE,3.0,0
53-2012,25-44,0.44000000000000006,FIXTURE,3.0,0
53-2012,45-54,0.20000000000000004,FIXTURE,3.0,0
53-2012,55+,0.23500000000000001,FIXTURE,3.0,0
53-2021,16-24,0.12500000000000003,FIXTURE,3.0,0
53-2021,25-44,0.44000000000000006,FIXTURE,3.0,0
53-2021,45-54,0.20000000000000004,FIXTURE,3.0,0
53-2021,55+,0.23500000000000001,FIXTURE,3.0,0
53-2022,16-24,0.12500000000000003,FIXTURE,3.0,0
53-2022,25-44,0.44000000000000006,FIXTURE,3.0,0
53-2022,45-54,0.20000000000000004,FIXTURE,3.0,0
53-2022,55+,0.23500000000000001,FIXTURE,3.0,0
53-2031,16-24,0.15662650602409642,FIXTURE,2.0,0
53-2031,25-44,0.4240963855421687,FIXTURE,2.0,0
53-2031,45-54,0.1927710843373494,FIXTURE,2.0,0
53-2031,55+,0.22650602409638554,FIXTURE,2.0,0
53-3011,16-24,0.15662650602409642,FIXTURE,2.0,0
53-3011,25-44,0.4240963855421687,FIXTURE,2.0,0
53-3011,45-54,0.1927710843373494,FIXTURE,2.0,0
53-3011,55+,0.22650602409638554,FIXTURE,2.0,0
53-3031,16-24,0.15662650602409642,FIXTURE,2.0,0
53-3031,25-44,0.4240963855421687,FIXTURE,2.0,0
53-3031,45-54,0.1927710843373494,FIXTURE,2.0,0
53-3031,55+,0.22650602409638554,FIXTURE,2.0,0
53-3032,16-24,0.15662650602409642,FIXTURE,2.0,0
53-3032,25-44,0.4240963855421687,FIXTURE,2.0,0
53-3032,45-54,0.1927710843373494,FIXTURE,2.0,0
53-3032,55+,0.22650602409638554,FIXTURE,2.0,0
53-3033,16-24,0.15662650602409642,FIXTURE,2.0,0
53-3033,25-44,0.4240963855421687,FIXTURE,2.0,0
53-3033,45-54,0.1927710843373494,FIXTURE,2.0,0
53-3033,55+,0.22650602409638554,FIXTURE,2.0,0
53-3051,16-24,0.15539396311017203,FIXTURE,2.034027723392591,1
53-3051,25-44,0.42471617855031346,FIXTURE,2.034027723392591,1
53-3051,45-54,0.19305280843196065,FIXTURE,2.034027723392591,1
53-3051,55+,0.22683704990755377,FIXTURE,2.034027723392591,1
53-3052,16-24,0.15662650602409642,FIXTURE,2.0,0
53-3052,25-44,0.4240963855421687,FIXTURE,2.0,0
53-3052,45-54,0.1927710843373494,FIXTURE,2.0,0
53-3052,55+,0.22650602409638554,FIXTURE,2.0,0
53-3053,16-24,0.15539396311017203,FIXTURE,2.034027723392591,1
53-3053,25-44,0.42471617855031346,FIXTURE,2.034027723392591,1
53-3053,45-54,0.19305280843196065,FIXTURE,2.034027723392591,1
53-3053,55+,0.22683704990755377,FIXTURE,2.034027723392591,1
53-3054,16-24,0.15539396311017203,FIXTURE,2.034027723392591,1
53-3054,25-44,0.42471617855031346,FIXTURE,2.034027723392591,1
53-3054,45-54,0.19305280843196065,FIXTURE,2.034027723392591,1
53-3054,55+,0.22683704990755377,FIXTURE,2.034027723392591,1
53-3099,16-24,0.15539396311017203,FIXTURE,2.034027723392591,1
53-3099,25-44,0.42471617855031346,FIXTURE,2.034027723392591,1
53-3099,45-54,0.19305280843196065,FIXTURE,2.034027723392591,1
53-3099,55+,0.22683704990755377,FIXTURE,2.034027723392591,1
53-4011,16-24,0.15662650602409642,FIXTURE,2.0,0
53-4011,25-44,0.4240963855421687,FIXTURE,2.0,0
53-4011,45-54,0.1927710843373494,FIXTURE,2.0,0
53-4011,55+,0.22650602409638554,FIXTURE,2.0,0
53-4013,16-24,0.15662650602409642,FIXTURE,2.0,0
53-4013,25-44,0.4240963855421687,FIXTURE,2.0,0
53-4013,45-54,0.1927710843373494,FIXTURE,2.0,0
53-4013,55+,0.22650602409638554,FIXTURE,2.0,0
53-4022,16-24,0.15662650602409642,FIXTURE,2.0,0
53-4022,25-44,0.4240963855421687,FIXTURE,2.0,0
53-4022,45-54,0.1927710843373494,FIXTURE,2.0,0
53-4022,55+,0.22650602409638554,FIXTURE,2.0,0
53-4031,16-24,0.15662650602409642,FIXTURE,2.0,0
53-4031,25-44,0.4240963855421687,FIXTURE,2.0,0
53-4031,45-54,0.1927710843373494,FIXTURE,2.0,0
53-4031,55+,0.22650602409638554,FIXTURE,2.0,0
53-4041,16-24,0.15662650602409642,FIXTURE,2.0,0
53-4041,25-44,0.4240963855421687,FIXTURE,2.0,0
53-4041,45-54,0.1927710843373494,FIXTURE,2.0,0
53-4041,55+,0.22650602409638554,FIXTURE,2.0,0
53-4099,16-24,0.15539396311017203,FIXTURE,2.034027723392591,1
53-4099,25-44,0.42471617855031346,FIXTURE,2.034027723392591,1
53-4099,45-54,0.19305280843196065,FIXTURE,2.034027723392591,1
53-4099,55+,0.22683704990755377,FIXTURE,2.034027723392591,1
53-5011,16-24,0.15662650602409642,FIXTURE,2.0,0
53-5011,25-44,0.4240963855421687,FIXTURE,2.0,0
53-5011,45-54,0.1927710843373494,FIXTURE,2.0,0
53-5011,55+,0.22650602409638554,FIXTURE,2.0,0
53-5021,16-24,0.12500000000000003,FIXTURE,3.0,0
53-5021,25-44,0.44000000000000006,FIXTURE,3.0,0
53-5021,45-54,0.20000000000000004,FIXTURE,3.0,0
53-5021,55+,0.23500000000000001,FIXTURE,3.0,0
53-5022,16-24,0.15662650602409642,FIXTURE,2.0,0
53-5022,25-44,0.4240963855421687,FIXTURE,2.0,0
53-5022,45-54,0.1927710843373494,FIXTURE,2.0,0
53-5022,55+,0.22650602409638554,FIXTURE,2.0,0
53-5031,16-24,0.12500000000000003,FIXTURE,3.0,0
53-5031,25-44,0.44000000000000006,FIXTURE,3.0,0
53-5031,45-54,0.20000000000000004,FIXTURE,3.0,0
53-5031,55+,0.23500000000000001,FIXTURE,3.0,0
53-6011,16-24,0.15662650602409642,FIXTURE,2.0,0
53-6011,25-44,0.4240963855421687,FIXTURE,2.0,0
53-6011,45-54,0.1927710843373494,FIXTURE,2.0,0
53-6011,55+,0.22650602409638554,FIXTURE,2.0,0
53-6021,16-24,0.15662650602409642,FIXTURE,2.0,0
53-6021,25-44,0.4240963855421687,FIXTURE,2.0,0
53-6021,45-54,0.1927710843373494,FIXTURE,2.0,0
53-6021,55+,0.22650602409638554,FIXTURE,2.0,0
53-6031,16-24,0.15662650602409642,FIXTURE,2.0,0
53-6031,25-44,0.4240963855421687,FIXTURE,2.0,0
53-6031,45-54,0.1927710843373494,FIXTURE,2.0,0
53-6031,55+,0.22650602409638554,FIXTURE,2.0,0
53-6032,16-24,0.15539396311017203,FIXTURE,2.034027723392591,1
53-6032,25-44,0.42471617855031346,FIXTURE,2.034027723392591,1
53-6032,45-54,0.19305280843196065,FIXTURE,2.034027723392591,1
53-6032,55+,0.22683704990755377,FIXTURE,2.034027723392591,1
53-6041,16-24,0.12500000000000003,FIXTURE,3.0,0
53-6041,25-44,0.44000000000000006,FIXTURE,3.0,0
53-6041,45-54,0.20000000000000004,FIXTURE,3.0,0
53-6041,55+,0.23500000000000001,FIXTURE,3.0,0
53-6051,16-24,0.11778693722257451,FIXTURE,3.0,0
53-6051,25-44,0.4436271401395054,FIXTURE,3.0,0
53-6051,45-54,0.20164870006341154,FIXTURE,3.0,0
53-6051,55+,0.23693722257450855,FIXTURE,3.0,0
53-6061,16-24,0.15662650602409642,FIXTURE,2.0,0
53-6061,25-44,0.4240963855421687,FIXTURE,2.0,0
53-6061,45-54,0.1927710843373494,FIXTURE,2.0,0
53-6061,55+,0.22650602409638554,FIXTURE,2.0,0
53-6099,16-24,0.07894736842105263,FIXTURE,4.0,0
53-6099,25-44,0.4631578947368421,FIXTURE,4.0,0
53-6099,45-54,0.2105263157894737,FIXTURE,4.0,0
53-6099,55+,0.24736842105263157,FIXTURE,4.0,0
53-7011,16-24,0.186046511627907,FIXTURE,1.0,0
53-7011,25-44,0.40930232558139534,FIXTURE,1.0,0
53-7011,45-54,0.186046511627907,FIXTURE,1.0,0
53-7011,55+,0.21860465116279068,FIXTURE,1.0,0
53-7021,16-24,0.12500000000000003,FIXTURE,3.0,0
53-7021,25-44,0.44000000000000006,FIXTURE,3.0,0
53-7021,45-54,0.20000000000000004,FIXTURE,3.0,0
53-7021,55+,0.23500000000000001,FIXTURE,3.0,0
53-7031,16-24,0.15662650602409642,FIXTURE,2.0,0
53-7031,25-44,0.4240963855421687,FIXTURE,2.0,0
53-7031,45-54,0.1927710843373494,FIXTURE,2.0,0
53-7031,55+,0.22650602409638554,FIXTURE,2.0,0
53-7041,16-24,0.15662650602409642,FIXTURE,2.0,0
53-7041,25-44,0.4240963855421687,FIXTURE,2.0,0
53-7041,45-54,0.1927710843373494,FIXTURE,2.0,0
53-7041,55+,0.22650602409638554,FIXTURE,2.0,0
53-7051,16-24,0.15662650602409642,FIXTURE,2.0,0
53-7051,25-44,0.4240963855421687,FIXTURE,2.0,0
53-7051,45-54,0.1927710843373494,FIXTURE,2.0,0
53-7051,55+,0.22650602409638554,FIXTURE,2.0,0
53-7061,16-24,0.15662650602409642,FIXTURE,2.0,0
53-7061,25-44,0.4240963855421687,FIXTURE,2.0,0
53-7061,45-54,0.1927710843373494,FIXTURE,2.0,0
53-7061,55+,0.22650602409638554,FIXTURE,2.0,0
53-7062,16-24,0.15662650602409642,FIXTURE,2.0,0
53-7062,25-44,0.4240963855421687,FIXTURE,2.0,0
53-7062,45-54,0.1927710843373494,FIXTURE,2.0,0
53-7062,55+,0.22650602409638554,FIXTURE,2.0,0
53-7063,16-24,0.15662650602409642,FIXTURE,2.0,0
53-7063,25-44,0.4240963855421687,FIXTURE,2.0,0
53-7063,45-54,0.1927710843373494,FIXTURE,2.0,0
53-7063,55+,0.22650602409638554,FIXTURE,2.0,0
53-7064,16-24,0.15662650602409642,FIXTURE,2.0,0
53-7064,25-44,0.4240963855421687,FIXTURE,2.0,0
53-7064,45-54,0.1927710843373494,FIXTURE,2.0,0
53-7064,55+,0.22650602409638554,FIXTURE,2.0,0
53-7065,16-24,0.15662650602409642,FIXTURE,2.0,0
53-7065,25-44,0.4240963855421687,FIXTURE,2.0,0
53-7065,45-54,0.1927710843373494,FIXTURE,2.0,0
53-7065,55+,0.22650602409638554,FIXTURE,2.0,0
53-7071,16-24,0.15662650602409642,FIXTURE,2.0,0
53-7071,25-44,0.4240963855421687,FIXTURE,2.0,0
53-7071,45-54,0.1927710843373494,FIXTURE,2.0,0
53-7071,55+,0.22650602409638554,FIXTURE,2.0,0
53-7072,16-24,0.15662650602409642,FIXTURE,2.0,0
53-7072,25-44,0.4240963855421687,FIXTURE,2.0,0
53-7072,45-54,0.1927710843373494,FIXTURE,2.0,0
53-7072,55+,0.22650602409638554,FIXTURE,2.0,0
53-7073,16-24,0.15662650602409642,FIXTURE,2.0,0
53-7073,25-44,0.4240963855421687,FIXTURE,2.0,0
53-7073,45-54,0.1927710843373494,FIXTURE,2.0,0
53-7073,55+,0.22650602409638554,FIXTURE,2.0,0
53-7081,16-24,0.15662650602409642,FIXTURE,2.0,0
53-7081,25-44,0.4240963855421687,FIXTURE,2.0,0
53-7081,45-54,0.1927710843373494,FIXTURE,2.0,0
53-7081,55+,0.22650602409638554,FIXTURE,2.0,0
53-7121,16-24,0.15662650602409642,FIXTURE,2.0,0
53-7121,25-44,0.4240963855421687,FIXTURE,2.0,0
53-7121,45-54,0.1927710843373494,FIXTURE,2.0,0
53-7121,55+,0.22650602409638554,FIXTURE,2.0,0
53-7199,16-24,0.15539396311017203,FIXTURE,2.034027723392591,1
53-7199,25-44,0.42471617855031346,FIXTURE,2.034027723392591,1
53-7199,45-54,0.19305280843196065,FIXTURE,2.034027723392591,1
53-7199,55+,0.22683704990755377,FIXTURE,2.034027723392591,1
