occ_code,decile,share,source_tag,mu,sigma,n_points,fit_level
11-1011,1,0.006489691807830156,partial:OEWS_May2021_lognormal;D,12.127743836656393,0.8487020550933907,3,own
11-1011,2,0.007964428643650212,partial:OEWS_May2021_lognormal;D,12.127743836656393,0.8487020550933907,3,own
11-1011,3,0.010039443896672717,partial:OEWS_May2021_lognormal;D,12.127743836656393,0.8487020550933907,3,own
11-1011,4,0.012709137354516176,partial:OEWS_May2021_lognormal;D,12.127743836656393,0.8487020550933907,3,own
11-1011,5,0.016324050399363965,partial:OEWS_May2021_lognormal;D,12.127743836656393,0.8487020550933907,3,own
11-1011,6,0.02154194591736147,partial:OEWS_May2021_lognormal;D,12.127743836656393,0.8487020550933907,3,own
11-1011,7,0.029769629022815713,partial:OEWS_May2021_lognormal;D,12.127743836656393,0.8487020550933907,3,own
11-1011,8,0.044698218177090965,partial:OEWS_May2021_lognormal;D,12.127743836656393,0.8487020550933907,3,own
11-1011,9,0.08047031385037395,partial:OEWS_May2021_lognormal;D,12.127743836656393,0.8487020550933907,3,own
11-1011,10,0.7699931409303247,partial:OEWS_May2021_lognormal;D,12.127743836656393,0.8487020550933907,3,own
11-1021,1,0.011956466958311707,partial:OEWS_May2021_lognormal;D,11.485761294930212,0.6493074383392818,4,own
11-1021,2,0.01899970037669091,partial:OEWS_May2021_lognormal;D,11.485761294930212,0.6493074383392818,4,own
11-1021,3,0.025578101567170053,partial:OEWS_May2021_lognormal;D,11.485761294930212,0.6493074383392818,4,own
11-1021,4,0.03305748578539264,partial:OEWS_May2021_lognormal;D,11.485761294930212,0.6493074383392818,4,own
11-1021,5,0.04224356119617395,partial:OEWS_May2021_lognormal;D,11.485761294930212,0.6493074383392818,4,own
11-1021,6,0.05429643751887375,partial:OEWS_May2021_lognormal;D,11.485761294930212,0.6493074383392818,4,own
11-1021,7,0.07140297543684748,partial:OEWS_May2021_lognormal;D,11.485761294930212,0.6493074383392818,4,own
11-1021,8,0.09868131374595523,partial:OEWS_May2021_lognormal;D,11.485761294930212,0.6493074383392818,4,own
11-1021,9,0.15296299931556923,partial:OEWS_May2021_lognormal;D,11.485761294930212,0.6493074383392818,4,own
11-1021,10,0.49082095809901505,partial:OEWS_May2021_lognormal;D,11.485761294930212,0.6493074383392818,4,own
11-1031,1,0.2007843444854392,partial:OEWS_May2021_lognormal;D,10.628682243818616,0.7264920443411186,5,own
11-1031,2,0.11169821159936572,partial:OEWS_May2021_lognormal;D,10.628682243818616,0.7264920443411186,5,own
11-1031,3,0.0940580087918888,partial:OEWS_May2021_lognormal;D,10.628682243818616,0.7264920443411186,5,own
11-1031,4,0.08515806479172316,partial:OEWS_May2021_lognormal;D,10.628682243818616,0.7264920443411186,5,own
11-1031,5,0.08001808064531107,partial:OEWS_May2021_lognormal;D,10.628682243818616,0.7264920443411186,5,own
11-1031,6,0.07716493675040814,partial:OEWS_May2021_lognormal;D,10.628682243818616,0.7264920443411186,5,own
11-1031,7,0.07618037129704536,partial:OEWS_May2021_lognormal;D,10.628682243818616,0.7264920443411186,5,own
11-1031,8,0.07736400106039887,partial:OEWS_May2021_lognormal;D,10.628682243818616,0.7264920443411186,5,own
11-1031,9,0.08256563477223378,partial:OEWS_May2021_lognormal;D,10.628682243818616,0.7264920443411186,5,own
11-1031,10,0.11500834580618591,partial:OEWS_May2021_lognormal;D,10.628682243818616,0.7264920443411186,5,own
11-2011,1,0.00046290867219395126,partial:OEWS_May2021_lognormal;D,11.737055551484099,0.5186272473707673,4,own
11-2011,2,0.0019242802342098742,partial:OEWS_May2021_lognormal;D,11.737055551484099,0.5186272473707673,4,own
11-2011,3,0.004399650691157442,partial:OEWS_May2021_lognormal;D,11.737055551484099,0.5186272473707673,4,own
11-2011,4,0.008358078200967234,partial:OEWS_May2021_lognormal;D,11.737055551484099,0.5186272473707673,4,own
11-2011,5,0.014641652031192054,partial:OEWS_May2021_lognormal;D,11.737055551484099,0.5186272473707673,4,own
11-2011,6,0.02483549801406565,partial:OEWS_May2021_lognormal;D,11.737055551484099,0.5186272473707673,4,own
11-2011,7,0.042259438541566496,partial:OEWS_May2021_lognormal;D,11.737055551484099,0.5186272473707673,4,own
11-2011,8,0.07519169939825221,partial:OEWS_May2021_lognormal;D,11.737055551484099,0.5186272473707673,4,own
11-2011,9,0.15221929195974698,partial:OEWS_May2021_lognormal;D,11.737055551484099,0.5186272473707673,4,own
11-2011,10,0.6757075022566481,partial:OEWS_May2021_lognormal;D,11.737055551484099,0.5186272473707673,4,own
11-2021,1,0.00004257481025810028,partial:OEWS_May2021_lognormal;D,11.836842208718709,0.462550793510232,4,own
11-2021,2,0.00032023581434326154,partial:OEWS_May2021_lognormal;D,11.836842208718709,0.462550793510232,4,own
11-2021,3,0.0010628456171180023,partial:OEWS_May2021_lognormal;D,11.836842208718709,0.462550793510232,4,own
11-2021,4,0.0026632921260143494,partial:OEWS_May2021_lognormal;D,11.836842208718709,0.462550793510232,4,own
11-2021,5,0.005865333252621063,partial:OEWS_May2021_lognormal;D,11.836842208718709,0.462550793510232,4,own
11-2021,6,0.012182164144789398,partial:OEWS_May2021_lognormal;D,11.836842208718709,0.462550793510232,4,own
11-2021,7,0.025046469422353224,partial:OEWS_May2021_lognormal;D,11.836842208718709,0.462550793510232,4,own
11-2021,8,0.05372018655096428,partial:OEWS_May2021_lognormal;D,11.836842208718709,0.462550793510232,4,own
11-2021,9,0.1327988748619035,partial:OEWS_May2021_lognormal;D,11.836842208718709,0.462550793510232,4,own
11-2021,10,0.7662980233996348,partial:OEWS_May2021_lognormal;D,11.836842208718709,0.462550793510232,4,own
11-2022,1,0.000828519454772636,partial:OEWS_May2021_lognormal;D,11.71827139620731,0.5401025843588263,4,own
11-2022,2,0.002909125407199731,partial:OEWS_May2021_lognormal;D,11.71827139620731,0.5401025843588263,4,own
11-2022,3,0.006022905291619307,partial:OEWS_May2021_lognormal;D,11.71827139620731,0.5401025843588263,4,own
11-2022,4,0.010648848205703276,partial:OEWS_May2021_lognormal;D,11.71827139620731,0.5401025843588263,4,own
11-2022,5,0.017601311159391342,partial:OEWS_May2021_lognormal;D,11.71827139620731,0.5401025843588263,4,own
11-2022,6,0.028390920859461488,partial:OEWS_May2021_lognormal;D,11.71827139620731,0.5401025843588263,4,own
11-2022,7,0.04614851995561248,partial:OEWS_May2021_lognormal;D,11.71827139620731,0.5401025843588263,4,own
11-2022,8,0.07861498049057719,partial:OEWS_May2021_lognormal;D,11.71827139620731,0.5401025843588263,4,own
11-2022,9,0.1523717159073139,partial:OEWS_May2021_lognormal;D,11.71827139620731,0.5401025843588263,4,own
11-2022,10,0.6564631532683487,partial:OEWS_May2021_lognormal;D,11.71827139620731,0.5401025843588263,4,own
11-2032,1,0.00011070371315674565,partial:OEWS_May2021_lognormal;D,11.725628845923618,0.46201731426324555,4,own
11-2032,2,0.0007257089769600045,partial:OEWS_May2021_lognormal;D,11.725628845923618,0.46201731426324555,4,own
11-2032,3,0.0021793619396895947,partial:OEWS_May2021_lognormal;D,11.725628845923618,0.46201731426324555,4,own
11-2032,4,0.0050268255075123225,partial:OEWS_May2021_lognormal;D,11.725628845923618,0.46201731426324555,4,own
11-2032,5,0.010264400162090515,partial:OEWS_May2021_lognormal;D,11.725628845923618,0.46201731426324555,4,own
11-2032,6,0.019798407333111945,partial:OEWS_May2021_lognormal;D,11.725628845923618,0.46201731426324555,4,own
11-2032,7,0.037677400969190755,partial:OEWS_May2021_lognormal;D,11.725628845923618,0.46201731426324555,4,own
11-2032,8,0.07404229059795703,partial:OEWS_May2021_lognormal;D,11.725628845923618,0.46201731426324555,4,own
11-2032,9,0.163362166422918,partial:OEWS_May2021_lognormal;D,11.725628845923618,0.46201731426324555,4,own
11-2032,10,0.6868127343774131,partial:OEWS_May2021_lognormal;D,11.725628845923618,0.46201731426324555,4,own
11-2033,1,0.0005491570427876291,partial:OEWS_May2021_lognormal;D,11.58719787021597,0.48035824827449936,5,own
11-2033,2,0.002572544682343414,partial:OEWS_May2021_lognormal;D,11.58719787021597,0.48035824827449936,5,own
11-2033,3,0.00618888902919007,partial:OEWS_May2021_lognormal;D,11.58719787021597,0.48035824827449936,5,own
11-2033,4,0.012026181261578561,partial:OEWS_May2021_lognormal;D,11.58719787021597,0.48035824827449936,5,own
11-2033,5,0.02119273652487491,partial:OEWS_May2021_lognormal;D,11.58719787021597,0.48035824827449936,5,own
11-2033,6,0.03567910091546872,partial:OEWS_May2021_lognormal;D,11.58719787021597,0.48035824827449936,5,own
11-2033,7,0.05940870442023061,partial:OEWS_May2021_lognormal;D,11.58719787021597,0.48035824827449936,5,own
11-2033,8,0.10142098197625032,partial:OEWS_May2021_lognormal;D,11.58719787021597,0.48035824827449936,5,own
11-2033,9,0.18951247889993972,partial:OEWS_May2021_lognormal;D,11.58719787021597,0.48035824827449936,5,own
11-2033,10,0.571449225247336,partial:OEWS_May2021_lognormal;D,11.58719787021597,0.48035824827449936,5,own
11-3012,1,0.00010702864910205889,partial:OEWS_May2021_lognormal;D,11.516277289455669,0.40439369371629286,5,own
11-3012,2,0.000952377695683404,partial:OEWS_May2021_lognormal;D,11.516277289455669,0.40439369371629286,5,own
11-3012,3,0.003341393041302765,partial:OEWS_May2021_lognormal;D,11.516277289455669,0.40439369371629286,5,own
11-3012,4,0.008397974720062595,partial:OEWS_May2021_lognormal;D,11.516277289455669,0.40439369371629286,5,own
11-3012,5,0.017931467460976847,partial:OEWS_May2021_lognormal;D,11.516277289455669,0.40439369371629286,5,own
11-3012,6,0.03503773727793563,partial:OEWS_May2021_lognormal;D,11.516277289455669,0.40439369371629286,5,own
11-3012,7,0.06544611992148602,partial:OEWS_May2021_lognormal;D,11.516277289455669,0.40439369371629286,5,own
11-3012,8,0.12108136529264713,partial:OEWS_May2021_lognormal;D,11.516277289455669,0.40439369371629286,5,own
11-3012,9,0.23234317261264537,partial:OEWS_May2021_lognormal;D,11.516277289455669,0.40439369371629286,5,own
11-3012,10,0.5153613633281582,partial:OEWS_May2021_lognormal;D,11.516277289455669,0.40439369371629286,5,own
11-3013,1,0.00008727546809844666,partial:OEWS_May2021_lognormal;D,11.486459100252178,0.3909070397372365,5,own
11-3013,2,0.0008712329670675367,partial:OEWS_May2021_lognormal;D,11.486459100252178,0.3909070397372365,5,own
11-3013,3,0.0032636603459624824,partial:OEWS_May2021_lognormal;D,11.486459100252178,0.3909070397372365,5,own
11-3013,4,0.008552328633668671,partial:OEWS_May2021_lognormal;D,11.486459100252178,0.3909070397372365,5,own
11-3013,5,0.018780831166319123,partial:OEWS_May2021_lognormal;D,11.486459100252178,0.3909070397372365,5,own
11-3013,6,0.03737261780828094,partial:OEWS_May2021_lognormal;D,11.486459100252178,0.3909070397372365,5,own
11-3013,7,0.07046404864622485,partial:OEWS_May2021_lognormal;D,11.486459100252178,0.3909070397372365,5,own
11-3013,8,0.13020703581483273,partial:OEWS_May2021_lognormal;D,11.486459100252178,0.3909070397372365,5,own
11-3013,9,0.24493359331762254,partial:OEWS_May2021_lognormal;D,11.486459100252178,0.3909070397372365,5,own
11-3013,10,0.4854673758319227,partial:OEWS_May2021_lognormal;D,11.486459100252178,0.3909070397372365,5,own
11-3021,1,1.260709807660021e-7,partial:OEWS_May2021_lognormal;D,11.960349618451605,0.37645979398923507,4,own
11-3021,2,3.5942331939042838e-6,partial:OEWS_May2021_lognormal;D,11.960349618451605,0.37645979398923507,4,own
11-3021,3,0.000028811644667281477,partial:OEWS_May2021_lognormal;D,11.960349618451605,0.37645979398923507,4,own
11-3021,4,0.00014091488189360568,partial:OEWS_May2021_lognormal;D,11.960349618451605,0.37645979398923507,4,own
11-3021,5,0.0005415233105429684,partial:OEWS_May2021_lognormal;D,11.960349618451605,0.37645979398923507,4,own
11-3021,6,0.0018435276594181982,partial:OEWS_May2021_lognormal;D,11.960349618451605,0.37645979398923507,4,own
11-3021,7,0.0060176499327989075,partial:OEWS_May2021_lognormal;D,11.960349618451605,0.37645979398923507,4,own
11-3021,8,0.020377560896637004,partial:OEWS_May2021_lognormal;D,11.960349618451605,0.37645979398923507,4,own
11-3021,9,0.08209430918530353,partial:OEWS_May2021_lognormal;D,11.960349618451605,0.37645979398923507,4,own
11-3021,10,0.8889519821845638,partial:OEWS_May2021_lognormal;D,11.960349618451605,0.37645979398923507,4,own
11-3031,1,0.000045203231474499894,partial:OEWS_May2021_lognormal;D,11.826407265470682,0.4615902873693824,4,own
11-3031,2,0.00033871377244842904,partial:OEWS_May2021_lognormal;D,11.826407265470682,0.4615902873693824,4,own
11-3031,3,0.001120027876228169,partial:OEWS_May2021_lognormal;D,11.826407265470682,0.4615902873693824,4,own
11-3031,4,0.0027963917645160707,partial:OEWS_May2021_lognormal;D,11.826407265470682,0.4615902873693824,4,own
11-3031,5,0.006135312608297083,partial:OEWS_May2021_lognormal;D,11.826407265470682,0.4615902873693824,4,own
11-3031,6,0.012690856066326694,partial:OEWS_May2021_lognormal;D,11.826407265470682,0.4615902873693824,4,own
11-3031,7,0.025969905112432967,partial:OEWS_May2021_lognormal;D,11.826407265470682,0.4615902873693824,4,own
11-3031,8,0.05537602365011307,partial:OEWS_May2021_lognormal;D,11.826407265470682,0.4615902873693824,4,own
11-3031,9,0.1357413179062676,partial:OEWS_May2021_lognormal;D,11.826407265470682,0.4615902873693824,4,own
11-3031,10,0.7597862480118954,partial:OEWS_May2021_lognormal;D,11.826407265470682,0.4615902873693824,4,own
11-3051,1,0.000029286880656509418,partial:OEWS_May2021_lognormal;D,11.551590470277073,0.3813145365983199,5,own
11-3051,2,0.00037235798378210117,partial:OEWS_May2021_lognormal;D,11.551590470277073,0.3813145365983199,5,own
11-3051,3,0.0016453285264231288,partial:OEWS_May2021_lognormal;D,11.551590470277073,0.3813145365983199,5,own
11-3051,4,0.004900246414971998,partial:OEWS_May2021_lognormal;D,11.551590470277073,0.3813145365983199,5,own
11-3051,5,0.01200116569438825,partial:OEWS_May2021_lognormal;D,11.551590470277073,0.3813145365983199,5,own
11-3051,6,0.02637859739564702,partial:OEWS_May2021_lognormal;D,11.551590470277073,0.3813145365983199,5,own
11-3051,7,0.05475083394797514,partial:OEWS_May2021_lognormal;D,11.551590470277073,0.3813145365983199,5,own
11-3051,8,0.11169639462886988,partial:OEWS_May2021_lognormal;D,11.551590470277073,0.3813145365983199,5,own
11-3051,9,0.23514259457404424,partial:OEWS_May2021_lognormal;D,11.551590470277073,0.3813145365983199,5,own
11-3051,10,0.5530831939532417,partial:OEWS_May2021_lognormal;D,11.551590470277073,0.3813145365983199,5,own
11-3061,1,2.7262267072170054e-6,partial:OEWS_May2021_lognormal;D,11.749245308090376,0.38049722392995705,5,own
11-3061,2,0.000049863334988908825,partial:OEWS_May2021_lognormal;D,11.749245308090376,0.38049722392995705,5,own
11-3061,3,0.0002887257219296724,partial:OEWS_May2021_lognormal;D,11.749245308090376,0.38049722392995705,5,own
11-3061,4,0.001077830212729558,partial:OEWS_May2021_lognormal;D,11.749245308090376,0.38049722392995705,5,own
11-3061,5,0.0032434917996817525,partial:OEWS_May2021_lognormal;D,11.749245308090376,0.38049722392995705,5,own
11-3061,6,0.008715437858637431,partial:OEWS_May2021_lognormal;D,11.749245308090376,0.38049722392995705,5,own
11-3061,7,0.022290541011707632,partial:OEWS_May2021_lognormal;D,11.749245308090376,0.38049722392995705,5,own
11-3061,8,0.05750475044628417,partial:OEWS_May2021_lognormal;D,11.749245308090376,0.38049722392995705,5,own
11-3061,9,0.16363831541093166,partial:OEWS_May2021_lognormal;D,11.749245308090376,0.38049722392995705,5,own
11-3061,10,0.7431883179764021,partial:OEWS_May2021_lognormal;D,11.749245308090376,0.38049722392995705,5,own
11-3071,1,0.00010123607551265623,partial:OEWS_May2021_lognormal;D,11.490205735534934,0.39584406684228934,5,own
11-3071,2,0.0009563609553157604,partial:OEWS_May2021_lognormal;D,11.490205735534934,0.39584406684228934,5,own
11-3071,3,0.003464443664258743,partial:OEWS_May2021_lognormal;D,11.490205735534934,0.39584406684228934,5,own
11-3071,4,0.008871249321216579,partial:OEWS_May2021_lognormal;D,11.490205735534934,0.39584406684228934,5,own
11-3071,5,0.019147476956208553,partial:OEWS_May2021_lognormal;D,11.490205735534934,0.39584406684228934,5,own
11-3071,6,0.037594890910308265,partial:OEWS_May2021_lognormal;D,11.490205735534934,0.39584406684228934,5,own
11-3071,7,0.07015554273213537,partial:OEWS_May2021_lognormal;D,11.490205735534934,0.39584406684228934,5,own
11-3071,8,0.12871122852204714,partial:OEWS_May2021_lognormal;D,11.490205735534934,0.39584406684228934,5,own
11-3071,9,0.24157491823784943,partial:OEWS_May2021_lognormal;D,11.490205735534934,0.39584406684228934,5,own
11-3071,10,0.4894226526251475,partial:OEWS_May2021_lognormal;D,11.490205735534934,0.39584406684228934,5,own
11-3111,1,3.386097264745924e-6,partial:OEWS_May2021_lognormal;D,11.752117843553384,0.38501210743823217,4,own
11-3111,2,0.00005805490398791413,partial:OEWS_May2021_lognormal;D,11.752117843553384,0.38501210743823217,4,own
11-3111,3,0.0003225361132188076,partial:OEWS_May2021_lognormal;D,11.752117843553384,0.38501210743823217,4,own
11-3111,4,0.0011683078136333624,partial:OEWS_May2021_lognormal;D,11.752117843553384,0.38501210743823217,4,own
11-3111,5,0.003432740367362963,partial:OEWS_May2021_lognormal;D,11.752117843553384,0.38501210743823217,4,own
11-3111,6,0.009041531038922523,partial:OEWS_May2021_lognormal;D,11.752117843553384,0.38501210743823217,4,own
11-3111,7,0.022729446244330986,partial:OEWS_May2021_lognormal;D,11.752117843553384,0.38501210743823217,4,own
11-3111,8,0.0577632950403012,partial:OEWS_May2021_lognormal;D,11.752117843553384,0.38501210743823217,4,own
11-3111,9,0.16235652339011492,partial:OEWS_May2021_lognormal;D,11.752117843553384,0.38501210743823217,4,own
11-3111,10,0.7431241789908626,partial:OEWS_May2021_lognormal;D,11.752117843553384,0.38501210743823217,4,own
11-3121,1,8.61299400706228e-6,partial:OEWS_May2021_lognormal;D,11.73804565649733,0.399887666772133,4,own
11-3121,2,0.00011638846461525798,partial:OEWS_May2021_lognormal;D,11.73804565649733,0.399887666772133,4,own
11-3121,3,0.0005532227072398421,partial:OEWS_May2021_lognormal;D,11.73804565649733,0.399887666772133,4,own
11-3121,4,0.0017835477394237964,partial:OEWS_May2021_lognormal;D,11.73804565649733,0.399887666772133,4,own
11-3121,5,0.004764420612300313,partial:OEWS_May2021_lognormal;D,11.73804565649733,0.399887666772133,4,own
11-3121,6,0.011552973948419087,partial:OEWS_May2021_lognormal;D,11.73804565649733,0.399887666772133,4,own
11-3121,7,0.026938446051538112,partial:OEWS_May2021_lognormal;D,11.73804565649733,0.399887666772133,4,own
11-3121,8,0.06374716736907804,partial:OEWS_May2021_lognormal;D,11.73804565649733,0.399887666772133,4,own
11-3121,9,0.16695001428291517,partial:OEWS_May2021_lognormal;D,11.73804565649733,0.399887666772133,4,own
11-3121,10,0.7235852058304633,partial:OEWS_May2021_lognormal;D,11.73804565649733,0.399887666772133,4,own
11-3131,1,0.0001069504647395747,partial:OEWS_May2021_lognormal;D,11.684402594003306,0.44978808516365243,5,own
11-3131,2,0.0007473665571126609,partial:OEWS_May2021_lognormal;D,11.684402594003306,0.44978808516365243,5,own
11-3131,3,0.002321377283582726,partial:OEWS_May2021_lognormal;D,11.684402594003306,0.44978808516365243,5,own
11-3131,4,0.005462728657644689,partial:OEWS_May2021_lognormal;D,11.684402594003306,0.44978808516365243,5,own
11-3131,5,0.01129088566823444,partial:OEWS_May2021_lognormal;D,11.684402594003306,0.44978808516365243,5,own
11-3131,6,0.021916235377917093,partial:OEWS_May2021_lognormal;D,11.684402594003306,0.44978808516365243,5,own
11-3131,7,0.041739265523569824,partial:OEWS_May2021_lognormal;D,11.684402594003306,0.44978808516365243,5,own
11-3131,8,0.08151133974542552,partial:OEWS_May2021_lognormal;D,11.684402594003306,0.44978808516365243,5,own
11-3131,9,0.17638817870456025,partial:OEWS_May2021_lognormal;D,11.684402594003306,0.44978808516365243,5,own
11-3131,10,0.6585156720172132,partial:OEWS_May2021_lognormal;D,11.684402594003306,0.44978808516365243,5,own
11-9013,1,0.007830611447984082,partial:OEWS_May2021_lognormal;D,11.158472597668151,0.4713786970444848,5,own
11-9013,2,0.022408013864987364,partial:OEWS_May2021_lognormal;D,11.158472597668151,0.4713786970444848,5,own
11-9013,3,0.03809204261381999,partial:OEWS_May2021_lognormal;D,11.158472597668151,0.4713786970444848,5,own
11-9013,4,0.055512147500029974,partial:OEWS_May2021_lognormal;D,11.158472597668151,0.4713786970444848,5,own
11-9013,5,0.07511520807471506,partial:OEWS_May2021_lognormal;D,11.158472597668151,0.4713786970444848,5,own
11-9013,6,0.09746759201757665,partial:OEWS_May2021_lognormal;D,11.158472597668151,0.4713786970444848,5,own
11-9013,7,0.12339274033200948,partial:OEWS_May2021_lognormal;D,11.158472597668151,0.4713786970444848,5,own
11-9013,8,0.1541945953567574,partial:OEWS_May2021_lognormal;D,11.158472597668151,0.4713786970444848,5,own
11-9013,9,0.19207327957774745,partial:OEWS_May2021_lognormal;D,11.158472597668151,0.4713786970444848,5,own
11-9013,10,0.23391376921437257,partial:OEWS_May2021_lognormal;D,11.158472597668151,0.4713786970444848,5,own
11-9021,1,0.00006375147679310578,partial:OEWS_May2021_lognormal;D,11.502989379160315,0.38726579893544416,5,own
11-9021,2,0.0006863235782876287,partial:OEWS_May2021_lognormal;D,11.502989379160315,0.38726579893544416,5,own
11-9021,3,0.0027042522964301208,partial:OEWS_May2021_lognormal;D,11.502989379160315,0.38726579893544416,5,own
11-9021,4,0.007364204133354091,partial:OEWS_May2021_lognormal;D,11.502989379160315,0.38726579893544416,5,own
11-9021,5,0.01670090247057754,partial:OEWS_May2021_lognormal;D,11.502989379160315,0.38726579893544416,5,own
11-9021,6,0.034204809241128065,partial:OEWS_May2021_lognormal;D,11.502989379160315,0.38726579893544416,5,own
11-9021,7,0.06627015614220616,partial:OEWS_May2021_lognormal;D,11.502989379160315,0.38726579893544416,5,own
11-9021,8,0.12583612740651007,partial:OEWS_May2021_lognormal;D,11.502989379160315,0.38726579893544416,5,own
11-9021,9,0.2438133143430325,partial:OEWS_May2021_lognormal;D,11.502989379160315,0.38726579893544416,5,own
11-9021,10,0.5023561589116807,partial:OEWS_May2021_lognormal;D,11.502989379160315,0.38726579893544416,5,own
11-9031,1,0.016665056414062407,partial:OEWS_May2021_lognormal;D,10.781584424890346,0.3582096979970925,5,own
11-9031,2,0.06139414430885676,partial:OEWS_May2021_lognormal;D,10.781584424890346,0.3582096979970925,5,own
11-9031,3,0.10430127903350217,partial:OEWS_May2021_lognormal;D,10.781584424890346,0.3582096979970925,5,own
11-9031,4,0.1371542874375215,partial:OEWS_May2021_lognormal;D,10.781584424890346,0.3582096979970925,5,own
11-9031,5,0.1564532981008857,partial:OEWS_May2021_lognormal;D,10.781584424890346,0.3582096979970925,5,own
11-9031,6,0.16030141468675824,partial:OEWS_May2021_lognormal;D,10.781584424890346,0.3582096979970925,5,own
11-9031,7,0.14775425940753317,partial:OEWS_May2021_lognormal;D,10.781584424890346,0.3582096979970925,5,own
11-9031,8,0.11878046980820012,partial:OEWS_May2021_lognormal;D,10.781584424890346,0.3582096979970925,5,own
11-9031,9,0.07484931370720338,partial:OEWS_May2021_lognormal;D,10.781584424890346,0.3582096979970925,5,own
11-9031,10,0.022346477095476547,partial:OEWS_May2021_lognormal;D,10.781584424890346,0.3582096979970925,5,own
11-9032,1,0.000018608737570147138,partial:OEWS_May2021_lognormal;D,11.492532175201202,0.35722833122436776,5,own
11-9032,2,0.0003034517853719998,partial:OEWS_May2021_lognormal;D,11.492532175201202,0.35722833122436776,5,own
11-9032,3,0.0015492750879421147,partial:OEWS_May2021_lognormal;D,11.492532175201202,0.35722833122436776,5,own
11-9032,4,0.005065416194644068,partial:OEWS_May2021_lognormal;D,11.492532175201202,0.35722833122436776,5,own
11-9032,5,0.013215300493349236,partial:OEWS_May2021_lognormal;D,11.492532175201202,0.35722833122436776,5,own
11-9032,6,0.030276231955932598,partial:OEWS_May2021_lognormal;D,11.492532175201202,0.35722833122436776,5,own
11-9032,7,0.06422177900130555,partial:OEWS_May2021_lognormal;D,11.492532175201202,0.35722833122436776,5,own
11-9032,8,0.13078809167116506,partial:OEWS_May2021_lognormal;D,11.492532175201202,0.35722833122436776,5,own
11-9032,9,0.26368506214053405,partial:OEWS_May2021_lognormal;D,11.492532175201202,0.35722833122436776,5,own
11-9032,10,0.4908767829321852,partial:OEWS_May2021_lognormal;D,11.492532175201202,0.35722833122436776,5,own
11-9033,1,0.00035989096786526176,partial:OEWS_May2021_lognormal;D,11.521954466337004,0.4443231841002171,5,own
11-9033,2,0.0021197480638585064,partial:OEWS_May2021_lognormal;D,11.521954466337004,0.4443231841002171,5,own
11-9033,3,0.005784773819518418,partial:OEWS_May2021_lognormal;D,11.521954466337004,0.4443231841002171,5,own
11-9033,4,0.012190814837398423,partial:OEWS_May2021_lognormal;D,11.521954466337004,0.4443231841002171,5,own
11-9033,5,0.022728303637568115,partial:OEWS_May2021_lognormal;D,11.521954466337004,0.4443231841002171,5,own
11-9033,6,0.03979295825760948,partial:OEWS_May2021_lognormal;D,11.521954466337004,0.4443231841002171,5,own
11-9033,7,0.06788689307766083,partial:OEWS_May2021_lognormal;D,11.521954466337004,0.4443231841002171,5,own
11-9033,8,0.11673430054654999,partial:OEWS_May2021_lognormal;D,11.521954466337004,0.4443231841002171,5,own
11-9033,9,0.213327893469549,partial:OEWS_May2021_lognormal;D,11.521954466337004,0.4443231841002171,5,own
11-9033,10,0.519074423322422,partial:OEWS_May2021_lognormal;D,11.521954466337004,0.4443231841002171,5,own
11-9039,1,0.0015758987912808942,partial:OEWS_May2021_lognormal;D,11.367030813971802,0.4564715658867073,5,own
11-9039,2,0.006723012620175661,partial:OEWS_May2021_lognormal;D,11.367030813971802,0.4564715658867073,5,own
11-9039,3,0.014786031415007839,partial:OEWS_May2021_lognormal;D,11.367030813971802,0.4564715658867073,5,own
11-9039,4,0.026321869145428334,partial:OEWS_May2021_lognormal;D,11.367030813971802,0.4564715658867073,5,own
11-9039,5,0.042377403978382355,partial:OEWS_May2021_lognormal;D,11.367030813971802,0.4564715658867073,5,own
11-9039,6,0.06468800042064438,partial:OEWS_May2021_lognormal;D,11.367030813971802,0.4564715658867073,5,own
11-9039,7,0.09627849904183194,partial:OEWS_May2021_lognormal;D,11.367030813971802,0.4564715658867073,5,own
11-9039,8,0.14306298175810117,partial:OEWS_May2021_lognormal;D,11.367030813971802,0.4564715658867073,5,own
11-9039,9,0.21936258726035418,partial:OEWS_May2021_lognormal;D,11.367030813971802,0.4564715658867073,5,own
11-9039,10,0.38482371556879325,partial:OEWS_May2021_lognormal;D,11.367030813971802,0.4564715658867073,5,own
11-9041,1,2.301134061077903e-9,partial:OEWS_May2021_lognormal;D,11.939241526925796,0.32758468999843793,4,own
11-9041,2,1.8175120586327864e-7,partial:OEWS_May2021_lognormal;D,11.939241526925796,0.32758468999843793,4,own
11-9041,3,2.8348589212745523e-6,partial:OEWS_May2021_lognormal;D,11.939241526925796,0.32758468999843793,4,own
11-9041,4,0.000022939725009218925,partial:OEWS_May2021_lognormal;D,11.939241526925796,0.32758468999843793,4,own
11-9041,5,0.0001332554783537998,partial:OEWS_May2021_lognormal;D,11.939241526925796,0.32758468999843793,4,own
11-9041,6,0.0006492619516580977,partial:OEWS_May2021_lognormal;D,11.939241526925796,0.32758468999843793,4,own
11-9041,7,0.0029325062406420632,partial:OEWS_May2021_lognormal;D,11.939241526925796,0.32758468999843793,4,own
11-9041,8,0.013478161975122527,partial:OEWS_May2021_lognormal;D,11.939241526925796,0.32758468999843793,4,own
11-9041,9,0.07311417191370545,partial:OEWS_May2021_lognormal;D,11.939241526925796,0.32758468999843793,4,own
11-9041,10,0.9096666838042476,partial:OEWS_May2021_lognormal;D,11.939241526925796,0.32758468999843793,4,own
11-9051,1,0.005033348878902166,partial:OEWS_May2021_lognormal;D,10.996824242532394,0.3798441247289513,5,own
11-9051,2,0.02341372847813189,partial:OEWS_May2021_lognormal;D,10.996824242532394,0.3798441247289513,5,own
11-9051,3,0.049148271169855984,partial:OEWS_May2021_lognormal;D,10.996824242532394,0.3798441247289513,5,own
11-9051,4,0.07889352089268353,partial:OEWS_May2021_lognormal;D,10.996824242532394,0.3798441247289513,5,own
11-9051,5,0.10999059112095805,partial:OEWS_May2021_lognormal;D,10.996824242532394,0.3798441247289513,5,own
11-9051,6,0.13946202216107384,partial:OEWS_May2021_lognormal;D,10.996824242532394,0.3798441247289513,5,own
11-9051,7,0.16329971761433992,partial:OEWS_May2021_lognormal;D,10.996824242532394,0.3798441247289513,5,own
11-9051,8,0.17521077089358383,partial:OEWS_May2021_lognormal;D,10.996824242532394,0.3798441247289513,5,own
11-9051,9,0.16321736378197582,partial:OEWS_May2021_lognormal;D,10.996824242532394,0.3798441247289513,5,own
11-9051,10,0.09233066500849496,partial:OEWS_May2021_lognormal;D,10.996824242532394,0.3798441247289513,5,own
11-9071,1,0.001409718869954002,partial:OEWS_May2021_lognormal;D,11.285913005796948,0.42408014946207495,5,own
11-9071,2,0.0070792014278566184,partial:OEWS_May2021_lognormal;D,11.285913005796948,0.42408014946207495,5,own
11-9071,3,0.01681161515532459,partial:OEWS_May2021_lognormal;D,11.285913005796948,0.42408014946207495,5,own
11-9071,4,0.031133897075224903,partial:OEWS_May2021_lognormal;D,11.285913005796948,0.42408014946207495,5,own
11-9071,5,0.05102688252905019,partial:OEWS_May2021_lognormal;D,11.285913005796948,0.42408014946207495,5,own
11-9071,6,0.0779706681268375,partial:OEWS_May2021_lognormal;D,11.285913005796948,0.42408014946207495,5,own
11-9071,7,0.11420745181219172,partial:OEWS_May2021_lognormal;D,11.285913005796948,0.42408014946207495,5,own
11-9071,8,0.16327339210639857,partial:OEWS_May2021_lognormal;D,11.285913005796948,0.42408014946207495,5,own
11-9071,9,0.23082817734458472,partial:OEWS_May2021_lognormal;D,11.285913005796948,0.42408014946207495,5,own
11-9071,10,0.3062589955525772,partial:OEWS_May2021_lognormal;D,11.285913005796948,0.42408014946207495,5,own
11-9072,1,0.011425198906555134,partial:OEWS_May2021_lognormal;D,11.095223791657506,0.4727479705464096,5,own
11-9072,2,0.029673956651996403,partial:OEWS_May2021_lognormal;D,11.095223791657506,0.4727479705464096,5,own
11-9072,3,0.04737048824107659,partial:OEWS_May2021_lognormal;D,11.095223791657506,0.4727479705464096,5,own
11-9072,4,0.06566717595615179,partial:OEWS_May2021_lognormal;D,11.095223791657506,0.4727479705464096,5,own
11-9072,5,0.08499105301270865,partial:OEWS_May2021_lognormal;D,11.095223791657506,0.4727479705464096,5,own
11-9072,6,0.10568228679131197,partial:OEWS_May2021_lognormal;D,11.095223791657506,0.4727479705464096,5,own
11-9072,7,0.1280896692229479,partial:OEWS_May2021_lognormal;D,11.095223791657506,0.4727479705464096,5,own
11-9072,8,0.152558936874244,partial:OEWS_May2021_lognormal;D,11.095223791657506,0.4727479705464096,5,own
11-9072,9,0.1790135910988807,partial:OEWS_May2021_lognormal;D,11.095223791657506,0.4727479705464096,5,own
11-9072,10,0.19552764324412686,partial:OEWS_May2021_lognormal;D,11.095223791657506,0.4727479705464096,5,own
11-9081,1,0.008115231063468176,partial:OEWS_May2021_lognormal;D,11.004786529557482,0.40999539537114005,5,own
11-9081,2,0.029136158160643244,partial:OEWS_May2021_lognormal;D,11.004786529557482,0.40999539537114005,5,own
11-9081,3,0.05347076117670507,partial:OEWS_May2021_lognormal;D,11.004786529557482,0.40999539537114005,5,own
11-9081,4,0.0792660057701906,partial:OEWS_May2021_lognormal;D,11.004786529557482,0.40999539537114005,5,own
11-9081,5,0.10524423467054239,partial:OEWS_May2021_lognormal;D,11.004786529557482,0.40999539537114005,5,own
11-9081,6,0.12996547056774388,partial:OEWS_May2021_lognormal;D,11.004786529557482,0.40999539537114005,5,own
11-9081,7,0.15133860179078507,partial:OEWS_May2021_lognormal;D,11.004786529557482,0.40999539537114005,5,own
11-9081,8,0.16566226273726425,partial:OEWS_May2021_lognormal;D,11.004786529557482,0.40999539537114005,5,own
11-9081,9,0.16457813975600855,partial:OEWS_May2021_lognormal;D,11.004786529557482,0.40999539537114005,5,own
11-9081,10,0.11322313430664876,partial:OEWS_May2021_lognormal;D,11.004786529557482,0.40999539537114005,5,own
11-9111,1,0.00039141072264947674,partial:OEWS_May2021_lognormal;D,11.57097233948701,0.46197719285649896,5,own
11-9111,2,0.0020979843447467283,partial:OEWS_May2021_lognormal;D,11.57097233948701,0.46197719285649896,5,own
11-9111,3,0.0054535009334100715,partial:OEWS_May2021_lognormal;D,11.57097233948701,0.46197719285649896,5,own
11-9111,4,0.011170492356112893,partial:OEWS_May2021_lognormal;D,11.57097233948701,0.46197719285649896,5,own
11-9111,5,0.02047754346405678,partial:OEWS_May2021_lognormal;D,11.57097233948701,0.46197719285649896,5,own
11-9111,6,0.03555644804778435,partial:OEWS_May2021_lognormal;D,11.57097233948701,0.46197719285649896,5,own
11-9111,7,0.06065445825323024,partial:OEWS_May2021_lognormal;D,11.57097233948701,0.46197719285649896,5,own
11-9111,8,0.10538091996348636,partial:OEWS_May2021_lognormal;D,11.57097233948701,0.46197719285649896,5,own
11-9111,9,0.19836833753045274,partial:OEWS_May2021_lognormal;D,11.57097233948701,0.46197719285649896,5,own
11-9111,10,0.5604489043840704,partial:OEWS_May2021_lognormal;D,11.57097233948701,0.46197719285649896,5,own
11-9121,1,0.00012457735374160617,partial:OEWS_May2021_lognormal;D,11.86311893225683,0.5033499383154362,4,own
11-9121,2,0.0006697786335007616,partial:OEWS_May2021_lognormal;D,11.86311893225683,0.5033499383154362,4,own
11-9121,3,0.0018109360518602236,partial:OEWS_May2021_lognormal;D,11.86311893225683,0.5033499383154362,4,own
11-9121,4,0.003918321284484272,partial:OEWS_May2021_lognormal;D,11.86311893225683,0.5033499383154362,4,own
11-9121,5,0.007681729926138803,partial:OEWS_May2021_lognormal;D,11.86311893225683,0.5033499383154362,4,own
11-9121,6,0.014467991792596502,partial:OEWS_May2021_lognormal;D,11.86311893225683,0.5033499383154362,4,own
11-9121,7,0.02730964186099094,partial:OEWS_May2021_lognormal;D,11.86311893225683,0.5033499383154362,4,own
11-9121,8,0.054273462328502275,partial:OEWS_May2021_lognormal;D,11.86311893225683,0.5033499383154362,4,own
11-9121,9,0.12550311780949547,partial:OEWS_May2021_lognormal;D,11.86311893225683,0.5033499383154362,4,own
11-9121,10,0.7642404429586891,partial:OEWS_May2021_lognormal;D,11.86311893225683,0.5033499383154362,4,own
11-9131,1,0.0,partial:OEWS_May2021_lognormal;D,11.309740959611876,0.13993662807658222,5,own
11-9131,2,6.572520305780927e-14,partial:OEWS_May2021_lognormal;D,11.309740959611876,0.13993662807658222,5,own
11-9131,3,5.489276255765674e-10,partial:OEWS_May2021_lognormal;D,11.309740959611876,0.13993662807658222,5,own
11-9131,4,3.25782427146315e-7,partial:OEWS_May2021_lognormal;D,11.309740959611876,0.13993662807658222,5,own
11-9131,5,0.00004240371327035586,partial:OEWS_May2021_lognormal;D,11.309740959611876,0.13993662807658222,5,own
11-9131,6,0.0019321125870133127,partial:OEWS_May2021_lognormal;D,11.309740959611876,0.13993662807658222,5,own
11-9131,7,0.037007094821714104,partial:OEWS_May2021_lognormal;D,11.309740959611876,0.13993662807658222,5,own
11-9131,8,0.286504201459326,partial:OEWS_May2021_lognormal;D,11.309740959611876,0.13993662807658222,5,own
11-9131,9,0.5883286004584013,partial:OEWS_May2021_lognormal;D,11.309740959611876,0.13993662807658222,5,own
11-9131,10,0.08618526062885445,partial:OEWS_May2021_lognormal;D,11.309740959611876,0.13993662807658222,5,own
11-9141,1,0.03194898851610184,partial:OEWS_May2021_lognormal;D,10.998777986609756,0.528630067733598,5,own
11-9141,2,0.053099438109560415,partial:OEWS_May2021_lognormal;D,10.998777986609756,0.528630067733598,5,own
11-9141,3,0.06761924871064973,partial:OEWS_May2021_lognormal;D,10.998777986609756,0.528630067733598,5,own
11-9141,4,0.08042418229611864,partial:OEWS_May2021_lognormal;D,10.998777986609756,0.528630067733598,5,own
11-9141,5,0.09264888427371148,partial:OEWS_May2021_lognormal;D,10.998777986609756,0.528630067733598,5,own
11-9141,6,0.10491392699671659,partial:OEWS_May2021_lognormal;D,10.998777986609756,0.528630067733598,5,own
11-9141,7,0.11775679250572907,partial:OEWS_May2021_lognormal;D,10.998777986609756,0.528630067733598,5,own
11-9141,8,0.1318687755678768,partial:OEWS_May2021_lognormal;D,10.998777986609756,0.528630067733598,5,own
11-9141,9,0.14853173624516447,partial:OEWS_May2021_lognormal;D,10.998777986609756,0.528630067733598,5,own
11-9141,10,0.17118802677837097,partial:OEWS_May2021_lognormal;D,10.998777986609756,0.528630067733598,5,own
11-9151,1,0.00048280232332020834,partial:OEWS_May2021_lognormal;D,11.214233000006823,0.36206610718803794,5,own
11-9151,2,0.004204454194689178,partial:OEWS_May2021_lognormal;D,11.214233000006823,0.36206610718803794,5,own
11-9151,3,0.01354562839050405,partial:OEWS_May2021_lognormal;D,11.214233000006823,0.36206610718803794,5,own
11-9151,4,0.030324635979043335,partial:OEWS_May2021_lognormal;D,11.214233000006823,0.36206610718803794,5,own
11-9151,5,0.05625862209094473,partial:OEWS_May2021_lognormal;D,11.214233000006823,0.36206610718803794,5,own
11-9151,6,0.09280451949724156,partial:OEWS_May2021_lognormal;D,11.214233000006823,0.36206610718803794,5,own
11-9151,7,0.14055070412573534,partial:OEWS_May2021_lognormal;D,11.214233000006823,0.36206610718803794,5,own
11-9151,8,0.19726032945349048,partial:OEWS_May2021_lognormal;D,11.214233000006823,0.36206610718803794,5,own
11-9151,9,0.2501566438306416,partial:OEWS_May2021_lognormal;D,11.214233000006823,0.36206610718803794,5,own
11-9151,10,0.2144116601143895,partial:OEWS_May2021_lognormal;D,11.214233000006823,0.36206610718803794,5,own
11-9161,1,0.0011007256161387757,partial:OEWS_May2021_lognormal;D,11.261996696535217,0.4059007807560419,5,own
11-9161,2,0.006341417396540039,partial:OEWS_May2021_lognormal;D,11.261996696535217,0.4059007807560419,5,own
11-9161,3,0.016214826374589153,partial:OEWS_May2021_lognormal;D,11.261996696535217,0.4059007807560419,5,own
11-9161,4,0.03141847302103418,partial:OEWS_May2021_lognormal;D,11.261996696535217,0.4059007807560419,5,own
11-9161,5,0.05301186498516297,partial:OEWS_May2021_lognormal;D,11.261996696535217,0.4059007807560419,5,own
11-9161,6,0.08242412323744669,partial:OEWS_May2021_lognormal;D,11.261996696535217,0.4059007807560419,5,own
11-9161,7,0.12153803651660988,partial:OEWS_May2021_lognormal;D,11.261996696535217,0.4059007807560419,5,own
11-9161,8,0.17265638049577764,partial:OEWS_May2021_lognormal;D,11.261996696535217,0.4059007807560419,5,own
11-9161,9,0.23705761604294767,partial:OEWS_May2021_lognormal;D,11.261996696535217,0.4059007807560419,5,own
11-9161,10,0.278236536313753,partial:OEWS_May2021_lognormal;D,11.261996696535217,0.4059007807560419,5,own
11-9171,1,0.005474214290689283,partial:OEWS_May2021_lognormal;D,11.199522531745762,0.4638681188141194,5,own
11-9171,2,0.017482483650573477,partial:OEWS_May2021_lognormal;D,11.199522531745762,0.4638681188141194,5,own
11-9171,3,0.03173923591836175,partial:OEWS_May2021_lognormal;D,11.199522531745762,0.4638681188141194,5,own
11-9171,4,0.04856258918271261,partial:OEWS_May2021_lognormal;D,11.199522531745762,0.4638681188141194,5,own
11-9171,5,0.06842561570423167,partial:OEWS_May2021_lognormal;D,11.199522531745762,0.4638681188141194,5,own
11-9171,6,0.09205464479732733,partial:OEWS_May2021_lognormal;D,11.199522531745762,0.4638681188141194,5,own
11-9171,7,0.12059071088283113,partial:OEWS_May2021_lognormal;D,11.199522531745762,0.4638681188141194,5,own
11-9171,8,0.15594554722036646,partial:OEWS_May2021_lognormal;D,11.199522531745762,0.4638681188141194,5,own
11-9171,9,0.2016457964281131,partial:OEWS_May2021_lognormal;D,11.199522531745762,0.4638681188141194,5,own
11-9171,10,0.2580791619247932,partial:OEWS_May2021_lognormal;D,11.199522531745762,0.4638681188141194,5,own
11-9179,1,0.005546304011108116,partial:OEWS_May2021_lognormal;D,10.893993796281617,0.34440539042861357,5,own
11-9179,2,0.030267301347548736,partial:OEWS_May2021_lognormal;D,10.893993796281617,0.34440539042861357,5,own
11-9179,3,0.06638498612586047,partial:OEWS_May2021_lognormal;D,10.893993796281617,0.34440539042861357,5,own
11-9179,4,0.10555417165980707,partial:OEWS_May2021_lognormal;D,10.893993796281617,0.34440539042861357,5,own
11-9179,5,0.1408563344764272,partial:OEWS_May2021_lognormal;D,10.893993796281617,0.34440539042861357,5,own
11-9179,6,0.1657842967985928,partial:OEWS_May2021_lognormal;D,10.893993796281617,0.34440539042861357,5,own
11-9179,7,0.17388148582914065,partial:OEWS_May2021_lognormal;D,10.893993796281617,0.34440539042861357,5,own
11-9179,8,0.15864768799851703,partial:OEWS_May2021_lognormal;D,10.893993796281617,0.34440539042861357,5,own
11-9179,9,0.11400992144588695,partial:OEWS_May2021_lognormal;D,10.893993796281617,0.34440539042861357,5,own
11-9179,10,0.039067510307110975,partial:OEWS_May2021_lognormal;D,10.893993796281617,0.34440539042861357,5,own
11-9199,1,0.0007120781481100846,partial:OEWS_May2021_lognormal;D,11.676559721188355,0.519569382905299,4,own
11-9199,2,0.002751525273171851,partial:OEWS_May2021_lognormal;D,11.676559721188355,0.519569382905299,4,own
11-9199,3,0.0059878167025361195,partial:OEWS_May2021_lognormal;D,11.676559721188355,0.519569382905299,4,own
11-9199,4,0.010930857284710938,partial:OEWS_May2021_lognormal;D,11.676559721188355,0.519569382905299,4,own
11-9199,5,0.0184762255913985,partial:OEWS_May2021_lognormal;D,11.676559721188355,0.519569382905299,4,own
11-9199,6,0.03027691968634172,partial:OEWS_May2021_lognormal;D,11.676559721188355,0.519569382905299,4,own
11-9199,7,0.049718312945453425,partial:OEWS_May2021_lognormal;D,11.676559721188355,0.519569382905299,4,own
11-9199,8,0.08502276873867298,partial:OEWS_May2021_lognormal;D,11.676559721188355,0.519569382905299,4,own
11-9199,9,0.16362880598332602,partial:OEWS_May2021_lognormal;D,11.676559721188355,0.519569382905299,4,own
11-9199,10,0.6324946896462784,partial:OEWS_May2021_lognormal;D,11.676559721188355,0.519569382905299,4,own
13-1011,1,0.008853035928702235,partial:OEWS_May2021_lognormal;D,11.458920712262687,0.6070041386414344,4,own
13-1011,2,0.01656775823000256,partial:OEWS_May2021_lognormal;D,11.458920712262687,0.6070041386414344,4,own
13-1011,3,0.023972735196090167,partial:OEWS_May2021_lognormal;D,11.458920712262687,0.6070041386414344,4,own
13-1011,4,0.0324662034005882,partial:OEWS_May2021_lognormal;D,11.458920712262687,0.6070041386414344,4,own
13-1011,5,0.042916324079242174,partial:OEWS_May2021_lognormal;D,11.458920712262687,0.6070041386414344,4,own
13-1011,6,0.05658103716473012,partial:OEWS_May2021_lognormal;D,11.458920712262687,0.6070041386414344,4,own
13-1011,7,0.075806957642019,partial:OEWS_May2021_lognormal;D,11.458920712262687,0.6070041386414344,4,own
13-1011,8,0.10598223946598906,partial:OEWS_May2021_lognormal;D,11.458920712262687,0.6070041386414344,4,own
13-1011,9,0.1642921323817098,partial:OEWS_May2021_lognormal;D,11.458920712262687,0.6070041386414344,4,own
13-1011,10,0.4725615765109267,partial:OEWS_May2021_lognormal;D,11.458920712262687,0.6070041386414344,4,own
13-1020,1,0.00542723002358364,partial:OEWS_May2021_lognormal;D,11.083935729269808,0.4179448396520875,5,own
13-1020,2,0.020825418441133503,partial:OEWS_May2021_lognormal;D,11.083935729269808,0.4179448396520875,5,own
13-1020,3,0.04051815112578433,partial:OEWS_May2021_lognormal;D,11.083935729269808,0.4179448396520875,5,own
13-1020,4,0.0634305608540417,partial:OEWS_May2021_lognormal;D,11.083935729269808,0.4179448396520875,5,own
13-1020,5,0.08894347359412669,partial:OEWS_May2021_lognormal;D,11.083935729269808,0.4179448396520875,5,own
13-1020,6,0.11637213087020754,partial:OEWS_May2021_lognormal;D,11.083935729269808,0.4179448396520875,5,own
13-1020,7,0.14458881752986047,partial:OEWS_May2021_lognormal;D,11.083935729269808,0.4179448396520875,5,own
13-1020,8,0.17118153106775963,partial:OEWS_May2021_lognormal;D,11.083935729269808,0.4179448396520875,5,own
13-1020,9,0.1893742314051038,partial:OEWS_May2021_lognormal;D,11.083935729269808,0.4179448396520875,5,own
13-1020,10,0.15933845508839872,partial:OEWS_May2021_lognormal;D,11.083935729269808,0.4179448396520875,5,own
13-1031,1,0.001420592106341989,partial:OEWS_May2021_lognormal;D,11.073520932570151,0.3532470631496001,5,own
13-1031,2,0.010347734186378021,partial:OEWS_May2021_lognormal;D,11.073520932570151,0.3532470631496001,5,own
13-1031,3,0.02867391343400344,partial:OEWS_May2021_lognormal;D,11.073520932570151,0.3532470631496001,5,own
13-1031,4,0.056001787913685985,partial:OEWS_May2021_lognormal;D,11.073520932570151,0.3532470631496001,5,own
13-1031,5,0.09094482508563434,partial:OEWS_May2021_lognormal;D,11.073520932570151,0.3532470631496001,5,own
13-1031,6,0.130704796523201,partial:OEWS_May2021_lognormal;D,11.073520932570151,0.3532470631496001,5,own
13-1031,7,0.1701224553605709,partial:OEWS_May2021_lognormal;D,11.073520932570151,0.3532470631496001,5,own
13-1031,8,0.19953660607708457,partial:OEWS_May2021_lognormal;D,11.073520932570151,0.3532470631496001,5,own
13-1031,9,0.19897324599371313,partial:OEWS_May2021_lognormal;D,11.073520932570151,0.3532470631496001,5,own
13-1031,10,0.11327404331938662,partial:OEWS_May2021_lognormal;D,11.073520932570151,0.3532470631496001,5,own
13-1032,1,7.9016441547064e-6,partial:OEWS_May2021_lognormal;D,11.099239035886738,0.2501526760124531,5,own
13-1032,2,0.00047427807086469764,partial:OEWS_May2021_lognormal;D,11.099239035886738,0.2501526760124531,5,own
13-1032,3,0.004635364762249072,partial:OEWS_May2021_lognormal;D,11.099239035886738,0.2501526760124531,5,own
13-1032,4,0.020980404640865258,partial:OEWS_May2021_lognormal;D,11.099239035886738,0.2501526760124531,5,own
13-1032,5,0.06142690588674493,partial:OEWS_May2021_lognormal;D,11.099239035886738,0.2501526760124531,5,own
13-1032,6,0.13288895983598753,partial:OEWS_May2021_lognormal;D,11.099239035886738,0.2501526760124531,5,own
13-1032,7,0.22212841321343346,partial:OEWS_May2021_lognormal;D,11.099239035886738,0.2501526760124531,5,own
13-1032,8,0.27933000273361686,partial:OEWS_May2021_lognormal;D,11.099239035886738,0.2501526760124531,5,own
13-1032,9,0.22386682797843915,partial:OEWS_May2021_lognormal;D,11.099239035886738,0.2501526760124531,5,own
13-1032,10,0.05426094123364433,partial:OEWS_May2021_lognormal;D,11.099239035886738,0.2501526760124531,5,own
13-1041,1,0.005564955323909326,partial:OEWS_May2021_lognormal;D,11.144581849390448,0.44327610859479455,5,own
13-1041,2,0.01914346594274874,partial:OEWS_May2021_lognormal;D,11.144581849390448,0.44327610859479455,5,own
13-1041,3,0.035699283918937785,partial:OEWS_May2021_lognormal;D,11.144581849390448,0.44327610859479455,5,own
13-1041,4,0.0550626197794688,partial:OEWS_May2021_lognormal;D,11.144581849390448,0.44327610859479455,5,own
13-1041,5,0.0773348786571359,partial:OEWS_May2021_lognormal;D,11.144581849390448,0.44327610859479455,5,own
13-1041,6,0.1027348623211981,partial:OEWS_May2021_lognormal;D,11.144581849390448,0.44327610859479455,5,own
13-1041,7,0.13152525220824146,partial:OEWS_May2021_lognormal;D,11.144581849390448,0.44327610859479455,5,own
13-1041,8,0.16379817378762224,partial:OEWS_May2021_lognormal;D,11.144581849390448,0.44327610859479455,5,own
13-1041,9,0.19825969776039665,partial:OEWS_May2021_lognormal;D,11.144581849390448,0.44327610859479455,5,own
13-1041,10,0.210876810300341,partial:OEWS_May2021_lognormal;D,11.144581849390448,0.44327610859479455,5,own
13-1051,1,0.0055726694639841035,partial:OEWS_May2021_lognormal;D,11.104430757908915,0.4275414710018434,5,own
13-1051,2,0.02041232859017944,partial:OEWS_May2021_lognormal;D,11.104430757908915,0.4275414710018434,5,own
13-1051,3,0.03895913859758704,partial:OEWS_May2021_lognormal;D,11.104430757908915,0.4275414710018434,5,own
13-1051,4,0.06051640856764784,partial:OEWS_May2021_lognormal;D,11.104430757908915,0.4275414710018434,5,own
13-1051,5,0.08476931686389333,partial:OEWS_May2021_lognormal;D,11.104430757908915,0.4275414710018434,5,own
13-1051,6,0.11140470973438876,partial:OEWS_May2021_lognormal;D,11.104430757908915,0.4275414710018434,5,own
13-1051,7,0.1398456677256985,partial:OEWS_May2021_lognormal;D,11.104430757908915,0.4275414710018434,5,own
13-1051,8,0.16862585176771183,partial:OEWS_May2021_lognormal;D,11.104430757908915,0.4275414710018434,5,own
13-1051,9,0.1928944907843425,partial:OEWS_May2021_lognormal;D,11.104430757908915,0.4275414710018434,5,own
13-1051,10,0.17699941790456664,partial:OEWS_May2021_lognormal;D,11.104430757908915,0.4275414710018434,5,own
13-1071,1,0.0055709774993560335,partial:OEWS_May2021_lognormal;D,11.050348859072594,0.40621651024943,5,own
13-1071,2,0.022349975539522282,partial:OEWS_May2021_lognormal;D,11.050348859072594,0.40621651024943,5,own
13-1071,3,0.04409840242765023,partial:OEWS_May2021_lognormal;D,11.050348859072594,0.40621651024943,5,own
13-1071,4,0.06911173437780377,partial:OEWS_May2021_lognormal;D,11.050348859072594,0.40621651024943,5,own
13-1071,5,0.09624117700564577,partial:OEWS_May2021_lognormal;D,11.050348859072594,0.40621651024943,5,own
13-1071,6,0.12418099256326326,partial:OEWS_May2021_lognormal;D,11.050348859072594,0.40621651024943,5,own
13-1071,7,0.1509530159601109,partial:OEWS_May2021_lognormal;D,11.050348859072594,0.40621651024943,5,own
13-1071,8,0.17284143702684296,partial:OEWS_May2021_lognormal;D,11.050348859072594,0.40621651024943,5,own
13-1071,9,0.18086241841819906,partial:OEWS_May2021_lognormal;D,11.050348859072594,0.40621651024943,5,own
13-1071,10,0.13378986918160574,partial:OEWS_May2021_lognormal;D,11.050348859072594,0.40621651024943,5,own
13-1074,1,0.014785800515217384,partial:OEWS_May2021_lognormal;D,10.805965613695793,0.36156274763010526,5,own
13-1074,2,0.055653348639742695,partial:OEWS_May2021_lognormal;D,10.805965613695793,0.36156274763010526,5,own
13-1074,3,0.09672482224478474,partial:OEWS_May2021_lognormal;D,10.805965613695793,0.36156274763010526,5,own
13-1074,4,0.13015089715958283,partial:OEWS_May2021_lognormal;D,10.805965613695793,0.36156274763010526,5,own
13-1074,5,0.15209619836217603,partial:OEWS_May2021_lognormal;D,10.805965613695793,0.36156274763010526,5,own
13-1074,6,0.16002139388772552,partial:OEWS_May2021_lognormal;D,10.805965613695793,0.36156274763010526,5,own
13-1074,7,0.15206700731620015,partial:OEWS_May2021_lognormal;D,10.805965613695793,0.36156274763010526,5,own
13-1074,8,0.1269321169922285,partial:OEWS_May2021_lognormal;D,10.805965613695793,0.36156274763010526,5,own
13-1074,9,0.08423297250594453,partial:OEWS_May2021_lognormal;D,10.805965613695793,0.36156274763010526,5,own
13-1074,10,0.027335442376397623,partial:OEWS_May2021_lognormal;D,10.805965613695793,0.36156274763010526,5,own
13-1075,1,0.04903922107862313,partial:OEWS_May2021_lognormal;D,11.071393568796179,0.6360071752938977,5,own
13-1075,2,0.05579999605386793,partial:OEWS_May2021_lognormal;D,11.071393568796179,0.6360071752938977,5,own
13-1075,3,0.06213973925197963,partial:OEWS_May2021_lognormal;D,11.071393568796179,0.6360071752938977,5,own
13-1075,4,0.068829806764788,partial:OEWS_May2021_lognormal;D,11.071393568796179,0.6360071752938977,5,own
13-1075,5,0.07639341688954548,partial:OEWS_May2021_lognormal;D,11.071393568796179,0.6360071752938977,5,own
13-1075,6,0.08546656290711019,partial:OEWS_May2021_lognormal;D,11.071393568796179,0.6360071752938977,5,own
13-1075,7,0.0971199285748377,partial:OEWS_May2021_lognormal;D,11.071393568796179,0.6360071752938977,5,own
13-1075,8,0.11363560390068267,partial:OEWS_May2021_lognormal;D,11.071393568796179,0.6360071752938977,5,own
13-1075,9,0.14173971826707454,partial:OEWS_May2021_lognormal;D,11.071393568796179,0.6360071752938977,5,own
13-1075,10,0.24983600631149072,partial:OEWS_May2021_lognormal;D,11.071393568796179,0.6360071752938977,5,own
13-1081,1,0.0007916709892520357,partial:OEWS_May2021_lognormal;D,11.236455972480076,0.38530801195626935,5,own
13-1081,2,0.005434770317419901,partial:OEWS_May2021_lognormal;D,11.236455972480076,0.38530801195626935,5,own
13-1081,3,0.015299848140148176,partial:OEWS_May2021_lognormal;D,11.236455972480076,0.38530801195626935,5,own
13-1081,4,0.031455178624718916,partial:OEWS_May2021_lognormal;D,11.236455972480076,0.38530801195626935,5,own
13-1081,5,0.05514069610150529,partial:OEWS_May2021_lognormal;D,11.236455972480076,0.38530801195626935,5,own
13-1081,6,0.08772598634259027,partial:OEWS_May2021_lognormal;D,11.236455972480076,0.38530801195626935,5,own
13-1081,7,0.13052380991953894,partial:OEWS_May2021_lognormal;D,11.236455972480076,0.38530801195626935,5,own
13-1081,8,0.18395588164681226,partial:OEWS_May2021_lognormal;D,11.236455972480076,0.38530801195626935,5,own
13-1081,9,0.2432541449435366,partial:OEWS_May2021_lognormal;D,11.236455972480076,0.38530801195626935,5,own
13-1081,10,0.24641801297447763,partial:OEWS_May2021_lognormal;D,11.236455972480076,0.38530801195626935,5,own
13-1082,1,0.0013121958629428998,partial:OEWS_May2021_lognormal;D,11.411740113755258,0.46282253507343285,5,own
13-1082,2,0.005649624578655976,partial:OEWS_May2021_lognormal;D,11.411740113755258,0.46282253507343285,5,own
13-1082,3,0.012590773730400628,partial:OEWS_May2021_lognormal;D,11.411740113755258,0.46282253507343285,5,own
13-1082,4,0.022748680172593072,partial:OEWS_May2021_lognormal;D,11.411740113755258,0.46282253507343285,5,own
13-1082,5,0.037234557396811474,partial:OEWS_May2021_lognormal;D,11.411740113755258,0.46282253507343285,5,own
13-1082,6,0.057920777178078475,partial:OEWS_May2021_lognormal;D,11.411740113755258,0.46282253507343285,5,own
13-1082,7,0.08817131449093274,partial:OEWS_May2021_lognormal;D,11.411740113755258,0.46282253507343285,5,own
13-1082,8,0.13485287255072687,partial:OEWS_May2021_lognormal;D,11.411740113755258,0.46282253507343285,5,own
13-1082,9,0.21573283126188914,partial:OEWS_May2021_lognormal;D,11.411740113755258,0.46282253507343285,5,own
13-1082,10,0.42378637277696873,partial:OEWS_May2021_lognormal;D,11.411740113755258,0.46282253507343285,5,own
13-1111,1,0.0014345385597279714,partial:OEWS_May2021_lognormal;D,11.4141122065866,0.4678389826627745,5,own
13-1111,2,0.0059513115714868725,partial:OEWS_May2021_lognormal;D,11.4141122065866,0.4678389826627745,5,own
13-1111,3,0.0129910031075402,partial:OEWS_May2021_lognormal;D,11.4141122065866,0.4678389826627745,5,own
13-1111,4,0.02314876475389327,partial:OEWS_May2021_lognormal;D,11.4141122065866,0.4678389826627745,5,own
13-1111,5,0.03750518259774788,partial:OEWS_May2021_lognormal;D,11.4141122065866,0.4678389826627745,5,own
13-1111,6,0.057889960397913,partial:OEWS_May2021_lognormal;D,11.4141122065866,0.4678389826627745,5,own
13-1111,7,0.08761152382813453,partial:OEWS_May2021_lognormal;D,11.4141122065866,0.4678389826627745,5,own
13-1111,8,0.13348431234948993,partial:OEWS_May2021_lognormal;D,11.4141122065866,0.4678389826627745,5,own
13-1111,9,0.21340220588991538,partial:OEWS_May2021_lognormal;D,11.4141122065866,0.4678389826627745,5,own
13-1111,10,0.426581196944151,partial:OEWS_May2021_lognormal;D,11.4141122065866,0.4678389826627745,5,own
13-1121,1,0.030179784987084957,partial:OEWS_May2021_lognormal;D,10.85488033898882,0.44490203857950245,5,own
13-1121,2,0.06548799751806067,partial:OEWS_May2021_lognormal;D,10.85488033898882,0.44490203857950245,5,own
13-1121,3,0.0898507257361082,partial:OEWS_May2021_lognormal;D,10.85488033898882,0.44490203857950245,5,own
13-1121,4,0.1082518254725311,partial:OEWS_May2021_lognormal;D,10.85488033898882,0.44490203857950245,5,own
13-1121,5,0.1217852552068851,partial:OEWS_May2021_lognormal;D,10.85488033898882,0.44490203857950245,5,own
13-1121,6,0.13055871480552728,partial:OEWS_May2021_lognormal;D,10.85488033898882,0.44490203857950245,5,own
13-1121,7,0.13398597909179288,partial:OEWS_May2021_lognormal;D,10.85488033898882,0.44490203857950245,5,own
13-1121,8,0.13049309388115515,partial:OEWS_May2021_lognormal;D,10.85488033898882,0.44490203857950245,5,own
13-1121,9,0.11610082870834493,partial:OEWS_May2021_lognormal;D,10.85488033898882,0.44490203857950245,5,own
13-1121,10,0.07330579459250974,partial:OEWS_May2021_lognormal;D,10.85488033898882,0.44490203857950245,5,own
13-1131,1,0.004972770438775587,partial:OEWS_May2021_lognormal;D,11.017007857891755,0.38705714528462815,5,own
13-1131,2,0.022406634405919057,partial:OEWS_May2021_lognormal;D,11.017007857891755,0.38705714528462815,5,own
13-1131,3,0.046556326175309914,partial:OEWS_May2021_lognormal;D,11.017007857891755,0.38705714528462815,5,own
13-1131,4,0.07469206399341277,partial:OEWS_May2021_lognormal;D,11.017007857891755,0.38705714528462815,5,own
13-1131,5,0.10471008897525214,partial:OEWS_May2021_lognormal;D,11.017007857891755,0.38705714528462815,5,own
13-1131,6,0.13421272959902103,partial:OEWS_May2021_lognormal;D,11.017007857891755,0.38705714528462815,5,own
13-1131,7,0.1598297204287089,partial:OEWS_May2021_lognormal;D,11.017007857891755,0.38705714528462815,5,own
13-1131,8,0.17594195603553575,partial:OEWS_May2021_lognormal;D,11.017007857891755,0.38705714528462815,5,own
13-1131,9,0.1709679365760638,partial:OEWS_May2021_lognormal;D,11.017007857891755,0.38705714528462815,5,own
13-1131,10,0.10570977337200105,partial:OEWS_May2021_lognormal;D,11.017007857891755,0.38705714528462815,5,own
13-1141,1,0.001507760340708375,partial:OEWS_May2021_lognormal;D,11.09111521608825,0.36135416824652894,5,own
13-1141,2,0.010325748493650255,partial:OEWS_May2021_lognormal;D,11.09111521608825,0.36135416824652894,5,own
13-1141,3,0.027787229809062675,partial:OEWS_May2021_lognormal;D,11.09111521608825,0.36135416824652894,5,own
13-1141,4,0.053536606536377374,partial:OEWS_May2021_lognormal;D,11.09111521608825,0.36135416824652894,5,own
13-1141,5,0.08658780874932936,partial:OEWS_May2021_lognormal;D,11.09111521608825,0.36135416824652894,5,own
13-1141,6,0.12489067151950939,partial:OEWS_May2021_lognormal;D,11.09111521608825,0.36135416824652894,5,own
13-1141,7,0.16444954113649923,partial:OEWS_May2021_lognormal;D,11.09111521608825,0.36135416824652894,5,own
13-1141,8,0.19725083807780375,partial:OEWS_May2021_lognormal;D,11.09111521608825,0.36135416824652894,5,own
13-1141,9,0.20515698029043716,partial:OEWS_May2021_lognormal;D,11.09111521608825,0.36135416824652894,5,own
13-1141,10,0.12850681504662242,partial:OEWS_May2021_lognormal;D,11.09111521608825,0.36135416824652894,5,own
13-1151,1,0.015097993626001671,partial:OEWS_May2021_lognormal;D,10.99605648990287,0.45064263457321574,5,own
13-1151,2,0.039339436719622645,partial:OEWS_May2021_lognormal;D,10.99605648990287,0.45064263457321574,5,own
13-1151,3,0.06132993691355665,partial:OEWS_May2021_lognormal;D,10.99605648990287,0.45064263457321574,5,own
13-1151,4,0.08223692936893157,partial:OEWS_May2021_lognormal;D,10.99605648990287,0.45064263457321574,5,own
13-1151,5,0.10219159538340433,partial:OEWS_May2021_lognormal;D,10.99605648990287,0.45064263457321574,5,own
13-1151,6,0.12097336666809527,partial:OEWS_May2021_lognormal;D,10.99605648990287,0.45064263457321574,5,own
13-1151,7,0.13795150253275507,partial:OEWS_May2021_lognormal;D,10.99605648990287,0.45064263457321574,5,own
13-1151,8,0.15163587935350664,partial:OEWS_May2021_lognormal;D,10.99605648990287,0.45064263457321574,5,own
13-1151,9,0.15785145295711733,partial:OEWS_May2021_lognormal;D,10.99605648990287,0.45064263457321574,5,own
13-1151,10,0.13139190647700882,partial:OEWS_May2021_lognormal;D,10.99605648990287,0.45064263457321574,5,own
13-1161,1,0.01158376580241599,partial:OEWS_May2021_lognormal;D,11.127503801442884,0.4880604924649642,5,own
13-1161,2,0.028503034714543962,partial:OEWS_May2021_lognormal;D,11.127503801442884,0.4880604924649642,5,own
13-1161,3,0.04463158998294958,partial:OEWS_May2021_lognormal;D,11.127503801442884,0.4880604924649642,5,own
13-1161,4,0.06144641341104495,partial:OEWS_May2021_lognormal;D,11.127503801442884,0.4880604924649642,5,own
13-1161,5,0.07955945611153548,partial:OEWS_May2021_lognormal;D,11.127503801442884,0.4880604924649642,5,own
13-1161,6,0.09955738360937244,partial:OEWS_May2021_lognormal;D,11.127503801442884,0.4880604924649642,5,own
13-1161,7,0.12221491137569213,partial:OEWS_May2021_lognormal;D,11.127503801442884,0.4880604924649642,5,own
13-1161,8,0.14876219421460918,partial:OEWS_May2021_lognormal;D,11.127503801442884,0.4880604924649642,5,own
13-1161,9,0.18150303376555,partial:OEWS_May2021_lognormal;D,11.127503801442884,0.4880604924649642,5,own
13-1161,10,0.2222382170122863,partial:OEWS_May2021_lognormal;D,11.127503801442884,0.4880604924649642,5,own
13-1199,1,0.00847949936852227,partial:OEWS_May2021_lognormal;D,11.167514201101008,0.48091486239488207,5,own
13-1199,2,0.023043031035679784,partial:OEWS_May2021_lognormal;D,11.167514201101008,0.48091486239488207,5,own
13-1199,3,0.03823116973815299,partial:OEWS_May2021_lognormal;D,11.167514201101008,0.48091486239488207,5,own
13-1199,4,0.054934053352591716,partial:OEWS_May2021_lognormal;D,11.167514201101008,0.48091486239488207,5,own
13-1199,5,0.07370192412437554,partial:OEWS_May2021_lognormal;D,11.167514201101008,0.48091486239488207,5,own
13-1199,6,0.095207312978343,partial:OEWS_May2021_lognormal;D,11.167514201101008,0.48091486239488207,5,own
13-1199,7,0.12045012670408384,partial:OEWS_May2021_lognormal;D,11.167514201101008,0.48091486239488207,5,own
13-1199,8,0.15112637240979,partial:OEWS_May2021_lognormal;D,11.167514201101008,0.48091486239488207,5,own
13-1199,9,0.19061559799158523,partial:OEWS_May2021_lognormal;D,11.167514201101008,0.48091486239488207,5,own
13-1199,10,0.24421091229687564,partial:OEWS_May2021_lognormal;D,11.167514201101008,0.48091486239488207,5,own
13-2011,1,0.0005532110268505197,partial:OEWS_May2021_lognormal;D,11.265215761284761,0.3819572274844207,5,own
13-2011,2,0.004158981268085504,partial:OEWS_May2021_lognormal;D,11.265215761284761,0.3819572274844207,5,own
13-2011,3,0.01244982795746874,partial:OEWS_May2021_lognormal;D,11.265215761284761,0.3819572274844207,5,own
13-2011,4,0.02683403771452403,partial:OEWS_May2021_lognormal;D,11.265215761284761,0.3819572274844207,5,own
13-2011,5,0.04896811908991017,partial:OEWS_May2021_lognormal;D,11.265215761284761,0.3819572274844207,5,own
13-2011,6,0.08081002862698933,partial:OEWS_May2021_lognormal;D,11.265215761284761,0.3819572274844207,5,own
13-2011,7,0.12456029782822198,partial:OEWS_May2021_lognormal;D,11.265215761284761,0.3819572274844207,5,own
13-2011,8,0.18205431784506176,partial:OEWS_May2021_lognormal;D,11.265215761284761,0.3819572274844207,5,own
13-2011,9,0.25083733650500906,partial:OEWS_May2021_lognormal;D,11.265215761284761,0.3819572274844207,5,own
13-2011,10,0.2687738421378789,partial:OEWS_May2021_lognormal;D,11.265215761284761,0.3819572274844207,5,own
13-2020,1,0.012531920695169396,partial:OEWS_May2021_lognormal;D,11.053084504822001,0.4614320807207043,5,own
13-2020,2,0.03304220350196729,partial:OEWS_May2021_lognormal;D,11.053084504822001,0.4614320807207043,5,own
13-2020,3,0.05259946580153552,partial:OEWS_May2021_lognormal;D,11.053084504822001,0.4614320807207043,5,own
13-2020,4,0.07224459008344591,partial:OEWS_May2021_lognormal;D,11.053084504822001,0.4614320807207043,5,own
13-2020,5,0.09223806953419561,partial:OEWS_May2021_lognormal;D,11.053084504822001,0.4614320807207043,5,own
13-2020,6,0.11264634909716348,partial:OEWS_May2021_lognormal;D,11.053084504822001,0.4614320807207043,5,own
13-2020,7,0.1333431175242797,partial:OEWS_May2021_lognormal;D,11.053084504822001,0.4614320807207043,5,own
13-2020,8,0.1537520916798898,partial:OEWS_May2021_lognormal;D,11.053084504822001,0.4614320807207043,5,own
13-2020,9,0.17159436337924316,partial:OEWS_May2021_lognormal;D,11.053084504822001,0.4614320807207043,5,own
13-2020,10,0.16600782870311015,partial:OEWS_May2021_lognormal;D,11.053084504822001,0.4614320807207043,5,own
13-2031,1,0.00023231257795947036,partial:OEWS_May2021_lognormal;D,11.2807779316573,0.36038945015964635,5,own
13-2031,2,0.0023641180413656038,partial:OEWS_May2021_lognormal;D,11.2807779316573,0.36038945015964635,5,own
13-2031,3,0.008528534210334171,partial:OEWS_May2021_lognormal;D,11.2807779316573,0.36038945015964635,5,own
13-2031,4,0.02093325884814351,partial:OEWS_May2021_lognormal;D,11.2807779316573,0.36038945015964635,5,own
13-2031,5,0.042162123647013605,partial:OEWS_May2021_lognormal;D,11.2807779316573,0.36038945015964635,5,own
13-2031,6,0.0752394317250748,partial:OEWS_May2021_lognormal;D,11.2807779316573,0.36038945015964635,5,own
13-2031,7,0.12344595003215397,partial:OEWS_May2021_lognormal;D,11.2807779316573,0.36038945015964635,5,own
13-2031,8,0.18913160246502908,partial:OEWS_May2021_lognormal;D,11.2807779316573,0.36038945015964635,5,own
13-2031,9,0.26711141458210036,partial:OEWS_May2021_lognormal;D,11.2807779316573,0.36038945015964635,5,own
13-2031,10,0.2708512538708254,partial:OEWS_May2021_lognormal;D,11.2807779316573,0.36038945015964635,5,own
13-2041,1,0.0018059527641439699,partial:OEWS_May2021_lognormal;D,11.30118095818597,0.44048320627826043,5,own
13-2041,2,0.008019349297910539,partial:OEWS_May2021_lognormal;D,11.30118095818597,0.44048320627826043,5,own
13-2041,3,0.017811886169507296,partial:OEWS_May2021_lognormal;D,11.30118095818597,0.44048320627826043,5,own
13-2041,4,0.03161860951396178,partial:OEWS_May2021_lognormal;D,11.30118095818597,0.44048320627826043,5,own
13-2041,5,0.05035077860522036,partial:OEWS_May2021_lognormal;D,11.30118095818597,0.44048320627826043,5,own
13-2041,6,0.07546782504348892,partial:OEWS_May2021_lognormal;D,11.30118095818597,0.44048320627826043,5,own
13-2041,7,0.10934035990094504,partial:OEWS_May2021_lognormal;D,11.30118095818597,0.44048320627826043,5,own
13-2041,8,0.15612687016380733,partial:OEWS_May2021_lognormal;D,11.30118095818597,0.44048320627826043,5,own
13-2041,9,0.2241695446944703,partial:OEWS_May2021_lognormal;D,11.30118095818597,0.44048320627826043,5,own
13-2041,10,0.32528882384654445,partial:OEWS_May2021_lognormal;D,11.30118095818597,0.44048320627826043,5,own
13-2051,1,0.0003832343983942721,partial:OEWS_May2021_lognormal;D,11.4490720671493,0.42494680920661393,5,own
13-2051,2,0.002451840170263231,partial:OEWS_May2021_lognormal;D,11.4490720671493,0.42494680920661393,5,own
13-2051,3,0.006941536477393373,partial:OEWS_May2021_lognormal;D,11.4490720671493,0.42494680920661393,5,own
13-2051,4,0.014864178973794273,partial:OEWS_May2021_lognormal;D,11.4490720671493,0.42494680920661393,5,own
13-2051,5,0.027807451725663623,partial:OEWS_May2021_lognormal;D,11.4490720671493,0.42494680920661393,5,own
13-2051,6,0.04835589999329565,partial:OEWS_May2021_lognormal;D,11.4490720671493,0.42494680920661393,5,own
13-2051,7,0.0810509922435505,partial:OEWS_May2021_lognormal;D,11.4490720671493,0.42494680920661393,5,own
13-2051,8,0.13487580180611997,partial:OEWS_May2021_lognormal;D,11.4490720671493,0.42494680920661393,5,own
13-2051,9,0.23162068455621498,partial:OEWS_May2021_lognormal;D,11.4490720671493,0.42494680920661393,5,own
13-2051,10,0.45164837965531013,partial:OEWS_May2021_lognormal;D,11.4490720671493,0.42494680920661393,5,own
13-2052,1,0.00838011663358229,partial:OEWS_May2021_lognormal;D,11.504048781252624,0.6207403058020352,4,own
13-2052,2,0.015342630250623046,partial:OEWS_May2021_lognormal;D,11.504048781252624,0.6207403058020352,4,own
13-2052,3,0.022085294213377626,partial:OEWS_May2021_lognormal;D,11.504048781252624,0.6207403058020352,4,own
13-2052,4,0.029899232081919802,partial:OEWS_May2021_lognormal;D,11.504048781252624,0.6207403058020352,4,own
13-2052,5,0.039623101402714245,partial:OEWS_May2021_lognormal;D,11.504048781252624,0.6207403058020352,4,own
13-2052,6,0.052502568645700465,partial:OEWS_May2021_lognormal;D,11.504048781252624,0.6207403058020352,4,own
13-2052,7,0.0709003065784769,partial:OEWS_May2021_lognormal;D,11.504048781252624,0.6207403058020352,4,own
13-2052,8,0.10033204686333225,partial:OEWS_May2021_lognormal;D,11.504048781252624,0.6207403058020352,4,own
13-2052,9,0.1587838861941261,partial:OEWS_May2021_lognormal;D,11.504048781252624,0.6207403058020352,4,own
13-2052,10,0.5021508171361473,partial:OEWS_May2021_lognormal;D,11.504048781252624,0.6207403058020352,4,own
13-2053,1,0.000666832239243853,partial:OEWS_May2021_lognormal;D,11.246721293166997,0.38254180722956976,5,own
13-2053,2,0.0048135150154990924,partial:OEWS_May2021_lognormal;D,11.246721293166997,0.38254180722956976,5,own
13-2053,3,0.013997052297438473,partial:OEWS_May2021_lognormal;D,11.246721293166997,0.38254180722956976,5,own
13-2053,4,0.029471429292707463,partial:OEWS_May2021_lognormal;D,11.246721293166997,0.38254180722956976,5,own
13-2053,5,0.052675053011538575,partial:OEWS_May2021_lognormal;D,11.246721293166997,0.38254180722956976,5,own
13-2053,6,0.08522360146709568,partial:OEWS_May2021_lognormal;D,11.246721293166997,0.38254180722956976,5,own
13-2053,7,0.12875137276582843,partial:OEWS_May2021_lognormal;D,11.246721293166997,0.38254180722956976,5,own
13-2053,8,0.18409941078633446,partial:OEWS_May2021_lognormal;D,11.246721293166997,0.38254180722956976,5,own
13-2053,9,0.24693408662692834,partial:OEWS_May2021_lognormal;D,11.246721293166997,0.38254180722956976,5,own
13-2053,10,0.25336764649738563,partial:OEWS_May2021_lognormal;D,11.246721293166997,0.38254180722956976,5,own
13-2054,1,0.00012230131200252625,partial:OEWS_May2021_lognormal;D,11.519868474175448,0.40911872792964005,5,own
13-2054,2,0.0010359324579888307,partial:OEWS_May2021_lognormal;D,11.519868474175448,0.40911872792964005,5,own
13-2054,3,0.0035276204616216944,partial:OEWS_May2021_lognormal;D,11.519868474175448,0.40911872792964005,5,own
13-2054,4,0.00868524576590618,partial:OEWS_May2021_lognormal;D,11.519868474175448,0.40911872792964005,5,own
13-2054,5,0.01825981581923969,partial:OEWS_May2021_lognormal;D,11.519868474175448,0.40911872792964005,5,own
13-2054,6,0.03524972295085782,partial:OEWS_May2021_lognormal;D,11.519868474175448,0.40911872792964005,5,own
13-2054,7,0.06522231869707196,partial:OEWS_May2021_lognormal;D,11.519868474175448,0.40911872792964005,5,own
13-2054,8,0.11985057825099199,partial:OEWS_May2021_lognormal;D,11.519868474175448,0.40911872792964005,5,own
13-2054,9,0.22936373667122972,partial:OEWS_May2021_lognormal;D,11.519868474175448,0.40911872792964005,5,own
13-2054,10,0.5186827276130896,partial:OEWS_May2021_lognormal;D,11.519868474175448,0.40911872792964005,5,own
13-2061,1,0.002136169967212165,partial:OEWS_May2021_lognormal;D,11.368728191992284,0.47227605364249403,5,own
13-2061,2,0.008063314422098788,partial:OEWS_May2021_lognormal;D,11.368728191992284,0.47227605364249403,5,own
13-2061,3,0.016560094552069138,partial:OEWS_May2021_lognormal;D,11.368728191992284,0.47227605364249403,5,own
13-2061,4,0.028151945011517576,partial:OEWS_May2021_lognormal;D,11.368728191992284,0.47227605364249403,5,own
13-2061,5,0.043798105028305445,partial:OEWS_May2021_lognormal;D,11.368728191992284,0.47227605364249403,5,own
13-2061,6,0.06510773219126709,partial:OEWS_May2021_lognormal;D,11.368728191992284,0.47227605364249403,5,own
13-2061,7,0.09494357351626687,partial:OEWS_May2021_lognormal;D,11.368728191992284,0.47227605364249403,5,own
13-2061,8,0.13907569412110277,partial:OEWS_May2021_lognormal;D,11.368728191992284,0.47227605364249403,5,own
13-2061,9,0.2122107214980612,partial:OEWS_May2021_lognormal;D,11.368728191992284,0.47227605364249403,5,own
13-2061,10,0.389952649692099,partial:OEWS_May2021_lognormal;D,11.368728191992284,0.47227605364249403,5,own
13-2071,1,0.005073956114825806,partial:OEWS_May2021_lognormal;D,10.80059955250835,0.30392534250233727,5,own
13-2071,2,0.0363737796855963,partial:OEWS_May2021_lognormal;D,10.80059955250835,0.30392534250233727,5,own
13-2071,3,0.08760819418639282,partial:OEWS_May2021_lognormal;D,10.80059955250835,0.30392534250233727,5,own
13-2071,4,0.14008945576772702,partial:OEWS_May2021_lognormal;D,10.80059955250835,0.30392534250233727,5,own
13-2071,5,0.17771144359230873,partial:OEWS_May2021_lognormal;D,10.80059955250835,0.30392534250233727,5,own
13-2071,6,0.1892931121127257,partial:OEWS_May2021_lognormal;D,10.80059955250835,0.30392534250233727,5,own
13-2071,7,0.16996049155548798,partial:OEWS_May2021_lognormal;D,10.80059955250835,0.30392534250233727,5,own
13-2071,8,0.12268987336004278,partial:OEWS_May2021_lognormal;D,10.80059955250835,0.30392534250233727,5,own
13-2071,9,0.0605753090662664,partial:OEWS_May2021_lognormal;D,10.80059955250835,0.30392534250233727,5,own
13-2071,10,0.010624384558626465,partial:OEWS_May2021_lognormal;D,10.80059955250835,0.30392534250233727,5,own
13-2072,1,0.025598544413281854,partial:OEWS_May2021_lognormal;D,11.109217973853825,0.5589908899989645,5,own
13-2072,2,0.04186513837210526,partial:OEWS_May2021_lognormal;D,11.109217973853825,0.5589908899989645,5,own
13-2072,3,0.05415066787382239,partial:OEWS_May2021_lognormal;D,11.109217973853825,0.5589908899989645,5,own
13-2072,4,0.06600742342456217,partial:OEWS_May2021_lognormal;D,11.109217973853825,0.5589908899989645,5,own
13-2072,5,0.07844856306325354,partial:OEWS_May2021_lognormal;D,11.109217973853825,0.5589908899989645,5,own
13-2072,6,0.0923109372939791,partial:OEWS_May2021_lognormal;D,11.109217973853825,0.5589908899989645,5,own
13-2072,7,0.1087319275632262,partial:OEWS_May2021_lognormal;D,11.109217973853825,0.5589908899989645,5,own
13-2072,8,0.12983948978187704,partial:OEWS_May2021_lognormal;D,11.109217973853825,0.5589908899989645,5,own
13-2072,9,0.16119009711847165,partial:OEWS_May2021_lognormal;D,11.109217973853825,0.5589908899989645,5,own
13-2072,10,0.2418572110954208,partial:OEWS_May2021_lognormal;D,11.109217973853825,0.5589908899989645,5,own
13-2081,1,0.011486235236730591,partial:OEWS_May2021_lognormal;D,10.987592470267286,0.4258374313844299,5,own
13-2081,2,0.035305943417775876,partial:OEWS_May2021_lognormal;D,10.987592470267286,0.4258374313844299,5,own
13-2081,3,0.059547758500854364,partial:OEWS_May2021_lognormal;D,10.987592470267286,0.4258374313844299,5,own
13-2081,4,0.08354067317389857,partial:OEWS_May2021_lognormal;D,10.987592470267286,0.4258374313844299,5,own
13-2081,5,0.10662594919952151,partial:OEWS_May2021_lognormal;D,10.987592470267286,0.4258374313844299,5,own
13-2081,6,0.12790778498507893,partial:OEWS_May2021_lognormal;D,10.987592470267286,0.4258374313844299,5,own
13-2081,7,0.1459417277835886,partial:OEWS_May2021_lognormal;D,10.987592470267286,0.4258374313844299,5,own
13-2081,8,0.15799593738690443,partial:OEWS_May2021_lognormal;D,10.987592470267286,0.4258374313844299,5,own
13-2081,9,0.15753527602307194,partial:OEWS_May2021_lognormal;D,10.987592470267286,0.4258374313844299,5,own
13-2081,10,0.11411271429257519,partial:OEWS_May2021_lognormal;D,10.987592470267286,0.4258374313844299,5,own
13-2082,1,0.08605201714885269,partial:OEWS_May2021_lognormal;D,10.707642730382378,0.5041169038644744,5,own
13-2082,2,0.10854307697953886,partial:OEWS_May2021_lognormal;D,10.707642730382378,0.5041169038644744,5,own
13-2082,3,0.11486260214159066,partial:OEWS_May2021_lognormal;D,10.707642730382378,0.5041169038644744,5,own
13-2082,4,0.11652124278604614,partial:OEWS_May2021_lognormal;D,10.707642730382378,0.5041169038644744,5,own
13-2082,5,0.11537517341355719,partial:OEWS_May2021_lognormal;D,10.707642730382378,0.5041169038644744,5,own
13-2082,6,0.11197066858818816,partial:OEWS_May2021_lognormal;D,10.707642730382378,0.5041169038644744,5,own
13-2082,7,0.10629485755982981,partial:OEWS_May2021_lognormal;D,10.707642730382378,0.5041169038644744,5,own
13-2082,8,0.09779558335229843,partial:OEWS_May2021_lognormal;D,10.707642730382378,0.5041169038644744,5,own
13-2082,9,0.08474455410419901,partial:OEWS_May2021_lognormal;D,10.707642730382378,0.5041169038644744,5,own
13-2082,10,0.05784022392589905,partial:OEWS_May2021_lognormal;D,10.707642730382378,0.5041169038644744,5,own
13-2099,1,0.008401998532311772,partial:OEWS_May2021_lognormal;D,11.16841387919104,0.4806127045646293,5,own
13-2099,2,0.02290559591988367,partial:OEWS_May2021_lognormal;D,11.16841387919104,0.4806127045646293,5,own
13-2099,3,0.03807182705504081,partial:OEWS_May2021_lognormal;D,11.16841387919104,0.4806127045646293,5,own
13-2099,4,0.054775643974659616,partial:OEWS_May2021_lognormal;D,11.16841387919104,0.4806127045646293,5,own
13-2099,5,0.0735653445013833,partial:OEWS_May2021_lognormal;D,11.16841387919104,0.4806127045646293,5,own
13-2099,6,0.09511506661881736,partial:OEWS_May2021_lognormal;D,11.16841387919104,0.4806127045646293,5,own
13-2099,7,0.12042922267822076,partial:OEWS_May2021_lognormal;D,11.16841387919104,0.4806127045646293,5,own
13-2099,8,0.15121248910456564,partial:OEWS_May2021_lognormal;D,11.16841387919104,0.4806127045646293,5,own
13-2099,9,0.190860915588542,partial:OEWS_May2021_lognormal;D,11.16841387919104,0.4806127045646293,5,own
13-2099,10,0.24466189602657507,partial:OEWS_May2021_lognormal;D,11.16841387919104,0.4806127045646293,5,own
15-1211,1,0.000033376239473803526,partial:OEWS_May2021_lognormal;D,11.499834141790569,0.3712909641501803,5,own
15-1211,2,0.00044533853887523955,partial:OEWS_May2021_lognormal;D,11.499834141790569,0.3712909641501803,5,own
15-1211,3,0.002006548939018471,partial:OEWS_May2021_lognormal;D,11.499834141790569,0.3712909641501803,5,own
15-1211,4,0.006008067119629423,partial:OEWS_May2021_lognormal;D,11.499834141790569,0.3712909641501803,5,own
15-1211,5,0.014658320651560308,partial:OEWS_May2021_lognormal;D,11.499834141790569,0.3712909641501803,5,own
15-1211,6,0.03184319163120919,partial:OEWS_May2021_lognormal;D,11.499834141790569,0.3712909641501803,5,own
15-1211,7,0.06474302897907142,partial:OEWS_May2021_lognormal;D,11.499834141790569,0.3712909641501803,5,own
15-1211,8,0.1277268737567248,partial:OEWS_May2021_lognormal;D,11.499834141790569,0.3712909641501803,5,own
15-1211,9,0.2534679248568439,partial:OEWS_May2021_lognormal;D,11.499834141790569,0.3712909641501803,5,own
15-1211,10,0.49906732928759345,partial:OEWS_May2021_lognormal;D,11.499834141790569,0.3712909641501803,5,own
15-1212,1,0.00004158469533066533,partial:OEWS_May2021_lognormal;D,11.530554029268377,0.38405074539663187,5,own
15-1212,2,0.0004904695221951694,partial:OEWS_May2021_lognormal;D,11.530554029268377,0.38405074539663187,5,own
15-1212,3,0.0020581030048034132,partial:OEWS_May2021_lognormal;D,11.530554029268377,0.38405074539663187,5,own
15-1212,4,0.0058874056563748,partial:OEWS_May2021_lognormal;D,11.530554029268377,0.38405074539663187,5,own
15-1212,5,0.013929023754853165,partial:OEWS_May2021_lognormal;D,11.530554029268377,0.38405074539663187,5,own
15-1212,6,0.02966101507369756,partial:OEWS_May2021_lognormal;D,11.530554029268377,0.38405074539663187,5,own
15-1212,7,0.05969537179104567,partial:OEWS_May2021_lognormal;D,11.530554029268377,0.38405074539663187,5,own
15-1212,8,0.11794666025829054,partial:OEWS_May2021_lognormal;D,11.530554029268377,0.38405074539663187,5,own
15-1212,9,0.23931219909343598,partial:OEWS_May2021_lognormal;D,11.530554029268377,0.38405074539663187,5,own
15-1212,10,0.530978167149973,partial:OEWS_May2021_lognormal;D,11.530554029268377,0.38405074539663187,5,own
15-1221,1,9.49881121009577e-6,partial:OEWS_May2021_lognormal;D,11.759086315026218,0.40684211344481436,4,own
15-1221,2,0.00012092256025825199,partial:OEWS_May2021_lognormal;D,11.759086315026218,0.40684211344481436,4,own
15-1221,3,0.0005550157588740112,partial:OEWS_May2021_lognormal;D,11.759086315026218,0.40684211344481436,4,own
15-1221,4,0.0017485457559059947,partial:OEWS_May2021_lognormal;D,11.759086315026218,0.40684211344481436,4,own
15-1221,5,0.004596011621392615,partial:OEWS_May2021_lognormal;D,11.759086315026218,0.40684211344481436,4,own
15-1221,6,0.011019498541849748,partial:OEWS_May2021_lognormal;D,11.759086315026218,0.40684211344481436,4,own
15-1221,7,0.02551507149457566,partial:OEWS_May2021_lognormal;D,11.759086315026218,0.40684211344481436,4,own
15-1221,8,0.06025535935454346,partial:OEWS_May2021_lognormal;D,11.759086315026218,0.40684211344481436,4,own
15-1221,9,0.15886270025163507,partial:OEWS_May2021_lognormal;D,11.759086315026218,0.40684211344481436,4,own
15-1221,10,0.7373173758497551,partial:OEWS_May2021_lognormal;D,11.759086315026218,0.40684211344481436,4,own
15-1231,1,0.003283166562571105,partial:OEWS_May2021_lognormal;D,11.046768882685589,0.37801956761911565,5,own
15-1231,2,0.017122808804627687,partial:OEWS_May2021_lognormal;D,11.046768882685589,0.37801956761911565,5,own
15-1231,3,0.038924789668652315,partial:OEWS_May2021_lognormal;D,11.046768882685589,0.37801956761911565,5,own
15-1231,4,0.06656983281637391,partial:OEWS_May2021_lognormal;D,11.046768882685589,0.37801956761911565,5,own
15-1231,5,0.09813732872766173,partial:OEWS_May2021_lognormal;D,11.046768882685589,0.37801956761911565,5,own
15-1231,6,0.13118098251236554,partial:OEWS_May2021_lognormal;D,11.046768882685589,0.37801956761911565,5,own
15-1231,7,0.16199520313199633,partial:OEWS_May2021_lognormal;D,11.046768882685589,0.37801956761911565,5,own
15-1231,8,0.18409933144219326,partial:OEWS_May2021_lognormal;D,11.046768882685589,0.37801956761911565,5,own
15-1231,9,0.18377595235491273,partial:OEWS_May2021_lognormal;D,11.046768882685589,0.37801956761911565,5,own
15-1231,10,0.11491060397864539,partial:OEWS_May2021_lognormal;D,11.046768882685589,0.37801956761911565,5,own
15-1232,1,0.01336290211681146,partial:OEWS_May2021_lognormal;D,10.877038680829676,0.38716083846143934,5,own
15-1232,2,0.04616565853638416,partial:OEWS_May2021_lognormal;D,10.877038680829676,0.38716083846143934,5,own
15-1232,3,0.07939326569683663,partial:OEWS_May2021_lognormal;D,10.877038680829676,0.38716083846143934,5,own
15-1232,4,0.10916252909866153,partial:OEWS_May2021_lognormal;D,10.877038680829676,0.38716083846143934,5,own
15-1232,5,0.1331205994906376,partial:OEWS_May2021_lognormal;D,10.877038680829676,0.38716083846143934,5,own
15-1232,6,0.1490437323650735,partial:OEWS_May2021_lognormal;D,10.877038680829676,0.38716083846143934,5,own
15-1232,7,0.1543298612179692,partial:OEWS_May2021_lognormal;D,10.877038680829676,0.38716083846143934,5,own
15-1232,8,0.14540698267042873,partial:OEWS_May2021_lognormal;D,10.877038680829676,0.38716083846143934,5,own
15-1232,9,0.11640979344580415,partial:OEWS_May2021_lognormal;D,10.877038680829676,0.38716083846143934,5,own
15-1232,10,0.05360467536139302,partial:OEWS_May2021_lognormal;D,10.877038680829676,0.38716083846143934,5,own
15-1241,1,0.000028487204712102088,partial:OEWS_May2021_lognormal;D,11.611932409251926,0.39568866086963406,5,own
15-1241,2,0.0003307872851333049,partial:OEWS_May2021_lognormal;D,11.611932409251926,0.39568866086963406,5,own
15-1241,3,0.0013962756321150849,partial:OEWS_May2021_lognormal;D,11.611932409251926,0.39568866086963406,5,own
15-1241,4,0.004060449447217063,partial:OEWS_May2021_lognormal;D,11.611932409251926,0.39568866086963406,5,own
15-1241,5,0.009841194350406646,partial:OEWS_May2021_lognormal;D,11.611932409251926,0.39568866086963406,5,own
15-1241,6,0.021636519364108875,partial:OEWS_May2021_lognormal;D,11.611932409251926,0.39568866086963406,5,own
15-1241,7,0.04541677325562404,partial:OEWS_May2021_lognormal;D,11.611932409251926,0.39568866086963406,5,own
15-1241,8,0.09510891782013586,partial:OEWS_May2021_lognormal;D,11.611932409251926,0.39568866086963406,5,own
15-1241,9,0.211495354514246,partial:OEWS_May2021_lognormal;D,11.611932409251926,0.39568866086963406,5,own
15-1241,10,0.6106852411263011,partial:OEWS_May2021_lognormal;D,11.611932409251926,0.39568866086963406,5,own
15-1242,1,0.0012111120343318293,partial:OEWS_May2021_lognormal;D,11.398033058320376,0.45459880083025717,5,own
15-1242,2,0.005477548260293286,partial:OEWS_May2021_lognormal;D,11.398033058320376,0.45459880083025717,5,own
15-1242,3,0.012525921334860968,partial:OEWS_May2021_lognormal;D,11.398033058320376,0.45459880083025717,5,own
15-1242,4,0.022992467192227473,partial:OEWS_May2021_lognormal;D,11.398033058320376,0.45459880083025717,5,own
15-1242,5,0.038023398339751935,partial:OEWS_May2021_lognormal;D,11.398033058320376,0.45459880083025717,5,own
15-1242,6,0.059525418707473576,partial:OEWS_May2021_lognormal;D,11.398033058320376,0.45459880083025717,5,own
15-1242,7,0.09086652432206477,partial:OEWS_May2021_lognormal;D,11.398033058320376,0.45459880083025717,5,own
15-1242,8,0.13876236827758115,partial:OEWS_May2021_lognormal;D,11.398033058320376,0.45459880083025717,5,own
15-1242,9,0.2199544621068361,partial:OEWS_May2021_lognormal;D,11.398033058320376,0.45459880083025717,5,own
15-1242,10,0.4106607794245789,partial:OEWS_May2021_lognormal;D,11.398033058320376,0.45459880083025717,5,own
15-1243,1,0.00004262984538044856,partial:OEWS_May2021_lognormal;D,11.616223206427787,0.4064375462812297,5,own
15-1243,2,0.00043478952952574756,partial:OEWS_May2021_lognormal;D,11.616223206427787,0.4064375462812297,5,own
15-1243,3,0.0016921075977314737,partial:OEWS_May2021_lognormal;D,11.616223206427787,0.4064375462812297,5,own
15-1243,4,0.004644030153385048,partial:OEWS_May2021_lognormal;D,11.616223206427787,0.4064375462812297,5,own
15-1243,5,0.010759507800603696,partial:OEWS_May2021_lognormal;D,11.616223206427787,0.4064375462812297,5,own
15-1243,6,0.022798007921355223,partial:OEWS_May2021_lognormal;D,11.616223206427787,0.4064375462812297,5,own
15-1243,7,0.04639492839917497,partial:OEWS_May2021_lognormal;D,11.616223206427787,0.4064375462812297,5,own
15-1243,8,0.0946886763625725,partial:OEWS_May2021_lognormal;D,11.616223206427787,0.4064375462812297,5,own
15-1243,9,0.20666305094270154,partial:OEWS_May2021_lognormal;D,11.616223206427787,0.4064375462812297,5,own
15-1243,10,0.6118822714475693,partial:OEWS_May2021_lognormal;D,11.616223206427787,0.4064375462812297,5,own
15-1244,1,0.0003342131076427557,partial:OEWS_May2021_lognormal;D,11.296004626829859,0.37526184107649035,5,own
15-1244,2,0.002884448238821169,partial:OEWS_May2021_lognormal;D,11.296004626829859,0.37526184107649035,5,own
15-1244,3,0.00945563838711777,partial:OEWS_May2021_lognormal;D,11.296004626829859,0.37526184107649035,5,own
15-1244,4,0.021814082721426764,partial:OEWS_May2021_lognormal;D,11.296004626829859,0.37526184107649035,5,own
15-1244,5,0.0421047904122856,partial:OEWS_May2021_lognormal;D,11.296004626829859,0.37526184107649035,5,own
15-1244,6,0.07300428009771709,partial:OEWS_May2021_lognormal;D,11.296004626829859,0.37526184107649035,5,own
15-1244,7,0.11780602079933183,partial:OEWS_May2021_lognormal;D,11.296004626829859,0.37526184107649035,5,own
15-1244,8,0.18004851991129983,partial:OEWS_May2021_lognormal;D,11.296004626829859,0.37526184107649035,5,own
15-1244,9,0.25983602684739415,partial:OEWS_May2021_lognormal;D,11.296004626829859,0.37526184107649035,5,own
15-1244,10,0.29271197947696304,partial:OEWS_May2021_lognormal;D,11.296004626829859,0.37526184107649035,5,own
15-1251,1,0.0017850162030538241,partial:OEWS_May2021_lognormal;D,11.38557182065535,0.4688945922533165,5,own
15-1251,2,0.007071268041436429,partial:OEWS_May2021_lognormal;D,11.38557182065535,0.4688945922533165,5,own
15-1251,3,0.01496439788949605,partial:OEWS_May2021_lognormal;D,11.38557182065535,0.4688945922533165,5,own
15-1251,4,0.026015693964390074,partial:OEWS_May2021_lognormal;D,11.38557182065535,0.4688945922533165,5,own
15-1251,5,0.04123993308821239,partial:OEWS_May2021_lognormal;D,11.38557182065535,0.4688945922533165,5,own
15-1251,6,0.06234478294705348,partial:OEWS_May2021_lognormal;D,11.38557182065535,0.4688945922533165,5,own
15-1251,7,0.09238112888202876,partial:OEWS_May2021_lognormal;D,11.38557182065535,0.4688945922533165,5,own
15-1251,8,0.13753022589382158,partial:OEWS_May2021_lognormal;D,11.38557182065535,0.4688945922533165,5,own
15-1251,9,0.21364670669664027,partial:OEWS_May2021_lognormal;D,11.38557182065535,0.4688945922533165,5,own
15-1251,10,0.40302084639386715,partial:OEWS_May2021_lognormal;D,11.38557182065535,0.4688945922533165,5,own
15-1252,1,9.146690386596656e-6,partial:OEWS_May2021_lognormal;D,11.631786275479282,0.37633401827571755,5,own
15-1252,2,0.00014447618225987835,partial:OEWS_May2021_lognormal;D,11.631786275479282,0.37633401827571755,5,own
15-1252,3,0.0007447510593387441,partial:OEWS_May2021_lognormal;D,11.631786275479282,0.37633401827571755,5,own
15-1252,4,0.002510328003372142,partial:OEWS_May2021_lognormal;D,11.631786275479282,0.37633401827571755,5,own
15-1252,5,0.006855674212807972,partial:OEWS_May2021_lognormal;D,11.631786275479282,0.37633401827571755,5,own
15-1252,6,0.016697573624545547,partial:OEWS_May2021_lognormal;D,11.631786275479282,0.37633401827571755,5,own
15-1252,7,0.03841186090448484,partial:OEWS_May2021_lognormal;D,11.631786275479282,0.37633401827571755,5,own
15-1252,8,0.08755118383434807,partial:OEWS_May2021_lognormal;D,11.631786275479282,0.37633401827571755,5,own
15-1252,9,0.21087550006634853,partial:OEWS_May2021_lognormal;D,11.631786275479282,0.37633401827571755,5,own
15-1252,10,0.6361995054221077,partial:OEWS_May2021_lognormal;D,11.631786275479282,0.37633401827571755,5,own
15-1253,1,0.0006228600526444472,partial:OEWS_May2021_lognormal;D,11.429836609472954,0.43694712416428844,5,own
15-1253,2,0.00344631886269009,partial:OEWS_May2021_lognormal;D,11.429836609472954,0.43694712416428844,5,own
15-1253,3,0.008915598387469637,partial:OEWS_May2021_lognormal;D,11.429836609472954,0.43694712416428844,5,own
15-1253,4,0.017887422570533662,partial:OEWS_May2021_lognormal;D,11.429836609472954,0.43694712416428844,5,own
15-1253,5,0.03176472676799197,partial:OEWS_May2021_lognormal;D,11.429836609472954,0.43694712416428844,5,own
15-1253,6,0.052843101201818454,partial:OEWS_May2021_lognormal;D,11.429836609472954,0.43694712416428844,5,own
15-1253,7,0.0851565778753074,partial:OEWS_May2021_lognormal;D,11.429836609472954,0.43694712416428844,5,own
15-1253,8,0.1367007105806698,partial:OEWS_May2021_lognormal;D,11.429836609472954,0.43694712416428844,5,own
15-1253,9,0.2270819577399683,partial:OEWS_May2021_lognormal;D,11.429836609472954,0.43694712416428844,5,own
15-1253,10,0.43558072596090625,partial:OEWS_May2021_lognormal;D,11.429836609472954,0.43694712416428844,5,own
15-1254,1,0.0076670304194755845,partial:OEWS_May2021_lognormal;D,11.187843569235682,0.4820011360226124,5,own
15-1254,2,0.021256093397136022,partial:OEWS_May2021_lognormal;D,11.187843569235682,0.4820011360226124,5,own
15-1254,3,0.035776541434072606,partial:OEWS_May2021_lognormal;D,11.187843569235682,0.4820011360226124,5,own
15-1254,4,0.05203909207495416,partial:OEWS_May2021_lognormal;D,11.187843569235682,0.4820011360226124,5,own
15-1254,5,0.07062457144710804,partial:OEWS_May2021_lognormal;D,11.187843569235682,0.4820011360226124,5,own
15-1254,6,0.09229383476253511,partial:OEWS_May2021_lognormal;D,11.187843569235682,0.4820011360226124,5,own
15-1254,7,0.11822447453905122,partial:OEWS_May2021_lognormal;D,11.187843569235682,0.4820011360226124,5,own
15-1254,8,0.1504916054409945,partial:OEWS_May2021_lognormal;D,11.187843569235682,0.4820011360226124,5,own
15-1254,9,0.19348429511162735,partial:OEWS_May2021_lognormal;D,11.187843569235682,0.4820011360226124,5,own
15-1254,10,0.2581424613730454,partial:OEWS_May2021_lognormal;D,11.187843569235682,0.4820011360226124,5,own
15-1255,1,0.012323232550107033,partial:OEWS_May2021_lognormal;D,11.316118992108514,0.5771664704178205,5,own
15-1255,2,0.023108601760584158,partial:OEWS_May2021_lognormal;D,11.316118992108514,0.5771664704178205,5,own
15-1255,3,0.032853574642253525,partial:OEWS_May2021_lognormal;D,11.316118992108514,0.5771664704178205,5,own
15-1255,4,0.043469434756211234,partial:OEWS_May2021_lognormal;D,11.316118992108514,0.5771664704178205,5,own
15-1255,5,0.0558821996633021,partial:OEWS_May2021_lognormal;D,11.316118992108514,0.5771664704178205,5,own
15-1255,6,0.07126416035259692,partial:OEWS_May2021_lognormal;D,11.316118992108514,0.5771664704178205,5,own
15-1255,7,0.09164448702383071,partial:OEWS_May2021_lognormal;D,11.316118992108514,0.5771664704178205,5,own
15-1255,8,0.121402832431104,partial:OEWS_May2021_lognormal;D,11.316118992108514,0.5771664704178205,5,own
15-1255,9,0.17349500945029595,partial:OEWS_May2021_lognormal;D,11.316118992108514,0.5771664704178205,5,own
15-1255,10,0.3745564673697144,partial:OEWS_May2021_lognormal;D,11.316118992108514,0.5771664704178205,5,own
15-1299,1,0.003147065167960428,partial:OEWS_May2021_lognormal;D,11.395808341826548,0.503842726984258,5,own
15-1299,2,0.00981355701116593,partial:OEWS_May2021_lognormal;D,11.395808341826548,0.503842726984258,5,own
15-1299,3,0.01823585055129917,partial:OEWS_May2021_lognormal;D,11.395808341826548,0.503842726984258,5,own
15-1299,4,0.029068075082505196,partial:OEWS_May2021_lognormal;D,11.395808341826548,0.503842726984258,5,own
15-1299,5,0.04322209337494903,partial:OEWS_May2021_lognormal;D,11.395808341826548,0.503842726984258,5,own
15-1299,6,0.06221101304353316,partial:OEWS_May2021_lognormal;D,11.395808341826548,0.503842726984258,5,own
15-1299,7,0.08881026086432597,partial:OEWS_May2021_lognormal;D,11.395808341826548,0.503842726984258,5,own
15-1299,8,0.12892606230349402,partial:OEWS_May2021_lognormal;D,11.395808341826548,0.503842726984258,5,own
15-1299,9,0.19902479180252763,partial:OEWS_May2021_lognormal;D,11.395808341826548,0.503842726984258,5,own
15-1299,10,0.41754123079823946,partial:OEWS_May2021_lognormal;D,11.395808341826548,0.503842726984258,5,own
15-2011,1,0.00029573667659560376,partial:OEWS_May2021_lognormal;D,11.619770877283631,0.4658679512113086,5,own
15-2011,2,0.0016323379780133762,partial:OEWS_May2021_lognormal;D,11.619770877283631,0.4658679512113086,5,own
15-2011,3,0.004349642958624389,partial:OEWS_May2021_lognormal;D,11.619770877283631,0.4658679512113086,5,own
15-2011,4,0.009114257647762802,partial:OEWS_May2021_lognormal;D,11.619770877283631,0.4658679512113086,5,own
15-2011,5,0.017087565479679212,partial:OEWS_May2021_lognormal;D,11.619770877283631,0.4658679512113086,5,own
15-2011,6,0.03037736523063833,partial:OEWS_May2021_lognormal;D,11.619770877283631,0.4658679512113086,5,own
15-2011,7,0.053197756136464935,partial:OEWS_May2021_lognormal;D,11.619770877283631,0.4658679512113086,5,own
15-2011,8,0.09540015528778606,partial:OEWS_May2021_lognormal;D,11.619770877283631,0.4658679512113086,5,own
15-2011,9,0.18768095915633787,partial:OEWS_May2021_lognormal;D,11.619770877283631,0.4658679512113086,5,own
15-2011,10,0.6008642234480974,partial:OEWS_May2021_lognormal;D,11.619770877283631,0.4658679512113086,5,own
15-2021,1,0.000052627741294608565,partial:OEWS_May2021_lognormal;D,11.549826617003998,0.3946582955765972,5,own
15-2021,2,0.0005580043381993582,partial:OEWS_May2021_lognormal;D,11.549826617003998,0.3946582955765972,5,own
15-2021,3,0.0021982465570870025,partial:OEWS_May2021_lognormal;D,11.549826617003998,0.3946582955765972,5,own
15-2021,4,0.006029091843689716,partial:OEWS_May2021_lognormal;D,11.549826617003998,0.3946582955765972,5,own
15-2021,5,0.01384153885169126,partial:OEWS_May2021_lognormal;D,11.549826617003998,0.3946582955765972,5,own
15-2021,6,0.02884143384063015,partial:OEWS_May2021_lognormal;D,11.549826617003998,0.3946582955765972,5,own
15-2021,7,0.05720659945334078,partial:OEWS_May2021_lognormal;D,11.549826617003998,0.3946582955765972,5,own
15-2021,8,0.11229250706178429,partial:OEWS_May2021_lognormal;D,11.549826617003998,0.3946582955765972,5,own
15-2021,9,0.2294501917995866,partial:OEWS_May2021_lognormal;D,11.549826617003998,0.3946582955765972,5,own
15-2021,10,0.5495297585126963,partial:OEWS_May2021_lognormal;D,11.549826617003998,0.3946582955765972,5,own
15-2031,1,0.002118962715778827,partial:OEWS_May2021_lognormal;D,11.36462532886097,0.4704176972093545,5,own
15-2031,2,0.008068623043273049,partial:OEWS_May2021_lognormal;D,11.36462532886097,0.4704176972093545,5,own
15-2031,3,0.01663978527751775,partial:OEWS_May2021_lognormal;D,11.36462532886097,0.4704176972093545,5,own
15-2031,4,0.028351867469141756,partial:OEWS_May2021_lognormal;D,11.36462532886097,0.4704176972093545,5,own
15-2031,5,0.04416288368952931,partial:OEWS_May2021_lognormal;D,11.36462532886097,0.4704176972093545,5,own
15-2031,6,0.06567757987003542,partial:OEWS_May2021_lognormal;D,11.36462532886097,0.4704176972093545,5,own
15-2031,7,0.0957400323033274,partial:OEWS_May2021_lognormal;D,11.36462532886097,0.4704176972093545,5,own
15-2031,8,0.14004992594210242,partial:OEWS_May2021_lognormal;D,11.36462532886097,0.4704176972093545,5,own
15-2031,9,0.2130022337323278,partial:OEWS_May2021_lognormal;D,11.36462532886097,0.4704176972093545,5,own
15-2031,10,0.3861881059569663,partial:OEWS_May2021_lognormal;D,11.36462532886097,0.4704176972093545,5,own
15-2041,1,0.0008342074651517817,partial:OEWS_May2021_lognormal;D,11.428125867690373,0.44815144155608566,5,own
15-2041,2,0.004159021570815269,partial:OEWS_May2021_lognormal;D,11.428125867690373,0.44815144155608566,5,own
15-2041,3,0.010117332818298463,partial:OEWS_May2021_lognormal;D,11.428125867690373,0.44815144155608566,5,own
15-2041,4,0.019451772042511806,partial:OEWS_May2021_lognormal;D,11.428125867690373,0.44815144155608566,5,own
15-2041,5,0.033436298186054814,partial:OEWS_May2021_lognormal;D,11.428125867690373,0.44815144155608566,5,own
15-2041,6,0.054188357553979216,partial:OEWS_May2021_lognormal;D,11.428125867690373,0.44815144155608566,5,own
15-2041,7,0.0854787133535691,partial:OEWS_May2021_lognormal;D,11.428125867690373,0.44815144155608566,5,own
15-2041,8,0.13491513955493806,partial:OEWS_May2021_lognormal;D,11.428125867690373,0.44815144155608566,5,own
15-2041,9,0.22174493971992626,partial:OEWS_May2021_lognormal;D,11.428125867690373,0.44815144155608566,5,own
15-2041,10,0.43567421773475523,partial:OEWS_May2021_lognormal;D,11.428125867690373,0.44815144155608566,5,own
15-2051,1,0.00008981297587129511,partial:OEWS_May2021_lognormal;D,11.516260612063828,0.3996124590096363,5,own
15-2051,2,0.0008463246221291909,partial:OEWS_May2021_lognormal;D,11.516260612063828,0.3996124590096363,5,own
15-2051,3,0.003076940866754141,partial:OEWS_May2021_lognormal;D,11.516260612063828,0.3996124590096363,5,own
15-2051,4,0.00793078659290225,partial:OEWS_May2021_lognormal;D,11.516260612063828,0.3996124590096363,5,own
15-2051,5,0.017268179381285442,partial:OEWS_May2021_lognormal;D,11.516260612063828,0.3996124590096363,5,own
15-2051,6,0.0342836204419566,partial:OEWS_May2021_lognormal;D,11.516260612063828,0.3996124590096363,5,own
15-2051,7,0.0648938280500077,partial:OEWS_May2021_lognormal;D,11.516260612063828,0.3996124590096363,5,own
15-2051,8,0.12137666137895115,partial:OEWS_May2021_lognormal;D,11.516260612063828,0.3996124590096363,5,own
15-2051,9,0.2347054178769254,partial:OEWS_May2021_lognormal;D,11.516260612063828,0.3996124590096363,5,own
15-2051,10,0.5155284278132168,partial:OEWS_May2021_lognormal;D,11.516260612063828,0.3996124590096363,5,own
15-2099,1,0.02066598919902668,partial:OEWS_May2021_lognormal;D,11.129006811613626,0.5439326110641809,5,own
15-2099,2,0.037226090562260616,partial:OEWS_May2021_lognormal;D,11.129006811613626,0.5439326110641809,5,own
15-2099,3,0.05040380325156418,partial:OEWS_May2021_lognormal;D,11.129006811613626,0.5439326110641809,5,own
15-2099,4,0.06336492678779176,partial:OEWS_May2021_lognormal;D,11.129006811613626,0.5439326110641809,5,own
15-2099,5,0.07709252882425749,partial:OEWS_May2021_lognormal;D,11.129006811613626,0.5439326110641809,5,own
15-2099,6,0.09243816429668378,partial:OEWS_May2021_lognormal;D,11.129006811613626,0.5439326110641809,5,own
15-2099,7,0.11057705055025818,partial:OEWS_May2021_lognormal;D,11.129006811613626,0.5439326110641809,5,own
15-2099,8,0.13369150552732384,partial:OEWS_May2021_lognormal;D,11.129006811613626,0.5439326110641809,5,own
15-2099,9,0.16734651108615783,partial:OEWS_May2021_lognormal;D,11.129006811613626,0.5439326110641809,5,own
15-2099,10,0.24719342991467563,partial:OEWS_May2021_lognormal;D,11.129006811613626,0.5439326110641809,5,own
17-1011,1,0.00038671199447976035,partial:OEWS_May2021_lognormal;D,11.288505713671784,0.3775047037200487,5,own
17-1011,2,0.0032011243938412925,partial:OEWS_May2021_lognormal;D,11.288505713671784,0.3775047037200487,5,own
17-1011,3,0.010213097660826842,partial:OEWS_May2021_lognormal;D,11.288505713671784,0.3775047037200487,5,own
17-1011,4,0.023094907812401255,partial:OEWS_May2021_lognormal;D,11.288505713671784,0.3775047037200487,5,own
17-1011,5,0.04385843367921016,partial:OEWS_May2021_lognormal;D,11.288505713671784,0.3775047037200487,5,own
17-1011,6,0.07498391468394616,partial:OEWS_May2021_lognormal;D,11.288505713671784,0.3775047037200487,5,own
17-1011,7,0.11947115662376695,partial:OEWS_May2021_lognormal;D,11.288505713671784,0.3775047037200487,5,own
17-1011,8,0.18041951658178879,partial:OEWS_May2021_lognormal;D,11.288505713671784,0.3775047037200487,5,own
17-1011,9,0.2573481496022314,partial:OEWS_May2021_lognormal;D,11.288505713671784,0.3775047037200487,5,own
17-1011,10,0.2870229869675074,partial:OEWS_May2021_lognormal;D,11.288505713671784,0.3775047037200487,5,own
17-1012,1,0.0021778302042526065,partial:OEWS_May2021_lognormal;D,11.151924483051008,0.3972525004329057,5,own
17-1012,2,0.011336172570810765,partial:OEWS_May2021_lognormal;D,11.151924483051008,0.3972525004329057,5,own
17-1012,3,0.026581735515159965,partial:OEWS_May2021_lognormal;D,11.151924483051008,0.3972525004329057,5,own
17-1012,4,0.047579614611003185,partial:OEWS_May2021_lognormal;D,11.151924483051008,0.3972525004329057,5,own
17-1012,5,0.07424276824447407,partial:OEWS_May2021_lognormal;D,11.151924483051008,0.3972525004329057,5,own
17-1012,6,0.10636939837626075,partial:OEWS_May2021_lognormal;D,11.151924483051008,0.3972525004329057,5,own
17-1012,7,0.14323347476312515,partial:OEWS_May2021_lognormal;D,11.151924483051008,0.3972525004329057,5,own
17-1012,8,0.18250076287207262,partial:OEWS_May2021_lognormal;D,11.151924483051008,0.3972525004329057,5,own
17-1012,9,0.2159995461402282,partial:OEWS_May2021_lognormal;D,11.151924483051008,0.3972525004329057,5,own
17-1012,10,0.1899786967026127,partial:OEWS_May2021_lognormal;D,11.151924483051008,0.3972525004329057,5,own
17-1021,1,0.0000873091141293525,partial:OEWS_May2021_lognormal;D,11.156068113565961,0.3028870525923029,5,own
17-1021,2,0.0016987099008831108,partial:OEWS_May2021_lognormal;D,11.156068113565961,0.3028870525923029,5,own
17-1021,3,0.008704020999840023,partial:OEWS_May2021_lognormal;D,11.156068113565961,0.3028870525923029,5,own
17-1021,4,0.026147754507496346,partial:OEWS_May2021_lognormal;D,11.156068113565961,0.3028870525923029,5,own
17-1021,5,0.0588555746455357,partial:OEWS_May2021_lognormal;D,11.156068113565961,0.3028870525923029,5,own
17-1021,6,0.10941364152031469,partial:OEWS_May2021_lognormal;D,11.156068113565961,0.3028870525923029,5,own
17-1021,7,0.17451903459542295,partial:OEWS_May2021_lognormal;D,11.156068113565961,0.3028870525923029,5,own
17-1021,8,0.23785278016488226,partial:OEWS_May2021_lognormal;D,11.156068113565961,0.3028870525923029,5,own
17-1021,9,0.25512549188546885,partial:OEWS_May2021_lognormal;D,11.156068113565961,0.3028870525923029,5,own
17-1021,10,0.12759568266602672,partial:OEWS_May2021_lognormal;D,11.156068113565961,0.3028870525923029,5,own
17-1022,1,0.004574118521940285,partial:OEWS_May2021_lognormal;D,11.027853727929639,0.38694935308750666,5,own
17-1022,2,0.021052743160020926,partial:OEWS_May2021_lognormal;D,11.027853727929639,0.38694935308750666,5,own
17-1022,3,0.04440910579369228,partial:OEWS_May2021_lognormal;D,11.027853727929639,0.38694935308750666,5,own
17-1022,4,0.07212604025807007,partial:OEWS_May2021_lognormal;D,11.027853727929639,0.38694935308750666,5,own
17-1022,5,0.10223228591879163,partial:OEWS_May2021_lognormal;D,11.027853727929639,0.38694935308750666,5,own
17-1022,6,0.13243554026303372,partial:OEWS_May2021_lognormal;D,11.027853727929639,0.38694935308750666,5,own
17-1022,7,0.1594435207990953,partial:OEWS_May2021_lognormal;D,11.027853727929639,0.38694935308750666,5,own
17-1022,8,0.17764744448980407,partial:OEWS_May2021_lognormal;D,11.027853727929639,0.38694935308750666,5,own
17-1022,9,0.17522359446257108,partial:OEWS_May2021_lognormal;D,11.027853727929639,0.38694935308750666,5,own
17-1022,10,0.11085560633298064,partial:OEWS_May2021_lognormal;D,11.027853727929639,0.38694935308750666,5,own
17-2011,1,4.803731173952386e-8,partial:OEWS_May2021_lognormal;D,11.683297600675889,0.3119637739466165,5,own
17-2011,2,3.059568606189611e-6,partial:OEWS_May2021_lognormal;D,11.683297600675889,0.3119637739466165,5,own
17-2011,3,0.00003915124311187901,partial:OEWS_May2021_lognormal;D,11.683297600675889,0.3119637739466165,5,own
17-2011,4,0.0002606107134174862,partial:OEWS_May2021_lognormal;D,11.683297600675889,0.3119637739466165,5,own
17-2011,5,0.0012370596716307358,partial:OEWS_May2021_lognormal;D,11.683297600675889,0.3119637739466165,5,own
17-2011,6,0.004842299192263533,partial:OEWS_May2021_lognormal;D,11.683297600675889,0.3119637739466165,5,own
17-2011,7,0.017018589879272517,partial:OEWS_May2021_lognormal;D,11.683297600675889,0.3119637739466165,5,own
17-2011,8,0.0573000117538372,partial:OEWS_May2021_lognormal;D,11.683297600675889,0.3119637739466165,5,own
17-2011,9,0.1984689067843946,partial:OEWS_May2021_lognormal;D,11.683297600675889,0.3119637739466165,5,own
17-2011,10,0.7208302631561541,partial:OEWS_May2021_lognormal;D,11.683297600675889,0.3119637739466165,5,own
17-2021,1,0.00004328851105939169,partial:OEWS_May2021_lognormal;D,11.309309609608674,0.32863340820270515,5,own
17-2021,2,0.0007683142150768374,partial:OEWS_May2021_lognormal;D,11.309309609608674,0.32863340820270515,5,own
17-2021,3,0.003934511150917919,partial:OEWS_May2021_lognormal;D,11.309309609608674,0.32863340820270515,5,own
17-2021,4,0.012380103840119117,partial:OEWS_May2021_lognormal;D,11.309309609608674,0.32863340820270515,5,own
17-2021,5,0.030183535318044408,partial:OEWS_May2021_lognormal;D,11.309309609608674,0.32863340820270515,5,own
17-2021,6,0.06279943605906024,partial:OEWS_May2021_lognormal;D,11.309309609608674,0.32863340820270515,5,own
17-2021,7,0.11674795741222621,partial:OEWS_May2021_lognormal;D,11.309309609608674,0.32863340820270515,5,own
17-2021,8,0.1972761260814061,partial:OEWS_May2021_lognormal;D,11.309309609608674,0.32863340820270515,5,own
17-2021,9,0.295714461549052,partial:OEWS_May2021_lognormal;D,11.309309609608674,0.32863340820270515,5,own
17-2021,10,0.28015226586303776,partial:OEWS_May2021_lognormal;D,11.309309609608674,0.32863340820270515,5,own
17-2031,1,0.000030003561697133918,partial:OEWS_May2021_lognormal;D,11.481679170560065,0.3644341535245774,5,own
17-2031,2,0.0004280965731358055,partial:OEWS_May2021_lognormal;D,11.481679170560065,0.3644341535245774,5,own
17-2031,3,0.002003848662430141,partial:OEWS_May2021_lognormal;D,11.481679170560065,0.3644341535245774,5,own
17-2031,4,0.00614538073431975,partial:OEWS_May2021_lognormal;D,11.481679170560065,0.3644341535245774,5,own
17-2031,5,0.015228032014798831,partial:OEWS_May2021_lognormal;D,11.481679170560065,0.3644341535245774,5,own
17-2031,6,0.03339078776858384,partial:OEWS_May2021_lognormal;D,11.481679170560065,0.3644341535245774,5,own
17-2031,7,0.06813158749404863,partial:OEWS_May2021_lognormal;D,11.481679170560065,0.3644341535245774,5,own
17-2031,8,0.13393946361996462,partial:OEWS_May2021_lognormal;D,11.481679170560065,0.3644341535245774,5,own
17-2031,9,0.26151762481736673,partial:OEWS_May2021_lognormal;D,11.481679170560065,0.3644341535245774,5,own
17-2031,10,0.4791851747536545,partial:OEWS_May2021_lognormal;D,11.481679170560065,0.3644341535245774,5,own
17-2041,1,0.00011552116785434885,partial:OEWS_May2021_lognormal;D,11.578136636922139,0.423324376898248,5,own
17-2041,2,0.0009133966520832315,partial:OEWS_May2021_lognormal;D,11.578136636922139,0.423324376898248,5,own
17-2041,3,0.0030118503252523077,partial:OEWS_May2021_lognormal;D,11.578136636922139,0.423324376898248,5,own
17-2041,4,0.007305661553659248,partial:OEWS_May2021_lognormal;D,11.578136636922139,0.423324376898248,5,own
17-2041,5,0.015292410262446376,partial:OEWS_May2021_lognormal;D,11.578136636922139,0.423324376898248,5,own
17-2041,6,0.029644614529739266,partial:OEWS_May2021_lognormal;D,11.578136636922139,0.423324376898248,5,own
17-2041,7,0.0555790573492862,partial:OEWS_May2021_lognormal;D,11.578136636922139,0.423324376898248,5,own
17-2041,8,0.10478344964916458,partial:OEWS_May2021_lognormal;D,11.578136636922139,0.423324376898248,5,own
17-2041,9,0.2107844580526771,partial:OEWS_May2021_lognormal;D,11.578136636922139,0.423324376898248,5,own
17-2041,10,0.5725695804578373,partial:OEWS_May2021_lognormal;D,11.578136636922139,0.423324376898248,5,own
17-2051,1,4.451739556043943e-6,partial:OEWS_May2021_lognormal;D,11.416963939889465,0.3146353323739779,5,own
17-2051,2,0.00013503592774782858,partial:OEWS_May2021_lognormal;D,11.416963939889465,0.3146353323739779,5,own
17-2051,3,0.0009995812634000512,partial:OEWS_May2021_lognormal;D,11.416963939889465,0.3146353323739779,5,own
17-2051,4,0.004194284639819301,partial:OEWS_May2021_lognormal;D,11.416963939889465,0.3146353323739779,5,own
17-2051,5,0.013063808176682179,partial:OEWS_May2021_lognormal;D,11.416963939889465,0.3146353323739779,5,own
17-2051,6,0.033935416296760446,partial:OEWS_May2021_lognormal;D,11.416963939889465,0.3146353323739779,5,own
17-2051,7,0.07801990568273404,partial:OEWS_May2021_lognormal;D,11.416963939889465,0.3146353323739779,5,own
17-2051,8,0.1635571791832942,partial:OEWS_May2021_lognormal;D,11.416963939889465,0.3146353323739779,5,own
17-2051,9,0.3110260876663703,partial:OEWS_May2021_lognormal;D,11.416963939889465,0.3146353323739779,5,own
17-2051,10,0.3950642494236356,partial:OEWS_May2021_lognormal;D,11.416963939889465,0.3146353323739779,5,own
17-2061,1,3.3917955570839098e-6,partial:OEWS_May2021_lognormal;D,11.758565132891974,0.3864752958623424,4,own
17-2061,2,0.0000575150543213887,partial:OEWS_May2021_lognormal;D,11.758565132891974,0.3864752958623424,4,own
17-2061,3,0.0003176165700697897,partial:OEWS_May2021_lognormal;D,11.758565132891974,0.3864752958623424,4,own
17-2061,4,0.0011463626936455418,partial:OEWS_May2021_lognormal;D,11.758565132891974,0.3864752958623424,4,own
17-2061,5,0.003361140606041424,partial:OEWS_May2021_lognormal;D,11.758565132891974,0.3864752958623424,4,own
17-2061,6,0.008844212108823468,partial:OEWS_May2021_lognormal;D,11.758565132891974,0.3864752958623424,4,own
17-2061,7,0.022235978699990444,partial:OEWS_May2021_lognormal;D,11.758565132891974,0.3864752958623424,4,own
17-2061,8,0.05659644554428339,partial:OEWS_May2021_lognormal;D,11.758565132891974,0.3864752958623424,4,own
17-2061,9,0.15975404022827622,partial:OEWS_May2021_lognormal;D,11.758565132891974,0.3864752958623424,4,own
17-2061,10,0.7476832966989913,partial:OEWS_May2021_lognormal;D,11.758565132891974,0.3864752958623424,4,own
17-2071,1,0.000028750172293035003,partial:OEWS_May2021_lognormal;D,11.51877536732786,0.37274437208068817,5,own
17-2071,2,0.00038911150636222747,partial:OEWS_May2021_lognormal;D,11.51877536732786,0.37274437208068817,5,own
17-2071,3,0.0017763571251330768,partial:OEWS_May2021_lognormal;D,11.51877536732786,0.37274437208068817,5,own
17-2071,4,0.005386399524916929,partial:OEWS_May2021_lognormal;D,11.51877536732786,0.37274437208068817,5,own
17-2071,5,0.013311441685849579,partial:OEWS_May2021_lognormal;D,11.51877536732786,0.37274437208068817,5,own
17-2071,6,0.029317697093987072,partial:OEWS_May2021_lognormal;D,11.51877536732786,0.37274437208068817,5,own
17-2071,7,0.060544417175913245,partial:OEWS_May2021_lognormal;D,11.51877536732786,0.37274437208068817,5,own
17-2071,8,0.12174416965588153,partial:OEWS_May2021_lognormal;D,11.51877536732786,0.37274437208068817,5,own
17-2071,9,0.2481657798654085,partial:OEWS_May2021_lognormal;D,11.51877536732786,0.37274437208068817,5,own
17-2071,10,0.5193358761942548,partial:OEWS_May2021_lognormal;D,11.51877536732786,0.37274437208068817,5,own
17-2072,1,1.0567678805362135e-6,partial:OEWS_May2021_lognormal;D,11.580152745221401,0.3291406856438697,5,own
17-2072,2,0.000034920834651119836,partial:OEWS_May2021_lognormal;D,11.580152745221401,0.3291406856438697,5,own
17-2072,3,0.0002856597912140879,partial:OEWS_May2021_lognormal;D,11.580152745221401,0.3291406856438697,5,own
17-2072,4,0.0013369654525965946,partial:OEWS_May2021_lognormal;D,11.580152745221401,0.3291406856438697,5,own
17-2072,5,0.004695903066686713,partial:OEWS_May2021_lognormal;D,11.580152745221401,0.3291406856438697,5,own
17-2072,6,0.013977593553859413,partial:OEWS_May2021_lognormal;D,11.580152745221401,0.3291406856438697,5,own
17-2072,7,0.037763646243278604,partial:OEWS_May2021_lognormal;D,11.580152745221401,0.3291406856438697,5,own
17-2072,8,0.09721583644090287,partial:OEWS_May2021_lognormal;D,11.580152745221401,0.3291406856438697,5,own
17-2072,9,0.24931566529843951,partial:OEWS_May2021_lognormal;D,11.580152745221401,0.3291406856438697,5,own
17-2072,10,0.5953727525504906,partial:OEWS_May2021_lognormal;D,11.580152745221401,0.3291406856438697,5,own
17-2081,1,0.000042901396818118,partial:OEWS_May2021_lognormal;D,11.477597821692196,0.3713002859752738,5,own
17-2081,2,0.0005489553811934833,partial:OEWS_May2021_lognormal;D,11.477597821692196,0.3713002859752738,5,own
17-2081,3,0.002397200255052079,partial:OEWS_May2021_lognormal;D,11.477597821692196,0.3713002859752738,5,own
17-2081,4,0.006992280084206437,partial:OEWS_May2021_lognormal;D,11.477597821692196,0.3713002859752738,5,own
17-2081,5,0.01665646706663565,partial:OEWS_May2021_lognormal;D,11.477597821692196,0.3713002859752738,5,own
17-2081,6,0.035348409188838914,partial:OEWS_May2021_lognormal;D,11.477597821692196,0.3713002859752738,5,own
17-2081,7,0.07014333992573313,partial:OEWS_May2021_lognormal;D,11.477597821692196,0.3713002859752738,5,own
17-2081,8,0.1346491981427677,partial:OEWS_May2021_lognormal;D,11.477597821692196,0.3713002859752738,5,own
17-2081,9,0.2580296215139959,partial:OEWS_May2021_lognormal;D,11.477597821692196,0.3713002859752738,5,own
17-2081,10,0.4751916270447586,partial:OEWS_May2021_lognormal;D,11.477597821692196,0.3713002859752738,5,own
17-2111,1,0.000039595571192763135,partial:OEWS_May2021_lognormal;D,11.480056544060762,0.37011238950445796,5,own
17-2111,2,0.0005178058492652515,partial:OEWS_May2021_lognormal;D,11.480056544060762,0.37011238950445796,5,own
17-2111,3,0.00229357931812324,partial:OEWS_May2021_lognormal;D,11.480056544060762,0.37011238950445796,5,own
17-2111,4,0.006760965716377743,partial:OEWS_May2021_lognormal;D,11.480056544060762,0.37011238950445796,5,own
17-2111,5,0.016243881153742146,partial:OEWS_May2021_lognormal;D,11.480056544060762,0.37011238950445796,5,own
17-2111,6,0.03472787454264231,partial:OEWS_May2021_lognormal;D,11.480056544060762,0.37011238950445796,5,own
17-2111,7,0.0693705926380167,partial:OEWS_May2021_lognormal;D,11.480056544060762,0.37011238950445796,5,own
17-2111,8,0.13399207253669299,partial:OEWS_May2021_lognormal;D,11.480056544060762,0.37011238950445796,5,own
17-2111,9,0.2582959116034481,partial:OEWS_May2021_lognormal;D,11.480056544060762,0.37011238950445796,5,own
17-2111,10,0.47775772107049874,partial:OEWS_May2021_lognormal;D,11.480056544060762,0.37011238950445796,5,own
17-2112,1,3.989975279616864e-7,partial:OEWS_May2021_lognormal;D,11.413413999200953,0.28244940863916357,5,own
17-2112,2,0.000026829639907799407,partial:OEWS_May2021_lognormal;D,11.413413999200953,0.28244940863916357,5,own
17-2112,3,0.0003267314333686988,partial:OEWS_May2021_lognormal;D,11.413413999200953,0.28244940863916357,5,own
17-2112,4,0.0019601287490179087,partial:OEWS_May2021_lognormal;D,11.413413999200953,0.28244940863916357,5,own
17-2112,5,0.008036004528601537,partial:OEWS_May2021_lognormal;D,11.413413999200953,0.28244940863916357,5,own
17-2112,6,0.025978151783553338,partial:OEWS_May2021_lognormal;D,11.413413999200953,0.28244940863916357,5,own
17-2112,7,0.0710995697104641,partial:OEWS_May2021_lognormal;D,11.413413999200953,0.28244940863916357,5,own
17-2112,8,0.16976783419543506,partial:OEWS_May2021_lognormal;D,11.413413999200953,0.28244940863916357,5,own
17-2112,9,0.3441588065715915,partial:OEWS_May2021_lognormal;D,11.413413999200953,0.28244940863916357,5,own
17-2112,10,0.3786455443905321,partial:OEWS_May2021_lognormal;D,11.413413999200953,0.28244940863916357,5,own
17-2121,1,0.00006068444937251671,partial:OEWS_May2021_lognormal;D,11.449600060823995,0.3721539879738914,5,own
17-2121,2,0.0007278762071715184,partial:OEWS_May2021_lognormal;D,11.449600060823995,0.3721539879738914,5,own
17-2121,3,0.0030329962960644052,partial:OEWS_May2021_lognormal;D,11.449600060823995,0.3721539879738914,5,own
17-2121,4,0.008515117861240096,partial:OEWS_May2021_lognormal;D,11.449600060823995,0.3721539879738914,5,own
17-2121,5,0.019603425622879422,partial:OEWS_May2021_lognormal;D,11.449600060823995,0.3721539879738914,5,own
17-2121,6,0.04026662785955071,partial:OEWS_May2021_lognormal;D,11.449600060823995,0.3721539879738914,5,own
17-2121,7,0.07729138057110985,partial:OEWS_May2021_lognormal;D,11.449600060823995,0.3721539879738914,5,own
17-2121,8,0.14306070149112515,partial:OEWS_May2021_lognormal;D,11.449600060823995,0.3721539879738914,5,own
17-2121,9,0.2620500516970869,partial:OEWS_May2021_lognormal;D,11.449600060823995,0.3721539879738914,5,own
17-2121,10,0.44539113794439944,partial:OEWS_May2021_lognormal;D,11.449600060823995,0.3721539879738914,5,own
17-2131,1,0.00004933159674147536,partial:OEWS_May2021_lognormal;D,11.499393764454108,0.3801141234045037,5,own
17-2131,2,0.0005806970506362918,partial:OEWS_May2021_lognormal;D,11.499393764454108,0.3801141234045037,5,own
17-2131,3,0.0024179161324047738,partial:OEWS_May2021_lognormal;D,11.499393764454108,0.3801141234045037,5,own
17-2131,4,0.006843743340954889,partial:OEWS_May2021_lognormal;D,11.499393764454108,0.3801141234045037,5,own
17-2131,5,0.01598334793569889,partial:OEWS_May2021_lognormal;D,11.499393764454108,0.3801141234045037,5,own
17-2131,6,0.03350693293636581,partial:OEWS_May2021_lognormal;D,11.499393764454108,0.3801141234045037,5,own
17-2131,7,0.06613625871399403,partial:OEWS_May2021_lognormal;D,11.499393764454108,0.3801141234045037,5,own
17-2131,8,0.1273506335293278,partial:OEWS_May2021_lognormal;D,11.499393764454108,0.3801141234045037,5,own
17-2131,9,0.24850434906952557,partial:OEWS_May2021_lognormal;D,11.499393764454108,0.3801141234045037,5,own
17-2131,10,0.4986267896943505,partial:OEWS_May2021_lognormal;D,11.499393764454108,0.3801141234045037,5,own
17-2141,1,4.113324858612266e-6,partial:OEWS_May2021_lognormal;D,11.447430547572367,0.320269731105681,5,own
17-2141,2,0.00011942369801742903,partial:OEWS_May2021_lognormal;D,11.447430547572367,0.320269731105681,5,own
17-2141,3,0.0008678583821522534,partial:OEWS_May2021_lognormal;D,11.447430547572367,0.320269731105681,5,own
17-2141,4,0.0036206055680701454,partial:OEWS_May2021_lognormal;D,11.447430547572367,0.320269731105681,5,own
17-2141,5,0.011307234732792493,partial:OEWS_May2021_lognormal;D,11.447430547572367,0.320269731105681,5,own
17-2141,6,0.029668728666107202,partial:OEWS_May2021_lognormal;D,11.447430547572367,0.320269731105681,5,own
17-2141,7,0.06946860225701323,partial:OEWS_May2021_lognormal;D,11.447430547572367,0.320269731105681,5,own
17-2141,8,0.15007919965637312,partial:OEWS_May2021_lognormal;D,11.447430547572367,0.320269731105681,5,own
17-2141,9,0.3009170253395631,partial:OEWS_May2021_lognormal;D,11.447430547572367,0.320269731105681,5,own
17-2141,10,0.4339472083750524,partial:OEWS_May2021_lognormal;D,11.447430547572367,0.320269731105681,5,own
17-2151,1,0.001135718800458374,partial:OEWS_May2021_lognormal;D,11.438067289809059,0.4648341147168614,5,own
17-2151,2,0.004982995395630074,partial:OEWS_May2021_lognormal;D,11.438067289809059,0.4648341147168614,5,own
17-2151,3,0.01127655118273696,partial:OEWS_May2021_lognormal;D,11.438067289809059,0.4648341147168614,5,own
17-2151,4,0.020656314324021097,partial:OEWS_May2021_lognormal;D,11.438067289809059,0.4648341147168614,5,own
17-2151,5,0.03426615282758505,partial:OEWS_May2021_lognormal;D,11.438067289809059,0.4648341147168614,5,own
17-2151,6,0.054049942816777496,partial:OEWS_May2021_lognormal;D,11.438067289809059,0.4648341147168614,5,own
17-2151,7,0.08355177866940378,partial:OEWS_May2021_lognormal;D,11.438067289809059,0.4648341147168614,5,own
17-2151,8,0.13015275991626885,partial:OEWS_May2021_lognormal;D,11.438067289809059,0.4648341147168614,5,own
17-2151,9,0.21352172503838585,partial:OEWS_May2021_lognormal;D,11.438067289809059,0.4648341147168614,5,own
17-2151,10,0.4464060610287325,partial:OEWS_May2021_lognormal;D,11.438067289809059,0.4648341147168614,5,own
17-2161,1,5.2792325788697525e-8,partial:OEWS_May2021_lognormal;D,11.647788094237841,0.3062916938522638,5,own
17-2161,2,3.564232122665878e-6,partial:OEWS_May2021_lognormal;D,11.647788094237841,0.3062916938522638,5,own
17-2161,3,0.000046902795022618626,partial:OEWS_May2021_lognormal;D,11.647788094237841,0.3062916938522638,5,own
17-2161,4,0.00031642045286484066,partial:OEWS_May2021_lognormal;D,11.647788094237841,0.3062916938522638,5,own
17-2161,5,0.0015076553449619445,partial:OEWS_May2021_lognormal;D,11.647788094237841,0.3062916938522638,5,own
17-2161,6,0.005875913223370943,partial:OEWS_May2021_lognormal;D,11.647788094237841,0.3062916938522638,5,own
17-2161,7,0.020382223202369598,partial:OEWS_May2021_lognormal;D,11.647788094237841,0.3062916938522638,5,own
17-2161,8,0.06690223954585212,partial:OEWS_May2021_lognormal;D,11.647788094237841,0.3062916938522638,5,own
17-2161,9,0.22050221967786177,partial:OEWS_May2021_lognormal;D,11.647788094237841,0.3062916938522638,5,own
17-2161,10,0.6844628087332477,partial:OEWS_May2021_lognormal;D,11.647788094237841,0.3062916938522638,5,own
17-2171,1,3.0702657867198724e-6,partial:OEWS_May2021_lognormal;D,11.775217378720356,0.38835264038411293,4,own
17-2171,2,0.00005207711914556601,partial:OEWS_May2021_lognormal;D,11.775217378720356,0.38835264038411293,4,own
17-2171,3,0.0002884503485195977,partial:OEWS_May2021_lognormal;D,11.775217378720356,0.38835264038411293,4,own
17-2171,4,0.001045667325105859,partial:OEWS_May2021_lognormal;D,11.775217378720356,0.38835264038411293,4,own
17-2171,5,0.003082811312505096,partial:OEWS_May2021_lognormal;D,11.775217378720356,0.38835264038411293,4,own
17-2171,6,0.008166864581826971,partial:OEWS_May2021_lognormal;D,11.775217378720356,0.38835264038411293,4,own
17-2171,7,0.02070843831105823,partial:OEWS_May2021_lognormal;D,11.775217378720356,0.38835264038411293,4,own
17-2171,8,0.05331288547987689,partial:OEWS_May2021_lognormal;D,11.775217378720356,0.38835264038411293,4,own
17-2171,9,0.1531630660307285,partial:OEWS_May2021_lognormal;D,11.775217378720356,0.38835264038411293,4,own
17-2171,10,0.7601766692254466,partial:OEWS_May2021_lognormal;D,11.775217378720356,0.38835264038411293,4,own
17-2199,1,0.0000928521655885195,partial:OEWS_May2021_lognormal;D,11.510183119724887,0.39888039698484273,5,own
17-2199,2,0.000873935507747281,partial:OEWS_May2021_lognormal;D,11.510183119724887,0.39888039698484273,5,own
17-2199,3,0.0031712245384188376,partial:OEWS_May2021_lognormal;D,11.510183119724887,0.39888039698484273,5,own
17-2199,4,0.008155198613586545,partial:OEWS_May2021_lognormal;D,11.510183119724887,0.39888039698484273,5,own
17-2199,5,0.017710490963760983,partial:OEWS_May2021_lognormal;D,11.510183119724887,0.39888039698484273,5,own
17-2199,6,0.03505503015414185,partial:OEWS_May2021_lognormal;D,11.510183119724887,0.39888039698484273,5,own
17-2199,7,0.06611031231883252,partial:OEWS_May2021_lognormal;D,11.510183119724887,0.39888039698484273,5,own
17-2199,8,0.12306379369294573,partial:OEWS_May2021_lognormal;D,11.510183119724887,0.39888039698484273,5,own
17-2199,9,0.23628563263087382,partial:OEWS_May2021_lognormal;D,11.510183119724887,0.39888039698484273,5,own
17-2199,10,0.509481529414104,partial:OEWS_May2021_lognormal;D,11.510183119724887,0.39888039698484273,5,own
17-3011,1,0.001074509778318633,partial:OEWS_May2021_lognormal;D,10.965001287794156,0.3081690918571162,5,own
17-3011,2,0.011350507125762022,partial:OEWS_May2021_lognormal;D,10.965001287794156,0.3081690918571162,5,own
17-3011,3,0.037172246626534844,partial:OEWS_May2021_lognormal;D,10.965001287794156,0.3081690918571162,5,own
17-3011,4,0.07746172092435949,partial:OEWS_May2021_lognormal;D,10.965001287794156,0.3081690918571162,5,own
17-3011,5,0.12588768662707817,partial:OEWS_May2021_lognormal;D,10.965001287794156,0.3081690918571162,5,own
17-3011,6,0.17167368989287674,partial:OEWS_May2021_lognormal;D,10.965001287794156,0.3081690918571162,5,own
17-3011,7,0.200243253031194,partial:OEWS_May2021_lognormal;D,10.965001287794156,0.3081690918571162,5,own
17-3011,8,0.19457680013672496,partial:OEWS_May2021_lognormal;D,10.965001287794156,0.3081690918571162,5,own
17-3011,9,0.13948361662759212,partial:OEWS_May2021_lognormal;D,10.965001287794156,0.3081690918571162,5,own
17-3011,10,0.04107596922955903,partial:OEWS_May2021_lognormal;D,10.965001287794156,0.3081690918571162,5,own
17-3012,1,0.0032051845030546255,partial:OEWS_May2021_lognormal;D,11.028467184678101,0.3702042590753295,5,own
17-3012,2,0.017510876766071604,partial:OEWS_May2021_lognormal;D,11.028467184678101,0.3702042590753295,5,own
17-3012,3,0.04058764999929826,partial:OEWS_May2021_lognormal;D,11.028467184678101,0.3702042590753295,5,own
17-3012,4,0.06989528576548815,partial:OEWS_May2021_lognormal;D,11.028467184678101,0.3702042590753295,5,own
17-3012,5,0.10296406922659501,partial:OEWS_May2021_lognormal;D,11.028467184678101,0.3702042590753295,5,own
17-3012,6,0.13666191287723528,partial:OEWS_May2021_lognormal;D,11.028467184678101,0.3702042590753295,5,own
17-3012,7,0.1664261106869629,partial:OEWS_May2021_lognormal;D,11.028467184678101,0.3702042590753295,5,own
17-3012,8,0.18474077744445072,partial:OEWS_May2021_lognormal;D,11.028467184678101,0.3702042590753295,5,own
17-3012,9,0.17696081684373044,partial:OEWS_May2021_lognormal;D,11.028467184678101,0.3702042590753295,5,own
17-3012,10,0.10104731588711302,partial:OEWS_May2021_lognormal;D,11.028467184678101,0.3702042590753295,5,own
17-3013,1,0.003357941301126932,partial:OEWS_May2021_lognormal;D,11.002761992356445,0.36282482350062945,5,own
17-3013,2,0.018867890456878422,partial:OEWS_May2021_lognormal;D,11.002761992356445,0.36282482350062945,5,own
17-3013,3,0.04400367258183807,partial:OEWS_May2021_lognormal;D,11.002761992356445,0.36282482350062945,5,own
17-3013,4,0.07547594841201144,partial:OEWS_May2021_lognormal;D,11.002761992356445,0.36282482350062945,5,own
17-3013,5,0.11000794460976393,partial:OEWS_May2021_lognormal;D,11.002761992356445,0.36282482350062945,5,own
17-3013,6,0.14358841417566537,partial:OEWS_May2021_lognormal;D,11.002761992356445,0.36282482350062945,5,own
17-3013,7,0.17072202789176627,partial:OEWS_May2021_lognormal;D,11.002761992356445,0.36282482350062945,5,own
17-3013,8,0.18305418118688732,partial:OEWS_May2021_lognormal;D,11.002761992356445,0.36282482350062945,5,own
17-3013,9,0.16595224203948145,partial:OEWS_May2021_lognormal;D,11.002761992356445,0.36282482350062945,5,own
17-3013,10,0.0849697373445808,partial:OEWS_May2021_lognormal;D,11.002761992356445,0.36282482350062945,5,own
17-3019,1,0.002182647436640317,partial:OEWS_May2021_lognormal;D,10.927642085616425,0.3186681582680005,5,own
17-3019,2,0.01787463771117842,partial:OEWS_May2021_lognormal;D,10.927642085616425,0.3186681582680005,5,own
17-3019,3,0.04975183840183095,partial:OEWS_May2021_lognormal;D,10.927642085616425,0.3186681582680005,5,own
17-3019,4,0.09235654350439038,partial:OEWS_May2021_lognormal;D,10.927642085616425,0.3186681582680005,5,own
17-3019,5,0.1372462600076228,partial:OEWS_May2021_lognormal;D,10.927642085616425,0.3186681582680005,5,own
17-3019,6,0.17404248151528245,partial:OEWS_May2021_lognormal;D,10.927642085616425,0.3186681582680005,5,own
17-3019,7,0.19113778244420088,partial:OEWS_May2021_lognormal;D,10.927642085616425,0.3186681582680005,5,own
17-3019,8,0.17684496194344135,partial:OEWS_May2021_lognormal;D,10.927642085616425,0.3186681582680005,5,own
17-3019,9,0.12249789189779181,partial:OEWS_May2021_lognormal;D,10.927642085616425,0.3186681582680005,5,own
17-3019,10,0.03606495513762065,partial:OEWS_May2021_lognormal;D,10.927642085616425,0.3186681582680005,5,own
17-3021,1,0.00012923163259120907,partial:OEWS_May2021_lognormal;D,11.186191593420913,0.3193747697467296,5,own
17-3021,2,0.0020052278272941204,partial:OEWS_May2021_lognormal;D,11.186191593420913,0.3193747697467296,5,own
17-3021,3,0.009066161027514452,partial:OEWS_May2021_lognormal;D,11.186191593420913,0.3193747697467296,5,own
17-3021,4,0.025288682483179725,partial:OEWS_May2021_lognormal;D,11.186191593420913,0.3193747697467296,5,own
17-3021,5,0.05453438926844273,partial:OEWS_May2021_lognormal;D,11.186191593420913,0.3193747697467296,5,own
17-3021,6,0.09949384569765862,partial:OEWS_May2021_lognormal;D,11.186191593420913,0.3193747697467296,5,own
17-3021,7,0.15943062150542825,partial:OEWS_May2021_lognormal;D,11.186191593420913,0.3193747697467296,5,own
17-3021,8,0.2248563917572567,partial:OEWS_May2021_lognormal;D,11.186191593420913,0.3193747697467296,5,own
17-3021,9,0.26282682892115306,partial:OEWS_May2021_lognormal;D,11.186191593420913,0.3193747697467296,5,own
17-3021,10,0.16236861987948115,partial:OEWS_May2021_lognormal;D,11.186191593420913,0.3193747697467296,5,own
17-3022,1,0.0028599717055982077,partial:OEWS_May2021_lognormal;D,10.92312353354053,0.3270729986969112,5,own
17-3022,2,0.020656302307675567,partial:OEWS_May2021_lognormal;D,10.92312353354053,0.3270729986969112,5,own
17-3022,3,0.05349892039646159,partial:OEWS_May2021_lognormal;D,10.92312353354053,0.3270729986969112,5,own
17-3022,4,0.09494333787181264,partial:OEWS_May2021_lognormal;D,10.92312353354053,0.3270729986969112,5,own
17-3022,5,0.13701625602893608,partial:OEWS_May2021_lognormal;D,10.92312353354053,0.3270729986969112,5,own
17-3022,6,0.17066293494189055,partial:OEWS_May2021_lognormal;D,10.92312353354053,0.3270729986969112,5,own
17-3022,7,0.1860083136256261,partial:OEWS_May2021_lognormal;D,10.92312353354053,0.3270729986969112,5,own
17-3022,8,0.1728976299383953,partial:OEWS_May2021_lognormal;D,10.92312353354053,0.3270729986969112,5,own
17-3022,9,0.122750128975612,partial:OEWS_May2021_lognormal;D,10.92312353354053,0.3270729986969112,5,own
17-3022,10,0.03870620420799198,partial:OEWS_May2021_lognormal;D,10.92312353354053,0.3270729986969112,5,own
17-3023,1,0.0018507439754926192,partial:OEWS_May2021_lognormal;D,11.048624252061309,0.35463416734154535,5,own
17-3023,2,0.012573602928996952,partial:OEWS_May2021_lognormal;D,11.048624252061309,0.35463416734154535,5,own
17-3023,3,0.03317938877986626,partial:OEWS_May2021_lognormal;D,11.048624252061309,0.35463416734154535,5,own
17-3023,4,0.062347759747502396,partial:OEWS_May2021_lognormal;D,11.048624252061309,0.35463416734154535,5,own
17-3023,5,0.0979041606835977,partial:OEWS_May2021_lognormal;D,11.048624252061309,0.35463416734154535,5,own
17-3023,6,0.13636095201348802,partial:OEWS_May2021_lognormal;D,11.048624252061309,0.35463416734154535,5,own
17-3023,7,0.17204665328733415,partial:OEWS_May2021_lognormal;D,11.048624252061309,0.35463416734154535,5,own
17-3023,8,0.1952392991569467,partial:OEWS_May2021_lognormal;D,11.048624252061309,0.35463416734154535,5,own
17-3023,9,0.18730256705948134,partial:OEWS_May2021_lognormal;D,11.048624252061309,0.35463416734154535,5,own
17-3023,10,0.10119487236729385,partial:OEWS_May2021_lognormal;D,11.048624252061309,0.35463416734154535,5,own
17-3024,1,0.0035980512672847964,partial:OEWS_May2021_lognormal;D,11.012079087187628,0.369394193633516,5,own
17-3024,2,0.01919063219122108,partial:OEWS_May2021_lognormal;D,11.012079087187628,0.369394193633516,5,own
17-3024,3,0.0436382962337844,partial:OEWS_May2021_lognormal;D,11.012079087187628,0.369394193633516,5,own
17-3024,4,0.07390383229107345,partial:OEWS_May2021_lognormal;D,11.012079087187628,0.369394193633516,5,own
17-3024,5,0.10715248628510038,partial:OEWS_May2021_lognormal;D,11.012079087187628,0.369394193633516,5,own
17-3024,6,0.13994530154227103,partial:OEWS_May2021_lognormal;D,11.012079087187628,0.369394193633516,5,own
17-3024,7,0.1674830397894585,partial:OEWS_May2021_lognormal;D,11.012079087187628,0.369394193633516,5,own
17-3024,8,0.18218658089499606,partial:OEWS_May2021_lognormal;D,11.012079087187628,0.369394193633516,5,own
17-3024,9,0.16994562671411684,partial:OEWS_May2021_lognormal;D,11.012079087187628,0.369394193633516,5,own
17-3024,10,0.09295615279069347,partial:OEWS_May2021_lognormal;D,11.012079087187628,0.369394193633516,5,own
17-3025,1,0.009160502499629408,partial:OEWS_May2021_lognormal;D,10.854788005681574,0.3541672825226331,5,own
17-3025,2,0.04122495380852259,partial:OEWS_May2021_lognormal;D,10.854788005681574,0.3541672825226331,5,own
17-3025,3,0.08023907864480401,partial:OEWS_May2021_lognormal;D,10.854788005681574,0.3541672825226331,5,own
17-3025,4,0.11727895732312799,partial:OEWS_May2021_lognormal;D,10.854788005681574,0.3541672825226331,5,own
17-3025,5,0.14657868891470238,partial:OEWS_May2021_lognormal;D,10.854788005681574,0.3541672825226331,5,own
17-3025,6,0.1634744603554753,partial:OEWS_May2021_lognormal;D,10.854788005681574,0.3541672825226331,5,own
17-3025,7,0.16382164310105096,partial:OEWS_May2021_lognormal;D,10.854788005681574,0.3541672825226331,5,own
17-3025,8,0.14381869897291877,partial:OEWS_May2021_lognormal;D,10.854788005681574,0.3541672825226331,5,own
17-3025,9,0.10030841599978046,partial:OEWS_May2021_lognormal;D,10.854788005681574,0.3541672825226331,5,own
17-3025,10,0.03409460037998813,partial:OEWS_May2021_lognormal;D,10.854788005681574,0.3541672825226331,5,own
17-3026,1,0.0015331956672311464,partial:OEWS_May2021_lognormal;D,10.980396417403576,0.324590150032714,5,own
17-3026,2,0.01318303946259608,partial:OEWS_May2021_lognormal;D,10.980396417403576,0.324590150032714,5,own
17-3026,3,0.03867893830725827,partial:OEWS_May2021_lognormal;D,10.980396417403576,0.324590150032714,5,own
17-3026,4,0.07581336364036462,partial:OEWS_May2021_lognormal;D,10.980396417403576,0.324590150032714,5,own
17-3026,5,0.11935396477712623,partial:OEWS_May2021_lognormal;D,10.980396417403576,0.324590150032714,5,own
17-3026,6,0.16129941170987855,partial:OEWS_May2021_lognormal;D,10.980396417403576,0.324590150032714,5,own
17-3026,7,0.1906793932684141,partial:OEWS_May2021_lognormal;D,10.980396417403576,0.324590150032714,5,own
17-3026,8,0.1932378887236863,partial:OEWS_May2021_lognormal;D,10.980396417403576,0.324590150032714,5,own
17-3026,9,0.15174930796777486,partial:OEWS_May2021_lognormal;D,10.980396417403576,0.324590150032714,5,own
17-3026,10,0.054471496475669845,partial:OEWS_May2021_lognormal;D,10.980396417403576,0.324590150032714,5,own
17-3027,1,0.0030444441097677855,partial:OEWS_May2021_lognormal;D,11.006036138253389,0.35974042039767856,5,own
17-3027,2,0.017823704607850432,partial:OEWS_May2021_lognormal;D,11.006036138253389,0.35974042039767856,5,own
17-3027,3,0.042577518580071305,partial:OEWS_May2021_lognormal;D,11.006036138253389,0.35974042039767856,5,own
17-3027,4,0.07419361177908251,partial:OEWS_May2021_lognormal;D,11.006036138253389,0.35974042039767856,5,own
17-3027,5,0.10936535512124429,partial:OEWS_May2021_lognormal;D,11.006036138253389,0.35974042039767856,5,own
17-3027,6,0.1439219352153311,partial:OEWS_May2021_lognormal;D,11.006036138253389,0.35974042039767856,5,own
17-3027,7,0.1720751617488328,partial:OEWS_May2021_lognormal;D,11.006036138253389,0.35974042039767856,5,own
17-3027,8,0.18501062713256788,partial:OEWS_May2021_lognormal;D,11.006036138253389,0.35974042039767856,5,own
17-3027,9,0.16743180899661525,partial:OEWS_May2021_lognormal;D,11.006036138253389,0.35974042039767856,5,own
17-3027,10,0.08455583270863665,partial:OEWS_May2021_lognormal;D,11.006036138253389,0.35974042039767856,5,own
17-3028,1,0.00399383357503158,partial:OEWS_May2021_lognormal;D,11.001103700478717,0.3701361250620873,5,own
17-3028,2,0.020677043678081652,partial:OEWS_May2021_lognormal;D,11.001103700478717,0.3701361250620873,5,own
17-3028,3,0.046072463748668024,partial:OEWS_May2021_lognormal;D,11.001103700478717,0.3701361250620873,5,own
17-3028,4,0.07680196362066122,partial:OEWS_May2021_lognormal;D,11.001103700478717,0.3701361250620873,5,own
17-3028,5,0.10984544189034351,partial:OEWS_May2021_lognormal;D,11.001103700478717,0.3701361250620873,5,own
17-3028,6,0.14166124115348344,partial:OEWS_May2021_lognormal;D,11.001103700478717,0.3701361250620873,5,own
17-3028,7,0.16744242449109809,partial:OEWS_May2021_lognormal;D,11.001103700478717,0.3701361250620873,5,own
17-3028,8,0.179778026235481,partial:OEWS_May2021_lognormal;D,11.001103700478717,0.3701361250620873,5,own
17-3028,9,0.16518260277282626,partial:OEWS_May2021_lognormal;D,11.001103700478717,0.3701361250620873,5,own
17-3028,10,0.08854495883432523,partial:OEWS_May2021_lognormal;D,11.001103700478717,0.3701361250620873,5,own
17-3029,1,0.004556492766097375,partial:OEWS_May2021_lognormal;D,11.03458811949039,0.38933561867448574,5,own
17-3029,2,0.020752826145801317,partial:OEWS_May2021_lognormal;D,11.03458811949039,0.38933561867448574,5,own
17-3029,3,0.043624759182864514,partial:OEWS_May2021_lognormal;D,11.03458811949039,0.38933561867448574,5,own
17-3029,4,0.07082747315937177,partial:OEWS_May2021_lognormal;D,11.03458811949039,0.38933561867448574,5,own
17-3029,5,0.10055295434308059,partial:OEWS_May2021_lognormal;D,11.03458811949039,0.38933561867448574,5,own
17-3029,6,0.13069107875006652,partial:OEWS_May2021_lognormal;D,11.03458811949039,0.38933561867448574,5,own
17-3029,7,0.15816865449468825,partial:OEWS_May2021_lognormal;D,11.03458811949039,0.38933561867448574,5,own
17-3029,8,0.1776450287465664,partial:OEWS_May2021_lognormal;D,11.03458811949039,0.38933561867448574,5,own
17-3029,9,0.17756715123357436,partial:OEWS_May2021_lognormal;D,11.03458811949039,0.38933561867448574,5,own
17-3029,10,0.11561358117788889,partial:OEWS_May2021_lognormal;D,11.03458811949039,0.38933561867448574,5,own
17-3031,1,0.02061397966348666,partial:OEWS_May2021_lognormal;D,10.762725103452631,0.3642122601407523,5,own
17-3031,2,0.06900699854973047,partial:OEWS_May2021_lognormal;D,10.762725103452631,0.3642122601407523,5,own
17-3031,3,0.1109211095538003,partial:OEWS_May2021_lognormal;D,10.762725103452631,0.3642122601407523,5,own
17-3031,4,0.14052797483423307,partial:OEWS_May2021_lognormal;D,10.762725103452631,0.3642122601407523,5,own
17-3031,5,0.15593746781762752,partial:OEWS_May2021_lognormal;D,10.762725103452631,0.3642122601407523,5,own
17-3031,6,0.15640212888683047,partial:OEWS_May2021_lognormal;D,10.762725103452631,0.3642122601407523,5,own
17-3031,7,0.14181493372586895,partial:OEWS_May2021_lognormal;D,10.762725103452631,0.3642122601407523,5,own
17-3031,8,0.11270130944612233,partial:OEWS_May2021_lognormal;D,10.762725103452631,0.3642122601407523,5,own
17-3031,9,0.07070338269998888,partial:OEWS_May2021_lognormal;D,10.762725103452631,0.3642122601407523,5,own
17-3031,10,0.021370714822311343,partial:OEWS_May2021_lognormal;D,10.762725103452631,0.3642122601407523,5,own
19-1011,1,0.0017494492579421816,partial:OEWS_May2021_lognormal;D,11.176319902770485,0.39622804670505735,5,own
19-1011,2,0.009601955348162716,partial:OEWS_May2021_lognormal;D,11.176319902770485,0.39622804670505735,5,own
19-1011,3,0.023359187645175195,partial:OEWS_May2021_lognormal;D,11.176319902770485,0.39622804670505735,5,own
19-1011,4,0.043052075021685066,partial:OEWS_May2021_lognormal;D,11.176319902770485,0.39622804670505735,5,own
19-1011,5,0.06892974743106212,partial:OEWS_May2021_lognormal;D,11.176319902770485,0.39622804670505735,5,own
19-1011,6,0.10119035824544159,partial:OEWS_May2021_lognormal;D,11.176319902770485,0.39622804670505735,5,own
19-1011,7,0.13963996666241135,partial:OEWS_May2021_lognormal;D,11.176319902770485,0.39622804670505735,5,own
19-1011,8,0.1827029413401453,partial:OEWS_May2021_lognormal;D,11.176319902770485,0.39622804670505735,5,own
19-1011,9,0.22328858124488937,partial:OEWS_May2021_lognormal;D,11.176319902770485,0.39622804670505735,5,own
19-1011,10,0.2064857378030851,partial:OEWS_May2021_lognormal;D,11.176319902770485,0.39622804670505735,5,own
19-1012,1,0.0012245918994185367,partial:OEWS_May2021_lognormal;D,11.25836181951511,0.4089972970475028,5,own
19-1012,2,0.006798611438310398,partial:OEWS_May2021_lognormal;D,11.25836181951511,0.4089972970475028,5,own
19-1012,3,0.01699954499667322,partial:OEWS_May2021_lognormal;D,11.25836181951511,0.4089972970475028,5,own
19-1012,4,0.03242873223318149,partial:OEWS_May2021_lognormal;D,11.25836181951511,0.4089972970475028,5,own
19-1012,5,0.054062980784072234,partial:OEWS_May2021_lognormal;D,11.25836181951511,0.4089972970475028,5,own
19-1012,6,0.08324403974350647,partial:OEWS_May2021_lognormal;D,11.25836181951511,0.4089972970475028,5,own
19-1012,7,0.1217616591516783,partial:OEWS_May2021_lognormal;D,11.25836181951511,0.4089972970475028,5,own
19-1012,8,0.17184492451693129,partial:OEWS_May2021_lognormal;D,11.25836181951511,0.4089972970475028,5,own
19-1012,9,0.23488473890015393,partial:OEWS_May2021_lognormal;D,11.25836181951511,0.4089972970475028,5,own
19-1012,10,0.2767501763360741,partial:OEWS_May2021_lognormal;D,11.25836181951511,0.4089972970475028,5,own
19-1013,1,0.006480111119279208,partial:OEWS_May2021_lognormal;D,11.145872152521495,0.45338082318226125,5,own
19-1013,2,0.020695359278673664,partial:OEWS_May2021_lognormal;D,11.145872152521495,0.45338082318226125,5,own
19-1013,3,0.037126506164840145,partial:OEWS_May2021_lognormal;D,11.145872152521495,0.45338082318226125,5,own
19-1013,4,0.055878271410014,partial:OEWS_May2021_lognormal;D,11.145872152521495,0.45338082318226125,5,own
19-1013,5,0.07717260237054685,partial:OEWS_May2021_lognormal;D,11.145872152521495,0.45338082318226125,5,own
19-1013,6,0.10134720335797298,partial:OEWS_May2021_lognormal;D,11.145872152521495,0.45338082318226125,5,own
19-1013,7,0.1288562722627093,partial:OEWS_May2021_lognormal;D,11.145872152521495,0.45338082318226125,5,own
19-1013,8,0.16020883719565615,partial:OEWS_May2021_lognormal;D,11.145872152521495,0.45338082318226125,5,own
19-1013,9,0.19531300440406918,partial:OEWS_May2021_lognormal;D,11.145872152521495,0.45338082318226125,5,own
19-1013,10,0.21692183243623853,partial:OEWS_May2021_lognormal;D,11.145872152521495,0.45338082318226125,5,own
19-1021,1,0.00005468726049839834,partial:OEWS_May2021_lognormal;D,11.530638285656288,0.39065243613196476,5,own
19-1021,2,0.0005909565023322072,partial:OEWS_May2021_lognormal;D,11.530638285656288,0.39065243613196476,5,own
19-1021,3,0.002347108199297232,partial:OEWS_May2021_lognormal;D,11.530638285656288,0.39065243613196476,5,own
19-1021,4,0.006456034548264766,partial:OEWS_May2021_lognormal;D,11.530638285656288,0.39065243613196476,5,own
19-1021,5,0.014815344409930598,partial:OEWS_May2021_lognormal;D,11.530638285656288,0.39065243613196476,5,own
19-1021,6,0.03077062265048819,partial:OEWS_May2021_lognormal;D,11.530638285656288,0.39065243613196476,5,own
19-1021,7,0.06064743005641776,partial:OEWS_May2021_lognormal;D,11.530638285656288,0.39065243613196476,5,own
19-1021,8,0.11777244302814799,partial:OEWS_May2021_lognormal;D,11.530638285656288,0.39065243613196476,5,own
19-1021,9,0.23600389089960727,partial:OEWS_May2021_lognormal;D,11.530638285656288,0.39065243613196476,5,own
19-1021,10,0.5305414824450156,partial:OEWS_May2021_lognormal;D,11.530638285656288,0.39065243613196476,5,own
19-1022,1,0.001177021005275003,partial:OEWS_May2021_lognormal;D,11.297185273266319,0.4201552141096394,5,own
19-1022,2,0.006241830696691375,partial:OEWS_May2021_lognormal;D,11.297185273266319,0.4201552141096394,5,own
19-1022,3,0.015334638754580743,partial:OEWS_May2021_lognormal;D,11.297185273266319,0.4201552141096394,5,own
19-1022,4,0.029107789811502416,partial:OEWS_May2021_lognormal;D,11.297185273266319,0.4201552141096394,5,own
19-1022,5,0.04866536857171461,partial:OEWS_May2021_lognormal;D,11.297185273266319,0.4201552141096394,5,own
19-1022,6,0.07564739195014458,partial:OEWS_May2021_lognormal;D,11.297185273266319,0.4201552141096394,5,own
19-1022,7,0.11252986586771502,partial:OEWS_May2021_lognormal;D,11.297185273266319,0.4201552141096394,5,own
19-1022,8,0.1632221765334544,partial:OEWS_May2021_lognormal;D,11.297185273266319,0.4201552141096394,5,own
19-1022,9,0.23401759582750387,partial:OEWS_May2021_lognormal;D,11.297185273266319,0.4201552141096394,5,own
19-1022,10,0.314056320981418,partial:OEWS_May2021_lognormal;D,11.297185273266319,0.4201552141096394,5,own
19-1023,1,0.0011985477707132652,partial:OEWS_May2021_lognormal;D,11.084822848041266,0.3509636431477622,5,own
19-1023,2,0.009202812295507512,partial:OEWS_May2021_lognormal;D,11.084822848041266,0.3509636431477622,5,own
19-1023,3,0.02639505643077117,partial:OEWS_May2021_lognormal;D,11.084822848041266,0.3509636431477622,5,own
19-1023,4,0.05287892838293606,partial:OEWS_May2021_lognormal;D,11.084822848041266,0.3509636431477622,5,own
19-1023,5,0.08766805831884461,partial:OEWS_May2021_lognormal;D,11.084822848041266,0.3509636431477622,5,own
19-1023,6,0.12827231692891938,partial:OEWS_May2021_lognormal;D,11.084822848041266,0.3509636431477622,5,own
19-1023,7,0.1696908318863673,partial:OEWS_May2021_lognormal;D,11.084822848041266,0.3509636431477622,5,own
19-1023,8,0.2021049052085288,partial:OEWS_May2021_lognormal;D,11.084822848041266,0.3509636431477622,5,own
19-1023,9,0.20457272367501533,partial:OEWS_May2021_lognormal;D,11.084822848041266,0.3509636431477622,5,own
19-1023,10,0.11801581910239656,partial:OEWS_May2021_lognormal;D,11.084822848041266,0.3509636431477622,5,own
19-1029,1,0.0005668563966158557,partial:OEWS_May2021_lognormal;D,11.301305258893155,0.3938557258738262,5,own
19-1029,2,0.003967398442879577,partial:OEWS_May2021_lognormal;D,11.301305258893155,0.3938557258738262,5,own
19-1029,3,0.011484466859344566,partial:OEWS_May2021_lognormal;D,11.301305258893155,0.3938557258738262,5,own
19-1029,4,0.024371495369689355,partial:OEWS_May2021_lognormal;D,11.301305258893155,0.3938557258738262,5,own
19-1029,5,0.04426979936653652,partial:OEWS_May2021_lognormal;D,11.301305258893155,0.3938557258738262,5,own
19-1029,6,0.07336493944825428,partial:OEWS_May2021_lognormal;D,11.301305258893155,0.3938557258738262,5,own
19-1029,7,0.1146174441913696,partial:OEWS_May2021_lognormal;D,11.301305258893155,0.3938557258738262,5,own
19-1029,8,0.17195492401808,partial:OEWS_May2021_lognormal;D,11.301305258893155,0.3938557258738262,5,own
19-1029,9,0.24906873368278382,partial:OEWS_May2021_lognormal;D,11.301305258893155,0.3938557258738262,5,own
19-1029,10,0.30633394222444643,partial:OEWS_May2021_lognormal;D,11.301305258893155,0.3938557258738262,5,own
19-1031,1,0.00278136084461994,partial:OEWS_May2021_lognormal;D,11.051541670041168,0.3723199071504181,5,own
19-1031,2,0.015546995185407086,partial:OEWS_May2021_lognormal;D,11.051541670041168,0.3723199071504181,5,own
19-1031,3,0.036790788946609254,partial:OEWS_May2021_lognormal;D,11.051541670041168,0.3723199071504181,5,own
19-1031,4,0.0646088231142235,partial:OEWS_May2021_lognormal;D,11.051541670041168,0.3723199071504181,5,own
19-1031,5,0.09706818817073398,partial:OEWS_May2021_lognormal;D,11.051541670041168,0.3723199071504181,5,own
19-1031,6,0.1315568777424725,partial:OEWS_May2021_lognormal;D,11.051541670041168,0.3723199071504181,5,own
19-1031,7,0.16401398529135358,partial:OEWS_May2021_lognormal;D,11.051541670041168,0.3723199071504181,5,own
19-1031,8,0.18730188777874346,partial:OEWS_May2021_lognormal;D,11.051541670041168,0.3723199071504181,5,own
19-1031,9,0.18649621655359438,partial:OEWS_May2021_lognormal;D,11.051541670041168,0.3723199071504181,5,own
19-1031,10,0.11383487637224232,partial:OEWS_May2021_lognormal;D,11.051541670041168,0.3723199071504181,5,own
19-1032,1,0.0005810143084878927,partial:OEWS_May2021_lognormal;D,11.07074044033783,0.32372024819938783,5,own
19-1032,2,0.006316105459038268,partial:OEWS_May2021_lognormal;D,11.07074044033783,0.32372024819938783,5,own
19-1032,3,0.022069451838732712,partial:OEWS_May2021_lognormal;D,11.07074044033783,0.32372024819938783,5,own
19-1032,4,0.04997045504909903,partial:OEWS_May2021_lognormal;D,11.07074044033783,0.32372024819938783,5,own
19-1032,5,0.08960932837649405,partial:OEWS_May2021_lognormal;D,11.07074044033783,0.32372024819938783,5,own
19-1032,6,0.13732298991749986,partial:OEWS_May2021_lognormal;D,11.07074044033783,0.32372024819938783,5,own
19-1032,7,0.18469753672067463,partial:OEWS_May2021_lognormal;D,11.07074044033783,0.32372024819938783,5,own
19-1032,8,0.2157740199624229,partial:OEWS_May2021_lognormal;D,11.07074044033783,0.32372024819938783,5,own
19-1032,9,0.20160128790182608,partial:OEWS_May2021_lognormal;D,11.07074044033783,0.32372024819938783,5,own
19-1032,10,0.09205781046572459,partial:OEWS_May2021_lognormal;D,11.07074044033783,0.32372024819938783,5,own
19-1041,1,0.00030135925567553734,partial:OEWS_May2021_lognormal;D,11.288363447447683,0.36995212846636316,5,own
19-1041,2,0.002741911191125934,partial:OEWS_May2021_lognormal;D,11.288363447447683,0.36995212846636316,5,own
19-1041,3,0.009261201100772387,partial:OEWS_May2021_lognormal;D,11.288363447447683,0.36995212846636316,5,own
19-1041,4,0.02177017815196297,partial:OEWS_May2021_lognormal;D,11.288363447447683,0.36995212846636316,5,own
19-1041,5,0.04254067314395721,partial:OEWS_May2021_lognormal;D,11.288363447447683,0.36995212846636316,5,own
19-1041,6,0.07432540958056277,partial:OEWS_May2021_lognormal;D,11.288363447447683,0.36995212846636316,5,own
19-1041,7,0.1203417839167063,partial:OEWS_May2021_lognormal;D,11.288363447447683,0.36995212846636316,5,own
19-1041,8,0.18359679849857108,partial:OEWS_May2021_lognormal;D,11.288363447447683,0.36995212846636316,5,own
19-1041,9,0.26212416254115833,partial:OEWS_May2021_lognormal;D,11.288363447447683,0.36995212846636316,5,own
19-1041,10,0.2829965226195075,partial:OEWS_May2021_lognormal;D,11.288363447447683,0.36995212846636316,5,own
19-1042,1,0.0018453385797334576,partial:OEWS_May2021_lognormal;D,11.427197555360902,0.484909373429322,5,own
19-1042,2,0.006832368681727985,partial:OEWS_May2021_lognormal;D,11.427197555360902,0.484909373429322,5,own
19-1042,3,0.01401927442989237,partial:OEWS_May2021_lognormal;D,11.427197555360902,0.484909373429322,5,own
19-1042,4,0.023985496484629887,partial:OEWS_May2021_lognormal;D,11.427197555360902,0.484909373429322,5,own
19-1042,5,0.0377381907206934,partial:OEWS_May2021_lognormal;D,11.427197555360902,0.484909373429322,5,own
19-1042,6,0.056998698952892723,partial:OEWS_May2021_lognormal;D,11.427197555360902,0.484909373429322,5,own
19-1042,7,0.08494086955353541,partial:OEWS_May2021_lognormal;D,11.427197555360902,0.484909373429322,5,own
19-1042,8,0.12829503229247635,partial:OEWS_May2021_lognormal;D,11.427197555360902,0.484909373429322,5,own
19-1042,9,0.20558729339824622,partial:OEWS_May2021_lognormal;D,11.427197555360902,0.484909373429322,5,own
19-1042,10,0.4397574369061722,partial:OEWS_May2021_lognormal;D,11.427197555360902,0.484909373429322,5,own
19-1099,1,0.0015137561031904334,partial:OEWS_May2021_lognormal;D,11.34038937370227,0.445577143003669,5,own
19-1099,2,0.006812827445966008,partial:OEWS_May2021_lognormal;D,11.34038937370227,0.445577143003669,5,own
19-1099,3,0.015368549817479205,partial:OEWS_May2021_lognormal;D,11.34038937370227,0.445577143003669,5,own
19-1099,4,0.027728939142870224,partial:OEWS_May2021_lognormal;D,11.34038937370227,0.445577143003669,5,own
19-1099,5,0.04493640968789486,partial:OEWS_May2021_lognormal;D,11.34038937370227,0.445577143003669,5,own
19-1099,6,0.06868172855819216,partial:OEWS_May2021_lognormal;D,11.34038937370227,0.445577143003669,5,own
19-1099,7,0.10181426854108955,partial:OEWS_May2021_lognormal;D,11.34038937370227,0.445577143003669,5,own
19-1099,8,0.14963914112271354,partial:OEWS_May2021_lognormal;D,11.34038937370227,0.445577143003669,5,own
19-1099,9,0.22400110902209808,partial:OEWS_May2021_lognormal;D,11.34038937370227,0.445577143003669,5,own
19-1099,10,0.35950327055850595,partial:OEWS_May2021_lognormal;D,11.34038937370227,0.445577143003669,5,own
19-2011,1,0.0009121010466529578,partial:OEWS_May2021_lognormal;D,11.709653711186844,0.5422275565390762,4,own
19-2011,2,0.00313017625775619,partial:OEWS_May2021_lognormal;D,11.709653711186844,0.5422275565390762,4,own
19-2011,3,0.0063912328443612165,partial:OEWS_May2021_lognormal;D,11.709653711186844,0.5422275565390762,4,own
19-2011,4,0.011182725519158943,partial:OEWS_May2021_lognormal;D,11.709653711186844,0.5422275565390762,4,own
19-2011,5,0.01832176493862775,partial:OEWS_May2021_lognormal;D,11.709653711186844,0.5422275565390762,4,own
19-2011,6,0.029318010924802573,partial:OEWS_May2021_lognormal;D,11.709653711186844,0.5422275565390762,4,own
19-2011,7,0.04729031250906324,partial:OEWS_May2021_lognormal;D,11.709653711186844,0.5422275565390762,4,own
19-2011,8,0.0799247320024562,partial:OEWS_May2021_lognormal;D,11.709653711186844,0.5422275565390762,4,own
19-2011,9,0.15351516731970527,partial:OEWS_May2021_lognormal;D,11.709653711186844,0.5422275565390762,4,own
19-2011,10,0.6500137766374157,partial:OEWS_May2021_lognormal;D,11.709653711186844,0.5422275565390762,4,own
19-2012,1,0.000014246735639045216,partial:OEWS_May2021_lognormal;D,11.870488256852301,0.44232320881455706,4,own
19-2012,2,0.00013865546080932267,partial:OEWS_May2021_lognormal;D,11.870488256852301,0.44232320881455706,4,own
19-2012,3,0.0005442576577254221,partial:OEWS_May2021_lognormal;D,11.870488256852301,0.44232320881455706,4,own
19-2012,4,0.0015469320129368191,partial:OEWS_May2021_lognormal;D,11.870488256852301,0.44232320881455706,4,own
19-2012,5,0.003782275387309686,partial:OEWS_May2021_lognormal;D,11.870488256852301,0.44232320881455706,4,own
19-2012,6,0.008619012284948158,partial:OEWS_May2021_lognormal;D,11.870488256852301,0.44232320881455706,4,own
19-2012,7,0.01932731515465208,partial:OEWS_May2021_lognormal;D,11.870488256852301,0.44232320881455706,4,own
19-2012,8,0.04517019786015358,partial:OEWS_May2021_lognormal;D,11.870488256852301,0.44232320881455706,4,own
19-2012,9,0.12243208785988541,partial:OEWS_May2021_lognormal;D,11.870488256852301,0.44232320881455706,4,own
19-2012,10,0.7984250195859405,partial:OEWS_May2021_lognormal;D,11.870488256852301,0.44232320881455706,4,own
19-2021,1,0.0010087804187358662,partial:OEWS_May2021_lognormal;D,11.389816155890335,0.4438776186291903,5,own
19-2021,2,0.004946274930498207,partial:OEWS_May2021_lognormal;D,11.389816155890335,0.4438776186291903,5,own
19-2021,3,0.01183299017896039,partial:OEWS_May2021_lognormal;D,11.389816155890335,0.4438776186291903,5,own
19-2021,4,0.022374948283623075,partial:OEWS_May2021_lognormal;D,11.389816155890335,0.4438776186291903,5,own
19-2021,5,0.03779942239527967,partial:OEWS_May2021_lognormal;D,11.389816155890335,0.4438776186291903,5,own
19-2021,6,0.06010897717719449,partial:OEWS_May2021_lognormal;D,11.389816155890335,0.4438776186291903,5,own
19-2021,7,0.09276861207750803,partial:OEWS_May2021_lognormal;D,11.389816155890335,0.4438776186291903,5,own
19-2021,8,0.14249761674343298,partial:OEWS_May2021_lognormal;D,11.389816155890335,0.4438776186291903,5,own
19-2021,9,0.2252960577028722,partial:OEWS_May2021_lognormal;D,11.389816155890335,0.4438776186291903,5,own
19-2021,10,0.4013663200918951,partial:OEWS_May2021_lognormal;D,11.389816155890335,0.4438776186291903,5,own
19-2031,1,0.0007814807761399312,partial:OEWS_May2021_lognormal;D,11.296880456506445,0.4039534165270398,5,own
19-2031,2,0.004868588655898398,partial:OEWS_May2021_lognormal;D,11.296880456506445,0.4039534165270398,5,own
19-2031,3,0.01314037371101262,partial:OEWS_May2021_lognormal;D,11.296880456506445,0.4039534165270398,5,own
19-2031,4,0.026573316885184606,partial:OEWS_May2021_lognormal;D,11.296880456506445,0.4039534165270398,5,own
19-2031,5,0.046546648665478085,partial:OEWS_May2021_lognormal;D,11.296880456506445,0.4039534165270398,5,own
19-2031,6,0.07496357281876814,partial:OEWS_May2021_lognormal;D,11.296880456506445,0.4039534165270398,5,own
19-2031,7,0.11449897512243329,partial:OEWS_May2021_lognormal;D,11.296880456506445,0.4039534165270398,5,own
19-2031,8,0.1689335857993472,partial:OEWS_May2021_lognormal;D,11.296880456506445,0.4039534165270398,5,own
19-2031,9,0.24276209024396977,partial:OEWS_May2021_lognormal;D,11.296880456506445,0.4039534165270398,5,own
19-2031,10,0.30693136732176796,partial:OEWS_May2021_lognormal;D,11.296880456506445,0.4039534165270398,5,own
19-2032,1,0.0001441600390651443,partial:OEWS_May2021_lognormal;D,11.498257730592602,0.40792811704084236,5,own
19-2032,2,0.0011957862316439027,partial:OEWS_May2021_lognormal;D,11.498257730592602,0.40792811704084236,5,own
19-2032,3,0.0040031763205096715,partial:OEWS_May2021_lognormal;D,11.498257730592602,0.40792811704084236,5,own
19-2032,4,0.00970774482175063,partial:OEWS_May2021_lognormal;D,11.498257730592602,0.40792811704084236,5,own
19-2032,5,0.020113238975491,partial:OEWS_May2021_lognormal;D,11.498257730592602,0.40792811704084236,5,own
19-2032,6,0.038249111992747664,partial:OEWS_May2021_lognormal;D,11.498257730592602,0.40792811704084236,5,own
19-2032,7,0.06962076313063609,partial:OEWS_May2021_lognormal;D,11.498257730592602,0.40792811704084236,5,own
19-2032,8,0.1254749626105785,partial:OEWS_May2021_lognormal;D,11.498257730592602,0.40792811704084236,5,own
19-2032,9,0.23388163334644002,partial:OEWS_May2021_lognormal;D,11.498257730592602,0.40792811704084236,5,own
19-2032,10,0.4976094225311374,partial:OEWS_May2021_lognormal;D,11.498257730592602,0.40792811704084236,5,own
19-2041,1,0.0010673096039780505,partial:OEWS_May2021_lognormal;D,11.245941557895101,0.3994542073990452,5,own
19-2041,2,0.006393213015036703,partial:OEWS_May2021_lognormal;D,11.245941557895101,0.3994542073990452,5,own
19-2041,3,0.016656720994149887,partial:OEWS_May2021_lognormal;D,11.245941557895101,0.3994542073990452,5,own
19-2041,4,0.032581630375623616,partial:OEWS_May2021_lognormal;D,11.245941557895101,0.3994542073990452,5,own
19-2041,5,0.05519247446999592,partial:OEWS_May2021_lognormal;D,11.245941557895101,0.3994542073990452,5,own
19-2041,6,0.0857828692392924,partial:OEWS_May2021_lognormal;D,11.245941557895101,0.3994542073990452,5,own
19-2041,7,0.12588629379995675,partial:OEWS_May2021_lognormal;D,11.245941557895101,0.3994542073990452,5,own
19-2041,8,0.17692926622624294,partial:OEWS_May2021_lognormal;D,11.245941557895101,0.3994542073990452,5,own
19-2041,9,0.23769908780524363,partial:OEWS_May2021_lognormal;D,11.245941557895101,0.3994542073990452,5,own
19-2041,10,0.2618111344704801,partial:OEWS_May2021_lognormal;D,11.245941557895101,0.3994542073990452,5,own
19-2042,1,0.0029529969930519595,partial:OEWS_May2021_lognormal;D,11.400096476568821,0.5015745636510608,5,own
19-2042,2,0.009398640842448958,partial:OEWS_May2021_lognormal;D,11.400096476568821,0.5015745636510608,5,own
19-2042,3,0.017670445121694023,partial:OEWS_May2021_lognormal;D,11.400096476568821,0.5015745636510608,5,own
19-2042,4,0.028403692943178682,partial:OEWS_May2021_lognormal;D,11.400096476568821,0.5015745636510608,5,own
19-2042,5,0.042518787458957596,partial:OEWS_May2021_lognormal;D,11.400096476568821,0.5015745636510608,5,own
19-2042,6,0.061552007207914816,partial:OEWS_May2021_lognormal;D,11.400096476568821,0.5015745636510608,5,own
19-2042,7,0.08832503457266694,partial:OEWS_May2021_lognormal;D,11.400096476568821,0.5015745636510608,5,own
19-2042,8,0.12884205932504617,partial:OEWS_May2021_lognormal;D,11.400096476568821,0.5015745636510608,5,own
19-2042,9,0.19982273201423806,partial:OEWS_May2021_lognormal;D,11.400096476568821,0.5015745636510608,5,own
19-2042,10,0.4205136035208028,partial:OEWS_May2021_lognormal;D,11.400096476568821,0.5015745636510608,5,own
19-2043,1,0.00025681451145431744,partial:OEWS_May2021_lognormal;D,11.329507637996763,0.37720056467780577,5,own
19-2043,2,0.0023026885482910764,partial:OEWS_May2021_lognormal;D,11.329507637996763,0.37720056467780577,5,own
19-2043,3,0.007791490100834131,partial:OEWS_May2021_lognormal;D,11.329507637996763,0.37720056467780577,5,own
19-2043,4,0.01849408183658441,partial:OEWS_May2021_lognormal;D,11.329507637996763,0.37720056467780577,5,own
19-2043,5,0.0366963697745471,partial:OEWS_May2021_lognormal;D,11.329507637996763,0.37720056467780577,5,own
19-2043,6,0.06546511750043732,partial:OEWS_May2021_lognormal;D,11.329507637996763,0.37720056467780577,5,own
19-2043,7,0.10898960148663256,partial:OEWS_May2021_lognormal;D,11.329507637996763,0.37720056467780577,5,own
19-2043,8,0.17284490476908826,partial:OEWS_May2021_lognormal;D,11.329507637996763,0.37720056467780577,5,own
19-2043,9,0.2621924948087142,partial:OEWS_May2021_lognormal;D,11.329507637996763,0.37720056467780577,5,own
19-2043,10,0.3249664366634166,partial:OEWS_May2021_lognormal;D,11.329507637996763,0.37720056467780577,5,own
19-2099,1,0.0005682451912081832,partial:OEWS_May2021_lognormal;D,11.520049978948892,0.4611557792654885,5,own
19-2099,2,0.0028677796348109963,partial:OEWS_May2021_lognormal;D,11.520049978948892,0.4611557792654885,5,own
19-2099,3,0.007136037640684323,partial:OEWS_May2021_lognormal;D,11.520049978948892,0.4611557792654885,5,own
19-2099,4,0.014095566974743845,partial:OEWS_May2021_lognormal;D,11.520049978948892,0.4611557792654885,5,own
19-2099,5,0.024992658587053795,partial:OEWS_May2021_lognormal;D,11.520049978948892,0.4611557792654885,5,own
19-2099,6,0.041995102529675365,partial:OEWS_May2021_lognormal;D,11.520049978948892,0.4611557792654885,5,own
19-2099,7,0.06920892491152603,partial:OEWS_May2021_lognormal;D,11.520049978948892,0.4611557792654885,5,own
19-2099,8,0.11561551626670741,partial:OEWS_May2021_lognormal;D,11.520049978948892,0.4611557792654885,5,own
19-2099,9,0.2067874367941936,partial:OEWS_May2021_lognormal;D,11.520049978948892,0.4611557792654885,5,own
19-2099,10,0.5167327314693965,partial:OEWS_May2021_lognormal;D,11.520049978948892,0.4611557792654885,5,own
19-3011,1,0.00021353593117523495,partial:OEWS_May2021_lognormal;D,11.599306857106816,0.4485179532936255,5,own
19-3011,2,0.0013454986127064417,partial:OEWS_May2021_lognormal;D,11.599306857106816,0.4485179532936255,5,own
19-3011,3,0.0038725733256707584,partial:OEWS_May2021_lognormal;D,11.599306857106816,0.4485179532936255,5,own
19-3011,4,0.008550858125310812,partial:OEWS_May2021_lognormal;D,11.599306857106816,0.4485179532936255,5,own
19-3011,5,0.01666896611188806,partial:OEWS_May2021_lognormal;D,11.599306857106816,0.4485179532936255,5,own
19-3011,6,0.030542097729563178,partial:OEWS_May2021_lognormal;D,11.599306857106816,0.4485179532936255,5,own
19-3011,7,0.05474433512900312,partial:OEWS_May2021_lognormal;D,11.599306857106816,0.4485179532936255,5,own
19-3011,8,0.09977403442160593,partial:OEWS_May2021_lognormal;D,11.599306857106816,0.4485179532936255,5,own
19-3011,9,0.19728381149301055,partial:OEWS_May2021_lognormal;D,11.599306857106816,0.4485179532936255,5,own
19-3011,10,0.587004289120066,partial:OEWS_May2021_lognormal;D,11.599306857106816,0.4485179532936255,5,own
19-3022,1,0.044975598993501564,partial:OEWS_May2021_lognormal;D,10.908168066733216,0.5242127054383676,5,own
19-3022,2,0.06804808085930764,partial:OEWS_May2021_lognormal;D,10.908168066733216,0.5242127054383676,5,own
19-3022,3,0.08163739753946431,partial:OEWS_May2021_lognormal;D,10.908168066733216,0.5242127054383676,5,own
19-3022,4,0.09239917635624112,partial:OEWS_May2021_lognormal;D,10.908168066733216,0.5242127054383676,5,own
19-3022,5,0.10165776682144667,partial:OEWS_May2021_lognormal;D,10.908168066733216,0.5242127054383676,5,own
19-3022,6,0.1099533662117847,partial:OEWS_May2021_lognormal;D,10.908168066733216,0.5242127054383676,5,own
19-3022,7,0.11753162440876791,partial:OEWS_May2021_lognormal;D,10.908168066733216,0.5242127054383676,5,own
19-3022,8,0.12442406564346176,partial:OEWS_May2021_lognormal;D,10.908168066733216,0.5242127054383676,5,own
19-3022,9,0.1302046272616092,partial:OEWS_May2021_lognormal;D,10.908168066733216,0.5242127054383676,5,own
19-3022,10,0.12916829590441514,partial:OEWS_May2021_lognormal;D,10.908168066733216,0.5242127054383676,5,own
19-3032,1,0.000029643809373813834,partial:OEWS_May2021_lognormal;D,11.551816736185783,0.38164205675514673,5,own
19-3032,2,0.00037532627246045225,partial:OEWS_May2021_lognormal;D,11.551816736185783,0.38164205675514673,5,own
19-3032,3,0.0016541499501324664,partial:OEWS_May2021_lognormal;D,11.551816736185783,0.38164205675514673,5,own
19-3032,4,0.004917543726855544,partial:OEWS_May2021_lognormal;D,11.551816736185783,0.38164205675514673,5,own
19-3032,5,0.012026762933667945,partial:OEWS_May2021_lognormal;D,11.551816736185783,0.38164205675514673,5,own
19-3032,6,0.026405526800989454,partial:OEWS_May2021_lognormal;D,11.551816736185783,0.38164205675514673,5,own
19-3032,7,0.05475784236629433,partial:OEWS_May2021_lognormal;D,11.551816736185783,0.38164205675514673,5,own
19-3032,8,0.11163461699386051,partial:OEWS_May2021_lognormal;D,11.551816736185783,0.38164205675514673,5,own
19-3032,9,0.23492625886021667,partial:OEWS_May2021_lognormal;D,11.551816736185783,0.38164205675514673,5,own
19-3032,10,0.5532723282861488,partial:OEWS_May2021_lognormal;D,11.551816736185783,0.38164205675514673,5,own
19-3033,1,0.0034372512343179284,partial:OEWS_May2021_lognormal;D,11.378306722159268,0.5028085154861277,5,own
19-3033,2,0.010567139283746974,partial:OEWS_May2021_lognormal;D,11.378306722159268,0.5028085154861277,5,own
19-3033,3,0.019432737738978356,partial:OEWS_May2021_lognormal;D,11.378306722159268,0.5028085154861277,5,own
19-3033,4,0.030700029924343175,partial:OEWS_May2021_lognormal;D,11.378306722159268,0.5028085154861277,5,own
19-3033,5,0.04526386046004216,partial:OEWS_May2021_lognormal;D,11.378306722159268,0.5028085154861277,5,own
19-3033,6,0.06459341760324744,partial:OEWS_May2021_lognormal;D,11.378306722159268,0.5028085154861277,5,own
19-3033,7,0.09136091316591233,partial:OEWS_May2021_lognormal;D,11.378306722159268,0.5028085154861277,5,own
19-3033,8,0.1311988661639742,partial:OEWS_May2021_lognormal;D,11.378306722159268,0.5028085154861277,5,own
19-3033,9,0.1996071429596739,partial:OEWS_May2021_lognormal;D,11.378306722159268,0.5028085154861277,5,own
19-3033,10,0.40383864146576354,partial:OEWS_May2021_lognormal;D,11.378306722159268,0.5028085154861277,5,own
19-3034,1,0.0002590255715588241,partial:OEWS_May2021_lognormal;D,11.272858897772355,0.36113118976063285,5,own
19-3034,2,0.0025684000217290337,partial:OEWS_May2021_lognormal;D,11.272858897772355,0.36113118976063285,5,own
19-3034,3,0.0091002735346572,partial:OEWS_May2021_lognormal;D,11.272858897772355,0.36113118976063285,5,own
19-3034,4,0.022024684968165342,partial:OEWS_May2021_lognormal;D,11.272858897772355,0.36113118976063285,5,own
19-3034,5,0.04382748016169086,partial:OEWS_May2021_lognormal;D,11.272858897772355,0.36113118976063285,5,own
19-3034,6,0.07734666071320057,partial:OEWS_May2021_lognormal;D,11.272858897772355,0.36113118976063285,5,own
19-3034,7,0.12553437037018028,partial:OEWS_May2021_lognormal;D,11.272858897772355,0.36113118976063285,5,own
19-3034,8,0.19017125810549257,partial:OEWS_May2021_lognormal;D,11.272858897772355,0.36113118976063285,5,own
19-3034,9,0.2651199632603796,partial:OEWS_May2021_lognormal;D,11.272858897772355,0.36113118976063285,5,own
19-3034,10,0.2640478832929457,partial:OEWS_May2021_lognormal;D,11.272858897772355,0.36113118976063285,5,own
19-3039,1,0.001293982425445428,partial:OEWS_May2021_lognormal;D,11.367917011977372,0.44762518084822084,5,own
19-3039,2,0.005952251615703841,partial:OEWS_May2021_lognormal;D,11.367917011977372,0.44762518084822084,5,own
19-3039,3,0.013668101645095854,partial:OEWS_May2021_lognormal;D,11.367917011977372,0.44762518084822084,5,own
19-3039,4,0.025057411683597097,partial:OEWS_May2021_lognormal;D,11.367917011977372,0.44762518084822084,5,own
19-3039,5,0.041242764698429746,partial:OEWS_May2021_lognormal;D,11.367917011977372,0.44762518084822084,5,own
19-3039,6,0.06405946331248785,partial:OEWS_May2021_lognormal;D,11.367917011977372,0.44762518084822084,5,own
19-3039,7,0.09666247230474789,partial:OEWS_May2021_lognormal;D,11.367917011977372,0.44762518084822084,5,own
19-3039,8,0.1451056195641406,partial:OEWS_May2021_lognormal;D,11.367917011977372,0.44762518084822084,5,own
19-3039,9,0.22358863226736236,partial:OEWS_May2021_lognormal;D,11.367917011977372,0.44762518084822084,5,own
19-3039,10,0.38336930048298934,partial:OEWS_May2021_lognormal;D,11.367917011977372,0.44762518084822084,5,own
19-3041,1,0.000017754576504269703,partial:OEWS_May2021_lognormal;D,11.40144392152417,0.3342658894894575,5,own
19-3041,2,0.00035235926361587566,partial:OEWS_May2021_lognormal;D,11.40144392152417,0.3342658894894575,5,own
19-3041,3,0.001988585233008433,partial:OEWS_May2021_lognormal;D,11.40144392152417,0.3342658894894575,5,own
19-3041,4,0.0068517934165218675,partial:OEWS_May2021_lognormal;D,11.40144392152417,0.3342658894894575,5,own
19-3041,5,0.018282704046535925,partial:OEWS_May2021_lognormal;D,11.40144392152417,0.3342658894894575,5,own
19-3041,6,0.04182050143125787,partial:OEWS_May2021_lognormal;D,11.40144392152417,0.3342658894894575,5,own
19-3041,7,0.08639698725879097,partial:OEWS_May2021_lognormal;D,11.40144392152417,0.3342658894894575,5,own
19-3041,8,0.16570687505986414,partial:OEWS_May2021_lognormal;D,11.40144392152417,0.3342658894894575,5,own
19-3041,9,0.2953278042428874,partial:OEWS_May2021_lognormal;D,11.40144392152417,0.3342658894894575,5,own
19-3041,10,0.38325463547101324,partial:OEWS_May2021_lognormal;D,11.40144392152417,0.3342658894894575,5,own
19-3051,1,0.00019578381185336724,partial:OEWS_May2021_lognormal;D,11.258233351794061,0.3494227714134997,5,own
19-3051,2,0.0022202837274311604,partial:OEWS_May2021_lognormal;D,11.258233351794061,0.3494227714134997,5,own
19-3051,3,0.008499208976331107,partial:OEWS_May2021_lognormal;D,11.258233351794061,0.3494227714134997,5,own
19-3051,4,0.021606748678160703,partial:OEWS_May2021_lognormal;D,11.258233351794061,0.3494227714134997,5,own
19-3051,5,0.0444272803139002,partial:OEWS_May2021_lognormal;D,11.258233351794061,0.3494227714134997,5,own
19-3051,6,0.08005771786176641,partial:OEWS_May2021_lognormal;D,11.258233351794061,0.3494227714134997,5,own
19-3051,7,0.1312488979048812,partial:OEWS_May2021_lognormal;D,11.258233351794061,0.3494227714134997,5,own
19-3051,8,0.19827278281272015,partial:OEWS_May2021_lognormal;D,11.258233351794061,0.3494227714134997,5,own
19-3051,9,0.26960274291408826,partial:OEWS_May2021_lognormal;D,11.258233351794061,0.3494227714134997,5,own
19-3051,10,0.24386855299886745,partial:OEWS_May2021_lognormal;D,11.258233351794061,0.3494227714134997,5,own
19-3091,1,0.003492528342392387,partial:OEWS_May2021_lognormal;D,11.030112085786817,0.374719959061216,5,own
19-3091,2,0.018251328857066262,partial:OEWS_May2021_lognormal;D,11.030112085786817,0.374719959061216,5,own
19-3091,3,0.04130098864091453,partial:OEWS_May2021_lognormal;D,11.030112085786817,0.374719959061216,5,own
19-3091,4,0.07010484544642753,partial:OEWS_May2021_lognormal;D,11.030112085786817,0.374719959061216,5,own
19-3091,5,0.1023495012466179,partial:OEWS_May2021_lognormal;D,11.030112085786817,0.374719959061216,5,own
19-3091,6,0.13516828186476953,partial:OEWS_May2021_lognormal;D,11.030112085786817,0.374719959061216,5,own
19-3091,7,0.16439187083038964,partial:OEWS_May2021_lognormal;D,11.030112085786817,0.374719959061216,5,own
19-3091,8,0.18306688207691135,partial:OEWS_May2021_lognormal;D,11.030112085786817,0.374719959061216,5,own
19-3091,9,0.17728763585619278,partial:OEWS_May2021_lognormal;D,11.030112085786817,0.374719959061216,5,own
19-3091,10,0.10458613683831808,partial:OEWS_May2021_lognormal;D,11.030112085786817,0.374719959061216,5,own
19-3092,1,0.000023664426185510123,partial:OEWS_May2021_lognormal;D,11.306370090146126,0.3163585742885829,5,own
19-3092,2,0.0005242360487873188,partial:OEWS_May2021_lognormal;D,11.306370090146126,0.3163585742885829,5,own
19-3092,3,0.003077000818691611,partial:OEWS_May2021_lognormal;D,11.306370090146126,0.3163585742885829,5,own
19-3092,4,0.010639414256517654,partial:OEWS_May2021_lognormal;D,11.306370090146126,0.3163585742885829,5,own
19-3092,5,0.027812217916287796,partial:OEWS_May2021_lognormal;D,11.306370090146126,0.3163585742885829,5,own
19-3092,6,0.060998438738544214,partial:OEWS_May2021_lognormal;D,11.306370090146126,0.3163585742885829,5,own
19-3092,7,0.11786690851755571,partial:OEWS_May2021_lognormal;D,11.306370090146126,0.3163585742885829,5,own
19-3092,8,0.2039232420280857,partial:OEWS_May2021_lognormal;D,11.306370090146126,0.3163585742885829,5,own
19-3092,9,0.3056190228311885,partial:OEWS_May2021_lognormal;D,11.306370090146126,0.3163585742885829,5,own
19-3092,10,0.26951585441815595,partial:OEWS_May2021_lognormal;D,11.306370090146126,0.3163585742885829,5,own
19-3093,1,0.009024493455338511,partial:OEWS_May2021_lognormal;D,11.099569923440354,0.45685551067174074,5,own
19-3093,2,0.02627519909062137,partial:OEWS_May2021_lognormal;D,11.099569923440354,0.45685551067174074,5,own
19-3093,3,0.04445514715003873,partial:OEWS_May2021_lognormal;D,11.099569923440354,0.45685551067174074,5,own
19-3093,4,0.06395330272168998,partial:OEWS_May2021_lognormal;D,11.099569923440354,0.45685551067174074,5,own
19-3093,5,0.08494447437716446,partial:OEWS_May2021_lognormal;D,11.099569923440354,0.45685551067174074,5,own
19-3093,6,0.10757663657085659,partial:OEWS_May2021_lognormal;D,11.099569923440354,0.45685551067174074,5,own
19-3093,7,0.13194488767823087,partial:OEWS_May2021_lognormal;D,11.099569923440354,0.45685551067174074,5,own
19-3093,8,0.1578960005781317,partial:OEWS_May2021_lognormal;D,11.099569923440354,0.45685551067174074,5,own
19-3093,9,0.18396578334114,partial:OEWS_May2021_lognormal;D,11.099569923440354,0.45685551067174074,5,own
19-3093,10,0.1899640750367878,partial:OEWS_May2021_lognormal;D,11.099569923440354,0.45685551067174074,5,own
19-3094,1,0.00006493702702020654,partial:OEWS_May2021_lognormal;D,11.614572491670568,0.4168838803291862,5,own
19-3094,2,0.0005832826569295846,partial:OEWS_May2021_lognormal;D,11.614572491670568,0.4168838803291862,5,own
19-3094,3,0.00209524342191425,partial:OEWS_May2021_lognormal;D,11.614572491670568,0.4168838803291862,5,own
19-3094,4,0.005427937701653673,partial:OEWS_May2021_lognormal;D,11.614572491670568,0.4168838803291862,5,own
19-3094,5,0.012014628230593238,partial:OEWS_May2021_lognormal;D,11.614572491670568,0.4168838803291862,5,own
19-3094,6,0.024504187128628285,partial:OEWS_May2021_lognormal;D,11.614572491670568,0.4168838803291862,5,own
19-3094,7,0.04824747285120706,partial:OEWS_May2021_lognormal;D,11.614572491670568,0.4168838803291862,5,own
19-3094,8,0.09565967123971475,partial:OEWS_May2021_lognormal;D,11.614572491670568,0.4168838803291862,5,own
19-3094,9,0.20377298715522374,partial:OEWS_May2021_lognormal;D,11.614572491670568,0.4168838803291862,5,own
19-3094,10,0.6076296525871152,partial:OEWS_May2021_lognormal;D,11.614572491670568,0.4168838803291862,5,own
19-3099,1,0.0002620153260409208,partial:OEWS_May2021_lognormal;D,11.334954705347604,0.3793567066965678,5,own
19-3099,2,0.0023098220234138434,partial:OEWS_May2021_lognormal;D,11.334954705347604,0.3793567066965678,5,own
19-3099,3,0.007745962261584471,partial:OEWS_May2021_lognormal;D,11.334954705347604,0.3793567066965678,5,own
19-3099,4,0.018292897619313964,partial:OEWS_May2021_lognormal;D,11.334954705347604,0.3793567066965678,5,own
19-3099,5,0.03619671104677985,partial:OEWS_May2021_lognormal;D,11.334954705347604,0.3793567066965678,5,own
19-3099,6,0.06450882308693284,partial:OEWS_May2021_lognormal;D,11.334954705347604,0.3793567066965678,5,own
19-3099,7,0.1074759932980841,partial:OEWS_May2021_lognormal;D,11.334954705347604,0.3793567066965678,5,own
19-3099,8,0.17095274298314267,partial:OEWS_May2021_lognormal;D,11.334954705347604,0.3793567066965678,5,own
19-3099,9,0.2611693268451547,partial:OEWS_May2021_lognormal;D,11.334954705347604,0.3793567066965678,5,own
19-3099,10,0.33108570550955263,partial:OEWS_May2021_lognormal;D,11.334954705347604,0.3793567066965678,5,own
19-4012,1,0.02373820630117207,partial:OEWS_May2021_lognormal;D,10.62722885614931,0.3067290802510256,5,own
19-4012,2,0.10070631180031386,partial:OEWS_May2021_lognormal;D,10.62722885614931,0.3067290802510256,5,own
19-4012,3,0.16489886271918047,partial:OEWS_May2021_lognormal;D,10.62722885614931,0.3067290802510256,5,own
19-4012,4,0.19288949309461184,partial:OEWS_May2021_lognormal;D,10.62722885614931,0.3067290802510256,5,own
19-4012,5,0.18520120243100968,partial:OEWS_May2021_lognormal;D,10.62722885614931,0.3067290802510256,5,own
19-4012,6,0.1512147866991379,partial:OEWS_May2021_lognormal;D,10.62722885614931,0.3067290802510256,5,own
19-4012,7,0.10369009320334488,partial:OEWS_May2021_lognormal;D,10.62722885614931,0.3067290802510256,5,own
19-4012,8,0.05590338376567905,partial:OEWS_May2021_lognormal;D,10.62722885614931,0.3067290802510256,5,own
19-4012,9,0.019555859793174313,partial:OEWS_May2021_lognormal;D,10.62722885614931,0.3067290802510256,5,own
19-4012,10,0.0022018001923759245,partial:OEWS_May2021_lognormal;D,10.62722885614931,0.3067290802510256,5,own
19-4013,1,0.0022548293437572586,partial:OEWS_May2021_lognormal;D,10.73604064038332,0.25236842424242906,5,own
19-4013,2,0.03117739108751938,partial:OEWS_May2021_lognormal;D,10.73604064038332,0.25236842424242906,5,own
19-4013,3,0.10091373150676014,partial:OEWS_May2021_lognormal;D,10.73604064038332,0.25236842424242906,5,own
19-4013,4,0.17938264382706326,partial:OEWS_May2021_lognormal;D,10.73604064038332,0.25236842424242906,5,own
19-4013,5,0.22407854791020976,partial:OEWS_May2021_lognormal;D,10.73604064038332,0.25236842424242906,5,own
19-4013,6,0.21239642309110573,partial:OEWS_May2021_lognormal;D,10.73604064038332,0.25236842424242906,5,own
19-4013,7,0.15229172052444362,partial:OEWS_May2021_lognormal;D,10.73604064038332,0.25236842424242906,5,own
19-4013,8,0.075937481122476,partial:OEWS_May2021_lognormal;D,10.73604064038332,0.25236842424242906,5,own
19-4013,9,0.020344225486670586,partial:OEWS_May2021_lognormal;D,10.73604064038332,0.25236842424242906,5,own
19-4013,10,0.0012230060999942616,partial:OEWS_May2021_lognormal;D,10.73604064038332,0.25236842424242906,5,own
19-4021,1,0.015591462012248536,partial:OEWS_May2021_lognormal;D,10.79251417054043,0.35885233742568695,5,own
19-4021,2,0.05847392096731174,partial:OEWS_May2021_lognormal;D,10.79251417054043,0.35885233742568695,5,own
19-4021,3,0.10076683708913531,partial:OEWS_May2021_lognormal;D,10.79251417054043,0.35885233742568695,5,own
19-4021,4,0.13417244899353276,partial:OEWS_May2021_lognormal;D,10.79251417054043,0.35885233742568695,5,own
19-4021,5,0.15489054886416947,partial:OEWS_May2021_lognormal;D,10.79251417054043,0.35885233742568695,5,own
19-4021,6,0.1606435603474065,partial:OEWS_May2021_lognormal;D,10.79251417054043,0.35885233742568695,5,own
19-4021,7,0.1500336196142129,partial:OEWS_May2021_lognormal;D,10.79251417054043,0.35885233742568695,5,own
19-4021,8,0.12247674689017574,partial:OEWS_May2021_lognormal;D,10.79251417054043,0.35885233742568695,5,own
19-4021,9,0.07873041852431006,partial:OEWS_May2021_lognormal;D,10.79251417054043,0.35885233742568695,5,own
19-4021,10,0.02422043669749696,partial:OEWS_May2021_lognormal;D,10.79251417054043,0.35885233742568695,5,own
19-4031,1,0.013504623816935013,partial:OEWS_May2021_lognormal;D,10.817498024621774,0.36095671668922386,5,own
19-4031,2,0.05240710325243275,partial:OEWS_May2021_lognormal;D,10.817498024621774,0.36095671668922386,5,own
19-4031,3,0.09298475598458761,partial:OEWS_May2021_lognormal;D,10.817498024621774,0.36095671668922386,5,own
19-4031,4,0.12714652321486913,partial:OEWS_May2021_lognormal;D,10.817498024621774,0.36095671668922386,5,own
19-4031,5,0.15066834193948053,partial:OEWS_May2021_lognormal;D,10.817498024621774,0.36095671668922386,5,own
19-4031,6,0.160585727120921,partial:OEWS_May2021_lognormal;D,10.817498024621774,0.36095671668922386,5,own
19-4031,7,0.154570547456642,partial:OEWS_May2021_lognormal;D,10.817498024621774,0.36095671668922386,5,own
19-4031,8,0.13077970809742034,partial:OEWS_May2021_lognormal;D,10.817498024621774,0.36095671668922386,5,own
19-4031,9,0.08815771882658285,partial:OEWS_May2021_lognormal;D,10.817498024621774,0.36095671668922386,5,own
19-4031,10,0.02919495029012875,partial:OEWS_May2021_lognormal;D,10.817498024621774,0.36095671668922386,5,own
19-4042,1,0.019373963440230346,partial:OEWS_May2021_lognormal;D,10.769909811524247,0.3631731100485286,5,own
19-4042,2,0.06648275858148656,partial:OEWS_May2021_lognormal;D,10.769909811524247,0.3631731100485286,5,own
19-4042,3,0.1085221832920571,partial:OEWS_May2021_lognormal;D,10.769909811524247,0.3631731100485286,5,own
19-4042,4,0.139037270268631,partial:OEWS_May2021_lognormal;D,10.769909811524247,0.3631731100485286,5,own
19-4042,5,0.15569178292267966,partial:OEWS_May2021_lognormal;D,10.769909811524247,0.3631731100485286,5,own
19-4042,6,0.15739199295606715,partial:OEWS_May2021_lognormal;D,10.769909811524247,0.3631731100485286,5,own
19-4042,7,0.1437419513114715,partial:OEWS_May2021_lognormal;D,10.769909811524247,0.3631731100485286,5,own
19-4042,8,0.11501616025383932,partial:OEWS_May2021_lognormal;D,10.769909811524247,0.3631731100485286,5,own
19-4042,9,0.07264474531282705,partial:OEWS_May2021_lognormal;D,10.769909811524247,0.3631731100485286,5,own
19-4042,10,0.022097191660710336,partial:OEWS_May2021_lognormal;D,10.769909811524247,0.3631731100485286,5,own
19-4043,1,0.03166624476099672,partial:OEWS_May2021_lognormal;D,10.876460749177543,0.46162945513821896,5,own
19-4043,2,0.06410325385789101,partial:OEWS_May2021_lognormal;D,10.876460749177543,0.46162945513821896,5,own
19-4043,3,0.0859406734050222,partial:OEWS_May2021_lognormal;D,10.876460749177543,0.46162945513821896,5,own
19-4043,4,0.10279914892909592,partial:OEWS_May2021_lognormal;D,10.876460749177543,0.46162945513821896,5,own
19-4043,5,0.11589651273648416,partial:OEWS_May2021_lognormal;D,10.876460749177543,0.46162945513821896,5,own
19-4043,6,0.12546887073580915,partial:OEWS_May2021_lognormal;D,10.876460749177543,0.46162945513821896,5,own
19-4043,7,0.13111945304852002,partial:OEWS_May2021_lognormal;D,10.876460749177543,0.46162945513821896,5,own
19-4043,8,0.13156918005088047,partial:OEWS_May2021_lognormal;D,10.876460749177543,0.46162945513821896,5,own
19-4043,9,0.12329002086120222,partial:OEWS_May2021_lognormal;D,10.876460749177543,0.46162945513821896,5,own
19-4043,10,0.08814664161409813,partial:OEWS_May2021_lognormal;D,10.876460749177543,0.46162945513821896,5,own
19-4044,1,0.011230330741472172,partial:OEWS_May2021_lognormal;D,11.091828247906182,0.46990175034621423,5,own
19-4044,2,0.029578823897301376,partial:OEWS_May2021_lognormal;D,11.091828247906182,0.46990175034621423,5,own
19-4044,3,0.04750788764490477,partial:OEWS_May2021_lognormal;D,11.091828247906182,0.46990175034621423,5,own
19-4044,4,0.06607034036166953,partial:OEWS_May2021_lognormal;D,11.091828247906182,0.46990175034621423,5,own
19-4044,5,0.08565077912223157,partial:OEWS_May2021_lognormal;D,11.091828247906182,0.46990175034621423,5,own
19-4044,6,0.10654443542352687,partial:OEWS_May2021_lognormal;D,11.091828247906182,0.46990175034621423,5,own
19-4044,7,0.129030076114379,partial:OEWS_May2021_lognormal;D,11.091828247906182,0.46990175034621423,5,own
19-4044,8,0.15331434079385053,partial:OEWS_May2021_lognormal;D,11.091828247906182,0.46990175034621423,5,own
19-4044,9,0.17895732123392982,partial:OEWS_May2021_lognormal;D,11.091828247906182,0.46990175034621423,5,own
19-4044,10,0.19211566466673435,partial:OEWS_May2021_lognormal;D,11.091828247906182,0.46990175034621423,5,own
19-4051,1,1.4659652203263818e-7,partial:OEWS_May2021_lognormal;D,11.422752817961427,0.2736995857474316,5,own
19-4051,2,0.000013272503398831237,partial:OEWS_May2021_lognormal;D,11.422752817961427,0.2736995857474316,5,own
19-4051,3,0.00019524538821125148,partial:OEWS_May2021_lognormal;D,11.422752817961427,0.2736995857474316,5,own
19-4051,4,0.0013471701588396723,partial:OEWS_May2021_lognormal;D,11.422752817961427,0.2736995857474316,5,own
19-4051,5,0.00617276477514378,partial:OEWS_May2021_lognormal;D,11.422752817961427,0.2736995857474316,5,own
19-4051,6,0.02188611670046492,partial:OEWS_May2021_lognormal;D,11.422752817961427,0.2736995857474316,5,own
19-4051,7,0.06479221582927058,partial:OEWS_May2021_lognormal;D,11.422752817961427,0.2736995857474316,5,own
19-4051,8,0.16531170244773635,partial:OEWS_May2021_lognormal;D,11.422752817961427,0.2736995857474316,5,own
19-4051,9,0.3523822714020457,partial:OEWS_May2021_lognormal;D,11.422752817961427,0.2736995857474316,5,own
19-4051,10,0.3878990941983669,partial:OEWS_May2021_lognormal;D,11.422752817961427,0.2736995857474316,5,own
19-4061,1,0.007472819006878406,partial:OEWS_May2021_lognormal;D,10.837391991775382,0.3361589573200832,5,own
19-4061,2,0.03926959148667741,partial:OEWS_May2021_lognormal;D,10.837391991775382,0.3361589573200832,5,own
19-4061,3,0.08210040132227236,partial:OEWS_May2021_lognormal;D,10.837391991775382,0.3361589573200832,5,own
19-4061,4,0.12391394015723584,partial:OEWS_May2021_lognormal;D,10.837391991775382,0.3361589573200832,5,own
19-4061,5,0.15619399899022995,partial:OEWS_May2021_lognormal;D,10.837391991775382,0.3361589573200832,5,own
19-4061,6,0.17239993546214621,partial:OEWS_May2021_lognormal;D,10.837391991775382,0.3361589573200832,5,own
19-4061,7,0.16766278645990484,partial:OEWS_May2021_lognormal;D,10.837391991775382,0.3361589573200832,5,own
19-4061,8,0.13914735948781132,partial:OEWS_May2021_lognormal;D,10.837391991775382,0.3361589573200832,5,own
19-4061,9,0.0876030013321788,partial:OEWS_May2021_lognormal;D,10.837391991775382,0.3361589573200832,5,own
19-4061,10,0.02423616629466485,partial:OEWS_May2021_lognormal;D,10.837391991775382,0.3361589573200832,5,own
19-4071,1,0.02102190145548294,partial:OEWS_May2021_lognormal;D,10.627987782288425,0.2993988538731598,5,own
19-4071,2,0.09722081672217686,partial:OEWS_May2021_lognormal;D,10.627987782288425,0.2993988538731598,5,own
19-4071,3,0.16560989141213384,partial:OEWS_May2021_lognormal;D,10.627987782288425,0.2993988538731598,5,own
19-4071,4,0.19693542762987531,partial:OEWS_May2021_lognormal;D,10.627987782288425,0.2993988538731598,5,own
19-4071,5,0.18956972717913673,partial:OEWS_May2021_lognormal;D,10.627987782288425,0.2993988538731598,5,own
19-4071,6,0.15345110828764896,partial:OEWS_May2021_lognormal;D,10.627987782288425,0.2993988538731598,5,own
19-4071,7,0.10311213832658328,partial:OEWS_May2021_lognormal;D,10.627987782288425,0.2993988538731598,5,own
19-4071,8,0.05364678935433198,partial:OEWS_May2021_lognormal;D,10.627987782288425,0.2993988538731598,5,own
19-4071,9,0.0176531235283639,partial:OEWS_May2021_lognormal;D,10.627987782288425,0.2993988538731598,5,own
19-4071,10,0.0017790761042661973,partial:OEWS_May2021_lognormal;D,10.627987782288425,0.2993988538731598,5,own
19-4092,1,0.00476833320410025,partial:OEWS_May2021_lognormal;D,11.037777202565987,0.3929081340242528,5,own
19-4092,2,0.021116612183293637,partial:OEWS_May2021_lognormal;D,11.037777202565987,0.3929081340242528,5,own
19-4092,3,0.04376514203833409,partial:OEWS_May2021_lognormal;D,11.037777202565987,0.3929081340242528,5,own
19-4092,4,0.07049330216900351,partial:OEWS_May2021_lognormal;D,11.037777202565987,0.3929081340242528,5,own
19-4092,5,0.09964140455447312,partial:OEWS_May2021_lognormal;D,11.037777202565987,0.3929081340242528,5,own
19-4092,6,0.12928627419432004,partial:OEWS_May2021_lognormal;D,11.037777202565987,0.3929081340242528,5,own
19-4092,7,0.15660790118830237,partial:OEWS_May2021_lognormal;D,11.037777202565987,0.3929081340242528,5,own
19-4092,8,0.17662975592257846,partial:OEWS_May2021_lognormal;D,11.037777202565987,0.3929081340242528,5,own
19-4092,9,0.17833313876767065,partial:OEWS_May2021_lognormal;D,11.037777202565987,0.3929081340242528,5,own
19-4092,10,0.11935813577792387,partial:OEWS_May2021_lognormal;D,11.037777202565987,0.3929081340242528,5,own
19-4099,1,0.02039608860847214,partial:OEWS_May2021_lognormal;D,10.802313051229879,0.3827801753126169,5,own
19-4099,2,0.06318743608488919,partial:OEWS_May2021_lognormal;D,10.802313051229879,0.3827801753126169,5,own
19-4099,3,0.0998447608996948,partial:OEWS_May2021_lognormal;D,10.802313051229879,0.3827801753126169,5,own
19-4099,4,0.12754252557910356,partial:OEWS_May2021_lognormal;D,10.802313051229879,0.3827801753126169,5,own
19-4099,5,0.14501207512111214,partial:OEWS_May2021_lognormal;D,10.802313051229879,0.3827801753126169,5,own
19-4099,6,0.1511990717289044,partial:OEWS_May2021_lognormal;D,10.802313051229879,0.3827801753126169,5,own
19-4099,7,0.1449640387892106,partial:OEWS_May2021_lognormal;D,10.802313051229879,0.3827801753126169,5,own
19-4099,8,0.12487953635758942,partial:OEWS_May2021_lognormal;D,10.802313051229879,0.3827801753126169,5,own
19-4099,9,0.08893752803085886,partial:OEWS_May2021_lognormal;D,10.802313051229879,0.3827801753126169,5,own
19-4099,10,0.034036938800164895,partial:OEWS_May2021_lognormal;D,10.802313051229879,0.3827801753126169,5,own
19-5011,1,0.0008360634089967789,partial:OEWS_May2021_lognormal;D,11.225462069201683,0.3837636530444527,5,own
19-5011,2,0.005724710238610431,partial:OEWS_May2021_lognormal;D,11.225462069201683,0.3837636530444527,5,own
19-5011,3,0.016044308499460813,partial:OEWS_May2021_lognormal;D,11.225462069201683,0.3837636530444527,5,own
19-5011,4,0.03281077002426941,partial:OEWS_May2021_lognormal;D,11.225462069201683,0.3837636530444527,5,own
19-5011,5,0.05716717131560961,partial:OEWS_May2021_lognormal;D,11.225462069201683,0.3837636530444527,5,own
19-5011,6,0.09030649058561868,partial:OEWS_May2021_lognormal;D,11.225462069201683,0.3837636530444527,5,own
19-5011,7,0.13321554423086251,partial:OEWS_May2021_lognormal;D,11.225462069201683,0.3837636530444527,5,own
19-5011,8,0.18568339511264847,partial:OEWS_May2021_lognormal;D,11.225462069201683,0.3837636530444527,5,own
19-5011,9,0.24159006102095792,partial:OEWS_May2021_lognormal;D,11.225462069201683,0.3837636530444527,5,own
19-5011,10,0.23662148556296536,partial:OEWS_May2021_lognormal;D,11.225462069201683,0.3837636530444527,5,own
19-5012,1,0.026274839745670575,partial:OEWS_May2021_lognormal;D,10.872084831005449,0.43990476430753,5,own
19-5012,2,0.06054661471956074,partial:OEWS_May2021_lognormal;D,10.872084831005449,0.43990476430753,5,own
19-5012,3,0.08581346776785509,partial:OEWS_May2021_lognormal;D,10.872084831005449,0.43990476430753,5,own
19-5012,4,0.10574044541067362,partial:OEWS_May2021_lognormal;D,10.872084831005449,0.43990476430753,5,own
19-5012,5,0.12105992709905,partial:OEWS_May2021_lognormal;D,10.872084831005449,0.43990476430753,5,own
19-5012,6,0.1316731504932006,partial:OEWS_May2021_lognormal;D,10.872084831005449,0.43990476430753,5,own
19-5012,7,0.13681481320282085,partial:OEWS_May2021_lognormal;D,10.872084831005449,0.43990476430753,5,own
19-5012,8,0.1346846013731844,partial:OEWS_May2021_lognormal;D,10.872084831005449,0.43990476430753,5,own
19-5012,9,0.12088787687864144,partial:OEWS_May2021_lognormal;D,10.872084831005449,0.43990476430753,5,own
19-5012,10,0.07650426330934268,partial:OEWS_May2021_lognormal;D,10.872084831005449,0.43990476430753,5,own
21-1012,1,0.0038275449637963366,partial:OEWS_May2021_lognormal;D,11.011820601847296,0.3721664619025849,5,own
21-1012,2,0.019817143976820606,partial:OEWS_May2021_lognormal;D,11.011820601847296,0.3721664619025849,5,own
21-1012,3,0.044329206038032976,partial:OEWS_May2021_lognormal;D,11.011820601847296,0.3721664619025849,5,own
21-1012,4,0.07431247376783351,partial:OEWS_May2021_lognormal;D,11.011820601847296,0.3721664619025849,5,own
21-1012,5,0.10702676223850299,partial:OEWS_May2021_lognormal;D,11.011820601847296,0.3721664619025849,5,own
21-1012,6,0.1391978066784808,partial:OEWS_May2021_lognormal;D,11.011820601847296,0.3721664619025849,5,own
21-1012,7,0.16626870841443864,partial:OEWS_May2021_lognormal;D,11.011820601847296,0.3721664619025849,5,own
21-1012,8,0.18100181123732073,partial:OEWS_May2021_lognormal;D,11.011820601847296,0.3721664619025849,5,own
21-1012,9,0.16972979301082436,partial:OEWS_May2021_lognormal;D,11.011820601847296,0.3721664619025849,5,own
21-1012,10,0.09448874967394905,partial:OEWS_May2021_lognormal;D,11.011820601847296,0.3721664619025849,5,own
21-1013,1,0.007993110681260629,partial:OEWS_May2021_lognormal;D,10.942491979887887,0.38319625976294047,5,own
21-1013,2,0.032440252485452126,partial:OEWS_May2021_lognormal;D,10.942491979887887,0.38319625976294047,5,own
21-1013,3,0.06210633732551091,partial:OEWS_May2021_lognormal;D,10.942491979887887,0.38319625976294047,5,own
21-1013,4,0.09280163704929772,partial:OEWS_May2021_lognormal;D,10.942491979887887,0.38319625976294047,5,own
21-1013,5,0.12160527659488074,partial:OEWS_May2021_lognormal;D,10.942491979887887,0.38319625976294047,5,own
21-1013,6,0.14555689171776287,partial:OEWS_May2021_lognormal;D,10.942491979887887,0.38319625976294047,5,own
21-1013,7,0.1610031738624751,partial:OEWS_May2021_lognormal;D,10.942491979887887,0.38319625976294047,5,own
21-1013,8,0.16265408579809648,partial:OEWS_May2021_lognormal;D,10.942491979887887,0.38319625976294047,5,own
21-1013,9,0.14124258319540572,partial:OEWS_May2021_lognormal;D,10.942491979887887,0.38319625976294047,5,own
21-1013,10,0.0725966512898577,partial:OEWS_May2021_lognormal;D,10.942491979887887,0.38319625976294047,5,own
21-1015,1,0.03700946584030501,partial:OEWS_May2021_lognormal;D,10.626486075328938,0.33988427418474704,5,own
21-1015,2,0.11253522626818357,partial:OEWS_May2021_lognormal;D,10.626486075328938,0.33988427418474704,5,own
21-1015,3,0.15936278056246128,partial:OEWS_May2021_lognormal;D,10.626486075328938,0.33988427418474704,5,own
21-1015,4,0.1759287523068015,partial:OEWS_May2021_lognormal;D,10.626486075328938,0.33988427418474704,5,own
21-1015,5,0.16793071622608702,partial:OEWS_May2021_lognormal;D,10.626486075328938,0.33988427418474704,5,own
21-1015,6,0.14215588661248724,partial:OEWS_May2021_lognormal;D,10.626486075328938,0.33988427418474704,5,own
21-1015,7,0.10560281291926632,partial:OEWS_May2021_lognormal;D,10.626486075328938,0.33988427418474704,5,own
21-1015,8,0.06539764988676477,partial:OEWS_May2021_lognormal;D,10.626486075328938,0.33988427418474704,5,own
21-1015,9,0.02902251422363178,partial:OEWS_May2021_lognormal;D,10.626486075328938,0.33988427418474704,5,own
21-1015,10,0.005054195154011509,partial:OEWS_May2021_lognormal;D,10.626486075328938,0.33988427418474704,5,own
21-1018,1,0.015199582311649251,partial:OEWS_May2021_lognormal;D,10.795960542088597,0.358766856011379,5,own
21-1018,2,0.057480652872031246,partial:OEWS_May2021_lognormal;D,10.795960542088597,0.358766856011379,5,own
21-1018,3,0.0996314982572985,partial:OEWS_May2021_lognormal;D,10.795960542088597,0.358766856011379,5,own
21-1018,4,0.13327518852243164,partial:OEWS_May2021_lognormal;D,10.795960542088597,0.358766856011379,5,own
21-1018,5,0.15448484619435798,partial:OEWS_May2021_lognormal;D,10.795960542088597,0.358766856011379,5,own
21-1018,6,0.16084626184236772,partial:OEWS_May2021_lognormal;D,10.795960542088597,0.358766856011379,5,own
21-1018,7,0.1508141580252519,partial:OEWS_May2021_lognormal;D,10.795960542088597,0.358766856011379,5,own
21-1018,8,0.12363919596902617,partial:OEWS_May2021_lognormal;D,10.795960542088597,0.358766856011379,5,own
21-1018,9,0.0798835268543151,partial:OEWS_May2021_lognormal;D,10.795960542088597,0.358766856011379,5,own
21-1018,10,0.024745089151270494,partial:OEWS_May2021_lognormal;D,10.795960542088597,0.358766856011379,5,own
21-1019,1,0.022577362163895887,partial:OEWS_May2021_lognormal;D,10.749703059890729,0.3646242255137798,5,own
21-1019,2,0.07322244553425727,partial:OEWS_May2021_lognormal;D,10.749703059890729,0.3646242255137798,5,own
21-1019,3,0.11518056300611423,partial:OEWS_May2021_lognormal;D,10.749703059890729,0.3646242255137798,5,own
21-1019,4,0.1434568519054461,partial:OEWS_May2021_lognormal;D,10.749703059890729,0.3646242255137798,5,own
21-1019,5,0.15681983135447236,partial:OEWS_May2021_lognormal;D,10.749703059890729,0.3646242255137798,5,own
21-1019,6,0.15507607588058003,partial:OEWS_May2021_lognormal;D,10.749703059890729,0.3646242255137798,5,own
21-1019,7,0.1386251903293052,partial:OEWS_May2021_lognormal;D,10.749703059890729,0.3646242255137798,5,own
21-1019,8,0.1084906378430428,partial:OEWS_May2021_lognormal;D,10.749703059890729,0.3646242255137798,5,own
21-1019,9,0.06683514358492026,partial:OEWS_May2021_lognormal;D,10.749703059890729,0.3646242255137798,5,own
21-1019,10,0.019715898397965836,partial:OEWS_May2021_lognormal;D,10.749703059890729,0.3646242255137798,5,own
21-1021,1,0.0050285894661364905,partial:OEWS_May2021_lognormal;D,10.835010039430449,0.31692744606064455,5,own
21-1021,2,0.03320528035156434,partial:OEWS_May2021_lognormal;D,10.835010039430449,0.31692744606064455,5,own
21-1021,3,0.07819178551790051,partial:OEWS_May2021_lognormal;D,10.835010039430449,0.31692744606064455,5,own
21-1021,4,0.12593538111202268,partial:OEWS_May2021_lognormal;D,10.835010039430449,0.31692744606064455,5,own
21-1021,5,0.1640834929556817,partial:OEWS_May2021_lognormal;D,10.835010039430449,0.31692744606064455,5,own
21-1021,6,0.18269290831967527,partial:OEWS_May2021_lognormal;D,10.835010039430449,0.31692744606064455,5,own
21-1021,7,0.1749907306436933,partial:OEWS_May2021_lognormal;D,10.835010039430449,0.31692744606064455,5,own
21-1021,8,0.13875532173773986,partial:OEWS_May2021_lognormal;D,10.835010039430449,0.31692744606064455,5,own
21-1021,9,0.07927213255659238,partial:OEWS_May2021_lognormal;D,10.835010039430449,0.31692744606064455,5,own
21-1021,10,0.017844377338993467,partial:OEWS_May2021_lognormal;D,10.835010039430449,0.31692744606064455,5,own
21-1022,1,0.0017705819550861701,partial:OEWS_May2021_lognormal;D,10.988978242462384,0.33249900043245467,5,own
21-1022,2,0.013941587726928939,partial:OEWS_May2021_lognormal;D,10.988978242462384,0.33249900043245467,5,own
21-1022,3,0.03906081864577332,partial:OEWS_May2021_lognormal;D,10.988978242462384,0.33249900043245467,5,own
21-1022,4,0.07466140775391839,partial:OEWS_May2021_lognormal;D,10.988978242462384,0.33249900043245467,5,own
21-1022,5,0.11607820854775636,partial:OEWS_May2021_lognormal;D,10.988978242462384,0.33249900043245467,5,own
21-1022,6,0.15644263611044135,partial:OEWS_May2021_lognormal;D,10.988978242462384,0.33249900043245467,5,own
21-1022,7,0.1862298843204242,partial:OEWS_May2021_lognormal;D,10.988978242462384,0.33249900043245467,5,own
21-1022,8,0.19243794703865325,partial:OEWS_May2021_lognormal;D,10.988978242462384,0.33249900043245467,5,own
21-1022,9,0.15747770353486246,partial:OEWS_May2021_lognormal;D,10.988978242462384,0.33249900043245467,5,own
21-1022,10,0.06189922436615558,partial:OEWS_May2021_lognormal;D,10.988978242462384,0.33249900043245467,5,own
21-1023,1,0.02783882346136246,partial:OEWS_May2021_lognormal;D,10.867450335809606,0.44324222321436674,5,own
21-1023,2,0.06230164309174008,partial:OEWS_May2021_lognormal;D,10.867450335809606,0.44324222321436674,5,own
21-1023,3,0.08701976967740971,partial:OEWS_May2021_lognormal;D,10.867450335809606,0.44324222321436674,5,own
21-1023,4,0.1062319539851101,partial:OEWS_May2021_lognormal;D,10.867450335809606,0.44324222321436674,5,own
21-1023,5,0.12082955272604112,partial:OEWS_May2021_lognormal;D,10.867450335809606,0.44324222321436674,5,own
21-1023,6,0.13080997842845565,partial:OEWS_May2021_lognormal;D,10.867450335809606,0.44324222321436674,5,own
21-1023,7,0.1354965997713643,partial:OEWS_May2021_lognormal;D,10.867450335809606,0.44324222321436674,5,own
21-1023,8,0.13320205484962444,partial:OEWS_May2021_lognormal;D,10.867450335809606,0.44324222321436674,5,own
21-1023,9,0.11972168256665316,partial:OEWS_May2021_lognormal;D,10.867450335809606,0.44324222321436674,5,own
21-1023,10,0.07654794144223898,partial:OEWS_May2021_lognormal;D,10.867450335809606,0.44324222321436674,5,own
21-1029,1,0.00418644489554304,partial:OEWS_May2021_lognormal;D,11.002927114515762,0.37306530291642553,5,own
21-1029,2,0.021100317243489874,partial:OEWS_May2021_lognormal;D,11.002927114515762,0.37306530291642553,5,own
21-1029,3,0.04636203157522811,partial:OEWS_May2021_lognormal;D,11.002927114515762,0.37306530291642553,5,own
21-1029,4,0.07666648814467725,partial:OEWS_May2021_lognormal;D,11.002927114515762,0.37306530291642553,5,own
21-1029,5,0.10914871540281668,partial:OEWS_May2021_lognormal;D,11.002927114515762,0.37306530291642553,5,own
21-1029,6,0.1404767430013163,partial:OEWS_May2021_lognormal;D,11.002927114515762,0.37306530291642553,5,own
21-1029,7,0.16611244753577026,partial:OEWS_May2021_lognormal;D,11.002927114515762,0.37306530291642553,5,own
21-1029,8,0.1789763912811425,partial:OEWS_May2021_lognormal;D,11.002927114515762,0.37306530291642553,5,own
21-1029,9,0.16591501659377828,partial:OEWS_May2021_lognormal;D,11.002927114515762,0.37306530291642553,5,own
21-1029,10,0.09105540432623771,partial:OEWS_May2021_lognormal;D,11.002927114515762,0.37306530291642553,5,own
21-1091,1,0.005611314661856326,partial:OEWS_May2021_lognormal;D,11.017792918756989,0.39378203682142104,5,own
21-1091,2,0.023769262291724103,partial:OEWS_May2021_lognormal;D,11.017792918756989,0.39378203682142104,5,own
21-1091,3,0.04778889224852745,partial:OEWS_May2021_lognormal;D,11.017792918756989,0.39378203682142104,5,own
21-1091,4,0.0751515267547268,partial:OEWS_May2021_lognormal;D,11.017792918756989,0.39378203682142104,5,own
21-1091,5,0.10401707040020791,partial:OEWS_May2021_lognormal;D,11.017792918756989,0.39378203682142104,5,own
21-1091,6,0.13231815151682091,partial:OEWS_May2021_lognormal;D,11.017792918756989,0.39378203682142104,5,own
21-1091,7,0.15712867340122072,partial:OEWS_May2021_lognormal;D,11.017792918756989,0.39378203682142104,5,own
21-1091,8,0.17346794301288737,partial:OEWS_May2021_lognormal;D,11.017792918756989,0.39378203682142104,5,own
21-1091,9,0.17071111331456712,partial:OEWS_May2021_lognormal;D,11.017792918756989,0.39378203682142104,5,own
21-1091,10,0.11003605239746128,partial:OEWS_May2021_lognormal;D,11.017792918756989,0.39378203682142104,5,own
21-1092,1,0.004364718796878664,partial:OEWS_May2021_lognormal;D,11.009390489910343,0.37754695809427297,5,own
21-1092,2,0.021283437044597675,partial:OEWS_May2021_lognormal;D,11.009390489910343,0.37754695809427297,5,own
21-1092,3,0.046035425949245146,partial:OEWS_May2021_lognormal;D,11.009390489910343,0.37754695809427297,5,own
21-1092,4,0.07553976516838301,partial:OEWS_May2021_lognormal;D,11.009390489910343,0.37754695809427297,5,own
21-1092,5,0.10721970953246296,partial:OEWS_May2021_lognormal;D,11.009390489910343,0.37754695809427297,5,own
21-1092,6,0.13808748139746707,partial:OEWS_May2021_lognormal;D,11.009390489910343,0.37754695809427297,5,own
21-1092,7,0.16401638601606433,partial:OEWS_May2021_lognormal;D,11.009390489910343,0.37754695809427297,5,own
21-1092,8,0.1784007718443219,partial:OEWS_May2021_lognormal;D,11.009390489910343,0.37754695809427297,5,own
21-1092,9,0.16847886120307898,partial:OEWS_May2021_lognormal;D,11.009390489910343,0.37754695809427297,5,own
21-1092,10,0.09657344304750026,partial:OEWS_May2021_lognormal;D,11.009390489910343,0.37754695809427297,5,own
21-1093,1,0.03383014795648931,partial:OEWS_May2021_lognormal;D,10.56917867093086,0.3009390128333821,5,own
21-1093,2,0.12913606523186255,partial:OEWS_May2021_lognormal;D,10.56917867093086,0.3009390128333821,5,own
21-1093,3,0.19157407782238456,partial:OEWS_May2021_lognormal;D,10.56917867093086,0.3009390128333821,5,own
21-1093,4,0.20408682856474564,partial:OEWS_May2021_lognormal;D,10.56917867093086,0.3009390128333821,5,own
21-1093,5,0.17835319351017476,partial:OEWS_May2021_lognormal;D,10.56917867093086,0.3009390128333821,5,own
21-1093,6,0.13179861961477812,partial:OEWS_May2021_lognormal;D,10.56917867093086,0.3009390128333821,5,own
21-1093,7,0.08084500340364775,partial:OEWS_May2021_lognormal;D,10.56917867093086,0.3009390128333821,5,own
21-1093,8,0.03816640333460575,partial:OEWS_May2021_lognormal;D,10.56917867093086,0.3009390128333821,5,own
21-1093,9,0.011226887991019341,partial:OEWS_May2021_lognormal;D,10.56917867093086,0.3009390128333821,5,own
21-1093,10,0.000982772570292223,partial:OEWS_May2021_lognormal;D,10.56917867093086,0.3009390128333821,5,own
21-1094,1,0.014330368423256024,partial:OEWS_May2021_lognormal;D,10.749243045564238,0.3336007174160768,5,own
21-1094,2,0.06261498683307659,partial:OEWS_May2021_lognormal;D,10.749243045564238,0.3336007174160768,5,own
21-1094,3,0.1134818080347017,partial:OEWS_May2021_lognormal;D,10.749243045564238,0.3336007174160768,5,own
21-1094,4,0.15168298394148233,partial:OEWS_May2021_lognormal;D,10.749243045564238,0.3336007174160768,5,own
21-1094,5,0.17074329177102698,partial:OEWS_May2021_lognormal;D,10.749243045564238,0.3336007174160768,5,own
21-1094,6,0.16838321103749865,partial:OEWS_May2021_lognormal;D,10.749243045564238,0.3336007174160768,5,own
21-1094,7,0.14535249209200773,partial:OEWS_May2021_lognormal;D,10.749243045564238,0.3336007174160768,5,own
21-1094,8,0.10534753423416054,partial:OEWS_May2021_lognormal;D,10.749243045564238,0.3336007174160768,5,own
21-1094,9,0.05592020105127171,partial:OEWS_May2021_lognormal;D,10.749243045564238,0.3336007174160768,5,own
21-1094,10,0.012143122581517729,partial:OEWS_May2021_lognormal;D,10.749243045564238,0.3336007174160768,5,own
21-1099,1,0.0214040218647501,partial:OEWS_May2021_lognormal;D,10.767215672729414,0.3692435390242776,5,own
21-1099,2,0.06921490447871648,partial:OEWS_May2021_lognormal;D,10.767215672729414,0.3692435390242776,5,own
21-1099,3,0.10972130895250043,partial:OEWS_May2021_lognormal;D,10.767215672729414,0.3692435390242776,5,own
21-1099,4,0.1383188099143784,partial:OEWS_May2021_lognormal;D,10.767215672729414,0.3692435390242776,5,own
21-1099,5,0.15353797858794888,partial:OEWS_May2021_lognormal;D,10.767215672729414,0.3692435390242776,5,own
21-1099,6,0.1547179552307923,partial:OEWS_May2021_lognormal;D,10.767215672729414,0.3692435390242776,5,own
21-1099,7,0.1416019008215711,partial:OEWS_May2021_lognormal;D,10.767215672729414,0.3692435390242776,5,own
21-1099,8,0.11431068279169154,partial:OEWS_May2021_lognormal;D,10.767215672729414,0.3692435390242776,5,own
21-1099,9,0.07368114835915462,partial:OEWS_May2021_lognormal;D,10.767215672729414,0.3692435390242776,5,own
21-1099,10,0.023491288998496174,partial:OEWS_May2021_lognormal;D,10.767215672729414,0.3692435390242776,5,own
21-2011,1,0.017864845991660327,partial:OEWS_May2021_lognormal;D,10.813027051261278,0.37797458985698557,5,own
21-2011,2,0.05888582047037799,partial:OEWS_May2021_lognormal;D,10.813027051261278,0.37797458985698557,5,own
21-2011,3,0.09629553477029129,partial:OEWS_May2021_lognormal;D,10.813027051261278,0.37797458985698557,5,own
21-2011,4,0.12580218536575094,partial:OEWS_May2021_lognormal;D,10.813027051261278,0.37797458985698557,5,own
21-2011,5,0.14535881274086498,partial:OEWS_May2021_lognormal;D,10.813027051261278,0.37797458985698557,5,own
21-2011,6,0.15337501366897127,partial:OEWS_May2021_lognormal;D,10.813027051261278,0.37797458985698557,5,own
21-2011,7,0.14829568777671553,partial:OEWS_May2021_lognormal;D,10.813027051261278,0.37797458985698557,5,own
21-2011,8,0.12835913893140016,partial:OEWS_May2021_lognormal;D,10.813027051261278,0.37797458985698557,5,own
21-2011,9,0.09133535672744542,partial:OEWS_May2021_lognormal;D,10.813027051261278,0.37797458985698557,5,own
21-2011,10,0.03442760355652208,partial:OEWS_May2021_lognormal;D,10.813027051261278,0.37797458985698557,5,own
21-2021,1,0.03602908358422707,partial:OEWS_May2021_lognormal;D,10.795245089455557,0.43138892784110805,5,own
21-2021,2,0.07723929746794939,partial:OEWS_May2021_lognormal;D,10.795245089455557,0.43138892784110805,5,own
21-2021,3,0.10315974264160271,partial:OEWS_May2021_lognormal;D,10.795245089455557,0.43138892784110805,5,own
21-2021,4,0.12039324531634088,partial:OEWS_May2021_lognormal;D,10.795245089455557,0.43138892784110805,5,own
21-2021,5,0.13061436143974609,partial:OEWS_May2021_lognormal;D,10.795245089455557,0.43138892784110805,5,own
21-2021,6,0.13425241881420896,partial:OEWS_May2021_lognormal;D,10.795245089455557,0.43138892784110805,5,own
21-2021,7,0.13097211069062997,partial:OEWS_May2021_lognormal;D,10.795245089455557,0.43138892784110805,5,own
21-2021,8,0.11953463674497689,partial:OEWS_May2021_lognormal;D,10.795245089455557,0.43138892784110805,5,own
21-2021,9,0.0968136594579091,partial:OEWS_May2021_lognormal;D,10.795245089455557,0.43138892784110805,5,own
21-2021,10,0.050991443842408946,partial:OEWS_May2021_lognormal;D,10.795245089455557,0.43138892784110805,5,own
21-2099,1,0.08681838313789819,partial:OEWS_May2021_lognormal;D,10.587302593958567,0.4174732339863436,5,own
21-2099,2,0.13934513458118397,partial:OEWS_May2021_lognormal;D,10.587302593958567,0.4174732339863436,5,own
21-2099,3,0.1512202506705439,partial:OEWS_May2021_lognormal;D,10.587302593958567,0.4174732339863436,5,own
21-2099,4,0.14769537611777783,partial:OEWS_May2021_lognormal;D,10.587302593958567,0.4174732339863436,5,own
21-2099,5,0.1353580178205127,partial:OEWS_May2021_lognormal;D,10.587302593958567,0.4174732339863436,5,own
21-2099,6,0.11725061174473939,partial:OEWS_May2021_lognormal;D,10.587302593958567,0.4174732339863436,5,own
21-2099,7,0.09510079165527774,partial:OEWS_May2021_lognormal;D,10.587302593958567,0.4174732339863436,5,own
21-2099,8,0.07002668301779402,partial:OEWS_May2021_lognormal;D,10.587302593958567,0.4174732339863436,5,own
21-2099,9,0.042847170219585395,partial:OEWS_May2021_lognormal;D,10.587302593958567,0.4174732339863436,5,own
21-2099,10,0.014337581034686853,partial:OEWS_May2021_lognormal;D,10.587302593958567,0.4174732339863436,5,own
23-1011,1,0.001818620993532305,partial:OEWS_May2021_lognormal;D,11.760119806493291,0.5986325015122328,4,own
23-1011,2,0.004690515903127912,partial:OEWS_May2021_lognormal;D,11.760119806493291,0.5986325015122328,4,own
23-1011,3,0.00823140410633777,partial:OEWS_May2021_lognormal;D,11.760119806493291,0.5986325015122328,4,own
23-1011,4,0.012987119437584238,partial:OEWS_May2021_lognormal;D,11.760119806493291,0.5986325015122328,4,own
23-1011,5,0.01966423884438795,partial:OEWS_May2021_lognormal;D,11.760119806493291,0.5986325015122328,4,own
23-1011,6,0.02953079582482032,partial:OEWS_May2021_lognormal;D,11.760119806493291,0.5986325015122328,4,own
23-1011,7,0.04521272299062856,partial:OEWS_May2021_lognormal;D,11.760119806493291,0.5986325015122328,4,own
23-1011,8,0.07328260942619974,partial:OEWS_May2021_lognormal;D,11.760119806493291,0.5986325015122328,4,own
23-1011,9,0.13696208418889538,partial:OEWS_May2021_lognormal;D,11.760119806493291,0.5986325015122328,4,own
23-1011,10,0.6676198882844858,partial:OEWS_May2021_lognormal;D,11.760119806493291,0.5986325015122328,4,own
23-1012,1,0.009687507743099955,partial:OEWS_May2021_lognormal;D,10.95464494837511,0.40002845318540875,5,own
23-1012,2,0.03463344501870119,partial:OEWS_May2021_lognormal;D,10.95464494837511,0.40002845318540875,5,own
23-1012,3,0.062378891264139036,partial:OEWS_May2021_lognormal;D,10.95464494837511,0.40002845318540875,5,own
23-1012,4,0.09022915146466398,partial:OEWS_May2021_lognormal;D,10.95464494837511,0.40002845318540875,5,own
23-1012,5,0.11634370179911047,partial:OEWS_May2021_lognormal;D,10.95464494837511,0.40002845318540875,5,own
23-1012,6,0.13875177133629946,partial:OEWS_May2021_lognormal;D,10.95464494837511,0.40002845318540875,5,own
23-1012,7,0.15481135277075275,partial:OEWS_May2021_lognormal;D,10.95464494837511,0.40002845318540875,5,own
23-1012,8,0.1602904561045677,partial:OEWS_May2021_lognormal;D,10.95464494837511,0.40002845318540875,5,own
23-1012,9,0.14675441838543657,partial:OEWS_May2021_lognormal;D,10.95464494837511,0.40002845318540875,5,own
23-1012,10,0.08611930411322888,partial:OEWS_May2021_lognormal;D,10.95464494837511,0.40002845318540875,5,own
23-1021,1,0.0031271088449242312,partial:OEWS_May2021_lognormal;D,11.454084942524252,0.5247709953062012,5,own
23-1021,2,0.00910971192266502,partial:OEWS_May2021_lognormal;D,11.454084942524252,0.5247709953062012,5,own
23-1021,3,0.01646485381336521,partial:OEWS_May2021_lognormal;D,11.454084942524252,0.5247709953062012,5,own
23-1021,4,0.025910307246709674,partial:OEWS_May2021_lognormal;D,11.454084942524252,0.5247709953062012,5,own
23-1021,5,0.03836281826212756,partial:OEWS_May2021_lognormal;D,11.454084942524252,0.5247709953062012,5,own
23-1021,6,0.05535529786619092,partial:OEWS_May2021_lognormal;D,11.454084942524252,0.5247709953062012,5,own
23-1021,7,0.07977967413815457,partial:OEWS_May2021_lognormal;D,11.454084942524252,0.5247709953062012,5,own
23-1021,8,0.1180526355827074,partial:OEWS_May2021_lognormal;D,11.454084942524252,0.5247709953062012,5,own
23-1021,9,0.1892304615662812,partial:OEWS_May2021_lognormal;D,11.454084942524252,0.5247709953062012,5,own
23-1021,10,0.4646071307568742,partial:OEWS_May2021_lognormal;D,11.454084942524252,0.5247709953062012,5,own
23-1022,1,0.043979711610278416,partial:OEWS_May2021_lognormal;D,10.896375285015512,0.5140427026516873,5,own
23-1022,2,0.06885049509152552,partial:OEWS_May2021_lognormal;D,10.896375285015512,0.5140427026516873,5,own
23-1022,3,0.08346270939721606,partial:OEWS_May2021_lognormal;D,10.896375285015512,0.5140427026516873,5,own
23-1022,4,0.09480818500297616,partial:OEWS_May2021_lognormal;D,10.896375285015512,0.5140427026516873,5,own
23-1022,5,0.1042831079646287,partial:OEWS_May2021_lognormal;D,10.896375285015512,0.5140427026516873,5,own
23-1022,6,0.11241262729776369,partial:OEWS_May2021_lognormal;D,10.896375285015512,0.5140427026516873,5,own
23-1022,7,0.11935206597540171,partial:OEWS_May2021_lognormal;D,10.896375285015512,0.5140427026516873,5,own
23-1022,8,0.12491141262932337,partial:OEWS_May2021_lognormal;D,10.896375285015512,0.5140427026516873,5,own
23-1022,9,0.1280694165131816,partial:OEWS_May2021_lognormal;D,10.896375285015512,0.5140427026516873,5,own
23-1022,10,0.11987026851770477,partial:OEWS_May2021_lognormal;D,10.896375285015512,0.5140427026516873,5,own
23-1023,1,0.0065899225497871305,partial:OEWS_May2021_lognormal;D,11.721789530474458,0.6868064165688705,4,own
23-1023,2,0.010897422200265017,partial:OEWS_May2021_lognormal;D,11.721789530474458,0.6868064165688705,4,own
23-1023,3,0.015272478473094098,partial:OEWS_May2021_lognormal;D,11.721789530474458,0.6868064165688705,4,own
23-1023,4,0.020548119974999057,partial:OEWS_May2021_lognormal;D,11.721789530474458,0.6868064165688705,4,own
23-1023,5,0.027390431010974603,partial:OEWS_May2021_lognormal;D,11.721789530474458,0.6868064165688705,4,own
23-1023,6,0.03687866750024571,partial:OEWS_May2021_lognormal;D,11.721789530474458,0.6868064165688705,4,own
23-1023,7,0.051181456596569974,partial:OEWS_May2021_lognormal;D,11.721789530474458,0.6868064165688705,4,own
23-1023,8,0.07567015241223224,partial:OEWS_May2021_lognormal;D,11.721789530474458,0.6868064165688705,4,own
23-1023,9,0.12933316204147866,partial:OEWS_May2021_lognormal;D,11.721789530474458,0.6868064165688705,4,own
23-1023,10,0.6262381872403535,partial:OEWS_May2021_lognormal;D,11.721789530474458,0.6868064165688705,4,own
23-2011,1,0.003716021516825818,partial:OEWS_May2021_lognormal;D,10.949994844984218,0.3476902871274147,5,own
23-2011,2,0.022139816659102418,partial:OEWS_May2021_lognormal;D,10.949994844984218,0.3476902871274147,5,own
23-2011,3,0.05221056239751387,partial:OEWS_May2021_lognormal;D,10.949994844984218,0.3476902871274147,5,own
23-2011,4,0.08855156150102578,partial:OEWS_May2021_lognormal;D,10.949994844984218,0.3476902871274147,5,own
23-2011,5,0.12575406774719372,partial:OEWS_May2021_lognormal;D,10.949994844984218,0.3476902871274147,5,own
23-2011,6,0.15776303320148677,partial:OEWS_May2021_lognormal;D,10.949994844984218,0.3476902871274147,5,own
23-2011,7,0.1773735152057821,partial:OEWS_May2021_lognormal;D,10.949994844984218,0.3476902871274147,5,own
23-2011,8,0.1755479529575239,partial:OEWS_May2021_lognormal;D,10.949994844984218,0.3476902871274147,5,own
23-2011,9,0.14033545191280172,partial:OEWS_May2021_lognormal;D,10.949994844984218,0.3476902871274147,5,own
23-2011,10,0.05660801690074391,partial:OEWS_May2021_lognormal;D,10.949994844984218,0.3476902871274147,5,own
23-2093,1,0.018863063159812565,partial:OEWS_May2021_lognormal;D,10.777156532980031,0.36474439461924946,5,own
23-2093,2,0.06482268467384439,partial:OEWS_May2021_lognormal;D,10.777156532980031,0.36474439461924946,5,own
23-2093,3,0.1062786907725537,partial:OEWS_May2021_lognormal;D,10.777156532980031,0.36474439461924946,5,own
23-2093,4,0.136927113265565,partial:OEWS_May2021_lognormal;D,10.777156532980031,0.36474439461924946,5,own
23-2093,5,0.15434274329836212,partial:OEWS_May2021_lognormal;D,10.777156532980031,0.36474439461924946,5,own
23-2093,6,0.157246456812765,partial:OEWS_May2021_lognormal;D,10.777156532980031,0.36474439461924946,5,own
23-2093,7,0.14497435286738414,partial:OEWS_May2021_lognormal;D,10.777156532980031,0.36474439461924946,5,own
23-2093,8,0.11742577317952574,partial:OEWS_May2021_lognormal;D,10.777156532980031,0.36474439461924946,5,own
23-2093,9,0.07547480849656074,partial:OEWS_May2021_lognormal;D,10.777156532980031,0.36474439461924946,5,own
23-2093,10,0.02364431347362661,partial:OEWS_May2021_lognormal;D,10.777156532980031,0.36474439461924946,5,own
23-2099,1,0.02042602265091603,partial:OEWS_May2021_lognormal;D,11.109437286074474,0.533074820586106,5,own
23-2099,2,0.038009794775330064,partial:OEWS_May2021_lognormal;D,11.109437286074474,0.533074820586106,5,own
23-2099,3,0.052021641146067055,partial:OEWS_May2021_lognormal;D,11.109437286074474,0.533074820586106,5,own
23-2099,4,0.06567286097841923,partial:OEWS_May2021_lognormal;D,11.109437286074474,0.533074820586106,5,own
23-2099,5,0.07993439973177191,partial:OEWS_May2021_lognormal;D,11.109437286074474,0.533074820586106,5,own
23-2099,6,0.09559709420727708,partial:OEWS_May2021_lognormal;D,11.109437286074474,0.533074820586106,5,own
23-2099,7,0.1136929400465227,partial:OEWS_May2021_lognormal;D,11.109437286074474,0.533074820586106,5,own
23-2099,8,0.13605184081125465,partial:OEWS_May2021_lognormal;D,11.109437286074474,0.533074820586106,5,own
23-2099,9,0.1671121561586073,partial:OEWS_May2021_lognormal;D,11.109437286074474,0.533074820586106,5,own
23-2099,10,0.23148124949383397,partial:OEWS_May2021_lognormal;D,11.109437286074474,0.533074820586106,5,own
25-1011,1,0.005602924578245572,partial:OEWS_May2021_lognormal;D,11.446038186088717,0.5625529124248227,5,own
25-1011,2,0.012967165097835076,partial:OEWS_May2021_lognormal;D,11.446038186088717,0.5625529124248227,5,own
25-1011,3,0.02077808554108551,partial:OEWS_May2021_lognormal;D,11.446038186088717,0.5625529124248227,5,own
25-1011,4,0.03011314453550268,partial:OEWS_May2021_lognormal;D,11.446038186088717,0.5625529124248227,5,own
25-1011,5,0.041861943039367244,partial:OEWS_May2021_lognormal;D,11.446038186088717,0.5625529124248227,5,own
25-1011,6,0.057398944050708944,partial:OEWS_May2021_lognormal;D,11.446038186088717,0.5625529124248227,5,own
25-1011,7,0.07929543325448118,partial:OEWS_May2021_lognormal;D,11.446038186088717,0.5625529124248227,5,own
25-1011,8,0.11334378460028888,partial:OEWS_May2021_lognormal;D,11.446038186088717,0.5625529124248227,5,own
25-1011,9,0.17734338464878996,partial:OEWS_May2021_lognormal;D,11.446038186088717,0.5625529124248227,5,own
25-1011,10,0.46129519065369495,partial:OEWS_May2021_lognormal;D,11.446038186088717,0.5625529124248227,5,own
25-1021,1,0.004912965940096936,partial:OEWS_May2021_lognormal;D,11.275924473978924,0.48671233277471426,5,own
25-1021,2,0.014811578011366011,partial:OEWS_May2021_lognormal;D,11.275924473978924,0.48671233277471426,5,own
25-1021,3,0.026485550398908764,partial:OEWS_May2021_lognormal;D,11.275924473978924,0.48671233277471426,5,own
25-1021,4,0.04056460426762559,partial:OEWS_May2021_lognormal;D,11.275924473978924,0.48671233277471426,5,own
25-1021,5,0.05778999126147344,partial:OEWS_May2021_lognormal;D,11.275924473978924,0.48671233277471426,5,own
25-1021,6,0.07930778627603025,partial:OEWS_May2021_lognormal;D,11.275924473978924,0.48671233277471426,5,own
25-1021,7,0.10707448621593013,partial:OEWS_May2021_lognormal;D,11.275924473978924,0.48671233277471426,5,own
25-1021,8,0.14489377149292854,partial:OEWS_May2021_lognormal;D,11.275924473978924,0.48671233277471426,5,own
25-1021,9,0.20205716051343658,partial:OEWS_May2021_lognormal;D,11.275924473978924,0.48671233277471426,5,own
25-1021,10,0.32210210562220376,partial:OEWS_May2021_lognormal;D,11.275924473978924,0.48671233277471426,5,own
25-1022,1,0.00290545839400963,partial:OEWS_May2021_lognormal;D,11.297385684217492,0.4633716746548165,5,own
25-1022,2,0.010663605946847177,partial:OEWS_May2021_lognormal;D,11.297385684217492,0.4633716746548165,5,own
25-1022,3,0.02128168031411115,partial:OEWS_May2021_lognormal;D,11.297385684217492,0.4633716746548165,5,own
25-1022,4,0.03515448733413473,partial:OEWS_May2021_lognormal;D,11.297385684217492,0.4633716746548165,5,own
25-1022,5,0.05307127271800427,partial:OEWS_May2021_lognormal;D,11.297385684217492,0.4633716746548165,5,own
25-1022,6,0.07633192982192666,partial:OEWS_May2021_lognormal;D,11.297385684217492,0.4633716746548165,5,own
25-1022,7,0.1071453747288153,partial:OEWS_May2021_lognormal;D,11.297385684217492,0.4633716746548165,5,own
25-1022,8,0.1496655667248898,partial:OEWS_May2021_lognormal;D,11.297385684217492,0.4633716746548165,5,own
25-1022,9,0.21336878735523518,partial:OEWS_May2021_lognormal;D,11.297385684217492,0.4633716746548165,5,own
25-1022,10,0.3304118366620261,partial:OEWS_May2021_lognormal;D,11.297385684217492,0.4633716746548165,5,own
25-1031,1,0.0014150522052406855,partial:OEWS_May2021_lognormal;D,11.40629080855356,0.4645634526271995,5,own
25-1031,2,0.00596358355407367,partial:OEWS_May2021_lognormal;D,11.40629080855356,0.4645634526271995,5,own
25-1031,3,0.013117057112674357,partial:OEWS_May2021_lognormal;D,11.40629080855356,0.4645634526271995,5,own
25-1031,4,0.023471972839748723,partial:OEWS_May2021_lognormal;D,11.40629080855356,0.4645634526271995,5,own
25-1031,5,0.03811570192608549,partial:OEWS_May2021_lognormal;D,11.40629080855356,0.4645634526271995,5,own
25-1031,6,0.05888109027040489,partial:OEWS_May2021_lognormal;D,11.40629080855356,0.4645634526271995,5,own
25-1031,7,0.08905887201093338,partial:OEWS_May2021_lognormal;D,11.40629080855356,0.4645634526271995,5,own
25-1031,8,0.13536013929373442,partial:OEWS_May2021_lognormal;D,11.40629080855356,0.4645634526271995,5,own
25-1031,9,0.21513732450260264,partial:OEWS_May2021_lognormal;D,11.40629080855356,0.4645634526271995,5,own
25-1031,10,0.41947920628450175,partial:OEWS_May2021_lognormal;D,11.40629080855356,0.4645634526271995,5,own
25-1032,1,0.00015848678188068455,partial:OEWS_May2021_lognormal;D,11.552387160828717,0.42574157358838177,5,own
25-1032,2,0.0011747652196668068,partial:OEWS_May2021_lognormal;D,11.552387160828717,0.42574157358838177,5,own
25-1032,3,0.003705991583214663,partial:OEWS_May2021_lognormal;D,11.552387160828717,0.42574157358838177,5,own
25-1032,4,0.008682611651884886,partial:OEWS_May2021_lognormal;D,11.552387160828717,0.42574157358838177,5,own
25-1032,5,0.017635479722057312,partial:OEWS_May2021_lognormal;D,11.552387160828717,0.42574157358838177,5,own
25-1032,6,0.03324193375059925,partial:OEWS_May2021_lognormal;D,11.552387160828717,0.42574157358838177,5,own
25-1032,7,0.06061827814248749,partial:OEWS_May2021_lognormal;D,11.552387160828717,0.42574157358838177,5,own
25-1032,8,0.11096363657810593,partial:OEWS_May2021_lognormal;D,11.552387160828717,0.42574157358838177,5,own
25-1032,9,0.21550595721886873,partial:OEWS_May2021_lognormal;D,11.552387160828717,0.42574157358838177,5,own
25-1032,10,0.5483128593512343,partial:OEWS_May2021_lognormal;D,11.552387160828717,0.42574157358838177,5,own
25-1041,1,0.0013814783268789599,partial:OEWS_May2021_lognormal;D,11.405280107228752,0.46308704580434273,5,own
25-1041,2,0.005883796002901676,partial:OEWS_May2021_lognormal;D,11.405280107228752,0.46308704580434273,5,own
25-1041,3,0.01301717378051076,partial:OEWS_May2021_lognormal;D,11.405280107228752,0.46308704580434273,5,own
25-1041,4,0.023382986706674325,partial:OEWS_May2021_lognormal;D,11.405280107228752,0.46308704580434273,5,own
25-1041,5,0.03807698269300441,partial:OEWS_May2021_lognormal;D,11.405280107228752,0.46308704580434273,5,own
25-1041,6,0.05894316670378097,partial:OEWS_May2021_lognormal;D,11.405280107228752,0.46308704580434273,5,own
25-1041,7,0.08928527415942478,partial:OEWS_May2021_lognormal;D,11.405280107228752,0.46308704580434273,5,own
25-1041,8,0.13582082876017787,partial:OEWS_May2021_lognormal;D,11.405280107228752,0.46308704580434273,5,own
25-1041,9,0.21583489487089613,partial:OEWS_May2021_lognormal;D,11.405280107228752,0.46308704580434273,5,own
25-1041,10,0.4183734179957501,partial:OEWS_May2021_lognormal;D,11.405280107228752,0.46308704580434273,5,own
25-1042,1,0.00287139280931642,partial:OEWS_May2021_lognormal;D,11.379650026240274,0.4925084089299083,5,own
25-1042,2,0.009485692794704903,partial:OEWS_May2021_lognormal;D,11.379650026240274,0.4925084089299083,5,own
25-1042,3,0.01813776305909276,partial:OEWS_May2021_lognormal;D,11.379650026240274,0.4925084089299083,5,own
25-1042,4,0.02942127392507904,partial:OEWS_May2021_lognormal;D,11.379650026240274,0.4925084089299083,5,own
25-1042,5,0.044249898322153314,partial:OEWS_May2021_lognormal;D,11.379650026240274,0.4925084089299083,5,own
25-1042,6,0.06414723279960749,partial:OEWS_May2021_lognormal;D,11.379650026240274,0.4925084089299083,5,own
25-1042,7,0.0918766252770481,partial:OEWS_May2021_lognormal;D,11.379650026240274,0.4925084089299083,5,own
25-1042,8,0.1332021953499784,partial:OEWS_May2021_lognormal;D,11.379650026240274,0.4925084089299083,5,own
25-1042,9,0.20368434781381695,partial:OEWS_May2021_lognormal;D,11.379650026240274,0.4925084089299083,5,own
25-1042,10,0.40292357784920263,partial:OEWS_May2021_lognormal;D,11.379650026240274,0.4925084089299083,5,own
25-1043,1,0.00035816157729745557,partial:OEWS_May2021_lognormal;D,11.314967712038808,0.3829696482860606,5,own
25-1043,2,0.002912745400189043,partial:OEWS_May2021_lognormal;D,11.314967712038808,0.3829696482860606,5,own
25-1043,3,0.009256366292203277,partial:OEWS_May2021_lognormal;D,11.314967712038808,0.3829696482860606,5,own
25-1043,4,0.020986708795809328,partial:OEWS_May2021_lognormal;D,11.314967712038808,0.3829696482860606,5,own
25-1043,5,0.040136007177452915,partial:OEWS_May2021_lognormal;D,11.314967712038808,0.3829696482860606,5,own
25-1043,6,0.06938496194521465,partial:OEWS_May2021_lognormal;D,11.314967712038808,0.3829696482860606,5,own
25-1043,7,0.11232772699265536,partial:OEWS_May2021_lognormal;D,11.314967712038808,0.3829696482860606,5,own
25-1043,8,0.17362238983996414,partial:OEWS_May2021_lognormal;D,11.314967712038808,0.3829696482860606,5,own
25-1043,9,0.25717136637220295,partial:OEWS_May2021_lognormal;D,11.314967712038808,0.3829696482860606,5,own
25-1043,10,0.3138435656070109,partial:OEWS_May2021_lognormal;D,11.314967712038808,0.3829696482860606,5,own
25-1051,1,0.0015829085189060788,partial:OEWS_May2021_lognormal;D,11.42945315458662,0.4778353391947229,5,own
25-1051,2,0.006198031277270477,partial:OEWS_May2021_lognormal;D,11.42945315458662,0.4778353391947229,5,own
25-1051,3,0.013127944732753749,partial:OEWS_May2021_lognormal;D,11.42945315458662,0.4778353391947229,5,own
25-1051,4,0.02295854454383578,partial:OEWS_May2021_lognormal;D,11.42945315458662,0.4778353391947229,5,own
25-1051,5,0.036735625524145,partial:OEWS_May2021_lognormal;D,11.42945315458662,0.4778353391947229,5,own
25-1051,6,0.05624641856421975,partial:OEWS_May2021_lognormal;D,11.42945315458662,0.4778353391947229,5,own
25-1051,7,0.08477329616705703,partial:OEWS_May2021_lognormal;D,11.42945315458662,0.4778353391947229,5,own
25-1051,8,0.12922915603954788,partial:OEWS_May2021_lognormal;D,11.42945315458662,0.4778353391947229,5,own
25-1051,9,0.2084138201202908,partial:OEWS_May2021_lognormal;D,11.42945315458662,0.4778353391947229,5,own
25-1051,10,0.44073425451197346,partial:OEWS_May2021_lognormal;D,11.42945315458662,0.4778353391947229,5,own
25-1052,1,0.001402484327242548,partial:OEWS_May2021_lognormal;D,11.329504540826914,0.43844417094124455,5,own
25-1052,2,0.0066087568149929,partial:OEWS_May2021_lognormal;D,11.329504540826914,0.43844417094124455,5,own
25-1052,3,0.015271709613450868,partial:OEWS_May2021_lognormal;D,11.329504540826914,0.43844417094124455,5,own
25-1052,4,0.02796084705005314,partial:OEWS_May2021_lognormal;D,11.329504540826914,0.43844417094124455,5,own
25-1052,5,0.04573895152811369,partial:OEWS_May2021_lognormal;D,11.329504540826914,0.43844417094124455,5,own
25-1052,6,0.07029899080596586,partial:OEWS_May2021_lognormal;D,11.329504540826914,0.43844417094124455,5,own
25-1052,7,0.10442907217079672,partial:OEWS_May2021_lognormal;D,11.329504540826914,0.43844417094124455,5,own
25-1052,8,0.1531509205053057,partial:OEWS_May2021_lognormal;D,11.329504540826914,0.43844417094124455,5,own
25-1052,9,0.22704234361993758,partial:OEWS_May2021_lognormal;D,11.329504540826914,0.43844417094124455,5,own
25-1052,10,0.348095923564141,partial:OEWS_May2021_lognormal;D,11.329504540826914,0.43844417094124455,5,own
25-1053,1,0.0013805968297578852,partial:OEWS_May2021_lognormal;D,11.322961935428166,0.43555466557489725,5,own
25-1053,2,0.0066096825432668815,partial:OEWS_May2021_lognormal;D,11.322961935428166,0.43555466557489725,5,own
25-1053,3,0.015392940081222994,partial:OEWS_May2021_lognormal;D,11.322961935428166,0.43555466557489725,5,own
25-1053,4,0.02830260312131999,partial:OEWS_May2021_lognormal;D,11.322961935428166,0.43555466557489725,5,own
25-1053,5,0.046400474835250116,partial:OEWS_May2021_lognormal;D,11.322961935428166,0.43555466557489725,5,own
25-1053,6,0.07136317551401211,partial:OEWS_May2021_lognormal;D,11.322961935428166,0.43555466557489725,5,own
25-1053,7,0.10591877835806057,partial:OEWS_May2021_lognormal;D,11.322961935428166,0.43555466557489725,5,own
25-1053,8,0.1548938457943682,partial:OEWS_May2021_lognormal;D,11.322961935428166,0.43555466557489725,5,own
25-1053,9,0.22812966046296151,partial:OEWS_May2021_lognormal;D,11.322961935428166,0.43555466557489725,5,own
25-1053,10,0.3416082424597797,partial:OEWS_May2021_lognormal;D,11.322961935428166,0.43555466557489725,5,own
25-1054,1,0.0019527959997928113,partial:OEWS_May2021_lognormal;D,11.405225123715386,0.48028098856483087,5,own
25-1054,2,0.007276994659702163,partial:OEWS_May2021_lognormal;D,11.405225123715386,0.48028098856483087,5,own
25-1054,3,0.01493156441788368,partial:OEWS_May2021_lognormal;D,11.405225123715386,0.48028098856483087,5,own
25-1054,4,0.025481220019138606,partial:OEWS_May2021_lognormal;D,11.405225123715386,0.48028098856483087,5,own
25-1054,5,0.03992107943967421,partial:OEWS_May2021_lognormal;D,11.405225123715386,0.48028098856483087,5,own
25-1054,6,0.05993996748681263,partial:OEWS_May2021_lognormal;D,11.405225123715386,0.48028098856483087,5,own
25-1054,7,0.08861286952619424,partial:OEWS_May2021_lognormal;D,11.405225123715386,0.48028098856483087,5,own
25-1054,8,0.1323471858269859,partial:OEWS_May2021_lognormal;D,11.405225123715386,0.48028098856483087,5,own
25-1054,9,0.20832443144907253,partial:OEWS_May2021_lognormal;D,11.405225123715386,0.48028098856483087,5,own
25-1054,10,0.4212118911747432,partial:OEWS_May2021_lognormal;D,11.405225123715386,0.48028098856483087,5,own
25-1061,1,0.0012214469519087334,partial:OEWS_May2021_lognormal;D,11.426149077586214,0.46426183710340174,5,own
25-1061,2,0.005299201549458732,partial:OEWS_May2021_lognormal;D,11.426149077586214,0.46426183710340174,5,own
25-1061,3,0.01189096199339068,partial:OEWS_May2021_lognormal;D,11.426149077586214,0.46426183710340174,5,own
25-1061,4,0.021623972367714295,partial:OEWS_May2021_lognormal;D,11.426149077586214,0.46426183710340174,5,own
25-1061,5,0.035626313018678246,partial:OEWS_May2021_lognormal;D,11.426149077586214,0.46426183710340174,5,own
25-1061,6,0.05580811911436545,partial:OEWS_May2021_lognormal;D,11.426149077586214,0.46426183710340174,5,own
25-1061,7,0.08563026958122322,partial:OEWS_May2021_lognormal;D,11.426149077586214,0.46426183710340174,5,own
25-1061,8,0.13223972295608377,partial:OEWS_May2021_lognormal;D,11.426149077586214,0.46426183710340174,5,own
25-1061,9,0.21444952139446904,partial:OEWS_May2021_lognormal;D,11.426149077586214,0.46426183710340174,5,own
25-1061,10,0.43621047107270783,partial:OEWS_May2021_lognormal;D,11.426149077586214,0.46426183710340174,5,own
25-1062,1,0.00288237298594185,partial:OEWS_May2021_lognormal;D,11.315349288343537,0.469440719477965,5,own
25-1062,2,0.010353306045909949,partial:OEWS_May2021_lognormal;D,11.315349288343537,0.469440719477965,5,own
25-1062,3,0.020489465484307412,partial:OEWS_May2021_lognormal;D,11.315349288343537,0.469440719477965,5,own
25-1062,4,0.03374001769471657,partial:OEWS_May2021_lognormal;D,11.315349288343537,0.469440719477965,5,own
25-1062,5,0.050936119530584356,partial:OEWS_May2021_lognormal;D,11.315349288343537,0.469440719477965,5,own
25-1062,6,0.0734501117096143,partial:OEWS_May2021_lognormal;D,11.315349288343537,0.469440719477965,5,own
25-1062,7,0.10365414361174236,partial:OEWS_May2021_lognormal;D,11.315349288343537,0.469440719477965,5,own
25-1062,8,0.14613652457006532,partial:OEWS_May2021_lognormal;D,11.315349288343537,0.469440719477965,5,own
25-1062,9,0.2118765923892959,partial:OEWS_May2021_lognormal;D,11.315349288343537,0.469440719477965,5,own
25-1062,10,0.346481345977822,partial:OEWS_May2021_lognormal;D,11.315349288343537,0.469440719477965,5,own
25-1063,1,0.0007676378250205396,partial:OEWS_May2021_lognormal;D,11.602807246862987,0.4998602590814171,4,own
25-1063,2,0.0031481132950250124,partial:OEWS_May2021_lognormal;D,11.602807246862987,0.4998602590814171,4,own
25-1063,3,0.007024000469011027,partial:OEWS_May2021_lognormal;D,11.602807246862987,0.4998602590814171,4,own
25-1063,4,0.012966020112835153,partial:OEWS_May2021_lognormal;D,11.602807246862987,0.4998602590814171,4,own
25-1063,5,0.021982547312434986,partial:OEWS_May2021_lognormal;D,11.602807246862987,0.4998602590814171,4,own
25-1063,6,0.03589748676543386,partial:OEWS_May2021_lognormal;D,11.602807246862987,0.4998602590814171,4,own
25-1063,7,0.058341902258617906,partial:OEWS_May2021_lognormal;D,11.602807246862987,0.4998602590814171,4,own
25-1063,8,0.09781069590361846,partial:OEWS_May2021_lognormal;D,11.602807246862987,0.4998602590814171,4,own
25-1063,9,0.18113392822184182,partial:OEWS_May2021_lognormal;D,11.602807246862987,0.4998602590814171,4,own
25-1063,10,0.5809276678361612,partial:OEWS_May2021_lognormal;D,11.602807246862987,0.4998602590814171,4,own
25-1064,1,0.00035736447412032524,partial:OEWS_May2021_lognormal;D,11.297953903261892,0.37787248716646366,5,own
25-1064,2,0.002997006344497677,partial:OEWS_May2021_lognormal;D,11.297953903261892,0.37787248716646366,5,own
25-1064,3,0.009660808041762559,partial:OEWS_May2021_lognormal;D,11.297953903261892,0.37787248716646366,5,own
25-1064,4,0.022042375806756886,partial:OEWS_May2021_lognormal;D,11.297953903261892,0.37787248716646366,5,own
25-1064,5,0.042215349011857584,partial:OEWS_May2021_lognormal;D,11.297953903261892,0.37787248716646366,5,own
25-1064,6,0.07279375574462132,partial:OEWS_May2021_lognormal;D,11.297953903261892,0.37787248716646366,5,own
25-1064,7,0.11705050256794353,partial:OEWS_May2021_lognormal;D,11.297953903261892,0.37787248716646366,5,own
25-1064,8,0.17865615674786256,partial:OEWS_May2021_lognormal;D,11.297953903261892,0.37787248716646366,5,own
25-1064,9,0.2584381515576302,partial:OEWS_May2021_lognormal;D,11.297953903261892,0.37787248716646366,5,own
25-1064,10,0.29578852970294733,partial:OEWS_May2021_lognormal;D,11.297953903261892,0.37787248716646366,5,own
25-1065,1,0.0022020594436955587,partial:OEWS_May2021_lognormal;D,11.378880057616257,0.4774423090319689,5,own
25-1065,2,0.008101722410768508,partial:OEWS_May2021_lognormal;D,11.378880057616257,0.4774423090319689,5,own
25-1065,3,0.01643282602989171,partial:OEWS_May2021_lognormal;D,11.378880057616257,0.4774423090319689,5,own
25-1065,4,0.02773625532549262,partial:OEWS_May2021_lognormal;D,11.378880057616257,0.4774423090319689,5,own
25-1065,5,0.04297097485846346,partial:OEWS_May2021_lognormal;D,11.378880057616257,0.4774423090319689,5,own
25-1065,6,0.06375078222865066,partial:OEWS_May2021_lognormal;D,11.378880057616257,0.4774423090319689,5,own
25-1065,7,0.09297358614850298,partial:OEWS_May2021_lognormal;D,11.378880057616257,0.4774423090319689,5,own
25-1065,8,0.13656378425564347,partial:OEWS_May2021_lognormal;D,11.378880057616257,0.4774423090319689,5,own
25-1065,9,0.20996657400371033,partial:OEWS_May2021_lognormal;D,11.378880057616257,0.4774423090319689,5,own
25-1065,10,0.3993014352951807,partial:OEWS_May2021_lognormal;D,11.378880057616257,0.4774423090319689,5,own
25-1066,1,0.0038357810640358148,partial:OEWS_May2021_lognormal;D,11.286636771570207,0.47534168353796424,5,own
25-1066,2,0.012697582351250014,partial:OEWS_May2021_lognormal;D,11.286636771570207,0.47534168353796424,5,own
25-1066,3,0.02391065496263045,partial:OEWS_May2021_lognormal;D,11.286636771570207,0.47534168353796424,5,own
25-1066,4,0.037947131446637694,partial:OEWS_May2021_lognormal;D,11.286636771570207,0.47534168353796424,5,own
25-1066,5,0.05555562766486344,partial:OEWS_May2021_lognormal;D,11.286636771570207,0.47534168353796424,5,own
25-1066,6,0.07794447766843782,partial:OEWS_May2021_lognormal;D,11.286636771570207,0.47534168353796424,5,own
25-1066,7,0.10718035587476804,partial:OEWS_May2021_lognormal;D,11.286636771570207,0.47534168353796424,5,own
25-1066,8,0.14722569786351114,partial:OEWS_May2021_lognormal;D,11.286636771570207,0.47534168353796424,5,own
25-1066,9,0.20747005811150832,partial:OEWS_May2021_lognormal;D,11.286636771570207,0.47534168353796424,5,own
25-1066,10,0.3262326329923573,partial:OEWS_May2021_lognormal;D,11.286636771570207,0.47534168353796424,5,own
25-1067,1,0.001980794642401529,partial:OEWS_May2021_lognormal;D,11.30414543284932,0.4459459617522745,5,own
25-1067,2,0.008435010877779647,partial:OEWS_May2021_lognormal;D,11.30414543284932,0.4459459617522745,5,own
25-1067,3,0.018308534922396036,partial:OEWS_May2021_lognormal;D,11.30414543284932,0.4459459617522745,5,own
25-1067,4,0.03201743444752919,partial:OEWS_May2021_lognormal;D,11.30414543284932,0.4459459617522745,5,own
25-1067,5,0.050448912162000925,partial:OEWS_May2021_lognormal;D,11.30414543284932,0.4459459617522745,5,own
25-1067,6,0.07504221342586431,partial:OEWS_May2021_lognormal;D,11.30414543284932,0.4459459617522745,5,own
25-1067,7,0.10817283591423993,partial:OEWS_May2021_lognormal;D,11.30414543284932,0.4459459617522745,5,own
25-1067,8,0.154107686077531,partial:OEWS_May2021_lognormal;D,11.30414543284932,0.4459459617522745,5,own
25-1067,9,0.22179449390096628,partial:OEWS_May2021_lognormal;D,11.30414543284932,0.4459459617522745,5,own
25-1067,10,0.32969208362929114,partial:OEWS_May2021_lognormal;D,11.30414543284932,0.4459459617522745,5,own
25-1069,1,0.00797583401979779,partial:OEWS_May2021_lognormal;D,11.260392650847132,0.5149786480651599,5,own
25-1069,2,0.019689504497895416,partial:OEWS_May2021_lognormal;D,11.260392650847132,0.5149786480651599,5,own
25-1069,3,0.03168593179206031,partial:OEWS_May2021_lognormal;D,11.260392650847132,0.5149786480651599,5,own
25-1069,4,0.04520126236419225,partial:OEWS_May2021_lognormal;D,11.260392650847132,0.5149786480651599,5,own
25-1069,5,0.06104989778660502,partial:OEWS_May2021_lognormal;D,11.260392650847132,0.5149786480651599,5,own
25-1069,6,0.08032877858077975,partial:OEWS_May2021_lognormal;D,11.260392650847132,0.5149786480651599,5,own
25-1069,7,0.1048778708352347,partial:OEWS_May2021_lognormal;D,11.260392650847132,0.5149786480651599,5,own
25-1069,8,0.13837721732587216,partial:OEWS_May2021_lognormal;D,11.260392650847132,0.5149786480651599,5,own
25-1069,9,0.1904348884361658,partial:OEWS_May2021_lognormal;D,11.260392650847132,0.5149786480651599,5,own
25-1069,10,0.3203788143613968,partial:OEWS_May2021_lognormal;D,11.260392650847132,0.5149786480651599,5,own
25-1071,1,0.008376260081825793,partial:OEWS_May2021_lognormal;D,11.576785651916081,0.6511036525376932,4,own
25-1071,2,0.01428908680874813,partial:OEWS_May2021_lognormal;D,11.576785651916081,0.6511036525376932,4,own
25-1071,3,0.020052773690697134,partial:OEWS_May2021_lognormal;D,11.576785651916081,0.6511036525376932,4,own
25-1071,4,0.026802921714389694,partial:OEWS_May2021_lognormal;D,11.576785651916081,0.6511036525376932,4,own
25-1071,5,0.03531386235136247,partial:OEWS_May2021_lognormal;D,11.576785651916081,0.6511036525376932,4,own
25-1071,6,0.04676866459174822,partial:OEWS_May2021_lognormal;D,11.576785651916081,0.6511036525376932,4,own
25-1071,7,0.06346158471154512,partial:OEWS_May2021_lognormal;D,11.576785651916081,0.6511036525376932,4,own
25-1071,8,0.09088072294259558,partial:OEWS_May2021_lognormal;D,11.576785651916081,0.6511036525376932,4,own
25-1071,9,0.14754235322660197,partial:OEWS_May2021_lognormal;D,11.576785651916081,0.6511036525376932,4,own
25-1071,10,0.5465117698804859,partial:OEWS_May2021_lognormal;D,11.576785651916081,0.6511036525376932,4,own
25-1072,1,0.00044814811318444336,partial:OEWS_May2021_lognormal;D,11.259319619362019,0.3733691497635241,5,own
25-1072,2,0.0036948347130131287,partial:OEWS_May2021_lognormal;D,11.259319619362019,0.3733691497635241,5,own
25-1072,3,0.011669086591322653,partial:OEWS_May2021_lognormal;D,11.259319619362019,0.3733691497635241,5,own
25-1072,4,0.026044474370672976,partial:OEWS_May2021_lognormal;D,11.259319619362019,0.3733691497635241,5,own
25-1072,5,0.048697110581161274,partial:OEWS_May2021_lognormal;D,11.259319619362019,0.3733691497635241,5,own
25-1072,6,0.0817323627128127,partial:OEWS_May2021_lognormal;D,11.259319619362019,0.3733691497635241,5,own
25-1072,7,0.12730493779671676,partial:OEWS_May2021_lognormal;D,11.259319619362019,0.3733691497635241,5,own
25-1072,8,0.1866414112265179,partial:OEWS_May2021_lognormal;D,11.259319619362019,0.3733691497635241,5,own
25-1072,9,0.2547893097104314,partial:OEWS_May2021_lognormal;D,11.259319619362019,0.3733691497635241,5,own
25-1072,10,0.2589783241841668,partial:OEWS_May2021_lognormal;D,11.259319619362019,0.3733691497635241,5,own
25-1081,1,0.023917466222018957,partial:OEWS_May2021_lognormal;D,11.090163773763601,0.5411675898688126,5,own
25-1081,2,0.04173485110962205,partial:OEWS_May2021_lognormal;D,11.090163773763601,0.5411675898688126,5,own
25-1081,3,0.05531221109232076,partial:OEWS_May2021_lognormal;D,11.090163773763601,0.5411675898688126,5,own
25-1081,4,0.06827883248749794,partial:OEWS_May2021_lognormal;D,11.090163773763601,0.5411675898688126,5,own
25-1081,5,0.08165178547025903,partial:OEWS_May2021_lognormal;D,11.090163773763601,0.5411675898688126,5,own
25-1081,6,0.09621088029872976,partial:OEWS_May2021_lognormal;D,11.090163773763601,0.5411675898688126,5,own
25-1081,7,0.11294034160353272,partial:OEWS_May2021_lognormal;D,11.090163773763601,0.5411675898688126,5,own
25-1081,8,0.1335715602428041,partial:OEWS_May2021_lognormal;D,11.090163773763601,0.5411675898688126,5,own
25-1081,9,0.16234092341316542,partial:OEWS_May2021_lognormal;D,11.090163773763601,0.5411675898688126,5,own
25-1081,10,0.22404114806004927,partial:OEWS_May2021_lognormal;D,11.090163773763601,0.5411675898688126,5,own
25-1082,1,0.0003304375656497105,partial:OEWS_May2021_lognormal;D,11.256745697349311,0.3633911214034475,5,own
25-1082,2,0.0030786067839017606,partial:OEWS_May2021_lognormal;D,11.256745697349311,0.3633911214034475,5,own
25-1082,3,0.010456935805291612,partial:OEWS_May2021_lognormal;D,11.256745697349311,0.3633911214034475,5,own
25-1082,4,0.024502304662608332,partial:OEWS_May2021_lognormal;D,11.256745697349311,0.3633911214034475,5,own
25-1082,5,0.047445698021888305,partial:OEWS_May2021_lognormal;D,11.256745697349311,0.3633911214034475,5,own
25-1082,6,0.08169904738609729,partial:OEWS_May2021_lognormal;D,11.256745697349311,0.3633911214034475,5,own
25-1082,7,0.12952950357966303,partial:OEWS_May2021_lognormal;D,11.256745697349311,0.3633911214034475,5,own
25-1082,8,0.19163624333353135,partial:OEWS_May2021_lognormal;D,11.256745697349311,0.3633911214034475,5,own
25-1082,9,0.2603170315434019,partial:OEWS_May2021_lognormal;D,11.256745697349311,0.3633911214034475,5,own
25-1082,10,0.2510041913179667,partial:OEWS_May2021_lognormal;D,11.256745697349311,0.3633911214034475,5,own
25-1111,1,0.009247993582829683,partial:OEWS_May2021_lognormal;D,11.155565304056676,0.4823874758233962,5,own
25-1111,2,0.024494636573244577,partial:OEWS_May2021_lognormal;D,11.155565304056676,0.4823874758233962,5,own
25-1111,3,0.04001742175796319,partial:OEWS_May2021_lognormal;D,11.155565304056676,0.4823874758233962,5,own
25-1111,4,0.05683539252432346,partial:OEWS_May2021_lognormal;D,11.155565304056676,0.4823874758233962,5,own
25-1111,5,0.07550406772488644,partial:OEWS_May2021_lognormal;D,11.155565304056676,0.4823874758233962,5,own
25-1111,6,0.09666040591326058,partial:OEWS_May2021_lognormal;D,11.155565304056676,0.4823874758233962,5,own
25-1111,7,0.12122351498841305,partial:OEWS_May2021_lognormal;D,11.155565304056676,0.4823874758233962,5,own
25-1111,8,0.15072271605784243,partial:OEWS_May2021_lognormal;D,11.155565304056676,0.4823874758233962,5,own
25-1111,9,0.18813649784332465,partial:OEWS_May2021_lognormal;D,11.155565304056676,0.4823874758233962,5,own
25-1111,10,0.23715735303391194,partial:OEWS_May2021_lognormal;D,11.155565304056676,0.4823874758233962,5,own
25-1112,1,0.005994724627270742,partial:OEWS_May2021_lognormal;D,11.645257678478384,0.6471653406860682,4,own
25-1112,2,0.011027013912678074,partial:OEWS_May2021_lognormal;D,11.645257678478384,0.6471653406860682,4,own
25-1112,3,0.016138682005589433,partial:OEWS_May2021_lognormal;D,11.645257678478384,0.6471653406860682,4,own
25-1112,4,0.022288193308690363,partial:OEWS_May2021_lognormal;D,11.645257678478384,0.6471653406860682,4,own
25-1112,5,0.030221361072737207,partial:OEWS_May2021_lognormal;D,11.645257678478384,0.6471653406860682,4,own
25-1112,6,0.0411300769133397,partial:OEWS_May2021_lognormal;D,11.645257678478384,0.6471653406860682,4,own
25-1112,7,0.057373732759772034,partial:OEWS_May2021_lognormal;D,11.645257678478384,0.6471653406860682,4,own
25-1112,8,0.08468584639850796,partial:OEWS_May2021_lognormal;D,11.645257678478384,0.6471653406860682,4,own
25-1112,9,0.14276523404843994,partial:OEWS_May2021_lognormal;D,11.645257678478384,0.6471653406860682,4,own
25-1112,10,0.5883751349529746,partial:OEWS_May2021_lognormal;D,11.645257678478384,0.6471653406860682,4,own
25-1113,1,0.010684810411859258,partial:OEWS_May2021_lognormal;D,11.144602606981602,0.4889735107154926,5,own
25-1113,2,0.02674026906251986,partial:OEWS_May2021_lognormal;D,11.144602606981602,0.4889735107154926,5,own
25-1113,3,0.04237479379685344,partial:OEWS_May2021_lognormal;D,11.144602606981602,0.4889735107154926,5,own
25-1113,4,0.058933563181441495,partial:OEWS_May2021_lognormal;D,11.144602606981602,0.4889735107154926,5,own
25-1113,5,0.07703481748594276,partial:OEWS_May2021_lognormal;D,11.144602606981602,0.4889735107154926,5,own
25-1113,6,0.09732449912155738,partial:OEWS_May2021_lognormal;D,11.144602606981602,0.4889735107154926,5,own
25-1113,7,0.12070590243505191,partial:OEWS_May2021_lognormal;D,11.144602606981602,0.4889735107154926,5,own
25-1113,8,0.14868495744873766,partial:OEWS_May2021_lognormal;D,11.144602606981602,0.4889735107154926,5,own
25-1113,9,0.18428898553577955,partial:OEWS_May2021_lognormal;D,11.144602606981602,0.4889735107154926,5,own
25-1113,10,0.23322740152025667,partial:OEWS_May2021_lognormal;D,11.144602606981602,0.4889735107154926,5,own
25-1121,1,0.013776447951215853,partial:OEWS_May2021_lognormal;D,11.215671468783693,0.5429254637809137,5,own
25-1121,2,0.0275708756751617,partial:OEWS_May2021_lognormal;D,11.215671468783693,0.5429254637809137,5,own
25-1121,3,0.039775411617490986,partial:OEWS_May2021_lognormal;D,11.215671468783693,0.5429254637809137,5,own
25-1121,4,0.052591104370908914,partial:OEWS_May2021_lognormal;D,11.215671468783693,0.5429254637809137,5,own
25-1121,5,0.06693613090386796,partial:OEWS_May2021_lognormal;D,11.215671468783693,0.5429254637809137,5,own
25-1121,6,0.0838252513468305,partial:OEWS_May2021_lognormal;D,11.215671468783693,0.5429254637809137,5,own
25-1121,7,0.10486291559140326,partial:OEWS_May2021_lognormal;D,11.215671468783693,0.5429254637809137,5,own
25-1121,8,0.1332526246655651,partial:OEWS_May2021_lognormal;D,11.215671468783693,0.5429254637809137,5,own
25-1121,9,0.17761433328178822,partial:OEWS_May2021_lognormal;D,11.215671468783693,0.5429254637809137,5,own
25-1121,10,0.2997949045957675,partial:OEWS_May2021_lognormal;D,11.215671468783693,0.5429254637809137,5,own
25-1122,1,0.0009158656368714602,partial:OEWS_May2021_lognormal;D,11.264059245879071,0.3994477887023636,5,own
25-1122,2,0.005659046032369386,partial:OEWS_May2021_lognormal;D,11.264059245879071,0.3994477887023636,5,own
25-1122,3,0.015081265624820928,partial:OEWS_May2021_lognormal;D,11.264059245879071,0.3994477887023636,5,own
25-1122,4,0.03005472470695525,partial:OEWS_May2021_lognormal;D,11.264059245879071,0.3994477887023636,5,own
25-1122,5,0.051780149325218516,partial:OEWS_May2021_lognormal;D,11.264059245879071,0.3994477887023636,5,own
25-1122,6,0.08181470400864915,partial:OEWS_May2021_lognormal;D,11.264059245879071,0.3994477887023636,5,own
25-1122,7,0.12213083897748256,partial:OEWS_May2021_lognormal;D,11.264059245879071,0.3994477887023636,5,own
25-1122,8,0.1749641439380168,partial:OEWS_May2021_lognormal;D,11.264059245879071,0.3994477887023636,5,own
25-1122,9,0.2408163025392563,partial:OEWS_May2021_lognormal;D,11.264059245879071,0.3994477887023636,5,own
25-1122,10,0.27678295921035967,partial:OEWS_May2021_lognormal;D,11.264059245879071,0.3994477887023636,5,own
25-1123,1,0.006831972353510796,partial:OEWS_May2021_lognormal;D,11.193396548901081,0.4761243336031667,5,own
25-1123,2,0.01985166105978614,partial:OEWS_May2021_lognormal;D,11.193396548901081,0.4761243336031667,5,own
25-1123,3,0.03426540691986196,partial:OEWS_May2021_lognormal;D,11.193396548901081,0.4761243336031667,5,own
25-1123,4,0.05069761652580279,partial:OEWS_May2021_lognormal;D,11.193396548901081,0.4761243336031667,5,own
25-1123,5,0.06969245130038965,partial:OEWS_May2021_lognormal;D,11.193396548901081,0.4761243336031667,5,own
25-1123,6,0.09200514158790002,partial:OEWS_May2021_lognormal;D,11.193396548901081,0.4761243336031667,5,own
25-1123,7,0.118816518195892,partial:OEWS_May2021_lognormal;D,11.193396548901081,0.4761243336031667,5,own
25-1123,8,0.15218562549911296,partial:OEWS_May2021_lognormal;D,11.193396548901081,0.4761243336031667,5,own
25-1123,9,0.19632979288002206,partial:OEWS_May2021_lognormal;D,11.193396548901081,0.4761243336031667,5,own
25-1123,10,0.2593238136777216,partial:OEWS_May2021_lognormal;D,11.193396548901081,0.4761243336031667,5,own
25-1124,1,0.0007744634092031744,partial:OEWS_May2021_lognormal;D,11.257007895262861,0.3910218520402572,5,own
25-1124,2,0.005175702558265882,partial:OEWS_May2021_lognormal;D,11.257007895262861,0.3910218520402572,5,own
25-1124,3,0.014418433915580398,partial:OEWS_May2021_lognormal;D,11.257007895262861,0.3910218520402572,5,own
25-1124,4,0.02956017177748449,partial:OEWS_May2021_lognormal;D,11.257007895262861,0.3910218520402572,5,own
25-1124,5,0.05192372431989195,partial:OEWS_May2021_lognormal;D,11.257007895262861,0.3910218520402572,5,own
25-1124,6,0.0831168118483927,partial:OEWS_May2021_lognormal;D,11.257007895262861,0.3910218520402572,5,own
25-1124,7,0.1249997313914617,partial:OEWS_May2021_lognormal;D,11.257007895262861,0.3910218520402572,5,own
25-1124,8,0.17924212208939433,partial:OEWS_May2021_lognormal;D,11.257007895262861,0.3910218520402572,5,own
25-1124,9,0.24422023167034507,partial:OEWS_May2021_lognormal;D,11.257007895262861,0.3910218520402572,5,own
25-1124,10,0.2665686070199803,partial:OEWS_May2021_lognormal;D,11.257007895262861,0.3910218520402572,5,own
25-1125,1,0.0037224960948480934,partial:OEWS_May2021_lognormal;D,11.236036136541045,0.4546472429490803,5,own
25-1125,2,0.013408020441361912,partial:OEWS_May2021_lognormal;D,11.236036136541045,0.4546472429490803,5,own
25-1125,3,0.026160153660512053,partial:OEWS_May2021_lognormal;D,11.236036136541045,0.4546472429490803,5,own
25-1125,4,0.04218831503973175,partial:OEWS_May2021_lognormal;D,11.236036136541045,0.4546472429490803,5,own
25-1125,5,0.06205692941720453,partial:OEWS_May2021_lognormal;D,11.236036136541045,0.4546472429490803,5,own
25-1125,6,0.08669372484820653,partial:OEWS_May2021_lognormal;D,11.236036136541045,0.4546472429490803,5,own
25-1125,7,0.11759211392483165,partial:OEWS_May2021_lognormal;D,11.236036136541045,0.4546472429490803,5,own
25-1125,8,0.15729954643557875,partial:OEWS_May2021_lognormal;D,11.236036136541045,0.4546472429490803,5,own
25-1125,9,0.21064079405297964,partial:OEWS_May2021_lognormal;D,11.236036136541045,0.4546472429490803,5,own
25-1125,10,0.2802379060847451,partial:OEWS_May2021_lognormal;D,11.236036136541045,0.4546472429490803,5,own
25-1126,1,0.00662791927841333,partial:OEWS_May2021_lognormal;D,11.262865663724863,0.5020878068588784,5,own
25-1126,2,0.01776862990265088,partial:OEWS_May2021_lognormal;D,11.262865663724863,0.5020878068588784,5,own
25-1126,3,0.029825427680290284,partial:OEWS_May2021_lognormal;D,11.262865663724863,0.5020878068588784,5,own
25-1126,4,0.043748374499512355,partial:OEWS_May2021_lognormal;D,11.262865663724863,0.5020878068588784,5,own
25-1126,5,0.06030700983331888,partial:OEWS_May2021_lognormal;D,11.262865663724863,0.5020878068588784,5,own
25-1126,6,0.0805987524140313,partial:OEWS_May2021_lognormal;D,11.262865663724863,0.5020878068588784,5,own
25-1126,7,0.10647608037276823,partial:OEWS_May2021_lognormal;D,11.262865663724863,0.5020878068588784,5,own
25-1126,8,0.14159246578093648,partial:OEWS_May2021_lognormal;D,11.262865663724863,0.5020878068588784,5,own
25-1126,9,0.1951966454860941,partial:OEWS_May2021_lognormal;D,11.262865663724863,0.5020878068588784,5,own
25-1126,10,0.31785869475198414,partial:OEWS_May2021_lognormal;D,11.262865663724863,0.5020878068588784,5,own
25-1192,1,0.0013731399058566907,partial:OEWS_May2021_lognormal;D,11.31372184749624,0.43222895818759166,5,own
25-1192,2,0.0066795241073477896,partial:OEWS_May2021_lognormal;D,11.31372184749624,0.43222895818759166,5,own
25-1192,3,0.01566843860081857,partial:OEWS_May2021_lognormal;D,11.31372184749624,0.43222895818759166,5,own
25-1192,4,0.028908218338505987,partial:OEWS_May2021_lognormal;D,11.31372184749624,0.43222895818759166,5,own
25-1192,5,0.04744986537144552,partial:OEWS_May2021_lognormal;D,11.31372184749624,0.43222895818759166,5,own
25-1192,6,0.07293428312344763,partial:OEWS_May2021_lognormal;D,11.31372184749624,0.43222895818759166,5,own
25-1192,7,0.1079876871291216,partial:OEWS_May2021_lognormal;D,11.31372184749624,0.43222895818759166,5,own
25-1192,8,0.15714103790040768,partial:OEWS_May2021_lognormal;D,11.31372184749624,0.43222895818759166,5,own
25-1192,9,0.2292034915917076,partial:OEWS_May2021_lognormal;D,11.31372184749624,0.43222895818759166,5,own
25-1192,10,0.33265431393134093,partial:OEWS_May2021_lognormal;D,11.31372184749624,0.43222895818759166,5,own
25-1193,1,0.009257400641762836,partial:OEWS_May2021_lognormal;D,11.161803018412698,0.48511337958697237,5,own
25-1193,2,0.024291925144585114,partial:OEWS_May2021_lognormal;D,11.161803018412698,0.48511337958697237,5,own
25-1193,3,0.03955330875649565,partial:OEWS_May2021_lognormal;D,11.161803018412698,0.48511337958697237,5,own
25-1193,4,0.05610902198423745,partial:OEWS_May2021_lognormal;D,11.161803018412698,0.48511337958697237,5,own
25-1193,5,0.07454420597395067,partial:OEWS_May2021_lognormal;D,11.161803018412698,0.48511337958697237,5,own
25-1193,6,0.09553706798234068,partial:OEWS_May2021_lognormal;D,11.161803018412698,0.48511337958697237,5,own
25-1193,7,0.12008145750039734,partial:OEWS_May2021_lognormal;D,11.161803018412698,0.48511337958697237,5,own
25-1193,8,0.14987044335125227,partial:OEWS_May2021_lognormal;D,11.161803018412698,0.48511337958697237,5,own
25-1193,9,0.18835346579234513,partial:OEWS_May2021_lognormal;D,11.161803018412698,0.48511337958697237,5,own
25-1193,10,0.24240170287263285,partial:OEWS_May2021_lognormal;D,11.161803018412698,0.48511337958697237,5,own
25-1194,1,0.004452181189370075,partial:OEWS_May2021_lognormal;D,11.002155252409615,0.3757577525711453,5,own
25-1194,2,0.021797402725525217,partial:OEWS_May2021_lognormal;D,11.002155252409615,0.3757577525711453,5,own
25-1194,3,0.04712931465443926,partial:OEWS_May2021_lognormal;D,11.002155252409615,0.3757577525711453,5,own
25-1194,4,0.07715325736174777,partial:OEWS_May2021_lognormal;D,11.002155252409615,0.3757577525711453,5,own
25-1194,5,0.10910532288087799,partial:OEWS_May2021_lognormal;D,11.002155252409615,0.3757577525711453,5,own
25-1194,6,0.13981166917859134,partial:OEWS_May2021_lognormal;D,11.002155252409615,0.3757577525711453,5,own
25-1194,7,0.1649579136736261,partial:OEWS_May2021_lognormal;D,11.002155252409615,0.3757577525711453,5,own
25-1194,8,0.17777619883373275,partial:OEWS_May2021_lognormal;D,11.002155252409615,0.3757577525711453,5,own
25-1194,9,0.16552558492443603,partial:OEWS_May2021_lognormal;D,11.002155252409615,0.3757577525711453,5,own
25-1194,10,0.09229115457765347,partial:OEWS_May2021_lognormal;D,11.002155252409615,0.3757577525711453,5,own
25-1199,1,0.01289622286443326,partial:OEWS_May2021_lognormal;D,11.291868414419588,0.5708390192693474,5,own
25-1199,2,0.024324530109238962,partial:OEWS_May2021_lognormal;D,11.291868414419588,0.5708390192693474,5,own
25-1199,3,0.03455370195953966,partial:OEWS_May2021_lognormal;D,11.291868414419588,0.5708390192693474,5,own
25-1199,4,0.045591295527887876,partial:OEWS_May2021_lognormal;D,11.291868414419588,0.5708390192693474,5,own
25-1199,5,0.05836891260065907,partial:OEWS_May2021_lognormal;D,11.291868414419588,0.5708390192693474,5,own
25-1199,6,0.07403098166580446,partial:OEWS_May2021_lognormal;D,11.291868414419588,0.5708390192693474,5,own
25-1199,7,0.094523927935248,partial:OEWS_May2021_lognormal;D,11.291868414419588,0.5708390192693474,5,own
25-1199,8,0.12398975216524782,partial:OEWS_May2021_lognormal;D,11.291868414419588,0.5708390192693474,5,own
25-1199,9,0.17447713753526928,partial:OEWS_May2021_lognormal;D,11.291868414419588,0.5708390192693474,5,own
25-1199,10,0.3572435376366716,partial:OEWS_May2021_lognormal;D,11.291868414419588,0.5708390192693474,5,own
25-2011,1,0.11165531649044036,partial:OEWS_May2021_lognormal;D,10.429313820067122,0.3367048647190287,5,own
25-2011,2,0.2101703687863316,partial:OEWS_May2021_lognormal;D,10.429313820067122,0.3367048647190287,5,own
25-2011,3,0.2108242233590471,partial:OEWS_May2021_lognormal;D,10.429313820067122,0.3367048647190287,5,own
25-2011,4,0.1752347864952425,partial:OEWS_May2021_lognormal;D,10.429313820067122,0.3367048647190287,5,own
25-2011,5,0.12909107334417702,partial:OEWS_May2021_lognormal;D,10.429313820067122,0.3367048647190287,5,own
25-2011,6,0.08478174483979894,partial:OEWS_May2021_lognormal;D,10.429313820067122,0.3367048647190287,5,own
25-2011,7,0.04834320126894087,partial:OEWS_May2021_lognormal;D,10.429313820067122,0.3367048647190287,5,own
25-2011,8,0.022283133345375683,partial:OEWS_May2021_lognormal;D,10.429313820067122,0.3367048647190287,5,own
25-2011,9,0.00688479399778319,partial:OEWS_May2021_lognormal;D,10.429313820067122,0.3367048647190287,5,own
25-2011,10,0.0007313580728627311,partial:OEWS_May2021_lognormal;D,10.429313820067122,0.3367048647190287,5,own
25-2012,1,0.0029217771230820033,partial:OEWS_May2021_lognormal;D,11.02015634918717,0.36310412705411205,5,own
25-2012,2,0.016961519704275896,partial:OEWS_May2021_lognormal;D,11.02015634918717,0.36310412705411205,5,own
25-2012,3,0.04054086329666662,partial:OEWS_May2021_lognormal;D,11.02015634918717,0.36310412705411205,5,own
25-2012,4,0.0709821667735529,partial:OEWS_May2021_lognormal;D,11.02015634918717,0.36310412705411205,5,own
25-2012,5,0.10543575167081992,partial:OEWS_May2021_lognormal;D,11.02015634918717,0.36310412705411205,5,own
25-2012,6,0.14021194579189616,partial:OEWS_May2021_lognormal;D,11.02015634918717,0.36310412705411205,5,own
25-2012,7,0.17000229191663435,partial:OEWS_May2021_lognormal;D,11.02015634918717,0.36310412705411205,5,own
25-2012,8,0.1863572915217787,partial:OEWS_May2021_lognormal;D,11.02015634918717,0.36310412705411205,5,own
25-2012,9,0.17374152024621625,partial:OEWS_May2021_lognormal;D,11.02015634918717,0.36310412705411205,5,own
25-2012,10,0.09284487195507718,partial:OEWS_May2021_lognormal;D,11.02015634918717,0.36310412705411205,5,own
25-2021,1,0.0007392856725960684,partial:OEWS_May2021_lognormal;D,11.054961430506511,0.32580183307779265,5,own
25-2021,2,0.0074938715126859345,partial:OEWS_May2021_lognormal;D,11.054961430506511,0.32580183307779265,5,own
25-2021,3,0.02497103532359235,partial:OEWS_May2021_lognormal;D,11.054961430506511,0.32580183307779265,5,own
25-2021,4,0.05453589939736986,partial:OEWS_May2021_lognormal;D,11.054961430506511,0.32580183307779265,5,own
25-2021,5,0.09489696158729677,partial:OEWS_May2021_lognormal;D,11.054961430506511,0.32580183307779265,5,own
25-2021,6,0.14158713977839055,partial:OEWS_May2021_lognormal;D,11.054961430506511,0.32580183307779265,5,own
25-2021,7,0.185722350943895,partial:OEWS_May2021_lognormal;D,11.054961430506511,0.32580183307779265,5,own
25-2021,8,0.2116833174052576,partial:OEWS_May2021_lognormal;D,11.054961430506511,0.32580183307779265,5,own
25-2021,9,0.19273515342787206,partial:OEWS_May2021_lognormal;D,11.054961430506511,0.32580183307779265,5,own
25-2021,10,0.08563498495104382,partial:OEWS_May2021_lognormal;D,11.054961430506511,0.32580183307779265,5,own
25-2022,1,0.00045906982545024233,partial:OEWS_May2021_lognormal;D,11.061428316141289,0.3144217058994962,5,own
25-2022,2,0.005649877918140089,partial:OEWS_May2021_lognormal;D,11.061428316141289,0.3144217058994962,5,own
25-2022,3,0.021152174197627605,partial:OEWS_May2021_lognormal;D,11.061428316141289,0.3144217058994962,5,own
25-2022,4,0.04990328806908512,partial:OEWS_May2021_lognormal;D,11.061428316141289,0.3144217058994962,5,own
25-2022,5,0.09169125381866328,partial:OEWS_May2021_lognormal;D,11.061428316141289,0.3144217058994962,5,own
25-2022,6,0.1421549469388031,partial:OEWS_May2021_lognormal;D,11.061428316141289,0.3144217058994962,5,own
25-2022,7,0.19109172814170922,partial:OEWS_May2021_lognormal;D,11.061428316141289,0.3144217058994962,5,own
25-2022,8,0.21976351866817234,partial:OEWS_May2021_lognormal;D,11.061428316141289,0.3144217058994962,5,own
25-2022,9,0.19694013802065058,partial:OEWS_May2021_lognormal;D,11.061428316141289,0.3144217058994962,5,own
25-2022,10,0.08119400440169844,partial:OEWS_May2021_lognormal;D,11.061428316141289,0.3144217058994962,5,own
25-2023,1,0.00014326677884901606,partial:OEWS_May2021_lognormal;D,11.085680392037185,0.2940014902108026,5,own
25-2023,2,0.0027263454141514543,partial:OEWS_May2021_lognormal;D,11.085680392037185,0.2940014902108026,5,own
25-2023,3,0.01336059109066473,partial:OEWS_May2021_lognormal;D,11.085680392037185,0.2940014902108026,5,own
25-2023,4,0.03792543052602193,partial:OEWS_May2021_lognormal;D,11.085680392037185,0.2940014902108026,5,own
25-2023,5,0.07982403285761236,partial:OEWS_May2021_lognormal;D,11.085680392037185,0.2940014902108026,5,own
25-2023,6,0.13704449649783884,partial:OEWS_May2021_lognormal;D,11.085680392037185,0.2940014902108026,5,own
25-2023,7,0.19834575883527794,partial:OEWS_May2021_lognormal;D,11.085680392037185,0.2940014902108026,5,own
25-2023,8,0.23836214097836395,partial:OEWS_May2021_lognormal;D,11.085680392037185,0.2940014902108026,5,own
25-2023,9,0.2132386967295259,partial:OEWS_May2021_lognormal;D,11.085680392037185,0.2940014902108026,5,own
25-2023,10,0.07902924029169389,partial:OEWS_May2021_lognormal;D,11.085680392037185,0.2940014902108026,5,own
25-2031,1,0.0004111257811756919,partial:OEWS_May2021_lognormal;D,11.07137375297176,0.31450786205661874,5,own
25-2031,2,0.0051836390462403625,partial:OEWS_May2021_lognormal;D,11.07137375297176,0.31450786205661874,5,own
25-2031,3,0.019770058668574064,partial:OEWS_May2021_lognormal;D,11.07137375297176,0.31450786205661874,5,own
25-2031,4,0.0473814569616946,partial:OEWS_May2021_lognormal;D,11.07137375297176,0.31450786205661874,5,own
25-2031,5,0.0883269081358688,partial:OEWS_May2021_lognormal;D,11.07137375297176,0.31450786205661874,5,own
25-2031,6,0.13890093006580662,partial:OEWS_May2021_lognormal;D,11.07137375297176,0.31450786205661874,5,own
25-2031,7,0.18951343035007578,partial:OEWS_May2021_lognormal;D,11.07137375297176,0.31450786205661874,5,own
25-2031,8,0.22161548033676892,partial:OEWS_May2021_lognormal;D,11.07137375297176,0.31450786205661874,5,own
25-2031,9,0.20278302854925245,partial:OEWS_May2021_lognormal;D,11.07137375297176,0.31450786205661874,5,own
25-2031,10,0.0861139421045427,partial:OEWS_May2021_lognormal;D,11.07137375297176,0.31450786205661874,5,own
25-2032,1,0.0001975837499267885,partial:OEWS_May2021_lognormal;D,11.079216343847905,0.29913786249860175,5,own
25-2032,2,0.0033400556266566794,partial:OEWS_May2021_lognormal;D,11.079216343847905,0.29913786249860175,5,own
25-2032,3,0.01520848215156212,partial:OEWS_May2021_lognormal;D,11.079216343847905,0.29913786249860175,5,own
25-2032,4,0.04103091540756165,partial:OEWS_May2021_lognormal;D,11.079216343847905,0.29913786249860175,5,own
25-2032,5,0.08317633291417109,partial:OEWS_May2021_lognormal;D,11.079216343847905,0.29913786249860175,5,own
25-2032,6,0.1388001243231784,partial:OEWS_May2021_lognormal;D,11.079216343847905,0.29913786249860175,5,own
25-2032,7,0.1967438626690326,partial:OEWS_May2021_lognormal;D,11.079216343847905,0.29913786249860175,5,own
25-2032,8,0.23341899424663787,partial:OEWS_May2021_lognormal;D,11.079216343847905,0.29913786249860175,5,own
25-2032,9,0.20866634968246411,partial:OEWS_May2021_lognormal;D,11.079216343847905,0.29913786249860175,5,own
25-2032,10,0.07941729922880869,partial:OEWS_May2021_lognormal;D,11.079216343847905,0.29913786249860175,5,own
25-2051,1,0.009430073238348546,partial:OEWS_May2021_lognormal;D,11.088175026158414,0.45517963906404413,5,own
25-2051,2,0.02732352018254497,partial:OEWS_May2021_lognormal;D,11.088175026158414,0.45517963906404413,5,own
25-2051,3,0.04598742477308021,partial:OEWS_May2021_lognormal;D,11.088175026158414,0.45517963906404413,5,own
25-2051,4,0.0658050347625086,partial:OEWS_May2021_lognormal;D,11.088175026158414,0.45517963906404413,5,own
25-2051,5,0.08691046974929562,partial:OEWS_May2021_lognormal;D,11.088175026158414,0.45517963906404413,5,own
25-2051,6,0.10937993391270723,partial:OEWS_May2021_lognormal;D,11.088175026158414,0.45517963906404413,5,own
25-2051,7,0.13318474127934854,partial:OEWS_May2021_lognormal;D,11.088175026158414,0.45517963906404413,5,own
25-2051,8,0.15793860987498465,partial:OEWS_May2021_lognormal;D,11.088175026158414,0.45517963906404413,5,own
25-2051,9,0.1816503912666445,partial:OEWS_May2021_lognormal;D,11.088175026158414,0.45517963906404413,5,own
25-2051,10,0.18238980096053714,partial:OEWS_May2021_lognormal;D,11.088175026158414,0.45517963906404413,5,own
25-2052,1,0.00031547886118299395,partial:OEWS_May2021_lognormal;D,11.066798149912017,0.30647478849323617,5,own
25-2052,2,0.004507288184935676,partial:OEWS_May2021_lognormal;D,11.066798149912017,0.30647478849323617,5,own
25-2052,3,0.01847048278498653,partial:OEWS_May2021_lognormal;D,11.066798149912017,0.30647478849323617,5,own
25-2052,4,0.046295241057520475,partial:OEWS_May2021_lognormal;D,11.066798149912017,0.30647478849323617,5,own
25-2052,5,0.08880616712356953,partial:OEWS_May2021_lognormal;D,11.066798149912017,0.30647478849323617,5,own
25-2052,6,0.14199077614707056,partial:OEWS_May2021_lognormal;D,11.066798149912017,0.30647478849323617,5,own
25-2052,7,0.19478156323401974,partial:OEWS_May2021_lognormal;D,11.066798149912017,0.30647478849323617,5,own
25-2052,8,0.22593864599307156,partial:OEWS_May2021_lognormal;D,11.066798149912017,0.30647478849323617,5,own
25-2052,9,0.200475894596724,partial:OEWS_May2021_lognormal;D,11.066798149912017,0.30647478849323617,5,own
25-2052,10,0.07841846201691893,partial:OEWS_May2021_lognormal;D,11.066798149912017,0.30647478849323617,5,own
25-2057,1,0.0003056047682687413,partial:OEWS_May2021_lognormal;D,11.075201581956017,0.30815396331320205,5,own
25-2057,2,0.004335917068402584,partial:OEWS_May2021_lognormal;D,11.075201581956017,0.30815396331320205,5,own
25-2057,3,0.017761728151999667,partial:OEWS_May2021_lognormal;D,11.075201581956017,0.30815396331320205,5,own
25-2057,4,0.044653694457045645,partial:OEWS_May2021_lognormal;D,11.075201581956017,0.30815396331320205,5,own
25-2057,5,0.08612232787068685,partial:OEWS_May2021_lognormal;D,11.075201581956017,0.30815396331320205,5,own
25-2057,6,0.1387658962429245,partial:OEWS_May2021_lognormal;D,11.075201581956017,0.30815396331320205,5,own
25-2057,7,0.19237283668070926,partial:OEWS_May2021_lognormal;D,11.075201581956017,0.30815396331320205,5,own
25-2057,8,0.2264620624522526,partial:OEWS_May2021_lognormal;D,11.075201581956017,0.30815396331320205,5,own
25-2057,9,0.2055504959642157,partial:OEWS_May2021_lognormal;D,11.075201581956017,0.30815396331320205,5,own
25-2057,10,0.08366943634349444,partial:OEWS_May2021_lognormal;D,11.075201581956017,0.30815396331320205,5,own
25-2058,1,0.00023868360592299576,partial:OEWS_May2021_lognormal;D,11.081997018323865,0.3042281232060642,5,own
25-2058,2,0.0036991156216386045,partial:OEWS_May2021_lognormal;D,11.081997018323865,0.3042281232060642,5,own
25-2058,3,0.01601643172560646,partial:OEWS_May2021_lognormal;D,11.081997018323865,0.3042281232060642,5,own
25-2058,4,0.041857308318089315,partial:OEWS_May2021_lognormal;D,11.081997018323865,0.3042281232060642,5,own
25-2058,5,0.08311838903229102,partial:OEWS_May2021_lognormal;D,11.081997018323865,0.3042281232060642,5,own
25-2058,6,0.13700079367059675,partial:OEWS_May2021_lognormal;D,11.081997018323865,0.3042281232060642,5,own
25-2058,7,0.1932857552472777,partial:OEWS_May2021_lognormal;D,11.081997018323865,0.3042281232060642,5,own
25-2058,8,0.23035699038363383,partial:OEWS_May2021_lognormal;D,11.081997018323865,0.3042281232060642,5,own
25-2058,9,0.21006010337945935,partial:OEWS_May2021_lognormal;D,11.081997018323865,0.3042281232060642,5,own
25-2058,10,0.08436642901548397,partial:OEWS_May2021_lognormal;D,11.081997018323865,0.3042281232060642,5,own
25-2059,1,0.004441810206831209,partial:OEWS_May2021_lognormal;D,11.047662898997837,0.39303595970259025,5,own
25-2059,2,0.020002494378573765,partial:OEWS_May2021_lognormal;D,11.047662898997837,0.39303595970259025,5,own
25-2059,3,0.04196574634422523,partial:OEWS_May2021_lognormal;D,11.047662898997837,0.39303595970259025,5,own
25-2059,4,0.06828322918533297,partial:OEWS_May2021_lognormal;D,11.047662898997837,0.39303595970259025,5,own
25-2059,5,0.09741627240554307,partial:OEWS_May2021_lognormal;D,11.047662898997837,0.39303595970259025,5,own
25-2059,6,0.12755406848088147,partial:OEWS_May2021_lognormal;D,11.047662898997837,0.39303595970259025,5,own
25-2059,7,0.15598647994601988,partial:OEWS_May2021_lognormal;D,11.047662898997837,0.39303595970259025,5,own
25-2059,8,0.17782589384999725,partial:OEWS_May2021_lognormal;D,11.047662898997837,0.39303595970259025,5,own
25-2059,9,0.18200029701828935,partial:OEWS_May2021_lognormal;D,11.047662898997837,0.39303595970259025,5,own
25-2059,10,0.1245237081843058,partial:OEWS_May2021_lognormal;D,11.047662898997837,0.39303595970259025,5,own
25-3011,1,0.005856254838223662,partial:OEWS_May2021_lognormal;D,10.989378823253846,0.3848529100852601,5,own
25-3011,2,0.025586850430087127,partial:OEWS_May2021_lognormal;D,10.989378823253846,0.3848529100852601,5,own
25-3011,3,0.05179922671140691,partial:OEWS_May2021_lognormal;D,10.989378823253846,0.3848529100852601,5,own
25-3011,4,0.0811621957982665,partial:OEWS_May2021_lognormal;D,10.989378823253846,0.3848529100852601,5,own
25-3011,5,0.11117148122484621,partial:OEWS_May2021_lognormal;D,10.989378823253846,0.3848529100852601,5,own
25-3011,6,0.13909171714087992,partial:OEWS_May2021_lognormal;D,10.989378823253846,0.3848529100852601,5,own
25-3011,7,0.16127256198870804,partial:OEWS_May2021_lognormal;D,10.989378823253846,0.3848529100852601,5,own
25-3011,8,0.1719691941988497,partial:OEWS_May2021_lognormal;D,10.989378823253846,0.3848529100852601,5,own
25-3011,9,0.16010386330329673,partial:OEWS_May2021_lognormal;D,10.989378823253846,0.3848529100852601,5,own
25-3011,10,0.09198665436543518,partial:OEWS_May2021_lognormal;D,10.989378823253846,0.3848529100852601,5,own
25-3021,1,0.08647181144987748,partial:OEWS_May2021_lognormal;D,10.668316345541239,0.47624696510286896,5,own
25-3021,2,0.11710811379172437,partial:OEWS_May2021_lognormal;D,10.668316345541239,0.47624696510286896,5,own
25-3021,3,0.12497042832469973,partial:OEWS_May2021_lognormal;D,10.668316345541239,0.47624696510286896,5,own
25-3021,4,0.12568555121117686,partial:OEWS_May2021_lognormal;D,10.668316345541239,0.47624696510286896,5,own
25-3021,5,0.12208817983677744,partial:OEWS_May2021_lognormal;D,10.668316345541239,0.47624696510286896,5,own
25-3021,6,0.11512538730214217,partial:OEWS_May2021_lognormal;D,10.668316345541239,0.47624696510286896,5,own
25-3021,7,0.10497466622845186,partial:OEWS_May2021_lognormal;D,10.668316345541239,0.47624696510286896,5,own
25-3021,8,0.09118267594307194,partial:OEWS_May2021_lognormal;D,10.668316345541239,0.47624696510286896,5,own
25-3021,9,0.07214410371583657,partial:OEWS_May2021_lognormal;D,10.668316345541239,0.47624696510286896,5,own
25-3021,10,0.04024908219624157,partial:OEWS_May2021_lognormal;D,10.668316345541239,0.47624696510286896,5,own
25-3031,1,0.13018054858730832,partial:OEWS_May2021_lognormal;D,10.388480909184198,0.32801808552933237,5,own
25-3031,2,0.23285118285447182,partial:OEWS_May2021_lognormal;D,10.388480909184198,0.32801808552933237,5,own
25-3031,3,0.2195826549114822,partial:OEWS_May2021_lognormal;D,10.388480909184198,0.32801808552933237,5,own
25-3031,4,0.17108928929270983,partial:OEWS_May2021_lognormal;D,10.388480909184198,0.32801808552933237,5,own
25-3031,5,0.1176045019594637,partial:OEWS_May2021_lognormal;D,10.388480909184198,0.32801808552933237,5,own
25-3031,6,0.07152407043265985,partial:OEWS_May2021_lognormal;D,10.388480909184198,0.32801808552933237,5,own
25-3031,7,0.03730573825230499,partial:OEWS_May2021_lognormal;D,10.388480909184198,0.32801808552933237,5,own
25-3031,8,0.015407953113186434,partial:OEWS_May2021_lognormal;D,10.388480909184198,0.32801808552933237,5,own
25-3031,9,0.004105528833668992,partial:OEWS_May2021_lognormal;D,10.388480909184198,0.32801808552933237,5,own
25-3031,10,0.00034853176274385333,partial:OEWS_May2021_lognormal;D,10.388480909184198,0.32801808552933237,5,own
25-3041,1,0.08362286203156105,partial:OEWS_May2021_lognormal;D,10.529075033860346,0.3691173513132198,5,own
25-3041,2,0.16076792673474405,partial:OEWS_May2021_lognormal;D,10.529075033860346,0.3691173513132198,5,own
25-3041,3,0.17809766688399103,partial:OEWS_May2021_lognormal;D,10.529075033860346,0.3691173513132198,5,own
25-3041,4,0.16803610157338789,partial:OEWS_May2021_lognormal;D,10.529075033860346,0.3691173513132198,5,own
25-3041,5,0.14368523555921764,partial:OEWS_May2021_lognormal;D,10.529075033860346,0.3691173513132198,5,own
25-3041,6,0.1124698145506089,partial:OEWS_May2021_lognormal;D,10.529075033860346,0.3691173513132198,5,own
25-3041,7,0.07933300435863744,partial:OEWS_May2021_lognormal;D,10.529075033860346,0.3691173513132198,5,own
25-3041,8,0.04800579826480755,partial:OEWS_May2021_lognormal;D,10.529075033860346,0.3691173513132198,5,own
25-3041,9,0.021741127210748723,partial:OEWS_May2021_lognormal;D,10.529075033860346,0.3691173513132198,5,own
25-3041,10,0.004240462832295733,partial:OEWS_May2021_lognormal;D,10.529075033860346,0.3691173513132198,5,own
25-3099,1,0.02476565555888155,partial:OEWS_May2021_lognormal;D,10.918106164115592,0.4576511746582547,5,own
25-3099,2,0.054741974794057846,partial:OEWS_May2021_lognormal;D,10.918106164115592,0.4576511746582547,5,own
25-3099,3,0.07727583262623239,partial:OEWS_May2021_lognormal;D,10.918106164115592,0.4576511746582547,5,own
25-3099,4,0.09609914412991971,partial:OEWS_May2021_lognormal;D,10.918106164115592,0.4576511746582547,5,own
25-3099,5,0.11198111145617168,partial:OEWS_May2021_lognormal;D,10.918106164115592,0.4576511746582547,5,own
25-3099,6,0.1249523282327637,partial:OEWS_May2021_lognormal;D,10.918106164115592,0.4576511746582547,5,own
25-3099,7,0.13448229284661867,partial:OEWS_May2021_lognormal;D,10.918106164115592,0.4576511746582547,5,own
25-3099,8,0.1391426152340406,partial:OEWS_May2021_lognormal;D,10.918106164115592,0.4576511746582547,5,own
25-3099,9,0.13505237315955887,partial:OEWS_May2021_lognormal;D,10.918106164115592,0.4576511746582547,5,own
25-3099,10,0.101506671961755,partial:OEWS_May2021_lognormal;D,10.918106164115592,0.4576511746582547,5,own
25-4011,1,0.005038597814506496,partial:OEWS_May2021_lognormal;D,11.000578177596491,0.3813562454123788,5,own
25-4011,2,0.023259485744768882,partial:OEWS_May2021_lognormal;D,11.000578177596491,0.3813562454123788,5,own
25-4011,3,0.04868787636041527,partial:OEWS_May2021_lognormal;D,11.000578177596491,0.3813562454123788,5,own
25-4011,4,0.07810595051070984,partial:OEWS_May2021_lognormal;D,11.000578177596491,0.3813562454123788,5,own
25-4011,5,0.10897184457987075,partial:OEWS_May2021_lognormal;D,11.000578177596491,0.3813562454123788,5,own
25-4011,6,0.13843000357550195,partial:OEWS_May2021_lognormal;D,11.000578177596491,0.3813562454123788,5,own
25-4011,7,0.16260418911462304,partial:OEWS_May2021_lognormal;D,11.000578177596491,0.3813562454123788,5,own
25-4011,8,0.1753356482572509,partial:OEWS_May2021_lognormal;D,11.000578177596491,0.3813562454123788,5,own
25-4011,9,0.16471101170953784,partial:OEWS_May2021_lognormal;D,11.000578177596491,0.3813562454123788,5,own
25-4011,10,0.09485539233281504,partial:OEWS_May2021_lognormal;D,11.000578177596491,0.3813562454123788,5,own
25-4012,1,0.005828160874734145,partial:OEWS_May2021_lognormal;D,10.998460120156718,0.38819506626046185,5,own
25-4012,2,0.02509644296662722,partial:OEWS_May2021_lognormal;D,10.998460120156718,0.38819506626046185,5,own
25-4012,3,0.05057282033889632,partial:OEWS_May2021_lognormal;D,10.998460120156718,0.38819506626046185,5,own
25-4012,4,0.07922286164296344,partial:OEWS_May2021_lognormal;D,10.998460120156718,0.38819506626046185,5,own
25-4012,5,0.10878931001424313,partial:OEWS_May2021_lognormal;D,10.998460120156718,0.38819506626046185,5,own
25-4012,6,0.13678319510364695,partial:OEWS_May2021_lognormal;D,10.998460120156718,0.38819506626046185,5,own
25-4012,7,0.1598160000072461,partial:OEWS_May2021_lognormal;D,10.998460120156718,0.38819506626046185,5,own
25-4012,8,0.17240868114932817,partial:OEWS_May2021_lognormal;D,10.998460120156718,0.38819506626046185,5,own
25-4012,9,0.1636131673045328,partial:OEWS_May2021_lognormal;D,10.998460120156718,0.38819506626046185,5,own
25-4012,10,0.09786936059778173,partial:OEWS_May2021_lognormal;D,10.998460120156718,0.38819506626046185,5,own
25-4013,1,0.027129311944618373,partial:OEWS_May2021_lognormal;D,10.7733366429153,0.39176322007950554,5,own
25-4013,2,0.07389695535489743,partial:OEWS_May2021_lognormal;D,10.7733366429153,0.39176322007950554,5,own
25-4013,3,0.10859912997862148,partial:OEWS_May2021_lognormal;D,10.7733366429153,0.39176322007950554,5,own
25-4013,4,0.13207396878020622,partial:OEWS_May2021_lognormal;D,10.7733366429153,0.39176322007950554,5,own
25-4013,5,0.144715216186933,partial:OEWS_May2021_lognormal;D,10.7733366429153,0.39176322007950554,5,own
25-4013,6,0.14654769390706562,partial:OEWS_May2021_lognormal;D,10.7733366429153,0.39176322007950554,5,own
25-4013,7,0.13726676916598268,partial:OEWS_May2021_lognormal;D,10.7733366429153,0.39176322007950554,5,own
25-4013,8,0.11617138525177662,partial:OEWS_May2021_lognormal;D,10.7733366429153,0.39176322007950554,5,own
25-4013,9,0.08191878564550603,partial:OEWS_May2021_lognormal;D,10.7733366429153,0.39176322007950554,5,own
25-4013,10,0.03168078378439254,partial:OEWS_May2021_lognormal;D,10.7733366429153,0.39176322007950554,5,own
25-4022,1,0.0036942733875953704,partial:OEWS_May2021_lognormal;D,11.014949535445524,0.3716827343782275,5,own
25-4022,2,0.019343573514731482,partial:OEWS_May2021_lognormal;D,11.014949535445524,0.3716827343782275,5,own
25-4022,3,0.04358679475485666,partial:OEWS_May2021_lognormal;D,11.014949535445524,0.3716827343782275,5,own
25-4022,4,0.07346549723470869,partial:OEWS_May2021_lognormal;D,11.014949535445524,0.3716827343782275,5,own
25-4022,5,0.10628163301463456,partial:OEWS_May2021_lognormal;D,11.014949535445524,0.3716827343782275,5,own
25-4022,6,0.1387757367925459,partial:OEWS_May2021_lognormal;D,11.014949535445524,0.3716827343782275,5,own
25-4022,7,0.16637446776544607,partial:OEWS_May2021_lognormal;D,11.014949535445524,0.3716827343782275,5,own
25-4022,8,0.18176864906236578,partial:OEWS_May2021_lognormal;D,11.014949535445524,0.3716827343782275,5,own
25-4022,9,0.17108624999419275,partial:OEWS_May2021_lognormal;D,11.014949535445524,0.3716827343782275,5,own
25-4022,10,0.09562312447892274,partial:OEWS_May2021_lognormal;D,11.014949535445524,0.3716827343782275,5,own
25-4031,1,0.08128649982295394,partial:OEWS_May2021_lognormal;D,10.522851811016753,0.36060046540770874,5,own
25-4031,2,0.1633894392973892,partial:OEWS_May2021_lognormal;D,10.522851811016753,0.36060046540770874,5,own
25-4031,3,0.18276555895566804,partial:OEWS_May2021_lognormal;D,10.522851811016753,0.36060046540770874,5,own
25-4031,4,0.17186739273773333,partial:OEWS_May2021_lognormal;D,10.522851811016753,0.36060046540770874,5,own
25-4031,5,0.14530281729614047,partial:OEWS_May2021_lognormal;D,10.522851811016753,0.36060046540770874,5,own
25-4031,6,0.11165581074514652,partial:OEWS_May2021_lognormal;D,10.522851811016753,0.36060046540770874,5,own
25-4031,7,0.0766852890715155,partial:OEWS_May2021_lognormal;D,10.522851811016753,0.36060046540770874,5,own
25-4031,8,0.04465094696923866,partial:OEWS_May2021_lognormal;D,10.522851811016753,0.36060046540770874,5,own
25-4031,9,0.019049569919102338,partial:OEWS_May2021_lognormal;D,10.522851811016753,0.36060046540770874,5,own
25-4031,10,0.0033466751851120025,partial:OEWS_May2021_lognormal;D,10.522851811016753,0.36060046540770874,5,own
25-9021,1,0.030968312242811213,partial:OEWS_May2021_lognormal;D,10.842314036128004,0.44088942593758074,5,own
25-9021,2,0.0675521327571792,partial:OEWS_May2021_lognormal;D,10.842314036128004,0.44088942593758074,5,own
25-9021,3,0.09249193391819577,partial:OEWS_May2021_lognormal;D,10.842314036128004,0.44088942593758074,5,own
25-9021,4,0.11092458319515314,partial:OEWS_May2021_lognormal;D,10.842314036128004,0.44088942593758074,5,own
25-9021,5,0.12400486420972229,partial:OEWS_May2021_lognormal;D,10.842314036128004,0.44088942593758074,5,own
25-9021,6,0.13186323657631566,partial:OEWS_May2021_lognormal;D,10.842314036128004,0.44088942593758074,5,own
25-9021,7,0.1339180784059577,partial:OEWS_May2021_lognormal;D,10.842314036128004,0.44088942593758074,5,own
25-9021,8,0.12859993195219366,partial:OEWS_May2021_lognormal;D,10.842314036128004,0.44088942593758074,5,own
25-9021,9,0.1119999486309824,partial:OEWS_May2021_lognormal;D,10.842314036128004,0.44088942593758074,5,own
25-9021,10,0.06767697811148898,partial:OEWS_May2021_lognormal;D,10.842314036128004,0.44088942593758074,5,own
25-9031,1,0.0028809983939198647,partial:OEWS_May2021_lognormal;D,11.051227359163684,0.3737534648043266,5,own
25-9031,2,0.01584916764152411,partial:OEWS_May2021_lognormal;D,11.051227359163684,0.3737534648043266,5,own
25-9031,3,0.03716963709026516,partial:OEWS_May2021_lognormal;D,11.051227359163684,0.3737534648043266,5,own
25-9031,4,0.0649006220647832,partial:OEWS_May2021_lognormal;D,11.051227359163684,0.3737534648043266,5,own
25-9031,5,0.0971261640585182,partial:OEWS_May2021_lognormal;D,11.051227359163684,0.3737534648043266,5,own
25-9031,6,0.13129058020327355,partial:OEWS_May2021_lognormal;D,11.051227359163684,0.3737534648043266,5,own
25-9031,7,0.1634377596169415,partial:OEWS_May2021_lognormal;D,11.051227359163684,0.3737534648043266,5,own
25-9031,8,0.18660797592278455,partial:OEWS_May2021_lognormal;D,11.051227359163684,0.3737534648043266,5,own
25-9031,9,0.1861709475377621,partial:OEWS_May2021_lognormal;D,11.051227359163684,0.3737534648043266,5,own
25-9031,10,0.11456614747022775,partial:OEWS_May2021_lognormal;D,11.051227359163684,0.3737534648043266,5,own
25-9044,1,0.08888872772882062,partial:OEWS_May2021_lognormal;D,10.542916045737996,0.38855770813172347,5,own
25-9044,2,0.1551923397081057,partial:OEWS_May2021_lognormal;D,10.542916045737996,0.38855770813172347,5,own
25-9044,3,0.16832106052231682,partial:OEWS_May2021_lognormal;D,10.542916045737996,0.38855770813172347,5,own
25-9044,4,0.15973625291911264,partial:OEWS_May2021_lognormal;D,10.542916045737996,0.38855770813172347,5,own
25-9044,5,0.13966949140222873,partial:OEWS_May2021_lognormal;D,10.542916045737996,0.38855770813172347,5,own
25-9044,6,0.11343372969548104,partial:OEWS_May2021_lognormal;D,10.542916045737996,0.38855770813172347,5,own
25-9044,7,0.08442715682285173,partial:OEWS_May2021_lognormal;D,10.542916045737996,0.38855770813172347,5,own
25-9044,8,0.055228515930347055,partial:OEWS_May2021_lognormal;D,10.542916045737996,0.38855770813172347,5,own
25-9044,9,0.02825163813843723,partial:OEWS_May2021_lognormal;D,10.542916045737996,0.38855770813172347,5,own
25-9044,10,0.006851087132298428,partial:OEWS_May2021_lognormal;D,10.542916045737996,0.38855770813172347,5,own
25-9045,1,0.15228163800067607,partial:OEWS_May2021_lognormal;D,10.326872531732775,0.29959037139872585,5,own
25-9045,2,0.2770914194555424,partial:OEWS_May2021_lognormal;D,10.326872531732775,0.29959037139872585,5,own
25-9045,3,0.23849026783765237,partial:OEWS_May2021_lognormal;D,10.326872531732775,0.29959037139872585,5,own
25-9045,4,0.16283911595108835,partial:OEWS_May2021_lognormal;D,10.326872531732775,0.29959037139872585,5,own
25-9045,5,0.0951681816424027,partial:OEWS_May2021_lognormal;D,10.326872531732775,0.29959037139872585,5,own
25-9045,6,0.04760192720805656,partial:OEWS_May2021_lognormal;D,10.326872531732775,0.29959037139872585,5,own
25-9045,7,0.019530069125022753,partial:OEWS_May2021_lognormal;D,10.326872531732775,0.29959037139872585,5,own
25-9045,8,0.00592489579662725,partial:OEWS_May2021_lognormal;D,10.326872531732775,0.29959037139872585,5,own
25-9045,9,0.0010278629852998877,partial:OEWS_May2021_lognormal;D,10.326872531732775,0.29959037139872585,5,own
25-9045,10,0.00004462199763166641,partial:OEWS_May2021_lognormal;D,10.326872531732775,0.29959037139872585,5,own
25-9099,1,0.08745931019194186,partial:OEWS_May2021_lognormal;D,10.683499069705173,0.4896290957380498,5,own
25-9099,2,0.113765090796905,partial:OEWS_May2021_lognormal;D,10.683499069705173,0.4896290957380498,5,own
25-9099,3,0.12053111536452277,partial:OEWS_May2021_lognormal;D,10.683499069705173,0.4896290957380498,5,own
25-9099,4,0.12145560338873657,partial:OEWS_May2021_lognormal;D,10.683499069705173,0.4896290957380498,5,own
25-9099,5,0.11886244764667359,partial:OEWS_May2021_lognormal;D,10.683499069705173,0.4896290957380498,5,own
25-9099,6,0.11347609092466704,partial:OEWS_May2021_lognormal;D,10.683499069705173,0.4896290957380498,5,own
25-9099,7,0.10535511056198321,partial:OEWS_May2021_lognormal;D,10.683499069705173,0.4896290957380498,5,own
25-9099,8,0.09396416434393884,partial:OEWS_May2021_lognormal;D,10.683499069705173,0.4896290957380498,5,own
25-9099,9,0.0775748332887819,partial:OEWS_May2021_lognormal;D,10.683499069705173,0.4896290957380498,5,own
25-9099,10,0.04755623349184923,partial:OEWS_May2021_lognormal;D,10.683499069705173,0.4896290957380498,5,own
27-1011,1,0.0004895967472340335,partial:OEWS_May2021_lognormal;D,11.545250329305278,0.4629137349214988,5,own
27-1011,2,0.002516133658929498,partial:OEWS_May2021_lognormal;D,11.545250329305278,0.4629137349214988,5,own
27-1011,3,0.0063536584528073314,partial:OEWS_May2021_lognormal;D,11.545250329305278,0.4629137349214988,5,own
27-1011,4,0.012715999076894635,partial:OEWS_May2021_lognormal;D,11.545250329305278,0.4629137349214988,5,own
27-1011,5,0.0228357499243233,partial:OEWS_May2021_lognormal;D,11.545250329305278,0.4629137349214988,5,own
27-1011,6,0.03887981743656982,partial:OEWS_May2021_lognormal;D,11.545250329305278,0.4629137349214988,5,own
27-1011,7,0.06501057217038902,partial:OEWS_May2021_lognormal;D,11.545250329305278,0.4629137349214988,5,own
27-1011,8,0.11049479930654288,partial:OEWS_May2021_lognormal;D,11.545250329305278,0.4629137349214988,5,own
27-1011,9,0.20237093385472077,partial:OEWS_May2021_lognormal;D,11.545250329305278,0.4629137349214988,5,own
27-1011,10,0.5383327393715887,partial:OEWS_May2021_lognormal;D,11.545250329305278,0.4629137349214988,5,own
27-1012,1,0.09699091721904018,partial:OEWS_May2021_lognormal;D,10.515228982347674,0.3818222355074797,5,own
27-1012,2,0.16639195166676468,partial:OEWS_May2021_lognormal;D,10.515228982347674,0.3818222355074797,5,own
27-1012,3,0.17591003660992194,partial:OEWS_May2021_lognormal;D,10.515228982347674,0.3818222355074797,5,own
27-1012,4,0.16232662820970628,partial:OEWS_May2021_lognormal;D,10.515228982347674,0.3818222355074797,5,own
27-1012,5,0.13763280814974732,partial:OEWS_May2021_lognormal;D,10.515228982347674,0.3818222355074797,5,own
27-1012,6,0.10795820771049547,partial:OEWS_May2021_lognormal;D,10.515228982347674,0.3818222355074797,5,own
27-1012,7,0.0771240199487001,partial:OEWS_May2021_lognormal;D,10.515228982347674,0.3818222355074797,5,own
27-1012,8,0.04792141657672677,partial:OEWS_May2021_lognormal;D,10.515228982347674,0.3818222355074797,5,own
27-1012,9,0.02281791097835273,partial:OEWS_May2021_lognormal;D,10.515228982347674,0.3818222355074797,5,own
27-1012,10,0.004926102930544518,partial:OEWS_May2021_lognormal;D,10.515228982347674,0.3818222355074797,5,own
27-1013,1,0.10475010224086373,partial:OEWS_May2021_lognormal;D,10.927774521049095,0.723930849178179,5,own
27-1013,2,0.07832570398094935,partial:OEWS_May2021_lognormal;D,10.927774521049095,0.723930849178179,5,own
27-1013,3,0.07462823476269087,partial:OEWS_May2021_lognormal;D,10.927774521049095,0.723930849178179,5,own
27-1013,4,0.07442786520374711,partial:OEWS_May2021_lognormal;D,10.927774521049095,0.723930849178179,5,own
27-1013,5,0.07622859627846412,partial:OEWS_May2021_lognormal;D,10.927774521049095,0.723930849178179,5,own
27-1013,6,0.07987444304021968,partial:OEWS_May2021_lognormal;D,10.927774521049095,0.723930849178179,5,own
27-1013,7,0.08589990018438215,partial:OEWS_May2021_lognormal;D,10.927774521049095,0.723930849178179,5,own
27-1013,8,0.09596056286547194,partial:OEWS_May2021_lognormal;D,10.927774521049095,0.723930849178179,5,own
27-1013,9,0.1155528213189988,partial:OEWS_May2021_lognormal;D,10.927774521049095,0.723930849178179,5,own
27-1013,10,0.21435177012421225,partial:OEWS_May2021_lognormal;D,10.927774521049095,0.723930849178179,5,own
27-1014,1,0.0009540903379791632,partial:OEWS_May2021_lognormal;D,11.271884809242625,0.40352284178699627,5,own
27-1014,2,0.0057256982317897,partial:OEWS_May2021_lognormal;D,11.271884809242625,0.40352284178699627,5,own
27-1014,3,0.015028916281109361,partial:OEWS_May2021_lognormal;D,11.271884809242625,0.40352284178699627,5,own
27-1014,4,0.02969069712596467,partial:OEWS_May2021_lognormal;D,11.271884809242625,0.40352284178699627,5,own
27-1014,5,0.0509001678777008,partial:OEWS_May2021_lognormal;D,11.271884809242625,0.40352284178699627,5,own
27-1014,6,0.08025306591463843,partial:OEWS_May2021_lognormal;D,11.271884809242625,0.40352284178699627,5,own
27-1014,7,0.11987128703974198,partial:OEWS_May2021_lognormal;D,11.271884809242625,0.40352284178699627,5,own
27-1014,8,0.17242883485018135,partial:OEWS_May2021_lognormal;D,11.271884809242625,0.40352284178699627,5,own
27-1014,9,0.23980691062761222,partial:OEWS_May2021_lognormal;D,11.271884809242625,0.40352284178699627,5,own
27-1014,10,0.2853403317132823,partial:OEWS_May2021_lognormal;D,11.271884809242625,0.40352284178699627,5,own
27-1019,1,0.08068087045212813,partial:OEWS_May2021_lognormal;D,10.938590906335952,0.6564103281898959,5,own
27-1019,2,0.07481538622023737,partial:OEWS_May2021_lognormal;D,10.938590906335952,0.6564103281898959,5,own
27-1019,3,0.0760316215462058,partial:OEWS_May2021_lognormal;D,10.938590906335952,0.6564103281898959,5,own
27-1019,4,0.07871636482746464,partial:OEWS_May2021_lognormal;D,10.938590906335952,0.6564103281898959,5,own
27-1019,5,0.08253503499846732,partial:OEWS_May2021_lognormal;D,10.938590906335952,0.6564103281898959,5,own
27-1019,6,0.08767761216545861,partial:OEWS_May2021_lognormal;D,10.938590906335952,0.6564103281898959,5,own
27-1019,7,0.09475506863332839,partial:OEWS_May2021_lognormal;D,10.938590906335952,0.6564103281898959,5,own
27-1019,8,0.10524484593362748,partial:OEWS_May2021_lognormal;D,10.938590906335952,0.6564103281898959,5,own
27-1019,9,0.12363867869295209,partial:OEWS_May2021_lognormal;D,10.938590906335952,0.6564103281898959,5,own
27-1019,10,0.1959045165301302,partial:OEWS_May2021_lognormal;D,10.938590906335952,0.6564103281898959,5,own
27-1021,1,0.0014761596112523034,partial:OEWS_May2021_lognormal;D,11.23518047405078,0.4090264862583623,5,own
27-1021,2,0.007885053942958797,partial:OEWS_May2021_lognormal;D,11.23518047405078,0.4090264862583623,5,own
27-1021,3,0.019174679704110742,partial:OEWS_May2021_lognormal;D,11.23518047405078,0.4090264862583623,5,own
27-1021,4,0.03575148019068053,partial:OEWS_May2021_lognormal;D,11.23518047405078,0.4090264862583623,5,own
27-1021,5,0.05838072637162611,partial:OEWS_May2021_lognormal;D,11.23518047405078,0.4090264862583623,5,own
27-1021,6,0.0881003414913415,partial:OEWS_May2021_lognormal;D,11.23518047405078,0.4090264862583623,5,own
27-1021,7,0.1262027721905637,partial:OEWS_May2021_lognormal;D,11.23518047405078,0.4090264862583623,5,own
27-1021,8,0.1740014967606981,partial:OEWS_May2021_lognormal;D,11.23518047405078,0.4090264862583623,5,own
27-1021,9,0.23090827585213447,partial:OEWS_May2021_lognormal;D,11.23518047405078,0.4090264862583623,5,own
27-1021,10,0.25811901388463376,partial:OEWS_May2021_lognormal;D,11.23518047405078,0.4090264862583623,5,own
27-1022,1,0.009051777711383546,partial:OEWS_May2021_lognormal;D,11.185849798865293,0.4935769205429184,5,own
27-1022,2,0.023225165815780546,partial:OEWS_May2021_lognormal;D,11.185849798865293,0.4935769205429184,5,own
27-1022,3,0.037578334966265226,partial:OEWS_May2021_lognormal;D,11.185849798865293,0.4935769205429184,5,own
27-1022,4,0.05327779870933819,partial:OEWS_May2021_lognormal;D,11.185849798865293,0.4935769205429184,5,own
27-1022,5,0.07099147052757226,partial:OEWS_May2021_lognormal;D,11.185849798865293,0.4935769205429184,5,own
27-1022,6,0.0915289567592103,partial:OEWS_May2021_lognormal;D,11.185849798865293,0.4935769205429184,5,own
27-1022,7,0.11613354665735343,partial:OEWS_May2021_lognormal;D,11.185849798865293,0.4935769205429184,5,own
27-1022,8,0.1470568833857816,partial:OEWS_May2021_lognormal;D,11.185849798865293,0.4935769205429184,5,own
27-1022,9,0.18938644705487961,partial:OEWS_May2021_lognormal;D,11.185849798865293,0.4935769205429184,5,own
27-1022,10,0.2617696184124353,partial:OEWS_May2021_lognormal;D,11.185849798865293,0.4935769205429184,5,own
27-1023,1,0.08754685891569403,partial:OEWS_May2021_lognormal;D,10.359498510988153,0.25089243713674364,5,own
27-1023,2,0.2784201019807462,partial:OEWS_May2021_lognormal;D,10.359498510988153,0.25089243713674364,5,own
27-1023,3,0.2851079061048609,partial:OEWS_May2021_lognormal;D,10.359498510988153,0.25089243713674364,5,own
27-1023,4,0.1933107272398722,partial:OEWS_May2021_lognormal;D,10.359498510988153,0.25089243713674364,5,own
27-1023,5,0.10040127150548606,partial:OEWS_May2021_lognormal;D,10.359498510988153,0.25089243713674364,5,own
27-1023,6,0.0405811877029858,partial:OEWS_May2021_lognormal;D,10.359498510988153,0.25089243713674364,5,own
27-1023,7,0.01211093166325794,partial:OEWS_May2021_lognormal;D,10.359498510988153,0.25089243713674364,5,own
27-1023,8,0.0023172155170292363,partial:OEWS_May2021_lognormal;D,10.359498510988153,0.25089243713674364,5,own
27-1023,9,0.000201098880510453,partial:OEWS_May2021_lognormal;D,10.359498510988153,0.25089243713674364,5,own
27-1023,10,2.7004895571947074e-6,partial:OEWS_May2021_lognormal;D,10.359498510988153,0.25089243713674364,5,own
27-1024,1,0.026414639079873237,partial:OEWS_May2021_lognormal;D,10.896079009505025,0.45281655048275304,5,own
27-1024,2,0.058184643381312406,partial:OEWS_May2021_lognormal;D,10.896079009505025,0.45281655048275304,5,own
27-1024,3,0.08145369962801535,partial:OEWS_May2021_lognormal;D,10.896079009505025,0.45281655048275304,5,own
27-1024,4,0.10029162907244643,partial:OEWS_May2021_lognormal;D,10.896079009505025,0.45281655048275304,5,own
27-1024,5,0.11554106136178832,partial:OEWS_May2021_lognormal;D,10.896079009505025,0.45281655048275304,5,own
27-1024,6,0.12722618533203123,partial:OEWS_May2021_lognormal;D,10.896079009505025,0.45281655048275304,5,own
27-1024,7,0.1347559166485739,partial:OEWS_May2021_lognormal;D,10.896079009505025,0.45281655048275304,5,own
27-1024,8,0.13658385622078373,partial:OEWS_May2021_lognormal;D,10.896079009505025,0.45281655048275304,5,own
27-1024,9,0.12865105004912958,partial:OEWS_May2021_lognormal;D,10.896079009505025,0.45281655048275304,5,own
27-1024,10,0.09089731922604583,partial:OEWS_May2021_lognormal;D,10.896079009505025,0.45281655048275304,5,own
27-1025,1,0.014953893381593919,partial:OEWS_May2021_lognormal;D,10.971382108908683,0.4384902532584172,5,own
27-1025,2,0.040802193805103526,partial:OEWS_May2021_lognormal;D,10.971382108908683,0.4384902532584172,5,own
27-1025,3,0.06458143828187879,partial:OEWS_May2021_lognormal;D,10.971382108908683,0.4384902532584172,5,own
27-1025,4,0.0869059668631279,partial:OEWS_May2021_lognormal;D,10.971382108908683,0.4384902532584172,5,own
27-1025,5,0.10762976266646607,partial:OEWS_May2021_lognormal;D,10.971382108908683,0.4384902532584172,5,own
27-1025,6,0.12624117136924573,partial:OEWS_May2021_lognormal;D,10.971382108908683,0.4384902532584172,5,own
27-1025,7,0.14171369302274983,partial:OEWS_May2021_lognormal;D,10.971382108908683,0.4384902532584172,5,own
27-1025,8,0.1519293089083873,partial:OEWS_May2021_lognormal;D,10.971382108908683,0.4384902532584172,5,own
27-1025,9,0.15155386602636123,partial:OEWS_May2021_lognormal;D,10.971382108908683,0.4384902532584172,5,own
27-1025,10,0.11368870567508571,partial:OEWS_May2021_lognormal;D,10.971382108908683,0.4384902532584172,5,own
27-1026,1,0.029627622779368867,partial:OEWS_May2021_lognormal;D,10.430674142787698,0.21809426815736216,5,own
27-1026,2,0.20600503614454996,partial:OEWS_May2021_lognormal;D,10.430674142787698,0.21809426815736216,5,own
27-1026,3,0.3122266028763375,partial:OEWS_May2021_lognormal;D,10.430674142787698,0.21809426815736216,5,own
27-1026,4,0.25128866393485827,partial:OEWS_May2021_lognormal;D,10.430674142787698,0.21809426815736216,5,own
27-1026,5,0.1353283911677431,partial:OEWS_May2021_lognormal;D,10.430674142787698,0.21809426815736216,5,own
27-1026,6,0.05094630008878365,partial:OEWS_May2021_lognormal;D,10.430674142787698,0.21809426815736216,5,own
27-1026,7,0.012709869642976823,partial:OEWS_May2021_lognormal;D,10.430674142787698,0.21809426815736216,5,own
27-1026,8,0.0017756462317954913,partial:OEWS_May2021_lognormal;D,10.430674142787698,0.21809426815736216,5,own
27-1026,9,0.00009140299544529995,partial:OEWS_May2021_lognormal;D,10.430674142787698,0.21809426815736216,5,own
27-1026,10,4.641381410319667e-7,partial:OEWS_May2021_lognormal;D,10.430674142787698,0.21809426815736216,5,own
27-1027,1,0.028180813515710224,partial:OEWS_May2021_lognormal;D,10.923705936859344,0.47395877324517965,5,own
27-1027,2,0.05689024663424469,partial:OEWS_May2021_lognormal;D,10.923705936859344,0.47395877324517965,5,own
27-1027,3,0.07726400156771657,partial:OEWS_May2021_lognormal;D,10.923705936859344,0.47395877324517965,5,own
27-1027,4,0.09410332851148812,partial:OEWS_May2021_lognormal;D,10.923705936859344,0.47395877324517965,5,own
27-1027,5,0.10845253420023165,partial:OEWS_May2021_lognormal;D,10.923705936859344,0.47395877324517965,5,own
27-1027,6,0.12056421844331988,partial:OEWS_May2021_lognormal;D,10.923705936859344,0.47395877324517965,5,own
27-1027,7,0.13019447526901123,partial:OEWS_May2021_lognormal;D,10.923705936859344,0.47395877324517965,5,own
27-1027,8,0.13638800364561732,partial:OEWS_May2021_lognormal;D,10.923705936859344,0.47395877324517965,5,own
27-1027,9,0.13623587369170242,partial:OEWS_May2021_lognormal;D,10.923705936859344,0.47395877324517965,5,own
27-1027,10,0.11172650452095789,partial:OEWS_May2021_lognormal;D,10.923705936859344,0.47395877324517965,5,own
27-1029,1,0.033720965014797155,partial:OEWS_May2021_lognormal;D,11.065949907381894,0.5723496400416739,5,own
27-1029,2,0.04938773809998165,partial:OEWS_May2021_lognormal;D,11.065949907381894,0.5723496400416739,5,own
27-1029,3,0.06052837703525621,partial:OEWS_May2021_lognormal;D,11.065949907381894,0.5723496400416739,5,own
27-1029,4,0.07100962708863151,partial:OEWS_May2021_lognormal;D,11.065949907381894,0.5723496400416739,5,own
27-1029,5,0.08182942169515195,partial:OEWS_May2021_lognormal;D,11.065949907381894,0.5723496400416739,5,own
27-1029,6,0.09375214615329586,partial:OEWS_May2021_lognormal;D,11.065949907381894,0.5723496400416739,5,own
27-1029,7,0.10777499944410712,partial:OEWS_May2021_lognormal;D,11.065949907381894,0.5723496400416739,5,own
27-1029,8,0.12574319022273034,partial:OEWS_May2021_lognormal;D,11.065949907381894,0.5723496400416739,5,own
27-1029,9,0.15250431178337742,partial:OEWS_May2021_lognormal;D,11.065949907381894,0.5723496400416739,5,own
27-1029,10,0.2237492234626708,partial:OEWS_May2021_lognormal;D,11.065949907381894,0.5723496400416739,5,own
27-2011,1,0.05268448881906668,partial:OEWS_May2021_lognormal;D,10.927916792249592,0.5611046987422696,0,major
27-2011,2,0.06908150786148215,partial:OEWS_May2021_lognormal;D,10.927916792249592,0.5611046987422696,0,major
27-2011,3,0.07884418394343123,partial:OEWS_May2021_lognormal;D,10.927916792249592,0.5611046987422696,0,major
27-2011,4,0.08704798676189218,partial:OEWS_May2021_lognormal;D,10.927916792249592,0.5611046987422696,0,major
27-2011,5,0.09470758224301351,partial:OEWS_May2021_lognormal;D,10.927916792249592,0.5611046987422696,0,major
27-2011,6,0.10235549398853272,partial:OEWS_May2021_lognormal;D,10.927916792249592,0.5611046987422696,0,major
27-2011,7,0.11046130125351689,partial:OEWS_May2021_lognormal;D,10.927916792249592,0.5611046987422696,0,major
27-2011,8,0.11968360577691495,partial:OEWS_May2021_lognormal;D,10.927916792249592,0.5611046987422696,0,major
27-2011,9,0.13146334300967244,partial:OEWS_May2021_lognormal;D,10.927916792249592,0.5611046987422696,0,major
27-2011,10,0.15367050634247725,partial:OEWS_May2021_lognormal;D,10.927916792249592,0.5611046987422696,0,major
27-2012,1,0.02412860847009729,partial:OEWS_May2021_lognormal;D,11.335131591618065,0.6662194148975572,5,own
27-2012,2,0.0314027135694569,partial:OEWS_May2021_lognormal;D,11.335131591618065,0.6662194148975572,5,own
27-2012,3,0.0381819623016591,partial:OEWS_May2021_lognormal;D,11.335131591618065,0.6662194148975572,5,own
27-2012,4,0.045673610353318905,partial:OEWS_May2021_lognormal;D,11.335131591618065,0.6662194148975572,5,own
27-2012,5,0.05460298611966419,partial:OEWS_May2021_lognormal;D,11.335131591618065,0.6662194148975572,5,own
27-2012,6,0.06596136846086281,partial:OEWS_May2021_lognormal;D,11.335131591618065,0.6662194148975572,5,own
27-2012,7,0.08155952299575941,partial:OEWS_May2021_lognormal;D,11.335131591618065,0.6662194148975572,5,own
27-2012,8,0.10553104834682059,partial:OEWS_May2021_lognormal;D,11.335131591618065,0.6662194148975572,5,own
27-2012,9,0.15109313375625588,partial:OEWS_May2021_lognormal;D,11.335131591618065,0.6662194148975572,5,own
27-2012,10,0.4018650456261049,partial:OEWS_May2021_lognormal;D,11.335131591618065,0.6662194148975572,5,own
27-2021,1,0.08588659453195108,partial:OEWS_May2021_lognormal;D,11.216151519909335,0.8758453141920891,3,own
27-2021,2,0.055029119498640644,partial:OEWS_May2021_lognormal;D,11.216151519909335,0.8758453141920891,3,own
27-2021,3,0.052088869768307566,partial:OEWS_May2021_lognormal;D,11.216151519909335,0.8758453141920891,3,own
27-2021,4,0.05271966280049206,partial:OEWS_May2021_lognormal;D,11.216151519909335,0.8758453141920891,3,own
27-2021,5,0.05552158153186354,partial:OEWS_May2021_lognormal;D,11.216151519909335,0.8758453141920891,3,own
27-2021,6,0.060560518574736266,partial:OEWS_May2021_lognormal;D,11.216151519909335,0.8758453141920891,3,own
27-2021,7,0.06882617745527825,partial:OEWS_May2021_lognormal;D,11.216151519909335,0.8758453141920891,3,own
27-2021,8,0.08315728919717214,partial:OEWS_May2021_lognormal;D,11.216151519909335,0.8758453141920891,3,own
27-2021,9,0.1135768418696832,partial:OEWS_May2021_lognormal;D,11.216151519909335,0.8758453141920891,3,own
27-2021,10,0.37263334477187526,partial:OEWS_May2021_lognormal;D,11.216151519909335,0.8758453141920891,3,own
27-2022,1,0.11457948657947031,partial:OEWS_May2021_lognormal;D,10.633834783801449,0.5110489299120172,5,own
27-2022,2,0.12583110183372315,partial:OEWS_May2021_lognormal;D,10.633834783801449,0.5110489299120172,5,own
27-2022,3,0.12417924815885661,partial:OEWS_May2021_lognormal;D,10.633834783801449,0.5110489299120172,5,own
27-2022,4,0.1195902285347985,partial:OEWS_May2021_lognormal;D,10.633834783801449,0.5110489299120172,5,own
27-2022,5,0.11331225059877276,partial:OEWS_May2021_lognormal;D,10.633834783801449,0.5110489299120172,5,own
27-2022,6,0.10562524535726081,partial:OEWS_May2021_lognormal;D,10.633834783801449,0.5110489299120172,5,own
27-2022,7,0.09641144421604764,partial:OEWS_May2021_lognormal;D,10.633834783801449,0.5110489299120172,5,own
27-2022,8,0.08514976199040436,partial:OEWS_May2021_lognormal;D,10.633834783801449,0.5110489299120172,5,own
27-2022,9,0.07040207821376043,partial:OEWS_May2021_lognormal;D,10.633834783801449,0.5110489299120172,5,own
27-2022,10,0.044919154516905424,partial:OEWS_May2021_lognormal;D,10.633834783801449,0.5110489299120172,5,own
27-2023,1,0.18786200668786568,partial:OEWS_May2021_lognormal;D,10.509294211213325,0.5531822218005639,5,own
27-2023,2,0.1471363885117652,partial:OEWS_May2021_lognormal;D,10.509294211213325,0.5531822218005639,5,own
27-2023,3,0.1272732274313797,partial:OEWS_May2021_lognormal;D,10.509294211213325,0.5531822218005639,5,own
27-2023,4,0.11248242026719019,partial:OEWS_May2021_lognormal;D,10.509294211213325,0.5531822218005639,5,own
27-2023,5,0.10004145907601969,partial:OEWS_May2021_lognormal;D,10.509294211213325,0.5531822218005639,5,own
27-2023,6,0.08879420422315021,partial:OEWS_May2021_lognormal;D,10.509294211213325,0.5531822218005639,5,own
27-2023,7,0.07802120295058468,partial:OEWS_May2021_lognormal;D,10.509294211213325,0.5531822218005639,5,own
27-2023,8,0.06704778118475296,partial:OEWS_May2021_lognormal;D,10.509294211213325,0.5531822218005639,5,own
27-2023,9,0.054790086715282516,partial:OEWS_May2021_lognormal;D,10.509294211213325,0.5531822218005639,5,own
27-2023,10,0.03655122295200919,partial:OEWS_May2021_lognormal;D,10.509294211213325,0.5531822218005639,5,own
27-2031,1,0.05268448881906668,partial:OEWS_May2021_lognormal;D,10.927916792249592,0.5611046987422696,0,major
27-2031,2,0.06908150786148215,partial:OEWS_May2021_lognormal;D,10.927916792249592,0.5611046987422696,0,major
27-2031,3,0.07884418394343123,partial:OEWS_May2021_lognormal;D,10.927916792249592,0.5611046987422696,0,major
27-2031,4,0.08704798676189218,partial:OEWS_May2021_lognormal;D,10.927916792249592,0.5611046987422696,0,major
27-2031,5,0.09470758224301351,partial:OEWS_May2021_lognormal;D,10.927916792249592,0.5611046987422696,0,major
27-2031,6,0.10235549398853272,partial:OEWS_May2021_lognormal;D,10.927916792249592,0.5611046987422696,0,major
27-2031,7,0.11046130125351689,partial:OEWS_May2021_lognormal;D,10.927916792249592,0.5611046987422696,0,major
27-2031,8,0.11968360577691495,partial:OEWS_May2021_lognormal;D,10.927916792249592,0.5611046987422696,0,major
27-2031,9,0.13146334300967244,partial:OEWS_May2021_lognormal;D,10.927916792249592,0.5611046987422696,0,major
27-2031,10,0.15367050634247725,partial:OEWS_May2021_lognormal;D,10.927916792249592,0.5611046987422696,0,major
27-2032,1,0.10331795808800442,partial:OEWS_May2021_lognormal;D,10.653101709756905,0.5018867023671326,5,own
27-2032,2,0.12143431850355313,partial:OEWS_May2021_lognormal;D,10.653101709756905,0.5018867023671326,5,own
27-2032,3,0.12317356602798474,partial:OEWS_May2021_lognormal;D,10.653101709756905,0.5018867023671326,5,own
27-2032,4,0.12067868010349048,partial:OEWS_May2021_lognormal;D,10.653101709756905,0.5018867023671326,5,own
27-2032,5,0.11572386874595575,partial:OEWS_May2021_lognormal;D,10.653101709756905,0.5018867023671326,5,own
27-2032,6,0.1087996549202207,partial:OEWS_May2021_lognormal;D,10.653101709756905,0.5018867023671326,5,own
27-2032,7,0.0998747809586421,partial:OEWS_May2021_lognormal;D,10.653101709756905,0.5018867023671326,5,own
27-2032,8,0.08843391528273292,partial:OEWS_May2021_lognormal;D,10.653101709756905,0.5018867023671326,5,own
27-2032,9,0.07293708649425756,partial:OEWS_May2021_lognormal;D,10.653101709756905,0.5018867023671326,5,own
27-2032,10,0.04562617087515819,partial:OEWS_May2021_lognormal;D,10.653101709756905,0.5018867023671326,5,own
27-2041,1,0.08105643196312828,partial:OEWS_May2021_lognormal;D,10.881709933905217,0.6168994620032947,5,own
27-2041,2,0.08105276783821685,partial:OEWS_May2021_lognormal;D,10.881709933905217,0.6168994620032947,5,own
27-2041,3,0.08342219606600765,partial:OEWS_May2021_lognormal;D,10.881709933905217,0.6168994620032947,5,own
27-2041,4,0.086370613452802,partial:OEWS_May2021_lognormal;D,10.881709933905217,0.6168994620032947,5,own
27-2041,5,0.089892762060648,partial:OEWS_May2021_lognormal;D,10.881709933905217,0.6168994620032947,5,own
27-2041,6,0.09418215048268752,partial:OEWS_May2021_lognormal;D,10.881709933905217,0.6168994620032947,5,own
27-2041,7,0.0996483886959133,partial:OEWS_May2021_lognormal;D,10.881709933905217,0.6168994620032947,5,own
27-2041,8,0.10718748815592105,partial:OEWS_May2021_lognormal;D,10.881709933905217,0.6168994620032947,5,own
27-2041,9,0.11935141758236745,partial:OEWS_May2021_lognormal;D,10.881709933905217,0.6168994620032947,5,own
27-2041,10,0.15783578370230789,partial:OEWS_May2021_lognormal;D,10.881709933905217,0.6168994620032947,5,own
27-2042,1,0.05268448881906668,partial:OEWS_May2021_lognormal;D,10.927916792249592,0.5611046987422696,0,major
27-2042,2,0.06908150786148215,partial:OEWS_May2021_lognormal;D,10.927916792249592,0.5611046987422696,0,major
27-2042,3,0.07884418394343123,partial:OEWS_May2021_lognormal;D,10.927916792249592,0.5611046987422696,0,major
27-2042,4,0.08704798676189218,partial:OEWS_May2021_lognormal;D,10.927916792249592,0.5611046987422696,0,major
27-2042,5,0.09470758224301351,partial:OEWS_May2021_lognormal;D,10.927916792249592,0.5611046987422696,0,major
27-2042,6,0.10235549398853272,partial:OEWS_May2021_lognormal;D,10.927916792249592,0.5611046987422696,0,major
27-2042,7,0.11046130125351689,partial:OEWS_May2021_lognormal;D,10.927916792249592,0.5611046987422696,0,major
27-2042,8,0.11968360577691495,partial:OEWS_May2021_lognormal;D,10.927916792249592,0.5611046987422696,0,major
27-2042,9,0.13146334300967244,partial:OEWS_May2021_lognormal;D,10.927916792249592,0.5611046987422696,0,major
27-2042,10,0.15367050634247725,partial:OEWS_May2021_lognormal;D,10.927916792249592,0.5611046987422696,0,major
27-2091,1,0.05268448881906668,partial:OEWS_May2021_lognormal;D,10.927916792249592,0.5611046987422696,0,major
27-2091,2,0.06908150786148215,partial:OEWS_May2021_lognormal;D,10.927916792249592,0.5611046987422696,0,major
27-2091,3,0.07884418394343123,partial:OEWS_May2021_lognormal;D,10.927916792249592,0.5611046987422696,0,major
27-2091,4,0.08704798676189218,partial:OEWS_May2021_lognormal;D,10.927916792249592,0.5611046987422696,0,major
27-2091,5,0.09470758224301351,partial:OEWS_May2021_lognormal;D,10.927916792249592,0.5611046987422696,0,major
27-2091,6,0.10235549398853272,partial:OEWS_May2021_lognormal;D,10.927916792249592,0.5611046987422696,0,major
27-2091,7,0.11046130125351689,partial:OEWS_May2021_lognormal;D,10.927916792249592,0.5611046987422696,0,major
27-2091,8,0.11968360577691495,partial:OEWS_May2021_lognormal;D,10.927916792249592,0.5611046987422696,0,major
27-2091,9,0.13146334300967244,partial:OEWS_May2021_lognormal;D,10.927916792249592,0.5611046987422696,0,major
27-2091,10,0.15367050634247725,partial:OEWS_May2021_lognormal;D,10.927916792249592,0.5611046987422696,0,major
27-2099,1,0.05268448881906668,partial:OEWS_May2021_lognormal;D,10.927916792249592,0.5611046987422696,0,major
27-2099,2,0.06908150786148215,partial:OEWS_May2021_lognormal;D,10.927916792249592,0.5611046987422696,0,major
27-2099,3,0.07884418394343123,partial:OEWS_May2021_lognormal;D,10.927916792249592,0.5611046987422696,0,major
27-2099,4,0.08704798676189218,partial:OEWS_May2021_lognormal;D,10.927916792249592,0.5611046987422696,0,major
27-2099,5,0.09470758224301351,partial:OEWS_May2021_lognormal;D,10.927916792249592,0.5611046987422696,0,major
27-2099,6,0.10235549398853272,partial:OEWS_May2021_lognormal;D,10.927916792249592,0.5611046987422696,0,major
27-2099,7,0.11046130125351689,partial:OEWS_May2021_lognormal;D,10.927916792249592,0.5611046987422696,0,major
27-2099,8,0.11968360577691495,partial:OEWS_May2021_lognormal;D,10.927916792249592,0.5611046987422696,0,major
27-2099,9,0.13146334300967244,partial:OEWS_May2021_lognormal;D,10.927916792249592,0.5611046987422696,0,major
27-2099,10,0.15367050634247725,partial:OEWS_May2021_lognormal;D,10.927916792249592,0.5611046987422696,0,major
27-3011,1,0.12636520963302306,partial:OEWS_May2021_lognormal;D,10.679286194526949,0.577054795122018,5,own
27-3011,2,0.11462897120650706,partial:OEWS_May2021_lognormal;D,10.679286194526949,0.577054795122018,5,own
27-3011,3,0.10898387195263676,partial:OEWS_May2021_lognormal;D,10.679286194526949,0.577054795122018,5,own
27-3011,4,0.10468345158934872,partial:OEWS_May2021_lognormal;D,10.679286194526949,0.577054795122018,5,own
27-3011,5,0.10095322020758618,partial:OEWS_May2021_lognormal;D,10.679286194526949,0.577054795122018,5,own
27-3011,6,0.09745175244680415,partial:OEWS_May2021_lognormal;D,10.679286194526949,0.577054795122018,5,own
27-3011,7,0.0939402107141395,partial:OEWS_May2021_lognormal;D,10.679286194526949,0.577054795122018,5,own
27-3011,8,0.09014733096497629,partial:OEWS_May2021_lognormal;D,10.679286194526949,0.577054795122018,5,own
27-3011,9,0.08554494678616487,partial:OEWS_May2021_lognormal;D,10.679286194526949,0.577054795122018,5,own
27-3011,10,0.07730103449881343,partial:OEWS_May2021_lognormal;D,10.679286194526949,0.577054795122018,5,own
27-3023,1,0.057930242494590334,partial:OEWS_May2021_lognormal;D,10.898841109351428,0.5593764224014983,5,own
27-3023,2,0.07388990784473976,partial:OEWS_May2021_lognormal;D,10.898841109351428,0.5593764224014983,5,own
27-3023,3,0.08292663479581985,partial:OEWS_May2021_lognormal;D,10.898841109351428,0.5593764224014983,5,own
27-3023,4,0.09028198024160422,partial:OEWS_May2021_lognormal;D,10.898841109351428,0.5593764224014983,5,own
27-3023,5,0.09695362466230156,partial:OEWS_May2021_lognormal;D,10.898841109351428,0.5593764224014983,5,own
27-3023,6,0.10342425157703566,partial:OEWS_May2021_lognormal;D,10.898841109351428,0.5593764224014983,5,own
27-3023,7,0.1100692422457884,partial:OEWS_May2021_lognormal;D,10.898841109351428,0.5593764224014983,5,own
27-3023,8,0.11735255570104453,partial:OEWS_May2021_lognormal;D,10.898841109351428,0.5593764224014983,5,own
27-3023,9,0.1261967501084873,partial:OEWS_May2021_lognormal;D,10.898841109351428,0.5593764224014983,5,own
27-3023,10,0.14097481032858838,partial:OEWS_May2021_lognormal;D,10.898841109351428,0.5593764224014983,5,own
27-3031,1,0.009745357982849645,partial:OEWS_May2021_lognormal;D,11.081350605972466,0.4546498085152654,5,own
27-3031,2,0.028059824177038117,partial:OEWS_May2021_lognormal;D,11.081350605972466,0.4546498085152654,5,own
27-3031,3,0.046997359130856176,partial:OEWS_May2021_lognormal;D,11.081350605972466,0.4546498085152654,5,own
27-3031,4,0.06696211685846959,partial:OEWS_May2021_lognormal;D,11.081350605972466,0.4546498085152654,5,own
27-3031,5,0.08807320848095612,partial:OEWS_May2021_lognormal;D,11.081350605972466,0.4546498085152654,5,own
27-3031,6,0.11037196157100021,partial:OEWS_May2021_lognormal;D,11.081350605972466,0.4546498085152654,5,own
27-3031,7,0.13376715830322122,partial:OEWS_May2021_lognormal;D,11.081350605972466,0.4546498085152654,5,own
27-3031,8,0.157756288701211,partial:OEWS_May2021_lognormal;D,11.081350605972466,0.4546498085152654,5,own
27-3031,9,0.18009675007108583,partial:OEWS_May2021_lognormal;D,11.081350605972466,0.4546498085152654,5,own
27-3031,10,0.17816997472331209,partial:OEWS_May2021_lognormal;D,11.081350605972466,0.4546498085152654,5,own
27-3041,1,0.01292402301225376,partial:OEWS_May2021_lognormal;D,11.124465058190992,0.4959332973027672,5,own
27-3041,2,0.030177439104811132,partial:OEWS_May2021_lognormal;D,11.124465058190992,0.4959332973027672,5,own
27-3041,3,0.04603748652616191,partial:OEWS_May2021_lognormal;D,11.124465058190992,0.4959332973027672,5,own
27-3041,4,0.0623235662039206,partial:OEWS_May2021_lognormal;D,11.124465058190992,0.4959332973027672,5,own
27-3041,5,0.07973120019559293,partial:OEWS_May2021_lognormal;D,11.124465058190992,0.4959332973027672,5,own
27-3041,6,0.09889741320292578,partial:OEWS_May2021_lognormal;D,11.124465058190992,0.4959332973027672,5,own
27-3041,7,0.1206590523760705,partial:OEWS_May2021_lognormal;D,11.124465058190992,0.4959332973027672,5,own
27-3041,8,0.14638319378802983,partial:OEWS_May2021_lognormal;D,11.124465058190992,0.4959332973027672,5,own
27-3041,9,0.1788340282405868,partial:OEWS_May2021_lognormal;D,11.124465058190992,0.4959332973027672,5,own
27-3041,10,0.22403259734964676,partial:OEWS_May2021_lognormal;D,11.124465058190992,0.4959332973027672,5,own
27-3042,1,0.0002880494393766586,partial:OEWS_May2021_lognormal;D,11.266422366409412,0.36226383153538905,5,own
27-3042,2,0.0027770744279152493,partial:OEWS_May2021_lognormal;D,11.266422366409412,0.36226383153538905,5,own
27-3042,3,0.009656085339726617,partial:OEWS_May2021_lognormal;D,11.266422366409412,0.36226383153538905,5,own
27-3042,4,0.023038691663904376,partial:OEWS_May2021_lognormal;D,11.266422366409412,0.36226383153538905,5,own
27-3042,5,0.04530309386873432,partial:OEWS_May2021_lognormal;D,11.266422366409412,0.36226383153538905,5,own
27-3042,6,0.07910901547401222,partial:OEWS_May2021_lognormal;D,11.266422366409412,0.36226383153538905,5,own
27-3042,7,0.1271259968949925,partial:OEWS_May2021_lognormal;D,11.266422366409412,0.36226383153538905,5,own
27-3042,8,0.19069877200546292,partial:OEWS_May2021_lognormal;D,11.266422366409412,0.36226383153538905,5,own
27-3042,9,0.26309353848530626,partial:OEWS_May2021_lognormal;D,11.266422366409412,0.36226383153538905,5,own
27-3042,10,0.2589096824005689,partial:OEWS_May2021_lognormal;D,11.266422366409412,0.36226383153538905,5,own
27-3043,1,0.010169927948348756,partial:OEWS_May2021_lognormal;D,11.168253213937367,0.4952412905853255,5,own
27-3043,2,0.025243032890434836,partial:OEWS_May2021_lognormal;D,11.168253213937367,0.4952412905853255,5,own
27-3043,3,0.04003486319823191,partial:OEWS_May2021_lognormal;D,11.168253213937367,0.4952412905853255,5,own
27-3043,4,0.05590088755272049,partial:OEWS_May2021_lognormal;D,11.168253213937367,0.4952412905853255,5,own
27-3043,5,0.07351709433536002,partial:OEWS_May2021_lognormal;D,11.168253213937367,0.4952412905853255,5,own
27-3043,6,0.09364316371822407,partial:OEWS_May2021_lognormal;D,11.168253213937367,0.4952412905853255,5,own
27-3043,7,0.11740529404754402,partial:OEWS_May2021_lognormal;D,11.168253213937367,0.4952412905853255,5,own
27-3043,8,0.1468021455384378,partial:OEWS_May2021_lognormal;D,11.168253213937367,0.4952412905853255,5,own
27-3043,9,0.1862646783076506,partial:OEWS_May2021_lognormal;D,11.168253213937367,0.4952412905853255,5,own
27-3043,10,0.2510189124630475,partial:OEWS_May2021_lognormal;D,11.168253213937367,0.4952412905853255,5,own
27-3091,1,0.036888146451219184,partial:OEWS_May2021_lognormal;D,10.873710375328685,0.4778675342487762,5,own
27-3091,2,0.06768710795900418,partial:OEWS_May2021_lognormal;D,10.873710375328685,0.4778675342487762,5,own
27-3091,3,0.08696677636427275,partial:OEWS_May2021_lognormal;D,10.873710375328685,0.4778675342487762,5,own
27-3091,4,0.10154446823182878,partial:OEWS_May2021_lognormal;D,10.873710375328685,0.4778675342487762,5,own
27-3091,5,0.11286639653613328,partial:OEWS_May2021_lognormal;D,10.873710375328685,0.4778675342487762,5,own
27-3091,6,0.12133493418544672,partial:OEWS_May2021_lognormal;D,10.873710375328685,0.4778675342487762,5,own
27-3091,7,0.12676720293966626,partial:OEWS_May2021_lognormal;D,10.873710375328685,0.4778675342487762,5,own
27-3091,8,0.1282402374776812,partial:OEWS_May2021_lognormal;D,10.873710375328685,0.4778675342487762,5,own
27-3091,9,0.12295510780183894,partial:OEWS_May2021_lognormal;D,10.873710375328685,0.4778675342487762,5,own
27-3091,10,0.09474962205290871,partial:OEWS_May2021_lognormal;D,10.873710375328685,0.4778675342487762,5,own
27-3092,1,0.009864723675974185,partial:OEWS_May2021_lognormal;D,11.006477861304152,0.4234241415836366,5,own
27-3092,2,0.031866129328620874,partial:OEWS_May2021_lognormal;D,11.006477861304152,0.4234241415836366,5,own
27-3092,3,0.05542403608089125,partial:OEWS_May2021_lognormal;D,11.006477861304152,0.4234241415836366,5,own
27-3092,4,0.07956342647971948,partial:OEWS_May2021_lognormal;D,11.006477861304152,0.4234241415836366,5,own
27-3092,5,0.10352375147270065,partial:OEWS_May2021_lognormal;D,11.006477861304152,0.4234241415836366,5,own
27-3092,6,0.12635743718554343,partial:OEWS_May2021_lognormal;D,11.006477861304152,0.4234241415836366,5,own
27-3092,7,0.14657647390276324,partial:OEWS_May2021_lognormal;D,11.006477861304152,0.4234241415836366,5,own
27-3092,8,0.1613647240931867,partial:OEWS_May2021_lognormal;D,11.006477861304152,0.4234241415836366,5,own
27-3092,9,0.16389623205228443,partial:OEWS_May2021_lognormal;D,11.006477861304152,0.4234241415836366,5,own
27-3092,10,0.12156306572831577,partial:OEWS_May2021_lognormal;D,11.006477861304152,0.4234241415836366,5,own
27-3099,1,0.03722175263405597,partial:OEWS_May2021_lognormal;D,10.879902190040127,0.48244227604002116,5,own
27-3099,2,0.06718585068720417,partial:OEWS_May2021_lognormal;D,10.879902190040127,0.48244227604002116,5,own
27-3099,3,0.08589238786339626,partial:OEWS_May2021_lognormal;D,10.879902190040127,0.48244227604002116,5,own
27-3099,4,0.10015283125364155,partial:OEWS_May2021_lognormal;D,10.879902190040127,0.48244227604002116,5,own
27-3099,5,0.11140319043799074,partial:OEWS_May2021_lognormal;D,10.879902190040127,0.48244227604002116,5,own
27-3099,6,0.12006298279938421,partial:OEWS_May2021_lognormal;D,10.879902190040127,0.48244227604002116,5,own
27-3099,7,0.12599674069351052,partial:OEWS_May2021_lognormal;D,10.879902190040127,0.48244227604002116,5,own
27-3099,8,0.12837868626189008,partial:OEWS_May2021_lognormal;D,10.879902190040127,0.48244227604002116,5,own
27-3099,9,0.12462113764875915,partial:OEWS_May2021_lognormal;D,10.879902190040127,0.48244227604002116,5,own
27-3099,10,0.09908443972016734,partial:OEWS_May2021_lognormal;D,10.879902190040127,0.48244227604002116,5,own
27-4011,1,0.026106085119654787,partial:OEWS_May2021_lognormal;D,10.82558875801446,0.4153254795371338,5,own
27-4011,2,0.06579132218009914,partial:OEWS_May2021_lognormal;D,10.82558875801446,0.4153254795371338,5,own
27-4011,3,0.09545149528290836,partial:OEWS_May2021_lognormal;D,10.82558875801446,0.4153254795371338,5,own
27-4011,4,0.11750075942170618,partial:OEWS_May2021_lognormal;D,10.82558875801446,0.4153254795371338,5,own
27-4011,5,0.13240319924319205,partial:OEWS_May2021_lognormal;D,10.82558875801446,0.4153254795371338,5,own
27-4011,6,0.13990460676996547,partial:OEWS_May2021_lognormal;D,10.82558875801446,0.4153254795371338,5,own
27-4011,7,0.13912471569205298,partial:OEWS_May2021_lognormal;D,10.82558875801446,0.4153254795371338,5,own
27-4011,8,0.1282558646065729,partial:OEWS_May2021_lognormal;D,10.82558875801446,0.4153254795371338,5,own
27-4011,9,0.10343439224927897,partial:OEWS_May2021_lognormal;D,10.82558875801446,0.4153254795371338,5,own
27-4011,10,0.05202755943456916,partial:OEWS_May2021_lognormal;D,10.82558875801446,0.4153254795371338,5,own
27-4012,1,0.08837390354282293,partial:OEWS_May2021_lognormal;D,10.718117631042835,0.5173339282405106,5,own
27-4012,2,0.10670384581664366,partial:OEWS_May2021_lognormal;D,10.718117631042835,0.5173339282405106,5,own
27-4012,3,0.11172677350984156,partial:OEWS_May2021_lognormal;D,10.718117631042835,0.5173339282405106,5,own
27-4012,4,0.11311440009736401,partial:OEWS_May2021_lognormal;D,10.718117631042835,0.5173339282405106,5,own
27-4012,5,0.11233814820041127,partial:OEWS_May2021_lognormal;D,10.718117631042835,0.5173339282405106,5,own
27-4012,6,0.10981037062860388,partial:OEWS_May2021_lognormal;D,10.718117631042835,0.5173339282405106,5,own
27-4012,7,0.10548839302440283,partial:OEWS_May2021_lognormal;D,10.718117631042835,0.5173339282405106,5,own
27-4012,8,0.09887023645409276,partial:OEWS_May2021_lognormal;D,10.718117631042835,0.5173339282405106,5,own
27-4012,9,0.08839930563919851,partial:OEWS_May2021_lognormal;D,10.718117631042835,0.5173339282405106,5,own
27-4012,10,0.06517462308661859,partial:OEWS_May2021_lognormal;D,10.718117631042835,0.5173339282405106,5,own
27-4014,1,0.03780734893064802,partial:OEWS_May2021_lognormal;D,10.991405168383249,0.5471443760898695,5,own
27-4014,2,0.05695349710992803,partial:OEWS_May2021_lognormal;D,10.991405168383249,0.5471443760898695,5,own
27-4014,3,0.06954900599803626,partial:OEWS_May2021_lognormal;D,10.991405168383249,0.5471443760898695,5,own
27-4014,4,0.08060822492777864,partial:OEWS_May2021_lognormal;D,10.991405168383249,0.5471443760898695,5,own
27-4014,5,0.09124956998583372,partial:OEWS_May2021_lognormal;D,10.991405168383249,0.5471443760898695,5,own
27-4014,6,0.10211655590429108,partial:OEWS_May2021_lognormal;D,10.991405168383249,0.5471443760898695,5,own
27-4014,7,0.11383116233264651,partial:OEWS_May2021_lognormal;D,10.991405168383249,0.5471443760898695,5,own
27-4014,8,0.12731450600613814,partial:OEWS_May2021_lognormal;D,10.991405168383249,0.5471443760898695,5,own
27-4014,9,0.14459871279223646,partial:OEWS_May2021_lognormal;D,10.991405168383249,0.5471443760898695,5,own
27-4014,10,0.17597141601246313,partial:OEWS_May2021_lognormal;D,10.991405168383249,0.5471443760898695,5,own
27-4015,1,0.028604884688955057,partial:OEWS_May2021_lognormal;D,10.852665824309408,0.4382287902736788,5,own
27-4015,2,0.06456543000846965,partial:OEWS_May2021_lognormal;D,10.852665824309408,0.4382287902736788,5,own
27-4015,3,0.09006584019802516,partial:OEWS_May2021_lognormal;D,10.852665824309408,0.4382287902736788,5,own
27-4015,4,0.10943099947411178,partial:OEWS_May2021_lognormal;D,10.852665824309408,0.4382287902736788,5,own
27-4015,5,0.12359270263245298,partial:OEWS_May2021_lognormal;D,10.852665824309408,0.4382287902736788,5,own
27-4015,6,0.13255494518607913,partial:OEWS_May2021_lognormal;D,10.852665824309408,0.4382287902736788,5,own
27-4015,7,0.1356279766370193,partial:OEWS_May2021_lognormal;D,10.852665824309408,0.4382287902736788,5,own
27-4015,8,0.13110838212136178,partial:OEWS_May2021_lognormal;D,10.852665824309408,0.4382287902736788,5,own
27-4015,9,0.11484695127264166,partial:OEWS_May2021_lognormal;D,10.852665824309408,0.4382287902736788,5,own
27-4015,10,0.0696018877808835,partial:OEWS_May2021_lognormal;D,10.852665824309408,0.4382287902736788,5,own
27-4021,1,0.08647997845570621,partial:OEWS_May2021_lognormal;D,10.65070484390529,0.46334161145936553,5,own
27-4021,2,0.12134837025441847,partial:OEWS_May2021_lognormal;D,10.65070484390529,0.46334161145936553,5,own
27-4021,3,0.13004495861890952,partial:OEWS_May2021_lognormal;D,10.65070484390529,0.46334161145936553,5,own
27-4021,4,0.13018220858436602,partial:OEWS_May2021_lognormal;D,10.65070484390529,0.46334161145936553,5,own
27-4021,5,0.1251776168210501,partial:OEWS_May2021_lognormal;D,10.65070484390529,0.46334161145936553,5,own
27-4021,6,0.11625782528536222,partial:OEWS_May2021_lognormal;D,10.65070484390529,0.46334161145936553,5,own
27-4021,7,0.10377979549878136,partial:OEWS_May2021_lognormal;D,10.65070484390529,0.46334161145936553,5,own
27-4021,8,0.0874586752059886,partial:OEWS_May2021_lognormal;D,10.65070484390529,0.46334161145936553,5,own
27-4021,9,0.0659802093927796,partial:OEWS_May2021_lognormal;D,10.65070484390529,0.46334161145936553,5,own
27-4021,10,0.0332903618826379,partial:OEWS_May2021_lognormal;D,10.65070484390529,0.46334161145936553,5,own
27-4031,1,0.03541155066216889,partial:OEWS_May2021_lognormal;D,10.8913632302774,0.4827157700982287,5,own
27-4031,2,0.06488550984739483,partial:OEWS_May2021_lognormal;D,10.8913632302774,0.4827157700982287,5,own
27-4031,3,0.08375311096876709,partial:OEWS_May2021_lognormal;D,10.8913632302774,0.4827157700982287,5,own
27-4031,4,0.09842899758255119,partial:OEWS_May2021_lognormal;D,10.8913632302774,0.4827157700982287,5,own
27-4031,5,0.11027495811272053,partial:OEWS_May2021_lognormal;D,10.8913632302774,0.4827157700982287,5,own
27-4031,6,0.11968944440404145,partial:OEWS_May2021_lognormal;D,10.8913632302774,0.4827157700982287,5,own
27-4031,7,0.126539343330199,partial:OEWS_May2021_lognormal;D,10.8913632302774,0.4827157700982287,5,own
27-4031,8,0.13001929282488545,partial:OEWS_May2021_lognormal;D,10.8913632302774,0.4827157700982287,5,own
27-4031,9,0.12757990544233566,partial:OEWS_May2021_lognormal;D,10.8913632302774,0.4827157700982287,5,own
27-4031,10,0.10341788682493591,partial:OEWS_May2021_lognormal;D,10.8913632302774,0.4827157700982287,5,own
27-4032,1,0.016197153504142914,partial:OEWS_May2021_lognormal;D,11.133041447737531,0.5205663283182975,5,own
27-4032,2,0.03316582549435332,partial:OEWS_May2021_lognormal;D,11.133041447737531,0.5205663283182975,5,own
27-4032,3,0.04763377301709498,partial:OEWS_May2021_lognormal;D,11.133041447737531,0.5205663283182975,5,own
27-4032,4,0.06216515751616014,partial:OEWS_May2021_lognormal;D,11.133041447737531,0.5205663283182975,5,own
27-4032,5,0.07764233904446832,partial:OEWS_May2021_lognormal;D,11.133041447737531,0.5205663283182975,5,own
27-4032,6,0.0948564750493553,partial:OEWS_May2021_lognormal;D,11.133041447737531,0.5205663283182975,5,own
27-4032,7,0.11488843562611706,partial:OEWS_May2021_lognormal;D,11.133041447737531,0.5205663283182975,5,own
27-4032,8,0.13966672820266812,partial:OEWS_May2021_lognormal;D,11.133041447737531,0.5205663283182975,5,own
27-4032,9,0.1737741925513432,partial:OEWS_May2021_lognormal;D,11.133041447737531,0.5205663283182975,5,own
27-4032,10,0.24000991999429666,partial:OEWS_May2021_lognormal;D,11.133041447737531,0.5205663283182975,5,own
27-4099,1,0.02832634409545587,partial:OEWS_May2021_lognormal;D,11.035078223333477,0.5329508669495424,5,own
27-4099,2,0.04819271832514499,partial:OEWS_May2021_lognormal;D,11.035078223333477,0.5329508669495424,5,own
27-4099,3,0.06247270154694984,partial:OEWS_May2021_lognormal;D,11.035078223333477,0.5329508669495424,5,own
27-4099,4,0.07550754704619406,partial:OEWS_May2021_lognormal;D,11.035078223333477,0.5329508669495424,5,own
27-4099,5,0.08837386555684423,partial:OEWS_May2021_lognormal;D,11.035078223333477,0.5329508669495424,5,own
27-4099,6,0.10174819702526644,partial:OEWS_May2021_lognormal;D,11.035078223333477,0.5329508669495424,5,own
27-4099,7,0.11633374693183535,partial:OEWS_May2021_lognormal;D,11.035078223333477,0.5329508669495424,5,own
27-4099,8,0.133203569564999,partial:OEWS_May2021_lognormal;D,11.035078223333477,0.5329508669495424,5,own
27-4099,9,0.15469270239092703,partial:OEWS_May2021_lognormal;D,11.035078223333477,0.5329508669495424,5,own
27-4099,10,0.19114860751638318,partial:OEWS_May2021_lognormal;D,11.035078223333477,0.5329508669495424,5,own
29-1011,1,0.008906955821430307,partial:OEWS_May2021_lognormal;D,11.169975903448094,0.4856339075094182,5,own
29-1011,2,0.023547902630064954,partial:OEWS_May2021_lognormal;D,11.169975903448094,0.4856339075094182,5,own
29-1011,3,0.038551301447315944,partial:OEWS_May2021_lognormal;D,11.169975903448094,0.4856339075094182,5,own
29-1011,4,0.05494447653354945,partial:OEWS_May2021_lognormal;D,11.169975903448094,0.4856339075094182,5,own
29-1011,5,0.0733220702279882,partial:OEWS_May2021_lognormal;D,11.169975903448094,0.4856339075094182,5,own
29-1011,6,0.09439539211947423,partial:OEWS_May2021_lognormal;D,11.169975903448094,0.4856339075094182,5,own
29-1011,7,0.11922643566926366,partial:OEWS_May2021_lognormal;D,11.169975903448094,0.4856339075094182,5,own
29-1011,8,0.1496546823678886,partial:OEWS_May2021_lognormal;D,11.169975903448094,0.4856339075094182,5,own
29-1011,9,0.18952127510448424,partial:OEWS_May2021_lognormal;D,11.169975903448094,0.4856339075094182,5,own
29-1011,10,0.24792950807854042,partial:OEWS_May2021_lognormal;D,11.169975903448094,0.4856339075094182,5,own
29-1021,1,0.00339156012797992,partial:OEWS_May2021_lognormal;D,11.996789138328538,0.7304321276873282,3,own
29-1021,2,0.005765651636980396,partial:OEWS_May2021_lognormal;D,11.996789138328538,0.7304321276873282,3,own
29-1021,3,0.008350158828222931,partial:OEWS_May2021_lognormal;D,11.996789138328538,0.7304321276873282,3,own
29-1021,4,0.011624519293342406,partial:OEWS_May2021_lognormal;D,11.996789138328538,0.7304321276873282,3,own
29-1021,5,0.016073121022937786,partial:OEWS_May2021_lognormal;D,11.996789138328538,0.7304321276873282,3,own
29-1021,6,0.022543741746465895,partial:OEWS_May2021_lognormal;D,11.996789138328538,0.7304321276873282,3,own
29-1021,7,0.03282489277275247,partial:OEWS_May2021_lognormal;D,11.996789138328538,0.7304321276873282,3,own
29-1021,8,0.05157104114920624,partial:OEWS_May2021_lognormal;D,11.996789138328538,0.7304321276873282,3,own
29-1021,9,0.09637065824974139,partial:OEWS_May2021_lognormal;D,11.996789138328538,0.7304321276873282,3,own
29-1021,10,0.7514846551723706,partial:OEWS_May2021_lognormal;D,11.996789138328538,0.7304321276873282,3,own
29-1022,1,0.000022549456745402097,partial:OEWS_May2021_lognormal;D,12.27657932611813,0.5533028594766481,2,major_sigma
29-1022,2,0.0001246813810737435,partial:OEWS_May2021_lognormal;D,12.27657932611813,0.5533028594766481,2,major_sigma
29-1022,3,0.00035592447199978006,partial:OEWS_May2021_lognormal;D,12.27657932611813,0.5533028594766481,2,major_sigma
29-1022,4,0.0008220666592588244,partial:OEWS_May2021_lognormal;D,12.27657932611813,0.5533028594766481,2,major_sigma
29-1022,5,0.0017376886268614111,partial:OEWS_May2021_lognormal;D,12.27657932611813,0.5533028594766481,2,major_sigma
29-1022,6,0.0035742448513801928,partial:OEWS_May2021_lognormal;D,12.27657932611813,0.5533028594766481,2,major_sigma
29-1022,7,0.007509966207695118,partial:OEWS_May2021_lognormal;D,12.27657932611813,0.5533028594766481,2,major_sigma
29-1022,8,0.0171674897266888,partial:OEWS_May2021_lognormal;D,12.27657932611813,0.5533028594766481,2,major_sigma
29-1022,9,0.04910347320724129,partial:OEWS_May2021_lognormal;D,12.27657932611813,0.5533028594766481,2,major_sigma
29-1022,10,0.9195819154110554,partial:OEWS_May2021_lognormal;D,12.27657932611813,0.5533028594766481,2,major_sigma
29-1023,1,0.00003027994248272492,partial:OEWS_May2021_lognormal;D,12.23837077686102,0.5533028594766481,2,major_sigma
29-1023,2,0.00016155513443727454,partial:OEWS_May2021_lognormal;D,12.23837077686102,0.5533028594766481,2,major_sigma
29-1023,3,0.0004497866325116062,partial:OEWS_May2021_lognormal;D,12.23837077686102,0.5533028594766481,2,major_sigma
29-1023,4,0.0010177537508634926,partial:OEWS_May2021_lognormal;D,12.23837077686102,0.5533028594766481,2,major_sigma
29-1023,5,0.0021116232345649855,partial:OEWS_May2021_lognormal;D,12.23837077686102,0.5533028594766481,2,major_sigma
29-1023,6,0.004265176527160797,partial:OEWS_May2021_lognormal;D,12.23837077686102,0.5533028594766481,2,major_sigma
29-1023,7,0.008793589247496847,partial:OEWS_May2021_lognormal;D,12.23837077686102,0.5533028594766481,2,major_sigma
29-1023,8,0.019675950482361537,partial:OEWS_May2021_lognormal;D,12.23837077686102,0.5533028594766481,2,major_sigma
29-1023,9,0.054725822351174847,partial:OEWS_May2021_lognormal;D,12.23837077686102,0.5533028594766481,2,major_sigma
29-1023,10,0.9087684626969459,partial:OEWS_May2021_lognormal;D,12.23837077686102,0.5533028594766481,2,major_sigma
29-1024,1,1.4037924414012082e-6,partial:OEWS_May2021_lognormal;D,11.709424716611498,0.36080067200469784,4,own
29-1024,2,0.000033100565947796756,partial:OEWS_May2021_lognormal;D,11.709424716611498,0.36080067200469784,4,own
29-1024,3,0.0002242640757404435,partial:OEWS_May2021_lognormal;D,11.709424716611498,0.36080067200469784,4,own
29-1024,4,0.0009347609368446919,partial:OEWS_May2021_lognormal;D,11.709424716611498,0.36080067200469784,4,own
29-1024,5,0.003057446888277915,partial:OEWS_May2021_lognormal;D,11.709424716611498,0.36080067200469784,4,own
29-1024,6,0.008769100276126263,partial:OEWS_May2021_lognormal;D,11.709424716611498,0.36080067200469784,4,own
29-1024,7,0.02359423569079272,partial:OEWS_May2021_lognormal;D,11.709424716611498,0.36080067200469784,4,own
29-1024,8,0.06309022569209755,partial:OEWS_May2021_lognormal;D,11.709424716611498,0.36080067200469784,4,own
29-1024,9,0.18175935992893527,partial:OEWS_May2021_lognormal;D,11.709424716611498,0.36080067200469784,4,own
29-1024,10,0.718536102152796,partial:OEWS_May2021_lognormal;D,11.709424716611498,0.36080067200469784,4,own
29-1029,1,0.001218555208556793,partial:OEWS_May2021_lognormal;D,11.986361970360132,0.648977367569513,3,own
29-1029,2,0.0029360387881458005,partial:OEWS_May2021_lognormal;D,11.986361970360132,0.648977367569513,3,own
29-1029,3,0.005063860813563026,partial:OEWS_May2021_lognormal;D,11.986361970360132,0.648977367569513,3,own
29-1029,4,0.007982677653011916,partial:OEWS_May2021_lognormal;D,11.986361970360132,0.648977367569513,3,own
29-1029,5,0.012198293955851702,partial:OEWS_May2021_lognormal;D,11.986361970360132,0.648977367569513,3,own
29-1029,6,0.01865041854181898,partial:OEWS_May2021_lognormal;D,11.986361970360132,0.648977367569513,3,own
29-1029,7,0.02936695131090339,partial:OEWS_May2021_lognormal;D,11.986361970360132,0.648977367569513,3,own
29-1029,8,0.04969560485809171,partial:OEWS_May2021_lognormal;D,11.986361970360132,0.648977367569513,3,own
29-1029,9,0.10001325552533019,partial:OEWS_May2021_lognormal;D,11.986361970360132,0.648977367569513,3,own
29-1029,10,0.7728743433447265,partial:OEWS_May2021_lognormal;D,11.986361970360132,0.648977367569513,3,own
29-1031,1,0.0005558139271943929,partial:OEWS_May2021_lognormal;D,11.040212381554344,0.31310714428061714,5,own
29-1031,2,0.006615836862546853,partial:OEWS_May2021_lognormal;D,11.040212381554344,0.31310714428061714,5,own
29-1031,3,0.02406110166583031,partial:OEWS_May2021_lognormal;D,11.040212381554344,0.31310714428061714,5,own
29-1031,4,0.055267217916627365,partial:OEWS_May2021_lognormal;D,11.040212381554344,0.31310714428061714,5,own
29-1031,5,0.09890350252882707,partial:OEWS_May2021_lognormal;D,11.040212381554344,0.31310714428061714,5,own
29-1031,6,0.14917759296449273,partial:OEWS_May2021_lognormal;D,11.040212381554344,0.31310714428061714,5,own
29-1031,7,0.19453627673617968,partial:OEWS_May2021_lognormal;D,11.040212381554344,0.31310714428061714,5,own
29-1031,8,0.2158137289760108,partial:OEWS_May2021_lognormal;D,11.040212381554344,0.31310714428061714,5,own
29-1031,9,0.18438413888774308,partial:OEWS_May2021_lognormal;D,11.040212381554344,0.31310714428061714,5,own
29-1031,10,0.07068478953454771,partial:OEWS_May2021_lognormal;D,11.040212381554344,0.31310714428061714,5,own
29-1041,1,0.000034341773640589324,partial:OEWS_May2021_lognormal;D,11.652432694700462,0.41025632527168454,5,own
29-1041,2,0.00035393866587540845,partial:OEWS_May2021_lognormal;D,11.652432694700462,0.41025632527168454,5,own
29-1041,3,0.0013952453265655973,partial:OEWS_May2021_lognormal;D,11.652432694700462,0.41025632527168454,5,own
29-1041,4,0.0038832448340834214,partial:OEWS_May2021_lognormal;D,11.652432694700462,0.41025632527168454,5,own
29-1041,5,0.009136229994940015,partial:OEWS_May2021_lognormal;D,11.652432694700462,0.41025632527168454,5,own
29-1041,6,0.019698446127708602,partial:OEWS_May2021_lognormal;D,11.652432694700462,0.41025632527168454,5,own
29-1041,7,0.04092368165887178,partial:OEWS_May2021_lognormal;D,11.652432694700462,0.41025632527168454,5,own
29-1041,8,0.08575310910050549,partial:OEWS_May2021_lognormal;D,11.652432694700462,0.41025632527168454,5,own
29-1041,9,0.1945714121646735,partial:OEWS_May2021_lognormal;D,11.652432694700462,0.41025632527168454,5,own
29-1041,10,0.6442503503531356,partial:OEWS_May2021_lognormal;D,11.652432694700462,0.41025632527168454,5,own
29-1051,1,3.077593735412165e-11,partial:OEWS_May2021_lognormal;D,11.720766663259388,0.2601687250288204,5,own
29-1051,2,1.3259087994210716e-8,partial:OEWS_May2021_lognormal;D,11.720766663259388,0.2601687250288204,5,own
29-1051,3,5.799883245893867e-7,partial:OEWS_May2021_lognormal;D,11.720766663259388,0.2601687250288204,5,own
29-1051,4,9.826048216254879e-6,partial:OEWS_May2021_lognormal;D,11.720766663259388,0.2601687250288204,5,own
29-1051,5,0.00010044221807792297,partial:OEWS_May2021_lognormal;D,11.720766663259388,0.2601687250288204,5,own
29-1051,6,0.0007629836159576686,partial:OEWS_May2021_lognormal;D,11.720766663259388,0.2601687250288204,5,own
29-1051,7,0.004863450711216077,partial:OEWS_May2021_lognormal;D,11.720766663259388,0.2601687250288204,5,own
29-1051,8,0.028400688385758044,partial:OEWS_May2021_lognormal;D,11.720766663259388,0.2601687250288204,5,own
29-1051,9,0.1646793949104467,partial:OEWS_May2021_lognormal;D,11.720766663259388,0.2601687250288204,5,own
29-1051,10,0.8011826208321389,partial:OEWS_May2021_lognormal;D,11.720766663259388,0.2601687250288204,5,own
29-1071,1,9.948612489374398e-10,partial:OEWS_May2021_lognormal;D,11.656663275374516,0.27295823142461817,5,own
29-1071,2,2.0095707081724257e-7,partial:OEWS_May2021_lognormal;D,11.656663275374516,0.27295823142461817,5,own
29-1071,3,5.3263387374546944e-6,partial:OEWS_May2021_lognormal;D,11.656663275374516,0.27295823142461817,5,own
29-1071,4,0.000060803348519822276,partial:OEWS_May2021_lognormal;D,11.656663275374516,0.27295823142461817,5,own
29-1071,5,0.0004435645275067679,partial:OEWS_May2021_lognormal;D,11.656663275374516,0.27295823142461817,5,own
29-1071,6,0.0024830231574195505,partial:OEWS_May2021_lognormal;D,11.656663275374516,0.27295823142461817,5,own
29-1071,7,0.011836714143310223,partial:OEWS_May2021_lognormal;D,11.656663275374516,0.27295823142461817,5,own
29-1071,8,0.05160165623473434,partial:OEWS_May2021_lognormal;D,11.656663275374516,0.27295823142461817,5,own
29-1071,9,0.21744194595127703,partial:OEWS_May2021_lognormal;D,11.656663275374516,0.27295823142461817,5,own
29-1071,10,0.7161267643465627,partial:OEWS_May2021_lognormal;D,11.656663275374516,0.27295823142461817,5,own
29-1081,1,0.0026129469002633132,partial:OEWS_May2021_lognormal;D,11.903170500199055,0.6745585432909345,3,own
29-1081,2,0.005236828817170247,partial:OEWS_May2021_lognormal;D,11.903170500199055,0.6745585432909345,3,own
29-1081,3,0.008165717190714905,partial:OEWS_May2021_lognormal;D,11.903170500199055,0.6745585432909345,3,own
29-1081,4,0.01193681233459909,partial:OEWS_May2021_lognormal;D,11.903170500199055,0.6745585432909345,3,own
29-1081,5,0.01711344295659556,partial:OEWS_May2021_lognormal;D,11.903170500199055,0.6745585432909345,3,own
29-1081,6,0.024687611707839785,partial:OEWS_May2021_lognormal;D,11.903170500199055,0.6745585432909345,3,own
29-1081,7,0.036741731141035794,partial:OEWS_May2021_lognormal;D,11.903170500199055,0.6745585432909345,3,own
29-1081,8,0.05863679576339503,partial:OEWS_May2021_lognormal;D,11.903170500199055,0.6745585432909345,3,own
29-1081,9,0.11024213019838602,partial:OEWS_May2021_lognormal;D,11.903170500199055,0.6745585432909345,3,own
29-1081,10,0.7246259829900003,partial:OEWS_May2021_lognormal;D,11.903170500199055,0.6745585432909345,3,own
29-1122,1,1.478557106193712e-7,partial:OEWS_May2021_lognormal;D,11.369936837167696,0.26348236963303584,5,own
29-1122,2,0.00001568646266447704,partial:OEWS_May2021_lognormal;D,11.369936837167696,0.26348236963303584,5,own
29-1122,3,0.0002490217066957179,partial:OEWS_May2021_lognormal;D,11.369936837167696,0.26348236963303584,5,own
29-1122,4,0.001783111103150048,partial:OEWS_May2021_lognormal;D,11.369936837167696,0.26348236963303584,5,own
29-1122,5,0.008260364971709233,partial:OEWS_May2021_lognormal;D,11.369936837167696,0.26348236963303584,5,own
29-1122,6,0.028964601522829425,partial:OEWS_May2021_lognormal;D,11.369936837167696,0.26348236963303584,5,own
29-1122,7,0.08281752922546526,partial:OEWS_May2021_lognormal;D,11.369936837167696,0.26348236963303584,5,own
29-1122,8,0.1975370836151792,partial:OEWS_May2021_lognormal;D,11.369936837167696,0.26348236963303584,5,own
29-1122,9,0.37052977349657756,partial:OEWS_May2021_lognormal;D,11.369936837167696,0.26348236963303584,5,own
29-1122,10,0.30984268004001847,partial:OEWS_May2021_lognormal;D,11.369936837167696,0.26348236963303584,5,own
29-1123,1,6.387625922643636e-8,partial:OEWS_May2021_lognormal;D,11.409580541849678,0.26321197493639004,5,own
29-1123,2,7.879760056950236e-6,partial:OEWS_May2021_lognormal;D,11.409580541849678,0.26321197493639004,5,own
29-1123,3,0.00013967783225088404,partial:OEWS_May2021_lognormal;D,11.409580541849678,0.26321197493639004,5,own
29-1123,4,0.0010986656809272022,partial:OEWS_May2021_lognormal;D,11.409580541849678,0.26321197493639004,5,own
29-1123,5,0.005548651615706668,partial:OEWS_May2021_lognormal;D,11.409580541849678,0.26321197493639004,5,own
29-1123,6,0.0211682665897297,partial:OEWS_May2021_lognormal;D,11.409580541849678,0.26321197493639004,5,own
29-1123,7,0.06605476843030184,partial:OEWS_May2021_lognormal;D,11.409580541849678,0.26321197493639004,5,own
29-1123,8,0.17366450844886028,partial:OEWS_May2021_lognormal;D,11.409580541849678,0.26321197493639004,5,own
29-1123,9,0.3677179426942171,partial:OEWS_May2021_lognormal;D,11.409580541849678,0.26321197493639004,5,own
29-1123,10,0.36459957507169016,partial:OEWS_May2021_lognormal;D,11.409580541849678,0.26321197493639004,5,own
29-1124,1,4.5894432376680783e-7,partial:OEWS_May2021_lognormal;D,11.374465645823413,0.27609033043255393,5,own
29-1124,2,0.000032927056329401516,partial:OEWS_May2021_lognormal;D,11.374465645823413,0.27609033043255393,5,own
29-1124,3,0.00041121549593631235,partial:OEWS_May2021_lognormal;D,11.374465645823413,0.27609033043255393,5,own
29-1124,4,0.0024811547628460495,partial:OEWS_May2021_lognormal;D,11.374465645823413,0.27609033043255393,5,own
29-1124,5,0.010094021983752643,partial:OEWS_May2021_lognormal;D,11.374465645823413,0.27609033043255393,5,own
29-1124,6,0.03199379320982415,partial:OEWS_May2021_lognormal;D,11.374465645823413,0.27609033043255393,5,own
29-1124,7,0.08468425449387645,partial:OEWS_May2021_lognormal;D,11.374465645823413,0.27609033043255393,5,own
29-1124,8,0.19171977334650658,partial:OEWS_May2021_lognormal;D,11.374465645823413,0.27609033043255393,5,own
29-1124,9,0.3548291946513103,partial:OEWS_May2021_lognormal;D,11.374465645823413,0.27609033043255393,5,own
29-1124,10,0.32375320605529434,partial:OEWS_May2021_lognormal;D,11.374465645823413,0.27609033043255393,5,own
29-1125,1,0.015599063520752354,partial:OEWS_May2021_lognormal;D,10.801432330913013,0.3630239182786902,5,own
29-1125,2,0.057358327422790734,partial:OEWS_May2021_lognormal;D,10.801432330913013,0.3630239182786902,5,own
29-1125,3,0.09833774726859779,partial:OEWS_May2021_lognormal;D,10.801432330913013,0.3630239182786902,5,own
29-1125,4,0.1311051074093617,partial:OEWS_May2021_lognormal;D,10.801432330913013,0.3630239182786902,5,own
29-1125,5,0.15215916269984225,partial:OEWS_May2021_lognormal;D,10.801432330913013,0.3630239182786902,5,own
29-1125,6,0.15923001878737403,partial:OEWS_May2021_lognormal;D,10.801432330913013,0.3630239182786902,5,own
29-1125,7,0.15068181485173027,partial:OEWS_May2021_lognormal;D,10.801432330913013,0.3630239182786902,5,own
29-1125,8,0.12539433214297735,partial:OEWS_May2021_lognormal;D,10.801432330913013,0.3630239182786902,5,own
29-1125,9,0.08309698630802931,partial:OEWS_May2021_lognormal;D,10.801432330913013,0.3630239182786902,5,own
29-1125,10,0.02703743958854421,partial:OEWS_May2021_lognormal;D,10.801432330913013,0.3630239182786902,5,own
29-1126,1,0.000012447630117151665,partial:OEWS_May2021_lognormal;D,11.102019944744352,0.2568313146490105,5,own
29-1126,2,0.0006158354960995593,partial:OEWS_May2021_lognormal;D,11.102019944744352,0.2568313146490105,5,own
29-1126,3,0.005376906804460346,partial:OEWS_May2021_lognormal;D,11.102019944744352,0.2568313146490105,5,own
29-1126,4,0.022589855359245903,partial:OEWS_May2021_lognormal;D,11.102019944744352,0.2568313146490105,5,own
29-1126,5,0.06288142812802877,partial:OEWS_May2021_lognormal;D,11.102019944744352,0.2568313146490105,5,own
29-1126,6,0.13167877393626432,partial:OEWS_May2021_lognormal;D,11.102019944744352,0.2568313146490105,5,own
29-1126,7,0.2165974131928079,partial:OEWS_May2021_lognormal;D,11.102019944744352,0.2568313146490105,5,own
29-1126,8,0.27328591216685044,partial:OEWS_May2021_lognormal;D,11.102019944744352,0.2568313146490105,5,own
29-1126,9,0.2266675829886433,partial:OEWS_May2021_lognormal;D,11.102019944744352,0.2568313146490105,5,own
29-1126,10,0.0602938442974823,partial:OEWS_May2021_lognormal;D,11.102019944744352,0.2568313146490105,5,own
29-1127,1,0.00015742662492446158,partial:OEWS_May2021_lognormal;D,11.282694287066327,0.35067819162150576,5,own
29-1127,2,0.0018456226437529866,partial:OEWS_May2021_lognormal;D,11.282694287066327,0.35067819162150576,5,own
29-1127,3,0.007262130306319059,partial:OEWS_May2021_lognormal;D,11.282694287066327,0.35067819162150576,5,own
29-1127,4,0.0189237364788567,partial:OEWS_May2021_lognormal;D,11.282694287066327,0.35067819162150576,5,own
29-1127,5,0.03985175171029576,partial:OEWS_May2021_lognormal;D,11.282694287066327,0.35067819162150576,5,own
29-1127,6,0.07359851744085621,partial:OEWS_May2021_lognormal;D,11.282694287066327,0.35067819162150576,5,own
29-1127,7,0.12393928403838733,partial:OEWS_May2021_lognormal;D,11.282694287066327,0.35067819162150576,5,own
29-1127,8,0.19324179985171436,partial:OEWS_May2021_lognormal;D,11.282694287066327,0.35067819162150576,5,own
29-1127,9,0.2741019496522521,partial:OEWS_May2021_lognormal;D,11.282694287066327,0.35067819162150576,5,own
29-1127,10,0.26707778125264103,partial:OEWS_May2021_lognormal;D,11.282694287066327,0.35067819162150576,5,own
29-1128,1,0.0008780113967189473,partial:OEWS_May2021_lognormal;D,10.859882839191158,0.26867648729538945,5,own
29-1128,2,0.013666255220338042,partial:OEWS_May2021_lognormal;D,10.859882839191158,0.26867648729538945,5,own
29-1128,3,0.052278781794287355,partial:OEWS_May2021_lognormal;D,10.859882839191158,0.26867648729538945,5,own
29-1128,4,0.11280432966276066,partial:OEWS_May2021_lognormal;D,10.859882839191158,0.26867648729538945,5,own
29-1128,5,0.1753993197995537,partial:OEWS_May2021_lognormal;D,10.859882839191158,0.26867648729538945,5,own
29-1128,6,0.21373299269380275,partial:OEWS_May2021_lognormal;D,10.859882839191158,0.26867648729538945,5,own
29-1128,7,0.2065083027428597,partial:OEWS_May2021_lognormal;D,10.859882839191158,0.26867648729538945,5,own
29-1128,8,0.1496164855699148,partial:OEWS_May2021_lognormal;D,10.859882839191158,0.26867648729538945,5,own
29-1128,9,0.06657819847223645,partial:OEWS_May2021_lognormal;D,10.859882839191158,0.26867648729538945,5,own
29-1128,10,0.008537322647527601,partial:OEWS_May2021_lognormal;D,10.859882839191158,0.26867648729538945,5,own
29-1129,1,0.004725681573297724,partial:OEWS_May2021_lognormal;D,11.006028962848802,0.38020735322866756,5,own
29-1129,2,0.02229444734779784,partial:OEWS_May2021_lognormal;D,11.006028962848802,0.38020735322866756,5,own
29-1129,3,0.047309206418918615,partial:OEWS_May2021_lognormal;D,11.006028962848802,0.38020735322866756,5,own
29-1129,4,0.07665067221288374,partial:OEWS_May2021_lognormal;D,11.006028962848802,0.38020735322866756,5,own
29-1129,5,0.10780048500058487,partial:OEWS_May2021_lognormal;D,11.006028962848802,0.38020735322866756,5,own
29-1129,6,0.13788795523453423,partial:OEWS_May2021_lognormal;D,11.006028962848802,0.38020735322866756,5,own
29-1129,7,0.1629753819601487,partial:OEWS_May2021_lognormal;D,11.006028962848802,0.38020735322866756,5,own
29-1129,8,0.17675892730057685,partial:OEWS_May2021_lognormal;D,11.006028962848802,0.38020735322866756,5,own
29-1129,9,0.16697856596501304,partial:OEWS_May2021_lognormal;D,11.006028962848802,0.38020735322866756,5,own
29-1129,10,0.09661867698624438,partial:OEWS_May2021_lognormal;D,11.006028962848802,0.38020735322866756,5,own
29-1131,1,0.000048974460513606655,partial:OEWS_May2021_lognormal;D,11.517561924682544,0.3846060121390739,5,own
29-1131,2,0.0005603078845710097,partial:OEWS_May2021_lognormal;D,11.517561924682544,0.3846060121390739,5,own
29-1131,3,0.0023004347440215844,partial:OEWS_May2021_lognormal;D,11.517561924682544,0.3846060121390739,5,own
29-1131,4,0.006465597525883826,partial:OEWS_May2021_lognormal;D,11.517561924682544,0.3846060121390739,5,own
29-1131,5,0.015059524804415303,partial:OEWS_May2021_lognormal;D,11.517561924682544,0.3846060121390739,5,own
29-1131,6,0.03159514733082186,partial:OEWS_May2021_lognormal;D,11.517561924682544,0.3846060121390739,5,own
29-1131,7,0.06263871768570328,partial:OEWS_May2021_lognormal;D,11.517561924682544,0.3846060121390739,5,own
29-1131,8,0.12175039242991426,partial:OEWS_May2021_lognormal;D,11.517561924682544,0.3846060121390739,5,own
29-1131,9,0.24209829536001154,partial:OEWS_May2021_lognormal;D,11.517561924682544,0.3846060121390739,5,own
29-1131,10,0.5174826077741437,partial:OEWS_May2021_lognormal;D,11.517561924682544,0.3846060121390739,5,own
29-1141,1,5.048961638609573e-6,partial:OEWS_May2021_lognormal;D,11.293893289536621,0.2886954024143698,5,own
29-1141,2,0.00019937175036027766,partial:OEWS_May2021_lognormal;D,11.293893289536621,0.2886954024143698,5,own
29-1141,3,0.0016660237535578437,partial:OEWS_May2021_lognormal;D,11.293893289536621,0.2886954024143698,5,own
29-1141,4,0.007351989895481192,partial:OEWS_May2021_lognormal;D,11.293893289536621,0.2886954024143698,5,own
29-1141,5,0.022980878718739883,partial:OEWS_May2021_lognormal;D,11.293893289536621,0.2886954024143698,5,own
29-1141,6,0.05757121257717329,partial:OEWS_May2021_lognormal;D,11.293893289536621,0.2886954024143698,5,own
29-1141,7,0.1222297052753904,partial:OEWS_May2021_lognormal;D,11.293893289536621,0.2886954024143698,5,own
29-1141,8,0.22270417195399544,partial:OEWS_May2021_lognormal;D,11.293893289536621,0.2886954024143698,5,own
29-1141,9,0.32840602759546866,partial:OEWS_May2021_lognormal;D,11.293893289536621,0.2886954024143698,5,own
29-1141,10,0.2368855695181944,partial:OEWS_May2021_lognormal;D,11.293893289536621,0.2886954024143698,5,own
29-1151,1,6.619704784327496e-13,partial:OEWS_May2021_lognormal;D,12.195431830283594,0.3068550101624916,3,own
29-1151,2,1.879822408845655e-10,partial:OEWS_May2021_lognormal;D,12.195431830283594,0.3068550101624916,3,own
29-1151,3,7.135078583520027e-9,partial:OEWS_May2021_lognormal;D,12.195431830283594,0.3068550101624916,3,own
29-1151,4,1.194249921177004e-7,partial:OEWS_May2021_lognormal;D,12.195431830283594,0.3068550101624916,3,own
29-1151,5,1.3223521679872619e-6,partial:OEWS_May2021_lognormal;D,12.195431830283594,0.3068550101624916,3,own
29-1151,6,0.000011854733863225775,partial:OEWS_May2021_lognormal;D,12.195431830283594,0.3068550101624916,3,own
29-1151,7,0.00009874911691065691,partial:OEWS_May2021_lognormal;D,12.195431830283594,0.3068550101624916,3,own
29-1151,8,0.0008797854049147347,partial:OEWS_May2021_lognormal;D,12.195431830283594,0.3068550101624916,3,own
29-1151,9,0.01079422502014743,partial:OEWS_May2021_lognormal;D,12.195431830283594,0.3068550101624916,3,own
29-1151,10,0.988213936623281,partial:OEWS_May2021_lognormal;D,12.195431830283594,0.3068550101624916,3,own
29-1161,1,4.4841113662763554e-6,partial:OEWS_May2021_lognormal;D,11.586492394904484,0.35292216414131866,5,own
29-1161,2,0.0000950516792089795,partial:OEWS_May2021_lognormal;D,11.586492394904484,0.35292216414131866,5,own
29-1161,3,0.0005859793368331312,partial:OEWS_May2021_lognormal;D,11.586492394904484,0.35292216414131866,5,own
29-1161,4,0.00223317424760594,partial:OEWS_May2021_lognormal;D,11.586492394904484,0.35292216414131866,5,own
29-1161,5,0.006674903619721562,partial:OEWS_May2021_lognormal;D,11.586492394904484,0.35292216414131866,5,own
29-1161,6,0.01739814170250692,partial:OEWS_May2021_lognormal;D,11.586492394904484,0.35292216414131866,5,own
29-1161,7,0.042036599970912025,partial:OEWS_May2021_lognormal;D,11.586492394904484,0.35292216414131866,5,own
29-1161,8,0.09860583803006101,partial:OEWS_May2021_lognormal;D,11.586492394904484,0.35292216414131866,5,own
29-1161,9,0.23633544673995194,partial:OEWS_May2021_lognormal;D,11.586492394904484,0.35292216414131866,5,own
29-1161,10,0.5960303805618322,partial:OEWS_May2021_lognormal;D,11.586492394904484,0.35292216414131866,5,own
29-1171,1,2.4442681212377693e-10,partial:OEWS_May2021_lognormal;D,11.653764598011708,0.2626666717351356,5,own
29-1171,2,7.392571876874143e-8,partial:OEWS_May2021_lognormal;D,11.653764598011708,0.2626666717351356,5,own
29-1171,3,2.52540171902238e-6,partial:OEWS_May2021_lognormal;D,11.653764598011708,0.2626666717351356,5,own
29-1171,4,0.000034851062496510377,partial:OEWS_May2021_lognormal;D,11.653764598011708,0.2626666717351356,5,own
29-1171,5,0.0002961873411587712,partial:OEWS_May2021_lognormal;D,11.653764598011708,0.2626666717351356,5,own
29-1171,6,0.0018854563844319383,partial:OEWS_May2021_lognormal;D,11.653764598011708,0.2626666717351356,5,own
29-1171,7,0.01004418024116882,partial:OEWS_May2021_lognormal;D,11.653764598011708,0.2626666717351356,5,own
29-1171,8,0.04821648272562862,partial:OEWS_May2021_lognormal;D,11.653764598011708,0.2626666717351356,5,own
29-1171,9,0.21955947165455314,partial:OEWS_May2021_lognormal;D,11.653764598011708,0.2626666717351356,5,own
29-1171,10,0.7199607710186976,partial:OEWS_May2021_lognormal;D,11.653764598011708,0.2626666717351356,5,own
29-1181,1,6.850013678505462e-7,partial:OEWS_May2021_lognormal;D,11.3279436107433,0.2709821700660101,5,own
29-1181,2,0.000049232700508383687,partial:OEWS_May2021_lognormal;D,11.3279436107433,0.2709821700660101,5,own
29-1181,3,0.000603690116508182,partial:OEWS_May2021_lognormal;D,11.3279436107433,0.2709821700660101,5,own
29-1181,4,0.0035376579293603383,partial:OEWS_May2021_lognormal;D,11.3279436107433,0.2709821700660101,5,own
29-1181,5,0.01385443554132032,partial:OEWS_May2021_lognormal;D,11.3279436107433,0.2709821700660101,5,own
29-1181,6,0.04186404511325753,partial:OEWS_May2021_lognormal;D,11.3279436107433,0.2709821700660101,5,own
29-1181,7,0.10427548810430765,partial:OEWS_May2021_lognormal;D,11.3279436107433,0.2709821700660101,5,own
29-1181,8,0.21759797454823648,partial:OEWS_May2021_lognormal;D,11.3279436107433,0.2709821700660101,5,own
29-1181,9,0.3563261060489079,partial:OEWS_May2021_lognormal;D,11.3279436107433,0.2709821700660101,5,own
29-1181,10,0.26189068489622536,partial:OEWS_May2021_lognormal;D,11.3279436107433,0.2709821700660101,5,own
29-1211,1,9.604140058738775e-6,partial:OEWS_May2021_lognormal;D,12.384045422600064,0.5533028594766481,1,major_sigma
29-1211,2,0.000058666586519651176,partial:OEWS_May2021_lognormal;D,12.384045422600064,0.5533028594766481,1,major_sigma
29-1211,3,0.00017965921575918697,partial:OEWS_May2021_lognormal;D,12.384045422600064,0.5533028594766481,1,major_sigma
29-1211,4,0.00043958600758664534,partial:OEWS_May2021_lognormal;D,12.384045422600064,0.5533028594766481,1,major_sigma
29-1211,5,0.0009791696972982766,partial:OEWS_May2021_lognormal;D,12.384045422600064,0.5533028594766481,1,major_sigma
29-1211,6,0.0021196646072599856,partial:OEWS_May2021_lognormal;D,12.384045422600064,0.5533028594766481,1,major_sigma
29-1211,7,0.004697453720969524,partial:OEWS_May2021_lognormal;D,12.384045422600064,0.5533028594766481,1,major_sigma
29-1211,8,0.011405470051161382,partial:OEWS_May2021_lognormal;D,12.384045422600064,0.5533028594766481,1,major_sigma
29-1211,9,0.03530028864964263,partial:OEWS_May2021_lognormal;D,12.384045422600064,0.5533028594766481,1,major_sigma
29-1211,10,0.944810437323744,partial:OEWS_May2021_lognormal;D,12.384045422600064,0.5533028594766481,1,major_sigma
29-1212,1,4.970901773537761e-7,partial:OEWS_May2021_lognormal;D,12.726477051366139,0.5533028594766481,1,major_sigma
29-1212,2,4.1443434314891725e-6,partial:OEWS_May2021_lognormal;D,12.726477051366139,0.5533028594766481,1,major_sigma
29-1212,3,0.000015849844867188434,partial:OEWS_May2021_lognormal;D,12.726477051366139,0.5533028594766481,1,major_sigma
29-1212,4,0.00004657953090331235,partial:OEWS_May2021_lognormal;D,12.726477051366139,0.5533028594766481,1,major_sigma
29-1212,5,0.00012257939590004652,partial:OEWS_May2021_lognormal;D,12.726477051366139,0.5533028594766481,1,major_sigma
29-1212,6,0.0003122902664143279,partial:OEWS_May2021_lognormal;D,12.726477051366139,0.5533028594766481,1,major_sigma
29-1212,7,0.0008203196713068572,partial:OEWS_May2021_lognormal;D,12.726477051366139,0.5533028594766481,1,major_sigma
29-1212,8,0.0024150094103390085,partial:OEWS_May2021_lognormal;D,12.726477051366139,0.5533028594766481,1,major_sigma
29-1212,9,0.009629801641467428,partial:OEWS_May2021_lognormal;D,12.726477051366139,0.5533028594766481,1,major_sigma
29-1212,10,0.9866329288051929,partial:OEWS_May2021_lognormal;D,12.726477051366139,0.5533028594766481,1,major_sigma
29-1213,1,0.00001552727650494523,partial:OEWS_May2021_lognormal;D,12.324118084659695,0.5533028594766481,2,major_sigma
29-1213,2,0.00008973429298625435,partial:OEWS_May2021_lognormal;D,12.324118084659695,0.5533028594766481,2,major_sigma
29-1213,3,0.0002642535257970091,partial:OEWS_May2021_lognormal;D,12.324118084659695,0.5533028594766481,2,major_sigma
29-1213,4,0.0006261138033933911,partial:OEWS_May2021_lognormal;D,12.324118084659695,0.5533028594766481,2,major_sigma
29-1213,5,0.0013545125901449628,partial:OEWS_May2021_lognormal;D,12.324118084659695,0.5533028594766481,2,major_sigma
29-1213,6,0.0028497996936593384,partial:OEWS_May2021_lognormal;D,12.324118084659695,0.5533028594766481,2,major_sigma
29-1213,7,0.00613060454723674,partial:OEWS_May2021_lognormal;D,12.324118084659695,0.5533028594766481,2,major_sigma
29-1213,8,0.014392926694798247,partial:OEWS_May2021_lognormal;D,12.324118084659695,0.5533028594766481,2,major_sigma
29-1213,9,0.0426278455533175,partial:OEWS_May2021_lognormal;D,12.324118084659695,0.5533028594766481,2,major_sigma
29-1213,10,0.9316486820221617,partial:OEWS_May2021_lognormal;D,12.324118084659695,0.5533028594766481,2,major_sigma
29-1214,1,0.000026736315967779145,partial:OEWS_May2021_lognormal;D,12.254575601626094,0.5533028594766481,1,major_sigma
29-1214,2,0.00014482674596238976,partial:OEWS_May2021_lognormal;D,12.254575601626094,0.5533028594766481,1,major_sigma
29-1214,3,0.00040751775782515987,partial:OEWS_May2021_lognormal;D,12.254575601626094,0.5533028594766481,1,major_sigma
29-1214,4,0.0009301722852947392,partial:OEWS_May2021_lognormal;D,12.254575601626094,0.5533028594766481,1,major_sigma
29-1214,5,0.0019452208128376003,partial:OEWS_May2021_lognormal;D,12.254575601626094,0.5533028594766481,1,major_sigma
29-1214,6,0.003959464881955199,partial:OEWS_May2021_lognormal;D,12.254575601626094,0.5533028594766481,1,major_sigma
29-1214,7,0.008229123727678367,partial:OEWS_May2021_lognormal;D,12.254575601626094,0.5533028594766481,1,major_sigma
29-1214,8,0.01858088910441441,partial:OEWS_May2021_lognormal;D,12.254575601626094,0.5533028594766481,1,major_sigma
29-1214,9,0.052296608589688875,partial:OEWS_May2021_lognormal;D,12.254575601626094,0.5533028594766481,1,major_sigma
29-1214,10,0.9134794397783754,partial:OEWS_May2021_lognormal;D,12.254575601626094,0.5533028594766481,1,major_sigma
29-1215,1,0.0001611243012346053,partial:OEWS_May2021_lognormal;D,12.009362406658257,0.5533028594766481,2,major_sigma
29-1215,2,0.000691795842439169,partial:OEWS_May2021_lognormal;D,12.009362406658257,0.5533028594766481,2,major_sigma
29-1215,3,0.0016566115773284928,partial:OEWS_May2021_lognormal;D,12.009362406658257,0.5533028594766481,2,major_sigma
29-1215,4,0.0033139130504991066,partial:OEWS_May2021_lognormal;D,12.009362406658257,0.5533028594766481,2,major_sigma
29-1215,5,0.006148740922196028,partial:OEWS_May2021_lognormal;D,12.009362406658257,0.5533028594766481,2,major_sigma
29-1215,6,0.011138007842487585,partial:OEWS_May2021_lognormal;D,12.009362406658257,0.5533028594766481,2,major_sigma
29-1215,7,0.020501147561458655,partial:OEWS_May2021_lognormal;D,12.009362406658257,0.5533028594766481,2,major_sigma
29-1215,8,0.040356711528893696,partial:OEWS_May2021_lognormal;D,12.009362406658257,0.5533028594766481,2,major_sigma
29-1215,9,0.09499707154269027,partial:OEWS_May2021_lognormal;D,12.009362406658257,0.5533028594766481,2,major_sigma
29-1215,10,0.8210348758307724,partial:OEWS_May2021_lognormal;D,12.009362406658257,0.5533028594766481,2,major_sigma
29-1216,1,0.0002923944312994142,partial:OEWS_May2021_lognormal;D,11.921856337024652,0.5533028594766481,2,major_sigma
29-1216,2,0.0011534499033321044,partial:OEWS_May2021_lognormal;D,11.921856337024652,0.5533028594766481,2,major_sigma
29-1216,3,0.002606759401873271,partial:OEWS_May2021_lognormal;D,11.921856337024652,0.5533028594766481,2,major_sigma
29-1216,4,0.004974268757288569,partial:OEWS_May2021_lognormal;D,11.921856337024652,0.5533028594766481,2,major_sigma
29-1216,5,0.008843334856823648,partial:OEWS_May2021_lognormal;D,11.921856337024652,0.5533028594766481,2,major_sigma
29-1216,6,0.015366127162771692,partial:OEWS_May2021_lognormal;D,11.921856337024652,0.5533028594766481,2,major_sigma
29-1216,7,0.027085038875488354,partial:OEWS_May2021_lognormal;D,11.921856337024652,0.5533028594766481,2,major_sigma
29-1216,8,0.05077584873957619,partial:OEWS_May2021_lognormal;D,11.921856337024652,0.5533028594766481,2,major_sigma
29-1216,9,0.11218236325269376,partial:OEWS_May2021_lognormal;D,11.921856337024652,0.5533028594766481,2,major_sigma
29-1216,10,0.776720414618853,partial:OEWS_May2021_lognormal;D,11.921856337024652,0.5533028594766481,2,major_sigma
29-1217,1,0.00010613121995006747,partial:OEWS_May2021_lognormal;D,12.068693945177664,0.5533028594766481,2,major_sigma
29-1217,2,0.0004823459900805682,partial:OEWS_May2021_lognormal;D,12.068693945177664,0.5533028594766481,2,major_sigma
29-1217,3,0.0012011706368787456,partial:OEWS_May2021_lognormal;D,12.068693945177664,0.5533028594766481,2,major_sigma
29-1217,4,0.0024808793400035167,partial:OEWS_May2021_lognormal;D,12.068693945177664,0.5533028594766481,2,major_sigma
29-1217,5,0.004738370123215596,partial:OEWS_May2021_lognormal;D,12.068693945177664,0.5533028594766481,2,major_sigma
29-1217,6,0.00882885586037907,partial:OEWS_May2021_lognormal;D,12.068693945177664,0.5533028594766481,2,major_sigma
29-1217,7,0.016735203576772217,partial:OEWS_May2021_lognormal;D,12.068693945177664,0.5533028594766481,2,major_sigma
29-1217,8,0.03405371364084536,partial:OEWS_May2021_lognormal;D,12.068693945177664,0.5533028594766481,2,major_sigma
29-1217,9,0.0836900759309473,partial:OEWS_May2021_lognormal;D,12.068693945177664,0.5533028594766481,2,major_sigma
29-1217,10,0.8476832536809276,partial:OEWS_May2021_lognormal;D,12.068693945177664,0.5533028594766481,2,major_sigma
29-1218,1,8.264070357311137e-6,partial:OEWS_May2021_lognormal;D,12.402509176252849,0.5533028594766481,2,major_sigma
29-1218,2,0.00005134684329111128,partial:OEWS_May2021_lognormal;D,12.402509176252849,0.5533028594766481,2,major_sigma
29-1218,3,0.00015914847589049153,partial:OEWS_May2021_lognormal;D,12.402509176252849,0.5533028594766481,2,major_sigma
29-1218,4,0.0003932750135181573,partial:OEWS_May2021_lognormal;D,12.402509176252849,0.5533028594766481,2,major_sigma
29-1218,5,0.0008839297944460145,partial:OEWS_May2021_lognormal;D,12.402509176252849,0.5533028594766481,2,major_sigma
29-1218,6,0.001930370381311164,partial:OEWS_May2021_lognormal;D,12.402509176252849,0.5533028594766481,2,major_sigma
29-1218,7,0.004317311152653436,partial:OEWS_May2021_lognormal;D,12.402509176252849,0.5533028594766481,2,major_sigma
29-1218,8,0.01059171455403951,partial:OEWS_May2021_lognormal;D,12.402509176252849,0.5533028594766481,2,major_sigma
29-1218,9,0.03323002976930606,partial:OEWS_May2021_lognormal;D,12.402509176252849,0.5533028594766481,2,major_sigma
29-1218,10,0.9484346099451868,partial:OEWS_May2021_lognormal;D,12.402509176252849,0.5533028594766481,2,major_sigma
29-1221,1,0.0004911650066284912,partial:OEWS_May2021_lognormal;D,12.09428363512083,0.629638868655155,3,own
29-1221,2,0.001424627513077259,partial:OEWS_May2021_lognormal;D,12.09428363512083,0.629638868655155,3,own
29-1221,3,0.0027384624048458206,partial:OEWS_May2021_lognormal;D,12.09428363512083,0.629638868655155,3,own
29-1221,4,0.004689747831926716,partial:OEWS_May2021_lognormal;D,12.09428363512083,0.629638868655155,3,own
29-1221,5,0.007695476529045564,partial:OEWS_May2021_lognormal;D,12.09428363512083,0.629638868655155,3,own
29-1221,6,0.012569230804650167,partial:OEWS_May2021_lognormal;D,12.09428363512083,0.629638868655155,3,own
29-1221,7,0.021127004629408086,partial:OEWS_May2021_lognormal;D,12.09428363512083,0.629638868655155,3,own
29-1221,8,0.03832395792142729,partial:OEWS_May2021_lognormal;D,12.09428363512083,0.629638868655155,3,own
29-1221,9,0.08384902045647802,partial:OEWS_May2021_lognormal;D,12.09428363512083,0.629638868655155,3,own
29-1221,10,0.8270913069025125,partial:OEWS_May2021_lognormal;D,12.09428363512083,0.629638868655155,3,own
29-1222,1,0.00019721294802166334,partial:OEWS_May2021_lognormal;D,11.980070758576808,0.5533028594766481,2,major_sigma
29-1222,2,0.0008231659495690491,partial:OEWS_May2021_lognormal;D,11.980070758576808,0.5533028594766481,2,major_sigma
29-1222,3,0.0019334059087029454,partial:OEWS_May2021_lognormal;D,11.980070758576808,0.5533028594766481,2,major_sigma
29-1222,4,0.0038070330717298595,partial:OEWS_May2021_lognormal;D,11.980070758576808,0.5533028594766481,2,major_sigma
29-1222,5,0.006963386563452134,partial:OEWS_May2021_lognormal;D,11.980070758576808,0.5533028594766481,2,major_sigma
29-1222,6,0.012439189481685375,partial:OEWS_May2021_lognormal;D,11.980070758576808,0.5533028594766481,2,major_sigma
29-1222,7,0.022566632485101157,partial:OEWS_May2021_lognormal;D,11.980070758576808,0.5533028594766481,2,major_sigma
29-1222,8,0.04370203451956639,partial:OEWS_May2021_lognormal;D,11.980070758576808,0.5533028594766481,2,major_sigma
29-1222,9,0.10070980477775532,partial:OEWS_May2021_lognormal;D,11.980070758576808,0.5533028594766481,2,major_sigma
29-1222,10,0.8068581342944161,partial:OEWS_May2021_lognormal;D,11.980070758576808,0.5533028594766481,2,major_sigma
29-1223,1,0.0002277765827128908,partial:OEWS_May2021_lognormal;D,11.958951030106,0.5533028594766481,2,major_sigma
29-1223,2,0.0009315099749901412,partial:OEWS_May2021_lognormal;D,11.958951030106,0.5533028594766481,2,major_sigma
29-1223,3,0.0021575271578893607,partial:OEWS_May2021_lognormal;D,11.958951030106,0.5533028594766481,2,major_sigma
29-1223,4,0.004200242220172012,partial:OEWS_May2021_lognormal;D,11.958951030106,0.5533028594766481,2,major_sigma
29-1223,5,0.0076037742921852836,partial:OEWS_May2021_lognormal;D,11.958951030106,0.5533028594766481,2,major_sigma
29-1223,6,0.013447416372721177,partial:OEWS_May2021_lognormal;D,11.958951030106,0.5533028594766481,2,major_sigma
29-1223,7,0.024142078750745977,partial:OEWS_May2021_lognormal;D,11.958951030106,0.5533028594766481,2,major_sigma
29-1223,8,0.046205134738340925,partial:OEWS_May2021_lognormal;D,11.958951030106,0.5533028594766481,2,major_sigma
29-1223,9,0.10486140498320745,partial:OEWS_May2021_lognormal;D,11.958951030106,0.5533028594766481,2,major_sigma
29-1223,10,0.7962231349270348,partial:OEWS_May2021_lognormal;D,11.958951030106,0.5533028594766481,2,major_sigma
29-1224,1,0.00004467025734011809,partial:OEWS_May2021_lognormal;D,12.187044297681108,0.5533028594766481,2,major_sigma
29-1224,2,0.0002271225892451212,partial:OEWS_May2021_lognormal;D,12.187044297681108,0.5533028594766481,2,major_sigma
29-1224,3,0.000611395291557737,partial:OEWS_May2021_lognormal;D,12.187044297681108,0.5533028594766481,2,major_sigma
29-1224,4,0.0013457926477454807,partial:OEWS_May2021_lognormal;D,12.187044297681108,0.5533028594766481,2,major_sigma
29-1224,5,0.002723204825553216,partial:OEWS_May2021_lognormal;D,12.187044297681108,0.5533028594766481,2,major_sigma
29-1224,6,0.005367842662858779,partial:OEWS_May2021_lognormal;D,12.187044297681108,0.5533028594766481,2,major_sigma
29-1224,7,0.01078905651571277,partial:OEWS_May2021_lognormal;D,12.187044297681108,0.5533028594766481,2,major_sigma
29-1224,8,0.023456807615672592,partial:OEWS_May2021_lognormal;D,12.187044297681108,0.5533028594766481,2,major_sigma
29-1224,9,0.06283940877419397,partial:OEWS_May2021_lognormal;D,12.187044297681108,0.5533028594766481,2,major_sigma
29-1224,10,0.8925946988201202,partial:OEWS_May2021_lognormal;D,12.187044297681108,0.5533028594766481,2,major_sigma
29-1229,1,0.0006823293287626098,partial:OEWS_May2021_lognormal;D,11.790972825987213,0.5533028594766481,2,major_sigma
29-1229,2,0.002366587093353356,partial:OEWS_May2021_lognormal;D,11.790972825987213,0.5533028594766481,2,major_sigma
29-1229,3,0.004903196163607959,partial:OEWS_May2021_lognormal;D,11.790972825987213,0.5533028594766481,2,major_sigma
29-1229,4,0.008717900663761047,partial:OEWS_May2021_lognormal;D,11.790972825987213,0.5533028594766481,2,major_sigma
29-1229,5,0.014538688973564695,partial:OEWS_May2021_lognormal;D,11.790972825987213,0.5533028594766481,2,major_sigma
29-1229,6,0.02373789225333872,partial:OEWS_May2021_lognormal;D,11.790972825987213,0.5533028594766481,2,major_sigma
29-1229,7,0.03921900543878648,partial:OEWS_May2021_lognormal;D,11.790972825987213,0.5533028594766481,2,major_sigma
29-1229,8,0.06835179446211603,partial:OEWS_May2021_lognormal;D,11.790972825987213,0.5533028594766481,2,major_sigma
29-1229,9,0.13740823652696083,partial:OEWS_May2021_lognormal;D,11.790972825987213,0.5533028594766481,2,major_sigma
29-1229,10,0.7000743690957483,partial:OEWS_May2021_lognormal;D,11.790972825987213,0.5533028594766481,2,major_sigma
29-1241,1,0.000017320871355752665,partial:OEWS_May2021_lognormal;D,12.310282974212097,0.5533028594766481,2,major_sigma
29-1241,2,0.00009882244148368136,partial:OEWS_May2021_lognormal;D,12.310282974212097,0.5533028594766481,2,major_sigma
29-1241,3,0.00028839612123920944,partial:OEWS_May2021_lognormal;D,12.310282974212097,0.5533028594766481,2,major_sigma
29-1241,4,0.0006782613320014952,partial:OEWS_May2021_lognormal;D,12.310282974212097,0.5533028594766481,2,major_sigma
29-1241,5,0.00145746428615251,partial:OEWS_May2021_lognormal;D,12.310282974212097,0.5533028594766481,2,major_sigma
29-1241,6,0.0030462925791442386,partial:OEWS_May2021_lognormal;D,12.310282974212097,0.5533028594766481,2,major_sigma
29-1241,7,0.006508509605248902,partial:OEWS_May2021_lognormal;D,12.310282974212097,0.5533028594766481,2,major_sigma
29-1241,8,0.015162029560218171,partial:OEWS_May2021_lognormal;D,12.310282974212097,0.5533028594766481,2,major_sigma
29-1241,9,0.044452184753335566,partial:OEWS_May2021_lognormal;D,12.310282974212097,0.5533028594766481,2,major_sigma
29-1241,10,0.9282907184498205,partial:OEWS_May2021_lognormal;D,12.310282974212097,0.5533028594766481,2,major_sigma
29-1242,1,0.000023517455675803323,partial:OEWS_May2021_lognormal;D,12.271167019446903,0.5533028594766481,2,major_sigma
29-1242,2,0.0001293791036041103,partial:OEWS_May2021_lognormal;D,12.271167019446903,0.5533028594766481,2,major_sigma
29-1242,3,0.0003680284449092408,partial:OEWS_May2021_lognormal;D,12.271167019446903,0.5533028594766481,2,major_sigma
29-1242,4,0.0008475557961230562,partial:OEWS_May2021_lognormal;D,12.271167019446903,0.5533028594766481,2,major_sigma
29-1242,5,0.0017868462441781308,partial:OEWS_May2021_lognormal;D,12.271167019446903,0.5533028594766481,2,major_sigma
29-1242,6,0.003665908660214212,partial:OEWS_May2021_lognormal;D,12.271167019446903,0.5533028594766481,2,major_sigma
29-1242,7,0.007681927435747804,partial:OEWS_May2021_lognormal;D,12.271167019446903,0.5533028594766481,2,major_sigma
29-1242,8,0.017507391947371553,partial:OEWS_May2021_lognormal;D,12.271167019446903,0.5533028594766481,2,major_sigma
29-1242,9,0.049877530993981734,partial:OEWS_May2021_lognormal;D,12.271167019446903,0.5533028594766481,2,major_sigma
29-1242,10,0.9181119139181944,partial:OEWS_May2021_lognormal;D,12.271167019446903,0.5533028594766481,2,major_sigma
29-1243,1,0.00001536105047317271,partial:OEWS_May2021_lognormal;D,12.325476222509547,0.5533028594766481,2,major_sigma
29-1243,2,0.00008888554782959801,partial:OEWS_May2021_lognormal;D,12.325476222509547,0.5533028594766481,2,major_sigma
29-1243,3,0.00026198658284304344,partial:OEWS_May2021_lognormal;D,12.325476222509547,0.5533028594766481,2,major_sigma
29-1243,4,0.0006211951797210902,partial:OEWS_May2021_lognormal;D,12.325476222509547,0.5533028594766481,2,major_sigma
29-1243,5,0.0013447617660221622,partial:OEWS_May2021_lognormal;D,12.325476222509547,0.5533028594766481,2,major_sigma
29-1243,6,0.002831112724082596,partial:OEWS_May2021_lognormal;D,12.325476222509547,0.5533028594766481,2,major_sigma
29-1243,7,0.006094507010081407,partial:OEWS_May2021_lognormal;D,12.325476222509547,0.5533028594766481,2,major_sigma
29-1243,8,0.014319084369731172,partial:OEWS_May2021_lognormal;D,12.325476222509547,0.5533028594766481,2,major_sigma
29-1243,9,0.04245143747989777,partial:OEWS_May2021_lognormal;D,12.325476222509547,0.5533028594766481,2,major_sigma
29-1243,10,0.931971668289318,partial:OEWS_May2021_lognormal;D,12.325476222509547,0.5533028594766481,2,major_sigma
29-1249,1,0.00011184679451370361,partial:OEWS_May2021_lognormal;D,12.06132381093541,0.5533028594766481,2,major_sigma
29-1249,2,0.0005047557319751705,partial:OEWS_May2021_lognormal;D,12.06132381093541,0.5533028594766481,2,major_sigma
29-1249,3,0.001250883930087987,partial:OEWS_May2021_lognormal;D,12.06132381093541,0.5533028594766481,2,major_sigma
29-1249,4,0.002573323089653301,partial:OEWS_May2021_lognormal;D,12.06132381093541,0.5533028594766481,2,major_sigma
29-1249,5,0.004897285234811144,partial:OEWS_May2021_lognormal;D,12.06132381093541,0.5533028594766481,2,major_sigma
29-1249,6,0.00909303028513292,partial:OEWS_May2021_lognormal;D,12.06132381093541,0.5533028594766481,2,major_sigma
29-1249,7,0.01717316918293338,partial:OEWS_May2021_lognormal;D,12.06132381093541,0.5533028594766481,2,major_sigma
29-1249,8,0.03480126423973723,partial:OEWS_May2021_lognormal;D,12.06132381093541,0.5533028594766481,2,major_sigma
29-1249,9,0.08507020866225673,partial:OEWS_May2021_lognormal;D,12.06132381093541,0.5533028594766481,2,major_sigma
29-1249,10,0.8445242328488984,partial:OEWS_May2021_lognormal;D,12.06132381093541,0.5533028594766481,2,major_sigma
29-1291,1,0.04692852222422733,partial:OEWS_May2021_lognormal;D,11.01929516915657,0.5968813180011635,5,own
29-1291,2,0.05883168500800445,partial:OEWS_May2021_lognormal;D,11.01929516915657,0.5968813180011635,5,own
29-1291,3,0.06727951173241159,partial:OEWS_May2021_lognormal;D,11.01929516915657,0.5968813180011635,5,own
29-1291,4,0.07529107567109433,partial:OEWS_May2021_lognormal;D,11.01929516915657,0.5968813180011635,5,own
29-1291,5,0.08365798280614167,partial:OEWS_May2021_lognormal;D,11.01929516915657,0.5968813180011635,5,own
29-1291,6,0.09301670041803539,partial:OEWS_May2021_lognormal;D,11.01929516915657,0.5968813180011635,5,own
29-1291,7,0.10423661501779152,partial:OEWS_May2021_lognormal;D,11.01929516915657,0.5968813180011635,5,own
29-1291,8,0.1189853399146581,partial:OEWS_May2021_lognormal;D,11.01929516915657,0.5968813180011635,5,own
29-1291,9,0.1418059893873046,partial:OEWS_May2021_lognormal;D,11.01929516915657,0.5968813180011635,5,own
29-1291,10,0.209966577820331,partial:OEWS_May2021_lognormal;D,11.01929516915657,0.5968813180011635,5,own
29-1292,1,1.506687552499386e-10,partial:OEWS_May2021_lognormal;D,11.296334177069017,0.20276787237598895,5,own
29-1292,2,2.2768874813339224e-7,partial:OEWS_May2021_lognormal;D,11.296334177069017,0.20276787237598895,5,own
29-1292,3,0.00001714708379829677,partial:OEWS_May2021_lognormal;D,11.296334177069017,0.20276787237598895,5,own
29-1292,4,0.00036223368134863376,partial:OEWS_May2021_lognormal;D,11.296334177069017,0.20276787237598895,5,own
29-1292,5,0.0037037446279001296,partial:OEWS_May2021_lognormal;D,11.296334177069017,0.20276787237598895,5,own
29-1292,6,0.02315998507657313,partial:OEWS_May2021_lognormal;D,11.296334177069017,0.20276787237598895,5,own
29-1292,7,0.09776171448408227,partial:OEWS_May2021_lognormal;D,11.296334177069017,0.20276787237598895,5,own
29-1292,8,0.27779537465592485,partial:OEWS_May2021_lognormal;D,11.296334177069017,0.20276787237598895,5,own
29-1292,9,0.4404462681677943,partial:OEWS_May2021_lognormal;D,11.296334177069017,0.20276787237598895,5,own
29-1292,10,0.15675330438316148,partial:OEWS_May2021_lognormal;D,11.296334177069017,0.20276787237598895,5,own
29-1299,1,0.0003542468529980636,partial:OEWS_May2021_lognormal;D,11.519712538303724,0.4430916642393738,5,own
29-1299,2,0.0021042932770566902,partial:OEWS_May2021_lognormal;D,11.519712538303724,0.4430916642393738,5,own
29-1299,3,0.0057697977499854836,partial:OEWS_May2021_lognormal;D,11.519712538303724,0.4430916642393738,5,own
29-1299,4,0.012196187124422109,partial:OEWS_May2021_lognormal;D,11.519712538303724,0.4430916642393738,5,own
29-1299,5,0.022785917918515086,partial:OEWS_May2021_lognormal;D,11.519712538303724,0.4430916642393738,5,own
29-1299,6,0.03995101971372245,partial:OEWS_May2021_lognormal;D,11.519712538303724,0.4430916642393738,5,own
29-1299,7,0.068214925672751,partial:OEWS_May2021_lognormal;D,11.519712538303724,0.4430916642393738,5,own
29-1299,8,0.11732060828413216,partial:OEWS_May2021_lognormal;D,11.519712538303724,0.4430916642393738,5,own
29-1299,9,0.21419206485693393,partial:OEWS_May2021_lognormal;D,11.519712538303724,0.4430916642393738,5,own
29-1299,10,0.517110938549483,partial:OEWS_May2021_lognormal;D,11.519712538303724,0.4430916642393738,5,own
29-2010,1,0.01777238165998679,partial:OEWS_May2021_lognormal;D,10.865703942067515,0.40265496721043464,5,own
29-2010,2,0.05292550797424611,partial:OEWS_May2021_lognormal;D,10.865703942067515,0.40265496721043464,5,own
29-2010,3,0.08429100365653402,partial:OEWS_May2021_lognormal;D,10.865703942067515,0.40265496721043464,5,own
29-2010,4,0.1106050898335239,partial:OEWS_May2021_lognormal;D,10.865703942067515,0.40265496721043464,5,own
29-2010,5,0.13086070922395576,partial:OEWS_May2021_lognormal;D,10.865703942067515,0.40265496721043464,5,own
29-2010,6,0.14381952535672293,partial:OEWS_May2021_lognormal;D,10.865703942067515,0.40265496721043464,5,own
29-2010,7,0.14772946071654247,partial:OEWS_May2021_lognormal;D,10.865703942067515,0.40265496721043464,5,own
29-2010,8,0.13980573375880723,partial:OEWS_May2021_lognormal;D,10.865703942067515,0.40265496721043464,5,own
29-2010,9,0.11479606619840854,partial:OEWS_May2021_lognormal;D,10.865703942067515,0.40265496721043464,5,own
29-2010,10,0.05739452162127223,partial:OEWS_May2021_lognormal;D,10.865703942067515,0.40265496721043464,5,own
29-2031,1,0.02923678275722058,partial:OEWS_May2021_lognormal;D,10.923068178467668,0.4776541589228274,5,own
29-2031,2,0.0577099011780739,partial:OEWS_May2021_lognormal;D,10.923068178467668,0.4776541589228274,5,own
29-2031,3,0.07759761424816009,partial:OEWS_May2021_lognormal;D,10.923068178467668,0.4776541589228274,5,own
29-2031,4,0.09395880401992279,partial:OEWS_May2021_lognormal;D,10.923068178467668,0.4776541589228274,5,own
29-2031,5,0.10789503865783812,partial:OEWS_May2021_lognormal;D,10.923068178467668,0.4776541589228274,5,own
29-2031,6,0.1197018067297616,partial:OEWS_May2021_lognormal;D,10.923068178467668,0.4776541589228274,5,own
29-2031,7,0.12919051175306895,partial:OEWS_May2021_lognormal;D,10.923068178467668,0.4776541589228274,5,own
29-2031,8,0.13550119715699815,partial:OEWS_May2021_lognormal;D,10.923068178467668,0.4776541589228274,5,own
29-2031,9,0.1359372779809065,partial:OEWS_May2021_lognormal;D,10.923068178467668,0.4776541589228274,5,own
29-2031,10,0.11327106551804933,partial:OEWS_May2021_lognormal;D,10.923068178467668,0.4776541589228274,5,own
29-2032,1,3.8365780496985025e-8,partial:OEWS_May2021_lognormal;D,11.25915872997195,0.2306893750451785,5,own
29-2032,2,9.629300140867603e-6,partial:OEWS_May2021_lognormal;D,11.25915872997195,0.2306893750451785,5,own
29-2032,3,0.00024324384591317694,partial:OEWS_May2021_lognormal;D,11.25915872997195,0.2306893750451785,5,own
29-2032,4,0.0023137540087312947,partial:OEWS_May2021_lognormal;D,11.25915872997195,0.2306893750451785,5,own
29-2032,5,0.01267319523892041,partial:OEWS_May2021_lognormal;D,11.25915872997195,0.2306893750451785,5,own
29-2032,6,0.04788568898089901,partial:OEWS_May2021_lognormal;D,11.25915872997195,0.2306893750451785,5,own
29-2032,7,0.13455205226396533,partial:OEWS_May2021_lognormal;D,11.25915872997195,0.2306893750451785,5,own
29-2032,8,0.2803245463661847,partial:OEWS_May2021_lognormal;D,11.25915872997195,0.2306893750451785,5,own
29-2032,9,0.3744597208061064,partial:OEWS_May2021_lognormal;D,11.25915872997195,0.2306893750451785,5,own
29-2032,10,0.14753813082335832,partial:OEWS_May2021_lognormal;D,11.25915872997195,0.2306893750451785,5,own
29-2033,1,6.90556944960008e-10,partial:OEWS_May2021_lognormal;D,11.314374809038922,0.21379371036228795,5,own
29-2033,2,5.620065133826735e-7,partial:OEWS_May2021_lognormal;D,11.314374809038922,0.21379371036228795,5,own
29-2033,3,0.000029699966223539764,partial:OEWS_May2021_lognormal;D,11.314374809038922,0.21379371036228795,5,own
29-2033,4,0.0004925072196154678,partial:OEWS_May2021_lognormal;D,11.314374809038922,0.21379371036228795,5,own
29-2033,5,0.004233424158052557,partial:OEWS_May2021_lognormal;D,11.314374809038922,0.21379371036228795,5,own
29-2033,6,0.023429092338417556,partial:OEWS_May2021_lognormal;D,11.314374809038922,0.21379371036228795,5,own
29-2033,7,0.09173541957399955,partial:OEWS_May2021_lognormal;D,11.314374809038922,0.21379371036228795,5,own
29-2033,8,0.255399032213157,partial:OEWS_May2021_lognormal;D,11.314374809038922,0.21379371036228795,5,own
29-2033,9,0.4329474969644134,partial:OEWS_May2021_lognormal;D,11.314374809038922,0.21379371036228795,5,own
29-2033,10,0.19173276486905055,partial:OEWS_May2021_lognormal;D,11.314374809038922,0.21379371036228795,5,own
29-2034,1,0.00016319685459187383,partial:OEWS_May2021_lognormal;D,11.058520686569029,0.28920722870650034,5,own
29-2034,2,0.0031585999904975015,partial:OEWS_May2021_lognormal;D,11.058520686569029,0.28920722870650034,5,own
29-2034,3,0.015430082657396593,partial:OEWS_May2021_lognormal;D,11.058520686569029,0.28920722870650034,5,own
29-2034,4,0.04320651571677947,partial:OEWS_May2021_lognormal;D,11.058520686569029,0.28920722870650034,5,own
29-2034,5,0.08902445247295848,partial:OEWS_May2021_lognormal;D,11.058520686569029,0.28920722870650034,5,own
29-2034,6,0.1484907739357213,partial:OEWS_May2021_lognormal;D,11.058520686569029,0.28920722870650034,5,own
29-2034,7,0.20682264152445817,partial:OEWS_May2021_lognormal;D,11.058520686569029,0.28920722870650034,5,own
29-2034,8,0.23577562633056126,partial:OEWS_May2021_lognormal;D,11.058520686569029,0.28920722870650034,5,own
29-2034,9,0.19478887182424398,partial:OEWS_May2021_lognormal;D,11.058520686569029,0.28920722870650034,5,own
29-2034,10,0.06313923869279137,partial:OEWS_May2021_lognormal;D,11.058520686569029,0.28920722870650034,5,own
29-2035,1,2.114976022093984e-8,partial:OEWS_May2021_lognormal;D,11.241885787391501,0.22306293444619268,5,own
29-2035,2,7.068420314282342e-6,partial:OEWS_May2021_lognormal;D,11.241885787391501,0.22306293444619268,5,own
29-2035,3,0.00020940239494771085,partial:OEWS_May2021_lognormal;D,11.241885787391501,0.22306293444619268,5,own
29-2035,4,0.002208807190972606,partial:OEWS_May2021_lognormal;D,11.241885787391501,0.22306293444619268,5,own
29-2035,5,0.01294772595343513,partial:OEWS_May2021_lognormal;D,11.241885787391501,0.22306293444619268,5,own
29-2035,6,0.050931004996692175,partial:OEWS_May2021_lognormal;D,11.241885787391501,0.22306293444619268,5,own
29-2035,7,0.14509687303307311,partial:OEWS_May2021_lognormal;D,11.241885787391501,0.22306293444619268,5,own
29-2035,8,0.2967292535362106,partial:OEWS_May2021_lognormal;D,11.241885787391501,0.22306293444619268,5,own
29-2035,9,0.3689032698385625,partial:OEWS_May2021_lognormal;D,11.241885787391501,0.22306293444619268,5,own
29-2035,10,0.12296657348603168,partial:OEWS_May2021_lognormal;D,11.241885787391501,0.22306293444619268,5,own
29-2036,1,0.0,partial:OEWS_May2021_lognormal;D,11.713794523911648,0.2004552961324963,5,own
29-2036,2,3.3639757646142243e-13,partial:OEWS_May2021_lognormal;D,11.713794523911648,0.2004552961324963,5,own
29-2036,3,1.7996315548884922e-10,partial:OEWS_May2021_lognormal;D,11.713794523911648,0.2004552961324963,5,own
29-2036,4,2.0069657491461612e-8,partial:OEWS_May2021_lognormal;D,11.713794523911648,0.2004552961324963,5,own
29-2036,5,9.565049253201785e-7,partial:OEWS_May2021_lognormal;D,11.713794523911648,0.2004552961324963,5,own
29-2036,6,0.000027186733370543337,partial:OEWS_May2021_lognormal;D,11.713794523911648,0.2004552961324963,5,own
29-2036,7,0.0005567090543220354,partial:OEWS_May2021_lognormal;D,11.713794523911648,0.2004552961324963,5,own
29-2036,8,0.009278496293883387,partial:OEWS_May2021_lognormal;D,11.713794523911648,0.2004552961324963,5,own
29-2036,9,0.13401813280929892,partial:OEWS_May2021_lognormal;D,11.713794523911648,0.2004552961324963,5,own
29-2036,10,0.8561184983542427,partial:OEWS_May2021_lognormal;D,11.713794523911648,0.2004552961324963,5,own
29-2042,1,0.05679240344270575,partial:OEWS_May2021_lognormal;D,10.425020379971963,0.2564244936931797,5,own
29-2042,2,0.2205733398057016,partial:OEWS_May2021_lognormal;D,10.425020379971963,0.2564244936931797,5,own
29-2042,3,0.27210624327283317,partial:OEWS_May2021_lognormal;D,10.425020379971963,0.2564244936931797,5,own
29-2042,4,0.21944328057027573,partial:OEWS_May2021_lognormal;D,10.425020379971963,0.2564244936931797,5,own
29-2042,5,0.13536304843293467,partial:OEWS_May2021_lognormal;D,10.425020379971963,0.2564244936931797,5,own
29-2042,6,0.06548751046021661,partial:OEWS_May2021_lognormal;D,10.425020379971963,0.2564244936931797,5,own
29-2042,7,0.023816671737691086,partial:OEWS_May2021_lognormal;D,10.425020379971963,0.2564244936931797,5,own
29-2042,8,0.0057382548505051645,partial:OEWS_May2021_lognormal;D,10.425020379971963,0.2564244936931797,5,own
29-2042,9,0.0006655993957633832,partial:OEWS_May2021_lognormal;D,10.425020379971963,0.2564244936931797,5,own
29-2042,10,0.000013648031372825997,partial:OEWS_May2021_lognormal;D,10.425020379971963,0.2564244936931797,5,own
29-2043,1,0.006641935289677492,partial:OEWS_May2021_lognormal;D,10.783577624799015,0.30867242486226804,5,own
29-2043,2,0.04259348068842489,partial:OEWS_May2021_lognormal;D,10.783577624799015,0.30867242486226804,5,own
29-2043,3,0.09571756800762576,partial:OEWS_May2021_lognormal;D,10.783577624799015,0.30867242486226804,5,own
29-2043,4,0.14593588015314535,partial:OEWS_May2021_lognormal;D,10.783577624799015,0.30867242486226804,5,own
29-2043,5,0.1786590795228929,partial:OEWS_May2021_lognormal;D,10.783577624799015,0.30867242486226804,5,own
29-2043,6,0.18512861399785235,partial:OEWS_May2021_lognormal;D,10.783577624799015,0.30867242486226804,5,own
29-2043,7,0.16272723862129856,partial:OEWS_May2021_lognormal;D,10.783577624799015,0.30867242486226804,5,own
29-2043,8,0.11572423546828037,partial:OEWS_May2021_lognormal;D,10.783577624799015,0.30867242486226804,5,own
29-2043,9,0.056789221066525286,partial:OEWS_May2021_lognormal;D,10.783577624799015,0.30867242486226804,5,own
29-2043,10,0.010082747184277041,partial:OEWS_May2021_lognormal;D,10.783577624799015,0.30867242486226804,5,own
29-2051,1,0.09117470439056485,partial:OEWS_May2021_lognormal;D,10.373112336738028,0.2653268901845155,5,own
29-2051,2,0.26257076959122794,partial:OEWS_May2021_lognormal;D,10.373112336738028,0.2653268901845155,5,own
29-2051,3,0.2701750932878777,partial:OEWS_May2021_lognormal;D,10.373112336738028,0.2653268901845155,5,own
29-2051,4,0.19367681193042252,partial:OEWS_May2021_lognormal;D,10.373112336738028,0.2653268901845155,5,own
29-2051,5,0.11000009948607392,partial:OEWS_May2021_lognormal;D,10.373112336738028,0.2653268901845155,5,own
29-2051,6,0.0501874995444731,partial:OEWS_May2021_lognormal;D,10.373112336738028,0.2653268901845155,5,own
29-2051,7,0.017560127064461195,partial:OEWS_May2021_lognormal;D,10.373112336738028,0.2653268901845155,5,own
29-2051,8,0.004156596038563665,partial:OEWS_May2021_lognormal;D,10.373112336738028,0.2653268901845155,5,own
29-2051,9,0.00048760124324176424,partial:OEWS_May2021_lognormal;D,10.373112336738028,0.2653268901845155,5,own
29-2051,10,0.000010697423093342096,partial:OEWS_May2021_lognormal;D,10.373112336738028,0.2653268901845155,5,own
29-2052,1,0.013944589923961304,partial:OEWS_May2021_lognormal;D,10.514350693992062,0.2251488246123291,5,own
29-2052,2,0.12847787112054138,partial:OEWS_May2021_lognormal;D,10.514350693992062,0.2251488246123291,5,own
29-2052,3,0.2568760305349951,partial:OEWS_May2021_lognormal;D,10.514350693992062,0.2251488246123291,5,own
29-2052,4,0.27097065007737714,partial:OEWS_May2021_lognormal;D,10.514350693992062,0.2251488246123291,5,own
29-2052,5,0.19209935838421965,partial:OEWS_May2021_lognormal;D,10.514350693992062,0.2251488246123291,5,own
29-2052,6,0.09682374447599851,partial:OEWS_May2021_lognormal;D,10.514350693992062,0.2251488246123291,5,own
29-2052,7,0.033407178354149414,partial:OEWS_May2021_lognormal;D,10.514350693992062,0.2251488246123291,5,own
29-2052,8,0.0068266767336145895,partial:OEWS_May2021_lognormal;D,10.514350693992062,0.2251488246123291,5,own
29-2052,9,0.0005679905269516672,partial:OEWS_May2021_lognormal;D,10.514350693992062,0.2251488246123291,5,own
29-2052,10,5.909868191267265e-6,partial:OEWS_May2021_lognormal;D,10.514350693992062,0.2251488246123291,5,own
29-2053,1,0.04207063935672051,partial:OEWS_May2021_lognormal;D,10.532014459358688,0.2968655309012075,5,own
29-2053,2,0.14990732837107068,partial:OEWS_May2021_lognormal;D,10.532014459358688,0.2968655309012075,5,own
29-2053,3,0.2081476778911896,partial:OEWS_May2021_lognormal;D,10.532014459358688,0.2968655309012075,5,own
29-2053,4,0.20810171211644946,partial:OEWS_May2021_lognormal;D,10.532014459358688,0.2968655309012075,5,own
29-2053,5,0.1705149721099214,partial:OEWS_May2021_lognormal;D,10.532014459358688,0.2968655309012075,5,own
29-2053,6,0.11763987161839473,partial:OEWS_May2021_lognormal;D,10.532014459358688,0.2968655309012075,5,own
29-2053,7,0.06680452154361805,partial:OEWS_May2021_lognormal;D,10.532014459358688,0.2968655309012075,5,own
29-2053,8,0.02876096253390814,partial:OEWS_May2021_lognormal;D,10.532014459358688,0.2968655309012075,5,own
29-2053,9,0.007501218280759003,partial:OEWS_May2021_lognormal;D,10.532014459358688,0.2968655309012075,5,own
29-2053,10,0.0005510961779684465,partial:OEWS_May2021_lognormal;D,10.532014459358688,0.2968655309012075,5,own
29-2055,1,0.0007008691829492597,partial:OEWS_May2021_lognormal;D,10.861069657262856,0.2635279933903041,5,own
29-2055,2,0.012192015582151272,partial:OEWS_May2021_lognormal;D,10.861069657262856,0.2635279933903041,5,own
29-2055,3,0.049660815992568996,partial:OEWS_May2021_lognormal;D,10.861069657262856,0.2635279933903041,5,own
29-2055,4,0.11126015237588427,partial:OEWS_May2021_lognormal;D,10.861069657262856,0.2635279933903041,5,own
29-2055,5,0.17684161906699303,partial:OEWS_May2021_lognormal;D,10.861069657262856,0.2635279933903041,5,own
29-2055,6,0.21766422467174906,partial:OEWS_May2021_lognormal;D,10.861069657262856,0.2635279933903041,5,own
29-2055,7,0.21001501917855225,partial:OEWS_May2021_lognormal;D,10.861069657262856,0.2635279933903041,5,own
29-2055,8,0.14983854060154111,partial:OEWS_May2021_lognormal;D,10.861069657262856,0.2635279933903041,5,own
29-2055,9,0.06421860110086719,partial:OEWS_May2021_lognormal;D,10.861069657262856,0.2635279933903041,5,own
29-2055,10,0.0076081422467435544,partial:OEWS_May2021_lognormal;D,10.861069657262856,0.2635279933903041,5,own
29-2056,1,0.015388519144908963,partial:OEWS_May2021_lognormal;D,10.516456427778005,0.23017840198274855,5,own
29-2056,2,0.13026062897491603,partial:OEWS_May2021_lognormal;D,10.516456427778005,0.23017840198274855,5,own
29-2056,3,0.2522703063789208,partial:OEWS_May2021_lognormal;D,10.516456427778005,0.23017840198274855,5,own
29-2056,4,0.2655240628607525,partial:OEWS_May2021_lognormal;D,10.516456427778005,0.23017840198274855,5,own
29-2056,5,0.1915366258458221,partial:OEWS_May2021_lognormal;D,10.516456427778005,0.23017840198274855,5,own
29-2056,6,0.09990521612883341,partial:OEWS_May2021_lognormal;D,10.516456427778005,0.23017840198274855,5,own
29-2056,7,0.03633553000976575,partial:OEWS_May2021_lognormal;D,10.516456427778005,0.23017840198274855,5,own
29-2056,8,0.008020441238472453,partial:OEWS_May2021_lognormal;D,10.516456427778005,0.23017840198274855,5,own
29-2056,9,0.0007491558934442644,partial:OEWS_May2021_lognormal;D,10.516456427778005,0.23017840198274855,5,own
29-2056,10,9.513524163784481e-6,partial:OEWS_May2021_lognormal;D,10.516456427778005,0.23017840198274855,5,own
29-2057,1,0.024633310466772196,partial:OEWS_May2021_lognormal;D,10.572775770255102,0.281492230684979,5,own
29-2057,2,0.11926148629320515,partial:OEWS_May2021_lognormal;D,10.572775770255102,0.281492230684979,5,own
29-2057,3,0.1964051267268544,partial:OEWS_May2021_lognormal;D,10.572775770255102,0.281492230684979,5,own
29-2057,4,0.21730514247459637,partial:OEWS_May2021_lognormal;D,10.572775770255102,0.281492230684979,5,own
29-2057,5,0.1893981058988664,partial:OEWS_May2021_lognormal;D,10.572775770255102,0.281492230684979,5,own
29-2057,6,0.1350430107066125,partial:OEWS_May2021_lognormal;D,10.572775770255102,0.281492230684979,5,own
29-2057,7,0.0771840590599564,partial:OEWS_May2021_lognormal;D,10.572775770255102,0.281492230684979,5,own
29-2057,8,0.032417800863005164,partial:OEWS_May2021_lognormal;D,10.572775770255102,0.281492230684979,5,own
29-2057,9,0.00786239056276683,partial:OEWS_May2021_lognormal;D,10.572775770255102,0.281492230684979,5,own
29-2057,10,0.0004895669473645725,partial:OEWS_May2021_lognormal;D,10.572775770255102,0.281492230684979,5,own
29-2061,1,0.000048211140811160735,partial:OEWS_May2021_lognormal;D,10.822002740464686,0.20585576814961956,5,own
29-2061,2,0.003809952550727247,partial:OEWS_May2021_lognormal;D,10.822002740464686,0.20585576814961956,5,own
29-2061,3,0.03420812507517612,partial:OEWS_May2021_lognormal;D,10.822002740464686,0.20585576814961956,5,own
29-2061,4,0.11757186467669117,partial:OEWS_May2021_lognormal;D,10.822002740464686,0.20585576814961956,5,own
29-2061,5,0.225981980018661,partial:OEWS_May2021_lognormal;D,10.822002740464686,0.20585576814961956,5,own
29-2061,6,0.27751012490031535,partial:OEWS_May2021_lognormal;D,10.822002740464686,0.20585576814961956,5,own
29-2061,7,0.2200951618684024,partial:OEWS_May2021_lognormal;D,10.822002740464686,0.20585576814961956,5,own
29-2061,8,0.10116021781209217,partial:OEWS_May2021_lognormal;D,10.822002740464686,0.20585576814961956,5,own
29-2061,9,0.019125684955253908,partial:OEWS_May2021_lognormal;D,10.822002740464686,0.20585576814961956,5,own
29-2061,10,0.0004886770018694975,partial:OEWS_May2021_lognormal;D,10.822002740464686,0.20585576814961956,5,own
29-2072,1,0.020425428720346472,partial:OEWS_May2021_lognormal;D,10.751807175885421,0.35819490045540126,5,own
29-2072,2,0.07048409749753753,partial:OEWS_May2021_lognormal;D,10.751807175885421,0.35819490045540126,5,own
29-2072,3,0.11425574022021312,partial:OEWS_May2021_lognormal;D,10.751807175885421,0.35819490045540126,5,own
29-2072,4,0.14460378071102747,partial:OEWS_May2021_lognormal;D,10.751807175885421,0.35819490045540126,5,own
29-2072,5,0.15934731475891928,partial:OEWS_May2021_lognormal;D,10.751807175885421,0.35819490045540126,5,own
29-2072,6,0.15788598811055365,partial:OEWS_May2021_lognormal;D,10.751807175885421,0.35819490045540126,5,own
29-2072,7,0.1405792101832959,partial:OEWS_May2021_lognormal;D,10.751807175885421,0.35819490045540126,5,own
29-2072,8,0.10876077328871014,partial:OEWS_May2021_lognormal;D,10.751807175885421,0.35819490045540126,5,own
29-2072,9,0.06538230170218362,partial:OEWS_May2021_lognormal;D,10.751807175885421,0.35819490045540126,5,own
29-2072,10,0.018275364807212813,partial:OEWS_May2021_lognormal;D,10.751807175885421,0.35819490045540126,5,own
29-2081,1,0.029468742025276107,partial:OEWS_May2021_lognormal;D,10.580748069404684,0.29728176779834786,5,own
29-2081,2,0.12125314994345249,partial:OEWS_May2021_lognormal;D,10.580748069404684,0.29728176779834786,5,own
29-2081,3,0.18776422082853322,partial:OEWS_May2021_lognormal;D,10.580748069404684,0.29728176779834786,5,own
29-2081,4,0.20546247946819485,partial:OEWS_May2021_lognormal;D,10.580748069404684,0.29728176779834786,5,own
29-2081,5,0.18277932075961534,partial:OEWS_May2021_lognormal;D,10.580748069404684,0.29728176779834786,5,own
29-2081,6,0.13662474535904312,partial:OEWS_May2021_lognormal;D,10.580748069404684,0.29728176779834786,5,own
29-2081,7,0.08429828268711037,partial:OEWS_May2021_lognormal;D,10.580748069404684,0.29728176779834786,5,own
29-2081,8,0.03977876111300771,partial:OEWS_May2021_lognormal;D,10.580748069404684,0.29728176779834786,5,own
29-2081,9,0.011584748267500333,partial:OEWS_May2021_lognormal;D,10.580748069404684,0.29728176779834786,5,own
29-2081,10,0.0009855495482664622,partial:OEWS_May2021_lognormal;D,10.580748069404684,0.29728176779834786,5,own
29-2091,1,0.002481484418797919,partial:OEWS_May2021_lognormal;D,11.19929302995342,0.4200175804359823,5,own
29-2091,2,0.011279012491246965,partial:OEWS_May2021_lognormal;D,11.19929302995342,0.4200175804359823,5,own
29-2091,3,0.02480958109326431,partial:OEWS_May2021_lognormal;D,11.19929302995342,0.4200175804359823,5,own
29-2091,4,0.043008035694525715,partial:OEWS_May2021_lognormal;D,11.19929302995342,0.4200175804359823,5,own
29-2091,5,0.06622355137779601,partial:OEWS_May2021_lognormal;D,11.19929302995342,0.4200175804359823,5,own
29-2091,6,0.09501144492315633,partial:OEWS_May2021_lognormal;D,11.19929302995342,0.4200175804359823,5,own
29-2091,7,0.13004589060992966,partial:OEWS_May2021_lognormal;D,11.19929302995342,0.4200175804359823,5,own
29-2091,8,0.17182081890321788,partial:OEWS_May2021_lognormal;D,11.19929302995342,0.4200175804359823,5,own
29-2091,9,0.21882152231710206,partial:OEWS_May2021_lognormal;D,11.19929302995342,0.4200175804359823,5,own
29-2091,10,0.23649865817096316,partial:OEWS_May2021_lognormal;D,11.19929302995342,0.4200175804359823,5,own
29-2092,1,0.011544798754258567,partial:OEWS_May2021_lognormal;D,10.910302088200572,0.39218224657668094,5,own
29-2092,2,0.04068560794032133,partial:OEWS_May2021_lognormal;D,10.910302088200572,0.39218224657668094,5,own
29-2092,3,0.07159013129600794,partial:OEWS_May2021_lognormal;D,10.910302088200572,0.39218224657668094,5,own
29-2092,4,0.10081428435778839,partial:OEWS_May2021_lognormal;D,10.910302088200572,0.39218224657668094,5,own
29-2092,5,0.12612753878836452,partial:OEWS_May2021_lognormal;D,10.910302088200572,0.39218224657668094,5,own
29-2092,6,0.14529099575561782,partial:OEWS_May2021_lognormal;D,10.910302088200572,0.39218224657668094,5,own
29-2092,7,0.15552006333947005,partial:OEWS_May2021_lognormal;D,10.910302088200572,0.39218224657668094,5,own
29-2092,8,0.1527250566589624,partial:OEWS_May2021_lognormal;D,10.910302088200572,0.39218224657668094,5,own
29-2092,9,0.12959381255910885,partial:OEWS_May2021_lognormal;D,10.910302088200572,0.39218224657668094,5,own
29-2092,10,0.06610771055010012,partial:OEWS_May2021_lognormal;D,10.910302088200572,0.39218224657668094,5,own
29-2099,1,0.02237280383868595,partial:OEWS_May2021_lognormal;D,10.749211483401195,0.36368388799862805,5,own
29-2099,2,0.07308311780180271,partial:OEWS_May2021_lognormal;D,10.749211483401195,0.36368388799862805,5,own
29-2099,3,0.11531509819360897,partial:OEWS_May2021_lognormal;D,10.749211483401195,0.36368388799862805,5,own
29-2099,4,0.14380994164925054,partial:OEWS_May2021_lognormal;D,10.749211483401195,0.36368388799862805,5,own
29-2099,5,0.15724419838670267,partial:OEWS_May2021_lognormal;D,10.749211483401195,0.36368388799862805,5,own
29-2099,6,0.15540338444059354,partial:OEWS_May2021_lognormal;D,10.749211483401195,0.36368388799862805,5,own
29-2099,7,0.13871374218809418,partial:OEWS_May2021_lognormal;D,10.749211483401195,0.36368388799862805,5,own
29-2099,8,0.1082728979128299,partial:OEWS_May2021_lognormal;D,10.749211483401195,0.36368388799862805,5,own
29-2099,9,0.0663861187409347,partial:OEWS_May2021_lognormal;D,10.749211483401195,0.36368388799862805,5,own
29-2099,10,0.019398696847496844,partial:OEWS_May2021_lognormal;D,10.749211483401195,0.36368388799862805,5,own
29-9021,1,0.033721342013152966,partial:OEWS_May2021_lognormal;D,10.900859018122286,0.48207410076956037,5,own
29-9021,2,0.06286303965878087,partial:OEWS_May2021_lognormal;D,10.900859018122286,0.48207410076956037,5,own
29-9021,3,0.08195827312041892,partial:OEWS_May2021_lognormal;D,10.900859018122286,0.48207410076956037,5,own
29-9021,4,0.09705959638124956,partial:OEWS_May2021_lognormal;D,10.900859018122286,0.48207410076956037,5,own
29-9021,5,0.10946155374968924,partial:OEWS_May2021_lognormal;D,10.900859018122286,0.48207410076956037,5,own
29-9021,6,0.11953997287456414,partial:OEWS_May2021_lognormal;D,10.900859018122286,0.48207410076956037,5,own
29-9021,7,0.12715579067247662,partial:OEWS_May2021_lognormal;D,10.900859018122286,0.48207410076956037,5,own
29-9021,8,0.13150590455644562,partial:OEWS_May2021_lognormal;D,10.900859018122286,0.48207410076956037,5,own
29-9021,9,0.13003931057396323,partial:OEWS_May2021_lognormal;D,10.900859018122286,0.48207410076956037,5,own
29-9021,10,0.10669521639925883,partial:OEWS_May2021_lognormal;D,10.900859018122286,0.48207410076956037,5,own
29-9091,1,0.000697617231848302,partial:OEWS_May2021_lognormal;D,10.86205425351238,0.26372541270967237,5,own
29-9091,2,0.012126807691423769,partial:OEWS_May2021_lognormal;D,10.86205425351238,0.26372541270967237,5,own
29-9091,3,0.04941173901313339,partial:OEWS_May2021_lognormal;D,10.86205425351238,0.26372541270967237,5,own
29-9091,4,0.11080101487290078,partial:OEWS_May2021_lognormal;D,10.86205425351238,0.26372541270967237,5,own
29-9091,5,0.1763417668194474,partial:OEWS_May2021_lognormal;D,10.86205425351238,0.26372541270967237,5,own
29-9091,6,0.21742208774940425,partial:OEWS_May2021_lognormal;D,10.86205425351238,0.26372541270967237,5,own
29-9091,7,0.21025069868093338,partial:OEWS_May2021_lognormal;D,10.86205425351238,0.26372541270967237,5,own
29-9091,8,0.150457975376022,partial:OEWS_May2021_lognormal;D,10.86205425351238,0.26372541270967237,5,own
29-9091,9,0.0647649608732419,partial:OEWS_May2021_lognormal;D,10.86205425351238,0.26372541270967237,5,own
29-9091,10,0.007725331691644799,partial:OEWS_May2021_lognormal;D,10.86205425351238,0.26372541270967237,5,own
29-9092,1,0.000026282866533944294,partial:OEWS_May2021_lognormal;D,11.31103051509319,0.3194295850253401,5,own
29-9092,2,0.0005550120346877185,partial:OEWS_May2021_lognormal;D,11.31103051509319,0.3194295850253401,5,own
29-9092,3,0.0031672084752931706,partial:OEWS_May2021_lognormal;D,11.31103051509319,0.3194295850253401,5,own
29-9092,4,0.010751918085293799,partial:OEWS_May2021_lognormal;D,11.31103051509319,0.3194295850253401,5,own
29-9092,5,0.027757289022093234,partial:OEWS_May2021_lognormal;D,11.31103051509319,0.3194295850253401,5,own
29-9092,6,0.06038096909676788,partial:OEWS_May2021_lognormal;D,11.31103051509319,0.3194295850253401,5,own
29-9092,7,0.11617306472315936,partial:OEWS_May2021_lognormal;D,11.31103051509319,0.3194295850253401,5,own
29-9092,8,0.20105634191364835,partial:OEWS_May2021_lognormal;D,11.31103051509319,0.3194295850253401,5,own
29-9092,9,0.3038030698456911,partial:OEWS_May2021_lognormal;D,11.31103051509319,0.3194295850253401,5,own
29-9092,10,0.27632884393683144,partial:OEWS_May2021_lognormal;D,11.31103051509319,0.3194295850253401,5,own
29-9093,1,0.02507078050600653,partial:OEWS_May2021_lognormal;D,10.886665192813073,0.4428228176698868,5,own
29-9093,2,0.05802407100103257,partial:OEWS_May2021_lognormal;D,10.886665192813073,0.4428228176698868,5,own
29-9093,3,0.08280118440247197,partial:OEWS_May2021_lognormal;D,10.886665192813073,0.4428228176698868,5,own
29-9093,4,0.10281105185626149,partial:OEWS_May2021_lognormal;D,10.886665192813073,0.4428228176698868,5,own
29-9093,5,0.11871057053527428,partial:OEWS_May2021_lognormal;D,10.886665192813073,0.4428228176698868,5,own
29-9093,6,0.13037572053988572,partial:OEWS_May2021_lognormal;D,10.886665192813073,0.4428228176698868,5,own
29-9093,7,0.13703848811129482,partial:OEWS_May2021_lognormal;D,10.886665192813073,0.4428228176698868,5,own
29-9093,8,0.1368984035332711,partial:OEWS_May2021_lognormal;D,10.886665192813073,0.4428228176698868,5,own
29-9093,9,0.12549434112665137,partial:OEWS_May2021_lognormal;D,10.886665192813073,0.4428228176698868,5,own
29-9093,10,0.08277538838785015,partial:OEWS_May2021_lognormal;D,10.886665192813073,0.4428228176698868,5,own
29-9099,1,0.04064475769317755,partial:OEWS_May2021_lognormal;D,10.942833659007128,0.5297853185178254,5,own
29-9099,2,0.06259539516622892,partial:OEWS_May2021_lognormal;D,10.942833659007128,0.5297853185178254,5,own
29-9099,3,0.07627205301484297,partial:OEWS_May2021_lognormal;D,10.942833659007128,0.5297853185178254,5,own
29-9099,4,0.08761811068890318,partial:OEWS_May2021_lognormal;D,10.942833659007128,0.5297853185178254,5,own
29-9099,5,0.097871030794284,partial:OEWS_May2021_lognormal;D,10.942833659007128,0.5297853185178254,5,own
29-9099,6,0.10760148001519215,partial:OEWS_May2021_lognormal;D,10.942833659007128,0.5297853185178254,5,own
29-9099,7,0.11717820600192402,partial:OEWS_May2021_lognormal;D,10.942833659007128,0.5297853185178254,5,own
29-9099,8,0.12691663194036018,partial:OEWS_May2021_lognormal;D,10.942833659007128,0.5297853185178254,5,own
29-9099,9,0.1371338149596263,partial:OEWS_May2021_lognormal;D,10.942833659007128,0.5297853185178254,5,own
29-9099,10,0.14616851972546074,partial:OEWS_May2021_lognormal;D,10.942833659007128,0.5297853185178254,5,own
31-1120,1,0.11880594888704477,partial:OEWS_May2021_lognormal;D,10.245349775274011,0.19142263130411183,5,own
31-1120,2,0.4397628117694419,partial:OEWS_May2021_lognormal;D,10.245349775274011,0.19142263130411183,5,own
31-1120,3,0.3068844867540712,partial:OEWS_May2021_lognormal;D,10.245349775274011,0.19142263130411183,5,own
31-1120,4,0.1073422950668389,partial:OEWS_May2021_lognormal;D,10.245349775274011,0.19142263130411183,5,own
31-1120,5,0.023615967821093098,partial:OEWS_May2021_lognormal;D,10.245349775274011,0.19142263130411183,5,own
31-1120,6,0.003311778671157173,partial:OEWS_May2021_lognormal;D,10.245349775274011,0.19142263130411183,5,own
31-1120,7,0.0002670196571338268,partial:OEWS_May2021_lognormal;D,10.245349775274011,0.19142263130411183,5,own
31-1120,8,9.606478763246606e-6,partial:OEWS_May2021_lognormal;D,10.245349775274011,0.19142263130411183,5,own
31-1120,9,8.486719149658484e-8,partial:OEWS_May2021_lognormal;D,10.245349775274011,0.19142263130411183,5,own
31-1120,10,2.7264412949534744e-11,partial:OEWS_May2021_lognormal;D,10.245349775274011,0.19142263130411183,5,own
31-1131,1,0.05826966062555322,partial:OEWS_May2021_lognormal;D,10.378453662229287,0.22884823275814625,5,own
31-1131,2,0.2650701677568808,partial:OEWS_May2021_lognormal;D,10.378453662229287,0.22884823275814625,5,own
31-1131,3,0.3107826557323017,partial:OEWS_May2021_lognormal;D,10.378453662229287,0.22884823275814625,5,own
31-1131,4,0.2137528458976088,partial:OEWS_May2021_lognormal;D,10.378453662229287,0.22884823275814625,5,own
31-1131,5,0.10438894792633735,partial:OEWS_May2021_lognormal;D,10.378453662229287,0.22884823275814625,5,own
31-1131,6,0.03721022681639574,partial:OEWS_May2021_lognormal;D,10.378453662229287,0.22884823275814625,5,own
31-1131,7,0.009138080240302604,partial:OEWS_May2021_lognormal;D,10.378453662229287,0.22884823275814625,5,own
31-1131,8,0.0013129395140381028,partial:OEWS_May2021_lognormal;D,10.378453662229287,0.22884823275814625,5,own
31-1131,9,0.00007400572533744487,partial:OEWS_May2021_lognormal;D,10.378453662229287,0.22884823275814625,5,own
31-1131,10,4.6976524425978994e-7,partial:OEWS_May2021_lognormal;D,10.378453662229287,0.22884823275814625,5,own
31-1132,1,0.06781762559004695,partial:OEWS_May2021_lognormal;D,10.385678663742718,0.2455326684343411,5,own
31-1132,2,0.25614091311919096,partial:OEWS_May2021_lognormal;D,10.385678663742718,0.2455326684343411,5,own
31-1132,3,0.2901611375538223,partial:OEWS_May2021_lognormal;D,10.385678663742718,0.2455326684343411,5,own
31-1132,4,0.20920928260811422,partial:OEWS_May2021_lognormal;D,10.385678663742718,0.2455326684343411,5,own
31-1132,5,0.11297906271816616,partial:OEWS_May2021_lognormal;D,10.385678663742718,0.2455326684343411,5,own
31-1132,6,0.0467257303962022,partial:OEWS_May2021_lognormal;D,10.385678663742718,0.2455326684343411,5,own
31-1132,7,0.014066669492356354,partial:OEWS_May2021_lognormal;D,10.385678663742718,0.2455326684343411,5,own
31-1132,8,0.0026718375709277042,partial:OEWS_May2021_lognormal;D,10.385678663742718,0.2455326684343411,5,own
31-1132,9,0.00022494477437595695,partial:OEWS_May2021_lognormal;D,10.385678663742718,0.2455326684343411,5,own
31-1132,10,2.796176797215111e-6,partial:OEWS_May2021_lognormal;D,10.385678663742718,0.2455326684343411,5,own
31-1133,1,0.11234693949462154,partial:OEWS_May2021_lognormal;D,10.383407837934117,0.29990237054132707,5,own
31-1133,2,0.24472451252524025,partial:OEWS_May2021_lognormal;D,10.383407837934117,0.29990237054132707,5,own
31-1133,3,0.2397223556651783,partial:OEWS_May2021_lognormal;D,10.383407837934117,0.29990237054132707,5,own
31-1133,4,0.18179529031848407,partial:OEWS_May2021_lognormal;D,10.383407837934117,0.29990237054132707,5,own
31-1133,5,0.11679723668760744,partial:OEWS_May2021_lognormal;D,10.383407837934117,0.29990237054132707,5,own
31-1133,6,0.06402966790151676,partial:OEWS_May2021_lognormal;D,10.383407837934117,0.29990237054132707,5,own
31-1133,7,0.028868371833087547,partial:OEWS_May2021_lognormal;D,10.383407837934117,0.29990237054132707,5,own
31-1133,8,0.00971259184481621,partial:OEWS_May2021_lognormal;D,10.383407837934117,0.29990237054132707,5,own
31-1133,9,0.0019055798733642604,partial:OEWS_May2021_lognormal;D,10.383407837934117,0.29990237054132707,5,own
31-1133,10,0.00009745385608361801,partial:OEWS_May2021_lognormal;D,10.383407837934117,0.29990237054132707,5,own
31-2011,1,5.585648101824603e-6,partial:OEWS_May2021_lognormal;D,11.032436897171593,0.2306203242436323,5,own
31-2011,2,0.0004942580728405366,partial:OEWS_May2021_lognormal;D,11.032436897171593,0.2306203242436323,5,own
31-2011,3,0.005787384160900189,partial:OEWS_May2021_lognormal;D,11.032436897171593,0.2306203242436323,5,own
31-2011,4,0.028375877950819195,partial:OEWS_May2021_lognormal;D,11.032436897171593,0.2306203242436323,5,own
31-2011,5,0.08406835532008194,partial:OEWS_May2021_lognormal;D,11.032436897171593,0.2306203242436323,5,own
31-2011,6,0.1736585387860009,partial:OEWS_May2021_lognormal;D,11.032436897171593,0.2306203242436323,5,own
31-2011,7,0.26047191382127244,partial:OEWS_May2021_lognormal;D,11.032436897171593,0.2306203242436323,5,own
31-2011,8,0.27041114006986455,partial:OEWS_May2021_lognormal;D,11.032436897171593,0.2306203242436323,5,own
31-2011,9,0.1555720286874146,partial:OEWS_May2021_lognormal;D,11.032436897171593,0.2306203242436323,5,own
31-2011,10,0.021154917482703817,partial:OEWS_May2021_lognormal;D,11.032436897171593,0.2306203242436323,5,own
31-2012,1,0.09445555647677856,partial:OEWS_May2021_lognormal;D,10.508902788911232,0.3726716837773407,5,own
31-2012,2,0.16939570117602426,partial:OEWS_May2021_lognormal;D,10.508902788911232,0.3726716837773407,5,own
31-2012,3,0.18066131212718206,partial:OEWS_May2021_lognormal;D,10.508902788911232,0.3726716837773407,5,own
31-2012,4,0.16607094636811603,partial:OEWS_May2021_lognormal;D,10.508902788911232,0.3726716837773407,5,own
31-2012,5,0.13918372381975874,partial:OEWS_May2021_lognormal;D,10.508902788911232,0.3726716837773407,5,own
31-2012,6,0.10717338943919708,partial:OEWS_May2021_lognormal;D,10.508902788911232,0.3726716837773407,5,own
31-2012,7,0.07455893671982428,partial:OEWS_May2021_lognormal;D,10.508902788911232,0.3726716837773407,5,own
31-2012,8,0.04459423023850306,partial:OEWS_May2021_lognormal;D,10.508902788911232,0.3726716837773407,5,own
31-2012,9,0.02001448039201692,partial:OEWS_May2021_lognormal;D,10.508902788911232,0.3726716837773407,5,own
31-2012,10,0.00389172324259901,partial:OEWS_May2021_lognormal;D,10.508902788911232,0.3726716837773407,5,own
31-2021,1,0.000884728261086154,partial:OEWS_May2021_lognormal;D,10.973857455340209,0.30532425929201923,5,own
31-2021,2,0.010020935369373651,partial:OEWS_May2021_lognormal;D,10.973857455340209,0.30532425929201923,5,own
31-2021,3,0.034308822246432225,partial:OEWS_May2021_lognormal;D,10.973857455340209,0.30532425929201923,5,own
31-2021,4,0.07377855509767334,partial:OEWS_May2021_lognormal;D,10.973857455340209,0.30532425929201923,5,own
31-2021,5,0.12283016054122864,partial:OEWS_May2021_lognormal;D,10.973857455340209,0.30532425929201923,5,own
31-2021,6,0.17077588536388705,partial:OEWS_May2021_lognormal;D,10.973857455340209,0.30532425929201923,5,own
31-2021,7,0.20234914872064136,partial:OEWS_May2021_lognormal;D,10.973857455340209,0.30532425929201923,5,own
31-2021,8,0.19905296428786423,partial:OEWS_May2021_lognormal;D,10.973857455340209,0.30532425929201923,5,own
31-2021,9,0.1437823697213032,partial:OEWS_May2021_lognormal;D,10.973857455340209,0.30532425929201923,5,own
31-2021,10,0.04221643039051015,partial:OEWS_May2021_lognormal;D,10.973857455340209,0.30532425929201923,5,own
31-2022,1,0.12352453255506857,partial:OEWS_May2021_lognormal;D,10.279652649157821,0.22493138065301913,5,own
31-2022,2,0.36566060383208776,partial:OEWS_May2021_lognormal;D,10.279652649157821,0.22493138065301913,5,own
31-2022,3,0.29546963392215453,partial:OEWS_May2021_lognormal;D,10.279652649157821,0.22493138065301913,5,own
31-2022,4,0.14650747819219578,partial:OEWS_May2021_lognormal;D,10.279652649157821,0.22493138065301913,5,own
31-2022,5,0.05247756678353355,partial:OEWS_May2021_lognormal;D,10.279652649157821,0.22493138065301913,5,own
31-2022,6,0.013696092267815763,partial:OEWS_May2021_lognormal;D,10.279652649157821,0.22493138065301913,5,own
31-2022,7,0.0024161643066268335,partial:OEWS_May2021_lognormal;D,10.279652649157821,0.22493138065301913,5,own
31-2022,8,0.0002393150202083527,partial:OEWS_May2021_lognormal;D,10.279652649157821,0.22493138065301913,5,own
31-2022,9,8.584712221759716e-6,partial:OEWS_May2021_lognormal;D,10.279652649157821,0.22493138065301913,5,own
31-2022,10,2.840808710491416e-8,partial:OEWS_May2021_lognormal;D,10.279652649157821,0.22493138065301913,5,own
31-9011,1,0.05710842054847248,partial:OEWS_May2021_lognormal;D,10.717353699403022,0.44195049571479034,5,own
31-9011,2,0.1005366493208717,partial:OEWS_May2021_lognormal;D,10.717353699403022,0.44195049571479034,5,own
31-9011,3,0.12017638343839099,partial:OEWS_May2021_lognormal;D,10.717353699403022,0.44195049571479034,5,own
31-9011,4,0.12934319316236748,partial:OEWS_May2021_lognormal;D,10.717353699403022,0.44195049571479034,5,own
31-9011,5,0.13126570641507196,partial:OEWS_May2021_lognormal;D,10.717353699403022,0.44195049571479034,5,own
31-9011,6,0.12717303799152435,partial:OEWS_May2021_lognormal;D,10.717353699403022,0.44195049571479034,5,own
31-9011,7,0.11737326824838701,partial:OEWS_May2021_lognormal;D,10.717353699403022,0.44195049571479034,5,own
31-9011,8,0.10139807194607986,partial:OEWS_May2021_lognormal;D,10.717353699403022,0.44195049571479034,5,own
31-9011,9,0.07746782294824617,partial:OEWS_May2021_lognormal;D,10.717353699403022,0.44195049571479034,5,own
31-9011,10,0.03815744598058801,partial:OEWS_May2021_lognormal;D,10.717353699403022,0.44195049571479034,5,own
31-9091,1,0.00829995910379644,partial:OEWS_May2021_lognormal;D,10.628131819816039,0.25416828363847,5,own
31-9091,2,0.07320037279594543,partial:OEWS_May2021_lognormal;D,10.628131819816039,0.25416828363847,5,own
31-9091,3,0.16875361626991492,partial:OEWS_May2021_lognormal;D,10.628131819816039,0.25416828363847,5,own
31-9091,4,0.22689289778634186,partial:OEWS_May2021_lognormal;D,10.628131819816039,0.25416828363847,5,own
31-9091,5,0.2209013892182239,partial:OEWS_May2021_lognormal;D,10.628131819816039,0.25416828363847,5,own
31-9091,6,0.1651729053042441,partial:OEWS_May2021_lognormal;D,10.628131819816039,0.25416828363847,5,own
31-9091,7,0.09326426372175534,partial:OEWS_May2021_lognormal;D,10.628131819816039,0.25416828363847,5,own
31-9091,8,0.0360200151720772,partial:OEWS_May2021_lognormal;D,10.628131819816039,0.25416828363847,5,own
31-9091,9,0.007196155619221156,partial:OEWS_May2021_lognormal;D,10.628131819816039,0.25416828363847,5,own
31-9091,10,0.0002984250084796525,partial:OEWS_May2021_lognormal;D,10.628131819816039,0.25416828363847,5,own
31-9092,1,0.009842013247804537,partial:OEWS_May2021_lognormal;D,10.51592647781019,0.21293950701670342,5,own
31-9092,2,0.11767210590348665,partial:OEWS_May2021_lognormal;D,10.51592647781019,0.21293950701670342,5,own
31-9092,3,0.26330155339580186,partial:OEWS_May2021_lognormal;D,10.51592647781019,0.21293950701670342,5,own
31-9092,4,0.28589568689284983,partial:OEWS_May2021_lognormal;D,10.51592647781019,0.21293950701670342,5,own
31-9092,5,0.19742794671707886,partial:OEWS_May2021_lognormal;D,10.51592647781019,0.21293950701670342,5,own
31-9092,6,0.09252139924792946,partial:OEWS_May2021_lognormal;D,10.51592647781019,0.21293950701670342,5,own
31-9092,7,0.02824776461917433,partial:OEWS_May2021_lognormal;D,10.51592647781019,0.21293950701670342,5,own
31-9092,8,0.0047903810531096935,partial:OEWS_May2021_lognormal;D,10.51592647781019,0.21293950701670342,5,own
31-9092,9,0.0002992729779547343,partial:OEWS_May2021_lognormal;D,10.51592647781019,0.21293950701670342,5,own
31-9092,10,1.875944810048047e-6,partial:OEWS_May2021_lognormal;D,10.51592647781019,0.21293950701670342,5,own
31-9093,1,0.01266492257210522,partial:OEWS_May2021_lognormal;D,10.620347558176084,0.2687716865295254,5,own
31-9093,2,0.0858101576904457,partial:OEWS_May2021_lognormal;D,10.620347558176084,0.2687716865295254,5,own
31-9093,3,0.1730774562594441,partial:OEWS_May2021_lognormal;D,10.620347558176084,0.2687716865295254,5,own
31-9093,4,0.21837955404500553,partial:OEWS_May2021_lognormal;D,10.620347558176084,0.2687716865295254,5,own
31-9093,5,0.20838606542866206,partial:OEWS_May2021_lognormal;D,10.620347558176084,0.2687716865295254,5,own
31-9093,6,0.15810312040446162,partial:OEWS_May2021_lognormal;D,10.620347558176084,0.2687716865295254,5,own
31-9093,7,0.09382674099304089,partial:OEWS_May2021_lognormal;D,10.620347558176084,0.2687716865295254,5,own
31-9093,8,0.039833792229910125,partial:OEWS_May2021_lognormal;D,10.620347558176084,0.2687716865295254,5,own
31-9093,9,0.009390765836217119,partial:OEWS_May2021_lognormal;D,10.620347558176084,0.2687716865295254,5,own
31-9093,10,0.0005274245407076439,partial:OEWS_May2021_lognormal;D,10.620347558176084,0.2687716865295254,5,own
31-9094,1,0.09311681306298158,partial:OEWS_May2021_lognormal;D,10.385808403770168,0.2772911126677607,5,own
31-9094,2,0.24968658524930998,partial:OEWS_May2021_lognormal;D,10.385808403770168,0.2772911126677607,5,own
31-9094,3,0.2583688335134471,partial:OEWS_May2021_lognormal;D,10.385808403770168,0.2772911126677607,5,own
31-9094,4,0.19310688864632586,partial:OEWS_May2021_lognormal;D,10.385808403770168,0.2772911126677607,5,own
31-9094,5,0.11712130041795232,partial:OEWS_May2021_lognormal;D,10.385808403770168,0.2772911126677607,5,own
31-9094,6,0.05837472845308023,partial:OEWS_May2021_lognormal;D,10.385808403770168,0.2772911126677607,5,own
31-9094,7,0.022931398462205266,partial:OEWS_May2021_lognormal;D,10.385808403770168,0.2772911126677607,5,own
31-9094,8,0.006337810454874804,partial:OEWS_May2021_lognormal;D,10.385808403770168,0.2772911126677607,5,own
31-9094,9,0.0009266242947851833,partial:OEWS_May2021_lognormal;D,10.385808403770168,0.2772911126677607,5,own
31-9094,10,0.000029017445037693435,partial:OEWS_May2021_lognormal;D,10.385808403770168,0.2772911126677607,5,own
31-9095,1,0.10307258401337693,partial:OEWS_May2021_lognormal;D,10.390280606449025,0.29345502185006783,5,own
31-9095,2,0.24232887800000164,partial:OEWS_May2021_lognormal;D,10.390280606449025,0.29345502185006783,5,own
31-9095,3,0.2443947258716574,partial:OEWS_May2021_lognormal;D,10.390280606449025,0.29345502185006783,5,own
31-9095,4,0.1868387434325065,partial:OEWS_May2021_lognormal;D,10.390280606449025,0.29345502185006783,5,own
31-9095,5,0.11950529822658429,partial:OEWS_May2021_lognormal;D,10.390280606449025,0.29345502185006783,5,own
31-9095,6,0.06455777937085161,partial:OEWS_May2021_lognormal;D,10.390280606449025,0.29345502185006783,5,own
31-9095,7,0.028369381483738798,partial:OEWS_May2021_lognormal;D,10.390280606449025,0.29345502185006783,5,own
31-9095,8,0.009168290636984433,partial:OEWS_May2021_lognormal;D,10.390280606449025,0.29345502185006783,5,own
31-9095,9,0.001687142112425155,partial:OEWS_May2021_lognormal;D,10.390280606449025,0.29345502185006783,5,own
31-9095,10,0.00007717685187325074,partial:OEWS_May2021_lognormal;D,10.390280606449025,0.29345502185006783,5,own
31-9096,1,0.061395008835807785,partial:OEWS_May2021_lognormal;D,10.332354158326645,0.2028749225692441,5,own
31-9096,2,0.3245769193401152,partial:OEWS_May2021_lognormal;D,10.332354158326645,0.2028749225692441,5,own
31-9096,3,0.34439047085634866,partial:OEWS_May2021_lognormal;D,10.332354158326645,0.2028749225692441,5,own
31-9096,4,0.18678309609028987,partial:OEWS_May2021_lognormal;D,10.332354158326645,0.2028749225692441,5,own
31-9096,5,0.0653344525169599,partial:OEWS_May2021_lognormal;D,10.332354158326645,0.2028749225692441,5,own
31-9096,6,0.015190215179060385,partial:OEWS_May2021_lognormal;D,10.332354158326645,0.2028749225692441,5,own
31-9096,7,0.0021718750020467414,partial:OEWS_May2021_lognormal;D,10.332354158326645,0.2028749225692441,5,own
31-9096,8,0.00015465324623953336,partial:OEWS_May2021_lognormal;D,10.332354158326645,0.2028749225692441,5,own
31-9096,9,3.3047013758835675e-6,partial:OEWS_May2021_lognormal;D,10.332354158326645,0.2028749225692441,5,own
31-9096,10,4.2317560566829115e-9,partial:OEWS_May2021_lognormal;D,10.332354158326645,0.2028749225692441,5,own
31-9097,1,0.010689217412607699,partial:OEWS_May2021_lognormal;D,10.52646203746616,0.22039395970333406,5,own
31-9097,2,0.11489296152760692,partial:OEWS_May2021_lognormal;D,10.52646203746616,0.22039395970333406,5,own
31-9097,3,0.2505627532474253,partial:OEWS_May2021_lognormal;D,10.52646203746616,0.22039395970333406,5,own
31-9097,4,0.27751118713139866,partial:OEWS_May2021_lognormal;D,10.52646203746616,0.22039395970333406,5,own
31-9097,5,0.20168226855242588,partial:OEWS_May2021_lognormal;D,10.52646203746616,0.22039395970333406,5,own
31-9097,6,0.10230811371790982,partial:OEWS_May2021_lognormal;D,10.52646203746616,0.22039395970333406,5,own
31-9097,7,0.03490423497165385,partial:OEWS_May2021_lognormal;D,10.52646203746616,0.22039395970333406,5,own
31-9097,8,0.00690529712109933,partial:OEWS_May2021_lognormal;D,10.52646203746616,0.22039395970333406,5,own
31-9097,9,0.0005390415031338858,partial:OEWS_May2021_lognormal;D,10.52646203746616,0.22039395970333406,5,own
31-9097,10,4.92481473868267e-6,partial:OEWS_May2021_lognormal;D,10.52646203746616,0.22039395970333406,5,own
31-9099,1,0.051965258384024327,partial:OEWS_May2021_lognormal;D,10.553857309751928,0.3287476401514972,5,own
31-9099,2,0.14496452425437578,partial:OEWS_May2021_lognormal;D,10.553857309751928,0.3287476401514972,5,own
31-9099,3,0.1870953013369,partial:OEWS_May2021_lognormal;D,10.553857309751928,0.3287476401514972,5,own
31-9099,4,0.18803387113554126,partial:OEWS_May2021_lognormal;D,10.553857309751928,0.3287476401514972,5,own
31-9099,5,0.16262243202382998,partial:OEWS_May2021_lognormal;D,10.553857309751928,0.3287476401514972,5,own
31-9099,6,0.12355931915524387,partial:OEWS_May2021_lognormal;D,10.553857309751928,0.3287476401514972,5,own
31-9099,7,0.08106764882367934,partial:OEWS_May2021_lognormal;D,10.553857309751928,0.3287476401514972,5,own
31-9099,8,0.043120112743924466,partial:OEWS_May2021_lognormal;D,10.553857309751928,0.3287476401514972,5,own
31-9099,9,0.015584147018529504,partial:OEWS_May2021_lognormal;D,10.553857309751928,0.3287476401514972,5,own
31-9099,10,0.0019873851239514684,partial:OEWS_May2021_lognormal;D,10.553857309751928,0.3287476401514972,5,own
33-1011,1,0.0031933703466429098,partial:OEWS_May2021_lognormal;D,11.06737860244262,0.38430655188228796,5,own
33-1011,2,0.016239673815481193,partial:OEWS_May2021_lognormal;D,11.06737860244262,0.38430655188228796,5,own
33-1011,3,0.036651656928867016,partial:OEWS_May2021_lognormal;D,11.06737860244262,0.38430655188228796,5,own
33-1011,4,0.06274323643976837,partial:OEWS_May2021_lognormal;D,11.06737860244262,0.38430655188228796,5,own
33-1011,5,0.0930725092596506,partial:OEWS_May2021_lognormal;D,11.06737860244262,0.38430655188228796,5,own
33-1011,6,0.12577237437021005,partial:OEWS_May2021_lognormal;D,11.06737860244262,0.38430655188228796,5,own
33-1011,7,0.15787042132476248,partial:OEWS_May2021_lognormal;D,11.06737860244262,0.38430655188228796,5,own
33-1011,8,0.18381781694628785,partial:OEWS_May2021_lognormal;D,11.06737860244262,0.38430655188228796,5,own
33-1011,9,0.19088322676672898,partial:OEWS_May2021_lognormal;D,11.06737860244262,0.38430655188228796,5,own
33-1011,10,0.12975571380160056,partial:OEWS_May2021_lognormal;D,11.06737860244262,0.38430655188228796,5,own
33-1012,1,0.0007227624416364931,partial:OEWS_May2021_lognormal;D,11.44216471828726,0.44668777887920375,5,own
33-1012,2,0.003723372211211551,partial:OEWS_May2021_lognormal;D,11.44216471828726,0.44668777887920375,5,own
33-1012,3,0.009256017985906972,partial:OEWS_May2021_lognormal;D,11.44216471828726,0.44668777887920375,5,own
33-1012,4,0.018096774452338982,partial:OEWS_May2021_lognormal;D,11.44216471828726,0.44668777887920375,5,own
33-1012,5,0.03155949201756175,partial:OEWS_May2021_lognormal;D,11.44216471828726,0.44668777887920375,5,own
33-1012,6,0.051834269890589424,partial:OEWS_May2021_lognormal;D,11.44216471828726,0.44668777887920375,5,own
33-1012,7,0.08284667169580634,partial:OEWS_May2021_lognormal;D,11.44216471828726,0.44668777887920375,5,own
33-1012,8,0.1325860243237525,partial:OEWS_May2021_lognormal;D,11.44216471828726,0.44668777887920375,5,own
33-1012,9,0.22150586722602084,partial:OEWS_May2021_lognormal;D,11.44216471828726,0.44668777887920375,5,own
33-1012,10,0.44786874775517516,partial:OEWS_May2021_lognormal;D,11.44216471828726,0.44668777887920375,5,own
33-1021,1,0.0005442833029359329,partial:OEWS_May2021_lognormal;D,11.266317532269003,0.3817555567654033,5,own
33-1021,2,0.004109835720667532,partial:OEWS_May2021_lognormal;D,11.266317532269003,0.3817555567654033,5,own
33-1021,3,0.012338438429007725,partial:OEWS_May2021_lognormal;D,11.266317532269003,0.3817555567654033,5,own
33-1021,4,0.02665211453620253,partial:OEWS_May2021_lognormal;D,11.266317532269003,0.3817555567654033,5,own
33-1021,5,0.04872462593729898,partial:OEWS_May2021_lognormal;D,11.266317532269003,0.3817555567654033,5,own
33-1021,6,0.08053829846953953,partial:OEWS_May2021_lognormal;D,11.266317532269003,0.3817555567654033,5,own
33-1021,7,0.12432994149609267,partial:OEWS_May2021_lognormal;D,11.266317532269003,0.3817555567654033,5,own
33-1021,8,0.18199103495957214,partial:OEWS_May2021_lognormal;D,11.266317532269003,0.3817555567654033,5,own
33-1021,9,0.25115227346276336,partial:OEWS_May2021_lognormal;D,11.266317532269003,0.3817555567654033,5,own
33-1021,10,0.2696191536859196,partial:OEWS_May2021_lognormal;D,11.266317532269003,0.3817555567654033,5,own
33-1091,1,0.015642726294789355,partial:OEWS_May2021_lognormal;D,10.8207406458714,0.3721779657588363,5,own
33-1091,2,0.05510731438808886,partial:OEWS_May2021_lognormal;D,10.8207406458714,0.3721779657588363,5,own
33-1091,3,0.09338706345666392,partial:OEWS_May2021_lognormal;D,10.8207406458714,0.3721779657588363,5,own
33-1091,4,0.12474269819013428,partial:OEWS_May2021_lognormal;D,10.8207406458714,0.3721779657588363,5,own
33-1091,5,0.14629213069530383,partial:OEWS_May2021_lognormal;D,10.8207406458714,0.3721779657588363,5,own
33-1091,6,0.15586640369105542,partial:OEWS_May2021_lognormal;D,10.8207406458714,0.3721779657588363,5,own
33-1091,7,0.15148763777278085,partial:OEWS_May2021_lognormal;D,10.8207406458714,0.3721779657588363,5,own
33-1091,8,0.13111747669042007,partial:OEWS_May2021_lognormal;D,10.8207406458714,0.3721779657588363,5,own
33-1091,9,0.09250512472418482,partial:OEWS_May2021_lognormal;D,10.8207406458714,0.3721779657588363,5,own
33-1091,10,0.0338514240965786,partial:OEWS_May2021_lognormal;D,10.8207406458714,0.3721779657588363,5,own
33-1099,1,0.0030791557627455335,partial:OEWS_May2021_lognormal;D,11.02315275139856,0.36647830643080526,5,own
33-1099,2,0.017328059626399883,partial:OEWS_May2021_lognormal;D,11.02315275139856,0.36647830643080526,5,own
33-1099,3,0.040751796880276414,partial:OEWS_May2021_lognormal;D,11.02315275139856,0.36647830643080526,5,own
33-1099,4,0.07070256736017067,partial:OEWS_May2021_lognormal;D,11.02315275139856,0.36647830643080526,5,own
33-1099,5,0.10449333409533385,partial:OEWS_May2021_lognormal;D,11.02315275139856,0.36647830643080526,5,own
33-1099,6,0.13869053151183985,partial:OEWS_May2021_lognormal;D,11.02315275139856,0.36647830643080526,5,own
33-1099,7,0.16833856103057265,partial:OEWS_May2021_lognormal;D,11.02315275139856,0.36647830643080526,5,own
33-1099,8,0.1854387059585475,partial:OEWS_May2021_lognormal;D,11.02315275139856,0.36647830643080526,5,own
33-1099,9,0.17490303395169937,partial:OEWS_May2021_lognormal;D,11.02315275139856,0.36647830643080526,5,own
33-1099,10,0.09627425382241428,partial:OEWS_May2021_lognormal;D,11.02315275139856,0.36647830643080526,5,own
33-2011,1,0.026719361632068006,partial:OEWS_May2021_lognormal;D,10.8078795286422,0.40831126185258215,5,own
33-2011,2,0.06861178614014735,partial:OEWS_May2021_lognormal;D,10.8078795286422,0.40831126185258215,5,own
33-2011,3,0.0996775638064179,partial:OEWS_May2021_lognormal;D,10.8078795286422,0.40831126185258215,5,own
33-2011,4,0.12206390802190342,partial:OEWS_May2021_lognormal;D,10.8078795286422,0.40831126185258215,5,own
33-2011,5,0.13624679173864584,partial:OEWS_May2021_lognormal;D,10.8078795286422,0.40831126185258215,5,own
33-2011,6,0.14203562631325783,partial:OEWS_May2021_lognormal;D,10.8078795286422,0.40831126185258215,5,own
33-2011,7,0.13866842698316706,partial:OEWS_May2021_lognormal;D,10.8078795286422,0.40831126185258215,5,own
33-2011,8,0.1245795409314443,partial:OEWS_May2021_lognormal;D,10.8078795286422,0.40831126185258215,5,own
33-2011,9,0.09652977605082347,partial:OEWS_May2021_lognormal;D,10.8078795286422,0.40831126185258215,5,own
33-2011,10,0.04486721838212482,partial:OEWS_May2021_lognormal;D,10.8078795286422,0.40831126185258215,5,own
33-2021,1,0.0017193608364162172,partial:OEWS_May2021_lognormal;D,11.067903641233007,0.3584377085617209,5,own
33-2021,2,0.01162147992188628,partial:OEWS_May2021_lognormal;D,11.067903641233007,0.3584377085617209,5,own
33-2021,3,0.030791148227355958,partial:OEWS_May2021_lognormal;D,11.067903641233007,0.3584377085617209,5,own
33-2021,4,0.0583463906086934,partial:OEWS_May2021_lognormal;D,11.067903641233007,0.3584377085617209,5,own
33-2021,5,0.09268223453515279,partial:OEWS_May2021_lognormal;D,11.067903641233007,0.3584377085617209,5,own
33-2021,6,0.13100913759071747,partial:OEWS_May2021_lognormal;D,11.067903641233007,0.3584377085617209,5,own
33-2021,7,0.1684675339949676,partial:OEWS_May2021_lognormal;D,11.067903641233007,0.3584377085617209,5,own
33-2021,8,0.19614659433746162,partial:OEWS_May2021_lognormal;D,11.067903641233007,0.3584377085617209,5,own
33-2021,9,0.19558824072677972,partial:OEWS_May2021_lognormal;D,11.067903641233007,0.3584377085617209,5,own
33-2021,10,0.11362787922056894,partial:OEWS_May2021_lognormal;D,11.067903641233007,0.3584377085617209,5,own
33-2022,1,0.04200167523725912,partial:OEWS_May2021_lognormal;D,10.768396066010096,0.43353505322783237,5,own
33-2022,2,0.0848477343659163,partial:OEWS_May2021_lognormal;D,10.768396066010096,0.43353505322783237,5,own
33-2022,3,0.10937500694074248,partial:OEWS_May2021_lognormal;D,10.768396066010096,0.43353505322783237,5,own
33-2022,4,0.12426962128679125,partial:OEWS_May2021_lognormal;D,10.768396066010096,0.43353505322783237,5,own
33-2022,5,0.1317739895057261,partial:OEWS_May2021_lognormal;D,10.768396066010096,0.43353505322783237,5,own
33-2022,6,0.13263125811037435,partial:OEWS_May2021_lognormal;D,10.768396066010096,0.43353505322783237,5,own
33-2022,7,0.12676475638593943,partial:OEWS_May2021_lognormal;D,10.768396066010096,0.43353505322783237,5,own
33-2022,8,0.11324559850843563,partial:OEWS_May2021_lognormal;D,10.768396066010096,0.43353505322783237,5,own
33-2022,9,0.08949509679079681,partial:OEWS_May2021_lognormal;D,10.768396066010096,0.43353505322783237,5,own
33-2022,10,0.045595262868018516,partial:OEWS_May2021_lognormal;D,10.768396066010096,0.43353505322783237,5,own
33-3011,1,0.030934621824309116,partial:OEWS_May2021_lognormal;D,10.772358915259048,0.40331088071245574,5,own
33-3011,2,0.07715077021679029,partial:OEWS_May2021_lognormal;D,10.772358915259048,0.40331088071245574,5,own
33-3011,3,0.10897175161398626,partial:OEWS_May2021_lognormal;D,10.772358915259048,0.40331088071245574,5,own
33-3011,4,0.1298336531472158,partial:OEWS_May2021_lognormal;D,10.772358915259048,0.40331088071245574,5,own
33-3011,5,0.140879266969683,partial:OEWS_May2021_lognormal;D,10.772358915259048,0.40331088071245574,5,own
33-3011,6,0.14243894266784457,partial:OEWS_May2021_lognormal;D,10.772358915259048,0.40331088071245574,5,own
33-3011,7,0.13428985589925835,partial:OEWS_May2021_lognormal;D,10.772358915259048,0.40331088071245574,5,own
33-3011,8,0.11559440445710512,partial:OEWS_May2021_lognormal;D,10.772358915259048,0.40331088071245574,5,own
33-3011,9,0.08444055326722644,partial:OEWS_May2021_lognormal;D,10.772358915259048,0.40331088071245574,5,own
33-3011,10,0.03546617993658108,partial:OEWS_May2021_lognormal;D,10.772358915259048,0.40331088071245574,5,own
33-3012,1,0.007697379359644763,partial:OEWS_May2021_lognormal;D,10.824216102610706,0.3322106467286352,5,own
33-3012,2,0.04100493899545743,partial:OEWS_May2021_lognormal;D,10.824216102610706,0.3322106467286352,5,own
33-3012,3,0.08573251627026818,partial:OEWS_May2021_lognormal;D,10.824216102610706,0.3322106467286352,5,own
33-3012,4,0.12857554766071239,partial:OEWS_May2021_lognormal;D,10.824216102610706,0.3322106467286352,5,own
33-3012,5,0.16034377386476079,partial:OEWS_May2021_lognormal;D,10.824216102610706,0.3322106467286352,5,own
33-3012,6,0.17436658640709762,partial:OEWS_May2021_lognormal;D,10.824216102610706,0.3322106467286352,5,own
33-3012,7,0.16621779281140725,partial:OEWS_May2021_lognormal;D,10.824216102610706,0.3322106467286352,5,own
33-3012,8,0.13418435866528922,partial:OEWS_May2021_lognormal;D,10.824216102610706,0.3322106467286352,5,own
33-3012,9,0.08101782065977481,partial:OEWS_May2021_lognormal;D,10.824216102610706,0.3322106467286352,5,own
33-3012,10,0.02085928530558756,partial:OEWS_May2021_lognormal;D,10.824216102610706,0.3322106467286352,5,own
33-3021,1,0.001197753810106783,partial:OEWS_May2021_lognormal;D,11.323158018737214,0.42943743424932135,5,own
33-3021,2,0.006062210262082313,partial:OEWS_May2021_lognormal;D,11.323158018737214,0.42943743424932135,5,own
33-3021,3,0.014577863358021304,partial:OEWS_May2021_lognormal;D,11.323158018737214,0.42943743424932135,5,own
33-3021,4,0.027390677416716414,partial:OEWS_May2021_lognormal;D,11.323158018737214,0.42943743424932135,5,own
33-3021,5,0.04563256941087457,partial:OEWS_May2021_lognormal;D,11.323158018737214,0.42943743424932135,5,own
33-3021,6,0.07105688718652098,partial:OEWS_May2021_lognormal;D,11.323158018737214,0.42943743424932135,5,own
33-3021,7,0.1064680243758217,partial:OEWS_May2021_lognormal;D,11.323158018737214,0.42943743424932135,5,own
33-3021,8,0.15671382804979095,partial:OEWS_May2021_lognormal;D,11.323158018737214,0.42943743424932135,5,own
33-3021,9,0.23125594865644294,partial:OEWS_May2021_lognormal;D,11.323158018737214,0.42943743424932135,5,own
33-3021,10,0.33964423747362205,partial:OEWS_May2021_lognormal;D,11.323158018737214,0.42943743424932135,5,own
33-3031,1,0.005037401000981823,partial:OEWS_May2021_lognormal;D,10.914468836978761,0.34788081601272286,5,own
33-3031,2,0.027675352583965918,partial:OEWS_May2021_lognormal;D,10.914468836978761,0.34788081601272286,5,own
33-3031,3,0.0614916890179949,partial:OEWS_May2021_lognormal;D,10.914468836978761,0.34788081601272286,5,own
33-3031,4,0.09932445662048806,partial:OEWS_May2021_lognormal;D,10.914468836978761,0.34788081601272286,5,own
33-3031,5,0.13497510562695053,partial:OEWS_May2021_lognormal;D,10.914468836978761,0.34788081601272286,5,own
33-3031,6,0.1622691723374174,partial:OEWS_May2021_lognormal;D,10.914468836978761,0.34788081601272286,5,own
33-3031,7,0.17461180946357463,partial:OEWS_May2021_lognormal;D,10.914468836978761,0.34788081601272286,5,own
33-3031,8,0.16463490038822481,partial:OEWS_May2021_lognormal;D,10.914468836978761,0.34788081601272286,5,own
33-3031,9,0.12400084282151502,partial:OEWS_May2021_lognormal;D,10.914468836978761,0.34788081601272286,5,own
33-3031,10,0.04597927013888692,partial:OEWS_May2021_lognormal;D,10.914468836978761,0.34788081601272286,5,own
33-3041,1,0.019124181315316457,partial:OEWS_May2021_lognormal;D,10.70851675725335,0.33261185585838554,5,own
33-3041,2,0.07636031999969373,partial:OEWS_May2021_lognormal;D,10.70851675725335,0.33261185585838554,5,own
33-3041,3,0.12919482154494688,partial:OEWS_May2021_lognormal;D,10.70851675725335,0.33261185585838554,5,own
33-3041,4,0.1629603347287123,partial:OEWS_May2021_lognormal;D,10.70851675725335,0.33261185585838554,5,own
33-3041,5,0.17385667951336659,partial:OEWS_May2021_lognormal;D,10.70851675725335,0.33261185585838554,5,own
33-3041,6,0.16258338015996865,partial:OEWS_May2021_lognormal;D,10.70851675725335,0.33261185585838554,5,own
33-3041,7,0.13271135804172585,partial:OEWS_May2021_lognormal;D,10.70851675725335,0.33261185585838554,5,own
33-3041,8,0.090296333850302,partial:OEWS_May2021_lognormal;D,10.70851675725335,0.33261185585838554,5,own
33-3041,9,0.04429638985715845,partial:OEWS_May2021_lognormal;D,10.70851675725335,0.33261185585838554,5,own
33-3041,10,0.008616200988809108,partial:OEWS_May2021_lognormal;D,10.70851675725335,0.33261185585838554,5,own
33-3051,1,0.0018821341431179417,partial:OEWS_May2021_lognormal;D,11.072070365884565,0.36337195287562274,5,own
33-3051,2,0.01210963285899902,partial:OEWS_May2021_lognormal;D,11.072070365884565,0.36337195287562274,5,own
33-3051,3,0.031241029521791253,partial:OEWS_May2021_lognormal;D,11.072070365884565,0.36337195287562274,5,own
33-3051,4,0.05827577387359267,partial:OEWS_May2021_lognormal;D,11.072070365884565,0.36337195287562274,5,own
33-3051,5,0.09170667827650858,partial:OEWS_May2021_lognormal;D,11.072070365884565,0.36337195287562274,5,own
33-3051,6,0.12902872294768913,partial:OEWS_May2021_lognormal;D,11.072070365884565,0.36337195287562274,5,own
33-3051,7,0.16589237689941022,partial:OEWS_May2021_lognormal;D,11.072070365884565,0.36337195287562274,5,own
33-3051,8,0.1941942422421014,partial:OEWS_May2021_lognormal;D,11.072070365884565,0.36337195287562274,5,own
33-3051,9,0.19658877789648987,partial:OEWS_May2021_lognormal;D,11.072070365884565,0.36337195287562274,5,own
33-3051,10,0.11908063134029989,partial:OEWS_May2021_lognormal;D,11.072070365884565,0.36337195287562274,5,own
33-3052,1,0.0001479468012650642,partial:OEWS_May2021_lognormal;D,11.098087653278892,0.2981051943212051,5,own
33-3052,2,0.0026902268495835324,partial:OEWS_May2021_lognormal;D,11.098087653278892,0.2981051943212051,5,own
33-3052,3,0.012904904448229837,partial:OEWS_May2021_lognormal;D,11.098087653278892,0.2981051943212051,5,own
33-3052,4,0.03630149642755265,partial:OEWS_May2021_lognormal;D,11.098087653278892,0.2981051943212051,5,own
33-3052,5,0.07632227706470629,partial:OEWS_May2021_lognormal;D,11.098087653278892,0.2981051943212051,5,own
33-3052,6,0.1317628774281691,partial:OEWS_May2021_lognormal;D,11.098087653278892,0.2981051943212051,5,own
33-3052,7,0.19313537267096792,partial:OEWS_May2021_lognormal;D,11.098087653278892,0.2981051943212051,5,own
33-3052,8,0.23736036994578347,partial:OEWS_May2021_lognormal;D,11.098087653278892,0.2981051943212051,5,own
33-3052,9,0.22095930877238268,partial:OEWS_May2021_lognormal;D,11.098087653278892,0.2981051943212051,5,own
33-3052,10,0.08841521959135945,partial:OEWS_May2021_lognormal;D,11.098087653278892,0.2981051943212051,5,own
33-9011,1,0.025673003892502877,partial:OEWS_May2021_lognormal;D,10.60432577363439,0.3002405460823252,5,own
33-9011,2,0.10962559568751246,partial:OEWS_May2021_lognormal;D,10.60432577363439,0.3002405460823252,5,own
33-9011,3,0.17640674873391676,partial:OEWS_May2021_lognormal;D,10.60432577363439,0.3002405460823252,5,own
33-9011,4,0.20056790909532501,partial:OEWS_May2021_lognormal;D,10.60432577363439,0.3002405460823252,5,own
33-9011,5,0.1856634417057652,partial:OEWS_May2021_lognormal;D,10.60432577363439,0.3002405460823252,5,own
33-9011,6,0.14489916652914736,partial:OEWS_May2021_lognormal;D,10.60432577363439,0.3002405460823252,5,own
33-9011,7,0.09390452842705066,partial:OEWS_May2021_lognormal;D,10.60432577363439,0.3002405460823252,5,own
33-9011,8,0.047027154390694936,partial:OEWS_May2021_lognormal;D,10.60432577363439,0.3002405460823252,5,own
33-9011,9,0.01481700293635213,partial:OEWS_May2021_lognormal;D,10.60432577363439,0.3002405460823252,5,own
33-9011,10,0.001415448601732594,partial:OEWS_May2021_lognormal;D,10.60432577363439,0.3002405460823252,5,own
33-9021,1,0.019007348840329397,partial:OEWS_May2021_lognormal;D,10.945020555644867,0.4462033896848859,5,own
33-9021,2,0.04717480613960118,partial:OEWS_May2021_lognormal;D,10.945020555644867,0.4462033896848859,5,own
33-9021,3,0.0708085704705011,partial:OEWS_May2021_lognormal;D,10.945020555644867,0.4462033896848859,5,own
33-9021,4,0.09179933233750026,partial:OEWS_May2021_lognormal;D,10.945020555644867,0.4462033896848859,5,own
33-9021,5,0.11040146285643698,partial:OEWS_May2021_lognormal;D,10.945020555644867,0.4462033896848859,5,own
33-9021,6,0.12634143850721324,partial:OEWS_May2021_lognormal;D,10.945020555644867,0.4462033896848859,5,own
33-9021,7,0.13880761363405486,partial:OEWS_May2021_lognormal;D,10.945020555644867,0.4462033896848859,5,own
33-9021,8,0.14598107663884696,partial:OEWS_May2021_lognormal;D,10.945020555644867,0.4462033896848859,5,own
33-9021,9,0.14317770322534018,partial:OEWS_May2021_lognormal;D,10.945020555644867,0.4462033896848859,5,own
33-9021,10,0.10650064735017584,partial:OEWS_May2021_lognormal;D,10.945020555644867,0.4462033896848859,5,own
33-9031,1,0.0320586267368696,partial:OEWS_May2021_lognormal;D,10.508664749525922,0.2643352528701244,5,own
33-9031,2,0.15482456945433237,partial:OEWS_May2021_lognormal;D,10.508664749525922,0.2643352528701244,5,own
33-9031,3,0.23548990170022555,partial:OEWS_May2021_lognormal;D,10.508664749525922,0.2643352528701244,5,own
33-9031,4,0.23188477376506167,partial:OEWS_May2021_lognormal;D,10.508664749525922,0.2643352528701244,5,own
33-9031,5,0.17488764548114555,partial:OEWS_May2021_lognormal;D,10.508664749525922,0.2643352528701244,5,own
33-9031,6,0.10465983239248255,partial:OEWS_May2021_lognormal;D,10.508664749525922,0.2643352528701244,5,own
33-9031,7,0.04821618710247311,partial:OEWS_May2021_lognormal;D,10.508664749525922,0.2643352528701244,5,own
33-9031,8,0.015351420786734904,partial:OEWS_May2021_lognormal;D,10.508664749525922,0.2643352528701244,5,own
33-9031,9,0.0025396602884473207,partial:OEWS_May2021_lognormal;D,10.508664749525922,0.2643352528701244,5,own
33-9031,10,0.00008738229222737814,partial:OEWS_May2021_lognormal;D,10.508664749525922,0.2643352528701244,5,own
33-9032,1,0.08076100566704836,partial:OEWS_May2021_lognormal;D,10.415669117154993,0.28313804837857665,5,own
33-9032,2,0.22709816536066696,partial:OEWS_May2021_lognormal;D,10.415669117154993,0.28313804837857665,5,own
33-9032,3,0.25003195126199695,partial:OEWS_May2021_lognormal;D,10.415669117154993,0.28313804837857665,5,own
33-9032,4,0.19981229798430888,partial:OEWS_May2021_lognormal;D,10.415669117154993,0.28313804837857665,5,own
33-9032,5,0.1303230438164633,partial:OEWS_May2021_lognormal;D,10.415669117154993,0.28313804837857665,5,own
33-9032,6,0.0704492060251416,partial:OEWS_May2021_lognormal;D,10.415669117154993,0.28313804837857665,5,own
33-9032,7,0.030413983951580237,partial:OEWS_May2021_lognormal;D,10.415669117154993,0.28313804837857665,5,own
33-9032,8,0.009437906590014755,partial:OEWS_May2021_lognormal;D,10.415669117154993,0.28313804837857665,5,own
33-9032,9,0.0016089303084233508,partial:OEWS_May2021_lognormal;D,10.415669117154993,0.28313804837857665,5,own
33-9032,10,0.00006350903435559108,partial:OEWS_May2021_lognormal;D,10.415669117154993,0.28313804837857665,5,own
33-9091,1,0.07152704754373923,partial:OEWS_May2021_lognormal;D,10.418875592322717,0.27284959920067986,5,own
33-9091,2,0.22562614410879595,partial:OEWS_May2021_lognormal;D,10.418875592322717,0.27284959920067986,5,own
33-9091,3,0.2582655133303313,partial:OEWS_May2021_lognormal;D,10.418875592322717,0.27284959920067986,5,own
33-9091,4,0.2068246485704326,partial:OEWS_May2021_lognormal;D,10.418875592322717,0.27284959920067986,5,own
33-9091,5,0.13214403863033986,partial:OEWS_May2021_lognormal;D,10.418875592322717,0.27284959920067986,5,own
33-9091,6,0.0686333275294666,partial:OEWS_May2021_lognormal;D,10.418875592322717,0.27284959920067986,5,own
33-9091,7,0.027867474197067144,partial:OEWS_May2021_lognormal;D,10.418875592322717,0.27284959920067986,5,own
33-9091,8,0.007901180103392913,partial:OEWS_May2021_lognormal;D,10.418875592322717,0.27284959920067986,5,own
33-9091,9,0.001173915558341454,partial:OEWS_May2021_lognormal;D,10.418875592322717,0.27284959920067986,5,own
33-9091,10,0.000036710428092945335,partial:OEWS_May2021_lognormal;D,10.418875592322717,0.27284959920067986,5,own
33-9092,1,0.2751953016287797,partial:OEWS_May2021_lognormal;D,10.16547615846178,0.24480614573208992,5,own
33-9092,2,0.39537355133276264,partial:OEWS_May2021_lognormal;D,10.16547615846178,0.24480614573208992,5,own
33-9092,3,0.2124926262983502,partial:OEWS_May2021_lognormal;D,10.16547615846178,0.24480614573208992,5,own
33-9092,4,0.08334181471892055,partial:OEWS_May2021_lognormal;D,10.16547615846178,0.24480614573208992,5,own
33-9092,5,0.026016440506844263,partial:OEWS_May2021_lognormal;D,10.16547615846178,0.24480614573208992,5,own
33-9092,6,0.006343924799544043,partial:OEWS_May2021_lognormal;D,10.16547615846178,0.24480614573208992,5,own
33-9092,7,0.0011134479646400797,partial:OEWS_May2021_lognormal;D,10.16547615846178,0.24480614573208992,5,own
33-9092,8,0.00011785526882845954,partial:OEWS_May2021_lognormal;D,10.16547615846178,0.24480614573208992,5,own
33-9092,9,5.0128868730459075e-6,partial:OEWS_May2021_lognormal;D,10.16547615846178,0.24480614573208992,5,own
33-9092,10,2.4594457026516636e-8,partial:OEWS_May2021_lognormal;D,10.16547615846178,0.24480614573208992,5,own
33-9093,1,5.5311772995114694e-8,partial:OEWS_May2021_lognormal;D,10.735424571698108,0.13490836735520637,5,own
33-9093,2,0.0003089489873463469,partial:OEWS_May2021_lognormal;D,10.735424571698108,0.13490836735520637,5,own
33-9093,3,0.019174313413461763,partial:OEWS_May2021_lognormal;D,10.735424571698108,0.13490836735520637,5,own
33-9093,4,0.1637042313260469,partial:OEWS_May2021_lognormal;D,10.735424571698108,0.13490836735520637,5,own
33-9093,5,0.38906536717654505,partial:OEWS_May2021_lognormal;D,10.735424571698108,0.13490836735520637,5,own
33-9093,6,0.32526056329441244,partial:OEWS_May2021_lognormal;D,10.735424571698108,0.13490836735520637,5,own
33-9093,7,0.09491134070543106,partial:OEWS_May2021_lognormal;D,10.735424571698108,0.13490836735520637,5,own
33-9093,8,0.00749918957925666,partial:OEWS_May2021_lognormal;D,10.735424571698108,0.13490836735520637,5,own
33-9093,9,0.0000759831723100568,partial:OEWS_May2021_lognormal;D,10.735424571698108,0.13490836735520637,5,own
33-9093,10,7.03341673791158e-9,partial:OEWS_May2021_lognormal;D,10.735424571698108,0.13490836735520637,5,own
33-9094,1,0.15527909779270205,partial:OEWS_May2021_lognormal;D,10.271455694500235,0.2486773450463973,5,own
33-9094,2,0.34808752017026395,partial:OEWS_May2021_lognormal;D,10.271455694500235,0.2486773450463973,5,own
33-9094,3,0.2687170564217868,partial:OEWS_May2021_lognormal;D,10.271455694500235,0.2486773450463973,5,own
33-9094,4,0.14346084164874418,partial:OEWS_May2021_lognormal;D,10.271455694500235,0.2486773450463973,5,own
33-9094,5,0.05972192673223209,partial:OEWS_May2021_lognormal;D,10.271455694500235,0.2486773450463973,5,own
33-9094,6,0.019399331884164872,partial:OEWS_May2021_lognormal;D,10.271455694500235,0.2486773450463973,5,own
33-9094,7,0.004606343390202605,partial:OEWS_May2021_lognormal;D,10.271455694500235,0.2486773450463973,5,own
33-9094,8,0.0006837263217465139,partial:OEWS_May2021_lognormal;D,10.271455694500235,0.2486773450463973,5,own
33-9094,9,0.00004377126334187409,partial:OEWS_May2021_lognormal;D,10.271455694500235,0.2486773450463973,5,own
33-9094,10,3.843748150877957e-7,partial:OEWS_May2021_lognormal;D,10.271455694500235,0.2486773450463973,5,own
33-9099,1,0.02858499324824848,partial:OEWS_May2021_lognormal;D,10.59278160985742,0.3015220017269567,5,own
33-9099,2,0.11627869262458274,partial:OEWS_May2021_lognormal;D,10.59278160985742,0.3015220017269567,5,own
33-9099,3,0.18125753624619217,partial:OEWS_May2021_lognormal;D,10.59278160985742,0.3015220017269567,5,own
33-9099,4,0.20135407339295086,partial:OEWS_May2021_lognormal;D,10.59278160985742,0.3015220017269567,5,own
33-9099,5,0.18292627252336024,partial:OEWS_May2021_lognormal;D,10.59278160985742,0.3015220017269567,5,own
33-9099,6,0.14047298066783853,partial:OEWS_May2021_lognormal;D,10.59278160985742,0.3015220017269567,5,own
33-9099,7,0.08971781031691384,partial:OEWS_May2021_lognormal;D,10.59278160985742,0.3015220017269567,5,own
33-9099,8,0.044322070782851664,partial:OEWS_May2021_lognormal;D,10.59278160985742,0.3015220017269567,5,own
33-9099,9,0.013784163520414894,partial:OEWS_May2021_lognormal;D,10.59278160985742,0.3015220017269567,5,own
33-9099,10,0.001301406676646577,partial:OEWS_May2021_lognormal;D,10.59278160985742,0.3015220017269567,5,own
35-1011,1,0.018361360465289966,partial:OEWS_May2021_lognormal;D,10.83382949671375,0.389952315321644,5,own
35-1011,2,0.057029065973156656,partial:OEWS_May2021_lognormal;D,10.83382949671375,0.389952315321644,5,own
35-1011,3,0.09148120000513776,partial:OEWS_May2021_lognormal;D,10.83382949671375,0.389952315321644,5,own
35-1011,4,0.11921544086647456,partial:OEWS_May2021_lognormal;D,10.83382949671375,0.389952315321644,5,own
35-1011,5,0.13882328550895867,partial:OEWS_May2021_lognormal;D,10.83382949671375,0.389952315321644,5,own
35-1011,6,0.14892923503421102,partial:OEWS_May2021_lognormal;D,10.83382949671375,0.389952315321644,5,own
35-1011,7,0.14786310937928338,partial:OEWS_May2021_lognormal;D,10.83382949671375,0.389952315321644,5,own
35-1011,8,0.1332888233160443,partial:OEWS_May2021_lognormal;D,10.83382949671375,0.389952315321644,5,own
35-1011,9,0.10138839538524225,partial:OEWS_May2021_lognormal;D,10.83382949671375,0.389952315321644,5,own
35-1011,10,0.04362008406620144,partial:OEWS_May2021_lognormal;D,10.83382949671375,0.389952315321644,5,own
35-1012,1,0.07539530044049442,partial:OEWS_May2021_lognormal;D,10.530024644538827,0.35548461834914996,5,own
35-1012,2,0.15991586074082198,partial:OEWS_May2021_lognormal;D,10.530024644538827,0.35548461834914996,5,own
35-1012,3,0.1832009413926461,partial:OEWS_May2021_lognormal;D,10.530024644538827,0.35548461834914996,5,own
35-1012,4,0.17438402183847507,partial:OEWS_May2021_lognormal;D,10.530024644538827,0.35548461834914996,5,own
35-1012,5,0.14826052627432573,partial:OEWS_May2021_lognormal;D,10.530024644538827,0.35548461834914996,5,own
35-1012,6,0.11400463895431123,partial:OEWS_May2021_lognormal;D,10.530024644538827,0.35548461834914996,5,own
35-1012,7,0.07797089269769208,partial:OEWS_May2021_lognormal;D,10.530024644538827,0.35548461834914996,5,own
35-1012,8,0.044931082700501834,partial:OEWS_May2021_lognormal;D,10.530024644538827,0.35548461834914996,5,own
35-1012,9,0.018775540708638072,partial:OEWS_May2021_lognormal;D,10.530024644538827,0.35548461834914996,5,own
35-1012,10,0.003161194252093491,partial:OEWS_May2021_lognormal;D,10.530024644538827,0.35548461834914996,5,own
35-2011,1,0.34879832074020023,partial:OEWS_May2021_lognormal;D,10.104555583435468,0.21945137440469525,5,own
35-2011,2,0.43058029090392147,partial:OEWS_May2021_lognormal;D,10.104555583435468,0.21945137440469525,5,own
35-2011,3,0.1664376047280467,partial:OEWS_May2021_lognormal;D,10.104555583435468,0.21945137440469525,5,own
35-2011,4,0.04399869420804392,partial:OEWS_May2021_lognormal;D,10.104555583435468,0.21945137440469525,5,own
35-2011,5,0.00877510232159806,partial:OEWS_May2021_lognormal;D,10.104555583435468,0.21945137440469525,5,own
35-2011,6,0.0012808741385932354,partial:OEWS_May2021_lognormal;D,10.104555583435468,0.21945137440469525,5,own
35-2011,7,0.00012283904631360532,partial:OEWS_May2021_lognormal;D,10.104555583435468,0.21945137440469525,5,own
35-2011,8,6.1760351778294975e-6,partial:OEWS_May2021_lognormal;D,10.104555583435468,0.21945137440469525,5,own
35-2011,9,9.777852416625876e-8,partial:OEWS_May2021_lognormal;D,10.104555583435468,0.21945137440469525,5,own
35-2011,10,9.958078805993864e-11,partial:OEWS_May2021_lognormal;D,10.104555583435468,0.21945137440469525,5,own
35-2012,1,0.13367950428888564,partial:OEWS_May2021_lognormal;D,10.324234718999563,0.27493713799839486,5,own
35-2012,2,0.29319595467317283,partial:OEWS_May2021_lognormal;D,10.324234718999563,0.27493713799839486,5,own
35-2012,3,0.25841088367236176,partial:OEWS_May2021_lognormal;D,10.324234718999563,0.27493713799839486,5,own
35-2012,4,0.1683934598458834,partial:OEWS_May2021_lognormal;D,10.324234718999563,0.27493713799839486,5,own
35-2012,5,0.08983002050305466,partial:OEWS_May2021_lognormal;D,10.324234718999563,0.27493713799839486,5,own
35-2012,6,0.039382715676360314,partial:OEWS_May2021_lognormal;D,10.324234718999563,0.27493713799839486,5,own
35-2012,7,0.013506319458755467,partial:OEWS_May2021_lognormal;D,10.324234718999563,0.27493713799839486,5,own
35-2012,8,0.0032031840330011274,partial:OEWS_May2021_lognormal;D,10.324234718999563,0.27493713799839486,5,own
35-2012,9,0.00038857285916849005,partial:OEWS_May2021_lognormal;D,10.324234718999563,0.27493713799839486,5,own
35-2012,10,9.384989356320261e-6,partial:OEWS_May2021_lognormal;D,10.324234718999563,0.27493713799839486,5,own
35-2013,1,0.017595611388753873,partial:OEWS_May2021_lognormal;D,10.600040237307365,0.27574286966842126,5,own
35-2013,2,0.10060632123518337,partial:OEWS_May2021_lognormal;D,10.600040237307365,0.27574286966842126,5,own
35-2013,3,0.18364213708091393,partial:OEWS_May2021_lognormal;D,10.600040237307365,0.27574286966842126,5,own
35-2013,4,0.21771411676194902,partial:OEWS_May2021_lognormal;D,10.600040237307365,0.27574286966842126,5,own
35-2013,5,0.19951142618946172,partial:OEWS_May2021_lognormal;D,10.600040237307365,0.27574286966842126,5,own
35-2013,6,0.14767094671261205,partial:OEWS_May2021_lognormal;D,10.600040237307365,0.27574286966842126,5,own
35-2013,7,0.08670911970238737,partial:OEWS_May2021_lognormal;D,10.600040237307365,0.27574286966842126,5,own
35-2013,8,0.0370159127047206,partial:OEWS_May2021_lognormal;D,10.600040237307365,0.27574286966842126,5,own
35-2013,9,0.008989615394905837,partial:OEWS_May2021_lognormal;D,10.600040237307365,0.27574286966842126,5,own
35-2013,10,0.0005447928291122395,partial:OEWS_May2021_lognormal;D,10.600040237307365,0.27574286966842126,5,own
35-2014,1,0.07186751301906558,partial:OEWS_May2021_lognormal;D,10.328813726713703,0.211713324633262,5,own
35-2014,2,0.3251745948457251,partial:OEWS_May2021_lognormal;D,10.328813726713703,0.211713324633262,5,own
35-2014,3,0.3303694782048636,partial:OEWS_May2021_lognormal;D,10.328813726713703,0.211713324633262,5,own
35-2014,4,0.18327261725066823,partial:OEWS_May2021_lognormal;D,10.328813726713703,0.211713324633262,5,own
35-2014,5,0.06847168093979139,partial:OEWS_May2021_lognormal;D,10.328813726713703,0.211713324633262,5,own
35-2014,6,0.017660624447182305,partial:OEWS_May2021_lognormal;D,10.328813726713703,0.211713324633262,5,own
35-2014,7,0.0029215466777992027,partial:OEWS_May2021_lognormal;D,10.328813726713703,0.211713324633262,5,own
35-2014,8,0.00025463168270167813,partial:OEWS_May2021_lognormal;D,10.328813726713703,0.211713324633262,5,own
35-2014,9,7.297393913141548e-6,partial:OEWS_May2021_lognormal;D,10.328813726713703,0.211713324633262,5,own
35-2014,10,1.5538289765970603e-8,partial:OEWS_May2021_lognormal;D,10.328813726713703,0.211713324633262,5,own
35-2015,1,0.23376314721753233,partial:OEWS_May2021_lognormal;D,10.208575294142774,0.2605487530823119,5,own
35-2015,2,0.36470836901363457,partial:OEWS_May2021_lognormal;D,10.208575294142774,0.2605487530823119,5,own
35-2015,3,0.23125554170129847,partial:OEWS_May2021_lognormal;D,10.208575294142774,0.2605487530823119,5,own
35-2015,4,0.11022463007717387,partial:OEWS_May2021_lognormal;D,10.208575294142774,0.2605487530823119,5,own
35-2015,5,0.04289167860249987,partial:OEWS_May2021_lognormal;D,10.208575294142774,0.2605487530823119,5,own
35-2015,6,0.013457603533257312,partial:OEWS_May2021_lognormal;D,10.208575294142774,0.2605487530823119,5,own
35-2015,7,0.0031793589520808796,partial:OEWS_May2021_lognormal;D,10.208575294142774,0.2605487530823119,5,own
35-2015,8,0.00048569550628363434,partial:OEWS_May2021_lognormal;D,10.208575294142774,0.2605487530823119,5,own
35-2015,9,0.00003362157027242407,partial:OEWS_May2021_lognormal;D,10.208575294142774,0.2605487530823119,5,own
35-2015,10,3.5382596663691146e-7,partial:OEWS_May2021_lognormal;D,10.208575294142774,0.2605487530823119,5,own
35-2019,1,0.10401945840760596,partial:OEWS_May2021_lognormal;D,10.370574193223487,0.27902840080979396,5,own
35-2019,2,0.2600109405301696,partial:OEWS_May2021_lognormal;D,10.370574193223487,0.27902840080979396,5,own
35-2019,3,0.2574546946485611,partial:OEWS_May2021_lognormal;D,10.370574193223487,0.27902840080979396,5,own
35-2019,4,0.1865948247272765,partial:OEWS_May2021_lognormal;D,10.370574193223487,0.27902840080979396,5,own
35-2019,5,0.11050630988530774,partial:OEWS_May2021_lognormal;D,10.370574193223487,0.27902840080979396,5,own
35-2019,6,0.05401050997110246,partial:OEWS_May2021_lognormal;D,10.370574193223487,0.27902840080979396,5,own
35-2019,7,0.020868438749472418,partial:OEWS_May2021_lognormal;D,10.370574193223487,0.27902840080979396,5,own
35-2019,8,0.005687067501676912,partial:OEWS_May2021_lognormal;D,10.370574193223487,0.27902840080979396,5,own
35-2019,9,0.0008221714406171365,partial:OEWS_May2021_lognormal;D,10.370574193223487,0.27902840080979396,5,own
35-2019,10,0.000025584138210188456,partial:OEWS_May2021_lognormal;D,10.370574193223487,0.27902840080979396,5,own
35-2021,1,0.20845723363192065,partial:OEWS_May2021_lognormal;D,10.222361379836233,0.25016115662226635,5,own
35-2021,2,0.37261593102771456,partial:OEWS_May2021_lognormal;D,10.222361379836233,0.25016115662226635,5,own
35-2021,3,0.24469001158012627,partial:OEWS_May2021_lognormal;D,10.222361379836233,0.25016115662226635,5,own
35-2021,4,0.11530482537711584,partial:OEWS_May2021_lognormal;D,10.222361379836233,0.25016115662226635,5,own
35-2021,5,0.0431204083415615,partial:OEWS_May2021_lognormal;D,10.222361379836233,0.25016115662226635,5,own
35-2021,6,0.01268765300407626,partial:OEWS_May2021_lognormal;D,10.222361379836233,0.25016115662226635,5,own
35-2021,7,0.0027352518812259197,partial:OEWS_May2021_lognormal;D,10.222361379836233,0.25016115662226635,5,own
35-2021,8,0.0003674528002229893,partial:OEWS_May2021_lognormal;D,10.222361379836233,0.25016115662226635,5,own
35-2021,9,0.00002107133550643958,partial:OEWS_May2021_lognormal;D,10.222361379836233,0.25016115662226635,5,own
35-2021,10,1.61020529576561e-7,partial:OEWS_May2021_lognormal;D,10.222361379836233,0.25016115662226635,5,own
35-3011,1,0.2972566408770698,partial:OEWS_May2021_lognormal;D,10.22234803636157,0.38147894189245185,5,own
35-3011,2,0.2561333366160433,partial:OEWS_May2021_lognormal;D,10.22234803636157,0.38147894189245185,5,own
35-3011,3,0.17728366245089255,partial:OEWS_May2021_lognormal;D,10.22234803636157,0.38147894189245185,5,own
35-3011,4,0.11676843865073905,partial:OEWS_May2021_lognormal;D,10.22234803636157,0.38147894189245185,5,own
35-3011,5,0.0731950673383015,partial:OEWS_May2021_lognormal;D,10.22234803636157,0.38147894189245185,5,own
35-3011,6,0.04289367419925327,partial:OEWS_May2021_lognormal;D,10.22234803636157,0.38147894189245185,5,own
35-3011,7,0.022703102130176567,partial:OEWS_May2021_lognormal;D,10.22234803636157,0.38147894189245185,5,own
35-3011,8,0.010134264189103792,partial:OEWS_May2021_lognormal;D,10.22234803636157,0.38147894189245185,5,own
35-3011,9,0.0032292813843415313,partial:OEWS_May2021_lognormal;D,10.22234803636157,0.38147894189245185,5,own
35-3011,10,0.00040253216407859504,partial:OEWS_May2021_lognormal;D,10.22234803636157,0.38147894189245185,5,own
35-3023,1,0.31958579178673263,partial:OEWS_May2021_lognormal;D,10.123676435535295,0.22265271262507322,5,own
35-3023,2,0.429987079902722,partial:OEWS_May2021_lognormal;D,10.123676435535295,0.22265271262507322,5,own
35-3023,3,0.18317990136023798,partial:OEWS_May2021_lognormal;D,10.123676435535295,0.22265271262507322,5,own
35-3023,4,0.05335199484525799,partial:OEWS_May2021_lognormal;D,10.123676435535295,0.22265271262507322,5,own
35-3023,5,0.011762882702980981,partial:OEWS_May2021_lognormal;D,10.123676435535295,0.22265271262507322,5,own
35-3023,6,0.0019129239210664561,partial:OEWS_May2021_lognormal;D,10.123676435535295,0.22265271262507322,5,own
35-3023,7,0.00020716511305240992,partial:OEWS_May2021_lognormal;D,10.123676435535295,0.22265271262507322,5,own
35-3023,8,0.000012030781164407145,partial:OEWS_May2021_lognormal;D,10.123676435535295,0.22265271262507322,5,own
35-3023,9,2.29275553209618e-7,partial:OEWS_May2021_lognormal;D,10.123676435535295,0.22265271262507322,5,own
35-3023,10,3.112319291176391e-10,partial:OEWS_May2021_lognormal;D,10.123676435535295,0.22265271262507322,5,own
35-3031,1,0.3206963816073922,partial:OEWS_May2021_lognormal;D,10.186173508516728,0.3583222578424265,5,own
35-3031,2,0.2756343161139577,partial:OEWS_May2021_lognormal;D,10.186173508516728,0.3583222578424265,5,own
35-3031,3,0.1787073440487662,partial:OEWS_May2021_lognormal;D,10.186173508516728,0.3583222578424265,5,own
35-3031,4,0.10847918317233851,partial:OEWS_May2021_lognormal;D,10.186173508516728,0.3583222578424265,5,own
35-3031,5,0.06183932333774467,partial:OEWS_May2021_lognormal;D,10.186173508516728,0.3583222578424265,5,own
35-3031,6,0.032430960062274305,partial:OEWS_May2021_lognormal;D,10.186173508516728,0.3583222578424265,5,own
35-3031,7,0.015015367865370277,partial:OEWS_May2021_lognormal;D,10.186173508516728,0.3583222578424265,5,own
35-3031,8,0.005653689215735835,partial:OEWS_May2021_lognormal;D,10.186173508516728,0.3583222578424265,5,own
35-3031,9,0.001421476955064116,partial:OEWS_May2021_lognormal;D,10.186173508516728,0.3583222578424265,5,own
35-3031,10,0.00012195762135613908,partial:OEWS_May2021_lognormal;D,10.186173508516728,0.3583222578424265,5,own
35-3041,1,0.16480629942942676,partial:OEWS_May2021_lognormal;D,10.24403422450035,0.23053792796633332,5,own
35-3041,2,0.3861384259165656,partial:OEWS_May2021_lognormal;D,10.24403422450035,0.23053792796633332,5,own
35-3041,3,0.2711423566466178,partial:OEWS_May2021_lognormal;D,10.24403422450035,0.23053792796633332,5,own
35-3041,4,0.12343479559070147,partial:OEWS_May2021_lognormal;D,10.24403422450035,0.23053792796633332,5,own
35-3041,5,0.04186971778926174,partial:OEWS_May2021_lognormal;D,10.24403422450035,0.23053792796633332,5,own
35-3041,6,0.010576900830936764,partial:OEWS_May2021_lognormal;D,10.24403422450035,0.23053792796633332,5,own
35-3041,7,0.0018409137922813512,partial:OEWS_May2021_lognormal;D,10.24403422450035,0.23053792796633332,5,own
35-3041,8,0.00018372333095850735,partial:OEWS_May2021_lognormal;D,10.24403422450035,0.23053792796633332,5,own
35-3041,9,6.841633045873152e-6,partial:OEWS_May2021_lognormal;D,10.24403422450035,0.23053792796633332,5,own
35-3041,10,2.504020413240937e-8,partial:OEWS_May2021_lognormal;D,10.24403422450035,0.23053792796633332,5,own
35-9011,1,0.2755651353157739,partial:OEWS_May2021_lognormal;D,10.177302175043073,0.26510111787028484,5,own
35-9011,2,0.366161152493145,partial:OEWS_May2021_lognormal;D,10.177302175043073,0.26510111787028484,5,own
35-9011,3,0.21248955007344572,partial:OEWS_May2021_lognormal;D,10.177302175043073,0.26510111787028484,5,own
35-9011,4,0.09586552397945869,partial:OEWS_May2021_lognormal;D,10.177302175043073,0.26510111787028484,5,own
35-9011,5,0.03594390860271779,partial:OEWS_May2021_lognormal;D,10.177302175043073,0.26510111787028484,5,own
35-9011,6,0.010998120877415918,partial:OEWS_May2021_lognormal;D,10.177302175043073,0.26510111787028484,5,own
35-9011,7,0.0025596773777646353,partial:OEWS_May2021_lognormal;D,10.177302175043073,0.26510111787028484,5,own
35-9011,8,0.000389386460497243,partial:OEWS_May2021_lognormal;D,10.177302175043073,0.26510111787028484,5,own
35-9011,9,0.000027246122287438723,partial:OEWS_May2021_lognormal;D,10.177302175043073,0.26510111787028484,5,own
35-9011,10,2.986974936280973e-7,partial:OEWS_May2021_lognormal;D,10.177302175043073,0.26510111787028484,5,own
35-9021,1,0.23331335618583188,partial:OEWS_May2021_lognormal;D,10.184135318424008,0.2264506945586089,5,own
35-9021,2,0.42021782868421903,partial:OEWS_May2021_lognormal;D,10.184135318424008,0.2264506945586089,5,own
35-9021,3,0.2322755700875293,partial:OEWS_May2021_lognormal;D,10.184135318424008,0.2264506945586089,5,own
35-9021,4,0.08523603079065933,partial:OEWS_May2021_lognormal;D,10.184135318424008,0.2264506945586089,5,own
35-9021,5,0.023461514111677517,partial:OEWS_May2021_lognormal;D,10.184135318424008,0.2264506945586089,5,own
35-9021,6,0.004783348808040766,partial:OEWS_May2021_lognormal;D,10.184135318424008,0.2264506945586089,5,own
35-9021,7,0.0006604268772243405,partial:OEWS_May2021_lognormal;D,10.184135318424008,0.2264506945586089,5,own
35-9021,8,0.000050565572211391796,partial:OEWS_May2021_lognormal;D,10.184135318424008,0.2264506945586089,5,own
35-9021,9,1.3558313276540446e-6,partial:OEWS_May2021_lognormal;D,10.184135318424008,0.2264506945586089,5,own
35-9021,10,3.05127878519329e-9,partial:OEWS_May2021_lognormal;D,10.184135318424008,0.2264506945586089,5,own
35-9031,1,0.3315478258554057,partial:OEWS_May2021_lognormal;D,10.120214688990426,0.23168186699035473,5,own
35-9031,2,0.41441979516510313,partial:OEWS_May2021_lognormal;D,10.120214688990426,0.23168186699035473,5,own
35-9031,3,0.18095197744998814,partial:OEWS_May2021_lognormal;D,10.120214688990426,0.23168186699035473,5,own
35-9031,4,0.05647086795056733,partial:OEWS_May2021_lognormal;D,10.120214688990426,0.23168186699035473,5,own
35-9031,5,0.013732287678751232,partial:OEWS_May2021_lognormal;D,10.120214688990426,0.23168186699035473,5,own
35-9031,6,0.002532191749870183,partial:OEWS_May2021_lognormal;D,10.120214688990426,0.23168186699035473,5,own
35-9031,7,0.00032151505823041493,partial:OEWS_May2021_lognormal;D,10.120214688990426,0.23168186699035473,5,own
35-9031,8,0.000022955270040481146,partial:OEWS_May2021_lognormal;D,10.120214688990426,0.23168186699035473,5,own
35-9031,9,5.825495973388328e-7,partial:OEWS_May2021_lognormal;D,10.120214688990426,0.23168186699035473,5,own
35-9031,10,1.2724460374258229e-9,partial:OEWS_May2021_lognormal;D,10.120214688990426,0.23168186699035473,5,own
35-9099,1,0.21283885920714063,partial:OEWS_May2021_lognormal;D,10.215241271700158,0.24598896195579295,5,own
35-9099,2,0.38085421779327866,partial:OEWS_May2021_lognormal;D,10.215241271700158,0.24598896195579295,5,own
35-9099,3,0.24335566123311936,partial:OEWS_May2021_lognormal;D,10.215241271700158,0.24598896195579295,5,own
35-9099,4,0.11025674110735117,partial:OEWS_May2021_lognormal;D,10.215241271700158,0.24598896195579295,5,own
35-9099,5,0.0392986168512407,partial:OEWS_May2021_lognormal;D,10.215241271700158,0.24598896195579295,5,own
35-9099,6,0.010917326648964387,partial:OEWS_May2021_lognormal;D,10.215241271700158,0.24598896195579295,5,own
35-9099,7,0.0021948116432330966,partial:OEWS_May2021_lognormal;D,10.215241271700158,0.24598896195579295,5,own
35-9099,8,0.00026994144586156565,partial:OEWS_May2021_lognormal;D,10.215241271700158,0.24598896195579295,5,own
35-9099,9,0.00001373731417220192,partial:OEWS_May2021_lognormal;D,10.215241271700158,0.24598896195579295,5,own
35-9099,10,8.675563822890808e-8,partial:OEWS_May2021_lognormal;D,10.215241271700158,0.24598896195579295,5,own
37-1011,1,0.02161992725460321,partial:OEWS_May2021_lognormal;D,10.63501200292534,0.3046068528274575,5,own
37-1011,2,0.09606551073389563,partial:OEWS_May2021_lognormal;D,10.63501200292534,0.3046068528274575,5,own
37-1011,3,0.161681123597062,partial:OEWS_May2021_lognormal;D,10.63501200292534,0.3046068528274575,5,own
37-1011,4,0.19256624904937458,partial:OEWS_May2021_lognormal;D,10.63501200292534,0.3046068528274575,5,own
37-1011,5,0.1872753555484159,partial:OEWS_May2021_lognormal;D,10.63501200292534,0.3046068528274575,5,own
37-1011,6,0.15433213465794626,partial:OEWS_May2021_lognormal;D,10.63501200292534,0.3046068528274575,5,own
37-1011,7,0.10649816529633427,partial:OEWS_May2021_lognormal;D,10.63501200292534,0.3046068528274575,5,own
37-1011,8,0.05759963424837444,partial:OEWS_May2021_lognormal;D,10.63501200292534,0.3046068528274575,5,own
37-1011,9,0.02012026709199477,partial:OEWS_May2021_lognormal;D,10.63501200292534,0.3046068528274575,5,own
37-1011,10,0.0022416325219989375,partial:OEWS_May2021_lognormal;D,10.63501200292534,0.3046068528274575,5,own
37-1012,1,0.0068696235260883864,partial:OEWS_May2021_lognormal;D,10.825824615893044,0.3273285058458386,5,own
37-1012,2,0.03891233150131901,partial:OEWS_May2021_lognormal;D,10.825824615893044,0.3273285058458386,5,own
37-1012,3,0.08407352090347919,partial:OEWS_May2021_lognormal;D,10.825824615893044,0.3273285058458386,5,own
37-1012,4,0.12848708248063567,partial:OEWS_May2021_lognormal;D,10.825824615893044,0.3273285058458386,5,own
37-1012,5,0.16196078288515386,partial:OEWS_May2021_lognormal;D,10.825824615893044,0.3273285058458386,5,own
37-1012,6,0.17694402194039993,partial:OEWS_May2021_lognormal;D,10.825824615893044,0.3273285058458386,5,own
37-1012,7,0.16847739731997713,partial:OEWS_May2021_lognormal;D,10.825824615893044,0.3273285058458386,5,own
37-1012,8,0.1348738760054855,partial:OEWS_May2021_lognormal;D,10.825824615893044,0.3273285058458386,5,own
37-1012,9,0.07978675645957445,partial:OEWS_May2021_lognormal;D,10.825824615893044,0.3273285058458386,5,own
37-1012,10,0.01961460697788686,partial:OEWS_May2021_lognormal;D,10.825824615893044,0.3273285058458386,5,own
37-2011,1,0.13559831544236978,partial:OEWS_May2021_lognormal;D,10.335553614736185,0.2874364971247483,5,own
37-2011,2,0.27901344840896874,partial:OEWS_May2021_lognormal;D,10.335553614736185,0.2874364971247483,5,own
37-2011,3,0.2489381465047234,partial:OEWS_May2021_lognormal;D,10.335553614736185,0.2874364971247483,5,own
37-2011,4,0.16972961036021517,partial:OEWS_May2021_lognormal;D,10.335553614736185,0.2874364971247483,5,own
37-2011,5,0.09683405913606213,partial:OEWS_May2021_lognormal;D,10.335553614736185,0.2874364971247483,5,own
37-2011,6,0.0463735744439111,partial:OEWS_May2021_lognormal;D,10.335553614736185,0.2874364971247483,5,own
37-2011,7,0.0178276378525839,partial:OEWS_May2021_lognormal;D,10.335553614736185,0.2874364971247483,5,own
37-2011,8,0.004920313457992265,partial:OEWS_May2021_lognormal;D,10.335553614736185,0.2874364971247483,5,own
37-2011,9,0.0007396751677928304,partial:OEWS_May2021_lognormal;D,10.335553614736185,0.2874364971247483,5,own
37-2011,10,0.000025219225380679333,partial:OEWS_May2021_lognormal;D,10.335553614736185,0.2874364971247483,5,own
37-2012,1,0.1508425844975616,partial:OEWS_May2021_lognormal;D,10.24339580792363,0.21698878898103835,5,own
37-2012,2,0.40442692037522343,partial:OEWS_May2021_lognormal;D,10.24339580792363,0.21698878898103835,5,own
37-2012,3,0.2821593725486379,partial:OEWS_May2021_lognormal;D,10.24339580792363,0.21698878898103835,5,own
37-2012,4,0.1185607748112727,partial:OEWS_May2021_lognormal;D,10.24339580792363,0.21698878898103835,5,own
37-2012,5,0.0353717664700971,partial:OEWS_May2021_lognormal;D,10.24339580792363,0.21698878898103835,5,own
37-2012,6,0.007515450285709324,partial:OEWS_May2021_lognormal;D,10.24339580792363,0.21698878898103835,5,own
37-2012,7,0.001043946707463328,partial:OEWS_May2021_lognormal;D,10.24339580792363,0.21698878898103835,5,own
37-2012,8,0.0000772888207939415,partial:OEWS_May2021_lognormal;D,10.24339580792363,0.21698878898103835,5,own
37-2012,9,1.89205367850942e-6,partial:OEWS_May2021_lognormal;D,10.24339580792363,0.21698878898103835,5,own
37-2012,10,3.4295621897939554e-9,partial:OEWS_May2021_lognormal;D,10.24339580792363,0.21698878898103835,5,own
37-2019,1,0.09556683107303598,partial:OEWS_May2021_lognormal;D,10.493731312697165,0.36294013398016045,5,own
37-2019,2,0.17647531585405385,partial:OEWS_May2021_lognormal;D,10.493731312697165,0.36294013398016045,5,own
37-2019,3,0.1875434787566998,partial:OEWS_May2021_lognormal;D,10.493731312697165,0.36294013398016045,5,own
37-2019,4,0.169779370028648,partial:OEWS_May2021_lognormal;D,10.493731312697165,0.36294013398016045,5,own
37-2019,5,0.13904621831161856,partial:OEWS_May2021_lognormal;D,10.493731312697165,0.36294013398016045,5,own
37-2019,6,0.10383577492319895,partial:OEWS_May2021_lognormal;D,10.493731312697165,0.36294013398016045,5,own
37-2019,7,0.06939721513714248,partial:OEWS_May2021_lognormal;D,10.493731312697165,0.36294013398016045,5,own
37-2019,8,0.039311382194388345,partial:OEWS_May2021_lognormal;D,10.493731312697165,0.36294013398016045,5,own
37-2019,9,0.01627992873445483,partial:OEWS_May2021_lognormal;D,10.493731312697165,0.36294013398016045,5,own
37-2019,10,0.002764484986759186,partial:OEWS_May2021_lognormal;D,10.493731312697165,0.36294013398016045,5,own
37-2021,1,0.027682420956963938,partial:OEWS_May2021_lognormal;D,10.570434726967552,0.28765662055810237,5,own
37-2021,2,0.12333831219637742,partial:OEWS_May2021_lognormal;D,10.570434726967552,0.28765662055810237,5,own
37-2021,3,0.1955169609976341,partial:OEWS_May2021_lognormal;D,10.570434726967552,0.28765662055810237,5,own
37-2021,4,0.21305361264724942,partial:OEWS_May2021_lognormal;D,10.570434726967552,0.28765662055810237,5,own
37-2021,5,0.18545263674850387,partial:OEWS_May2021_lognormal;D,10.570434726967552,0.28765662055810237,5,own
37-2021,6,0.1335558973991181,partial:OEWS_May2021_lognormal;D,10.570434726967552,0.28765662055810237,5,own
37-2021,7,0.07801021901982863,partial:OEWS_May2021_lognormal;D,10.570434726967552,0.28765662055810237,5,own
37-2021,8,0.0340036008526694,partial:OEWS_May2021_lognormal;D,10.570434726967552,0.28765662055810237,5,own
37-2021,9,0.008775887369880442,partial:OEWS_May2021_lognormal;D,10.570434726967552,0.28765662055810237,5,own
37-2021,10,0.0006104518117746593,partial:OEWS_May2021_lognormal;D,10.570434726967552,0.28765662055810237,5,own
37-3011,1,0.04994954495114318,partial:OEWS_May2021_lognormal;D,10.42922543353365,0.24915252106906166,5,own
37-3011,2,0.2161007434628341,partial:OEWS_May2021_lognormal;D,10.42922543353365,0.24915252106906166,5,own
37-3011,3,0.27817275395563534,partial:OEWS_May2021_lognormal;D,10.42922543353365,0.24915252106906166,5,own
37-3011,4,0.2260851680088265,partial:OEWS_May2021_lognormal;D,10.42922543353365,0.24915252106906166,5,own
37-3011,5,0.1375318700352559,partial:OEWS_May2021_lognormal;D,10.42922543353365,0.24915252106906166,5,own
37-3011,6,0.06443151288411364,partial:OEWS_May2021_lognormal;D,10.42922543353365,0.24915252106906166,5,own
37-3011,7,0.022249847864692418,partial:OEWS_May2021_lognormal;D,10.42922543353365,0.24915252106906166,5,own
37-3011,8,0.0049594219515856075,partial:OEWS_May2021_lognormal;D,10.42922543353365,0.24915252106906166,5,own
37-3011,9,0.0005106156590749533,partial:OEWS_May2021_lognormal;D,10.42922543353365,0.24915252106906166,5,own
37-3011,10,8.521226838364981e-6,partial:OEWS_May2021_lognormal;D,10.42922543353365,0.24915252106906166,5,own
37-3012,1,0.010687614261881806,partial:OEWS_May2021_lognormal;D,10.575102985073533,0.24152490463680582,5,own
37-3012,2,0.09523270099712089,partial:OEWS_May2021_lognormal;D,10.575102985073533,0.24152490463680582,5,own
37-3012,3,0.20635936664027305,partial:OEWS_May2021_lognormal;D,10.575102985073533,0.24152490463680582,5,own
37-3012,4,0.2509813504666079,partial:OEWS_May2021_lognormal;D,10.575102985073533,0.24152490463680582,5,own
37-3012,5,0.21475550797107856,partial:OEWS_May2021_lognormal;D,10.575102985073533,0.24152490463680582,5,own
37-3012,6,0.13691764582377397,partial:OEWS_May2021_lognormal;D,10.575102985073533,0.24152490463680582,5,own
37-3012,7,0.06339600613313834,partial:OEWS_May2021_lognormal;D,10.575102985073533,0.24152490463680582,5,own
37-3012,8,0.01894803960840674,partial:OEWS_May2021_lognormal;D,10.575102985073533,0.24152490463680582,5,own
37-3012,9,0.002658296216681233,partial:OEWS_May2021_lognormal;D,10.575102985073533,0.24152490463680582,5,own
37-3012,10,0.00006347188103750234,partial:OEWS_May2021_lognormal;D,10.575102985073533,0.24152490463680582,5,own
37-3013,1,0.008483131400967958,partial:OEWS_May2021_lognormal;D,10.732259691641257,0.298636284541895,5,own
37-3013,2,0.05378602348568734,partial:OEWS_May2021_lognormal;D,10.732259691641257,0.298636284541895,5,own
37-3013,3,0.11598110939767337,partial:OEWS_May2021_lognormal;D,10.732259691641257,0.298636284541895,5,own
37-3013,4,0.16726420252443086,partial:OEWS_May2021_lognormal;D,10.732259691641257,0.298636284541895,5,own
37-3013,5,0.1914808832674293,partial:OEWS_May2021_lognormal;D,10.732259691641257,0.298636284541895,5,own
37-3013,6,0.18312293019165937,partial:OEWS_May2021_lognormal;D,10.732259691641257,0.298636284541895,5,own
37-3013,7,0.1459049364931464,partial:OEWS_May2021_lognormal;D,10.732259691641257,0.298636284541895,5,own
37-3013,8,0.0914179340610961,partial:OEWS_May2021_lognormal;D,10.732259691641257,0.298636284541895,5,own
37-3013,9,0.0375202911166127,partial:OEWS_May2021_lognormal;D,10.732259691641257,0.298636284541895,5,own
37-3013,10,0.005038558061296605,partial:OEWS_May2021_lognormal;D,10.732259691641257,0.298636284541895,5,own
37-3019,1,0.039370400486086976,partial:OEWS_May2021_lognormal;D,10.559588826700663,0.30733369788017845,5,own
37-3019,2,0.13663475761270294,partial:OEWS_May2021_lognormal;D,10.559588826700663,0.30733369788017845,5,own
37-3019,3,0.19313748961781962,partial:OEWS_May2021_lognormal;D,10.559588826700663,0.30733369788017845,5,own
37-3019,4,0.20056265311254384,partial:OEWS_May2021_lognormal;D,10.559588826700663,0.30733369788017845,5,own
37-3019,5,0.17311795819601095,partial:OEWS_May2021_lognormal;D,10.559588826700663,0.30733369788017845,5,own
37-3019,6,0.12762738134761376,partial:OEWS_May2021_lognormal;D,10.559588826700663,0.30733369788017845,5,own
37-3019,7,0.07886695779266129,partial:OEWS_May2021_lognormal;D,10.559588826700663,0.30733369788017845,5,own
37-3019,8,0.03796863430732933,partial:OEWS_May2021_lognormal;D,10.559588826700663,0.30733369788017845,5,own
37-3019,9,0.011615137884257276,partial:OEWS_May2021_lognormal;D,10.559588826700663,0.30733369788017845,5,own
37-3019,10,0.001098629642974025,partial:OEWS_May2021_lognormal;D,10.559588826700663,0.30733369788017845,5,own
39-1013,1,0.015666490443716208,partial:OEWS_May2021_lognormal;D,10.788467465815973,0.35729141012556587,5,own
39-1013,2,0.059103606481915594,partial:OEWS_May2021_lognormal;D,10.788467465815973,0.35729141012556587,5,own
39-1013,3,0.10193364575156055,partial:OEWS_May2021_lognormal;D,10.788467465815973,0.35729141012556587,5,own
39-1013,4,0.1355308824155188,partial:OEWS_May2021_lognormal;D,10.788467465815973,0.35729141012556587,5,own
39-1013,5,0.15600528362261845,partial:OEWS_May2021_lognormal;D,10.788467465815973,0.35729141012556587,5,own
39-1013,6,0.161111526399645,partial:OEWS_May2021_lognormal;D,10.788467465815973,0.35729141012556587,5,own
39-1013,7,0.14958616546031955,partial:OEWS_May2021_lognormal;D,10.788467465815973,0.35729141012556587,5,own
39-1013,8,0.12110028093231451,partial:OEWS_May2021_lognormal;D,10.788467465815973,0.35729141012556587,5,own
39-1013,9,0.07685481853730836,partial:OEWS_May2021_lognormal;D,10.788467465815973,0.35729141012556587,5,own
39-1013,10,0.023107299955082983,partial:OEWS_May2021_lognormal;D,10.788467465815973,0.35729141012556587,5,own
39-1014,1,0.041492565347228116,partial:OEWS_May2021_lognormal;D,10.708443606218403,0.3975257812949894,5,own
39-1014,2,0.09548705925948275,partial:OEWS_May2021_lognormal;D,10.708443606218403,0.3975257812949894,5,own
39-1014,3,0.12646210467889368,partial:OEWS_May2021_lognormal;D,10.708443606218403,0.3975257812949894,5,own
39-1014,4,0.1422369157755069,partial:OEWS_May2021_lognormal;D,10.708443606218403,0.3975257812949894,5,own
39-1014,5,0.14590992842658884,partial:OEWS_May2021_lognormal;D,10.708443606218403,0.3975257812949894,5,own
39-1014,6,0.13917899042312132,partial:OEWS_May2021_lognormal;D,10.708443606218403,0.3975257812949894,5,own
39-1014,7,0.12306876948555456,partial:OEWS_May2021_lognormal;D,10.708443606218403,0.3975257812949894,5,own
39-1014,8,0.09819047680743476,partial:OEWS_May2021_lognormal;D,10.708443606218403,0.3975257812949894,5,own
39-1014,9,0.0648410448664356,partial:OEWS_May2021_lognormal;D,10.708443606218403,0.3975257812949894,5,own
39-1014,10,0.023132144929753462,partial:OEWS_May2021_lognormal;D,10.708443606218403,0.3975257812949894,5,own
39-1022,1,0.02474854906297147,partial:OEWS_May2021_lognormal;D,10.64475753595244,0.31842303896459256,5,own
39-1022,2,0.09710820034354167,partial:OEWS_May2021_lognormal;D,10.64475753595244,0.31842303896459256,5,own
39-1022,3,0.15575229911609678,partial:OEWS_May2021_lognormal;D,10.64475753595244,0.31842303896459256,5,own
39-1022,4,0.18337193777727684,partial:OEWS_May2021_lognormal;D,10.64475753595244,0.31842303896459256,5,own
39-1022,5,0.1803036208905721,partial:OEWS_May2021_lognormal;D,10.64475753595244,0.31842303896459256,5,own
39-1022,6,0.15310632137897784,partial:OEWS_May2021_lognormal;D,10.64475753595244,0.31842303896459256,5,own
39-1022,7,0.11114360860766526,partial:OEWS_May2021_lognormal;D,10.64475753595244,0.31842303896459256,5,own
39-1022,8,0.06505599440196286,partial:OEWS_May2021_lognormal;D,10.64475753595244,0.31842303896459256,5,own
39-1022,9,0.025816192981840347,partial:OEWS_May2021_lognormal;D,10.64475753595244,0.31842303896459256,5,own
39-1022,10,0.003593275439094823,partial:OEWS_May2021_lognormal;D,10.64475753595244,0.31842303896459256,5,own
39-2011,1,0.10637657179253945,partial:OEWS_May2021_lognormal;D,10.466537079853275,0.35894222343999854,5,own
39-2011,2,0.18903516504466555,partial:OEWS_May2021_lognormal;D,10.466537079853275,0.35894222343999854,5,own
39-2011,3,0.1938796141966927,partial:OEWS_May2021_lognormal;D,10.466537079853275,0.35894222343999854,5,own
39-2011,4,0.16966320721680067,partial:OEWS_May2021_lognormal;D,10.466537079853275,0.35894222343999854,5,own
39-2011,5,0.13424059472306937,partial:OEWS_May2021_lognormal;D,10.466537079853275,0.35894222343999854,5,own
39-2011,6,0.09661217961977842,partial:OEWS_May2021_lognormal;D,10.466537079853275,0.35894222343999854,5,own
39-2011,7,0.06193242639070695,partial:OEWS_May2021_lognormal;D,10.466537079853275,0.35894222343999854,5,own
39-2011,8,0.03336100419688126,partial:OEWS_May2021_lognormal;D,10.466537079853275,0.35894222343999854,5,own
39-2011,9,0.012918078960804769,partial:OEWS_May2021_lognormal;D,10.466537079853275,0.35894222343999854,5,own
39-2011,10,0.0019811578580608558,partial:OEWS_May2021_lognormal;D,10.466537079853275,0.35894222343999854,5,own
39-2021,1,0.1694984202696893,partial:OEWS_May2021_lognormal;D,10.238473682258213,0.22924205193000144,5,own
39-2021,2,0.3913137192608368,partial:OEWS_May2021_lognormal;D,10.238473682258213,0.22924205193000144,5,own
39-2021,3,0.26884819910705926,partial:OEWS_May2021_lognormal;D,10.238473682258213,0.22924205193000144,5,own
39-2021,4,0.11944282469501599,partial:OEWS_May2021_lognormal;D,10.238473682258213,0.22924205193000144,5,own
39-2021,5,0.03944305633199485,partial:OEWS_May2021_lognormal;D,10.238473682258213,0.22924205193000144,5,own
39-2021,6,0.009668065426242212,partial:OEWS_May2021_lognormal;D,10.238473682258213,0.22924205193000144,5,own
39-2021,7,0.0016248359705394178,partial:OEWS_May2021_lognormal;D,10.238473682258213,0.22924205193000144,5,own
39-2021,8,0.00015538897400813045,partial:OEWS_May2021_lognormal;D,10.238473682258213,0.22924205193000144,5,own
39-2021,9,5.471620570518532e-6,partial:OEWS_May2021_lognormal;D,10.238473682258213,0.22924205193000144,5,own
39-2021,10,1.8344043506424157e-8,partial:OEWS_May2021_lognormal;D,10.238473682258213,0.22924205193000144,5,own
39-3011,1,0.3509452730539828,partial:OEWS_May2021_lognormal;D,10.164626662282286,0.3797129247805624,5,own
39-3011,2,0.26194815431371765,partial:OEWS_May2021_lognormal;D,10.164626662282286,0.3797129247805624,5,own
39-3011,3,0.16637488680380308,partial:OEWS_May2021_lognormal;D,10.164626662282286,0.3797129247805624,5,own
39-3011,4,0.10218976701649196,partial:OEWS_May2021_lognormal;D,10.164626662282286,0.3797129247805624,5,own
39-3011,5,0.06009415828465836,partial:OEWS_May2021_lognormal;D,10.164626662282286,0.3797129247805624,5,own
39-3011,6,0.033071686232497566,partial:OEWS_May2021_lognormal;D,10.164626662282286,0.3797129247805624,5,own
39-3011,7,0.016389049000715916,partial:OEWS_May2021_lognormal;D,10.164626662282286,0.3797129247805624,5,own
39-3011,8,0.006794238978276468,partial:OEWS_May2021_lognormal;D,10.164626662282286,0.3797129247805624,5,own
39-3011,9,0.0019759090861783957,partial:OEWS_May2021_lognormal;D,10.164626662282286,0.3797129247805624,5,own
39-3011,10,0.000216877229677781,partial:OEWS_May2021_lognormal;D,10.164626662282286,0.3797129247805624,5,own
39-3012,1,0.2315326408377984,partial:OEWS_May2021_lognormal;D,10.217349539840566,0.2699142796847813,5,own
39-3012,2,0.3509433641390071,partial:OEWS_May2021_lognormal;D,10.217349539840566,0.2699142796847813,5,own
39-3012,3,0.2301216202050661,partial:OEWS_May2021_lognormal;D,10.217349539840566,0.2699142796847813,5,own
39-3012,4,0.11634033864689541,partial:OEWS_May2021_lognormal;D,10.217349539840566,0.2699142796847813,5,own
39-3012,5,0.04886915060440844,partial:OEWS_May2021_lognormal;D,10.217349539840566,0.2699142796847813,5,own
39-3012,6,0.016851863321561966,partial:OEWS_May2021_lognormal;D,10.217349539840566,0.2699142796847813,5,own
39-3012,7,0.004476904032538642,partial:OEWS_May2021_lognormal;D,10.217349539840566,0.2699142796847813,5,own
39-3012,8,0.0007953693965776498,partial:OEWS_May2021_lognormal;D,10.217349539840566,0.2699142796847813,5,own
39-3012,9,0.0000677549492750229,partial:OEWS_May2021_lognormal;D,10.217349539840566,0.2699142796847813,5,own
39-3012,10,9.938668712461407e-7,partial:OEWS_May2021_lognormal;D,10.217349539840566,0.2699142796847813,5,own
39-3019,1,0.177607707039661,partial:OEWS_May2021_lognormal;D,10.30187380582321,0.3056608863630561,5,own
39-3019,2,0.28548303546290565,partial:OEWS_May2021_lognormal;D,10.30187380582321,0.3056608863630561,5,own
39-3019,3,0.230897387006204,partial:OEWS_May2021_lognormal;D,10.30187380582321,0.3056608863630561,5,own
39-3019,4,0.1520825178253402,partial:OEWS_May2021_lognormal;D,10.30187380582321,0.3056608863630561,5,own
39-3019,5,0.08696437283627556,partial:OEWS_May2021_lognormal;D,10.30187380582321,0.3056608863630561,5,own
39-3019,6,0.042991622998093226,partial:OEWS_May2021_lognormal;D,10.30187380582321,0.3056608863630561,5,own
39-3019,7,0.017593009875483068,partial:OEWS_May2021_lognormal;D,10.30187380582321,0.3056608863630561,5,own
39-3019,8,0.005380292015000565,partial:OEWS_May2021_lognormal;D,10.30187380582321,0.3056608863630561,5,own
39-3019,9,0.0009561621655065355,partial:OEWS_May2021_lognormal;D,10.30187380582321,0.3056608863630561,5,own
39-3019,10,0.000043892775530185446,partial:OEWS_May2021_lognormal;D,10.30187380582321,0.3056608863630561,5,own
39-3021,1,0.1359327080712625,partial:OEWS_May2021_lognormal;D,10.344179915605304,0.29568865579958026,5,own
39-3021,2,0.26967770640484906,partial:OEWS_May2021_lognormal;D,10.344179915605304,0.29568865579958026,5,own
39-3021,3,0.2428678670529063,partial:OEWS_May2021_lognormal;D,10.344179915605304,0.29568865579958026,5,own
39-3021,4,0.17038445448087491,partial:OEWS_May2021_lognormal;D,10.344179915605304,0.29568865579958026,5,own
39-3021,5,0.10131283048367012,partial:OEWS_May2021_lognormal;D,10.344179915605304,0.29568865579958026,5,own
39-3021,6,0.05120402466606666,partial:OEWS_May2021_lognormal;D,10.344179915605304,0.29568865579958026,5,own
39-3021,7,0.021097858321503238,partial:OEWS_May2021_lognormal;D,10.344179915605304,0.29568865579958026,5,own
39-3021,8,0.006383507968288904,partial:OEWS_May2021_lognormal;D,10.344179915605304,0.29568865579958026,5,own
39-3021,9,0.0010931391444487515,partial:OEWS_May2021_lognormal;D,10.344179915605304,0.29568865579958026,5,own
39-3021,10,0.0000459034061295327,partial:OEWS_May2021_lognormal;D,10.344179915605304,0.29568865579958026,5,own
39-3031,1,0.3454252461358073,partial:OEWS_May2021_lognormal;D,10.128698373876478,0.27511689719747245,5,own
39-3031,2,0.3553129783167155,partial:OEWS_May2021_lognormal;D,10.128698373876478,0.27511689719747245,5,own
39-3031,3,0.18281865218625692,partial:OEWS_May2021_lognormal;D,10.128698373876478,0.27511689719747245,5,own
39-3031,4,0.07744212704369813,partial:OEWS_May2021_lognormal;D,10.128698373876478,0.27511689719747245,5,own
39-3031,5,0.028124167261087796,partial:OEWS_May2021_lognormal;D,10.128698373876478,0.27511689719747245,5,own
39-3031,6,0.008526670260805225,partial:OEWS_May2021_lognormal;D,10.128698373876478,0.27511689719747245,5,own
39-3031,7,0.0020086749383338987,partial:OEWS_May2021_lognormal;D,10.128698373876478,0.27511689719747245,5,own
39-3031,8,0.00031723578882913994,partial:OEWS_May2021_lognormal;D,10.128698373876478,0.27511689719747245,5,own
39-3031,9,0.000023941424082463136,partial:OEWS_May2021_lognormal;D,10.128698373876478,0.27511689719747245,5,own
39-3031,10,3.0664438366301283e-7,partial:OEWS_May2021_lognormal;D,10.128698373876478,0.27511689719747245,5,own
39-3091,1,0.3308860230452658,partial:OEWS_May2021_lognormal;D,10.130140864806005,0.2534055520206492,5,own
39-3091,2,0.38339812750557867,partial:OEWS_May2021_lognormal;D,10.130140864806005,0.2534055520206492,5,own
39-3091,3,0.18709934162292585,partial:OEWS_May2021_lognormal;D,10.130140864806005,0.2534055520206492,5,own
39-3091,4,0.07040184970964647,partial:OEWS_May2021_lognormal;D,10.130140864806005,0.2534055520206492,5,own
39-3091,5,0.021747093382709637,partial:OEWS_May2021_lognormal;D,10.130140864806005,0.2534055520206492,5,own
39-3091,6,0.005373361112766983,partial:OEWS_May2021_lognormal;D,10.130140864806005,0.2534055520206492,5,own
39-3091,7,0.0009783278812955931,partial:OEWS_May2021_lognormal;D,10.130140864806005,0.2534055520206492,5,own
39-3091,8,0.00011059036164962066,partial:OEWS_May2021_lognormal;D,10.130140864806005,0.2534055520206492,5,own
39-3091,9,5.253612929134732e-6,partial:OEWS_May2021_lognormal;D,10.130140864806005,0.2534055520206492,5,own
39-3091,10,3.176523222236938e-8,partial:OEWS_May2021_lognormal;D,10.130140864806005,0.2534055520206492,5,own
39-3092,1,0.05880902423990908,partial:OEWS_May2021_lognormal;D,10.781073593699501,0.48681308106195686,5,own
39-3092,2,0.0897729980593317,partial:OEWS_May2021_lognormal;D,10.781073593699501,0.48681308106195686,5,own
39-3092,3,0.10415300373120234,partial:OEWS_May2021_lognormal;D,10.781073593699501,0.48681308106195686,5,own
39-3092,4,0.11265265272570901,partial:OEWS_May2021_lognormal;D,10.781073593699501,0.48681308106195686,5,own
39-3092,5,0.11734231426616598,partial:OEWS_May2021_lognormal;D,10.781073593699501,0.48681308106195686,5,own
39-3092,6,0.11886907667998925,partial:OEWS_May2021_lognormal;D,10.781073593699501,0.48681308106195686,5,own
39-3092,7,0.11720813383923911,partial:OEWS_May2021_lognormal;D,10.781073593699501,0.48681308106195686,5,own
39-3092,8,0.11163855061123007,partial:OEWS_May2021_lognormal;D,10.781073593699501,0.48681308106195686,5,own
39-3092,9,0.09988302158411044,partial:OEWS_May2021_lognormal;D,10.781073593699501,0.48681308106195686,5,own
39-3092,10,0.06967122426311301,partial:OEWS_May2021_lognormal;D,10.781073593699501,0.48681308106195686,5,own
39-3093,1,0.221766968576468,partial:OEWS_May2021_lognormal;D,10.247721573084617,0.29812815537752263,5,own
39-3093,2,0.31275803077962955,partial:OEWS_May2021_lognormal;D,10.247721573084617,0.29812815537752263,5,own
39-3093,3,0.22402395339170333,partial:OEWS_May2021_lognormal;D,10.247721573084617,0.29812815537752263,5,own
39-3093,4,0.1315644344669884,partial:OEWS_May2021_lognormal;D,10.247721573084617,0.29812815537752263,5,own
39-3093,5,0.0670150270108677,partial:OEWS_May2021_lognormal;D,10.247721573084617,0.29812815537752263,5,own
39-3093,6,0.029300074303806545,partial:OEWS_May2021_lognormal;D,10.247721573084617,0.29812815537752263,5,own
39-3093,7,0.010451963023053401,partial:OEWS_May2021_lognormal;D,10.247721573084617,0.29812815537752263,5,own
39-3093,8,0.002715398015018078,partial:OEWS_May2021_lognormal;D,10.247721573084617,0.29812815537752263,5,own
39-3093,9,0.0003909702389842673,partial:OEWS_May2021_lognormal;D,10.247721573084617,0.29812815537752263,5,own
39-3093,10,0.00001318019348073296,partial:OEWS_May2021_lognormal;D,10.247721573084617,0.29812815537752263,5,own
39-3099,1,0.3358942782081814,partial:OEWS_May2021_lognormal;D,10.17375869835968,0.3645895679842436,5,own
39-3099,2,0.27195594251366695,partial:OEWS_May2021_lognormal;D,10.17375869835968,0.3645895679842436,5,own
39-3099,3,0.17345401529140547,partial:OEWS_May2021_lognormal;D,10.17375869835968,0.3645895679842436,5,own
39-3099,4,0.10484531317396162,partial:OEWS_May2021_lognormal;D,10.17375869835968,0.3645895679842436,5,own
39-3099,5,0.0599251703072573,partial:OEWS_May2021_lognormal;D,10.17375869835968,0.3645895679842436,5,own
39-3099,6,0.03168623829052852,partial:OEWS_May2021_lognormal;D,10.17375869835968,0.3645895679842436,5,own
39-3099,7,0.014880232345506617,partial:OEWS_May2021_lognormal;D,10.17375869835968,0.3645895679842436,5,own
39-3099,8,0.0057290430982275264,partial:OEWS_May2021_lognormal;D,10.17375869835968,0.3645895679842436,5,own
39-3099,9,0.0014932115121739642,partial:OEWS_May2021_lognormal;D,10.17375869835968,0.3645895679842436,5,own
39-3099,10,0.0001365552590906205,partial:OEWS_May2021_lognormal;D,10.17375869835968,0.3645895679842436,5,own
39-4011,1,0.024286210521741458,partial:OEWS_May2021_lognormal;D,10.773471974990809,0.3823850446966611,5,own
39-4011,2,0.07125778871579486,partial:OEWS_May2021_lognormal;D,10.773471974990809,0.3823850446966611,5,own
39-4011,3,0.10832370269975855,partial:OEWS_May2021_lognormal;D,10.773471974990809,0.3823850446966611,5,own
39-4011,4,0.13403793706176592,partial:OEWS_May2021_lognormal;D,10.773471974990809,0.3823850446966611,5,own
39-4011,5,0.14803478287566874,partial:OEWS_May2021_lognormal;D,10.773471974990809,0.3823850446966611,5,own
39-4011,6,0.1500219214423898,partial:OEWS_May2021_lognormal;D,10.773471974990809,0.3823850446966611,5,own
39-4011,7,0.1396284952964686,partial:OEWS_May2021_lognormal;D,10.773471974990809,0.3823850446966611,5,own
39-4011,8,0.11634119499724815,partial:OEWS_May2021_lognormal;D,10.773471974990809,0.3823850446966611,5,own
39-4011,9,0.07947107723704105,partial:OEWS_May2021_lognormal;D,10.773471974990809,0.3823850446966611,5,own
39-4011,10,0.028596889152122884,partial:OEWS_May2021_lognormal;D,10.773471974990809,0.3823850446966611,5,own
39-4012,1,0.010561506648457342,partial:OEWS_May2021_lognormal;D,10.540209217389359,0.22592159372377846,5,own
39-4012,2,0.10837922726066962,partial:OEWS_May2021_lognormal;D,10.540209217389359,0.22592159372377846,5,own
39-4012,3,0.23721688083088233,partial:OEWS_May2021_lognormal;D,10.540209217389359,0.22592159372377846,5,own
39-4012,4,0.27113500237227806,partial:OEWS_May2021_lognormal;D,10.540209217389359,0.22592159372377846,5,own
39-4012,5,0.2073891397580575,partial:OEWS_May2021_lognormal;D,10.540209217389359,0.22592159372377846,5,own
39-4012,6,0.11280664061933265,partial:OEWS_May2021_lognormal;D,10.540209217389359,0.22592159372377846,5,own
39-4012,7,0.04218908350861017,partial:OEWS_May2021_lognormal;D,10.540209217389359,0.22592159372377846,5,own
39-4012,8,0.009436402481997508,partial:OEWS_May2021_lognormal;D,10.540209217389359,0.22592159372377846,5,own
39-4012,9,0.0008754966774799922,partial:OEWS_May2021_lognormal;D,10.540209217389359,0.22592159372377846,5,own
39-4012,10,0.000010619842234826926,partial:OEWS_May2021_lognormal;D,10.540209217389359,0.22592159372377846,5,own
39-4021,1,0.1379077638968172,partial:OEWS_May2021_lognormal;D,10.323870079053174,0.27949629760815636,5,own
39-4021,2,0.2906594296183692,partial:OEWS_May2021_lognormal;D,10.323870079053174,0.27949629760815636,5,own
39-4021,3,0.2543837169187558,partial:OEWS_May2021_lognormal;D,10.323870079053174,0.27949629760815636,5,own
39-4021,4,0.16706127330005693,partial:OEWS_May2021_lognormal;D,10.323870079053174,0.27949629760815636,5,own
39-4021,5,0.0906538633868712,partial:OEWS_May2021_lognormal;D,10.323870079053174,0.27949629760815636,5,own
39-4021,6,0.04076719128767248,partial:OEWS_May2021_lognormal;D,10.323870079053174,0.27949629760815636,5,own
39-4021,7,0.014479946556217427,partial:OEWS_May2021_lognormal;D,10.323870079053174,0.27949629760815636,5,own
39-4021,8,0.00360477024093242,partial:OEWS_May2021_lognormal;D,10.323870079053174,0.27949629760815636,5,own
39-4021,9,0.00046930709655168545,partial:OEWS_May2021_lognormal;D,10.323870079053174,0.27949629760815636,5,own
39-4021,10,0.000012737697755671462,partial:OEWS_May2021_lognormal;D,10.323870079053174,0.27949629760815636,5,own
39-4031,1,0.024611500535673903,partial:OEWS_May2021_lognormal;D,10.806927141704893,0.40049885903964605,5,own
39-4031,2,0.06685618227607693,partial:OEWS_May2021_lognormal;D,10.806927141704893,0.40049885903964605,5,own
39-4031,3,0.09959813437572079,partial:OEWS_May2021_lognormal;D,10.806927141704893,0.40049885903964605,5,own
39-4031,4,0.12355100774770622,partial:OEWS_May2021_lognormal;D,10.806927141704893,0.40049885903964605,5,own
39-4031,5,0.1387383539841957,partial:OEWS_May2021_lognormal;D,10.806927141704893,0.40049885903964605,5,own
39-4031,6,0.14474317078022964,partial:OEWS_May2021_lognormal;D,10.806927141704893,0.40049885903964605,5,own
39-4031,7,0.14068453435777306,partial:OEWS_May2021_lognormal;D,10.806927141704893,0.40049885903964605,5,own
39-4031,8,0.12498239705464198,partial:OEWS_May2021_lognormal;D,10.806927141704893,0.40049885903964605,5,own
39-4031,9,0.0946226057396411,partial:OEWS_May2021_lognormal;D,10.806927141704893,0.40049885903964605,5,own
39-4031,10,0.04161211314834068,partial:OEWS_May2021_lognormal;D,10.806927141704893,0.40049885903964605,5,own
39-5011,1,0.12647871490408158,partial:OEWS_May2021_lognormal;D,10.418954312357126,0.34960795729523525,5,own
39-5011,2,0.2122648735281445,partial:OEWS_May2021_lognormal;D,10.418954312357126,0.34960795729523525,5,own
39-5011,3,0.20447298390512936,partial:OEWS_May2021_lognormal;D,10.418954312357126,0.34960795729523525,5,own
39-5011,4,0.16790052405564204,partial:OEWS_May2021_lognormal;D,10.418954312357126,0.34960795729523525,5,own
39-5011,5,0.12422408928449802,partial:OEWS_May2021_lognormal;D,10.418954312357126,0.34960795729523525,5,own
39-5011,6,0.08304943012982635,partial:OEWS_May2021_lognormal;D,10.418954312357126,0.34960795729523525,5,own
39-5011,7,0.048903821933576896,partial:OEWS_May2021_lognormal;D,10.418954312357126,0.34960795729523525,5,own
39-5011,8,0.023736019737632286,partial:OEWS_May2021_lognormal;D,10.418954312357126,0.34960795729523525,5,own
39-5011,9,0.00798273406305594,partial:OEWS_May2021_lognormal;D,10.418954312357126,0.34960795729523525,5,own
39-5011,10,0.0009868084584130354,partial:OEWS_May2021_lognormal;D,10.418954312357126,0.34960795729523525,5,own
39-5012,1,0.1835334228492061,partial:OEWS_May2021_lognormal;D,10.376003542960863,0.3954843713617428,5,own
39-5012,2,0.21426584097808582,partial:OEWS_May2021_lognormal;D,10.376003542960863,0.3954843713617428,5,own
39-5012,3,0.1832399690269999,partial:OEWS_May2021_lognormal;D,10.376003542960863,0.3954843713617428,5,own
39-5012,4,0.14493494082826208,partial:OEWS_May2021_lognormal;D,10.376003542960863,0.3954843713617428,5,own
39-5012,5,0.1082354755961068,partial:OEWS_May2021_lognormal;D,10.376003542960863,0.3954843713617428,5,own
39-5012,6,0.07586056662377738,partial:OEWS_May2021_lognormal;D,10.376003542960863,0.3954843713617428,5,own
39-5012,7,0.048764166319720026,partial:OEWS_May2021_lognormal;D,10.376003542960863,0.3954843713617428,5,own
39-5012,8,0.02729468065984797,partial:OEWS_May2021_lognormal;D,10.376003542960863,0.3954843713617428,5,own
39-5012,9,0.01164234282487886,partial:OEWS_May2021_lognormal;D,10.376003542960863,0.3954843713617428,5,own
39-5012,10,0.0022285942931150604,partial:OEWS_May2021_lognormal;D,10.376003542960863,0.3954843713617428,5,own
39-5091,1,0.0043288122185893285,partial:OEWS_May2021_lognormal;D,11.540162584726497,0.5793192015758623,5,own
39-5091,2,0.010065322955754519,partial:OEWS_May2021_lognormal;D,11.540162584726497,0.5793192015758623,5,own
39-5091,3,0.016355601167490852,partial:OEWS_May2021_lognormal;D,11.540162584726497,0.5793192015758623,5,own
39-5091,4,0.024109341482877467,partial:OEWS_May2021_lognormal;D,11.540162584726497,0.5793192015758623,5,own
39-5091,5,0.03417927558372358,partial:OEWS_May2021_lognormal;D,11.540162584726497,0.5793192015758623,5,own
39-5091,6,0.04795233896395634,partial:OEWS_May2021_lognormal;D,11.540162584726497,0.5793192015758623,5,own
39-5091,7,0.06811725879295455,partial:OEWS_May2021_lognormal;D,11.540162584726497,0.5793192015758623,5,own
39-5091,8,0.10095989885667672,partial:OEWS_May2021_lognormal;D,11.540162584726497,0.5793192015758623,5,own
39-5091,9,0.16677913381473614,partial:OEWS_May2021_lognormal;D,11.540162584726497,0.5793192015758623,5,own
39-5091,10,0.5271530161632405,partial:OEWS_May2021_lognormal;D,11.540162584726497,0.5793192015758623,5,own
39-5092,1,0.09350790451162333,partial:OEWS_May2021_lognormal;D,10.277538070945669,0.19572723475989176,5,own
39-5092,2,0.39837265391697313,partial:OEWS_May2021_lognormal;D,10.277538070945669,0.19572723475989176,5,own
39-5092,3,0.32838882505929423,partial:OEWS_May2021_lognormal;D,10.277538070945669,0.19572723475989176,5,own
39-5092,4,0.13672340599672128,partial:OEWS_May2021_lognormal;D,10.277538070945669,0.19572723475989176,5,own
39-5092,5,0.03615531837202823,partial:OEWS_May2021_lognormal;D,10.277538070945669,0.19572723475989176,5,own
39-5092,6,0.006195257668880183,partial:OEWS_May2021_lognormal;D,10.277538070945669,0.19572723475989176,5,own
39-5092,7,0.0006267193367636148,partial:OEWS_May2021_lognormal;D,10.277538070945669,0.19572723475989176,5,own
39-5092,8,0.00002954449946890314,partial:OEWS_May2021_lognormal;D,10.277538070945669,0.19572723475989176,5,own
39-5092,9,3.704321386299725e-7,partial:OEWS_May2021_lognormal;D,10.277538070945669,0.19572723475989176,5,own
39-5092,10,2.061084636295618e-10,partial:OEWS_May2021_lognormal;D,10.277538070945669,0.19572723475989176,5,own
39-5093,1,0.3229176944528397,partial:OEWS_May2021_lognormal;D,10.10727321214181,0.1914658091030287,5,own
39-5093,2,0.4845119739544247,partial:OEWS_May2021_lognormal;D,10.10727321214181,0.1914658091030287,5,own
39-5093,3,0.15864960591492516,partial:OEWS_May2021_lognormal;D,10.10727321214181,0.1914658091030287,5,own
39-5093,4,0.02982757883775089,partial:OEWS_May2021_lognormal;D,10.10727321214181,0.1914658091030287,5,own
39-5093,5,0.003767220341334143,partial:OEWS_May2021_lognormal;D,10.10727321214181,0.1914658091030287,5,own
39-5093,6,0.00031095157024263465,partial:OEWS_May2021_lognormal;D,10.10727321214181,0.1914658091030287,5,own
39-5093,7,0.000014676261197332785,partial:OEWS_May2021_lognormal;D,10.10727321214181,0.1914658091030287,5,own
39-5093,8,2.973238831804892e-7,partial:OEWS_May2021_lognormal;D,10.10727321214181,0.1914658091030287,5,own
39-5093,9,1.3432324141859908e-9,partial:OEWS_May2021_lognormal;D,10.10727321214181,0.1914658091030287,5,own
39-5093,10,1.6986412276764895e-13,partial:OEWS_May2021_lognormal;D,10.10727321214181,0.1914658091030287,5,own
39-5094,1,0.09339868277757052,partial:OEWS_May2021_lognormal;D,10.543690720334997,0.3972438254732865,5,own
39-5094,2,0.1548450628835495,partial:OEWS_May2021_lognormal;D,10.543690720334997,0.3972438254732865,5,own
39-5094,3,0.16528391224138883,partial:OEWS_May2021_lognormal;D,10.543690720334997,0.3972438254732865,5,own
39-5094,4,0.1562841813192209,partial:OEWS_May2021_lognormal;D,10.543690720334997,0.3972438254732865,5,own
39-5094,5,0.13714215131749052,partial:OEWS_May2021_lognormal;D,10.543690720334997,0.3972438254732865,5,own
39-5094,6,0.1124564619033167,partial:OEWS_May2021_lognormal;D,10.543690720334997,0.3972438254732865,5,own
39-5094,7,0.08506731633747744,partial:OEWS_May2021_lognormal;D,10.543690720334997,0.3972438254732865,5,own
39-5094,8,0.057078847116569076,partial:OEWS_May2021_lognormal;D,10.543690720334997,0.3972438254732865,5,own
39-5094,9,0.030448052241696777,partial:OEWS_May2021_lognormal;D,10.543690720334997,0.3972438254732865,5,own
39-5094,10,0.007995331861719746,partial:OEWS_May2021_lognormal;D,10.543690720334997,0.3972438254732865,5,own
39-6011,1,0.22657479833615157,partial:OEWS_May2021_lognormal;D,10.238456191929648,0.29216151007107594,5,own
39-6011,2,0.32123609178263746,partial:OEWS_May2021_lognormal;D,10.238456191929648,0.29216151007107594,5,own
39-6011,3,0.22486402829426144,partial:OEWS_May2021_lognormal;D,10.238456191929648,0.29216151007107594,5,own
39-6011,4,0.12773758109041122,partial:OEWS_May2021_lognormal;D,10.238456191929648,0.29216151007107594,5,own
39-6011,5,0.06246478910989606,partial:OEWS_May2021_lognormal;D,10.238456191929648,0.29216151007107594,5,own
39-6011,6,0.02600407478059863,partial:OEWS_May2021_lognormal;D,10.238456191929648,0.29216151007107594,5,own
39-6011,7,0.00873617697866369,partial:OEWS_May2021_lognormal;D,10.238456191929648,0.29216151007107594,5,own
39-6011,8,0.0021022323108000895,partial:OEWS_May2021_lognormal;D,10.238456191929648,0.29216151007107594,5,own
39-6011,9,0.0002724389450674547,partial:OEWS_May2021_lognormal;D,10.238456191929648,0.29216151007107594,5,own
39-6011,10,7.788371512384984e-6,partial:OEWS_May2021_lognormal;D,10.238456191929648,0.29216151007107594,5,own
39-6012,1,0.06230962626616127,partial:OEWS_May2021_lognormal;D,10.514864231267115,0.3227125961167119,5,own
39-6012,2,0.16499434732974272,partial:OEWS_May2021_lognormal;D,10.514864231267115,0.3227125961167119,5,own
39-6012,3,0.2014243780616603,partial:OEWS_May2021_lognormal;D,10.514864231267115,0.3227125961167119,5,own
39-6012,4,0.19140997939689586,partial:OEWS_May2021_lognormal;D,10.514864231267115,0.3227125961167119,5,own
39-6012,5,0.15611147352160415,partial:OEWS_May2021_lognormal;D,10.514864231267115,0.3227125961167119,5,own
39-6012,6,0.11124903867102776,partial:OEWS_May2021_lognormal;D,10.514864231267115,0.3227125961167119,5,own
39-6012,7,0.06782180534062365,partial:OEWS_May2021_lognormal;D,10.514864231267115,0.3227125961167119,5,own
39-6012,8,0.032982182410159044,partial:OEWS_May2021_lognormal;D,10.514864231267115,0.3227125961167119,5,own
39-6012,9,0.010571296043289324,partial:OEWS_May2021_lognormal;D,10.514864231267115,0.3227125961167119,5,own
39-6012,10,0.0011258729588359273,partial:OEWS_May2021_lognormal;D,10.514864231267115,0.3227125961167119,5,own
39-7010,1,0.1659450537249062,partial:OEWS_May2021_lognormal;D,10.332223616016512,0.3225137599301702,5,own
39-7010,2,0.26188057177600077,partial:OEWS_May2021_lognormal;D,10.332223616016512,0.3225137599301702,5,own
39-7010,3,0.2226407841122109,partial:OEWS_May2021_lognormal;D,10.332223616016512,0.3225137599301702,5,own
39-7010,4,0.15802103880373808,partial:OEWS_May2021_lognormal;D,10.332223616016512,0.3225137599301702,5,own
39-7010,5,0.09915238875096166,partial:OEWS_May2021_lognormal;D,10.332223616016512,0.3225137599301702,5,own
39-7010,6,0.054853670505774166,partial:OEWS_May2021_lognormal;D,10.332223616016512,0.3225137599301702,5,own
39-7010,7,0.025785115296633854,partial:OEWS_May2021_lognormal;D,10.332223616016512,0.3225137599301702,5,own
39-7010,8,0.009427463683092885,partial:OEWS_May2021_lognormal;D,10.332223616016512,0.3225137599301702,5,own
39-7010,9,0.0021483299904464515,partial:OEWS_May2021_lognormal;D,10.332223616016512,0.3225137599301702,5,own
39-7010,10,0.00014558335623504615,partial:OEWS_May2021_lognormal;D,10.332223616016512,0.3225137599301702,5,own
39-9011,1,0.2637341852626907,partial:OEWS_May2021_lognormal;D,10.18384904084634,0.2604390055836293,5,own
39-9011,2,0.3710075615088276,partial:OEWS_May2021_lognormal;D,10.18384904084634,0.2604390055836293,5,own
39-9011,3,0.21803787096641547,partial:OEWS_May2021_lognormal;D,10.18384904084634,0.2604390055836293,5,own
39-9011,4,0.09774521506017275,partial:OEWS_May2021_lognormal;D,10.18384904084634,0.2604390055836293,5,own
39-9011,5,0.03599886335857516,partial:OEWS_May2021_lognormal;D,10.18384904084634,0.2604390055836293,5,own
39-9011,6,0.010711489005868824,partial:OEWS_May2021_lognormal;D,10.18384904084634,0.2604390055836293,5,own
39-9011,7,0.00239704513521688,partial:OEWS_May2021_lognormal;D,10.18384904084634,0.2604390055836293,5,own
39-9011,8,0.0003452487944450855,partial:OEWS_May2021_lognormal;D,10.18384904084634,0.2604390055836293,5,own
39-9011,9,0.000022307153573764005,partial:OEWS_May2021_lognormal;D,10.18384904084634,0.2604390055836293,5,own
39-9011,10,2.1375421377367587e-7,partial:OEWS_May2021_lognormal;D,10.18384904084634,0.2604390055836293,5,own
39-9031,1,0.09820426037228797,partial:OEWS_May2021_lognormal;D,10.630419313096295,0.473069210022958,5,own
39-9031,2,0.12711193159560302,partial:OEWS_May2021_lognormal;D,10.630419313096295,0.473069210022958,5,own
39-9031,3,0.1315706338090875,partial:OEWS_May2021_lognormal;D,10.630419313096295,0.473069210022958,5,own
39-9031,4,0.12890197093703787,partial:OEWS_May2021_lognormal;D,10.630419313096295,0.473069210022958,5,own
39-9031,5,0.12213058829259033,partial:OEWS_May2021_lognormal;D,10.630419313096295,0.473069210022958,5,own
39-9031,6,0.1122788058484131,partial:OEWS_May2021_lognormal;D,10.630419313096295,0.473069210022958,5,own
39-9031,7,0.0995992286201407,partial:OEWS_May2021_lognormal;D,10.630419313096295,0.473069210022958,5,own
39-9031,8,0.08377203914256115,partial:OEWS_May2021_lognormal;D,10.630419313096295,0.473069210022958,5,own
39-9031,9,0.0635208902395279,partial:OEWS_May2021_lognormal;D,10.630419313096295,0.473069210022958,5,own
39-9031,10,0.03290965114275046,partial:OEWS_May2021_lognormal;D,10.630419313096295,0.473069210022958,5,own
39-9032,1,0.150641527695609,partial:OEWS_May2021_lognormal;D,10.328408534765927,0.29905069281698415,5,own
39-9032,2,0.27658958715038295,partial:OEWS_May2021_lognormal;D,10.328408534765927,0.29905069281698415,5,own
39-9032,3,0.2390502194973877,partial:OEWS_May2021_lognormal;D,10.328408534765927,0.29905069281698415,5,own
39-9032,4,0.16355925056311715,partial:OEWS_May2021_lognormal;D,10.328408534765927,0.29905069281698415,5,own
39-9032,5,0.09567481389084309,partial:OEWS_May2021_lognormal;D,10.328408534765927,0.29905069281698415,5,own
39-9032,6,0.04785594131341875,partial:OEWS_May2021_lognormal;D,10.328408534765927,0.29905069281698415,5,own
39-9032,7,0.01961760083054509,partial:OEWS_May2021_lognormal;D,10.328408534765927,0.29905069281698415,5,own
39-9032,8,0.005940019638712601,partial:OEWS_May2021_lognormal;D,10.328408534765927,0.29905069281698415,5,own
39-9032,9,0.00102677409907026,partial:OEWS_May2021_lognormal;D,10.328408534765927,0.29905069281698415,5,own
39-9032,10,0.000044265320913394746,partial:OEWS_May2021_lognormal;D,10.328408534765927,0.29905069281698415,5,own
39-9041,1,0.0781048095184676,partial:OEWS_May2021_lognormal;D,10.40539059337527,0.27230191054282316,5,own
39-9041,2,0.23603313975086343,partial:OEWS_May2021_lognormal;D,10.40539059337527,0.27230191054282316,5,own
39-9041,3,0.2608808698562728,partial:OEWS_May2021_lognormal;D,10.40539059337527,0.27230191054282316,5,own
39-9041,4,0.20269495454762076,partial:OEWS_May2021_lognormal;D,10.40539059337527,0.27230191054282316,5,own
39-9041,5,0.12586910208936541,partial:OEWS_May2021_lognormal;D,10.40539059337527,0.27230191054282316,5,own
39-9041,6,0.06353196727516319,partial:OEWS_May2021_lognormal;D,10.40539059337527,0.27230191054282316,5,own
39-9041,7,0.025024335791149377,partial:OEWS_May2021_lognormal;D,10.40539059337527,0.27230191054282316,5,own
39-9041,8,0.006855431584671501,partial:OEWS_May2021_lognormal;D,10.40539059337527,0.27230191054282316,5,own
39-9041,9,0.0009765874919565043,partial:OEWS_May2021_lognormal;D,10.40539059337527,0.27230191054282316,5,own
39-9041,10,0.00002880209446942672,partial:OEWS_May2021_lognormal;D,10.40539059337527,0.27230191054282316,5,own
39-9099,1,0.06888758545408707,partial:OEWS_May2021_lognormal;D,10.306599477728064,0.1935921690175985,5,own
39-9099,2,0.3633442325682517,partial:OEWS_May2021_lognormal;D,10.306599477728064,0.1935921690175985,5,own
39-9099,3,0.34900648702622306,partial:OEWS_May2021_lognormal;D,10.306599477728064,0.1935921690175985,5,own
39-9099,4,0.16234944659052697,partial:OEWS_May2021_lognormal;D,10.306599477728064,0.1935921690175985,5,own
39-9099,5,0.04682199454586733,partial:OEWS_May2021_lognormal;D,10.306599477728064,0.1935921690175985,5,own
39-9099,6,0.008617356491852579,partial:OEWS_May2021_lognormal;D,10.306599477728064,0.1935921690175985,5,own
39-9099,7,0.000926293591790861,partial:OEWS_May2021_lognormal;D,10.306599477728064,0.1935921690175985,5,own
39-9099,8,0.00004600089491635373,partial:OEWS_May2021_lognormal;D,10.306599477728064,0.1935921690175985,5,own
39-9099,9,6.02490983991899e-7,partial:OEWS_May2021_lognormal;D,10.306599477728064,0.1935921690175985,5,own
39-9099,10,3.4550007299571917e-10,partial:OEWS_May2021_lognormal;D,10.306599477728064,0.1935921690175985,5,own
41-1011,1,0.03355788039725793,partial:OEWS_May2021_lognormal;D,10.666578810285994,0.35353947766202015,5,own
41-1011,2,0.09957892324212614,partial:OEWS_May2021_lognormal;D,10.666578810285994,0.35353947766202015,5,own
41-1011,3,0.14342640007345814,partial:OEWS_May2021_lognormal;D,10.666578810285994,0.35353947766202015,5,own
41-1011,4,0.16383705831363743,partial:OEWS_May2021_lognormal;D,10.666578810285994,0.35353947766202015,5,own
41-1011,5,0.1637968340274759,partial:OEWS_May2021_lognormal;D,10.666578810285994,0.35353947766202015,5,own
41-1011,6,0.14704588017521147,partial:OEWS_May2021_lognormal;D,10.666578810285994,0.35353947766202015,5,own
41-1011,7,0.11772665162433948,partial:OEWS_May2021_lognormal;D,10.666578810285994,0.35353947766202015,5,own
41-1011,8,0.08054202258980758,partial:OEWS_May2021_lognormal;D,10.666578810285994,0.35353947766202015,5,own
41-1011,9,0.04133485882381649,partial:OEWS_May2021_lognormal;D,10.666578810285994,0.35353947766202015,5,own
41-1011,10,0.009153490732869418,partial:OEWS_May2021_lognormal;D,10.666578810285994,0.35353947766202015,5,own
41-1012,1,0.002247438984119887,partial:OEWS_May2021_lognormal;D,11.33067348147694,0.4615671845402815,5,own
41-1012,2,0.00875503611253231,partial:OEWS_May2021_lognormal;D,11.33067348147694,0.4615671845402815,5,own
41-1012,3,0.018172739958749073,partial:OEWS_May2021_lognormal;D,11.33067348147694,0.4615671845402815,5,own
41-1012,4,0.03095987359175595,partial:OEWS_May2021_lognormal;D,11.33067348147694,0.4615671845402815,5,own
41-1012,5,0.048020394201717664,partial:OEWS_May2021_lognormal;D,11.33067348147694,0.4615671845402815,5,own
41-1012,6,0.0708520874838302,partial:OEWS_May2021_lognormal;D,11.33067348147694,0.4615671845402815,5,own
41-1012,7,0.10203794954704737,partial:OEWS_May2021_lognormal;D,11.33067348147694,0.4615671845402815,5,own
41-1012,8,0.14654497688968032,partial:OEWS_May2021_lognormal;D,11.33067348147694,0.4615671845402815,5,own
41-1012,9,0.21611177694524203,partial:OEWS_May2021_lognormal;D,11.33067348147694,0.4615671845402815,5,own
41-1012,10,0.3562977262853252,partial:OEWS_May2021_lognormal;D,11.33067348147694,0.4615671845402815,5,own
41-2011,1,0.2674571677235622,partial:OEWS_May2021_lognormal;D,10.166993657708115,0.23804095173944917,5,own
41-2011,2,0.40534232619110433,partial:OEWS_May2021_lognormal;D,10.166993657708115,0.23804095173944917,5,own
41-2011,3,0.21556731970618348,partial:OEWS_May2021_lognormal;D,10.166993657708115,0.23804095173944917,5,own
41-2011,4,0.08130713172456161,partial:OEWS_May2021_lognormal;D,10.166993657708115,0.23804095173944917,5,own
41-2011,5,0.02395981895504673,partial:OEWS_May2021_lognormal;D,10.166993657708115,0.23804095173944917,5,own
41-2011,6,0.005419040437837919,partial:OEWS_May2021_lognormal;D,10.166993657708115,0.23804095173944917,5,own
41-2011,7,0.0008637349009397166,partial:OEWS_May2021_lognormal;D,10.166993657708115,0.23804095173944917,5,own
41-2011,8,0.00008057574555631053,partial:OEWS_May2021_lognormal;D,10.166993657708115,0.23804095173944917,5,own
41-2011,9,2.874072618563872e-6,partial:OEWS_May2021_lognormal;D,10.166993657708115,0.23804095173944917,5,own
41-2011,10,1.0542589135020819e-8,partial:OEWS_May2021_lognormal;D,10.166993657708115,0.23804095173944917,5,own
41-2012,1,0.23411030413223533,partial:OEWS_May2021_lognormal;D,10.205913401611983,0.25728588229265703,5,own
41-2012,2,0.36957648572855184,partial:OEWS_May2021_lognormal;D,10.205913401611983,0.25728588229265703,5,own
41-2012,3,0.231662068914814,partial:OEWS_May2021_lognormal;D,10.205913401611983,0.25728588229265703,5,own
41-2012,4,0.10810279707710235,partial:OEWS_May2021_lognormal;D,10.205913401611983,0.25728588229265703,5,own
41-2012,5,0.04091086475909944,partial:OEWS_May2021_lognormal;D,10.205913401611983,0.25728588229265703,5,own
41-2012,6,0.012399807921999906,partial:OEWS_May2021_lognormal;D,10.205913401611983,0.25728588229265703,5,own
41-2012,7,0.002805919324643802,partial:OEWS_May2021_lognormal;D,10.205913401611983,0.25728588229265703,5,own
41-2012,8,0.00040550240296410855,partial:OEWS_May2021_lognormal;D,10.205913401611983,0.25728588229265703,5,own
41-2012,9,0.000026007664327476476,partial:OEWS_May2021_lognormal;D,10.205913401611983,0.25728588229265703,5,own
41-2012,10,2.420742617470495e-7,partial:OEWS_May2021_lognormal;D,10.205913401611983,0.25728588229265703,5,own
41-2021,1,0.09025405680913834,partial:OEWS_May2021_lognormal;D,10.412438316358022,0.2935756721278778,5,own
41-2021,2,0.22782488906806336,partial:OEWS_May2021_lognormal;D,10.412438316358022,0.2935756721278778,5,own
41-2021,3,0.24211152181394618,partial:OEWS_May2021_lognormal;D,10.412438316358022,0.2935756721278778,5,own
41-2021,4,0.19316586628628307,partial:OEWS_May2021_lognormal;D,10.412438316358022,0.2935756721278778,5,own
41-2021,5,0.12841097832062442,partial:OEWS_May2021_lognormal;D,10.412438316358022,0.2935756721278778,5,own
41-2021,6,0.0720108706026733,partial:OEWS_May2021_lognormal;D,10.412438316358022,0.2935756721278778,5,own
41-2021,7,0.03288577363838252,partial:OEWS_May2021_lognormal;D,10.412438316358022,0.2935756721278778,5,own
41-2021,8,0.01108611043540908,partial:OEWS_May2021_lognormal;D,10.412438316358022,0.2935756721278778,5,own
41-2021,9,0.0021450387104074986,partial:OEWS_May2021_lognormal;D,10.412438316358022,0.2935756721278778,5,own
41-2021,10,0.00010489431507221258,partial:OEWS_May2021_lognormal;D,10.412438316358022,0.2935756721278778,5,own
41-2022,1,0.09627212739089525,partial:OEWS_May2021_lognormal;D,10.486864892575946,0.35882483389480346,5,own
41-2022,2,0.17982675398474535,partial:OEWS_May2021_lognormal;D,10.486864892575946,0.35882483389480346,5,own
41-2022,3,0.190625847396228,partial:OEWS_May2021_lognormal;D,10.486864892575946,0.35882483389480346,5,own
41-2022,4,0.17126648548110984,partial:OEWS_May2021_lognormal;D,10.486864892575946,0.35882483389480346,5,own
41-2022,5,0.13873228929976988,partial:OEWS_May2021_lognormal;D,10.486864892575946,0.35882483389480346,5,own
41-2022,6,0.10212583691243904,partial:OEWS_May2021_lognormal;D,10.486864892575946,0.35882483389480346,5,own
41-2022,7,0.06699768478021173,partial:OEWS_May2021_lognormal;D,10.486864892575946,0.35882483389480346,5,own
41-2022,8,0.03701535039364978,partial:OEWS_May2021_lognormal;D,10.486864892575946,0.35882483389480346,5,own
41-2022,9,0.014776822202076989,partial:OEWS_May2021_lognormal;D,10.486864892575946,0.35882483389480346,5,own
41-2022,10,0.0023608021588741313,partial:OEWS_May2021_lognormal;D,10.486864892575946,0.35882483389480346,5,own
41-2031,1,0.1608159340676491,partial:OEWS_May2021_lognormal;D,10.305252799774147,0.2885337953270498,5,own
41-2031,2,0.29544398798451826,partial:OEWS_May2021_lognormal;D,10.305252799774147,0.2885337953270498,5,own
41-2031,3,0.24415075729586733,partial:OEWS_May2021_lognormal;D,10.305252799774147,0.2885337953270498,5,own
41-2031,4,0.15695182068301872,partial:OEWS_May2021_lognormal;D,10.305252799774147,0.2885337953270498,5,own
41-2031,5,0.08512901408338758,partial:OEWS_May2021_lognormal;D,10.305252799774147,0.2885337953270498,5,own
41-2031,6,0.038907116644116946,partial:OEWS_May2021_lognormal;D,10.305252799774147,0.2885337953270498,5,own
41-2031,7,0.014287901289507743,partial:OEWS_May2021_lognormal;D,10.305252799774147,0.2885337953270498,5,own
41-2031,8,0.0037601999778227313,partial:OEWS_May2021_lognormal;D,10.305252799774147,0.2885337953270498,5,own
41-2031,9,0.0005361423262471021,partial:OEWS_May2021_lognormal;D,10.305252799774147,0.2885337953270498,5,own
41-2031,10,0.000017125647864491,partial:OEWS_May2021_lognormal;D,10.305252799774147,0.2885337953270498,5,own
41-3011,1,0.05360399768071156,partial:OEWS_May2021_lognormal;D,10.937545619691075,0.5700406502427534,5,own
41-3011,2,0.06844314158700121,partial:OEWS_May2021_lognormal;D,10.937545619691075,0.5700406502427534,5,own
41-3011,3,0.07751784800143002,partial:OEWS_May2021_lognormal;D,10.937545619691075,0.5700406502427534,5,own
41-3011,4,0.0853342535960237,partial:OEWS_May2021_lognormal;D,10.937545619691075,0.5700406502427534,5,own
41-3011,5,0.09282113874077147,partial:OEWS_May2021_lognormal;D,10.937545619691075,0.5700406502427534,5,own
41-3011,6,0.10050878869356578,partial:OEWS_May2021_lognormal;D,10.937545619691075,0.5700406502427534,5,own
41-3011,7,0.10892453188500067,partial:OEWS_May2021_lognormal;D,10.937545619691075,0.5700406502427534,5,own
41-3011,8,0.11889131107885031,partial:OEWS_May2021_lognormal;D,10.937545619691075,0.5700406502427534,5,own
41-3011,9,0.13235992864536605,partial:OEWS_May2021_lognormal;D,10.937545619691075,0.5700406502427534,5,own
41-3011,10,0.16159506009127922,partial:OEWS_May2021_lognormal;D,10.937545619691075,0.5700406502427534,5,own
41-3021,1,0.04905355434858577,partial:OEWS_May2021_lognormal;D,10.939726050177672,0.5564607594940325,5,own
41-3021,2,0.0665688193125214,partial:OEWS_May2021_lognormal;D,10.939726050177672,0.5564607594940325,5,own
41-3021,3,0.07716475729174732,partial:OEWS_May2021_lognormal;D,10.939726050177672,0.5564607594940325,5,own
41-3021,4,0.08610469839409518,partial:OEWS_May2021_lognormal;D,10.939726050177672,0.5564607594940325,5,own
41-3021,5,0.09445844122475389,partial:OEWS_May2021_lognormal;D,10.939726050177672,0.5564607594940325,5,own
41-3021,6,0.10278755523600835,partial:OEWS_May2021_lognormal;D,10.939726050177672,0.5564607594940325,5,own
41-3021,7,0.11158276300658321,partial:OEWS_May2021_lognormal;D,10.939726050177672,0.5564607594940325,5,own
41-3021,8,0.12152172473760381,partial:OEWS_May2021_lognormal;D,10.939726050177672,0.5564607594940325,5,own
41-3021,9,0.13405791960252456,partial:OEWS_May2021_lognormal;D,10.939726050177672,0.5564607594940325,5,own
41-3021,10,0.15669976684557652,partial:OEWS_May2021_lognormal;D,10.939726050177672,0.5564607594940325,5,own
41-3031,1,0.03021145677335535,partial:OEWS_May2021_lognormal;D,11.254274223922334,0.6577160908343852,5,own
41-3031,2,0.03775626652617248,partial:OEWS_May2021_lognormal;D,11.254274223922334,0.6577160908343852,5,own
41-3031,3,0.044724069222633445,partial:OEWS_May2021_lognormal;D,11.254274223922334,0.6577160908343852,5,own
41-3031,4,0.052300707172119876,partial:OEWS_May2021_lognormal;D,11.254274223922334,0.6577160908343852,5,own
41-3031,5,0.06117998749482656,partial:OEWS_May2021_lognormal;D,11.254274223922334,0.6577160908343852,5,own
41-3031,6,0.07227234614081274,partial:OEWS_May2021_lognormal;D,11.254274223922334,0.6577160908343852,5,own
41-3031,7,0.08720084459022359,partial:OEWS_May2021_lognormal;D,11.254274223922334,0.6577160908343852,5,own
41-3031,8,0.1095976574974662,partial:OEWS_May2021_lognormal;D,11.254274223922334,0.6577160908343852,5,own
41-3031,9,0.1508045351900158,partial:OEWS_May2021_lognormal;D,11.254274223922334,0.6577160908343852,5,own
41-3031,10,0.35395212939237397,partial:OEWS_May2021_lognormal;D,11.254274223922334,0.6577160908343852,5,own
41-3041,1,0.04266481060856864,partial:OEWS_May2021_lognormal;D,10.682532988581373,0.3854830032923582,5,own
41-3041,2,0.10169119305377511,partial:OEWS_May2021_lognormal;D,10.682532988581373,0.3854830032923582,5,own
41-3041,3,0.13480932363533604,partial:OEWS_May2021_lognormal;D,10.682532988581373,0.3854830032923582,5,own
41-3041,4,0.14983657168981562,partial:OEWS_May2021_lognormal;D,10.682532988581373,0.3854830032923582,5,own
41-3041,5,0.1506265478825105,partial:OEWS_May2021_lognormal;D,10.682532988581373,0.3854830032923582,5,own
41-3041,6,0.1396845728701397,partial:OEWS_May2021_lognormal;D,10.682532988581373,0.3854830032923582,5,own
41-3041,7,0.11891687155825059,partial:OEWS_May2021_lognormal;D,10.682532988581373,0.3854830032923582,5,own
41-3041,8,0.0900141779903455,partial:OEWS_May2021_lognormal;D,10.682532988581373,0.3854830032923582,5,own
41-3041,9,0.054856031922213,partial:OEWS_May2021_lognormal;D,10.682532988581373,0.3854830032923582,5,own
41-3041,10,0.016899898789045298,partial:OEWS_May2021_lognormal;D,10.682532988581373,0.3854830032923582,5,own
41-3091,1,0.03892398356698312,partial:OEWS_May2021_lognormal;D,11.00122814830659,0.5568749940104916,5,own
41-3091,2,0.05673170258636412,partial:OEWS_May2021_lognormal;D,11.00122814830659,0.5568749940104916,5,own
41-3091,3,0.06851321117940579,partial:OEWS_May2021_lognormal;D,11.00122814830659,0.5568749940104916,5,own
41-3091,4,0.07900100140267119,partial:OEWS_May2021_lognormal;D,11.00122814830659,0.5568749940104916,5,own
41-3091,5,0.08926693929294421,partial:OEWS_May2021_lognormal;D,11.00122814830659,0.5568749940104916,5,own
41-3091,6,0.09997139394479315,partial:OEWS_May2021_lognormal;D,11.00122814830659,0.5568749940104916,5,own
41-3091,7,0.11181491166330026,partial:OEWS_May2021_lognormal;D,11.00122814830659,0.5568749940104916,5,own
41-3091,8,0.12592457989817385,partial:OEWS_May2021_lognormal;D,11.00122814830659,0.5568749940104916,5,own
41-3091,9,0.14497228768580472,partial:OEWS_May2021_lognormal;D,11.00122814830659,0.5568749940104916,5,own
41-3091,10,0.18487998877955958,partial:OEWS_May2021_lognormal;D,11.00122814830659,0.5568749940104916,5,own
41-4011,1,0.004350203619617077,partial:OEWS_May2021_lognormal;D,11.402214544665085,0.5271103465380427,5,own
41-4011,2,0.011777866120836367,partial:OEWS_May2021_lognormal;D,11.402214544665085,0.5271103465380427,5,own
41-4011,3,0.020327353163514583,partial:OEWS_May2021_lognormal;D,11.402214544665085,0.5271103465380427,5,own
41-4011,4,0.030848298867760637,partial:OEWS_May2021_lognormal;D,11.402214544665085,0.5271103465380427,5,own
41-4011,5,0.04423581888284478,partial:OEWS_May2021_lognormal;D,11.402214544665085,0.5271103465380427,5,own
41-4011,6,0.06191914694132833,partial:OEWS_May2021_lognormal;D,11.402214544665085,0.5271103465380427,5,own
41-4011,7,0.0865319174815593,partial:OEWS_May2021_lognormal;D,11.402214544665085,0.5271103465380427,5,own
41-4011,8,0.12379981365889248,partial:OEWS_May2021_lognormal;D,11.402214544665085,0.5271103465380427,5,own
41-4011,9,0.1903182698560535,partial:OEWS_May2021_lognormal;D,11.402214544665085,0.5271103465380427,5,own
41-4011,10,0.42589131140759295,partial:OEWS_May2021_lognormal;D,11.402214544665085,0.5271103465380427,5,own
41-4012,1,0.027807123503251208,partial:OEWS_May2021_lognormal;D,11.037894730906817,0.5321766204809519,5,own
41-4012,2,0.04765800691553568,partial:OEWS_May2021_lognormal;D,11.037894730906817,0.5321766204809519,5,own
41-4012,3,0.06201053161081227,partial:OEWS_May2021_lognormal;D,11.037894730906817,0.5321766204809519,5,own
41-4012,4,0.07514838373031996,partial:OEWS_May2021_lognormal;D,11.037894730906817,0.5321766204809519,5,own
41-4012,5,0.08814216361077576,partial:OEWS_May2021_lognormal;D,11.037894730906817,0.5321766204809519,5,own
41-4012,6,0.10166983499163251,partial:OEWS_May2021_lognormal;D,11.037894730906817,0.5321766204809519,5,own
41-4012,7,0.11644079886758929,partial:OEWS_May2021_lognormal;D,11.037894730906817,0.5321766204809519,5,own
41-4012,8,0.1335412876329004,partial:OEWS_May2021_lognormal;D,11.037894730906817,0.5321766204809519,5,own
41-4012,9,0.15533603721673572,partial:OEWS_May2021_lognormal;D,11.037894730906817,0.5321766204809519,5,own
41-4012,10,0.1922458319204472,partial:OEWS_May2021_lognormal;D,11.037894730906817,0.5321766204809519,5,own
41-9011,1,0.07643720302488183,partial:OEWS_May2021_lognormal;D,10.445361844959086,0.29807074496031005,5,own
41-9011,2,0.20573567837985968,partial:OEWS_May2021_lognormal;D,10.445361844959086,0.29807074496031005,5,own
41-9011,3,0.23326740922911682,partial:OEWS_May2021_lognormal;D,10.445361844959086,0.29807074496031005,5,own
41-9011,4,0.19828564695774253,partial:OEWS_May2021_lognormal;D,10.445361844959086,0.29807074496031005,5,own
41-9011,5,0.14068920425307985,partial:OEWS_May2021_lognormal;D,10.445361844959086,0.29807074496031005,5,own
41-9011,6,0.084630972786364,partial:OEWS_May2021_lognormal;D,10.445361844959086,0.29807074496031005,5,own
41-9011,7,0.04184005891095599,partial:OEWS_May2021_lognormal;D,10.445361844959086,0.29807074496031005,5,own
41-9011,8,0.015514551849831637,partial:OEWS_May2021_lognormal;D,10.445361844959086,0.29807074496031005,5,own
41-9011,9,0.0033996427191957945,partial:OEWS_May2021_lognormal;D,10.445361844959086,0.29807074496031005,5,own
41-9011,10,0.000199631888971874,partial:OEWS_May2021_lognormal;D,10.445361844959086,0.29807074496031005,5,own
41-9012,1,0.14993457203399407,partial:OEWS_May2021_lognormal;D,10.530261267453824,0.4928815241349517,0,major
41-9012,2,0.15130837506319783,partial:OEWS_May2021_lognormal;D,10.530261267453824,0.4928815241349517,0,major
41-9012,3,0.1395971545860425,partial:OEWS_May2021_lognormal;D,10.530261267453824,0.4928815241349517,0,major
41-9012,4,0.12626615343256886,partial:OEWS_May2021_lognormal;D,10.530261267453824,0.4928815241349517,0,major
41-9012,5,0.11232161811908425,partial:OEWS_May2021_lognormal;D,10.530261267453824,0.4928815241349517,0,major
41-9012,6,0.09789631835434986,partial:OEWS_May2021_lognormal;D,10.530261267453824,0.4928815241349517,0,major
41-9012,7,0.08283585345022804,partial:OEWS_May2021_lognormal;D,10.530261267453824,0.4928815241349517,0,major
41-9012,8,0.06673197666738773,partial:OEWS_May2021_lognormal;D,10.530261267453824,0.4928815241349517,0,major
41-9012,9,0.048626444131357416,partial:OEWS_May2021_lognormal;D,10.530261267453824,0.4928815241349517,0,major
41-9012,10,0.024481534161789442,partial:OEWS_May2021_lognormal;D,10.530261267453824,0.4928815241349517,0,major
41-9021,1,0.05023646440033264,partial:OEWS_May2021_lognormal;D,11.12564230441841,0.6735551474665622,5,own
41-9021,2,0.05268835080446643,partial:OEWS_May2021_lognormal;D,11.12564230441841,0.6735551474665622,5,own
41-9021,3,0.05746595568037177,partial:OEWS_May2021_lognormal;D,11.12564230441841,0.6735551474665622,5,own
41-9021,4,0.06315825083769938,partial:OEWS_May2021_lognormal;D,11.12564230441841,0.6735551474665622,5,own
41-9021,5,0.07006252431192944,partial:OEWS_May2021_lognormal;D,11.12564230441841,0.6735551474665622,5,own
41-9021,6,0.07880223960424415,partial:OEWS_May2021_lognormal;D,11.12564230441841,0.6735551474665622,5,own
41-9021,7,0.09058728670351551,partial:OEWS_May2021_lognormal;D,11.12564230441841,0.6735551474665622,5,own
41-9021,8,0.1081602233398285,partial:OEWS_May2021_lognormal;D,11.12564230441841,0.6735551474665622,5,own
41-9021,9,0.14001901761155688,partial:OEWS_May2021_lognormal;D,11.12564230441841,0.6735551474665622,5,own
41-9021,10,0.2888196867060553,partial:OEWS_May2021_lognormal;D,11.12564230441841,0.6735551474665622,5,own
41-9022,1,0.05083999983868387,partial:OEWS_May2021_lognormal;D,10.859119725297822,0.5131076748077721,5,own
41-9022,2,0.07605052491431463,partial:OEWS_May2021_lognormal;D,10.859119725297822,0.5131076748077721,5,own
41-9022,3,0.08966250706992773,partial:OEWS_May2021_lognormal;D,10.859119725297822,0.5131076748077721,5,own
41-9022,4,0.09957077201723025,partial:OEWS_May2021_lognormal;D,10.859119725297822,0.5131076748077721,5,own
41-9022,5,0.10728178854748105,partial:OEWS_May2021_lognormal;D,10.859119725297822,0.5131076748077721,5,own
41-9022,6,0.11332019671524796,partial:OEWS_May2021_lognormal;D,10.859119725297822,0.5131076748077721,5,own
41-9022,7,0.1177785762629755,partial:OEWS_May2021_lognormal;D,10.859119725297822,0.5131076748077721,5,own
41-9022,8,0.12032199443957459,partial:OEWS_May2021_lognormal;D,10.859119725297822,0.5131076748077721,5,own
41-9022,9,0.11959427736824935,partial:OEWS_May2021_lognormal;D,10.859119725297822,0.5131076748077721,5,own
41-9022,10,0.10557936282631508,partial:OEWS_May2021_lognormal;D,10.859119725297822,0.5131076748077721,5,own
41-9031,1,0.00015680774209519965,partial:OEWS_May2021_lognormal;D,11.589182580662001,0.4356248062244299,5,own
41-9031,2,0.0011066692299604997,partial:OEWS_May2021_lognormal;D,11.589182580662001,0.4356248062244299,5,own
41-9031,3,0.0034084136030156365,partial:OEWS_May2021_lognormal;D,11.589182580662001,0.4356248062244299,5,own
41-9031,4,0.007887061605395651,partial:OEWS_May2021_lognormal;D,11.589182580662001,0.4356248062244299,5,own
41-9031,5,0.015932059916523467,partial:OEWS_May2021_lognormal;D,11.589182580662001,0.4356248062244299,5,own
41-9031,6,0.03002978841728926,partial:OEWS_May2021_lognormal;D,11.589182580662001,0.4356248062244299,5,own
41-9031,7,0.05506352211779647,partial:OEWS_May2021_lognormal;D,11.589182580662001,0.4356248062244299,5,own
41-9031,8,0.10211446942134322,partial:OEWS_May2021_lognormal;D,11.589182580662001,0.4356248062244299,5,own
41-9031,9,0.203825145676989,partial:OEWS_May2021_lognormal;D,11.589182580662001,0.4356248062244299,5,own
41-9031,10,0.5804760622695916,partial:OEWS_May2021_lognormal;D,11.589182580662001,0.4356248062244299,5,own
41-9041,1,0.21077009165653887,partial:OEWS_May2021_lognormal;D,10.275763409880932,0.3191025631194376,5,own
41-9041,2,0.28646806527026575,partial:OEWS_May2021_lognormal;D,10.275763409880932,0.3191025631194376,5,own
41-9041,3,0.21762445376924322,partial:OEWS_May2021_lognormal;D,10.275763409880932,0.3191025631194376,5,own
41-9041,4,0.14024539384021706,partial:OEWS_May2021_lognormal;D,10.275763409880932,0.3191025631194376,5,own
41-9041,5,0.08031841584891419,partial:OEWS_May2021_lognormal;D,10.275763409880932,0.3191025631194376,5,own
41-9041,6,0.040516092553738114,partial:OEWS_May2021_lognormal;D,10.275763409880932,0.3191025631194376,5,own
41-9041,7,0.017250680265731844,partial:OEWS_May2021_lognormal;D,10.275763409880932,0.3191025631194376,5,own
41-9041,8,0.005631240234470147,partial:OEWS_May2021_lognormal;D,10.275763409880932,0.3191025631194376,5,own
41-9041,9,0.0011137226416826351,partial:OEWS_May2021_lognormal;D,10.275763409880932,0.3191025631194376,5,own
41-9041,10,0.0000618439191981679,partial:OEWS_May2021_lognormal;D,10.275763409880932,0.3191025631194376,5,own
41-9091,1,0.183569876066149,partial:OEWS_May2021_lognormal;D,10.329881952447902,0.3444031230468413,5,own
41-9091,2,0.2514722008037084,partial:OEWS_May2021_lognormal;D,10.329881952447902,0.3444031230468413,5,own
41-9091,3,0.20882293507972483,partial:OEWS_May2021_lognormal;D,10.329881952447902,0.3444031230468413,5,own
41-9091,4,0.15107763715925382,partial:OEWS_May2021_lognormal;D,10.329881952447902,0.3444031230468413,5,own
41-9091,5,0.09919914608103009,partial:OEWS_May2021_lognormal;D,10.329881952447902,0.3444031230468413,5,own
41-9091,6,0.05879560902442371,partial:OEWS_May2021_lognormal;D,10.329881952447902,0.3444031230468413,5,own
41-9091,7,0.03043174846606511,partial:OEWS_May2021_lognormal;D,10.329881952447902,0.3444031230468413,5,own
41-9091,8,0.01273853254677948,partial:OEWS_May2021_lognormal;D,10.329881952447902,0.3444031230468413,5,own
41-9091,9,0.0035548469918840198,partial:OEWS_May2021_lognormal;D,10.329881952447902,0.3444031230468413,5,own
41-9091,10,0.0003374677809815374,partial:OEWS_May2021_lognormal;D,10.329881952447902,0.3444031230468413,5,own
41-9099,1,0.11591949169074711,partial:OEWS_May2021_lognormal;D,10.437056094552883,0.34941431719247606,5,own
41-9099,2,0.20399744347319182,partial:OEWS_May2021_lognormal;D,10.437056094552883,0.34941431719247606,5,own
41-9099,3,0.20272870064751736,partial:OEWS_May2021_lognormal;D,10.437056094552883,0.34941431719247606,5,own
41-9099,4,0.17062887042885777,partial:OEWS_May2021_lognormal;D,10.437056094552883,0.34941431719247606,5,own
41-9099,5,0.1290405873792443,partial:OEWS_May2021_lognormal;D,10.437056094552883,0.34941431719247606,5,own
41-9099,6,0.08809651249242767,partial:OEWS_May2021_lognormal;D,10.437056094552883,0.34941431719247606,5,own
41-9099,7,0.05299409941004374,partial:OEWS_May2021_lognormal;D,10.437056094552883,0.34941431719247606,5,own
41-9099,8,0.02632549318292987,partial:OEWS_May2021_lognormal;D,10.437056094552883,0.34941431719247606,5,own
41-9099,9,0.009101846385846657,partial:OEWS_May2021_lognormal;D,10.437056094552883,0.34941431719247606,5,own
41-9099,10,0.0011669549091937181,partial:OEWS_May2021_lognormal;D,10.437056094552883,0.34941431719247606,5,own
43-1011,1,0.0037903381889905496,partial:OEWS_May2021_lognormal;D,11.009607906366693,0.37088044461939446,5,own
43-1011,2,0.019803512019156977,partial:OEWS_May2021_lognormal;D,11.009607906366693,0.37088044461939446,5,own
43-1011,3,0.04448457598206851,partial:OEWS_May2021_lognormal;D,11.009607906366693,0.37088044461939446,5,own
43-1011,4,0.07471612351215656,partial:OEWS_May2021_lognormal;D,11.009607906366693,0.37088044461939446,5,own
43-1011,5,0.10766859044841992,partial:OEWS_May2021_lognormal;D,11.009607906366693,0.37088044461939446,5,own
43-1011,6,0.13995933416687645,partial:OEWS_May2021_lognormal;D,11.009607906366693,0.37088044461939446,5,own
43-1011,7,0.16690241353039525,partial:OEWS_May2021_lognormal;D,11.009607906366693,0.37088044461939446,5,own
43-1011,8,0.18111580602598798,partial:OEWS_May2021_lognormal;D,11.009607906366693,0.37088044461939446,5,own
43-1011,9,0.16882952099140192,partial:OEWS_May2021_lognormal;D,11.009607906366693,0.37088044461939446,5,own
43-1011,10,0.09272978513454588,partial:OEWS_May2021_lognormal;D,11.009607906366693,0.37088044461939446,5,own
43-2011,1,0.08120000087325341,partial:OEWS_May2021_lognormal;D,10.384467099669259,0.2613967327171698,5,own
43-2011,2,0.2544704594637788,partial:OEWS_May2021_lognormal;D,10.384467099669259,0.2613967327171698,5,own
43-2011,3,0.273479119626192,partial:OEWS_May2021_lognormal;D,10.384467099669259,0.2613967327171698,5,own
43-2011,4,0.20045324108096485,partial:OEWS_May2021_lognormal;D,10.384467099669259,0.2613967327171698,5,own
43-2011,5,0.11498322557976581,partial:OEWS_May2021_lognormal;D,10.384467099669259,0.2613967327171698,5,own
43-2011,6,0.05249011444452323,partial:OEWS_May2021_lognormal;D,10.384467099669259,0.2613967327171698,5,own
43-2011,7,0.018209728181842855,partial:OEWS_May2021_lognormal;D,10.384467099669259,0.2613967327171698,5,own
43-2011,8,0.004226423092694165,partial:OEWS_May2021_lognormal;D,10.384467099669259,0.2613967327171698,5,own
43-2011,9,0.000477925907737764,partial:OEWS_May2021_lognormal;D,10.384467099669259,0.2613967327171698,5,own
43-2011,10,9.761749247161333e-6,partial:OEWS_May2021_lognormal;D,10.384467099669259,0.2613967327171698,5,own
43-2021,1,0.07803346205460371,partial:OEWS_May2021_lognormal;D,10.534642831257345,0.363331875642353,5,own
43-2021,2,0.15816170960290848,partial:OEWS_May2021_lognormal;D,10.534642831257345,0.363331875642353,5,own
43-2021,3,0.17909034336165863,partial:OEWS_May2021_lognormal;D,10.534642831257345,0.363331875642353,5,own
43-2021,4,0.170694103359273,partial:OEWS_May2021_lognormal;D,10.534642831257345,0.363331875642353,5,own
43-2021,5,0.14646806286131842,partial:OEWS_May2021_lognormal;D,10.534642831257345,0.363331875642353,5,own
43-2021,6,0.11445754468607605,partial:OEWS_May2021_lognormal;D,10.534642831257345,0.363331875642353,5,own
43-2021,7,0.0801818380997561,partial:OEWS_May2021_lognormal;D,10.534642831257345,0.363331875642353,5,own
43-2021,8,0.04786008611404102,partial:OEWS_May2021_lognormal;D,10.534642831257345,0.363331875642353,5,own
43-2021,9,0.021132917189887968,partial:OEWS_May2021_lognormal;D,10.534642831257345,0.363331875642353,5,own
43-2021,10,0.0039199326704766335,partial:OEWS_May2021_lognormal;D,10.534642831257345,0.363331875642353,5,own
43-2099,1,0.02075580328624005,partial:OEWS_May2021_lognormal;D,10.763443097628043,0.3650731430367454,5,own
43-2099,2,0.06905966257826851,partial:OEWS_May2021_lognormal;D,10.763443097628043,0.3650731430367454,5,own
43-2099,3,0.11073036846290985,partial:OEWS_May2021_lognormal;D,10.763443097628043,0.3650731430367454,5,own
43-2099,4,0.14015710056297043,partial:OEWS_May2021_lognormal;D,10.763443097628043,0.3650731430367454,5,own
43-2099,5,0.15552707516419767,partial:OEWS_May2021_lognormal;D,10.763443097628043,0.3650731430367454,5,own
43-2099,6,0.1561098127797897,partial:OEWS_May2021_lognormal;D,10.763443097628043,0.3650731430367454,5,own
43-2099,7,0.1417723722151718,partial:OEWS_May2021_lognormal;D,10.763443097628043,0.3650731430367454,5,own
43-2099,8,0.11296879444663954,partial:OEWS_May2021_lognormal;D,10.763443097628043,0.3650731430367454,5,own
43-2099,9,0.07120049845955534,partial:OEWS_May2021_lognormal;D,10.763443097628043,0.3650731430367454,5,own
43-2099,10,0.02171851204425712,partial:OEWS_May2021_lognormal;D,10.763443097628043,0.3650731430367454,5,own
43-3011,1,0.027801415307472654,partial:OEWS_May2021_lognormal;D,10.57554721313304,0.2906080122978652,5,own
43-3011,2,0.12155997481749731,partial:OEWS_May2021_lognormal;D,10.57554721313304,0.2906080122978652,5,own
43-3011,3,0.1921767186236233,partial:OEWS_May2021_lognormal;D,10.57554721313304,0.2906080122978652,5,own
43-3011,4,0.21050225981505466,partial:OEWS_May2021_lognormal;D,10.57554721313304,0.2906080122978652,5,own
43-3011,5,0.18514421745221954,partial:OEWS_May2021_lognormal;D,10.57554721313304,0.2906080122978652,5,own
43-3011,6,0.1353723308384598,partial:OEWS_May2021_lognormal;D,10.57554721313304,0.2906080122978652,5,own
43-3011,7,0.08073519652556083,partial:OEWS_May2021_lognormal;D,10.57554721313304,0.2906080122978652,5,own
43-3011,8,0.03622375924287391,partial:OEWS_May2021_lognormal;D,10.57554721313304,0.2906080122978652,5,own
43-3011,9,0.00975663440990826,partial:OEWS_May2021_lognormal;D,10.57554721313304,0.2906080122978652,5,own
43-3011,10,0.0007274929673297681,partial:OEWS_May2021_lognormal;D,10.57554721313304,0.2906080122978652,5,own
43-3021,1,0.008657882591829369,partial:OEWS_May2021_lognormal;D,10.626937700261324,0.25532379196363714,5,own
43-3021,2,0.07451217111224351,partial:OEWS_May2021_lognormal;D,10.626937700261324,0.25532379196363714,5,own
43-3021,3,0.16954666729504114,partial:OEWS_May2021_lognormal;D,10.626937700261324,0.25532379196363714,5,own
43-3021,4,0.22639645178430012,partial:OEWS_May2021_lognormal;D,10.626937700261324,0.25532379196363714,5,own
43-3021,5,0.2197467158654357,partial:OEWS_May2021_lognormal;D,10.626937700261324,0.25532379196363714,5,own
43-3021,6,0.16430027689808135,partial:OEWS_May2021_lognormal;D,10.626937700261324,0.25532379196363714,5,own
43-3021,7,0.09304147053535217,partial:OEWS_May2021_lognormal;D,10.626937700261324,0.25532379196363714,5,own
43-3021,8,0.03617171307030542,partial:OEWS_May2021_lognormal;D,10.626937700261324,0.25532379196363714,5,own
43-3021,9,0.007316047189750208,partial:OEWS_May2021_lognormal;D,10.626937700261324,0.25532379196363714,5,own
43-3021,10,0.0003106036576610016,partial:OEWS_May2021_lognormal;D,10.626937700261324,0.25532379196363714,5,own
43-3031,1,0.009631302976925715,partial:OEWS_May2021_lognormal;D,10.673478636653504,0.2795214113701136,5,own
43-3031,2,0.06662009501061827,partial:OEWS_May2021_lognormal;D,10.673478636653504,0.2795214113701136,5,own
43-3031,3,0.14297280338211682,partial:OEWS_May2021_lognormal;D,10.673478636653504,0.2795214113701136,5,own
43-3031,4,0.1959139200398488,partial:OEWS_May2021_lognormal;D,10.673478636653504,0.2795214113701136,5,own
43-3031,5,0.20639481653018682,partial:OEWS_May2021_lognormal;D,10.673478636653504,0.2795214113701136,5,own
43-3031,6,0.17614787000969911,partial:OEWS_May2021_lognormal;D,10.673478636653504,0.2795214113701136,5,own
43-3031,7,0.12063541695514013,partial:OEWS_May2021_lognormal;D,10.673478636653504,0.2795214113701136,5,own
43-3031,8,0.061490112074258474,partial:OEWS_May2021_lognormal;D,10.673478636653504,0.2795214113701136,5,own
43-3031,9,0.01865261017432096,partial:OEWS_May2021_lognormal;D,10.673478636653504,0.2795214113701136,5,own
43-3031,10,0.0015410528468848828,partial:OEWS_May2021_lognormal;D,10.673478636653504,0.2795214113701136,5,own
43-3041,1,0.0875234950732568,partial:OEWS_May2021_lognormal;D,10.300940379034074,0.2076860235321527,5,own
43-3041,2,0.3600228241839632,partial:OEWS_May2021_lognormal;D,10.300940379034074,0.2076860235321527,5,own
43-3041,3,0.3261105404115965,partial:OEWS_May2021_lognormal;D,10.300940379034074,0.2076860235321527,5,own
43-3041,4,0.16021584003283285,partial:OEWS_May2021_lognormal;D,10.300940379034074,0.2076860235321527,5,own
43-3041,5,0.05258584755581652,partial:OEWS_May2021_lognormal;D,10.300940379034074,0.2076860235321527,5,own
43-3041,6,0.011765124899475232,partial:OEWS_May2021_lognormal;D,10.300940379034074,0.2076860235321527,5,own
43-3041,7,0.0016549090067610184,partial:OEWS_May2021_lognormal;D,10.300940379034074,0.2076860235321527,5,own
43-3041,8,0.00011876828669210582,partial:OEWS_May2021_lognormal;D,10.300940379034074,0.2076860235321527,5,own
43-3041,9,2.6467429983245694e-6,partial:OEWS_May2021_lognormal;D,10.300940379034074,0.2076860235321527,5,own
43-3041,10,3.806607473677559e-9,partial:OEWS_May2021_lognormal;D,10.300940379034074,0.2076860235321527,5,own
43-3051,1,0.0137597508269367,partial:OEWS_May2021_lognormal;D,10.762056607194456,0.33700060457104086,5,own
43-3051,2,0.059830986199363945,partial:OEWS_May2021_lognormal;D,10.762056607194456,0.33700060457104086,5,own
43-3051,3,0.10900830112265736,partial:OEWS_May2021_lognormal;D,10.762056607194456,0.33700060457104086,5,own
43-3051,4,0.1471413472008794,partial:OEWS_May2021_lognormal;D,10.762056607194456,0.33700060457104086,5,own
43-3051,5,0.16781686602180995,partial:OEWS_May2021_lognormal;D,10.762056607194456,0.33700060457104086,5,own
43-3051,6,0.16825694456176848,partial:OEWS_May2021_lognormal;D,10.762056607194456,0.33700060457104086,5,own
43-3051,7,0.14832642258700512,partial:OEWS_May2021_lognormal;D,10.762056607194456,0.33700060457104086,5,own
43-3051,8,0.11054484614843574,partial:OEWS_May2021_lognormal;D,10.762056607194456,0.33700060457104086,5,own
43-3051,9,0.06111837817517474,partial:OEWS_May2021_lognormal;D,10.762056607194456,0.33700060457104086,5,own
43-3051,10,0.014196157155968558,partial:OEWS_May2021_lognormal;D,10.762056607194456,0.33700060457104086,5,own
43-3061,1,0.006351589294722404,partial:OEWS_May2021_lognormal;D,10.67687181457955,0.26388121490121735,5,own
43-3061,2,0.056854336145681916,partial:OEWS_May2021_lognormal;D,10.67687181457955,0.26388121490121735,5,own
43-3061,3,0.13904786985072792,partial:OEWS_May2021_lognormal;D,10.67687181457955,0.26388121490121735,5,own
43-3061,4,0.20294608274603754,partial:OEWS_May2021_lognormal;D,10.67687181457955,0.26388121490121735,5,own
43-3061,5,0.21841745523769635,partial:OEWS_May2021_lognormal;D,10.67687181457955,0.26388121490121735,5,own
43-3061,6,0.18420531899929837,partial:OEWS_May2021_lognormal;D,10.67687181457955,0.26388121490121735,5,own
43-3061,7,0.12052410401468017,partial:OEWS_May2021_lognormal;D,10.67687181457955,0.26388121490121735,5,own
43-3061,8,0.05620471414530204,partial:OEWS_May2021_lognormal;D,10.67687181457955,0.26388121490121735,5,own
43-3061,9,0.014550316265884433,partial:OEWS_May2021_lognormal;D,10.67687181457955,0.26388121490121735,5,own
43-3061,10,0.0008982132999688641,partial:OEWS_May2021_lognormal;D,10.67687181457955,0.26388121490121735,5,own
43-3071,1,0.010453581256698374,partial:OEWS_May2021_lognormal;D,10.46172003321728,0.19155918123621649,5,own
43-3071,2,0.1525260852769008,partial:OEWS_May2021_lognormal;D,10.46172003321728,0.19155918123621649,5,own
43-3071,3,0.3269852016173772,partial:OEWS_May2021_lognormal;D,10.46172003321728,0.19155918123621649,5,own
43-3071,4,0.29605118594503355,partial:OEWS_May2021_lognormal;D,10.46172003321728,0.19155918123621649,5,own
43-3071,5,0.1542582709358883,partial:OEWS_May2021_lognormal;D,10.46172003321728,0.19155918123621649,5,own
43-3071,6,0.049595398073144836,partial:OEWS_May2021_lognormal;D,10.46172003321728,0.19155918123621649,5,own
43-3071,7,0.009283569628850907,partial:OEWS_May2021_lognormal;D,10.46172003321728,0.19155918123621649,5,own
43-3071,8,0.0008257302435961122,partial:OEWS_May2021_lognormal;D,10.46172003321728,0.19155918123621649,5,own
43-3071,9,0.000020947852867991834,partial:OEWS_May2021_lognormal;D,10.46172003321728,0.19155918123621649,5,own
43-3071,10,2.9169641924120526e-8,partial:OEWS_May2021_lognormal;D,10.46172003321728,0.19155918123621649,5,own
43-3099,1,0.007619871300585557,partial:OEWS_May2021_lognormal;D,10.715435602026833,0.28687983521368254,5,own
43-3099,2,0.05412361505231372,partial:OEWS_May2021_lognormal;D,10.715435602026833,0.28687983521368254,5,own
43-3099,3,0.12199888467899078,partial:OEWS_May2021_lognormal;D,10.715435602026833,0.28687983521368254,5,own
43-3099,4,0.17751419316028105,partial:OEWS_May2021_lognormal;D,10.715435602026833,0.28687983521368254,5,own
43-3099,5,0.20045800494871813,partial:OEWS_May2021_lognormal;D,10.715435602026833,0.28687983521368254,5,own
43-3099,6,0.18549597085501834,partial:OEWS_May2021_lognormal;D,10.715435602026833,0.28687983521368254,5,own
43-3099,7,0.1400007723646849,partial:OEWS_May2021_lognormal;D,10.715435602026833,0.28687983521368254,5,own
43-3099,8,0.08069934418585789,partial:OEWS_May2021_lognormal;D,10.715435602026833,0.28687983521368254,5,own
43-3099,9,0.02899173944242328,partial:OEWS_May2021_lognormal;D,10.715435602026833,0.28687983521368254,5,own
43-3099,10,0.0030976040111263536,partial:OEWS_May2021_lognormal;D,10.715435602026833,0.28687983521368254,5,own
43-4011,1,0.00024929254953953706,partial:OEWS_May2021_lognormal;D,10.91009311397669,0.25586819002263095,5,own
43-4011,2,0.006178216367358158,partial:OEWS_May2021_lognormal;D,10.91009311397669,0.25586819002263095,5,own
43-4011,3,0.03183673656315378,partial:OEWS_May2021_lognormal;D,10.91009311397669,0.25586819002263095,5,own
43-4011,4,0.08498144963555748,partial:OEWS_May2021_lognormal;D,10.91009311397669,0.25586819002263095,5,own
43-4011,5,0.15548036829663275,partial:OEWS_May2021_lognormal;D,10.91009311397669,0.25586819002263095,5,own
43-4011,6,0.21555063929888407,partial:OEWS_May2021_lognormal;D,10.91009311397669,0.25586819002263095,5,own
43-4011,7,0.23078111996237616,partial:OEWS_May2021_lognormal;D,10.91009311397669,0.25586819002263095,5,own
43-4011,8,0.1806032535059635,partial:OEWS_May2021_lognormal;D,10.91009311397669,0.25586819002263095,5,own
43-4011,9,0.08384644772952554,partial:OEWS_May2021_lognormal;D,10.91009311397669,0.25586819002263095,5,own
43-4011,10,0.010492476091009006,partial:OEWS_May2021_lognormal;D,10.91009311397669,0.25586819002263095,5,own
43-4021,1,0.003829446791110025,partial:OEWS_May2021_lognormal;D,10.593310349206401,0.21525324043755603,5,own
43-4021,2,0.06487787102104503,partial:OEWS_May2021_lognormal;D,10.593310349206401,0.21525324043755603,5,own
43-4021,3,0.19442585236733412,partial:OEWS_May2021_lognormal;D,10.593310349206401,0.21525324043755603,5,own
43-4021,4,0.27434883375995683,partial:OEWS_May2021_lognormal;D,10.593310349206401,0.21525324043755603,5,own
43-4021,5,0.2431580279837332,partial:OEWS_May2021_lognormal;D,10.593310349206401,0.21525324043755603,5,own
43-4021,6,0.14647287662730835,partial:OEWS_May2021_lognormal;D,10.593310349206401,0.21525324043755603,5,own
43-4021,7,0.058348147471895984,partial:OEWS_May2021_lognormal;D,10.593310349206401,0.21525324043755603,5,own
43-4021,8,0.013333075865361477,partial:OEWS_May2021_lognormal;D,10.593310349206401,0.21525324043755603,5,own
43-4021,9,0.0011934047347704757,partial:OEWS_May2021_lognormal;D,10.593310349206401,0.21525324043755603,5,own
43-4021,10,0.00001246337748450621,partial:OEWS_May2021_lognormal;D,10.593310349206401,0.21525324043755603,5,own
43-4031,1,0.008983521517201054,partial:OEWS_May2021_lognormal;D,10.65903999633018,0.27036167954135587,5,own
43-4031,2,0.06797736116255482,partial:OEWS_May2021_lognormal;D,10.65903999633018,0.27036167954135587,5,own
43-4031,3,0.15037129876462235,partial:OEWS_May2021_lognormal;D,10.65903999633018,0.27036167954135587,5,own
43-4031,4,0.20587906909770942,partial:OEWS_May2021_lognormal;D,10.65903999633018,0.27036167954135587,5,own
43-4031,5,0.21236346737994638,partial:OEWS_May2021_lognormal;D,10.65903999633018,0.27036167954135587,5,own
43-4031,6,0.1743307525853396,partial:OEWS_May2021_lognormal;D,10.65903999633018,0.27036167954135587,5,own
43-4031,7,0.11256707846364633,partial:OEWS_May2021_lognormal;D,10.65903999633018,0.27036167954135587,5,own
43-4031,8,0.05262281580332284,partial:OEWS_May2021_lognormal;D,10.65903999633018,0.27036167954135587,5,own
43-4031,9,0.013978959878049313,partial:OEWS_May2021_lognormal;D,10.65903999633018,0.27036167954135587,5,own
43-4031,10,0.0009256753476079016,partial:OEWS_May2021_lognormal;D,10.65903999633018,0.27036167954135587,5,own
43-4041,1,0.0072189934582904125,partial:OEWS_May2021_lognormal;D,10.66945967213753,0.2657924794784513,5,own
43-4041,2,0.0609551701714961,partial:OEWS_May2021_lognormal;D,10.66945967213753,0.2657924794784513,5,own
43-4041,3,0.14376330472879584,partial:OEWS_May2021_lognormal;D,10.66945967213753,0.2657924794784513,5,own
43-4041,4,0.2047799833330865,partial:OEWS_May2021_lognormal;D,10.66945967213753,0.2657924794784513,5,own
43-4041,5,0.21658659659472246,partial:OEWS_May2021_lognormal;D,10.66945967213753,0.2657924794784513,5,own
43-4041,6,0.1803741206496945,partial:OEWS_May2021_lognormal;D,10.66945967213753,0.2657924794784513,5,own
43-4041,7,0.11701198900082699,partial:OEWS_May2021_lognormal;D,10.66945967213753,0.2657924794784513,5,own
43-4041,8,0.054335269227805294,partial:OEWS_May2021_lognormal;D,10.66945967213753,0.2657924794784513,5,own
43-4041,9,0.014092808755708175,partial:OEWS_May2021_lognormal;D,10.66945967213753,0.2657924794784513,5,own
43-4041,10,0.0008817640795737436,partial:OEWS_May2021_lognormal;D,10.66945967213753,0.2657924794784513,5,own
43-4051,1,0.04866872228019248,partial:OEWS_May2021_lognormal;D,10.543954866317957,0.3164668993214679,5,own
43-4051,2,0.14776310903532647,partial:OEWS_May2021_lognormal;D,10.543954866317957,0.3164668993214679,5,own
43-4051,3,0.195195347712656,partial:OEWS_May2021_lognormal;D,10.543954866317957,0.3164668993214679,5,own
43-4051,4,0.19542050353920254,partial:OEWS_May2021_lognormal;D,10.543954866317957,0.3164668993214679,5,own
43-4051,5,0.16554042205555597,partial:OEWS_May2021_lognormal;D,10.543954866317957,0.3164668993214679,5,own
43-4051,6,0.1213811212051199,partial:OEWS_May2021_lognormal;D,10.543954866317957,0.3164668993214679,5,own
43-4051,7,0.07556913437579005,partial:OEWS_May2021_lognormal;D,10.543954866317957,0.3164668993214679,5,own
43-4051,8,0.03724373605133047,partial:OEWS_May2021_lognormal;D,10.543954866317957,0.3164668993214679,5,own
43-4051,9,0.01196737903784384,partial:OEWS_May2021_lognormal;D,10.543954866317957,0.3164668993214679,5,own
43-4051,10,0.0012505247069822811,partial:OEWS_May2021_lognormal;D,10.543954866317957,0.3164668993214679,5,own
43-4061,1,0.006316702186812462,partial:OEWS_May2021_lognormal;D,10.742157839060978,0.2898521575011438,5,own
43-4061,2,0.046654979987114154,partial:OEWS_May2021_lognormal;D,10.742157839060978,0.2898521575011438,5,own
43-4061,3,0.10955016825726682,partial:OEWS_May2021_lognormal;D,10.742157839060978,0.2898521575011438,5,own
43-4061,4,0.16612478998712948,partial:OEWS_May2021_lognormal;D,10.742157839060978,0.2898521575011438,5,own
43-4061,5,0.1958857268641464,partial:OEWS_May2021_lognormal;D,10.742157839060978,0.2898521575011438,5,own
43-4061,6,0.190014718252991,partial:OEWS_May2021_lognormal;D,10.742157839060978,0.2898521575011438,5,own
43-4061,7,0.15135149953482452,partial:OEWS_May2021_lognormal;D,10.742157839060978,0.2898521575011438,5,own
43-4061,8,0.09315111401497289,partial:OEWS_May2021_lognormal;D,10.742157839060978,0.2898521575011438,5,own
43-4061,9,0.03651503913144838,partial:OEWS_May2021_lognormal;D,10.742157839060978,0.2898521575011438,5,own
43-4061,10,0.004435261783293898,partial:OEWS_May2021_lognormal;D,10.742157839060978,0.2898521575011438,5,own
43-4071,1,0.0574235103843353,partial:OEWS_May2021_lognormal;D,10.47999834700532,0.2921874817020993,5,own
43-4071,2,0.18250062878449375,partial:OEWS_May2021_lognormal;D,10.47999834700532,0.2921874817020993,5,own
43-4071,3,0.22857235903364814,partial:OEWS_May2021_lognormal;D,10.47999834700532,0.2921874817020993,5,own
43-4071,4,0.20771219982040945,partial:OEWS_May2021_lognormal;D,10.47999834700532,0.2921874817020993,5,own
43-4071,5,0.15482822411506014,partial:OEWS_May2021_lognormal;D,10.47999834700532,0.2921874817020993,5,own
43-4071,6,0.09673814348888687,partial:OEWS_May2021_lognormal;D,10.47999834700532,0.2921874817020993,5,own
43-4071,7,0.049235742030536045,partial:OEWS_May2021_lognormal;D,10.47999834700532,0.2921874817020993,5,own
43-4071,8,0.0186323603414138,partial:OEWS_May2021_lognormal;D,10.47999834700532,0.2921874817020993,5,own
43-4071,9,0.004118303076455665,partial:OEWS_May2021_lognormal;D,10.47999834700532,0.2921874817020993,5,own
43-4071,10,0.0002385289247608391,partial:OEWS_May2021_lognormal;D,10.47999834700532,0.2921874817020993,5,own
43-4081,1,0.1728848701253074,partial:OEWS_May2021_lognormal;D,10.211660571473107,0.2040423525738624,5,own
43-4081,2,0.44629880208628525,partial:OEWS_May2021_lognormal;D,10.211660571473107,0.2040423525738624,5,own
43-4081,3,0.26611699858866145,partial:OEWS_May2021_lognormal;D,10.211660571473107,0.2040423525738624,5,own
43-4081,4,0.09026328106004933,partial:OEWS_May2021_lognormal;D,10.211660571473107,0.2040423525738624,5,own
43-4081,5,0.02083494066555469,partial:OEWS_May2021_lognormal;D,10.211660571473107,0.2040423525738624,5,own
43-4081,6,0.0032702722150391716,partial:OEWS_May2021_lognormal;D,10.211660571473107,0.2040423525738624,5,own
43-4081,7,0.00031579025741423905,partial:OEWS_May2021_lognormal;D,10.211660571473107,0.2040423525738624,5,own
43-4081,8,0.000014847506063064841,partial:OEWS_May2021_lognormal;D,10.211660571473107,0.2040423525738624,5,own
43-4081,9,1.9736272816039957e-7,partial:OEWS_May2021_lognormal;D,10.211660571473107,0.2040423525738624,5,own
43-4081,10,1.3289724876131004e-10,partial:OEWS_May2021_lognormal;D,10.211660571473107,0.2040423525738624,5,own
43-4111,1,0.016830656999207327,partial:OEWS_May2021_lognormal;D,10.53316546309007,0.24192836439274465,5,own
43-4111,2,0.12478445028429502,partial:OEWS_May2021_lognormal;D,10.53316546309007,0.24192836439274465,5,own
43-4111,3,0.2346762017842028,partial:OEWS_May2021_lognormal;D,10.53316546309007,0.24192836439274465,5,own
43-4111,4,0.25388624827606265,partial:OEWS_May2021_lognormal;D,10.53316546309007,0.24192836439274465,5,own
43-4111,5,0.19559278410840464,partial:OEWS_May2021_lognormal;D,10.53316546309007,0.24192836439274465,5,own
43-4111,6,0.11279487603441374,partial:OEWS_May2021_lognormal;D,10.53316546309007,0.24192836439274465,5,own
43-4111,7,0.04718714830917348,partial:OEWS_May2021_lognormal;D,10.53316546309007,0.24192836439274465,5,own
43-4111,8,0.012649767327132855,partial:OEWS_May2021_lognormal;D,10.53316546309007,0.24192836439274465,5,own
43-4111,9,0.001566097716255821,partial:OEWS_May2021_lognormal;D,10.53316546309007,0.24192836439274465,5,own
43-4111,10,0.000031769160851680134,partial:OEWS_May2021_lognormal;D,10.53316546309007,0.24192836439274465,5,own
43-4121,1,0.14718715273423616,partial:OEWS_May2021_lognormal;D,10.33309278614739,0.2992719334817578,5,own
43-4121,2,0.2739659160032492,partial:OEWS_May2021_lognormal;D,10.33309278614739,0.2992719334817578,5,own
43-4121,3,0.23929927632698234,partial:OEWS_May2021_lognormal;D,10.33309278614739,0.2992719334817578,5,own
43-4121,4,0.1652142570862718,partial:OEWS_May2021_lognormal;D,10.33309278614739,0.2992719334817578,5,own
43-4121,5,0.0974660242390244,partial:OEWS_May2021_lognormal;D,10.33309278614739,0.2992719334817578,5,own
43-4121,6,0.049168754734508546,partial:OEWS_May2021_lognormal;D,10.33309278614739,0.2992719334817578,5,own
43-4121,7,0.02033927908285138,partial:OEWS_May2021_lognormal;D,10.33309278614739,0.2992719334817578,5,own
43-4121,8,0.00622223873788097,partial:OEWS_May2021_lognormal;D,10.33309278614739,0.2992719334817578,5,own
43-4121,9,0.0010893017804793903,partial:OEWS_May2021_lognormal;D,10.33309278614739,0.2992719334817578,5,own
43-4121,10,0.000047799274515814005,partial:OEWS_May2021_lognormal;D,10.33309278614739,0.2992719334817578,5,own
43-4131,1,0.006473414031453795,partial:OEWS_May2021_lognormal;D,10.674990541585219,0.2638415169427542,5,own
43-4131,2,0.05759312591501714,partial:OEWS_May2021_lognormal;D,10.674990541585219,0.2638415169427542,5,own
43-4131,3,0.1401673409471736,partial:OEWS_May2021_lognormal;D,10.674990541585219,0.2638415169427542,5,own
43-4131,4,0.20371821113994965,partial:OEWS_May2021_lognormal;D,10.674990541585219,0.2638415169427542,5,own
43-4131,5,0.2183870371393093,partial:OEWS_May2021_lognormal;D,10.674990541585219,0.2638415169427542,5,own
43-4131,6,0.1834615063248881,partial:OEWS_May2021_lognormal;D,10.674990541585219,0.2638415169427542,5,own
43-4131,7,0.119545526081966,partial:OEWS_May2021_lognormal;D,10.674990541585219,0.2638415169427542,5,own
43-4131,8,0.05549255242736317,partial:OEWS_May2021_lognormal;D,10.674990541585219,0.2638415169427542,5,own
43-4131,9,0.01428598697655592,partial:OEWS_May2021_lognormal;D,10.674990541585219,0.2638415169427542,5,own
43-4131,10,0.0008752990163233276,partial:OEWS_May2021_lognormal;D,10.674990541585219,0.2638415169427542,5,own
43-4141,1,0.0035523392989145197,partial:OEWS_May2021_lognormal;D,10.589711434211543,0.21190531017797953,5,own
43-4141,2,0.06430067341161239,partial:OEWS_May2021_lognormal;D,10.589711434211543,0.21190531017797953,5,own
43-4141,3,0.1975604022896807,partial:OEWS_May2021_lognormal;D,10.589711434211543,0.21190531017797953,5,own
43-4141,4,0.27939779049273045,partial:OEWS_May2021_lognormal;D,10.589711434211543,0.21190531017797953,5,own
43-4141,5,0.24436739052289702,partial:OEWS_May2021_lognormal;D,10.589711434211543,0.21190531017797953,5,own
43-4141,6,0.14331021262114585,partial:OEWS_May2021_lognormal;D,10.589711434211543,0.21190531017797953,5,own
43-4141,7,0.054766139576824746,partial:OEWS_May2021_lognormal;D,10.589711434211543,0.21190531017797953,5,own
43-4141,8,0.011774578274808323,partial:OEWS_May2021_lognormal;D,10.589711434211543,0.21190531017797953,5,own
43-4141,9,0.0009618967784468246,partial:OEWS_May2021_lognormal;D,10.589711434211543,0.21190531017797953,5,own
43-4141,10,8.5767329391917e-6,partial:OEWS_May2021_lognormal;D,10.589711434211543,0.21190531017797953,5,own
43-4151,1,0.030253096122388856,partial:OEWS_May2021_lognormal;D,10.577529851665773,0.2974000830229241,5,own
43-4151,2,0.12311134003110091,partial:OEWS_May2021_lognormal;D,10.577529851665773,0.2974000830229241,5,own
43-4151,3,0.18914962902502996,partial:OEWS_May2021_lognormal;D,10.577529851665773,0.2974000830229241,5,own
43-4151,4,0.20570529174930025,partial:OEWS_May2021_lognormal;D,10.577529851665773,0.2974000830229241,5,own
43-4151,5,0.18201699315684483,partial:OEWS_May2021_lognormal;D,10.577529851665773,0.2974000830229241,5,own
43-4151,6,0.13537703998493356,partial:OEWS_May2021_lognormal;D,10.577529851665773,0.2974000830229241,5,own
43-4151,7,0.08311712120836234,partial:OEWS_May2021_lognormal;D,10.577529851665773,0.2974000830229241,5,own
43-4151,8,0.03901851579710214,partial:OEWS_May2021_lognormal;D,10.577529851665773,0.2974000830229241,5,own
43-4151,9,0.011296816812244481,partial:OEWS_May2021_lognormal;D,10.577529851665773,0.2974000830229241,5,own
43-4151,10,0.0009541561126926723,partial:OEWS_May2021_lognormal;D,10.577529851665773,0.2974000830229241,5,own
43-4161,1,0.006029975432989276,partial:OEWS_May2021_lognormal;D,10.674218217786171,0.26088989634576776,5,own
43-4161,2,0.056268802725532585,partial:OEWS_May2021_lognormal;D,10.674218217786171,0.26088989634576776,5,own
43-4161,3,0.14012795871401607,partial:OEWS_May2021_lognormal;D,10.674218217786171,0.26088989634576776,5,own
43-4161,4,0.20565206993022422,partial:OEWS_May2021_lognormal;D,10.674218217786171,0.26088989634576776,5,own
43-4161,5,0.22075950802834882,partial:OEWS_May2021_lognormal;D,10.674218217786171,0.26088989634576776,5,own
43-4161,6,0.18444112351235709,partial:OEWS_May2021_lognormal;D,10.674218217786171,0.26088989634576776,5,own
43-4161,7,0.11867951574744273,partial:OEWS_May2021_lognormal;D,10.674218217786171,0.26088989634576776,5,own
43-4161,8,0.05389870331704205,partial:OEWS_May2021_lognormal;D,10.674218217786171,0.26088989634576776,5,own
43-4161,9,0.013374730760009279,partial:OEWS_May2021_lognormal;D,10.674218217786171,0.26088989634576776,5,own
43-4161,10,0.0007676118320378844,partial:OEWS_May2021_lognormal;D,10.674218217786171,0.26088989634576776,5,own
43-4171,1,0.08105331301635094,partial:OEWS_May2021_lognormal;D,10.371370436922856,0.25184618483982124,5,own
43-4171,2,0.2678080222539964,partial:OEWS_May2021_lognormal;D,10.371370436922856,0.25184618483982124,5,own
43-4171,3,0.28406512569924214,partial:OEWS_May2021_lognormal;D,10.371370436922856,0.25184618483982124,5,own
43-4171,4,0.19896646137034413,partial:OEWS_May2021_lognormal;D,10.371370436922856,0.25184618483982124,5,own
43-4171,5,0.10670325855650442,partial:OEWS_May2021_lognormal;D,10.371370436922856,0.25184618483982124,5,own
43-4171,6,0.04459040401616576,partial:OEWS_May2021_lognormal;D,10.371370436922856,0.25184618483982124,5,own
43-4171,7,0.013802373381659905,partial:OEWS_May2021_lognormal;D,10.371370436922856,0.25184618483982124,5,own
43-4171,8,0.0027552216751238756,partial:OEWS_May2021_lognormal;D,10.371370436922856,0.25184618483982124,5,own
43-4171,9,0.0002521608400704034,partial:OEWS_May2021_lognormal;D,10.371370436922856,0.25184618483982124,5,own
43-4171,10,3.6591905420158e-6,partial:OEWS_May2021_lognormal;D,10.371370436922856,0.25184618483982124,5,own
43-4181,1,0.04037446438086473,partial:OEWS_May2021_lognormal;D,10.670170043693096,0.37271071017572915,5,own
43-4181,2,0.10325854406165708,partial:OEWS_May2021_lognormal;D,10.670170043693096,0.37271071017572915,5,own
43-4181,3,0.13995660384217823,partial:OEWS_May2021_lognormal;D,10.670170043693096,0.37271071017572915,5,own
43-4181,4,0.1560524897727209,partial:OEWS_May2021_lognormal;D,10.670170043693096,0.37271071017572915,5,own
43-4181,5,0.15558012507382724,partial:OEWS_May2021_lognormal;D,10.670170043693096,0.37271071017572915,5,own
43-4181,6,0.14169675756212363,partial:OEWS_May2021_lognormal;D,10.670170043693096,0.37271071017572915,5,own
43-4181,7,0.11718753567494367,partial:OEWS_May2021_lognormal;D,10.670170043693096,0.37271071017572915,5,own
43-4181,8,0.08485777011552131,partial:OEWS_May2021_lognormal;D,10.670170043693096,0.37271071017572915,5,own
43-4181,9,0.048107315126521,partial:OEWS_May2021_lognormal;D,10.670170043693096,0.37271071017572915,5,own
43-4181,10,0.012928394389642217,partial:OEWS_May2021_lognormal;D,10.670170043693096,0.37271071017572915,5,own
43-4199,1,0.013920313577352461,partial:OEWS_May2021_lognormal;D,10.648265797725504,0.2859625529267322,5,own
43-4199,2,0.08111812444771949,partial:OEWS_May2021_lognormal;D,10.648265797725504,0.2859625529267322,5,own
43-4199,3,0.15664698926855514,partial:OEWS_May2021_lognormal;D,10.648265797725504,0.2859625529267322,5,own
43-4199,4,0.20002111863510463,partial:OEWS_May2021_lognormal;D,10.648265797725504,0.2859625529267322,5,own
43-4199,5,0.2002862183004348,partial:OEWS_May2021_lognormal;D,10.648265797725504,0.2859625529267322,5,own
43-4199,6,0.16468143364387755,partial:OEWS_May2021_lognormal;D,10.648265797725504,0.2859625529267322,5,own
43-4199,7,0.10988122681534718,partial:OEWS_May2021_lognormal;D,10.648265797725504,0.2859625529267322,5,own
43-4199,8,0.05521475810227583,partial:OEWS_May2021_lognormal;D,10.648265797725504,0.2859625529267322,5,own
43-4199,9,0.016792977950906174,partial:OEWS_May2021_lognormal;D,10.648265797725504,0.2859625529267322,5,own
43-4199,10,0.0014368392584267475,partial:OEWS_May2021_lognormal;D,10.648265797725504,0.2859625529267322,5,own
43-5011,1,0.014470123488144138,partial:OEWS_May2021_lognormal;D,10.744978787827538,0.3322322405899885,5,own
43-5011,2,0.06348510362529636,partial:OEWS_May2021_lognormal;D,10.744978787827538,0.3322322405899885,5,own
43-5011,3,0.11498901574029025,partial:OEWS_May2021_lognormal;D,10.744978787827538,0.3322322405899885,5,own
43-5011,4,0.15327388806975112,partial:OEWS_May2021_lognormal;D,10.744978787827538,0.3322322405899885,5,own
43-5011,5,0.1718048430679182,partial:OEWS_May2021_lognormal;D,10.744978787827538,0.3322322405899885,5,own
43-5011,6,0.168470608641773,partial:OEWS_May2021_lognormal;D,10.744978787827538,0.3322322405899885,5,own
43-5011,7,0.14434446416712432,partial:OEWS_May2021_lognormal;D,10.744978787827538,0.3322322405899885,5,own
43-5011,8,0.10355667339464403,partial:OEWS_May2021_lognormal;D,10.744978787827538,0.3322322405899885,5,own
43-5011,9,0.05414283499610906,partial:OEWS_May2021_lognormal;D,10.744978787827538,0.3322322405899885,5,own
43-5011,10,0.011462444808949535,partial:OEWS_May2021_lognormal;D,10.744978787827538,0.3322322405899885,5,own
43-5021,1,0.05602057321126719,partial:OEWS_May2021_lognormal;D,10.406130000503174,0.24343938187785982,5,own
43-5021,2,0.2369956750536807,partial:OEWS_May2021_lognormal;D,10.406130000503174,0.24343938187785982,5,own
43-5021,3,0.28958669743909393,partial:OEWS_May2021_lognormal;D,10.406130000503174,0.24343938187785982,5,own
43-5021,4,0.220316939687623,partial:OEWS_May2021_lognormal;D,10.406130000503174,0.24343938187785982,5,own
43-5021,5,0.12405128672163646,partial:OEWS_May2021_lognormal;D,10.406130000503174,0.24343938187785982,5,own
43-5021,6,0.05309415105723858,partial:OEWS_May2021_lognormal;D,10.406130000503174,0.24343938187785982,5,own
43-5021,7,0.01645350466548645,partial:OEWS_May2021_lognormal;D,10.406130000503174,0.24343938187785982,5,own
43-5021,8,0.003202733122973922,partial:OEWS_May2021_lognormal;D,10.406130000503174,0.24343938187785982,5,own
43-5021,9,0.0002749814443505638,partial:OEWS_May2021_lognormal;D,10.406130000503174,0.24343938187785982,5,own
43-5021,10,3.4575966492145227e-6,partial:OEWS_May2021_lognormal;D,10.406130000503174,0.24343938187785982,5,own
43-5031,1,0.012719045749005509,partial:OEWS_May2021_lognormal;D,10.72206719633733,0.314488795175147,5,own
43-5031,2,0.06419130909375187,partial:OEWS_May2021_lognormal;D,10.72206719633733,0.314488795175147,5,own
43-5031,3,0.12265748818402528,partial:OEWS_May2021_lognormal;D,10.72206719633733,0.314488795175147,5,own
43-5031,4,0.16547386527677732,partial:OEWS_May2021_lognormal;D,10.72206719633733,0.314488795175147,5,own
43-5031,5,0.18295256069276122,partial:OEWS_May2021_lognormal;D,10.72206719633733,0.314488795175147,5,own
43-5031,6,0.17313701740455256,partial:OEWS_May2021_lognormal;D,10.72206719633733,0.314488795175147,5,own
43-5031,7,0.1397653970121544,partial:OEWS_May2021_lognormal;D,10.72206719633733,0.314488795175147,5,own
43-5031,8,0.09138149415150087,partial:OEWS_May2021_lognormal;D,10.72206719633733,0.314488795175147,5,own
43-5031,9,0.04107631886969698,partial:OEWS_May2021_lognormal;D,10.72206719633733,0.314488795175147,5,own
43-5031,10,0.00664550356577398,partial:OEWS_May2021_lognormal;D,10.72206719633733,0.314488795175147,5,own
43-5032,1,0.022728265395048963,partial:OEWS_May2021_lognormal;D,10.710101066958693,0.3453385391771452,5,own
43-5032,2,0.08036654424305173,partial:OEWS_May2021_lognormal;D,10.710101066958693,0.3453385391771452,5,own
43-5032,3,0.12862529794939903,partial:OEWS_May2021_lognormal;D,10.710101066958693,0.3453385391771452,5,own
43-5032,4,0.1581938351985917,partial:OEWS_May2021_lognormal;D,10.710101066958693,0.3453385391771452,5,own
43-5032,5,0.1675225199087585,partial:OEWS_May2021_lognormal;D,10.710101066958693,0.3453385391771452,5,own
43-5032,6,0.1577120798742071,partial:OEWS_May2021_lognormal;D,10.710101066958693,0.3453385391771452,5,own
43-5032,7,0.1314940371566201,partial:OEWS_May2021_lognormal;D,10.710101066958693,0.3453385391771452,5,own
43-5032,8,0.09315282107924583,partial:OEWS_May2021_lognormal;D,10.710101066958693,0.3453385391771452,5,own
43-5032,9,0.049175113442682106,partial:OEWS_May2021_lognormal;D,10.710101066958693,0.3453385391771452,5,own
43-5032,10,0.01102948575239493,partial:OEWS_May2021_lognormal;D,10.710101066958693,0.3453385391771452,5,own
43-5041,1,0.03652685299508723,partial:OEWS_May2021_lognormal;D,10.726468489800203,0.3945251802343127,5,own
43-5041,2,0.08895778979528013,partial:OEWS_May2021_lognormal;D,10.726468489800203,0.3945251802343127,5,own
43-5041,3,0.12173324806950031,partial:OEWS_May2021_lognormal;D,10.726468489800203,0.3945251802343127,5,own
43-5041,4,0.14015292488333597,partial:OEWS_May2021_lognormal;D,10.726468489800203,0.3945251802343127,5,own
43-5041,5,0.1464884016276916,partial:OEWS_May2021_lognormal;D,10.726468489800203,0.3945251802343127,5,own
43-5041,6,0.14199161938925986,partial:OEWS_May2021_lognormal;D,10.726468489800203,0.3945251802343127,5,own
43-5041,7,0.12738050158425862,partial:OEWS_May2021_lognormal;D,10.726468489800203,0.3945251802343127,5,own
43-5041,8,0.10300804981873468,partial:OEWS_May2021_lognormal;D,10.726468489800203,0.3945251802343127,5,own
43-5041,9,0.0689052202666226,partial:OEWS_May2021_lognormal;D,10.726468489800203,0.3945251802343127,5,own
43-5041,10,0.02485539157022898,partial:OEWS_May2021_lognormal;D,10.726468489800203,0.3945251802343127,5,own
43-5051,1,0.000034380982330939336,partial:OEWS_May2021_lognormal;D,10.866086521219591,0.21273613923792925,5,own
43-5051,2,0.002639596671658584,partial:OEWS_May2021_lognormal;D,10.866086521219591,0.21273613923792925,5,own
43-5051,3,0.024538328826121836,partial:OEWS_May2021_lognormal;D,10.866086521219591,0.21273613923792925,5,own
43-5051,4,0.09039710549972735,partial:OEWS_May2021_lognormal;D,10.866086521219591,0.21273613923792925,5,own
43-5051,5,0.19138283023137548,partial:OEWS_May2021_lognormal;D,10.866086521219591,0.21273613923792925,5,own
43-5051,6,0.26619823981470875,partial:OEWS_May2021_lognormal;D,10.866086521219591,0.21273613923792925,5,own
43-5051,7,0.24759272234884933,partial:OEWS_May2021_lognormal;D,10.866086521219591,0.21273613923792925,5,own
43-5051,8,0.1403186380546092,partial:OEWS_May2021_lognormal;D,10.866086521219591,0.21273613923792925,5,own
43-5051,9,0.03547148796483779,partial:OEWS_May2021_lognormal;D,10.866086521219591,0.21273613923792925,5,own
43-5051,10,0.0014266696057807504,partial:OEWS_May2021_lognormal;D,10.866086521219591,0.21273613923792925,5,own
43-5052,1,0.00044495391119764305,partial:OEWS_May2021_lognormal;D,10.859023700878083,0.25268999513683216,5,own
43-5052,2,0.009808344613493558,partial:OEWS_May2021_lognormal;D,10.859023700878083,0.25268999513683216,5,own
43-5052,3,0.04551011471275007,partial:OEWS_May2021_lognormal;D,10.859023700878083,0.25268999513683216,5,own
43-5052,4,0.10991444085062091,partial:OEWS_May2021_lognormal;D,10.859023700878083,0.25268999513683216,5,own
43-5052,5,0.1818861894692239,partial:OEWS_May2021_lognormal;D,10.859023700878083,0.25268999513683216,5,own
43-5052,6,0.22683140132257307,partial:OEWS_May2021_lognormal;D,10.859023700878083,0.25268999513683216,5,own
43-5052,7,0.21593171063534888,partial:OEWS_May2021_lognormal;D,10.859023700878083,0.25268999513683216,5,own
43-5052,8,0.14705173565482244,partial:OEWS_May2021_lognormal;D,10.859023700878083,0.25268999513683216,5,own
43-5052,9,0.05706881217741222,partial:OEWS_May2021_lognormal;D,10.859023700878083,0.25268999513683216,5,own
43-5052,10,0.005552296652557298,partial:OEWS_May2021_lognormal;D,10.859023700878083,0.25268999513683216,5,own
43-5053,1,0.0011922116610776357,partial:OEWS_May2021_lognormal;D,10.797483233918673,0.2561858443095825,5,own
43-5053,2,0.01922965537195498,partial:OEWS_May2021_lognormal;D,10.797483233918673,0.2561858443095825,5,own
43-5053,3,0.07143049298503501,partial:OEWS_May2021_lognormal;D,10.797483233918673,0.2561858443095825,5,own
43-5053,4,0.14455297797470001,partial:OEWS_May2021_lognormal;D,10.797483233918673,0.2561858443095825,5,own
43-5053,5,0.2054213435446225,partial:OEWS_May2021_lognormal;D,10.797483233918673,0.2561858443095825,5,own
43-5053,6,0.22284039884425588,partial:OEWS_May2021_lognormal;D,10.797483233918673,0.2561858443095825,5,own
43-5053,7,0.18540795599945814,partial:OEWS_May2021_lognormal;D,10.797483233918673,0.2561858443095825,5,own
43-5053,8,0.11007534096537241,partial:OEWS_May2021_lognormal;D,10.797483233918673,0.2561858443095825,5,own
43-5053,9,0.036823674397973294,partial:OEWS_May2021_lognormal;D,10.797483233918673,0.2561858443095825,5,own
43-5053,10,0.003025948255550137,partial:OEWS_May2021_lognormal;D,10.797483233918673,0.2561858443095825,5,own
43-5061,1,0.012984174909074664,partial:OEWS_May2021_lognormal;D,10.789260285948172,0.34579489295522503,5,own
43-5061,2,0.054948817999768695,partial:OEWS_May2021_lognormal;D,10.789260285948172,0.34579489295522503,5,own
43-5061,3,0.10030644069595895,partial:OEWS_May2021_lognormal;D,10.789260285948172,0.34579489295522503,5,own
43-5061,4,0.13745428189962883,partial:OEWS_May2021_lognormal;D,10.789260285948172,0.34579489295522503,5,own
43-5061,5,0.16058113204709412,partial:OEWS_May2021_lognormal;D,10.789260285948172,0.34579489295522503,5,own
43-5061,6,0.1663522085425715,partial:OEWS_May2021_lognormal;D,10.789260285948172,0.34579489295522503,5,own
43-5061,7,0.15315501522682673,partial:OEWS_May2021_lognormal;D,10.789260285948172,0.34579489295522503,5,own
43-5061,8,0.12114869656578209,partial:OEWS_May2021_lognormal;D,10.789260285948172,0.34579489295522503,5,own
43-5061,9,0.07324583172615284,partial:OEWS_May2021_lognormal;D,10.789260285948172,0.34579489295522503,5,own
43-5061,10,0.019823400387141588,partial:OEWS_May2021_lognormal;D,10.789260285948172,0.34579489295522503,5,own
43-5071,1,0.022344079664116057,partial:OEWS_May2021_lognormal;D,10.522673529443715,0.25074466485730545,5,own
43-5071,2,0.1378847906452621,partial:OEWS_May2021_lognormal;D,10.522673529443715,0.25074466485730545,5,own
43-5071,3,0.2363127908771407,partial:OEWS_May2021_lognormal;D,10.522673529443715,0.25074466485730545,5,own
43-5071,4,0.24496243635966514,partial:OEWS_May2021_lognormal;D,10.522673529443715,0.25074466485730545,5,own
43-5071,5,0.18653868504684856,partial:OEWS_May2021_lognormal;D,10.522673529443715,0.25074466485730545,5,own
43-5071,6,0.10900282802827999,partial:OEWS_May2021_lognormal;D,10.522673529443715,0.25074466485730545,5,own
43-5071,7,0.04738236065554058,partial:OEWS_May2021_lognormal;D,10.522673529443715,0.25074466485730545,5,own
43-5071,8,0.013623868995144894,partial:OEWS_May2021_lognormal;D,10.522673529443715,0.25074466485730545,5,own
43-5071,9,0.0019001618824877609,partial:OEWS_May2021_lognormal;D,10.522673529443715,0.25074466485730545,5,own
43-5071,10,0.000047997845514236026,partial:OEWS_May2021_lognormal;D,10.522673529443715,0.25074466485730545,5,own
43-5111,1,0.01433342026636969,partial:OEWS_May2021_lognormal;D,10.53819770770688,0.2371593450775656,5,own
43-5111,2,0.11790146779260835,partial:OEWS_May2021_lognormal;D,10.53819770770688,0.2371593450775656,5,own
43-5111,3,0.23364194620330497,partial:OEWS_May2021_lognormal;D,10.53819770770688,0.2371593450775656,5,own
43-5111,4,0.2588000936598608,partial:OEWS_May2021_lognormal;D,10.53819770770688,0.2371593450775656,5,own
43-5111,5,0.20048478847027273,partial:OEWS_May2021_lognormal;D,10.53819770770688,0.2371593450775656,5,own
43-5111,6,0.11458443945436325,partial:OEWS_May2021_lognormal;D,10.53819770770688,0.2371593450775656,5,own
43-5111,7,0.046812856617149956,partial:OEWS_May2021_lognormal;D,10.53819770770688,0.2371593450775656,5,own
43-5111,8,0.012029213417313334,partial:OEWS_May2021_lognormal;D,10.53819770770688,0.2371593450775656,5,own
43-5111,9,0.0013870766465287065,partial:OEWS_May2021_lognormal;D,10.53819770770688,0.2371593450775656,5,own
43-5111,10,0.000024697472228218942,partial:OEWS_May2021_lognormal;D,10.53819770770688,0.2371593450775656,5,own
43-6011,1,0.002562122744746098,partial:OEWS_May2021_lognormal;D,11.030535318321622,0.36127500065016827,5,own
43-6011,2,0.015509854542540391,partial:OEWS_May2021_lognormal;D,11.030535318321622,0.36127500065016827,5,own
43-6011,3,0.038093215810652725,partial:OEWS_May2021_lognormal;D,11.030535318321622,0.36127500065016827,5,own
43-6011,4,0.06805085712907849,partial:OEWS_May2021_lognormal;D,11.030535318321622,0.36127500065016827,5,own
43-6011,5,0.10275657849698205,partial:OEWS_May2021_lognormal;D,11.030535318321622,0.36127500065016827,5,own
43-6011,6,0.13862282442955087,partial:OEWS_May2021_lognormal;D,11.030535318321622,0.36127500065016827,5,own
43-6011,7,0.1702996404407982,partial:OEWS_May2021_lognormal;D,11.030535318321622,0.36127500065016827,5,own
43-6011,8,0.18905027859763568,partial:OEWS_May2021_lognormal;D,11.030535318321622,0.36127500065016827,5,own
43-6011,9,0.17849552857697681,partial:OEWS_May2021_lognormal;D,11.030535318321622,0.36127500065016827,5,own
43-6011,10,0.09655909923103867,partial:OEWS_May2021_lognormal;D,11.030535318321622,0.36127500065016827,5,own
43-6012,1,0.02079833343967158,partial:OEWS_May2021_lognormal;D,10.779728332357081,0.3732181492586259,5,own
43-6012,2,0.06671278755138754,partial:OEWS_May2021_lognormal;D,10.779728332357081,0.3732181492586259,5,own
43-6012,3,0.10601293968266673,partial:OEWS_May2021_lognormal;D,10.779728332357081,0.3732181492586259,5,own
43-6012,4,0.1345561637469982,partial:OEWS_May2021_lognormal;D,10.779728332357081,0.3732181492586259,5,own
43-6012,5,0.1508341351736714,partial:OEWS_May2021_lognormal;D,10.779728332357081,0.3732181492586259,5,own
43-6012,6,0.15395533138868822,partial:OEWS_May2021_lognormal;D,10.779728332357081,0.3732181492586259,5,own
43-6012,7,0.14327162351945433,partial:OEWS_May2021_lognormal;D,10.779728332357081,0.3732181492586259,5,own
43-6012,8,0.11829743775004986,partial:OEWS_May2021_lognormal;D,10.779728332357081,0.3732181492586259,5,own
43-6012,9,0.0788676634255353,partial:OEWS_May2021_lognormal;D,10.779728332357081,0.3732181492586259,5,own
43-6012,10,0.02669358432187685,partial:OEWS_May2021_lognormal;D,10.779728332357081,0.3732181492586259,5,own
43-6013,1,0.017493891947976292,partial:OEWS_May2021_lognormal;D,10.55562215985447,0.25436952981554073,5,own
43-6013,2,0.1162448769219685,partial:OEWS_May2021_lognormal;D,10.55562215985447,0.25436952981554073,5,own
43-6013,3,0.21523171450422995,partial:OEWS_May2021_lognormal;D,10.55562215985447,0.25436952981554073,5,own
43-6013,4,0.24112321428125322,partial:OEWS_May2021_lognormal;D,10.55562215985447,0.25436952981554073,5,own
43-6013,5,0.19904641551235935,partial:OEWS_May2021_lognormal;D,10.55562215985447,0.25436952981554073,5,own
43-6013,6,0.12692736669753457,partial:OEWS_May2021_lognormal;D,10.55562215985447,0.25436952981554073,5,own
43-6013,7,0.06091019818192589,partial:OEWS_May2021_lognormal;D,10.55562215985447,0.25436952981554073,5,own
43-6013,8,0.01971625630900642,partial:OEWS_May2021_lognormal;D,10.55562215985447,0.25436952981554073,5,own
43-6013,9,0.0032046172330475464,partial:OEWS_May2021_lognormal;D,10.55562215985447,0.25436952981554073,5,own
43-6013,10,0.00010144841069825716,partial:OEWS_May2021_lognormal;D,10.55562215985447,0.25436952981554073,5,own
43-6014,1,0.03278265097225114,partial:OEWS_May2021_lognormal;D,10.573774651913398,0.301127073697384,5,own
43-6014,2,0.12660227433634652,partial:OEWS_May2021_lognormal;D,10.573774651913398,0.301127073697384,5,own
43-6014,3,0.18957840451750507,partial:OEWS_May2021_lognormal;D,10.573774651913398,0.301127073697384,5,own
43-6014,4,0.203597784948984,partial:OEWS_May2021_lognormal;D,10.573774651913398,0.301127073697384,5,own
43-6014,5,0.1792846603593613,partial:OEWS_May2021_lognormal;D,10.573774651913398,0.301127073697384,5,own
43-6014,6,0.13350404465006072,partial:OEWS_May2021_lognormal;D,10.573774651913398,0.301127073697384,5,own
43-6014,7,0.08256150990125577,partial:OEWS_May2021_lognormal;D,10.573774651913398,0.301127073697384,5,own
43-6014,8,0.039340514837841734,partial:OEWS_May2021_lognormal;D,10.573774651913398,0.301127073697384,5,own
43-6014,9,0.01170685862184273,partial:OEWS_May2021_lognormal;D,10.573774651913398,0.301127073697384,5,own
43-6014,10,0.0010412968545510104,partial:OEWS_May2021_lognormal;D,10.573774651913398,0.301127073697384,5,own
43-9021,1,0.04461687530614289,partial:OEWS_May2021_lognormal;D,10.444669496981401,0.2503071747357859,5,own
43-9021,2,0.20249040609008767,partial:OEWS_May2021_lognormal;D,10.444669496981401,0.2503071747357859,5,own
43-9021,3,0.27237963143365623,partial:OEWS_May2021_lognormal;D,10.444669496981401,0.2503071747357859,5,own
43-9021,4,0.2305954213496627,partial:OEWS_May2021_lognormal;D,10.444669496981401,0.2503071747357859,5,own
43-9021,5,0.14603727793165389,partial:OEWS_May2021_lognormal;D,10.444669496981401,0.2503071747357859,5,own
43-9021,6,0.07134302388087477,partial:OEWS_May2021_lognormal;D,10.444669496981401,0.2503071747357859,5,own
43-9021,7,0.025793550387926523,partial:OEWS_May2021_lognormal;D,10.444669496981401,0.2503071747357859,5,own
43-9021,8,0.0060640633399475785,partial:OEWS_May2021_lognormal;D,10.444669496981401,0.2503071747357859,5,own
43-9021,9,0.0006674779751403292,partial:OEWS_May2021_lognormal;D,10.444669496981401,0.2503071747357859,5,own
43-9021,10,0.00001227230490741249,partial:OEWS_May2021_lognormal;D,10.444669496981401,0.2503071747357859,5,own
43-9022,1,0.006290720033009456,partial:OEWS_May2021_lognormal;D,10.660238728407172,0.2568542405566873,5,own
43-9022,2,0.059811871145039996,partial:OEWS_May2021_lognormal;D,10.660238728407172,0.2568542405566873,5,own
43-9022,3,0.1481808343811673,partial:OEWS_May2021_lognormal;D,10.660238728407172,0.2568542405566873,5,own
43-9022,4,0.2136190372654151,partial:OEWS_May2021_lognormal;D,10.660238728407172,0.2568542405566873,5,own
43-9022,5,0.22322628465222716,partial:OEWS_May2021_lognormal;D,10.660238728407172,0.2568542405566873,5,own
43-9022,6,0.17995485833667568,partial:OEWS_May2021_lognormal;D,10.660238728407172,0.2568542405566873,5,own
43-9022,7,0.11052082619957293,partial:OEWS_May2021_lognormal;D,10.660238728407172,0.2568542405566873,5,own
43-9022,8,0.04715685649542778,partial:OEWS_May2021_lognormal;D,10.660238728407172,0.2568542405566873,5,own
43-9022,9,0.010705030930513115,partial:OEWS_May2021_lognormal;D,10.660238728407172,0.2568542405566873,5,own
43-9022,10,0.0005336805609514883,partial:OEWS_May2021_lognormal;D,10.660238728407172,0.2568542405566873,5,own
43-9031,1,0.051359878414685256,partial:OEWS_May2021_lognormal;D,10.73471784689553,0.4384298878047029,5,own
43-9031,2,0.09507373508653999,partial:OEWS_May2021_lognormal;D,10.73471784689553,0.4384298878047029,5,own
43-9031,3,0.11671672286884027,partial:OEWS_May2021_lognormal;D,10.73471784689553,0.4384298878047029,5,own
43-9031,4,0.1279947501293413,partial:OEWS_May2021_lognormal;D,10.73471784689553,0.4384298878047029,5,own
43-9031,5,0.1318410105676734,partial:OEWS_May2021_lognormal;D,10.73471784689553,0.4384298878047029,5,own
43-9031,6,0.1293498748990648,partial:OEWS_May2021_lognormal;D,10.73471784689553,0.4384298878047029,5,own
43-9031,7,0.12072403190622183,partial:OEWS_May2021_lognormal;D,10.73471784689553,0.4384298878047029,5,own
43-9031,8,0.10536540698409469,partial:OEWS_May2021_lognormal;D,10.73471784689553,0.4384298878047029,5,own
43-9031,9,0.08126527767673519,partial:OEWS_May2021_lognormal;D,10.73471784689553,0.4384298878047029,5,own
43-9031,10,0.04030931146680328,partial:OEWS_May2021_lognormal;D,10.73471784689553,0.4384298878047029,5,own
43-9041,1,0.006173336573011612,partial:OEWS_May2021_lognormal;D,10.676227301288566,0.26255905754916375,5,own
43-9041,2,0.056384867764708746,partial:OEWS_May2021_lognormal;D,10.676227301288566,0.26255905754916375,5,own
43-9041,3,0.13920469040704275,partial:OEWS_May2021_lognormal;D,10.676227301288566,0.26255905754916375,5,own
43-9041,4,0.203920280417749,partial:OEWS_May2021_lognormal;D,10.676227301288566,0.26255905754916375,5,own
43-9041,5,0.21946725489451108,partial:OEWS_May2021_lognormal;D,10.676227301288566,0.26255905754916375,5,own
43-9041,6,0.18453452313190666,partial:OEWS_May2021_lognormal;D,10.676227301288566,0.26255905754916375,5,own
43-9041,7,0.11999520754108306,partial:OEWS_May2021_lognormal;D,10.676227301288566,0.26255905754916375,5,own
43-9041,8,0.055381431308913376,partial:OEWS_May2021_lognormal;D,10.676227301288566,0.26255905754916375,5,own
43-9041,9,0.014094101683218563,partial:OEWS_May2021_lognormal;D,10.676227301288566,0.26255905754916375,5,own
43-9041,10,0.0008443062778551447,partial:OEWS_May2021_lognormal;D,10.676227301288566,0.26255905754916375,5,own
43-9051,1,0.06528600158976666,partial:OEWS_May2021_lognormal;D,10.403402098740992,0.25407150658563005,5,own
43-9051,2,0.23936570662145956,partial:OEWS_May2021_lognormal;D,10.403402098740992,0.25407150658563005,5,own
43-9051,3,0.27873541054036033,partial:OEWS_May2021_lognormal;D,10.403402098740992,0.25407150658563005,5,own
43-9051,4,0.2125442565567236,partial:OEWS_May2021_lognormal;D,10.403402098740992,0.25407150658563005,5,own
43-9051,5,0.12383570229127128,partial:OEWS_May2021_lognormal;D,10.403402098740992,0.25407150658563005,5,own
43-9051,6,0.05637199632289924,partial:OEWS_May2021_lognormal;D,10.403402098740992,0.25407150658563005,5,own
43-9051,7,0.019151251997545415,partial:OEWS_May2021_lognormal;D,10.403402098740992,0.25407150658563005,5,own
43-9051,8,0.004256483271622424,partial:OEWS_May2021_lognormal;D,10.403402098740992,0.25407150658563005,5,own
43-9051,9,0.00044534905920046164,partial:OEWS_May2021_lognormal;D,10.403402098740992,0.25407150658563005,5,own
43-9051,10,7.841749151027422e-6,partial:OEWS_May2021_lognormal;D,10.403402098740992,0.25407150658563005,5,own
43-9061,1,0.0785501162656585,partial:OEWS_May2021_lognormal;D,10.522437852408924,0.3556129140065595,5,own
43-9061,2,0.1634534549635802,partial:OEWS_May2021_lognormal;D,10.522437852408924,0.3556129140065595,5,own
43-9061,3,0.184888338877005,partial:OEWS_May2021_lognormal;D,10.522437852408924,0.3556129140065595,5,own
43-9061,4,0.17422953378385264,partial:OEWS_May2021_lognormal;D,10.522437852408924,0.3556129140065595,5,own
43-9061,5,0.14681700078725246,partial:OEWS_May2021_lognormal;D,10.522437852408924,0.3556129140065595,5,own
43-9061,6,0.11194190936330672,partial:OEWS_May2021_lognormal;D,10.522437852408924,0.3556129140065595,5,own
43-9061,7,0.07590506033946565,partial:OEWS_May2021_lognormal;D,10.522437852408924,0.3556129140065595,5,own
43-9061,8,0.043334638091233835,partial:OEWS_May2021_lognormal;D,10.522437852408924,0.3556129140065595,5,own
43-9061,9,0.01790858159141928,partial:OEWS_May2021_lognormal;D,10.522437852408924,0.3556129140065595,5,own
43-9061,10,0.0029713659372256895,partial:OEWS_May2021_lognormal;D,10.522437852408924,0.3556129140065595,5,own
43-9071,1,0.02924402925592029,partial:OEWS_May2021_lognormal;D,10.47964949459407,0.24331928609978942,5,own
43-9071,2,0.1692491943788887,partial:OEWS_May2021_lognormal;D,10.47964949459407,0.24331928609978942,5,own
43-9071,3,0.26426295135552125,partial:OEWS_May2021_lognormal;D,10.47964949459407,0.24331928609978942,5,own
43-9071,4,0.2462093933734703,partial:OEWS_May2021_lognormal;D,10.47964949459407,0.24331928609978942,5,own
43-9071,5,0.16640750485624123,partial:OEWS_May2021_lognormal;D,10.47964949459407,0.24331928609978942,5,own
43-9071,6,0.0849084107542677,partial:OEWS_May2021_lognormal;D,10.47964949459407,0.24331928609978942,5,own
43-9071,7,0.03147202403338456,partial:OEWS_May2021_lognormal;D,10.47964949459407,0.24331928609978942,5,own
43-9071,8,0.007433883761778892,partial:OEWS_May2021_lognormal;D,10.47964949459407,0.24331928609978942,5,own
43-9071,9,0.0007990456300259741,partial:OEWS_May2021_lognormal;D,10.47964949459407,0.24331928609978942,5,own
43-9071,10,0.000013562600501115796,partial:OEWS_May2021_lognormal;D,10.47964949459407,0.24331928609978942,5,own
43-9081,1,0.01771497735316846,partial:OEWS_May2021_lognormal;D,10.681243697153116,0.31470786174057974,5,own
43-9081,2,0.07986692599045742,partial:OEWS_May2021_lognormal;D,10.681243697153116,0.31470786174057974,5,own
43-9081,3,0.14038422281750107,partial:OEWS_May2021_lognormal;D,10.681243697153116,0.31470786174057974,5,own
43-9081,4,0.17689582231681056,partial:OEWS_May2021_lognormal;D,10.681243697153116,0.31470786174057974,5,own
43-9081,5,0.18393339805677572,partial:OEWS_May2021_lognormal;D,10.681243697153116,0.31470786174057974,5,own
43-9081,6,0.16405957333404952,partial:OEWS_May2021_lognormal;D,10.681243697153116,0.31470786174057974,5,own
43-9081,7,0.12464146273031596,partial:OEWS_May2021_lognormal;D,10.681243697153116,0.31470786174057974,5,own
43-9081,8,0.07624952273657026,partial:OEWS_May2021_lognormal;D,10.681243697153116,0.31470786174057974,5,own
43-9081,9,0.03164521378250473,partial:OEWS_May2021_lognormal;D,10.681243697153116,0.31470786174057974,5,own
43-9081,10,0.0046088808818463,partial:OEWS_May2021_lognormal;D,10.681243697153116,0.31470786174057974,5,own
43-9111,1,0.007683902364110817,partial:OEWS_May2021_lognormal;D,10.821763971733619,0.33111161844995507,5,own
43-9111,2,0.041211004018075315,partial:OEWS_May2021_lognormal;D,10.821763971733619,0.33111161844995507,5,own
43-9111,3,0.08635038004081097,partial:OEWS_May2021_lognormal;D,10.821763971733619,0.33111161844995507,5,own
43-9111,4,0.1294976734509366,partial:OEWS_May2021_lognormal;D,10.821763971733619,0.33111161844995507,5,own
43-9111,5,0.16126143094085316,partial:OEWS_May2021_lognormal;D,10.821763971733619,0.33111161844995507,5,own
43-9111,6,0.17489625093629585,partial:OEWS_May2021_lognormal;D,10.821763971733619,0.33111161844995507,5,own
43-9111,7,0.16604394720736892,partial:OEWS_May2021_lognormal;D,10.821763971733619,0.33111161844995507,5,own
43-9111,8,0.133230938741135,partial:OEWS_May2021_lognormal;D,10.821763971733619,0.33111161844995507,5,own
43-9111,9,0.07966573109605135,partial:OEWS_May2021_lognormal;D,10.821763971733619,0.33111161844995507,5,own
43-9111,10,0.020158741204362007,partial:OEWS_May2021_lognormal;D,10.821763971733619,0.33111161844995507,5,own
43-9199,1,0.06459137966660783,partial:OEWS_May2021_lognormal;D,10.558339645767052,0.35526529687284575,5,own
43-9199,2,0.14679697251360013,partial:OEWS_May2021_lognormal;D,10.558339645767052,0.35526529687284575,5,own
43-9199,3,0.1762309616353373,partial:OEWS_May2021_lognormal;D,10.558339645767052,0.35526529687284575,5,own
43-9199,4,0.1741455638864352,partial:OEWS_May2021_lognormal;D,10.558339645767052,0.35526529687284575,5,own
43-9199,5,0.15308649307184863,partial:OEWS_May2021_lognormal;D,10.558339645767052,0.35526529687284575,5,own
43-9199,6,0.12155180719753789,partial:OEWS_May2021_lognormal;D,10.558339645767052,0.35526529687284575,5,own
43-9199,7,0.08590309573131938,partial:OEWS_May2021_lognormal;D,10.558339645767052,0.35526529687284575,5,own
43-9199,8,0.051311322301377915,partial:OEWS_May2021_lognormal;D,10.558339645767052,0.35526529687284575,5,own
43-9199,9,0.02238820778282191,partial:OEWS_May2021_lognormal;D,10.558339645767052,0.35526529687284575,5,own
43-9199,10,0.00399419621311381,partial:OEWS_May2021_lognormal;D,10.558339645767052,0.35526529687284575,5,own
45-1011,1,0.012205068214737269,partial:OEWS_May2021_lognormal;D,10.81233365663295,0.35237067269197025,5,own
45-1011,2,0.05092552668815886,partial:OEWS_May2021_lognormal;D,10.81233365663295,0.35237067269197025,5,own
45-1011,3,0.09343113527124475,partial:OEWS_May2021_lognormal;D,10.81233365663295,0.35237067269197025,5,own
45-1011,4,0.12978383830900175,partial:OEWS_May2021_lognormal;D,10.81233365663295,0.35237067269197025,5,own
45-1011,5,0.1546134153959825,partial:OEWS_May2021_lognormal;D,10.81233365663295,0.35237067269197025,5,own
45-1011,6,0.1643125875598206,partial:OEWS_May2021_lognormal;D,10.81233365663295,0.35237067269197025,5,own
45-1011,7,0.15637624478672651,partial:OEWS_May2021_lognormal;D,10.81233365663295,0.35237067269197025,5,own
45-1011,8,0.12936578865909565,partial:OEWS_May2021_lognormal;D,10.81233365663295,0.35237067269197025,5,own
45-1011,9,0.08360828972623036,partial:OEWS_May2021_lognormal;D,10.81233365663295,0.35237067269197025,5,own
45-1011,10,0.02537810538900176,partial:OEWS_May2021_lognormal;D,10.81233365663295,0.35237067269197025,5,own
45-2011,1,0.017264859795141585,partial:OEWS_May2021_lognormal;D,10.720611789149515,0.3317804405097874,5,own
45-2011,2,0.07165283190931715,partial:OEWS_May2021_lognormal;D,10.720611789149515,0.3317804405097874,5,own
45-2011,3,0.12443696182786151,partial:OEWS_May2021_lognormal;D,10.720611789149515,0.3317804405097874,5,own
45-2011,4,0.16012682000355732,partial:OEWS_May2021_lognormal;D,10.720611789149515,0.3317804405097874,5,own
45-2011,5,0.1737608034607656,partial:OEWS_May2021_lognormal;D,10.720611789149515,0.3317804405097874,5,own
45-2011,6,0.16503180021961705,partial:OEWS_May2021_lognormal;D,10.720611789149515,0.3317804405097874,5,own
45-2011,7,0.13674355023170526,partial:OEWS_May2021_lognormal;D,10.720611789149515,0.3317804405097874,5,own
45-2011,8,0.09448145886800874,partial:OEWS_May2021_lognormal;D,10.720611789149515,0.3317804405097874,5,own
45-2011,9,0.04714504944671427,partial:OEWS_May2021_lognormal;D,10.720611789149515,0.3317804405097874,5,own
45-2011,10,0.009355864237311495,partial:OEWS_May2021_lognormal;D,10.720611789149515,0.3317804405097874,5,own
45-2021,1,0.0890162904139451,partial:OEWS_May2021_lognormal;D,10.594875045193872,0.4273648345901504,5,own
45-2021,2,0.1370497553447923,partial:OEWS_May2021_lognormal;D,10.594875045193872,0.4273648345901504,5,own
45-2021,3,0.1473389708357718,partial:OEWS_May2021_lognormal;D,10.594875045193872,0.4273648345901504,5,own
45-2021,4,0.14403542264656188,partial:OEWS_May2021_lognormal;D,10.594875045193872,0.4273648345901504,5,own
45-2021,5,0.13294573501432938,partial:OEWS_May2021_lognormal;D,10.594875045193872,0.4273648345901504,5,own
45-2021,6,0.11661174039595856,partial:OEWS_May2021_lognormal;D,10.594875045193872,0.4273648345901504,5,own
45-2021,7,0.09636967346990377,partial:OEWS_May2021_lognormal;D,10.594875045193872,0.4273648345901504,5,own
45-2021,8,0.07295193891941487,partial:OEWS_May2021_lognormal;D,10.594875045193872,0.4273648345901504,5,own
45-2021,9,0.04665905788071534,partial:OEWS_May2021_lognormal;D,10.594875045193872,0.4273648345901504,5,own
45-2021,10,0.017021415078606994,partial:OEWS_May2021_lognormal;D,10.594875045193872,0.4273648345901504,5,own
45-2041,1,0.0423379837246286,partial:OEWS_May2021_lognormal;D,10.297143739424154,0.16115499496042007,5,own
45-2041,2,0.39947370680209937,partial:OEWS_May2021_lognormal;D,10.297143739424154,0.16115499496042007,5,own
45-2041,3,0.39742525518922156,partial:OEWS_May2021_lognormal;D,10.297143739424154,0.16115499496042007,5,own
45-2041,4,0.13596626746540252,partial:OEWS_May2021_lognormal;D,10.297143739424154,0.16115499496042007,5,own
45-2041,5,0.022757861824035053,partial:OEWS_May2021_lognormal;D,10.297143739424154,0.16115499496042007,5,own
45-2041,6,0.001960730645066633,partial:OEWS_May2021_lognormal;D,10.297143739424154,0.16115499496042007,5,own
45-2041,7,0.00007719138064288256,partial:OEWS_May2021_lognormal;D,10.297143739424154,0.16115499496042007,5,own
45-2041,8,1.001044100723547e-6,partial:OEWS_May2021_lognormal;D,10.297143739424154,0.16115499496042007,5,own
45-2041,9,1.924762016436432e-9,partial:OEWS_May2021_lognormal;D,10.297143739424154,0.16115499496042007,5,own
45-2041,10,4.063416270128073e-14,partial:OEWS_May2021_lognormal;D,10.297143739424154,0.16115499496042007,5,own
45-2091,1,0.032519908807061404,partial:OEWS_May2021_lognormal;D,10.462988846105707,0.24049243649172805,5,own
45-2091,2,0.1829177981351054,partial:OEWS_May2021_lognormal;D,10.462988846105707,0.24049243649172805,5,own
45-2091,3,0.2744644779829354,partial:OEWS_May2021_lognormal;D,10.462988846105707,0.24049243649172805,5,own
45-2091,4,0.24447698299024534,partial:OEWS_May2021_lognormal;D,10.462988846105707,0.24049243649172805,5,own
45-2091,5,0.1572025725602164,partial:OEWS_May2021_lognormal;D,10.462988846105707,0.24049243649172805,5,own
45-2091,6,0.07581619177375198,partial:OEWS_May2021_lognormal;D,10.462988846105707,0.24049243649172805,5,own
45-2091,7,0.02630921189679125,partial:OEWS_May2021_lognormal;D,10.462988846105707,0.24049243649172805,5,own
45-2091,8,0.005731185641238534,partial:OEWS_May2021_lognormal;D,10.462988846105707,0.24049243649172805,5,own
45-2091,9,0.0005536883337285969,partial:OEWS_May2021_lognormal;D,10.462988846105707,0.24049243649172805,5,own
45-2091,10,7.981878925700236e-6,partial:OEWS_May2021_lognormal;D,10.462988846105707,0.24049243649172805,5,own
45-2092,1,0.0004468563971776751,partial:OEWS_May2021_lognormal;D,10.340417616606008,0.09666842795476928,5,own
45-2092,2,0.24412318955376333,partial:OEWS_May2021_lognormal;D,10.340417616606008,0.09666842795476928,5,own
45-2092,3,0.6413241236381325,partial:OEWS_May2021_lognormal;D,10.340417616606008,0.09666842795476928,5,own
45-2092,4,0.11174622670492906,partial:OEWS_May2021_lognormal;D,10.340417616606008,0.09666842795476928,5,own
45-2092,5,0.002352491139782531,partial:OEWS_May2021_lognormal;D,10.340417616606008,0.09666842795476928,5,own
45-2092,6,7.110182796532527e-6,partial:OEWS_May2021_lognormal;D,10.340417616606008,0.09666842795476928,5,own
45-2092,7,2.383379937853647e-9,partial:OEWS_May2021_lognormal;D,10.340417616606008,0.09666842795476928,5,own
45-2092,8,3.8413716652030416e-14,partial:OEWS_May2021_lognormal;D,10.340417616606008,0.09666842795476928,5,own
45-2092,9,0.0,partial:OEWS_May2021_lognormal;D,10.340417616606008,0.09666842795476928,5,own
45-2092,10,0.0,partial:OEWS_May2021_lognormal;D,10.340417616606008,0.09666842795476928,5,own
45-2093,1,0.13002000005744302,partial:OEWS_May2021_lognormal;D,10.34134544919578,0.2859472213769148,5,own
45-2093,2,0.27627897902532994,partial:OEWS_May2021_lognormal;D,10.34134544919578,0.2859472213769148,5,own
45-2093,3,0.2506369030150076,partial:OEWS_May2021_lognormal;D,10.34134544919578,0.2859472213769148,5,own
45-2093,4,0.17251276764636236,partial:OEWS_May2021_lognormal;D,10.34134544919578,0.2859472213769148,5,own
45-2093,5,0.09896437856179063,partial:OEWS_May2021_lognormal;D,10.34134544919578,0.2859472213769148,5,own
45-2093,6,0.047518513099305215,partial:OEWS_May2021_lognormal;D,10.34134544919578,0.2859472213769148,5,own
45-2093,7,0.018267582812202532,partial:OEWS_May2021_lognormal;D,10.34134544919578,0.2859472213769148,5,own
45-2093,8,0.0050260531858953295,partial:OEWS_May2021_lognormal;D,10.34134544919578,0.2859472213769148,5,own
45-2093,9,0.0007496956491074291,partial:OEWS_May2021_lognormal;D,10.34134544919578,0.2859472213769148,5,own
45-2093,10,0.000025126947555964563,partial:OEWS_May2021_lognormal;D,10.34134544919578,0.2859472213769148,5,own
45-2099,1,0.11239740450286295,partial:OEWS_May2021_lognormal;D,10.472045671780029,0.3729881303485988,5,own
45-2099,2,0.18490829778833384,partial:OEWS_May2021_lognormal;D,10.472045671780029,0.3729881303485988,5,own
45-2099,3,0.18650022084571516,partial:OEWS_May2021_lognormal;D,10.472045671780029,0.3729881303485988,5,own
45-2099,4,0.16400523174994852,partial:OEWS_May2021_lognormal;D,10.472045671780029,0.3729881303485988,5,own
45-2099,5,0.13213211570530248,partial:OEWS_May2021_lognormal;D,10.472045671780029,0.3729881303485988,5,own
45-2099,6,0.09796333076355901,partial:OEWS_May2021_lognormal;D,10.472045671780029,0.3729881303485988,5,own
45-2099,7,0.06556556689675608,partial:OEWS_May2021_lognormal;D,10.472045671780029,0.3729881303485988,5,own
45-2099,8,0.037588657556446026,partial:OEWS_May2021_lognormal;D,10.472045671780029,0.3729881303485988,5,own
45-2099,9,0.016030296472703376,partial:OEWS_May2021_lognormal;D,10.472045671780029,0.3729881303485988,5,own
45-2099,10,0.00290887771837256,partial:OEWS_May2021_lognormal;D,10.472045671780029,0.3729881303485988,5,own
45-4011,1,0.03685423636018792,partial:OEWS_May2021_lognormal;D,10.410710853030002,0.2188675239173853,5,own
45-4011,2,0.22858524378967215,partial:OEWS_May2021_lognormal;D,10.410710853030002,0.2188675239173853,5,own
45-4011,3,0.3181330678874197,partial:OEWS_May2021_lognormal;D,10.410710853030002,0.2188675239173853,5,own
45-4011,4,0.23942021427729043,partial:OEWS_May2021_lognormal;D,10.410710853030002,0.2188675239173853,5,own
45-4011,5,0.12174738356066461,partial:OEWS_May2021_lognormal;D,10.410710853030002,0.2188675239173853,5,own
45-4011,6,0.043500214268234694,partial:OEWS_May2021_lognormal;D,10.410710853030002,0.2188675239173853,5,own
45-4011,7,0.010321601654044943,partial:OEWS_May2021_lognormal;D,10.410710853030002,0.2188675239173853,5,own
45-4011,8,0.0013708749110811214,partial:OEWS_May2021_lognormal;D,10.410710853030002,0.2188675239173853,5,own
45-4011,9,0.00006684560297953723,partial:OEWS_May2021_lognormal;D,10.410710853030002,0.2188675239173853,5,own
45-4011,10,3.1768842490009774e-7,partial:OEWS_May2021_lognormal;D,10.410710853030002,0.2188675239173853,5,own
45-4021,1,0.04060312216946821,partial:OEWS_May2021_lognormal;D,10.794847682803066,0.44477285720764737,5,own
45-4021,2,0.07998655020744716,partial:OEWS_May2021_lognormal;D,10.794847682803066,0.44477285720764737,5,own
45-4021,3,0.10309182988180315,partial:OEWS_May2021_lognormal;D,10.794847682803066,0.44477285720764737,5,own
45-4021,4,0.1181068961094825,partial:OEWS_May2021_lognormal;D,10.794847682803066,0.44477285720764737,5,own
45-4021,5,0.12698051273409655,partial:OEWS_May2021_lognormal;D,10.794847682803066,0.44477285720764737,5,own
45-4021,6,0.1302689185935093,partial:OEWS_May2021_lognormal;D,10.794847682803066,0.44477285720764737,5,own
45-4021,7,0.12773739643547788,partial:OEWS_May2021_lognormal;D,10.794847682803066,0.44477285720764737,5,own
45-4021,8,0.11824677990820898,partial:OEWS_May2021_lognormal;D,10.794847682803066,0.44477285720764737,5,own
45-4021,9,0.09872166177676323,partial:OEWS_May2021_lognormal;D,10.794847682803066,0.44477285720764737,5,own
45-4021,10,0.05625633218374304,partial:OEWS_May2021_lognormal;D,10.794847682803066,0.44477285720764737,5,own
45-4022,1,0.010458536317610956,partial:OEWS_May2021_lognormal;D,10.66327864507117,0.2788485468508835,5,own
45-4022,2,0.0706550325331134,partial:OEWS_May2021_lognormal;D,10.66327864507117,0.2788485468508835,5,own
45-4022,3,0.14850407092054602,partial:OEWS_May2021_lognormal;D,10.66327864507117,0.2788485468508835,5,own
45-4022,4,0.19963172500806736,partial:OEWS_May2021_lognormal;D,10.66327864507117,0.2788485468508835,5,own
45-4022,5,0.20639304532314562,partial:OEWS_May2021_lognormal;D,10.66327864507117,0.2788485468508835,5,own
45-4022,6,0.17274134883886028,partial:OEWS_May2021_lognormal;D,10.66327864507117,0.2788485468508835,5,own
45-4022,7,0.11579827540835619,partial:OEWS_May2021_lognormal;D,10.66327864507117,0.2788485468508835,5,own
45-4022,8,0.057566950551869445,partial:OEWS_May2021_lognormal;D,10.66327864507117,0.2788485468508835,5,own
45-4022,9,0.01691500389467726,partial:OEWS_May2021_lognormal;D,10.66327864507117,0.2788485468508835,5,own
45-4022,10,0.0013360112037534844,partial:OEWS_May2021_lognormal;D,10.66327864507117,0.2788485468508835,5,own
45-4023,1,0.021829515582061976,partial:OEWS_May2021_lognormal;D,10.59074282482052,0.28327203399264883,5,own
45-4023,2,0.10958463381255912,partial:OEWS_May2021_lognormal;D,10.59074282482052,0.28327203399264883,5,own
45-4023,3,0.1868760996747602,partial:OEWS_May2021_lognormal;D,10.59074282482052,0.28327203399264883,5,own
45-4023,4,0.21381487838564806,partial:OEWS_May2021_lognormal;D,10.59074282482052,0.28327203399264883,5,own
45-4023,5,0.19280247692849073,partial:OEWS_May2021_lognormal;D,10.59074282482052,0.28327203399264883,5,own
45-4023,6,0.1425393996831401,partial:OEWS_May2021_lognormal;D,10.59074282482052,0.28327203399264883,5,own
45-4023,7,0.08484068483972251,partial:OEWS_May2021_lognormal;D,10.59074282482052,0.28327203399264883,5,own
45-4023,8,0.037397571564605436,partial:OEWS_May2021_lognormal;D,10.59074282482052,0.28327203399264883,5,own
45-4023,9,0.009656392679981973,partial:OEWS_May2021_lognormal;D,10.59074282482052,0.28327203399264883,5,own
45-4023,10,0.0006583468490298783,partial:OEWS_May2021_lognormal;D,10.59074282482052,0.28327203399264883,5,own
45-4029,1,0.013809438683422603,partial:OEWS_May2021_lognormal;D,10.673893430333322,0.2971906778141367,5,own
45-4029,2,0.0751680452186948,partial:OEWS_May2021_lognormal;D,10.673893430333322,0.2971906778141367,5,own
45-4029,3,0.14367312643855418,partial:OEWS_May2021_lognormal;D,10.673893430333322,0.2971906778141367,5,own
45-4029,4,0.18691724358704975,partial:OEWS_May2021_lognormal;D,10.673893430333322,0.2971906778141367,5,own
45-4029,5,0.19441383589497085,partial:OEWS_May2021_lognormal;D,10.673893430333322,0.2971906778141367,5,own
45-4029,6,0.16903530469439687,partial:OEWS_May2021_lognormal;D,10.673893430333322,0.2971906778141367,5,own
45-4029,7,0.12181223809544028,partial:OEWS_May2021_lognormal;D,10.673893430333322,0.2971906778141367,5,own
45-4029,8,0.0681499269216389,partial:OEWS_May2021_lognormal;D,10.673893430333322,0.2971906778141367,5,own
45-4029,9,0.02432026816860855,partial:OEWS_May2021_lognormal;D,10.673893430333322,0.2971906778141367,5,own
45-4029,10,0.0027005722972232027,partial:OEWS_May2021_lognormal;D,10.673893430333322,0.2971906778141367,5,own
47-1011,1,0.0001746254218386034,partial:OEWS_May2021_lognormal;D,11.187965630632025,0.3268371178754116,5,own
47-1011,2,0.0023983023605221865,partial:OEWS_May2021_lognormal;D,11.187965630632025,0.3268371178754116,5,own
47-1011,3,0.01007724102486307,partial:OEWS_May2021_lognormal;D,11.187965630632025,0.3268371178754116,5,own
47-1011,4,0.026769941706981104,partial:OEWS_May2021_lognormal;D,11.187965630632025,0.3268371178754116,5,own
47-1011,5,0.05577312533622586,partial:OEWS_May2021_lognormal;D,11.187965630632025,0.3268371178754116,5,own
47-1011,6,0.09931069960908262,partial:OEWS_May2021_lognormal;D,11.187965630632025,0.3268371178754116,5,own
47-1011,7,0.15669430110759258,partial:OEWS_May2021_lognormal;D,11.187965630632025,0.3268371178754116,5,own
47-1011,8,0.21978785391232392,partial:OEWS_May2021_lognormal;D,11.187965630632025,0.3268371178754116,5,own
47-1011,9,0.2596943094720042,partial:OEWS_May2021_lognormal;D,11.187965630632025,0.3268371178754116,5,own
47-1011,10,0.16931960004856583,partial:OEWS_May2021_lognormal;D,11.187965630632025,0.3268371178754116,5,own
47-2011,1,0.00009708083874226947,partial:OEWS_May2021_lognormal;D,11.109149924627683,0.29246413671408933,5,own
47-2011,2,0.002040658426947839,partial:OEWS_May2021_lognormal;D,11.109149924627683,0.29246413671408933,5,own
47-2011,3,0.010729863585307364,partial:OEWS_May2021_lognormal;D,11.109149924627683,0.29246413671408933,5,own
47-2011,4,0.03221577903122208,partial:OEWS_May2021_lognormal;D,11.109149924627683,0.29246413671408933,5,own
47-2011,5,0.07118594823337471,partial:OEWS_May2021_lognormal;D,11.109149924627683,0.29246413671408933,5,own
47-2011,6,0.1278317824854916,partial:OEWS_May2021_lognormal;D,11.109149924627683,0.29246413671408933,5,own
47-2011,7,0.19332218236157256,partial:OEWS_May2021_lognormal;D,11.109149924627683,0.29246413671408933,5,own
47-2011,8,0.24318406580694663,partial:OEWS_May2021_lognormal;D,11.109149924627683,0.29246413671408933,5,own
47-2011,9,0.229075443918914,partial:OEWS_May2021_lognormal;D,11.109149924627683,0.29246413671408933,5,own
47-2011,10,0.09031719531148097,partial:OEWS_May2021_lognormal;D,11.109149924627683,0.29246413671408933,5,own
47-2021,1,0.004060874928714042,partial:OEWS_May2021_lognormal;D,10.99838931460356,0.36989716367086606,5,own
47-2021,2,0.020962847174911314,partial:OEWS_May2021_lognormal;D,10.99838931460356,0.36989716367086606,5,own
47-2021,3,0.04658843739824914,partial:OEWS_May2021_lognormal;D,10.99838931460356,0.36989716367086606,5,own
47-2021,4,0.07747473088759194,partial:OEWS_May2021_lognormal;D,10.99838931460356,0.36989716367086606,5,own
47-2021,5,0.11054095169426503,partial:OEWS_May2021_lognormal;D,10.99838931460356,0.36989716367086606,5,own
47-2021,6,0.142196154244066,partial:OEWS_May2021_lognormal;D,10.99838931460356,0.36989716367086606,5,own
47-2021,7,0.16759788545993187,partial:OEWS_May2021_lognormal;D,10.99838931460356,0.36989716367086606,5,own
47-2021,8,0.17933147893584034,partial:OEWS_May2021_lognormal;D,10.99838931460356,0.36989716367086606,5,own
47-2021,9,0.1640115826529709,partial:OEWS_May2021_lognormal;D,10.99838931460356,0.36989716367086606,5,own
47-2021,10,0.08723505662345943,partial:OEWS_May2021_lognormal;D,10.99838931460356,0.36989716367086606,5,own
47-2022,1,0.017006690751929454,partial:OEWS_May2021_lognormal;D,10.770988842591496,0.35459227259185677,5,own
47-2022,2,0.06332628280554464,partial:OEWS_May2021_lognormal;D,10.770988842591496,0.35459227259185677,5,own
47-2022,3,0.10753725964132438,partial:OEWS_May2021_lognormal;D,10.770988842591496,0.35459227259185677,5,own
47-2022,4,0.14066543956456856,partial:OEWS_May2021_lognormal;D,10.770988842591496,0.35459227259185677,5,own
47-2022,5,0.15909531448395026,partial:OEWS_May2021_lognormal;D,10.770988842591496,0.35459227259185677,5,own
47-2022,6,0.16111654027847216,partial:OEWS_May2021_lognormal;D,10.770988842591496,0.35459227259185677,5,own
47-2022,7,0.14621248686607713,partial:OEWS_May2021_lognormal;D,10.770988842591496,0.35459227259185677,5,own
47-2022,8,0.11504994466615792,partial:OEWS_May2021_lognormal;D,10.770988842591496,0.35459227259185677,5,own
47-2022,9,0.070189888138254,partial:OEWS_May2021_lognormal;D,10.770988842591496,0.35459227259185677,5,own
47-2022,10,0.019800152803721494,partial:OEWS_May2021_lognormal;D,10.770988842591496,0.35459227259185677,5,own
47-2031,1,0.014709423007149502,partial:OEWS_May2021_lognormal;D,10.80835205780402,0.36231878588295086,5,own
47-2031,2,0.05525687102674798,partial:OEWS_May2021_lognormal;D,10.80835205780402,0.36231878588295086,5,own
47-2031,3,0.0960556751297546,partial:OEWS_May2021_lognormal;D,10.80835205780402,0.36231878588295086,5,own
47-2031,4,0.12939940593244625,partial:OEWS_May2021_lognormal;D,10.80835205780402,0.36231878588295086,5,own
47-2031,5,0.15148919522262383,partial:OEWS_May2021_lognormal;D,10.80835205780402,0.36231878588295086,5,own
47-2031,6,0.15976846165074687,partial:OEWS_May2021_lognormal;D,10.80835205780402,0.36231878588295086,5,own
47-2031,7,0.1523129534057026,partial:OEWS_May2021_lognormal;D,10.80835205780402,0.36231878588295086,5,own
47-2031,8,0.12769593911896981,partial:OEWS_May2021_lognormal;D,10.80835205780402,0.36231878588295086,5,own
47-2031,9,0.08530249737565754,partial:OEWS_May2021_lognormal;D,10.80835205780402,0.36231878588295086,5,own
47-2031,10,0.028009578130200996,partial:OEWS_May2021_lognormal;D,10.80835205780402,0.36231878588295086,5,own
47-2041,1,0.024690721881706956,partial:OEWS_May2021_lognormal;D,10.752781322404823,0.37322721364026323,5,own
47-2041,2,0.07487870549595615,partial:OEWS_May2021_lognormal;D,10.752781322404823,0.37322721364026323,5,own
47-2041,3,0.11438882974513548,partial:OEWS_May2021_lognormal;D,10.752781322404823,0.37322721364026323,5,own
47-2041,4,0.14061238330973863,partial:OEWS_May2021_lognormal;D,10.752781322404823,0.37322721364026323,5,own
47-2041,5,0.15313756310882437,partial:OEWS_May2021_lognormal;D,10.752781322404823,0.37322721364026323,5,own
47-2041,6,0.1519957248251863,partial:OEWS_May2021_lognormal;D,10.752781322404823,0.37322721364026323,5,own
47-2041,7,0.1374243630414499,partial:OEWS_May2021_lognormal;D,10.752781322404823,0.37322721364026323,5,own
47-2041,8,0.10989655273718091,partial:OEWS_May2021_lognormal;D,10.752781322404823,0.37322721364026323,5,own
47-2041,9,0.07043632388324417,partial:OEWS_May2021_lognormal;D,10.752781322404823,0.37322721364026323,5,own
47-2041,10,0.022538831971577133,partial:OEWS_May2021_lognormal;D,10.752781322404823,0.37322721364026323,5,own
47-2042,1,0.02550931909766191,partial:OEWS_May2021_lognormal;D,10.807719763298099,0.40405186974313334,5,own
47-2042,2,0.06757108124976768,partial:OEWS_May2021_lognormal;D,10.807719763298099,0.40405186974313334,5,own
47-2042,3,0.09954783670546813,partial:OEWS_May2021_lognormal;D,10.807719763298099,0.40405186974313334,5,own
47-2042,4,0.12279992015479269,partial:OEWS_May2021_lognormal;D,10.807719763298099,0.40405186974313334,5,own
47-2042,5,0.13755809387101825,partial:OEWS_May2021_lognormal;D,10.807719763298099,0.40405186974313334,5,own
47-2042,6,0.14350743680699335,partial:OEWS_May2021_lognormal;D,10.807719763298099,0.40405186974313334,5,own
47-2042,7,0.13981668424829874,partial:OEWS_May2021_lognormal;D,10.807719763298099,0.40405186974313334,5,own
47-2042,8,0.12490187659743446,partial:OEWS_May2021_lognormal;D,10.807719763298099,0.40405186974313334,5,own
47-2042,9,0.09562272602642019,partial:OEWS_May2021_lognormal;D,10.807719763298099,0.40405186974313334,5,own
47-2042,10,0.043165025242144606,partial:OEWS_May2021_lognormal;D,10.807719763298099,0.40405186974313334,5,own
47-2043,1,0.03957576470939905,partial:OEWS_May2021_lognormal;D,10.604851033392123,0.3335365736804115,5,own
47-2043,2,0.12070986185333143,partial:OEWS_May2021_lognormal;D,10.604851033392123,0.3335365736804115,5,own
47-2043,3,0.1683876149975837,partial:OEWS_May2021_lognormal;D,10.604851033392123,0.3335365736804115,5,own
47-2043,4,0.18174710697542973,partial:OEWS_May2021_lognormal;D,10.604851033392123,0.3335365736804115,5,own
47-2043,5,0.16866499816402047,partial:OEWS_May2021_lognormal;D,10.604851033392123,0.3335365736804115,5,own
47-2043,6,0.13796000201487413,partial:OEWS_May2021_lognormal;D,10.604851033392123,0.3335365736804115,5,own
47-2043,7,0.09821285246516331,partial:OEWS_May2021_lognormal;D,10.604851033392123,0.3335365736804115,5,own
47-2043,8,0.05753754355381191,partial:OEWS_May2021_lognormal;D,10.604851033392123,0.3335365736804115,5,own
47-2043,9,0.023587688979766153,partial:OEWS_May2021_lognormal;D,10.604851033392123,0.3335365736804115,5,own
47-2043,10,0.0036165662866201043,partial:OEWS_May2021_lognormal;D,10.604851033392123,0.3335365736804115,5,own
47-2044,1,0.019756191406107126,partial:OEWS_May2021_lognormal;D,10.781943583755062,0.37043694238578523,5,own
47-2044,2,0.06521259015891562,partial:OEWS_May2021_lognormal;D,10.781943583755062,0.37043694238578523,5,own
47-2044,3,0.10515036552578855,partial:OEWS_May2021_lognormal;D,10.781943583755062,0.37043694238578523,5,own
47-2044,4,0.13459979531286143,partial:OEWS_May2021_lognormal;D,10.781943583755062,0.37043694238578523,5,own
47-2044,5,0.1516553179161811,partial:OEWS_May2021_lognormal;D,10.781943583755062,0.37043694238578523,5,own
47-2044,6,0.1552023788615225,partial:OEWS_May2021_lognormal;D,10.781943583755062,0.37043694238578523,5,own
47-2044,7,0.1444809616259909,partial:OEWS_May2021_lognormal;D,10.781943583755062,0.37043694238578523,5,own
47-2044,8,0.11900199423254998,partial:OEWS_May2021_lognormal;D,10.781943583755062,0.37043694238578523,5,own
47-2044,9,0.07876874907714015,partial:OEWS_May2021_lognormal;D,10.781943583755062,0.37043694238578523,5,own
47-2044,10,0.02617165588294268,partial:OEWS_May2021_lognormal;D,10.781943583755062,0.37043694238578523,5,own
47-2051,1,0.01311084436101062,partial:OEWS_May2021_lognormal;D,10.781650069849551,0.34295814178009154,5,own
47-2051,2,0.05612456307795416,partial:OEWS_May2021_lognormal;D,10.781650069849551,0.34295814178009154,5,own
47-2051,3,0.10260795612265189,partial:OEWS_May2021_lognormal;D,10.781650069849551,0.34295814178009154,5,own
47-2051,4,0.14018582772994292,partial:OEWS_May2021_lognormal;D,10.781650069849551,0.34295814178009154,5,own
47-2051,5,0.16279533132093266,partial:OEWS_May2021_lognormal;D,10.781650069849551,0.34295814178009154,5,own
47-2051,6,0.16717616785525552,partial:OEWS_May2021_lognormal;D,10.781650069849551,0.34295814178009154,5,own
47-2051,7,0.1520653397667544,partial:OEWS_May2021_lognormal;D,10.781650069849551,0.34295814178009154,5,own
47-2051,8,0.11825937882108062,partial:OEWS_May2021_lognormal;D,10.781650069849551,0.34295814178009154,5,own
47-2051,9,0.06966087383845121,partial:OEWS_May2021_lognormal;D,10.781650069849551,0.34295814178009154,5,own
47-2051,10,0.018013717105966,partial:OEWS_May2021_lognormal;D,10.781650069849551,0.34295814178009154,5,own
47-2053,1,0.011717480797595603,partial:OEWS_May2021_lognormal;D,10.902469038780307,0.38970892088864395,5,own
47-2053,2,0.0415672278622406,partial:OEWS_May2021_lognormal;D,10.902469038780307,0.38970892088864395,5,own
47-2053,3,0.07316494352854219,partial:OEWS_May2021_lognormal;D,10.902469038780307,0.38970892088864395,5,own
47-2053,4,0.10279536774707049,partial:OEWS_May2021_lognormal;D,10.902469038780307,0.38970892088864395,5,own
47-2053,5,0.12808835818125874,partial:OEWS_May2021_lognormal;D,10.902469038780307,0.38970892088864395,5,own
47-2053,6,0.14671343441103935,partial:OEWS_May2021_lognormal;D,10.902469038780307,0.38970892088864395,5,own
47-2053,7,0.15583627137001033,partial:OEWS_May2021_lognormal;D,10.902469038780307,0.38970892088864395,5,own
47-2053,8,0.15139474590837232,partial:OEWS_May2021_lognormal;D,10.902469038780307,0.38970892088864395,5,own
47-2053,9,0.12633969007415813,partial:OEWS_May2021_lognormal;D,10.902469038780307,0.38970892088864395,5,own
47-2053,10,0.06238248011971226,partial:OEWS_May2021_lognormal;D,10.902469038780307,0.38970892088864395,5,own
47-2061,1,0.0412663534076283,partial:OEWS_May2021_lognormal;D,10.616634856808002,0.3440611802291003,5,own
47-2061,2,0.11807951510297032,partial:OEWS_May2021_lognormal;D,10.616634856808002,0.3440611802291003,5,own
47-2061,3,0.16188483523315278,partial:OEWS_May2021_lognormal;D,10.616634856808002,0.3440611802291003,5,own
47-2061,4,0.17520863162182576,partial:OEWS_May2021_lognormal;D,10.616634856808002,0.3440611802291003,5,own
47-2061,5,0.16509894610590292,partial:OEWS_May2021_lognormal;D,10.616634856808002,0.3440611802291003,5,own
47-2061,6,0.13863922454423694,partial:OEWS_May2021_lognormal;D,10.616634856808002,0.3440611802291003,5,own
47-2061,7,0.10260839085658136,partial:OEWS_May2021_lognormal;D,10.616634856808002,0.3440611802291003,5,own
47-2061,8,0.06362500537252402,partial:OEWS_May2021_lognormal;D,10.616634856808002,0.3440611802291003,5,own
47-2061,9,0.028496918253733572,partial:OEWS_May2021_lognormal;D,10.616634856808002,0.3440611802291003,5,own
47-2061,10,0.005092179501444027,partial:OEWS_May2021_lognormal;D,10.616634856808002,0.3440611802291003,5,own
47-2071,1,0.01889164774301927,partial:OEWS_May2021_lognormal;D,10.773454149596159,0.3630708815622594,5,own
47-2071,2,0.06538522478574033,partial:OEWS_May2021_lognormal;D,10.773454149596159,0.3630708815622594,5,own
47-2071,3,0.10736085402833478,partial:OEWS_May2021_lognormal;D,10.773454149596159,0.3630708815622594,5,own
47-2071,4,0.13819221500371354,partial:OEWS_May2021_lognormal;D,10.773454149596159,0.3630708815622594,5,own
47-2071,5,0.15538246546015289,partial:OEWS_May2021_lognormal;D,10.773454149596159,0.3630708815622594,5,own
47-2071,6,0.1576915407472954,partial:OEWS_May2021_lognormal;D,10.773454149596159,0.3630708815622594,5,own
47-2071,7,0.14458131687321407,partial:OEWS_May2021_lognormal;D,10.773454149596159,0.3630708815622594,5,own
47-2071,8,0.11617866343999639,partial:OEWS_May2021_lognormal;D,10.773454149596159,0.3630708815622594,5,own
47-2071,9,0.07374994680061464,partial:OEWS_May2021_lognormal;D,10.773454149596159,0.3630708815622594,5,own
47-2071,10,0.022586125117918687,partial:OEWS_May2021_lognormal;D,10.773454149596159,0.3630708815622594,5,own
47-2072,1,0.005533403492975597,partial:OEWS_May2021_lognormal;D,11.140886791640572,0.4414746803172076,5,own
47-2072,2,0.01919538198199755,partial:OEWS_May2021_lognormal;D,11.140886791640572,0.4414746803172076,5,own
47-2072,3,0.03592355070596204,partial:OEWS_May2021_lognormal;D,11.140886791640572,0.4414746803172076,5,own
47-2072,4,0.055497161247239746,partial:OEWS_May2021_lognormal;D,11.140886791640572,0.4414746803172076,5,own
47-2072,5,0.07798087443324164,partial:OEWS_May2021_lognormal;D,11.140886791640572,0.4414746803172076,5,own
47-2072,6,0.1035464643350466,partial:OEWS_May2021_lognormal;D,11.140886791640572,0.4414746803172076,5,own
47-2072,7,0.13237938902025698,partial:OEWS_May2021_lognormal;D,11.140886791640572,0.4414746803172076,5,own
47-2072,8,0.16441972184407527,partial:OEWS_May2021_lognormal;D,11.140886791640572,0.4414746803172076,5,own
47-2072,9,0.1979966576982688,partial:OEWS_May2021_lognormal;D,11.140886791640572,0.4414746803172076,5,own
47-2072,10,0.20752739524093577,partial:OEWS_May2021_lognormal;D,11.140886791640572,0.4414746803172076,5,own
47-2073,1,0.0075310260773300275,partial:OEWS_May2021_lognormal;D,10.849004194196455,0.3413244971396292,5,own
47-2073,2,0.03837341440282571,partial:OEWS_May2021_lognormal;D,10.849004194196455,0.3413244971396292,5,own
47-2073,3,0.07942105300804791,partial:OEWS_May2021_lognormal;D,10.849004194196455,0.3413244971396292,5,own
47-2073,4,0.11983948781815673,partial:OEWS_May2021_lognormal;D,10.849004194196455,0.3413244971396292,5,own
47-2073,5,0.15196556819263013,partial:OEWS_May2021_lognormal;D,10.849004194196455,0.3413244971396292,5,own
47-2073,6,0.16966487244209916,partial:OEWS_May2021_lognormal;D,10.849004194196455,0.3413244971396292,5,own
47-2073,7,0.16794275204325126,partial:OEWS_May2021_lognormal;D,10.849004194196455,0.3413244971396292,5,own
47-2073,8,0.14312463684782784,partial:OEWS_May2021_lognormal;D,10.849004194196455,0.3413244971396292,5,own
47-2073,9,0.09402683114812438,partial:OEWS_May2021_lognormal;D,10.849004194196455,0.3413244971396292,5,own
47-2073,10,0.02811035801970685,partial:OEWS_May2021_lognormal;D,10.849004194196455,0.3413244971396292,5,own
47-2081,1,0.029076395504548602,partial:OEWS_May2021_lognormal;D,10.830359094346566,0.42811086371907187,5,own
47-2081,2,0.06761977517866952,partial:OEWS_May2021_lognormal;D,10.830359094346566,0.42811086371907187,5,own
47-2081,3,0.09481536411933467,partial:OEWS_May2021_lognormal;D,10.830359094346566,0.42811086371907187,5,own
47-2081,4,0.11477658829584292,partial:OEWS_May2021_lognormal;D,10.830359094346566,0.42811086371907187,5,own
47-2081,5,0.12843421290281393,partial:OEWS_May2021_lognormal;D,10.830359094346566,0.42811086371907187,5,own
47-2081,6,0.13578723791510144,partial:OEWS_May2021_lognormal;D,10.830359094346566,0.42811086371907187,5,own
47-2081,7,0.1361361441852319,partial:OEWS_May2021_lognormal;D,10.830359094346566,0.42811086371907187,5,own
47-2081,8,0.12779943763157253,partial:OEWS_May2021_lognormal;D,10.830359094346566,0.42811086371907187,5,own
47-2081,9,0.10685905854592737,partial:OEWS_May2021_lognormal;D,10.830359094346566,0.42811086371907187,5,own
47-2081,10,0.05869578572095713,partial:OEWS_May2021_lognormal;D,10.830359094346566,0.42811086371907187,5,own
47-2082,1,0.00369919357501719,partial:OEWS_May2021_lognormal;D,11.027456696702249,0.3764142982673836,5,own
47-2082,2,0.01889735274739529,partial:OEWS_May2021_lognormal;D,11.027456696702249,0.3764142982673836,5,own
47-2082,3,0.04219281305548517,partial:OEWS_May2021_lognormal;D,11.027456696702249,0.3764142982673836,5,own
47-2082,4,0.07097106771247436,partial:OEWS_May2021_lognormal;D,11.027456696702249,0.3764142982673836,5,own
47-2082,5,0.10291916612139579,partial:OEWS_May2021_lognormal;D,11.027456696702249,0.3764142982673836,5,own
47-2082,6,0.13521880899359695,partial:OEWS_May2021_lognormal;D,11.027456696702249,0.3764142982673836,5,own
47-2082,7,0.16380618078712572,partial:OEWS_May2021_lognormal;D,11.027456696702249,0.3764142982673836,5,own
47-2082,8,0.18192451718829794,partial:OEWS_May2021_lognormal;D,11.027456696702249,0.3764142982673836,5,own
47-2082,9,0.17603866279611036,partial:OEWS_May2021_lognormal;D,11.027456696702249,0.3764142982673836,5,own
47-2082,10,0.10433223702310124,partial:OEWS_May2021_lognormal;D,11.027456696702249,0.3764142982673836,5,own
47-2111,1,0.004925390910662186,partial:OEWS_May2021_lognormal;D,11.008954428922005,0.38344101978625306,5,own
47-2111,2,0.022636682701003108,partial:OEWS_May2021_lognormal;D,11.008954428922005,0.38344101978625306,5,own
47-2111,3,0.047409122505116696,partial:OEWS_May2021_lognormal;D,11.008954428922005,0.38344101978625306,5,own
47-2111,4,0.07626084092755414,partial:OEWS_May2021_lognormal;D,11.008954428922005,0.38344101978625306,5,own
47-2111,5,0.10684605718118673,partial:OEWS_May2021_lognormal;D,11.008954428922005,0.38344101978625306,5,own
47-2111,6,0.13650246234372504,partial:OEWS_May2021_lognormal;D,11.008954428922005,0.38344101978625306,5,own
47-2111,7,0.16155209468609005,partial:OEWS_May2021_lognormal;D,11.008954428922005,0.38344101978625306,5,own
47-2111,8,0.1760187223998012,partial:OEWS_May2021_lognormal;D,11.008954428922005,0.38344101978625306,5,own
47-2111,9,0.16800794823542942,partial:OEWS_May2021_lognormal;D,11.008954428922005,0.38344101978625306,5,own
47-2111,10,0.09984067810943142,partial:OEWS_May2021_lognormal;D,11.008954428922005,0.38344101978625306,5,own
47-2121,1,0.019107794484569895,partial:OEWS_May2021_lognormal;D,10.78157490480001,0.36780603883605634,5,own
47-2121,2,0.06449804659310343,partial:OEWS_May2021_lognormal;D,10.78157490480001,0.36780603883605634,5,own
47-2121,3,0.1050848754642289,partial:OEWS_May2021_lognormal;D,10.78157490480001,0.36780603883605634,5,own
47-2121,4,0.1352194941956178,partial:OEWS_May2021_lognormal;D,10.78157490480001,0.36780603883605634,5,own
47-2121,5,0.15269444479786354,partial:OEWS_May2021_lognormal;D,10.78157490480001,0.36780603883605634,5,own
47-2121,6,0.15625545279505149,partial:OEWS_May2021_lognormal;D,10.78157490480001,0.36780603883605634,5,own
47-2121,7,0.14511640621740773,partial:OEWS_May2021_lognormal;D,10.78157490480001,0.36780603883605634,5,own
47-2121,8,0.11888418392706601,partial:OEWS_May2021_lognormal;D,10.78157490480001,0.36780603883605634,5,own
47-2121,9,0.0778584278725648,partial:OEWS_May2021_lognormal;D,10.78157490480001,0.36780603883605634,5,own
47-2121,10,0.025280873652526403,partial:OEWS_May2021_lognormal;D,10.78157490480001,0.36780603883605634,5,own
47-2131,1,0.021699640138275855,partial:OEWS_May2021_lognormal;D,10.641977618965383,0.3082875138702223,5,own
47-2131,2,0.09433134951456956,partial:OEWS_May2021_lognormal;D,10.641977618965383,0.3082875138702223,5,own
47-2131,3,0.15810958494267102,partial:OEWS_May2021_lognormal;D,10.641977618965383,0.3082875138702223,5,own
47-2131,4,0.18914248507191278,partial:OEWS_May2021_lognormal;D,10.641977618965383,0.3082875138702223,5,own
47-2131,5,0.18578656459256015,partial:OEWS_May2021_lognormal;D,10.641977618965383,0.3082875138702223,5,own
47-2131,6,0.1554249876185254,partial:OEWS_May2021_lognormal;D,10.641977618965383,0.3082875138702223,5,own
47-2131,7,0.10952923492725586,partial:OEWS_May2021_lognormal;D,10.641977618965383,0.3082875138702223,5,own
47-2131,8,0.0610181952902753,partial:OEWS_May2021_lognormal;D,10.641977618965383,0.3082875138702223,5,own
47-2131,9,0.022285419958222308,partial:OEWS_May2021_lognormal;D,10.641977618965383,0.3082875138702223,5,own
47-2131,10,0.0026725379457317455,partial:OEWS_May2021_lognormal;D,10.641977618965383,0.3082875138702223,5,own
47-2132,1,0.010368729337456972,partial:OEWS_May2021_lognormal;D,10.859790860991476,0.3634261653278891,5,own
47-2132,2,0.042994503243162785,partial:OEWS_May2021_lognormal;D,10.859790860991476,0.3634261653278891,5,own
47-2132,3,0.08044074836932547,partial:OEWS_May2021_lognormal;D,10.859790860991476,0.3634261653278891,5,own
47-2132,4,0.11523547005555324,partial:OEWS_May2021_lognormal;D,10.859790860991476,0.3634261653278891,5,own
47-2132,5,0.14277136221059628,partial:OEWS_May2021_lognormal;D,10.859790860991476,0.3634261653278891,5,own
47-2132,6,0.1592375623476336,partial:OEWS_May2021_lognormal;D,10.859790860991476,0.3634261653278891,5,own
47-2132,7,0.16100142340857593,partial:OEWS_May2021_lognormal;D,10.859790860991476,0.3634261653278891,5,own
47-2132,8,0.14425821662890137,partial:OEWS_May2021_lognormal;D,10.859790860991476,0.3634261653278891,5,own
47-2132,9,0.10478603363936767,partial:OEWS_May2021_lognormal;D,10.859790860991476,0.3634261653278891,5,own
47-2132,10,0.03890595075942671,partial:OEWS_May2021_lognormal;D,10.859790860991476,0.3634261653278891,5,own
47-2141,1,0.015121906483797964,partial:OEWS_May2021_lognormal;D,10.718689685929156,0.32277043647994913,5,own
47-2141,2,0.06880876399977043,partial:OEWS_May2021_lognormal;D,10.718689685929156,0.32277043647994913,5,own
47-2141,3,0.12473269855322905,partial:OEWS_May2021_lognormal;D,10.718689685929156,0.32277043647994913,5,own
47-2141,4,0.16366303551416778,partial:OEWS_May2021_lognormal;D,10.718689685929156,0.32277043647994913,5,own
47-2141,5,0.1785853991093761,partial:OEWS_May2021_lognormal;D,10.718689685929156,0.32277043647994913,5,own
47-2141,6,0.16867981578048008,partial:OEWS_May2021_lognormal;D,10.718689685929156,0.32277043647994913,5,own
47-2141,7,0.1374221240593978,partial:OEWS_May2021_lognormal;D,10.718689685929156,0.32277043647994913,5,own
47-2141,8,0.09196582901389694,partial:OEWS_May2021_lognormal;D,10.718689685929156,0.32277043647994913,5,own
47-2141,9,0.04332000621167531,partial:OEWS_May2021_lognormal;D,10.718689685929156,0.32277043647994913,5,own
47-2141,10,0.007700421274208558,partial:OEWS_May2021_lognormal;D,10.718689685929156,0.32277043647994913,5,own
47-2142,1,0.01958111017539399,partial:OEWS_May2021_lognormal;D,10.769876687399073,0.3639275209645278,5,own
47-2142,2,0.06673498836510605,partial:OEWS_May2021_lognormal;D,10.769876687399073,0.3639275209645278,5,own
47-2142,3,0.1085799069640942,partial:OEWS_May2021_lognormal;D,10.769876687399073,0.3639275209645278,5,own
47-2142,4,0.13887785612271297,partial:OEWS_May2021_lognormal;D,10.769876687399073,0.3639275209645278,5,own
47-2142,5,0.15539296784353807,partial:OEWS_May2021_lognormal;D,10.769876687399073,0.3639275209645278,5,own
47-2142,6,0.15707726863278687,partial:OEWS_May2021_lognormal;D,10.769876687399073,0.3639275209645278,5,own
47-2142,7,0.14354177010540314,partial:OEWS_May2021_lognormal;D,10.769876687399073,0.3639275209645278,5,own
47-2142,8,0.11502797967241662,partial:OEWS_May2021_lognormal;D,10.769876687399073,0.3639275209645278,5,own
47-2142,9,0.07287312146030345,partial:OEWS_May2021_lognormal;D,10.769876687399073,0.3639275209645278,5,own
47-2142,10,0.022313030658244637,partial:OEWS_May2021_lognormal;D,10.769876687399073,0.3639275209645278,5,own
47-2151,1,0.019683794120553655,partial:OEWS_May2021_lognormal;D,10.756239938912788,0.3576893306240127,5,own
47-2151,2,0.06891163363180397,partial:OEWS_May2021_lognormal;D,10.756239938912788,0.3576893306240127,5,own
47-2151,3,0.11273779581492621,partial:OEWS_May2021_lognormal;D,10.756239938912788,0.3576893306240127,5,own
47-2151,4,0.1436567254135796,partial:OEWS_May2021_lognormal;D,10.756239938912788,0.3576893306240127,5,own
47-2151,5,0.1591960146385758,partial:OEWS_May2021_lognormal;D,10.756239938912788,0.3576893306240127,5,own
47-2151,6,0.15852310829522753,partial:OEWS_May2021_lognormal;D,10.756239938912788,0.3576893306240127,5,own
47-2151,7,0.14180445831419064,partial:OEWS_May2021_lognormal;D,10.756239938912788,0.3576893306240127,5,own
47-2151,8,0.11021178629143458,partial:OEWS_May2021_lognormal;D,10.756239938912788,0.3576893306240127,5,own
47-2151,9,0.06657189392661345,partial:OEWS_May2021_lognormal;D,10.756239938912788,0.3576893306240127,5,own
47-2151,10,0.018702789553094568,partial:OEWS_May2021_lognormal;D,10.756239938912788,0.3576893306240127,5,own
47-2152,1,0.005520404814633506,partial:OEWS_May2021_lognormal;D,11.006989815220104,0.38864562400790575,5,own
47-2152,2,0.024049160909143663,partial:OEWS_May2021_lognormal;D,11.006989815220104,0.38864562400790575,5,own
47-2152,3,0.048906127020922396,partial:OEWS_May2021_lognormal;D,11.006989815220104,0.38864562400790575,5,own
47-2152,4,0.07722170438580278,partial:OEWS_May2021_lognormal;D,11.006989815220104,0.38864562400790575,5,own
47-2152,5,0.10684338291582168,partial:OEWS_May2021_lognormal;D,11.006989815220104,0.38864562400790575,5,own
47-2152,6,0.1353678266096589,partial:OEWS_May2021_lognormal;D,11.006989815220104,0.38864562400790575,5,own
47-2152,7,0.15947370324256516,partial:OEWS_May2021_lognormal;D,11.006989815220104,0.38864562400790575,5,own
47-2152,8,0.17370137441148004,partial:OEWS_May2021_lognormal;D,11.006989815220104,0.38864562400790575,5,own
47-2152,9,0.166934667075334,partial:OEWS_May2021_lognormal;D,11.006989815220104,0.38864562400790575,5,own
47-2152,10,0.10198164861463788,partial:OEWS_May2021_lognormal;D,11.006989815220104,0.38864562400790575,5,own
47-2161,1,0.018731105355679734,partial:OEWS_May2021_lognormal;D,10.786355928224856,0.36866209799771577,5,own
47-2161,2,0.06338461968975095,partial:OEWS_May2021_lognormal;D,10.786355928224856,0.36866209799771577,5,own
47-2161,3,0.10363882028932903,partial:OEWS_May2021_lognormal;D,10.786355928224856,0.36866209799771577,5,own
47-2161,4,0.13388747559042175,partial:OEWS_May2021_lognormal;D,10.786355928224856,0.36866209799771577,5,own
47-2161,5,0.15185414617383525,partial:OEWS_May2021_lognormal;D,10.786355928224856,0.36866209799771577,5,own
47-2161,6,0.15617106302589273,partial:OEWS_May2021_lognormal;D,10.786355928224856,0.36866209799771577,5,own
47-2161,7,0.14589549654966671,partial:OEWS_May2021_lognormal;D,10.786355928224856,0.36866209799771577,5,own
47-2161,8,0.12041466080597207,partial:OEWS_May2021_lognormal;D,10.786355928224856,0.36866209799771577,5,own
47-2161,9,0.07969098902741012,partial:OEWS_May2021_lognormal;D,10.786355928224856,0.36866209799771577,5,own
47-2161,10,0.026331623492041656,partial:OEWS_May2021_lognormal;D,10.786355928224856,0.36866209799771577,5,own
47-2171,1,0.006805115553912333,partial:OEWS_May2021_lognormal;D,10.945071098210054,0.3752091505460636,5,own
47-2171,2,0.02994488706156151,partial:OEWS_May2021_lognormal;D,10.945071098210054,0.3752091505460636,5,own
47-2171,3,0.05986872760743117,partial:OEWS_May2021_lognormal;D,10.945071098210054,0.3752091505460636,5,own
47-2171,4,0.09185728377402191,partial:OEWS_May2021_lognormal;D,10.945071098210054,0.3752091505460636,5,own
47-2171,5,0.12243625118261703,partial:OEWS_May2021_lognormal;D,10.945071098210054,0.3752091505460636,5,own
47-2171,6,0.1480667893875256,partial:OEWS_May2021_lognormal;D,10.945071098210054,0.3752091505460636,5,own
47-2171,7,0.1644612988227825,partial:OEWS_May2021_lognormal;D,10.945071098210054,0.3752091505460636,5,own
47-2171,8,0.1656245878340703,partial:OEWS_May2021_lognormal;D,10.945071098210054,0.3752091505460636,5,own
47-2171,9,0.1416127074612159,partial:OEWS_May2021_lognormal;D,10.945071098210054,0.3752091505460636,5,own
47-2171,10,0.06932235131486175,partial:OEWS_May2021_lognormal;D,10.945071098210054,0.3752091505460636,5,own
47-2181,1,0.01740229782355357,partial:OEWS_May2021_lognormal;D,10.756571029798545,0.34932170230170645,5,own
47-2181,2,0.06597190589774515,partial:OEWS_May2021_lognormal;D,10.756571029798545,0.34932170230170645,5,own
47-2181,3,0.11210994407054975,partial:OEWS_May2021_lognormal;D,10.756571029798545,0.34932170230170645,5,own
47-2181,4,0.1456444408137983,partial:OEWS_May2021_lognormal;D,10.756571029798545,0.34932170230170645,5,own
47-2181,5,0.1627795396382259,partial:OEWS_May2021_lognormal;D,10.756571029798545,0.34932170230170645,5,own
47-2181,6,0.16212215240419103,partial:OEWS_May2021_lognormal;D,10.756571029798545,0.34932170230170645,5,own
47-2181,7,0.14385006338119577,partial:OEWS_May2021_lognormal;D,10.756571029798545,0.34932170230170645,5,own
47-2181,8,0.10970985397582744,partial:OEWS_May2021_lognormal;D,10.756571029798545,0.34932170230170645,5,own
47-2181,9,0.06383296388169513,partial:OEWS_May2021_lognormal;D,10.756571029798545,0.34932170230170645,5,own
47-2181,10,0.016576838113217973,partial:OEWS_May2021_lognormal;D,10.756571029798545,0.34932170230170645,5,own
47-2211,1,0.014884733511131787,partial:OEWS_May2021_lognormal;D,10.919184939037942,0.4141008574183066,5,own
47-2211,2,0.04459990333305591,partial:OEWS_May2021_lognormal;D,10.919184939037942,0.4141008574183066,5,own
47-2211,3,0.07265026174930495,partial:OEWS_May2021_lognormal;D,10.919184939037942,0.4141008574183066,5,own
47-2211,4,0.09811166749378059,partial:OEWS_May2021_lognormal;D,10.919184939037942,0.4141008574183066,5,own
47-2211,5,0.1200841880688297,partial:OEWS_May2021_lognormal;D,10.919184939037942,0.4141008574183066,5,own
47-2211,6,0.13737570109129915,partial:OEWS_May2021_lognormal;D,10.919184939037942,0.4141008574183066,5,own
47-2211,7,0.14818593102314503,partial:OEWS_May2021_lognormal;D,10.919184939037942,0.4141008574183066,5,own
47-2211,8,0.14941941828346617,partial:OEWS_May2021_lognormal;D,10.919184939037942,0.4141008574183066,5,own
47-2211,9,0.13457177336599235,partial:OEWS_May2021_lognormal;D,10.919184939037942,0.4141008574183066,5,own
47-2211,10,0.08011642207999436,partial:OEWS_May2021_lognormal;D,10.919184939037942,0.4141008574183066,5,own
47-2221,1,0.005738835867860892,partial:OEWS_May2021_lognormal;D,10.991630787734923,0.3846598586925967,5,own
47-2221,2,0.02522710738693007,partial:OEWS_May2021_lognormal;D,10.991630787734923,0.3846598586925967,5,own
47-2221,3,0.05127773345377312,partial:OEWS_May2021_lognormal;D,10.991630787734923,0.3846598586925967,5,own
47-2221,4,0.08059448432312327,partial:OEWS_May2021_lognormal;D,10.991630787734923,0.3846598586925967,5,own
47-2221,5,0.11068623788478749,partial:OEWS_May2021_lognormal;D,10.991630787734923,0.3846598586925967,5,own
47-2221,6,0.13882072116253957,partial:OEWS_May2021_lognormal;D,10.991630787734923,0.3846598586925967,5,own
47-2221,7,0.16133844866248365,partial:OEWS_May2021_lognormal;D,10.991630787734923,0.3846598586925967,5,own
47-2221,8,0.17246104988612243,partial:OEWS_May2021_lognormal;D,10.991630787734923,0.3846598586925967,5,own
47-2221,9,0.16100959609421894,partial:OEWS_May2021_lognormal;D,10.991630787734923,0.3846598586925967,5,own
47-2221,10,0.09284578527816056,partial:OEWS_May2021_lognormal;D,10.991630787734923,0.3846598586925967,5,own
47-2231,1,0.0027373361049774503,partial:OEWS_May2021_lognormal;D,10.797650743885843,0.28022079831063545,5,own
47-2231,2,0.027983869484666968,partial:OEWS_May2021_lognormal;D,10.797650743885843,0.28022079831063545,5,own
47-2231,3,0.0812703894937104,partial:OEWS_May2021_lognormal;D,10.797650743885843,0.28022079831063545,5,own
47-2231,4,0.1436198595269677,partial:OEWS_May2021_lognormal;D,10.797650743885843,0.28022079831063545,5,own
47-2231,5,0.19093740002674997,partial:OEWS_May2021_lognormal;D,10.797650743885843,0.28022079831063545,5,own
47-2231,6,0.20450366050010071,partial:OEWS_May2021_lognormal;D,10.797650743885843,0.28022079831063545,5,own
47-2231,7,0.17718756816328263,partial:OEWS_May2021_lognormal;D,10.797650743885843,0.28022079831063545,5,own
47-2231,8,0.11712981242732723,partial:OEWS_May2021_lognormal;D,10.797650743885843,0.28022079831063545,5,own
47-2231,9,0.04857505029455167,partial:OEWS_May2021_lognormal;D,10.797650743885843,0.28022079831063545,5,own
47-2231,10,0.006055053977665259,partial:OEWS_May2021_lognormal;D,10.797650743885843,0.28022079831063545,5,own
47-3011,1,0.02278189376692963,partial:OEWS_May2021_lognormal;D,10.616666272413639,0.29877893319277626,5,own
47-3011,2,0.1026237978635019,partial:OEWS_May2021_lognormal;D,10.616666272413639,0.29877893319277626,5,own
47-3011,3,0.17101348136597566,partial:OEWS_May2021_lognormal;D,10.616666272413639,0.29877893319277626,5,own
47-3011,4,0.1994385887808346,partial:OEWS_May2021_lognormal;D,10.616666272413639,0.29877893319277626,5,own
47-3011,5,0.1884249587952928,partial:OEWS_May2021_lognormal;D,10.616666272413639,0.29877893319277626,5,own
47-3011,6,0.1496443293576346,partial:OEWS_May2021_lognormal;D,10.616666272413639,0.29877893319277626,5,own
47-3011,7,0.09850405995323497,partial:OEWS_May2021_lognormal;D,10.616666272413639,0.29877893319277626,5,own
47-3011,8,0.05004466496793658,partial:OEWS_May2021_lognormal;D,10.616666272413639,0.29877893319277626,5,own
47-3011,9,0.015980175186267487,partial:OEWS_May2021_lognormal;D,10.616666272413639,0.29877893319277626,5,own
47-3011,10,0.0015440499623917692,partial:OEWS_May2021_lognormal;D,10.616666272413639,0.29877893319277626,5,own
47-3012,1,0.016031036028430756,partial:OEWS_May2021_lognormal;D,10.504079728183433,0.2261557851808252,5,own
47-3012,2,0.13799414263664317,partial:OEWS_May2021_lognormal;D,10.504079728183433,0.2261557851808252,5,own
47-3012,3,0.26335049876998273,partial:OEWS_May2021_lognormal;D,10.504079728183433,0.2261557851808252,5,own
47-3012,4,0.2684703798735649,partial:OEWS_May2021_lognormal;D,10.504079728183433,0.2261557851808252,5,own
47-3012,5,0.18524844147791242,partial:OEWS_May2021_lognormal;D,10.504079728183433,0.2261557851808252,5,own
47-3012,6,0.09128974751750973,partial:OEWS_May2021_lognormal;D,10.504079728183433,0.2261557851808252,5,own
47-3012,7,0.030893491464884626,partial:OEWS_May2021_lognormal;D,10.504079728183433,0.2261557851808252,5,own
47-3012,8,0.006207773989264975,partial:OEWS_May2021_lognormal;D,10.504079728183433,0.2261557851808252,5,own
47-3012,9,0.0005092426996567978,partial:OEWS_May2021_lognormal;D,10.504079728183433,0.2261557851808252,5,own
47-3012,10,5.24554214986761e-6,partial:OEWS_May2021_lognormal;D,10.504079728183433,0.2261557851808252,5,own
47-3013,1,0.015755035108658832,partial:OEWS_May2021_lognormal;D,10.476211108801676,0.21246776965122452,5,own
47-3013,2,0.15433136020478888,partial:OEWS_May2021_lognormal;D,10.476211108801676,0.21246776965122452,5,own
47-3013,3,0.29370559602254753,partial:OEWS_May2021_lognormal;D,10.476211108801676,0.21246776965122452,5,own
47-3013,4,0.277218718956212,partial:OEWS_May2021_lognormal;D,10.476211108801676,0.21246776965122452,5,own
47-3013,5,0.16815700384517074,partial:OEWS_May2021_lognormal;D,10.476211108801676,0.21246776965122452,5,own
47-3013,6,0.06938988246981903,partial:OEWS_May2021_lognormal;D,10.476211108801676,0.21246776965122452,5,own
47-3013,7,0.018571559563337003,partial:OEWS_May2021_lognormal;D,10.476211108801676,0.21246776965122452,5,own
47-3013,8,0.002726429372372774,partial:OEWS_May2021_lognormal;D,10.476211108801676,0.21246776965122452,5,own
47-3013,9,0.0001437033487848849,partial:OEWS_May2021_lognormal;D,10.476211108801676,0.21246776965122452,5,own
47-3013,10,7.111083083488623e-7,partial:OEWS_May2021_lognormal;D,10.476211108801676,0.21246776965122452,5,own
47-3014,1,0.020978673493674993,partial:OEWS_May2021_lognormal;D,10.440370829062244,0.2070297787009422,5,own
47-3014,2,0.18921161259560199,partial:OEWS_May2021_lognormal;D,10.440370829062244,0.2070297787009422,5,own
47-3014,3,0.3216291732051028,partial:OEWS_May2021_lognormal;D,10.440370829062244,0.2070297787009422,5,own
47-3014,4,0.266761005039592,partial:OEWS_May2021_lognormal;D,10.440370829062244,0.2070297787009422,5,own
47-3014,5,0.14010682673620323,partial:OEWS_May2021_lognormal;D,10.440370829062244,0.2070297787009422,5,own
47-3014,6,0.04912413029547358,partial:OEWS_May2021_lognormal;D,10.440370829062244,0.2070297787009422,5,own
47-3014,7,0.01087306189897308,partial:OEWS_May2021_lognormal;D,10.440370829062244,0.2070297787009422,5,own
47-3014,8,0.0012661034725464093,partial:OEWS_May2021_lognormal;D,10.440370829062244,0.2070297787009422,5,own
47-3014,9,0.00004926181541753394,partial:OEWS_May2021_lognormal;D,10.440370829062244,0.2070297787009422,5,own
47-3014,10,1.5144741438710696e-7,partial:OEWS_May2021_lognormal;D,10.440370829062244,0.2070297787009422,5,own
47-3015,1,0.018502625191701816,partial:OEWS_May2021_lognormal;D,10.462731485795768,0.21261260630319045,5,own
47-3015,2,0.16829094429077668,partial:OEWS_May2021_lognormal;D,10.462731485795768,0.21261260630319045,5,own
47-3015,3,0.3022675490562321,partial:OEWS_May2021_lognormal;D,10.462731485795768,0.21261260630319045,5,own
47-3015,4,0.2719081941335514,partial:OEWS_May2021_lognormal;D,10.462731485795768,0.21261260630319045,5,own
47-3015,5,0.1579947791689117,partial:OEWS_May2021_lognormal;D,10.462731485795768,0.21261260630319045,5,own
47-3015,6,0.06258509300895998,partial:OEWS_May2021_lognormal;D,10.462731485795768,0.21261260630319045,5,own
47-3015,7,0.016077159819260278,partial:OEWS_May2021_lognormal;D,10.462731485795768,0.21261260630319045,5,own
47-3015,8,0.0022597740588755633,partial:OEWS_May2021_lognormal;D,10.462731485795768,0.21261260630319045,5,own
47-3015,9,0.00011335614456986498,partial:OEWS_May2021_lognormal;D,10.462731485795768,0.21261260630319045,5,own
47-3015,10,5.251271606443453e-7,partial:OEWS_May2021_lognormal;D,10.462731485795768,0.21261260630319045,5,own
47-3016,1,0.026904456676194344,partial:OEWS_May2021_lognormal;D,10.457355124665195,0.22717148547819718,5,own
47-3016,2,0.18232891082310204,partial:OEWS_May2021_lognormal;D,10.457355124665195,0.22717148547819718,5,own
47-3016,3,0.28996909527938586,partial:OEWS_May2021_lognormal;D,10.457355124665195,0.22717148547819718,5,own
47-3016,4,0.2549531431686572,partial:OEWS_May2021_lognormal;D,10.457355124665195,0.22717148547819718,5,own
47-3016,5,0.1544472575927237,partial:OEWS_May2021_lognormal;D,10.457355124665195,0.22717148547819718,5,own
47-3016,6,0.0673636566743212,partial:OEWS_May2021_lognormal;D,10.457355124665195,0.22717148547819718,5,own
47-3016,7,0.02020006343257663,partial:OEWS_May2021_lognormal;D,10.457355124665195,0.22717148547819718,5,own
47-3016,8,0.0035765437026235025,partial:OEWS_May2021_lognormal;D,10.457355124665195,0.22717148547819718,5,own
47-3016,9,0.00025468567564290723,partial:OEWS_May2021_lognormal;D,10.457355124665195,0.22717148547819718,5,own
47-3016,10,2.1869747726110944e-6,partial:OEWS_May2021_lognormal;D,10.457355124665195,0.22717148547819718,5,own
47-3019,1,0.026382207819093506,partial:OEWS_May2021_lognormal;D,10.493280287264977,0.2447260692996999,5,own
47-3019,2,0.15825195594109276,partial:OEWS_May2021_lognormal;D,10.493280287264977,0.2447260692996999,5,own
47-3019,3,0.2562794905864963,partial:OEWS_May2021_lognormal;D,10.493280287264977,0.2447260692996999,5,own
47-3019,4,0.2475511176913076,partial:OEWS_May2021_lognormal;D,10.493280287264977,0.2447260692996999,5,own
47-3019,5,0.17364392744723445,partial:OEWS_May2021_lognormal;D,10.493280287264977,0.2447260692996999,5,own
47-3019,6,0.09220308313908687,partial:OEWS_May2021_lognormal;D,10.493280287264977,0.2447260692996999,5,own
47-3019,7,0.03574113193205308,partial:OEWS_May2021_lognormal;D,10.493280287264977,0.2447260692996999,5,own
47-3019,8,0.008903464256522664,partial:OEWS_May2021_lognormal;D,10.493280287264977,0.2447260692996999,5,own
47-3019,9,0.0010243901120889909,partial:OEWS_May2021_lognormal;D,10.493280287264977,0.2447260692996999,5,own
47-3019,10,0.000019231075023773414,partial:OEWS_May2021_lognormal;D,10.493280287264977,0.2447260692996999,5,own
47-4011,1,0.0034790914988882538,partial:OEWS_May2021_lognormal;D,11.031656385781009,0.3751140092817961,5,own
47-4011,2,0.018161246340543058,partial:OEWS_May2021_lognormal;D,11.031656385781009,0.3751140092817961,5,own
47-4011,3,0.04109432506424515,partial:OEWS_May2021_lognormal;D,11.031656385781009,0.3751140092817961,5,own
47-4011,4,0.06978179746550822,partial:OEWS_May2021_lognormal;D,11.031656385781009,0.3751140092817961,5,own
47-4011,5,0.10195035370588429,partial:OEWS_May2021_lognormal;D,11.031656385781009,0.3751140092817961,5,own
47-4011,6,0.1347772314265045,partial:OEWS_May2021_lognormal;D,11.031656385781009,0.3751140092817961,5,own
47-4011,7,0.16414220867131007,partial:OEWS_May2021_lognormal;D,11.031656385781009,0.3751140092817961,5,own
47-4011,8,0.18314269296487928,partial:OEWS_May2021_lognormal;D,11.031656385781009,0.3751140092817961,5,own
47-4011,9,0.17789589028828112,partial:OEWS_May2021_lognormal;D,11.031656385781009,0.3751140092817961,5,own
47-4011,10,0.10557516257395605,partial:OEWS_May2021_lognormal;D,11.031656385781009,0.3751140092817961,5,own
47-4021,1,0.0006314494481024502,partial:OEWS_May2021_lognormal;D,11.35007954762662,0.41274191900854373,5,own
47-4021,2,0.0039191582102238165,partial:OEWS_May2021_lognormal;D,11.35007954762662,0.41274191900854373,5,own
47-4021,3,0.010681097008513663,partial:OEWS_May2021_lognormal;D,11.35007954762662,0.41274191900854373,5,own
47-4021,4,0.02194392570809678,partial:OEWS_May2021_lognormal;D,11.35007954762662,0.41274191900854373,5,own
47-4021,5,0.0392296590304419,partial:OEWS_May2021_lognormal;D,11.35007954762662,0.41274191900854373,5,own
47-4021,6,0.06480391828227627,partial:OEWS_May2021_lognormal;D,11.35007954762662,0.41274191900854373,5,own
47-4021,7,0.1022131905576909,partial:OEWS_May2021_lognormal;D,11.35007954762662,0.41274191900854373,5,own
47-4021,8,0.15743842518770462,partial:OEWS_May2021_lognormal;D,11.35007954762662,0.41274191900854373,5,own
47-4021,9,0.24155799089004915,partial:OEWS_May2021_lognormal;D,11.35007954762662,0.41274191900854373,5,own
47-4021,10,0.35758118567690045,partial:OEWS_May2021_lognormal;D,11.35007954762662,0.41274191900854373,5,own
47-4031,1,0.020938049235446343,partial:OEWS_May2021_lognormal;D,10.579533987720657,0.2753409974314823,5,own
47-4031,2,0.11228683346177787,partial:OEWS_May2021_lognormal;D,10.579533987720657,0.2753409974314823,5,own
47-4031,3,0.19479555343976318,partial:OEWS_May2021_lognormal;D,10.579533987720657,0.2753409974314823,5,own
47-4031,4,0.22116046846343096,partial:OEWS_May2021_lognormal;D,10.579533987720657,0.2753409974314823,5,own
47-4031,5,0.1947147188972912,partial:OEWS_May2021_lognormal;D,10.579533987720657,0.2753409974314823,5,own
47-4031,6,0.13853246759183413,partial:OEWS_May2021_lognormal;D,10.579533987720657,0.2753409974314823,5,own
47-4031,7,0.07804397384242012,partial:OEWS_May2021_lognormal;D,10.579533987720657,0.2753409974314823,5,own
47-4031,8,0.0318119627643465,partial:OEWS_May2021_lognormal;D,10.579533987720657,0.2753409974314823,5,own
47-4031,9,0.007305380496552161,partial:OEWS_May2021_lognormal;D,10.579533987720657,0.2753409974314823,5,own
47-4031,10,0.0004105918071375392,partial:OEWS_May2021_lognormal;D,10.579533987720657,0.2753409974314823,5,own
47-4041,1,0.01957511327669137,partial:OEWS_May2021_lognormal;D,10.762345947916206,0.360254185810185,5,own
47-4041,2,0.06784780160842702,partial:OEWS_May2021_lognormal;D,10.762345947916206,0.360254185810185,5,own
47-4041,3,0.1108351690966875,partial:OEWS_May2021_lognormal;D,10.762345947916206,0.360254185810185,5,own
47-4041,4,0.1415482841163493,partial:OEWS_May2021_lognormal;D,10.762345947916206,0.360254185810185,5,own
47-4041,5,0.15758814799610577,partial:OEWS_May2021_lognormal;D,10.762345947916206,0.360254185810185,5,own
47-4041,6,0.15800129576679928,partial:OEWS_May2021_lognormal;D,10.762345947916206,0.360254185810185,5,own
47-4041,7,0.14268833387635127,partial:OEWS_May2021_lognormal;D,10.762345947916206,0.360254185810185,5,own
47-4041,8,0.1123987429310851,partial:OEWS_May2021_lognormal;D,10.762345947916206,0.360254185810185,5,own
47-4041,9,0.06931255712646345,partial:OEWS_May2021_lognormal;D,10.762345947916206,0.360254185810185,5,own
47-4041,10,0.02020455420503997,partial:OEWS_May2021_lognormal;D,10.762345947916206,0.360254185810185,5,own
47-4051,1,0.008381859674810477,partial:OEWS_May2021_lognormal;D,10.666259350213377,0.2704916461396347,5,own
47-4051,2,0.06489402452906634,partial:OEWS_May2021_lognormal;D,10.666259350213377,0.2704916461396347,5,own
47-4051,3,0.1461918759388054,partial:OEWS_May2021_lognormal;D,10.666259350213377,0.2704916461396347,5,own
47-4051,4,0.203301794262376,partial:OEWS_May2021_lognormal;D,10.666259350213377,0.2704916461396347,5,own
47-4051,5,0.2127586383999553,partial:OEWS_May2021_lognormal;D,10.666259350213377,0.2704916461396347,5,own
47-4051,6,0.17716794623305365,partial:OEWS_May2021_lognormal;D,10.666259350213377,0.2704916461396347,5,own
47-4051,7,0.1161232060443882,partial:OEWS_May2021_lognormal;D,10.666259350213377,0.2704916461396347,5,own
47-4051,8,0.05519950630534787,partial:OEWS_May2021_lognormal;D,10.666259350213377,0.2704916461396347,5,own
47-4051,9,0.014963085323485892,partial:OEWS_May2021_lognormal;D,10.666259350213377,0.2704916461396347,5,own
47-4051,10,0.001018063288710902,partial:OEWS_May2021_lognormal;D,10.666259350213377,0.2704916461396347,5,own
47-4061,1,0.000971717712009379,partial:OEWS_May2021_lognormal;D,10.980675657942047,0.3102521243865625,5,own
47-4061,2,0.010356375206562574,partial:OEWS_May2021_lognormal;D,10.980675657942047,0.3102521243865625,5,own
47-4061,3,0.03435615082636606,partial:OEWS_May2021_lognormal;D,10.980675657942047,0.3102521243865625,5,own
47-4061,4,0.0726670607805297,partial:OEWS_May2021_lognormal;D,10.980675657942047,0.3102521243865625,5,own
47-4061,5,0.1200976681605973,partial:OEWS_May2021_lognormal;D,10.980675657942047,0.3102521243865625,5,own
47-4061,6,0.16697493023867377,partial:OEWS_May2021_lognormal;D,10.980675657942047,0.3102521243865625,5,own
47-4061,7,0.19931069093637438,partial:OEWS_May2021_lognormal;D,10.980675657942047,0.3102521243865625,5,own
47-4061,8,0.19942736729259336,partial:OEWS_May2021_lognormal;D,10.980675657942047,0.3102521243865625,5,own
47-4061,9,0.14898281461201568,partial:OEWS_May2021_lognormal;D,10.980675657942047,0.3102521243865625,5,own
47-4061,10,0.04685522423427779,partial:OEWS_May2021_lognormal;D,10.980675657942047,0.3102521243865625,5,own
47-4071,1,0.010101577482392488,partial:OEWS_May2021_lognormal;D,10.668735414353085,0.2796281616217162,5,own
47-4071,2,0.06869130210666818,partial:OEWS_May2021_lognormal;D,10.668735414353085,0.2796281616217162,5,own
47-4071,3,0.14556506010311598,partial:OEWS_May2021_lognormal;D,10.668735414353085,0.2796281616217162,5,own
47-4071,4,0.19743733282714288,partial:OEWS_May2021_lognormal;D,10.668735414353085,0.2796281616217162,5,own
47-4071,5,0.20612637132608963,partial:OEWS_May2021_lognormal;D,10.668735414353085,0.2796281616217162,5,own
47-4071,6,0.17441870146115168,partial:OEWS_May2021_lognormal;D,10.668735414353085,0.2796281616217162,5,own
47-4071,7,0.11842894808052873,partial:OEWS_May2021_lognormal;D,10.668735414353085,0.2796281616217162,5,own
47-4071,8,0.05981389494520184,partial:OEWS_May2021_lognormal;D,10.668735414353085,0.2796281616217162,5,own
47-4071,9,0.01795311469148031,partial:OEWS_May2021_lognormal;D,10.668735414353085,0.2796281616217162,5,own
47-4071,10,0.0014636969762282792,partial:OEWS_May2021_lognormal;D,10.668735414353085,0.2796281616217162,5,own
47-4090,1,0.018935286489043968,partial:OEWS_May2021_lognormal;D,10.652631624609661,0.3050435599225227,5,own
47-4090,2,0.0880540846411565,partial:OEWS_May2021_lognormal;D,10.652631624609661,0.3050435599225227,5,own
47-4090,3,0.15356144974240638,partial:OEWS_May2021_lognormal;D,10.652631624609661,0.3050435599225227,5,own
47-4090,4,0.18849503856518413,partial:OEWS_May2021_lognormal;D,10.652631624609661,0.3050435599225227,5,own
47-4090,5,0.18851799717678086,partial:OEWS_May2021_lognormal;D,10.652631624609661,0.3050435599225227,5,own
47-4090,6,0.15972648146781077,partial:OEWS_May2021_lognormal;D,10.652631624609661,0.3050435599225227,5,own
47-4090,7,0.11348702017309942,partial:OEWS_May2021_lognormal;D,10.652631624609661,0.3050435599225227,5,own
47-4090,8,0.06343178811126127,partial:OEWS_May2021_lognormal;D,10.652631624609661,0.3050435599225227,5,own
47-4090,9,0.02307426512234856,partial:OEWS_May2021_lognormal;D,10.652631624609661,0.3050435599225227,5,own
47-4090,10,0.002716588510908169,partial:OEWS_May2021_lognormal;D,10.652631624609661,0.3050435599225227,5,own
47-5011,1,0.004242403509850501,partial:OEWS_May2021_lognormal;D,10.81793896972981,0.3034237935236215,5,own
47-5011,2,0.03215302730627623,partial:OEWS_May2021_lognormal;D,10.81793896972981,0.3034237935236215,5,own
47-5011,3,0.08065129292148482,partial:OEWS_May2021_lognormal;D,10.81793896972981,0.3034237935236215,5,own
47-5011,4,0.1332479207503784,partial:OEWS_May2021_lognormal;D,10.81793896972981,0.3034237935236215,5,own
47-5011,5,0.1739786008344757,partial:OEWS_May2021_lognormal;D,10.81793896972981,0.3034237935236215,5,own
47-5011,6,0.19043670306490817,partial:OEWS_May2021_lognormal;D,10.81793896972981,0.3034237935236215,5,own
47-5011,7,0.17572565746245972,partial:OEWS_May2021_lognormal;D,10.81793896972981,0.3034237935236215,5,own
47-5011,8,0.13061784169194113,partial:OEWS_May2021_lognormal;D,10.81793896972981,0.3034237935236215,5,own
47-5011,9,0.0667283194995586,partial:OEWS_May2021_lognormal;D,10.81793896972981,0.3034237935236215,5,own
47-5011,10,0.012218232958666753,partial:OEWS_May2021_lognormal;D,10.81793896972981,0.3034237935236215,5,own
47-5012,1,0.004732493096069601,partial:OEWS_May2021_lognormal;D,10.988225473334982,0.3734186355250635,5,own
47-5012,2,0.02308649409213065,partial:OEWS_May2021_lognormal;D,10.988225473334982,0.3734186355250635,5,own
47-5012,3,0.04956858712650697,partial:OEWS_May2021_lognormal;D,10.988225473334982,0.3734186355250635,5,own
47-5012,4,0.08046366290973872,partial:OEWS_May2021_lognormal;D,10.988225473334982,0.3734186355250635,5,own
47-5012,5,0.11268334285418424,partial:OEWS_May2021_lognormal;D,10.988225473334982,0.3734186355250635,5,own
47-5012,6,0.14276485318709597,partial:OEWS_May2021_lognormal;D,10.988225473334982,0.3734186355250635,5,own
47-5012,7,0.16614463402860624,partial:OEWS_May2021_lognormal;D,10.988225473334982,0.3734186355250635,5,own
47-5012,8,0.17591973141084294,partial:OEWS_May2021_lognormal;D,10.988225473334982,0.3734186355250635,5,own
47-5012,9,0.1596654596246283,partial:OEWS_May2021_lognormal;D,10.988225473334982,0.3734186355250635,5,own
47-5012,10,0.08497074167019636,partial:OEWS_May2021_lognormal;D,10.988225473334982,0.3734186355250635,5,own
47-5013,1,0.012040896996161177,partial:OEWS_May2021_lognormal;D,10.810001529917848,0.35052301746843545,5,own
47-5013,2,0.050915567001845574,partial:OEWS_May2021_lognormal;D,10.810001529917848,0.35052301746843545,5,own
47-5013,3,0.09392602616946516,partial:OEWS_May2021_lognormal;D,10.810001529917848,0.35052301746843545,5,own
47-5013,4,0.13071649569137866,partial:OEWS_May2021_lognormal;D,10.810001529917848,0.35052301746843545,5,own
47-5013,5,0.15567721654885502,partial:OEWS_May2021_lognormal;D,10.810001529917848,0.35052301746843545,5,own
47-5013,6,0.16509515518384021,partial:OEWS_May2021_lognormal;D,10.810001529917848,0.35052301746843545,5,own
47-5013,7,0.15648676134159956,partial:OEWS_May2021_lognormal;D,10.810001529917848,0.35052301746843545,5,own
47-5013,8,0.12859135643904906,partial:OEWS_May2021_lognormal;D,10.810001529917848,0.35052301746843545,5,own
47-5013,9,0.08215916584512739,partial:OEWS_May2021_lognormal;D,10.810001529917848,0.35052301746843545,5,own
47-5013,10,0.024391358782678174,partial:OEWS_May2021_lognormal;D,10.810001529917848,0.35052301746843545,5,own
47-5022,1,0.006470336363253282,partial:OEWS_May2021_lognormal;D,10.786052781861812,0.3085094482327193,5,own
47-5022,2,0.0418654559294,partial:OEWS_May2021_lognormal;D,10.786052781861812,0.3085094482327193,5,own
47-5022,3,0.09467045639872995,partial:OEWS_May2021_lognormal;D,10.786052781861812,0.3085094482327193,5,own
47-5022,4,0.14503919495641182,partial:OEWS_May2021_lognormal;D,10.786052781861812,0.3085094482327193,5,own
47-5022,5,0.17829610049064354,partial:OEWS_May2021_lognormal;D,10.786052781861812,0.3085094482327193,5,own
47-5022,6,0.18545104950905628,partial:OEWS_May2021_lognormal;D,10.786052781861812,0.3085094482327193,5,own
47-5022,7,0.16360684767867806,partial:OEWS_May2021_lognormal;D,10.786052781861812,0.3085094482327193,5,own
47-5022,8,0.11678627964681909,partial:OEWS_May2021_lognormal;D,10.786052781861812,0.3085094482327193,5,own
47-5022,9,0.05754765978658671,partial:OEWS_May2021_lognormal;D,10.786052781861812,0.3085094482327193,5,own
47-5022,10,0.01026661924042127,partial:OEWS_May2021_lognormal;D,10.786052781861812,0.3085094482327193,5,own
47-5023,1,0.0013896730108300948,partial:OEWS_May2021_lognormal;D,10.85135922164049,0.27817959150210714,5,own
47-5023,2,0.017506804187092995,partial:OEWS_May2021_lognormal;D,10.85135922164049,0.27817959150210714,5,own
47-5023,3,0.0591991246896279,partial:OEWS_May2021_lognormal;D,10.85135922164049,0.27817959150210714,5,own
47-5023,4,0.11822804513825474,partial:OEWS_May2021_lognormal;D,10.85135922164049,0.27817959150210714,5,own
47-5023,5,0.17496477001987965,partial:OEWS_May2021_lognormal;D,10.85135922164049,0.27817959150210714,5,own
47-5023,6,0.20716581427341674,partial:OEWS_May2021_lognormal;D,10.85135922164049,0.27817959150210714,5,own
47-5023,7,0.19825090820075308,partial:OEWS_May2021_lognormal;D,10.85135922164049,0.27817959150210714,5,own
47-5023,8,0.1455212202659053,partial:OEWS_May2021_lognormal;D,10.85135922164049,0.27817959150210714,5,own
47-5023,9,0.06798253288046241,partial:OEWS_May2021_lognormal;D,10.85135922164049,0.27817959150210714,5,own
47-5023,10,0.009791107333777083,partial:OEWS_May2021_lognormal;D,10.85135922164049,0.27817959150210714,5,own
47-5032,1,0.0013299810420028813,partial:OEWS_May2021_lognormal;D,10.899697772408235,0.29302928351377355,5,own
47-5032,2,0.014977354582965619,partial:OEWS_May2021_lognormal;D,10.899697772408235,0.29302928351377355,5,own
47-5032,3,0.04907404614901828,partial:OEWS_May2021_lognormal;D,10.899697772408235,0.29302928351377355,5,own
47-5032,4,0.09903485444016541,partial:OEWS_May2021_lognormal;D,10.899697772408235,0.29302928351377355,5,own
47-5032,5,0.1523502643745741,partial:OEWS_May2021_lognormal;D,10.899697772408235,0.29302928351377355,5,own
47-5032,6,0.19238768988953298,partial:OEWS_May2021_lognormal;D,10.899697772408235,0.29302928351377355,5,own
47-5032,7,0.20228045453385435,partial:OEWS_May2021_lognormal;D,10.899697772408235,0.29302928351377355,5,own
47-5032,8,0.170215243544927,partial:OEWS_May2021_lognormal;D,10.899697772408235,0.29302928351377355,5,own
47-5032,9,0.09821685999066676,partial:OEWS_May2021_lognormal;D,10.899697772408235,0.29302928351377355,5,own
47-5032,10,0.02013325145229261,partial:OEWS_May2021_lognormal;D,10.899697772408235,0.29302928351377355,5,own
47-5041,1,0.00028152936348108115,partial:OEWS_May2021_lognormal;D,10.922919660972239,0.2620135896072636,5,own
47-5041,2,0.006317767494872006,partial:OEWS_May2021_lognormal;D,10.922919660972239,0.2620135896072636,5,own
47-5041,3,0.03105297464922735,partial:OEWS_May2021_lognormal;D,10.922919660972239,0.2620135896072636,5,own
47-5041,4,0.08121154365059663,partial:OEWS_May2021_lognormal;D,10.922919660972239,0.2620135896072636,5,own
47-5041,5,0.14816473023730853,partial:OEWS_May2021_lognormal;D,10.922919660972239,0.2620135896072636,5,own
47-5041,6,0.2078690705196634,partial:OEWS_May2021_lognormal;D,10.922919660972239,0.2620135896072636,5,own
47-5041,7,0.22876205095485946,partial:OEWS_May2021_lognormal;D,10.922919660972239,0.2620135896072636,5,own
47-5041,8,0.18787217527064548,partial:OEWS_May2021_lognormal;D,10.922919660972239,0.2620135896072636,5,own
47-5041,9,0.09474680639418331,partial:OEWS_May2021_lognormal;D,10.922919660972239,0.2620135896072636,5,own
47-5041,10,0.013721351465162734,partial:OEWS_May2021_lognormal;D,10.922919660972239,0.2620135896072636,5,own
47-5043,1,2.937433712935089e-7,partial:OEWS_May2021_lognormal;D,10.957773928990298,0.187875105281067,5,own
47-5043,2,0.00013503038708539972,partial:OEWS_May2021_lognormal;D,10.957773928990298,0.187875105281067,5,own
47-5043,3,0.0037027869639023603,partial:OEWS_May2021_lognormal;D,10.957773928990298,0.187875105281067,5,own
47-5043,4,0.02962857720825396,partial:OEWS_May2021_lognormal;D,10.957773928990298,0.187875105281067,5,own
47-5043,5,0.11276684712838297,partial:OEWS_May2021_lognormal;D,10.957773928990298,0.187875105281067,5,own
47-5043,6,0.2460667148322671,partial:OEWS_May2021_lognormal;D,10.957773928990298,0.187875105281067,5,own
47-5043,7,0.32014383602932295,partial:OEWS_May2021_lognormal;D,10.957773928990298,0.187875105281067,5,own
47-5043,8,0.2253401460534047,partial:OEWS_May2021_lognormal;D,10.957773928990298,0.187875105281067,5,own
47-5043,9,0.06028855328570204,partial:OEWS_May2021_lognormal;D,10.957773928990298,0.187875105281067,5,own
47-5043,10,0.0019272143683072285,partial:OEWS_May2021_lognormal;D,10.957773928990298,0.187875105281067,5,own
47-5044,1,0.0002522045603493006,partial:OEWS_May2021_lognormal;D,10.906744133324981,0.2551342716005999,5,own
47-5044,2,0.006283997248805462,partial:OEWS_May2021_lognormal;D,10.906744133324981,0.2551342716005999,5,own
47-5044,3,0.032400350028130465,partial:OEWS_May2021_lognormal;D,10.906744133324981,0.2551342716005999,5,own
47-5044,4,0.08631648974470435,partial:OEWS_May2021_lognormal;D,10.906744133324981,0.2551342716005999,5,own
47-5044,5,0.15732791940658264,partial:OEWS_May2021_lognormal;D,10.906744133324981,0.2551342716005999,5,own
47-5044,6,0.21691573562850108,partial:OEWS_May2021_lognormal;D,10.906744133324981,0.2551342716005999,5,own
47-5044,7,0.23049232421634058,partial:OEWS_May2021_lognormal;D,10.906744133324981,0.2551342716005999,5,own
47-5044,8,0.17848359320271356,partial:OEWS_May2021_lognormal;D,10.906744133324981,0.2551342716005999,5,own
47-5044,9,0.081571901340038,partial:OEWS_May2021_lognormal;D,10.906744133324981,0.2551342716005999,5,own
47-5044,10,0.009955484623834554,partial:OEWS_May2021_lognormal;D,10.906744133324981,0.2551342716005999,5,own
47-5049,1,0.00003929833130522642,partial:OEWS_May2021_lognormal;D,10.956184926692693,0.23727182403361227,5,own
47-5049,2,0.0019680899327177426,partial:OEWS_May2021_lognormal;D,10.956184926692693,0.23727182403361227,5,own
47-5049,3,0.015670068626716993,partial:OEWS_May2021_lognormal;D,10.956184926692693,0.23727182403361227,5,own
47-5049,4,0.05669177402212616,partial:OEWS_May2021_lognormal;D,10.956184926692693,0.23727182403361227,5,own
47-5049,5,0.12978751115339165,partial:OEWS_May2021_lognormal;D,10.956184926692693,0.23727182403361227,5,own
47-5049,6,0.2127830387687797,partial:OEWS_May2021_lognormal;D,10.956184926692693,0.23727182403361227,5,own
47-5049,7,0.2568994826662865,partial:OEWS_May2021_lognormal;D,10.956184926692693,0.23727182403361227,5,own
47-5049,8,0.2155464980987083,partial:OEWS_May2021_lognormal;D,10.956184926692693,0.23727182403361227,5,own
47-5049,9,0.09974506811089734,partial:OEWS_May2021_lognormal;D,10.956184926692693,0.23727182403361227,5,own
47-5049,10,0.010869170289070418,partial:OEWS_May2021_lognormal;D,10.956184926692693,0.23727182403361227,5,own
47-5051,1,0.02967110699484332,partial:OEWS_May2021_lognormal;D,10.577247580263357,0.2958999207127238,5,own
47-5051,2,0.12269505878408832,partial:OEWS_May2021_lognormal;D,10.577247580263357,0.2958999207127238,5,own
47-5051,3,0.18974291135871324,partial:OEWS_May2021_lognormal;D,10.577247580263357,0.2958999207127238,5,own
47-5051,4,0.20673127510549788,partial:OEWS_May2021_lognormal;D,10.577247580263357,0.2958999207127238,5,own
47-5051,5,0.18273761546399936,partial:OEWS_May2021_lognormal;D,10.577247580263357,0.2958999207127238,5,own
47-5051,6,0.1354502622248811,partial:OEWS_May2021_lognormal;D,10.577247580263357,0.2958999207127238,5,own
47-5051,7,0.08266626419955958,partial:OEWS_May2021_lognormal;D,10.577247580263357,0.2958999207127238,5,own
47-5051,8,0.03844205116150423,partial:OEWS_May2021_lognormal;D,10.577247580263357,0.2958999207127238,5,own
47-5051,9,0.010961756972138081,partial:OEWS_May2021_lognormal;D,10.577247580263357,0.2958999207127238,5,own
47-5051,10,0.0009016977347748867,partial:OEWS_May2021_lognormal;D,10.577247580263357,0.2958999207127238,5,own
47-5071,1,0.01018427820338208,partial:OEWS_May2021_lognormal;D,10.631980761319443,0.2641516248031363,5,own
47-5071,2,0.07722272713982864,partial:OEWS_May2021_lognormal;D,10.631980761319443,0.2641516248031363,5,own
47-5071,3,0.16632221815141196,partial:OEWS_May2021_lognormal;D,10.631980761319443,0.2641516248031363,5,own
47-5071,4,0.21847884144809687,partial:OEWS_May2021_lognormal;D,10.631980761319443,0.2641516248031363,5,own
47-5071,5,0.21381789428892556,partial:OEWS_May2021_lognormal;D,10.631980761319443,0.2641516248031363,5,own
47-5071,6,0.1645610713284138,partial:OEWS_May2021_lognormal;D,10.631980761319443,0.2641516248031363,5,own
47-5071,7,0.09807683282863988,partial:OEWS_May2021_lognormal;D,10.631980761319443,0.2641516248031363,5,own
47-5071,8,0.041330346894750125,partial:OEWS_May2021_lognormal;D,10.631980761319443,0.2641516248031363,5,own
47-5071,9,0.009502573821338123,partial:OEWS_May2021_lognormal;D,10.631980761319443,0.2641516248031363,5,own
47-5071,10,0.0005032158952129606,partial:OEWS_May2021_lognormal;D,10.631980761319443,0.2641516248031363,5,own
47-5081,1,0.006696424132027645,partial:OEWS_May2021_lognormal;D,10.581159440108507,0.22719030974478832,5,own
47-5081,2,0.08117914575975527,partial:OEWS_May2021_lognormal;D,10.581159440108507,0.22719030974478832,5,own
47-5081,3,0.20433592977194093,partial:OEWS_May2021_lognormal;D,10.581159440108507,0.22719030974478832,5,own
47-5081,4,0.264497969107074,partial:OEWS_May2021_lognormal;D,10.581159440108507,0.22719030974478832,5,own
47-5081,5,0.2276945639110508,partial:OEWS_May2021_lognormal;D,10.581159440108507,0.22719030974478832,5,own
47-5081,6,0.1394776223402464,partial:OEWS_May2021_lognormal;D,10.581159440108507,0.22719030974478832,5,own
47-5081,7,0.05916765901245857,partial:OEWS_May2021_lognormal;D,10.581159440108507,0.22719030974478832,5,own
47-5081,8,0.015246367087291324,partial:OEWS_May2021_lognormal;D,10.581159440108507,0.22719030974478832,5,own
47-5081,9,0.0016784301963491677,partial:OEWS_May2021_lognormal;D,10.581159440108507,0.22719030974478832,5,own
47-5081,10,0.000025888681805863456,partial:OEWS_May2021_lognormal;D,10.581159440108507,0.22719030974478832,5,own
47-5099,1,0.014720409765929643,partial:OEWS_May2021_lognormal;D,10.781057468740755,0.3498332226788688,5,own
47-5099,2,0.058711242249837314,partial:OEWS_May2021_lognormal;D,10.781057468740755,0.3498332226788688,5,own
47-5099,3,0.10363471421700537,partial:OEWS_May2021_lognormal;D,10.781057468740755,0.3498332226788688,5,own
47-5099,4,0.13898086241594737,partial:OEWS_May2021_lognormal;D,10.781057468740755,0.3498332226788688,5,own
47-5099,5,0.15994594667877665,partial:OEWS_May2021_lognormal;D,10.781057468740755,0.3498332226788688,5,own
47-5099,6,0.1639683181690625,partial:OEWS_May2021_lognormal;D,10.781057468740755,0.3498332226788688,5,own
47-5099,7,0.14996834705123863,partial:OEWS_May2021_lognormal;D,10.781057468740755,0.3498332226788688,5,own
47-5099,8,0.11835636845637343,partial:OEWS_May2021_lognormal;D,10.781057468740755,0.3498332226788688,5,own
47-5099,9,0.07187586888186304,partial:OEWS_May2021_lognormal;D,10.781057468740755,0.3498332226788688,5,own
47-5099,10,0.019837922113966067,partial:OEWS_May2021_lognormal;D,10.781057468740755,0.3498332226788688,5,own
49-1011,1,0.0009160051399477176,partial:OEWS_May2021_lognormal;D,11.142666028364761,0.36049795580472227,5,own
49-1011,2,0.007041372861141704,partial:OEWS_May2021_lognormal;D,11.142666028364761,0.36049795580472227,5,own
49-1011,3,0.020610445542602718,partial:OEWS_May2021_lognormal;D,11.142666028364761,0.36049795580472227,5,own
49-1011,4,0.04252534374360073,partial:OEWS_May2021_lognormal;D,11.142666028364761,0.36049795580472227,5,own
49-1011,5,0.07313547145885341,partial:OEWS_May2021_lognormal;D,11.142666028364761,0.36049795580472227,5,own
49-1011,6,0.11190022511958159,partial:OEWS_May2021_lognormal;D,11.142666028364761,0.36049795580472227,5,own
49-1011,7,0.1565137701143849,partial:OEWS_May2021_lognormal;D,11.142666028364761,0.36049795580472227,5,own
49-1011,8,0.20062297443660054,partial:OEWS_May2021_lognormal;D,11.142666028364761,0.36049795580472227,5,own
49-1011,9,0.2264210941907825,partial:OEWS_May2021_lognormal;D,11.142666028364761,0.36049795580472227,5,own
49-1011,10,0.16031329739250422,partial:OEWS_May2021_lognormal;D,11.142666028364761,0.36049795580472227,5,own
49-2011,1,0.01534068553407586,partial:OEWS_May2021_lognormal;D,10.63856098570515,0.28654562317254,5,own
49-2011,2,0.08602343723453754,partial:OEWS_May2021_lognormal;D,10.63856098570515,0.28654562317254,5,own
49-2011,3,0.16168758328863253,partial:OEWS_May2021_lognormal;D,10.63856098570515,0.28654562317254,5,own
49-2011,4,0.2021903781534684,partial:OEWS_May2021_lognormal;D,10.63856098570515,0.28654562317254,5,own
49-2011,5,0.19889456494254842,partial:OEWS_May2021_lognormal;D,10.63856098570515,0.28654562317254,5,own
49-2011,6,0.16091624266409155,partial:OEWS_May2021_lognormal;D,10.63856098570515,0.28654562317254,5,own
49-2011,7,0.10571363618069451,partial:OEWS_May2021_lognormal;D,10.63856098570515,0.28654562317254,5,own
49-2011,8,0.05228838104453726,partial:OEWS_May2021_lognormal;D,10.63856098570515,0.28654562317254,5,own
49-2011,9,0.015633421959776794,partial:OEWS_May2021_lognormal;D,10.63856098570515,0.28654562317254,5,own
49-2011,10,0.0013116689976371276,partial:OEWS_May2021_lognormal;D,10.63856098570515,0.28654562317254,5,own
49-2021,1,0.00433751156727874,partial:OEWS_May2021_lognormal;D,11.006671776356432,0.37620469679262375,5,own
49-2021,2,0.02132694238538091,partial:OEWS_May2021_lognormal;D,11.006671776356432,0.37620469679262375,5,own
49-2021,3,0.04629377209495378,partial:OEWS_May2021_lognormal;D,11.006671776356432,0.37620469679262375,5,own
49-2021,4,0.07606929862630424,partial:OEWS_May2021_lognormal;D,11.006671776356432,0.37620469679262375,5,own
49-2021,5,0.10798000068982849,partial:OEWS_May2021_lognormal;D,11.006671776356432,0.37620469679262375,5,own
49-2021,6,0.13892879870396513,partial:OEWS_May2021_lognormal;D,11.006671776356432,0.37620469679262375,5,own
49-2021,7,0.16466330843196242,partial:OEWS_May2021_lognormal;D,11.006671776356432,0.37620469679262375,5,own
49-2021,8,0.17843991314299967,partial:OEWS_May2021_lognormal;D,11.006671776356432,0.37620469679262375,5,own
49-2021,9,0.16740194893002724,partial:OEWS_May2021_lognormal;D,11.006671776356432,0.37620469679262375,5,own
49-2021,10,0.09455850542729938,partial:OEWS_May2021_lognormal;D,11.006671776356432,0.37620469679262375,5,own
49-2022,1,0.0019871457876929344,partial:OEWS_May2021_lognormal;D,10.967126416607204,0.32908963343648745,5,own
49-2022,2,0.01554791421073759,partial:OEWS_May2021_lognormal;D,10.967126416607204,0.32908963343648745,5,own
49-2022,3,0.04298593455440042,partial:OEWS_May2021_lognormal;D,10.967126416607204,0.32908963343648745,5,own
49-2022,4,0.08080853083048795,partial:OEWS_May2021_lognormal;D,10.967126416607204,0.32908963343648745,5,own
49-2022,5,0.12320982460101743,partial:OEWS_May2021_lognormal;D,10.967126416607204,0.32908963343648745,5,own
49-2022,6,0.16228661168799702,partial:OEWS_May2021_lognormal;D,10.967126416607204,0.32908963343648745,5,own
49-2022,7,0.187873506573357,partial:OEWS_May2021_lognormal;D,10.967126416607204,0.32908963343648745,5,own
49-2022,8,0.18728247668383213,partial:OEWS_May2021_lognormal;D,10.967126416607204,0.32908963343648745,5,own
49-2022,9,0.14554879970204482,partial:OEWS_May2021_lognormal;D,10.967126416607204,0.32908963343648745,5,own
49-2022,10,0.05246925536843272,partial:OEWS_May2021_lognormal;D,10.967126416607204,0.32908963343648745,5,own
49-2091,1,0.0010080142529178548,partial:OEWS_May2021_lognormal;D,11.095893918962663,0.3486587982063143,5,own
49-2091,2,0.008164489897122706,partial:OEWS_May2021_lognormal;D,11.095893918962663,0.3486587982063143,5,own
49-2091,3,0.024249822699555112,partial:OEWS_May2021_lognormal;D,11.095893918962663,0.3486587982063143,5,own
49-2091,4,0.04985083854006467,partial:OEWS_May2021_lognormal;D,11.095893918962663,0.3486587982063143,5,own
49-2091,5,0.08439815122725186,partial:OEWS_May2021_lognormal;D,11.095893918962663,0.3486587982063143,5,own
49-2091,6,0.12574555995238185,partial:OEWS_May2021_lognormal;D,11.095893918962663,0.3486587982063143,5,own
49-2091,7,0.1690981335968711,partial:OEWS_May2021_lognormal;D,11.095893918962663,0.3486587982063143,5,own
49-2091,8,0.20452823281521415,partial:OEWS_May2021_lognormal;D,11.095893918962663,0.3486587982063143,5,own
49-2091,9,0.2101447793354112,partial:OEWS_May2021_lognormal;D,11.095893918962663,0.3486587982063143,5,own
49-2091,10,0.1228119776832095,partial:OEWS_May2021_lognormal;D,11.095893918962663,0.3486587982063143,5,own
49-2092,1,0.014672162369079422,partial:OEWS_May2021_lognormal;D,10.74690243695243,0.3339491755551206,5,own
49-2092,2,0.06350708031064711,partial:OEWS_May2021_lognormal;D,10.74690243695243,0.3339491755551206,5,own
49-2092,3,0.11440845989718418,partial:OEWS_May2021_lognormal;D,10.74690243695243,0.3339491755551206,5,own
49-2092,4,0.15225659730360774,partial:OEWS_May2021_lognormal;D,10.74690243695243,0.3339491755551206,5,own
49-2092,5,0.1707900826643698,partial:OEWS_May2021_lognormal;D,10.74690243695243,0.3339491755551206,5,own
49-2092,6,0.1679255376359885,partial:OEWS_May2021_lognormal;D,10.74690243695243,0.3339491755551206,5,own
49-2092,7,0.144569531542314,partial:OEWS_May2021_lognormal;D,10.74690243695243,0.3339491755551206,5,own
49-2092,8,0.1045209165891019,partial:OEWS_May2021_lognormal;D,10.74690243695243,0.3339491755551206,5,own
49-2092,9,0.055352744076270444,partial:OEWS_May2021_lognormal;D,10.74690243695243,0.3339491755551206,5,own
49-2092,10,0.011996887611436913,partial:OEWS_May2021_lognormal;D,10.74690243695243,0.3339491755551206,5,own
49-2093,1,0.000027647978291356345,partial:OEWS_May2021_lognormal;D,11.154153790454902,0.28146326373595354,5,own
49-2093,2,0.0008504143218088234,partial:OEWS_May2021_lognormal;D,11.154153790454902,0.28146326373595354,5,own
49-2093,3,0.005742029717110908,partial:OEWS_May2021_lognormal;D,11.154153790454902,0.28146326373595354,5,own
49-2093,4,0.020768415708495025,partial:OEWS_May2021_lognormal;D,11.154153790454902,0.28146326373595354,5,own
49-2093,5,0.05330853382957801,partial:OEWS_May2021_lognormal;D,11.154153790454902,0.28146326373595354,5,own
49-2093,6,0.10869040671056046,partial:OEWS_May2021_lognormal;D,11.154153790454902,0.28146326373595354,5,own
49-2093,7,0.1837504542216108,partial:OEWS_May2021_lognormal;D,11.154153790454902,0.28146326373595354,5,own
49-2093,8,0.2553501521283994,partial:OEWS_May2021_lognormal;D,11.154153790454902,0.28146326373595354,5,own
49-2093,9,0.2623950883779188,partial:OEWS_May2021_lognormal;D,11.154153790454902,0.28146326373595354,5,own
49-2093,10,0.10911685700622642,partial:OEWS_May2021_lognormal;D,11.154153790454902,0.28146326373595354,5,own
49-2094,1,0.0026848890763316313,partial:OEWS_May2021_lognormal;D,11.01471677213148,0.35755853349243644,5,own
49-2094,2,0.016408584033197393,partial:OEWS_May2021_lognormal;D,11.01471677213148,0.35755853349243644,5,own
49-2094,3,0.040278378126238856,partial:OEWS_May2021_lognormal;D,11.01471677213148,0.35755853349243644,5,own
49-2094,4,0.0715759471661866,partial:OEWS_May2021_lognormal;D,11.01471677213148,0.35755853349243644,5,own
49-2094,5,0.1071616645001256,partial:OEWS_May2021_lognormal;D,11.01471677213148,0.35755853349243644,5,own
49-2094,6,0.14288419254897566,partial:OEWS_May2021_lognormal;D,11.01471677213148,0.35755853349243644,5,own
49-2094,7,0.1728088483916453,partial:OEWS_May2021_lognormal;D,11.01471677213148,0.35755853349243644,5,own
49-2094,8,0.18772063365202052,partial:OEWS_May2021_lognormal;D,11.01471677213148,0.35755853349243644,5,own
49-2094,9,0.17143163587408194,partial:OEWS_May2021_lognormal;D,11.01471677213148,0.35755853349243644,5,own
49-2094,10,0.08704522663119652,partial:OEWS_May2021_lognormal;D,11.01471677213148,0.35755853349243644,5,own
49-2095,1,8.747532609376663e-8,partial:OEWS_May2021_lognormal;D,11.380885265237975,0.2606356001452556,5,own
49-2095,2,0.000010669053617184954,partial:OEWS_May2021_lognormal;D,11.380885265237975,0.2606356001452556,5,own
49-2095,3,0.00018546121263501858,partial:OEWS_May2021_lognormal;D,11.380885265237975,0.2606356001452556,5,own
49-2095,4,0.0014235798542919231,partial:OEWS_May2021_lognormal;D,11.380885265237975,0.2606356001452556,5,own
49-2095,5,0.006984436623980572,partial:OEWS_May2021_lognormal;D,11.380885265237975,0.2606356001452556,5,own
49-2095,6,0.025744249384861195,partial:OEWS_May2021_lognormal;D,11.380885265237975,0.2606356001452556,5,own
49-2095,7,0.07701158105097017,partial:OEWS_May2021_lognormal;D,11.380885265237975,0.2606356001452556,5,own
49-2095,8,0.19161359272503098,partial:OEWS_May2021_lognormal;D,11.380885265237975,0.2606356001452556,5,own
49-2095,9,0.3741643007155836,partial:OEWS_May2021_lognormal;D,11.380885265237975,0.2606356001452556,5,own
49-2095,10,0.32286204190370327,partial:OEWS_May2021_lognormal;D,11.380885265237975,0.2606356001452556,5,own
49-2096,1,0.010447097642716063,partial:OEWS_May2021_lognormal;D,10.636326152919116,0.2671304024874472,5,own
49-2096,2,0.07677952176090158,partial:OEWS_May2021_lognormal;D,10.636326152919116,0.2671304024874472,5,own
49-2096,3,0.16366826085848085,partial:OEWS_May2021_lognormal;D,10.636326152919116,0.2671304024874472,5,own
49-2096,4,0.21515235243030573,partial:OEWS_May2021_lognormal;D,10.636326152919116,0.2671304024874472,5,own
49-2096,5,0.21225124932010486,partial:OEWS_May2021_lognormal;D,10.636326152919116,0.2671304024874472,5,own
49-2096,6,0.16571772938320917,partial:OEWS_May2021_lognormal;D,10.636326152919116,0.2671304024874472,5,own
49-2096,7,0.10091426300845208,partial:OEWS_May2021_lognormal;D,10.636326152919116,0.2671304024874472,5,own
49-2096,8,0.043881556799274635,partial:OEWS_May2021_lognormal;D,10.636326152919116,0.2671304024874472,5,own
49-2096,9,0.010581420961866317,partial:OEWS_May2021_lognormal;D,10.636326152919116,0.2671304024874472,5,own
49-2096,10,0.0006065478346887199,partial:OEWS_May2021_lognormal;D,10.636326152919116,0.2671304024874472,5,own
49-2097,1,0.013247748384556834,partial:OEWS_May2021_lognormal;D,10.697733815461701,0.3057634822655715,5,own
49-2097,2,0.06943046164321864,partial:OEWS_May2021_lognormal;D,10.697733815461701,0.3057634822655715,5,own
49-2097,3,0.1327742137422206,partial:OEWS_May2021_lognormal;D,10.697733815461701,0.3057634822655715,5,own
49-2097,4,0.1760990646773185,partial:OEWS_May2021_lognormal;D,10.697733815461701,0.3057634822655715,5,own
49-2097,5,0.1891229513444781,partial:OEWS_May2021_lognormal;D,10.697733815461701,0.3057634822655715,5,own
49-2097,6,0.171869167674378,partial:OEWS_May2021_lognormal;D,10.697733815461701,0.3057634822655715,5,own
49-2097,7,0.13138992718154474,partial:OEWS_May2021_lognormal;D,10.697733815461701,0.3057634822655715,5,own
49-2097,8,0.07970122108649724,partial:OEWS_May2021_lognormal;D,10.697733815461701,0.3057634822655715,5,own
49-2097,9,0.032046891489683316,partial:OEWS_May2021_lognormal;D,10.697733815461701,0.3057634822655715,5,own
49-2097,10,0.00431835277610404,partial:OEWS_May2021_lognormal;D,10.697733815461701,0.3057634822655715,5,own
49-2098,1,0.0157405276969782,partial:OEWS_May2021_lognormal;D,10.783293354420348,0.35519811063217793,5,own
49-2098,2,0.05989107097162755,partial:OEWS_May2021_lognormal;D,10.783293354420348,0.35519811063217793,5,own
49-2098,3,0.10344172911162569,partial:OEWS_May2021_lognormal;D,10.783293354420348,0.35519811063217793,5,own
49-2098,4,0.1373072040587725,partial:OEWS_May2021_lognormal;D,10.783293354420348,0.35519811063217793,5,own
49-2098,5,0.15746846456959657,partial:OEWS_May2021_lognormal;D,10.783293354420348,0.35519811063217793,5,own
49-2098,6,0.1617233123877178,partial:OEWS_May2021_lognormal;D,10.783293354420348,0.35519811063217793,5,own
49-2098,7,0.14899352508964414,partial:OEWS_May2021_lognormal;D,10.783293354420348,0.35519811063217793,5,own
49-2098,8,0.11929830670352137,partial:OEWS_May2021_lognormal;D,10.783293354420348,0.35519811063217793,5,own
49-2098,9,0.0744308210359812,partial:OEWS_May2021_lognormal;D,10.783293354420348,0.35519811063217793,5,own
49-2098,10,0.02170503837453497,partial:OEWS_May2021_lognormal;D,10.783293354420348,0.35519811063217793,5,own
49-3011,1,0.0022454969822633952,partial:OEWS_May2021_lognormal;D,11.049898058559824,0.3627080132330373,5,own
49-3011,2,0.013915334650871525,partial:OEWS_May2021_lognormal;D,11.049898058559824,0.3627080132330373,5,own
49-3011,3,0.034872513140588424,partial:OEWS_May2021_lognormal;D,11.049898058559824,0.3627080132330373,5,own
49-3011,4,0.0634567684794628,partial:OEWS_May2021_lognormal;D,11.049898058559824,0.3627080132330373,5,own
49-3011,5,0.09757417959897696,partial:OEWS_May2021_lognormal;D,11.049898058559824,0.3627080132330373,5,own
49-3011,6,0.13414746110978049,partial:OEWS_May2021_lognormal;D,11.049898058559824,0.3627080132330373,5,own
49-3011,7,0.16828964189028228,partial:OEWS_May2021_lognormal;D,11.049898058559824,0.3627080132330373,5,own
49-3011,8,0.19153822244869112,partial:OEWS_May2021_lognormal;D,11.049898058559824,0.3627080132330373,5,own
49-3011,9,0.18700515321897937,partial:OEWS_May2021_lognormal;D,11.049898058559824,0.3627080132330373,5,own
49-3011,10,0.10695522848010364,partial:OEWS_May2021_lognormal;D,11.049898058559824,0.3627080132330373,5,own
49-3021,1,0.02015941918296249,partial:OEWS_May2021_lognormal;D,10.766370659940415,0.36434940557962175,5,own
49-3021,2,0.06793345573625054,partial:OEWS_May2021_lognormal;D,10.766370659940415,0.36434940557962175,5,own
49-3021,3,0.10974314620024705,partial:OEWS_May2021_lognormal;D,10.766370659940415,0.36434940557962175,5,own
49-3021,4,0.13962735536092497,partial:OEWS_May2021_lognormal;D,10.766370659940415,0.36434940557962175,5,own
49-3021,5,0.15555392780536603,partial:OEWS_May2021_lognormal;D,10.766370659940415,0.36434940557962175,5,own
49-3021,6,0.15663730805981535,partial:OEWS_May2021_lognormal;D,10.766370659940415,0.36434940557962175,5,own
49-3021,7,0.14262838462394822,partial:OEWS_May2021_lognormal;D,10.766370659940415,0.36434940557962175,5,own
49-3021,8,0.1138956948679738,partial:OEWS_May2021_lognormal;D,10.766370659940415,0.36434940557962175,5,own
49-3021,9,0.07189305082524755,partial:OEWS_May2021_lognormal;D,10.766370659940415,0.36434940557962175,5,own
49-3021,10,0.021928257337264,partial:OEWS_May2021_lognormal;D,10.766370659940415,0.36434940557962175,5,own
49-3022,1,0.023961421405724326,partial:OEWS_May2021_lognormal;D,10.57518583060444,0.2810349613156033,5,own
49-3022,2,0.11760945250078386,partial:OEWS_May2021_lognormal;D,10.57518583060444,0.2810349613156033,5,own
49-3022,3,0.19534676946820229,partial:OEWS_May2021_lognormal;D,10.57518583060444,0.2810349613156033,5,own
49-3022,4,0.2173930795223436,partial:OEWS_May2021_lognormal;D,10.57518583060444,0.2810349613156033,5,own
49-3022,5,0.19029019011838189,partial:OEWS_May2021_lognormal;D,10.57518583060444,0.2810349613156033,5,own
49-3022,6,0.13612645160391046,partial:OEWS_May2021_lognormal;D,10.57518583060444,0.2810349613156033,5,own
49-3022,7,0.0779978693861555,partial:OEWS_May2021_lognormal;D,10.57518583060444,0.2810349613156033,5,own
49-3022,8,0.032815630883654245,partial:OEWS_May2021_lognormal;D,10.57518583060444,0.2810349613156033,5,own
49-3022,9,0.00796394041255244,partial:OEWS_May2021_lognormal;D,10.57518583060444,0.2810349613156033,5,own
49-3022,10,0.0004951946982914013,partial:OEWS_May2021_lognormal;D,10.57518583060444,0.2810349613156033,5,own
49-3023,1,0.02566671524333919,partial:OEWS_May2021_lognormal;D,10.748185977253636,0.37404869779138766,5,own
49-3023,2,0.0765710253552443,partial:OEWS_May2021_lognormal;D,10.748185977253636,0.37404869779138766,5,own
49-3023,3,0.11583003046453827,partial:OEWS_May2021_lognormal;D,10.748185977253636,0.37404869779138766,5,own
49-3023,4,0.14139131679441214,partial:OEWS_May2021_lognormal;D,10.748185977253636,0.37404869779138766,5,own
49-3023,5,0.15313174788429407,partial:OEWS_May2021_lognormal;D,10.748185977253636,0.37404869779138766,5,own
49-3023,6,0.151274876223496,partial:OEWS_May2021_lognormal;D,10.748185977253636,0.37404869779138766,5,own
49-3023,7,0.13620310515720535,partial:OEWS_May2021_lognormal;D,10.748185977253636,0.37404869779138766,5,own
49-3023,8,0.10850685214239919,partial:OEWS_May2021_lognormal;D,10.748185977253636,0.37404869779138766,5,own
49-3023,9,0.06930452652843866,partial:OEWS_May2021_lognormal;D,10.748185977253636,0.37404869779138766,5,own
49-3023,10,0.022119804206632843,partial:OEWS_May2021_lognormal;D,10.748185977253636,0.37404869779138766,5,own
49-3031,1,0.0026874534397857697,partial:OEWS_May2021_lognormal;D,10.834547836861143,0.29287458972153635,5,own
49-3031,2,0.025028608720531254,partial:OEWS_May2021_lognormal;D,10.834547836861143,0.29287458972153635,5,own
49-3031,3,0.07090494929570501,partial:OEWS_May2021_lognormal;D,10.834547836861143,0.29287458972153635,5,own
49-3031,4,0.12664328521153145,partial:OEWS_May2021_lognormal;D,10.834547836861143,0.29287458972153635,5,own
49-3031,5,0.17426643952620885,partial:OEWS_May2021_lognormal;D,10.834547836861143,0.29287458972153635,5,own
49-3031,6,0.1973998593705366,partial:OEWS_May2021_lognormal;D,10.834547836861143,0.29287458972153635,5,own
49-3031,7,0.1854696607417179,partial:OEWS_May2021_lognormal;D,10.834547836861143,0.29287458972153635,5,own
49-3031,8,0.1377896075553624,partial:OEWS_May2021_lognormal;D,10.834547836861143,0.29287458972153635,5,own
49-3031,9,0.06834330128401422,partial:OEWS_May2021_lognormal;D,10.834547836861143,0.29287458972153635,5,own
49-3031,10,0.011466834854606534,partial:OEWS_May2021_lognormal;D,10.834547836861143,0.29287458972153635,5,own
49-3041,1,0.008569965951833736,partial:OEWS_May2021_lognormal;D,10.721467398388901,0.2945780215173739,5,own
49-3041,2,0.05561962558668526,partial:OEWS_May2021_lognormal;D,10.721467398388901,0.2945780215173739,5,own
49-3041,3,0.12037119132129831,partial:OEWS_May2021_lognormal;D,10.721467398388901,0.2945780215173739,5,own
49-3041,4,0.17251047847563955,partial:OEWS_May2021_lognormal;D,10.721467398388901,0.2945780215173739,5,own
49-3041,5,0.19495514906613798,partial:OEWS_May2021_lognormal;D,10.721467398388901,0.2945780215173739,5,own
49-3041,6,0.18292698705378974,partial:OEWS_May2021_lognormal;D,10.721467398388901,0.2945780215173739,5,own
49-3041,7,0.1419581640206815,partial:OEWS_May2021_lognormal;D,10.721467398388901,0.2945780215173739,5,own
49-3041,8,0.08572116577267486,partial:OEWS_May2021_lognormal;D,10.721467398388901,0.2945780215173739,5,own
49-3041,9,0.033285836136498714,partial:OEWS_May2021_lognormal;D,10.721467398388901,0.2945780215173739,5,own
49-3041,10,0.004081436614760348,partial:OEWS_May2021_lognormal;D,10.721467398388901,0.2945780215173739,5,own
49-3042,1,0.0005605444836213058,partial:OEWS_May2021_lognormal;D,10.916273188288086,0.27529937962181894,5,own
49-3042,2,0.009221145491245308,partial:OEWS_May2021_lognormal;D,10.916273188288086,0.27529937962181894,5,own
49-3042,3,0.03781388902708105,partial:OEWS_May2021_lognormal;D,10.916273188288086,0.27529937962181894,5,own
49-3042,4,0.08816555034257073,partial:OEWS_May2021_lognormal;D,10.916273188288086,0.27529937962181894,5,own
49-3042,5,0.14936732920041457,partial:OEWS_May2021_lognormal;D,10.916273188288086,0.27529937962181894,5,own
49-3042,6,0.20059939013149375,partial:OEWS_May2021_lognormal;D,10.916273188288086,0.27529937962181894,5,own
49-3042,7,0.217352789496854,partial:OEWS_May2021_lognormal;D,10.916273188288086,0.27529937962181894,5,own
49-3042,8,0.1817082188747906,partial:OEWS_May2021_lognormal;D,10.916273188288086,0.27529937962181894,5,own
49-3042,9,0.09832940671668311,partial:OEWS_May2021_lognormal;D,10.916273188288086,0.27529937962181894,5,own
49-3042,10,0.01688173623524558,partial:OEWS_May2021_lognormal;D,10.916273188288086,0.27529937962181894,5,own
49-3043,1,0.00123602267150702,partial:OEWS_May2021_lognormal;D,10.970473770626777,0.3142618628259333,5,own
49-3043,2,0.012053690948077789,partial:OEWS_May2021_lognormal;D,10.970473770626777,0.3142618628259333,5,own
49-3043,3,0.0378166954550066,partial:OEWS_May2021_lognormal;D,10.970473770626777,0.3142618628259333,5,own
49-3043,4,0.07693293378539062,partial:OEWS_May2021_lognormal;D,10.970473770626777,0.3142618628259333,5,own
49-3043,5,0.12346541933001992,partial:OEWS_May2021_lognormal;D,10.970473770626777,0.3142618628259333,5,own
49-3043,6,0.167743984877818,partial:OEWS_May2021_lognormal;D,10.970473770626777,0.3142618628259333,5,own
49-3043,7,0.196637917647207,partial:OEWS_May2021_lognormal;D,10.970473770626777,0.3142618628259333,5,own
49-3043,8,0.19417279759439232,partial:OEWS_May2021_lognormal;D,10.970473770626777,0.3142618628259333,5,own
49-3043,9,0.14415985550953248,partial:OEWS_May2021_lognormal;D,10.970473770626777,0.3142618628259333,5,own
49-3043,10,0.04578068218104825,partial:OEWS_May2021_lognormal;D,10.970473770626777,0.3142618628259333,5,own
49-3051,1,0.012229763130756133,partial:OEWS_May2021_lognormal;D,10.710583103719578,0.3072667742008686,5,own
49-3051,2,0.065238268984331,partial:OEWS_May2021_lognormal;D,10.710583103719578,0.3072667742008686,5,own
49-3051,3,0.12704501470494856,partial:OEWS_May2021_lognormal;D,10.710583103719578,0.3072667742008686,5,own
49-3051,4,0.17158353375271462,partial:OEWS_May2021_lognormal;D,10.710583103719578,0.3072667742008686,5,own
49-3051,5,0.18777990166965686,partial:OEWS_May2021_lognormal;D,10.710583103719578,0.3072667742008686,5,own
49-3051,6,0.17417790788219611,partial:OEWS_May2021_lognormal;D,10.710583103719578,0.3072667742008686,5,own
49-3051,7,0.13629996374293296,partial:OEWS_May2021_lognormal;D,10.710583103719578,0.3072667742008686,5,own
49-3051,8,0.08505917906408611,partial:OEWS_May2021_lognormal;D,10.710583103719578,0.3072667742008686,5,own
49-3051,9,0.0355226860859289,partial:OEWS_May2021_lognormal;D,10.710583103719578,0.3072667742008686,5,own
49-3051,10,0.005063780982448751,partial:OEWS_May2021_lognormal;D,10.710583103719578,0.3072667742008686,5,own
49-3052,1,0.03562844539861554,partial:OEWS_May2021_lognormal;D,10.578934486069649,0.3102555671036418,5,own
49-3052,2,0.12685900833781655,partial:OEWS_May2021_lognormal;D,10.578934486069649,0.3102555671036418,5,own
49-3052,3,0.1845496130789101,partial:OEWS_May2021_lognormal;D,10.578934486069649,0.3102555671036418,5,own
49-3052,4,0.1973990010810701,partial:OEWS_May2021_lognormal;D,10.578934486069649,0.3102555671036418,5,own
49-3052,5,0.17581213467635937,partial:OEWS_May2021_lognormal;D,10.578934486069649,0.3102555671036418,5,own
49-3052,6,0.13416303394217532,partial:OEWS_May2021_lognormal;D,10.578934486069649,0.3102555671036418,5,own
49-3052,7,0.08626672132939772,partial:OEWS_May2021_lognormal;D,10.578934486069649,0.3102555671036418,5,own
49-3052,8,0.04360145642507085,partial:OEWS_May2021_lognormal;D,10.578934486069649,0.3102555671036418,5,own
49-3052,9,0.014236401787305342,partial:OEWS_May2021_lognormal;D,10.578934486069649,0.3102555671036418,5,own
49-3052,10,0.0014841839432790938,partial:OEWS_May2021_lognormal;D,10.578934486069649,0.3102555671036418,5,own
49-3053,1,0.030679302926066576,partial:OEWS_May2021_lognormal;D,10.565656116419685,0.2920366335361253,5,own
49-3053,2,0.1279219262590175,partial:OEWS_May2021_lognormal;D,10.565656116419685,0.2920366335361253,5,own
49-3053,3,0.1961954120729536,partial:OEWS_May2021_lognormal;D,10.565656116419685,0.2920366335361253,5,own
49-3053,4,0.2103564612545087,partial:OEWS_May2021_lognormal;D,10.565656116419685,0.2920366335361253,5,own
49-3053,5,0.18196688085928203,partial:OEWS_May2021_lognormal;D,10.565656116419685,0.2920366335361253,5,own
49-3053,6,0.13124675063801183,partial:OEWS_May2021_lognormal;D,10.565656116419685,0.2920366335361253,5,own
49-3053,7,0.07737830232080656,partial:OEWS_May2021_lognormal;D,10.565656116419685,0.2920366335361253,5,own
49-3053,8,0.034381755003642045,partial:OEWS_May2021_lognormal;D,10.565656116419685,0.2920366335361253,5,own
49-3053,9,0.009190375387171157,partial:OEWS_May2021_lognormal;D,10.565656116419685,0.2920366335361253,5,own
49-3053,10,0.0006828332785400182,partial:OEWS_May2021_lognormal;D,10.565656116419685,0.2920366335361253,5,own
49-3091,1,0.03800087389488149,partial:OEWS_May2021_lognormal;D,10.42852050499821,0.2306374252304737,5,own
49-3091,2,0.21282150015403978,partial:OEWS_May2021_lognormal;D,10.42852050499821,0.2306374252304737,5,own
49-3091,3,0.2981447990071414,partial:OEWS_May2021_lognormal;D,10.42852050499821,0.2306374252304737,5,own
49-3091,4,0.23984695264239353,partial:OEWS_May2021_lognormal;D,10.42852050499821,0.2306374252304737,5,own
49-3091,5,0.13585559934003189,partial:OEWS_May2021_lognormal;D,10.42852050499821,0.2306374252304737,5,own
49-3091,6,0.05620180108595929,partial:OEWS_May2021_lognormal;D,10.42852050499821,0.2306374252304737,5,own
49-3091,7,0.01616098275876965,partial:OEWS_May2021_lognormal;D,10.42852050499821,0.2306374252304737,5,own
49-3091,8,0.0027721568254164275,partial:OEWS_May2021_lognormal;D,10.42852050499821,0.2306374252304737,5,own
49-3091,9,0.00019366473615467505,partial:OEWS_May2021_lognormal;D,10.42852050499821,0.2306374252304737,5,own
49-3091,10,1.669555211858409e-6,partial:OEWS_May2021_lognormal;D,10.42852050499821,0.2306374252304737,5,own
49-3092,1,0.01102827628681552,partial:OEWS_May2021_lognormal;D,10.657949863559438,0.2789673554632433,5,own
49-3092,2,0.07308522442047866,partial:OEWS_May2021_lognormal;D,10.657949863559438,0.2789673554632433,5,own
49-3092,3,0.1514367417019558,partial:OEWS_May2021_lognormal;D,10.657949863559438,0.2789673554632433,5,own
49-3092,4,0.20124172665307755,partial:OEWS_May2021_lognormal;D,10.657949863559438,0.2789673554632433,5,own
49-3092,5,0.20594685341991392,partial:OEWS_May2021_lognormal;D,10.657949863559438,0.2789673554632433,5,own
49-3092,6,0.17071242658082375,partial:OEWS_May2021_lognormal;D,10.657949863559438,0.2789673554632433,5,own
49-3092,7,0.11333521550084635,partial:OEWS_May2021_lognormal;D,10.657949863559438,0.2789673554632433,5,own
49-3092,8,0.055762884185558304,partial:OEWS_May2021_lognormal;D,10.657949863559438,0.2789673554632433,5,own
49-3092,9,0.016190824005004933,partial:OEWS_May2021_lognormal;D,10.657949863559438,0.2789673554632433,5,own
49-3092,10,0.0012598272455252024,partial:OEWS_May2021_lognormal;D,10.657949863559438,0.2789673554632433,5,own
49-3093,1,0.08093437049520374,partial:OEWS_May2021_lognormal;D,10.363186869425089,0.24585311534616275,5,own
49-3093,2,0.276778910505215,partial:OEWS_May2021_lognormal;D,10.363186869425089,0.24585311534616275,5,own
49-3093,3,0.29075160196952576,partial:OEWS_May2021_lognormal;D,10.363186869425089,0.24585311534616275,5,own
49-3093,4,0.19729145338338694,partial:OEWS_May2021_lognormal;D,10.363186869425089,0.24585311534616275,5,own
49-3093,5,0.1009796509081814,partial:OEWS_May2021_lognormal;D,10.363186869425089,0.24585311534616275,5,own
49-3093,6,0.03969731115715325,partial:OEWS_May2021_lognormal;D,10.363186869425089,0.24585311534616275,5,own
49-3093,7,0.011358752209931211,partial:OEWS_May2021_lognormal;D,10.363186869425089,0.24585311534616275,5,own
49-3093,8,0.002044234495333308,partial:OEWS_May2021_lognormal;D,10.363186869425089,0.24585311534616275,5,own
49-3093,9,0.00016185815875913168,partial:OEWS_May2021_lognormal;D,10.363186869425089,0.24585311534616275,5,own
49-3093,10,1.8567173102335133e-6,partial:OEWS_May2021_lognormal;D,10.363186869425089,0.24585311534616275,5,own
49-9011,1,0.008035398216306722,partial:OEWS_May2021_lognormal;D,10.680895089611607,0.2748348716998463,5,own
49-9011,2,0.06111754829731014,partial:OEWS_May2021_lognormal;D,10.680895089611607,0.2748348716998463,5,own
49-9011,3,0.1383793659090906,partial:OEWS_May2021_lognormal;D,10.680895089611607,0.2748348716998463,5,own
49-9011,4,0.19570074000062776,partial:OEWS_May2021_lognormal;D,10.680895089611607,0.2748348716998463,5,own
49-9011,5,0.21001779870545695,partial:OEWS_May2021_lognormal;D,10.680895089611607,0.2748348716998463,5,own
49-9011,6,0.1808096617101027,partial:OEWS_May2021_lognormal;D,10.680895089611607,0.2748348716998463,5,own
49-9011,7,0.1237687559875218,partial:OEWS_May2021_lognormal;D,10.680895089611607,0.2748348716998463,5,own
49-9011,8,0.06236286145248404,partial:OEWS_May2021_lognormal;D,10.680895089611607,0.2748348716998463,5,own
49-9011,9,0.01838024969328944,partial:OEWS_May2021_lognormal;D,10.680895089611607,0.2748348716998463,5,own
49-9011,10,0.0014276200278098283,partial:OEWS_May2021_lognormal;D,10.680895089611607,0.2748348716998463,5,own
49-9012,1,0.003979055530032305,partial:OEWS_May2021_lognormal;D,11.033030051623827,0.3819918565014241,5,own
49-9012,2,0.019415794208053394,partial:OEWS_May2021_lognormal;D,11.033030051623827,0.3819918565014241,5,own
49-9012,3,0.04235382509371771,partial:OEWS_May2021_lognormal;D,11.033030051623827,0.3819918565014241,5,own
49-9012,4,0.07033127244151016,partial:OEWS_May2021_lognormal;D,11.033030051623827,0.3819918565014241,5,own
49-9012,5,0.10129514385457572,partial:OEWS_May2021_lognormal;D,11.033030051623827,0.3819918565014241,5,own
49-9012,6,0.13278057766139334,partial:OEWS_May2021_lognormal;D,11.033030051623827,0.3819918565014241,5,own
49-9012,7,0.16120084467239926,partial:OEWS_May2021_lognormal;D,11.033030051623827,0.3819918565014241,5,own
49-9012,8,0.18044511361841475,partial:OEWS_May2021_lognormal;D,11.033030051623827,0.3819918565014241,5,own
49-9012,9,0.1777785811723347,partial:OEWS_May2021_lognormal;D,11.033030051623827,0.3819918565014241,5,own
49-9012,10,0.11041979174756866,partial:OEWS_May2021_lognormal;D,11.033030051623827,0.3819918565014241,5,own
49-9021,1,0.007458064955832455,partial:OEWS_May2021_lognormal;D,10.81892717831128,0.32847525188287174,5,own
49-9021,2,0.040967326400517146,partial:OEWS_May2021_lognormal;D,10.81892717831128,0.32847525188287174,5,own
49-9021,3,0.08677469365743679,partial:OEWS_May2021_lognormal;D,10.81892717831128,0.32847525188287174,5,own
49-9021,4,0.1307193452545955,partial:OEWS_May2021_lognormal;D,10.81892717831128,0.32847525188287174,5,own
49-9021,5,0.1628856930333485,partial:OEWS_May2021_lognormal;D,10.81892717831128,0.32847525188287174,5,own
49-9021,6,0.17621671862109944,partial:OEWS_May2021_lognormal;D,10.81892717831128,0.32847525188287174,5,own
49-9021,7,0.16633035629716142,partial:OEWS_May2021_lognormal;D,10.81892717831128,0.32847525188287174,5,own
49-9021,8,0.1321011232129029,partial:OEWS_May2021_lognormal;D,10.81892717831128,0.32847525188287174,5,own
49-9021,9,0.07758003641428202,partial:OEWS_May2021_lognormal;D,10.81892717831128,0.32847525188287174,5,own
49-9021,10,0.018966642152823843,partial:OEWS_May2021_lognormal;D,10.81892717831128,0.32847525188287174,5,own
49-9031,1,0.019192341910462984,partial:OEWS_May2021_lognormal;D,10.674886376337792,0.3166054988577464,5,own
49-9031,2,0.0832763963466292,partial:OEWS_May2021_lognormal;D,10.674886376337792,0.3166054988577464,5,own
49-9031,3,0.14309775036127703,partial:OEWS_May2021_lognormal;D,10.674886376337792,0.3166054988577464,5,own
49-9031,4,0.17764396323299858,partial:OEWS_May2021_lognormal;D,10.674886376337792,0.3166054988577464,5,own
49-9031,5,0.18275162116544935,partial:OEWS_May2021_lognormal;D,10.674886376337792,0.3166054988577464,5,own
49-9031,6,0.16174216019415666,partial:OEWS_May2021_lognormal;D,10.674886376337792,0.3166054988577464,5,own
49-9031,7,0.12222052000392436,partial:OEWS_May2021_lognormal;D,10.674886376337792,0.3166054988577464,5,own
49-9031,8,0.074555858915345,partial:OEWS_May2021_lognormal;D,10.674886376337792,0.3166054988577464,5,own
49-9031,9,0.030970303341853578,partial:OEWS_May2021_lognormal;D,10.674886376337792,0.3166054988577464,5,own
49-9031,10,0.004549084527903258,partial:OEWS_May2021_lognormal;D,10.674886376337792,0.3166054988577464,5,own
49-9041,1,0.0006815511199790847,partial:OEWS_May2021_lognormal;D,10.938275564063126,0.28697389774443915,5,own
49-9041,2,0.009589048876180062,partial:OEWS_May2021_lognormal;D,10.938275564063126,0.28697389774443915,5,own
49-9041,3,0.036459989144951965,partial:OEWS_May2021_lognormal;D,10.938275564063126,0.28697389774443915,5,own
49-9041,4,0.08219130880109393,partial:OEWS_May2021_lognormal;D,10.938275564063126,0.28697389774443915,5,own
49-9041,5,0.13829577635947954,partial:OEWS_May2021_lognormal;D,10.938275564063126,0.28697389774443915,5,own
49-9041,6,0.18859159861517305,partial:OEWS_May2021_lognormal;D,10.938275564063126,0.28697389774443915,5,own
49-9041,7,0.21237922154027594,partial:OEWS_May2021_lognormal;D,10.938275564063126,0.28697389774443915,5,own
49-9041,8,0.19035833105902666,partial:OEWS_May2021_lognormal;D,10.938275564063126,0.28697389774443915,5,own
49-9041,9,0.11644667708209322,partial:OEWS_May2021_lognormal;D,10.938275564063126,0.28697389774443915,5,own
49-9041,10,0.02500649740174654,partial:OEWS_May2021_lognormal;D,10.938275564063126,0.28697389774443915,5,own
49-9043,1,0.00391323676062727,partial:OEWS_May2021_lognormal;D,10.826724035817216,0.30360986235530685,5,own
49-9043,2,0.030316106739369797,partial:OEWS_May2021_lognormal;D,10.826724035817216,0.30360986235530685,5,own
49-9043,3,0.07736621947492994,partial:OEWS_May2021_lognormal;D,10.826724035817216,0.30360986235530685,5,own
49-9043,4,0.12971738577313946,partial:OEWS_May2021_lognormal;D,10.826724035817216,0.30360986235530685,5,own
49-9043,5,0.1717037566148808,partial:OEWS_May2021_lognormal;D,10.826724035817216,0.30360986235530685,5,own
49-9043,6,0.19051610499381594,partial:OEWS_May2021_lognormal;D,10.826724035817216,0.30360986235530685,5,own
49-9043,7,0.17833095250576658,partial:OEWS_May2021_lognormal;D,10.826724035817216,0.30360986235530685,5,own
49-9043,8,0.13471059379879158,partial:OEWS_May2021_lognormal;D,10.826724035817216,0.30360986235530685,5,own
49-9043,9,0.07021226116877655,partial:OEWS_May2021_lognormal;D,10.826724035817216,0.30360986235530685,5,own
49-9043,10,0.013213382169902088,partial:OEWS_May2021_lognormal;D,10.826724035817216,0.30360986235530685,5,own
49-9044,1,0.0010087724124421826,partial:OEWS_May2021_lognormal;D,10.972608848846047,0.3087554198137526,5,own
49-9044,2,0.010775067666464688,partial:OEWS_May2021_lognormal;D,10.972608848846047,0.3087554198137526,5,own
49-9044,3,0.03564819164159183,partial:OEWS_May2021_lognormal;D,10.972608848846047,0.3087554198137526,5,own
49-9044,4,0.07500748099604942,partial:OEWS_May2021_lognormal;D,10.972608848846047,0.3087554198137526,5,own
49-9044,5,0.1230911188541054,partial:OEWS_May2021_lognormal;D,10.972608848846047,0.3087554198137526,5,own
49-9044,6,0.16960028698586432,partial:OEWS_May2021_lognormal;D,10.972608848846047,0.3087554198137526,5,own
49-9044,7,0.20012170912614613,partial:OEWS_May2021_lognormal;D,10.972608848846047,0.3087554198137526,5,own
49-9044,8,0.19717048001747117,partial:OEWS_May2021_lognormal;D,10.972608848846047,0.3087554198137526,5,own
49-9044,9,0.14398034309476426,partial:OEWS_May2021_lognormal;D,10.972608848846047,0.3087554198137526,5,own
49-9044,10,0.04359654920510059,partial:OEWS_May2021_lognormal;D,10.972608848846047,0.3087554198137526,5,own
49-9045,1,0.00031918695634758354,partial:OEWS_May2021_lognormal;D,10.880968712023721,0.25234093647064704,5,own
49-9045,2,0.00772029734286489,partial:OEWS_May2021_lognormal;D,10.880968712023721,0.25234093647064704,5,own
49-9045,3,0.038387167431085445,partial:OEWS_May2021_lognormal;D,10.880968712023721,0.25234093647064704,5,own
49-9045,4,0.09821476351802227,partial:OEWS_May2021_lognormal;D,10.880968712023721,0.25234093647064704,5,own
49-9045,5,0.17118091212957065,partial:OEWS_May2021_lognormal;D,10.880968712023721,0.25234093647064704,5,own
49-9045,6,0.22435070979087812,partial:OEWS_May2021_lognormal;D,10.880968712023721,0.25234093647064704,5,own
49-9045,7,0.22459004064606525,partial:OEWS_May2021_lognormal;D,10.880968712023721,0.25234093647064704,5,own
49-9045,8,0.16146916067604733,partial:OEWS_May2021_lognormal;D,10.880968712023721,0.25234093647064704,5,own
49-9045,9,0.06674187312535285,partial:OEWS_May2021_lognormal;D,10.880968712023721,0.25234093647064704,5,own
49-9045,10,0.0070258883837656105,partial:OEWS_May2021_lognormal;D,10.880968712023721,0.25234093647064704,5,own
49-9051,1,0.00017566124500717484,partial:OEWS_May2021_lognormal;D,11.220744085508727,0.336149505815036,5,own
49-9051,2,0.0022423094371968877,partial:OEWS_May2021_lognormal;D,11.220744085508727,0.336149505815036,5,own
49-9051,3,0.009115277523255028,partial:OEWS_May2021_lognormal;D,11.220744085508727,0.336149505815036,5,own
49-9051,4,0.023904064371546185,partial:OEWS_May2021_lognormal;D,11.220744085508727,0.336149505815036,5,own
49-9051,5,0.049801184234098184,partial:OEWS_May2021_lognormal;D,11.220744085508727,0.336149505815036,5,own
49-9051,6,0.08963875834962187,partial:OEWS_May2021_lognormal;D,11.220744085508727,0.336149505815036,5,own
49-9051,7,0.14465255565810725,partial:OEWS_May2021_lognormal;D,11.220744085508727,0.336149505815036,5,own
49-9051,8,0.21092692125406454,partial:OEWS_May2021_lognormal;D,11.220744085508727,0.336149505815036,5,own
49-9051,9,0.2670752184576176,partial:OEWS_May2021_lognormal;D,11.220744085508727,0.336149505815036,5,own
49-9051,10,0.20246804946948527,partial:OEWS_May2021_lognormal;D,11.220744085508727,0.336149505815036,5,own
49-9052,1,0.006454108685595927,partial:OEWS_May2021_lognormal;D,10.996502975381457,0.3930427688816499,5,own
49-9052,2,0.026476727174938097,partial:OEWS_May2021_lognormal;D,10.996502975381457,0.3930427688816499,5,own
49-9052,3,0.05196342224207129,partial:OEWS_May2021_lognormal;D,10.996502975381457,0.3930427688816499,5,own
49-9052,4,0.08006116957901332,partial:OEWS_May2021_lognormal;D,10.996502975381457,0.3930427688816499,5,own
49-9052,5,0.10871792702106786,partial:OEWS_May2021_lognormal;D,10.996502975381457,0.3930427688816499,5,own
49-9052,6,0.135688013136829,partial:OEWS_May2021_lognormal;D,10.996502975381457,0.3930427688816499,5,own
49-9052,7,0.1578984581433195,partial:OEWS_May2021_lognormal;D,10.996502975381457,0.3930427688816499,5,own
49-9052,8,0.17031364458441067,partial:OEWS_May2021_lognormal;D,10.996502975381457,0.3930427688816499,5,own
49-9052,9,0.16264720394402776,partial:OEWS_May2021_lognormal;D,10.996502975381457,0.3930427688816499,5,own
49-9052,10,0.09977932548872659,partial:OEWS_May2021_lognormal;D,10.996502975381457,0.3930427688816499,5,own
49-9061,1,0.035121631689710886,partial:OEWS_May2021_lognormal;D,10.627343941938593,0.3358818100783924,5,own
49-9061,2,0.1109764729203151,partial:OEWS_May2021_lognormal;D,10.627343941938593,0.3358818100783924,5,own
49-9061,3,0.15982172404207257,partial:OEWS_May2021_lognormal;D,10.627343941938593,0.3358818100783924,5,own
49-9061,4,0.17771766630086916,partial:OEWS_May2021_lognormal;D,10.627343941938593,0.3358818100783924,5,own
49-9061,5,0.16991454193359767,partial:OEWS_May2021_lognormal;D,10.627343941938593,0.3358818100783924,5,own
49-9061,6,0.14342795547236264,partial:OEWS_May2021_lognormal;D,10.627343941938593,0.3358818100783924,5,own
49-9061,7,0.1057569593293175,partial:OEWS_May2021_lognormal;D,10.627343941938593,0.3358818100783924,5,own
49-9061,8,0.06461111371053496,partial:OEWS_May2021_lognormal;D,10.627343941938593,0.3358818100783924,5,own
49-9061,9,0.027993395527971532,partial:OEWS_May2021_lognormal;D,10.627343941938593,0.3358818100783924,5,own
49-9061,10,0.00465853907324798,partial:OEWS_May2021_lognormal;D,10.627343941938593,0.3358818100783924,5,own
49-9062,1,0.01814309549364207,partial:OEWS_May2021_lognormal;D,10.837672057901257,0.3908801168119323,5,own
49-9062,2,0.056339118132401,partial:OEWS_May2021_lognormal;D,10.837672057901257,0.3908801168119323,5,own
49-9062,3,0.09051185962178632,partial:OEWS_May2021_lognormal;D,10.837672057901257,0.3908801168119323,5,own
49-9062,4,0.1182124250281798,partial:OEWS_May2021_lognormal;D,10.837672057901257,0.3908801168119323,5,own
49-9062,5,0.13803114604982913,partial:OEWS_May2021_lognormal;D,10.837672057901257,0.3908801168119323,5,own
49-9062,6,0.14857046196287427,partial:OEWS_May2021_lognormal;D,10.837672057901257,0.3908801168119323,5,own
49-9062,7,0.14811446338791123,partial:OEWS_May2021_lognormal;D,10.837672057901257,0.3908801168119323,5,own
49-9062,8,0.1342374366806648,partial:OEWS_May2021_lognormal;D,10.837672057901257,0.3908801168119323,5,own
49-9062,9,0.10292065145499774,partial:OEWS_May2021_lognormal;D,10.837672057901257,0.3908801168119323,5,own
49-9062,10,0.04491934218771365,partial:OEWS_May2021_lognormal;D,10.837672057901257,0.3908801168119323,5,own
49-9063,1,0.06988284927213351,partial:OEWS_May2021_lognormal;D,10.529515725035246,0.3455299379005284,5,own
49-9063,2,0.15953076124106486,partial:OEWS_May2021_lognormal;D,10.529515725035246,0.3455299379005284,5,own
49-9063,3,0.1873598504502001,partial:OEWS_May2021_lognormal;D,10.529515725035246,0.3455299379005284,5,own
49-9063,4,0.1793185384541684,partial:OEWS_May2021_lognormal;D,10.529515725035246,0.3455299379005284,5,own
49-9063,5,0.15153018311313993,partial:OEWS_May2021_lognormal;D,10.529515725035246,0.3455299379005284,5,own
49-9063,6,0.11469894609115994,partial:OEWS_May2021_lognormal;D,10.529515725035246,0.3455299379005284,5,own
49-9063,7,0.07640969883228921,partial:OEWS_May2021_lognormal;D,10.529515725035246,0.3455299379005284,5,own
49-9063,8,0.04226807402872712,partial:OEWS_May2021_lognormal;D,10.529515725035246,0.3455299379005284,5,own
49-9063,9,0.016529526864960564,partial:OEWS_May2021_lognormal;D,10.529515725035246,0.3455299379005284,5,own
49-9063,10,0.00247157165215639,partial:OEWS_May2021_lognormal;D,10.529515725035246,0.3455299379005284,5,own
49-9064,1,0.08801840811816836,partial:OEWS_May2021_lognormal;D,10.63820320767962,0.4574221726916965,5,own
49-9064,2,0.12465412614337257,partial:OEWS_May2021_lognormal;D,10.63820320767962,0.4574221726916965,5,own
49-9064,3,0.13324851010674676,partial:OEWS_May2021_lognormal;D,10.63820320767962,0.4574221726916965,5,own
49-9064,4,0.13260015756834503,partial:OEWS_May2021_lognormal;D,10.63820320767962,0.4574221726916965,5,own
49-9064,5,0.12645651751783038,partial:OEWS_May2021_lognormal;D,10.63820320767962,0.4574221726916965,5,own
49-9064,6,0.11620913181374082,partial:OEWS_May2021_lognormal;D,10.63820320767962,0.4574221726916965,5,own
49-9064,7,0.10233283085648603,partial:OEWS_May2021_lognormal;D,10.63820320767962,0.4574221726916965,5,own
49-9064,8,0.08466976649578772,partial:OEWS_May2021_lognormal;D,10.63820320767962,0.4574221726916965,5,own
49-9064,9,0.062133711560879656,partial:OEWS_May2021_lognormal;D,10.63820320767962,0.4574221726916965,5,own
49-9064,10,0.029676839818642664,partial:OEWS_May2021_lognormal;D,10.63820320767962,0.4574221726916965,5,own
49-9069,1,0.0013813982098618283,partial:OEWS_May2021_lognormal;D,10.943796632085158,0.30889500980202284,5,own
49-9069,2,0.013629360655753375,partial:OEWS_May2021_lognormal;D,10.943796632085158,0.30889500980202284,5,own
49-9069,3,0.04247338059130046,partial:OEWS_May2021_lognormal;D,10.943796632085158,0.30889500980202284,5,own
49-9069,4,0.08503327337091815,partial:OEWS_May2021_lognormal;D,10.943796632085158,0.30889500980202284,5,own
49-9069,5,0.13339243948807833,partial:OEWS_May2021_lognormal;D,10.943796632085158,0.30889500980202284,5,own
49-9069,6,0.17593812863299846,partial:OEWS_May2021_lognormal;D,10.943796632085158,0.30889500980202284,5,own
49-9069,7,0.19846979814263382,partial:OEWS_May2021_lognormal;D,10.943796632085158,0.30889500980202284,5,own
49-9069,8,0.18607381228407593,partial:OEWS_May2021_lognormal;D,10.943796632085158,0.30889500980202284,5,own
49-9069,9,0.12790612346957908,partial:OEWS_May2021_lognormal;D,10.943796632085158,0.30889500980202284,5,own
49-9069,10,0.03570228515480056,partial:OEWS_May2021_lognormal;D,10.943796632085158,0.30889500980202284,5,own
49-9071,1,0.018032794026237642,partial:OEWS_May2021_lognormal;D,10.66466149304049,0.30788157893195545,5,own
49-9071,2,0.08395306384875806,partial:OEWS_May2021_lognormal;D,10.66466149304049,0.30788157893195545,5,own
49-9071,3,0.14791347330347854,partial:OEWS_May2021_lognormal;D,10.66466149304049,0.30788157893195545,5,own
49-9071,4,0.1841929833994287,partial:OEWS_May2021_lognormal;D,10.66466149304049,0.30788157893195545,5,own
49-9071,5,0.1874892970531346,partial:OEWS_May2021_lognormal;D,10.66466149304049,0.30788157893195545,5,own
49-9071,6,0.16226179601471613,partial:OEWS_May2021_lognormal;D,10.66466149304049,0.30788157893195545,5,own
49-9071,7,0.11833790591816551,partial:OEWS_May2021_lognormal;D,10.66466149304049,0.30788157893195545,5,own
49-9071,8,0.06841239131819188,partial:OEWS_May2021_lognormal;D,10.66466149304049,0.30788157893195545,5,own
49-9071,9,0.02609712484711202,partial:OEWS_May2021_lognormal;D,10.66466149304049,0.30788157893195545,5,own
49-9071,10,0.003309170270776929,partial:OEWS_May2021_lognormal;D,10.66466149304049,0.30788157893195545,5,own
49-9081,1,3.2122225963049367e-6,partial:OEWS_May2021_lognormal;D,10.953909518963306,0.20714599455178676,5,own
49-9081,2,0.000507743314626885,partial:OEWS_May2021_lognormal;D,10.953909518963306,0.20714599455178676,5,own
49-9081,3,0.0077019280726742245,partial:OEWS_May2021_lognormal;D,10.953909518963306,0.20714599455178676,5,own
49-9081,4,0.04197625068810468,partial:OEWS_May2021_lognormal;D,10.953909518963306,0.20714599455178676,5,own
49-9081,5,0.12441297524984346,partial:OEWS_May2021_lognormal;D,10.953909518963306,0.20714599455178676,5,own
49-9081,6,0.23473699314657231,partial:OEWS_May2021_lognormal;D,10.953909518963306,0.20714599455178676,5,own
49-9081,7,0.29158052895862785,partial:OEWS_May2021_lognormal;D,10.953909518963306,0.20714599455178676,5,own
49-9081,8,0.22012834211303667,partial:OEWS_May2021_lognormal;D,10.953909518963306,0.20714599455178676,5,own
49-9081,9,0.07480242560351436,partial:OEWS_May2021_lognormal;D,10.953909518963306,0.20714599455178676,5,own
49-9081,10,0.004149600630403261,partial:OEWS_May2021_lognormal;D,10.953909518963306,0.20714599455178676,5,own
49-9091,1,0.03655657065021206,partial:OEWS_May2021_lognormal;D,10.577955825871735,0.31173726127642915,5,own
49-9091,2,0.12785965438698038,partial:OEWS_May2021_lognormal;D,10.577955825871735,0.31173726127642915,5,own
49-9091,3,0.18447216774423636,partial:OEWS_May2021_lognormal;D,10.577955825871735,0.31173726127642915,5,own
49-9091,4,0.19658184560255398,partial:OEWS_May2021_lognormal;D,10.577955825871735,0.31173726127642915,5,own
49-9091,5,0.17490097136750526,partial:OEWS_May2021_lognormal;D,10.577955825871735,0.31173726127642915,5,own
49-9091,6,0.13361047672262427,partial:OEWS_May2021_lognormal;D,10.577955825871735,0.31173726127642915,5,own
49-9091,7,0.08618953203164004,partial:OEWS_May2021_lognormal;D,10.577955825871735,0.31173726127642915,5,own
49-9091,8,0.04382665560044974,partial:OEWS_May2021_lognormal;D,10.577955825871735,0.31173726127642915,5,own
49-9091,9,0.01446399553383726,partial:OEWS_May2021_lognormal;D,10.577955825871735,0.31173726127642915,5,own
49-9091,10,0.0015381303599606433,partial:OEWS_May2021_lognormal;D,10.577955825871735,0.31173726127642915,5,own
49-9092,1,0.024077568907503732,partial:OEWS_May2021_lognormal;D,11.185976899918893,0.5904325462387614,5,own
49-9092,2,0.037053717327267144,partial:OEWS_May2021_lognormal;D,11.185976899918893,0.5904325462387614,5,own
49-9092,3,0.04731809409860899,partial:OEWS_May2021_lognormal;D,11.185976899918893,0.5904325462387614,5,own
49-9092,4,0.057703338272300786,partial:OEWS_May2021_lognormal;D,11.185976899918893,0.5904325462387614,5,own
49-9092,5,0.06915517923305903,partial:OEWS_May2021_lognormal;D,11.185976899918893,0.5904325462387614,5,own
49-9092,6,0.08262951454387063,partial:OEWS_May2021_lognormal;D,11.185976899918893,0.5904325462387614,5,own
49-9092,7,0.09962306862421588,partial:OEWS_May2021_lognormal;D,11.185976899918893,0.5904325462387614,5,own
49-9092,8,0.12321641289767382,partial:OEWS_May2021_lognormal;D,11.185976899918893,0.5904325462387614,5,own
49-9092,9,0.1622208076006687,partial:OEWS_May2021_lognormal;D,11.185976899918893,0.5904325462387614,5,own
49-9092,10,0.2970022984948313,partial:OEWS_May2021_lognormal;D,11.185976899918893,0.5904325462387614,5,own
49-9094,1,0.017864558577255052,partial:OEWS_May2021_lognormal;D,10.73896826632724,0.3427072729663738,5,own
49-9094,2,0.06935917433997452,partial:OEWS_May2021_lognormal;D,10.73896826632724,0.3427072729663738,5,own
49-9094,3,0.11801433321157129,partial:OEWS_May2021_lognormal;D,10.73896826632724,0.3427072729663738,5,own
49-9094,4,0.15197340385967117,partial:OEWS_May2021_lognormal;D,10.73896826632724,0.3427072729663738,5,own
49-9094,5,0.16724801646099957,partial:OEWS_May2021_lognormal;D,10.73896826632724,0.3427072729663738,5,own
49-9094,6,0.16298551332526234,partial:OEWS_May2021_lognormal;D,10.73896826632724,0.3427072729663738,5,own
49-9094,7,0.14041812546150445,partial:OEWS_May2021_lognormal;D,10.73896826632724,0.3427072729663738,5,own
49-9094,8,0.10280023482971556,partial:OEWS_May2021_lognormal;D,10.73896826632724,0.3427072729663738,5,own
49-9094,9,0.05621846904137273,partial:OEWS_May2021_lognormal;D,10.73896826632724,0.3427072729663738,5,own
49-9094,10,0.013118170892673309,partial:OEWS_May2021_lognormal;D,10.73896826632724,0.3427072729663738,5,own
49-9095,1,0.03616876991871121,partial:OEWS_May2021_lognormal;D,10.449310207314745,0.23930385815911007,5,own
49-9095,2,0.1951694895276731,partial:OEWS_May2021_lognormal;D,10.449310207314745,0.23930385815911007,5,own
49-9095,3,0.28131415706163454,partial:OEWS_May2021_lognormal;D,10.449310207314745,0.23930385815911007,5,own
49-9095,4,0.24111134089734398,partial:OEWS_May2021_lognormal;D,10.449310207314745,0.23930385815911007,5,own
49-9095,5,0.14914031421433527,partial:OEWS_May2021_lognormal;D,10.449310207314745,0.23930385815911007,5,own
49-9095,6,0.06904053286215017,partial:OEWS_May2021_lognormal;D,10.449310207314745,0.23930385815911007,5,own
49-9095,7,0.022894160206689884,partial:OEWS_May2021_lognormal;D,10.449310207314745,0.23930385815911007,5,own
49-9095,8,0.004728566231525733,partial:OEWS_May2021_lognormal;D,10.449310207314745,0.23930385815911007,5,own
49-9095,9,0.0004270931922361054,partial:OEWS_May2021_lognormal;D,10.449310207314745,0.23930385815911007,5,own
49-9095,10,5.5758877000045e-6,partial:OEWS_May2021_lognormal;D,10.449310207314745,0.23930385815911007,5,own
49-9096,1,0.01613256358384685,partial:OEWS_May2021_lognormal;D,10.783558474213212,0.3569523391943886,5,own
49-9096,2,0.060402044824521994,partial:OEWS_May2021_lognormal;D,10.783558474213212,0.3569523391943886,5,own
49-9096,3,0.10352730522626041,partial:OEWS_May2021_lognormal;D,10.783558474213212,0.3569523391943886,5,own
49-9096,4,0.13689027546606242,partial:OEWS_May2021_lognormal;D,10.783558474213212,0.3569523391943886,5,own
49-9096,5,0.15672947326794906,partial:OEWS_May2021_lognormal;D,10.783558474213212,0.3569523391943886,5,own
49-9096,6,0.16097122639961703,partial:OEWS_May2021_lognormal;D,10.783558474213212,0.3569523391943886,5,own
49-9096,7,0.1485607826243781,partial:OEWS_May2021_lognormal;D,10.783558474213212,0.3569523391943886,5,own
49-9096,8,0.11942557061405012,partial:OEWS_May2021_lognormal;D,10.783558474213212,0.3569523391943886,5,own
49-9096,9,0.07509611923331927,partial:OEWS_May2021_lognormal;D,10.783558474213212,0.3569523391943886,5,own
49-9096,10,0.022264638759994737,partial:OEWS_May2021_lognormal;D,10.783558474213212,0.3569523391943886,5,own
49-9097,1,2.1013598083818863e-9,partial:OEWS_May2021_lognormal;D,11.1651897302665,0.1950142334700781,5,own
49-9097,2,2.4115576123251437e-6,partial:OEWS_May2021_lognormal;D,11.1651897302665,0.1950142334700781,5,own
49-9097,3,0.00013821113272854957,partial:OEWS_May2021_lognormal;D,11.1651897302665,0.1950142334700781,5,own
49-9097,4,0.002196661902344077,partial:OEWS_May2021_lognormal;D,11.1651897302665,0.1950142334700781,5,own
49-9097,5,0.016527541364986353,partial:OEWS_May2021_lognormal;D,11.1651897302665,0.1950142334700781,5,own
49-9097,6,0.07340343594720428,partial:OEWS_May2021_lognormal;D,11.1651897302665,0.1950142334700781,5,own
49-9097,7,0.2080190095681505,partial:OEWS_May2021_lognormal;D,11.1651897302665,0.1950142334700781,5,own
49-9097,8,0.3612259168474422,partial:OEWS_May2021_lognormal;D,11.1651897302665,0.1950142334700781,5,own
49-9097,9,0.29581156532489983,partial:OEWS_May2021_lognormal;D,11.1651897302665,0.1950142334700781,5,own
49-9097,10,0.04267524425327207,partial:OEWS_May2021_lognormal;D,11.1651897302665,0.1950142334700781,5,own
49-9098,1,0.06365030823888973,partial:OEWS_May2021_lognormal;D,10.409960591496915,0.25620928920275365,5,own
49-9098,2,0.23357351777334834,partial:OEWS_May2021_lognormal;D,10.409960591496915,0.25620928920275365,5,own
49-9098,3,0.2754599843949417,partial:OEWS_May2021_lognormal;D,10.409960591496915,0.25620928920275365,5,own
49-9098,4,0.21391520837245037,partial:OEWS_May2021_lognormal;D,10.409960591496915,0.25620928920275365,5,own
49-9098,5,0.12746251261287522,partial:OEWS_May2021_lognormal;D,10.409960591496915,0.25620928920275365,5,own
49-9098,6,0.05960972514782337,partial:OEWS_May2021_lognormal;D,10.409960591496915,0.25620928920275365,5,own
49-9098,7,0.020929980465272946,partial:OEWS_May2021_lognormal;D,10.409960591496915,0.25620928920275365,5,own
49-9098,8,0.004851050634743448,partial:OEWS_May2021_lognormal;D,10.409960591496915,0.25620928920275365,5,own
49-9098,9,0.0005373635366372476,partial:OEWS_May2021_lognormal;D,10.409960591496915,0.25620928920275365,5,own
49-9098,10,0.00001034882301764739,partial:OEWS_May2021_lognormal;D,10.409960591496915,0.25620928920275365,5,own
49-9099,1,0.021134774030549863,partial:OEWS_May2021_lognormal;D,10.67467799417037,0.3227179803726743,5,own
49-9099,2,0.08580755166484905,partial:OEWS_May2021_lognormal;D,10.67467799417037,0.3227179803726743,5,own
49-9099,3,0.14295228012738298,partial:OEWS_May2021_lognormal;D,10.67467799417037,0.3227179803726743,5,own
49-9099,4,0.17500570629707485,partial:OEWS_May2021_lognormal;D,10.67467799417037,0.3227179803726743,5,own
49-9099,5,0.17935009251275785,partial:OEWS_May2021_lognormal;D,10.67467799417037,0.3227179803726743,5,own
49-9099,6,0.15940224010383874,partial:OEWS_May2021_lognormal;D,10.67467799417037,0.3227179803726743,5,own
49-9099,7,0.12196560076060226,partial:OEWS_May2021_lognormal;D,10.67467799417037,0.3227179803726743,5,own
49-9099,8,0.0761581606043582,partial:OEWS_May2021_lognormal;D,10.67467799417037,0.3227179803726743,5,own
49-9099,9,0.03298373605826921,partial:OEWS_May2021_lognormal;D,10.67467799417037,0.3227179803726743,5,own
49-9099,10,0.005239857840316997,partial:OEWS_May2021_lognormal;D,10.67467799417037,0.3227179803726743,5,own
51-1011,1,0.003520223374480713,partial:OEWS_May2021_lognormal;D,11.031356757718566,0.3755476213930229,5,own
51-1011,2,0.018282703901552122,partial:OEWS_May2021_lognormal;D,11.031356757718566,0.3755476213930229,5,own
51-1011,3,0.04124897696345281,partial:OEWS_May2021_lognormal;D,11.031356757718566,0.3755476213930229,5,own
51-1011,4,0.06991197115784203,partial:OEWS_May2021_lognormal;D,11.031356757718566,0.3755476213930229,5,own
51-1011,5,0.10200474505330437,partial:OEWS_May2021_lognormal;D,11.031356757718566,0.3755476213930229,5,own
51-1011,6,0.13472199951949626,partial:OEWS_May2021_lognormal;D,11.031356757718566,0.3755476213930229,5,own
51-1011,7,0.1639743460058516,partial:OEWS_May2021_lognormal;D,11.031356757718566,0.3755476213930229,5,own
51-1011,8,0.18291028917231988,partial:OEWS_May2021_lognormal;D,11.031356757718566,0.3755476213930229,5,own
51-1011,9,0.17773162281531651,partial:OEWS_May2021_lognormal;D,11.031356757718566,0.3755476213930229,5,own
51-1011,10,0.1056931220363837,partial:OEWS_May2021_lognormal;D,11.031356757718566,0.3755476213930229,5,own
51-2011,1,0.01565232729834537,partial:OEWS_May2021_lognormal;D,10.84866189815873,0.3851876836764764,5,own
51-2011,2,0.052058650589334454,partial:OEWS_May2021_lognormal;D,10.84866189815873,0.3851876836764764,5,own
51-2011,3,0.08685027196460576,partial:OEWS_May2021_lognormal;D,10.84866189815873,0.3851876836764764,5,own
51-2011,4,0.11625493116770252,partial:OEWS_May2021_lognormal;D,10.84866189815873,0.3851876836764764,5,own
51-2011,5,0.13815343726872265,partial:OEWS_May2021_lognormal;D,10.84866189815873,0.3851876836764764,5,own
51-2011,6,0.1506298513356315,partial:OEWS_May2021_lognormal;D,10.84866189815873,0.3851876836764764,5,own
51-2011,7,0.1515248980235493,partial:OEWS_May2021_lognormal;D,10.84866189815873,0.3851876836764764,5,own
51-2011,8,0.13799542105594842,partial:OEWS_May2021_lognormal;D,10.84866189815873,0.3851876836764764,5,own
51-2011,9,0.10563209518931083,partial:OEWS_May2021_lognormal;D,10.84866189815873,0.3851876836764764,5,own
51-2011,10,0.0452481161068492,partial:OEWS_May2021_lognormal;D,10.84866189815873,0.3851876836764764,5,own
51-2021,1,0.01784642136093878,partial:OEWS_May2021_lognormal;D,10.60394242967874,0.27835447739759545,5,own
51-2021,2,0.09978057348703168,partial:OEWS_May2021_lognormal;D,10.60394242967874,0.27835447739759545,5,own
51-2021,3,0.18103505030333528,partial:OEWS_May2021_lognormal;D,10.60394242967874,0.27835447739759545,5,own
51-2021,4,0.21512497524908486,partial:OEWS_May2021_lognormal;D,10.60394242967874,0.27835447739759545,5,own
51-2021,5,0.1986841845184273,partial:OEWS_May2021_lognormal;D,10.60394242967874,0.27835447739759545,5,own
51-2021,6,0.14893774860437137,partial:OEWS_May2021_lognormal;D,10.60394242967874,0.27835447739759545,5,own
51-2021,7,0.08906736501918289,partial:OEWS_May2021_lognormal;D,10.60394242967874,0.27835447739759545,5,own
51-2021,8,0.039028847968494484,partial:OEWS_May2021_lognormal;D,10.60394242967874,0.27835447739759545,5,own
51-2021,9,0.009857552158913818,partial:OEWS_May2021_lognormal;D,10.60394242967874,0.27835447739759545,5,own
51-2021,10,0.0006372813302195635,partial:OEWS_May2021_lognormal;D,10.60394242967874,0.27835447739759545,5,own
51-2028,1,0.025997090343423346,partial:OEWS_May2021_lognormal;D,10.564160802371148,0.2804043850534706,5,own
51-2028,2,0.12401449912179985,partial:OEWS_May2021_lognormal;D,10.564160802371148,0.2804043850534706,5,own
51-2028,3,0.20102687017576448,partial:OEWS_May2021_lognormal;D,10.564160802371148,0.2804043850534706,5,own
51-2028,4,0.21888742106434722,partial:OEWS_May2021_lognormal;D,10.564160802371148,0.2804043850534706,5,own
51-2028,5,0.18760823276518968,partial:OEWS_May2021_lognormal;D,10.564160802371148,0.2804043850534706,5,own
51-2028,6,0.1313470404662076,partial:OEWS_May2021_lognormal;D,10.564160802371148,0.2804043850534706,5,own
51-2028,7,0.07352382318585027,partial:OEWS_May2021_lognormal;D,10.564160802371148,0.2804043850534706,5,own
51-2028,8,0.030111359275733718,partial:OEWS_May2021_lognormal;D,10.564160802371148,0.2804043850534706,5,own
51-2028,9,0.007064721730366763,partial:OEWS_May2021_lognormal;D,10.564160802371148,0.2804043850534706,5,own
51-2028,10,0.00041894187131708005,partial:OEWS_May2021_lognormal;D,10.564160802371148,0.2804043850534706,5,own
51-2031,1,0.007216910677778132,partial:OEWS_May2021_lognormal;D,10.728932233627663,0.29009258925787595,5,own
51-2031,2,0.051017677890294266,partial:OEWS_May2021_lognormal;D,10.728932233627663,0.29009258925787595,5,own
51-2031,3,0.11595458331113534,partial:OEWS_May2021_lognormal;D,10.728932233627663,0.29009258925787595,5,own
51-2031,4,0.17123849018723586,partial:OEWS_May2021_lognormal;D,10.728932233627663,0.29009258925787595,5,own
51-2031,5,0.19720653239278074,partial:OEWS_May2021_lognormal;D,10.728932233627663,0.29009258925787595,5,own
51-2031,6,0.18704373657412898,partial:OEWS_May2021_lognormal;D,10.728932233627663,0.29009258925787595,5,own
51-2031,7,0.14563770552592403,partial:OEWS_May2021_lognormal;D,10.728932233627663,0.29009258925787595,5,own
51-2031,8,0.08746540287388671,partial:OEWS_May2021_lognormal;D,10.728932233627663,0.29009258925787595,5,own
51-2031,9,0.033316869563676854,partial:OEWS_May2021_lognormal;D,10.728932233627663,0.29009258925787595,5,own
51-2031,10,0.0039020910031590805,partial:OEWS_May2021_lognormal;D,10.728932233627663,0.29009258925787595,5,own
51-2041,1,0.0063188337106029335,partial:OEWS_May2021_lognormal;D,10.679575776333369,0.26477121573557616,5,own
51-2041,2,0.05625991668663882,partial:OEWS_May2021_lognormal;D,10.679575776333369,0.26477121573557616,5,own
51-2041,3,0.1375928843876703,partial:OEWS_May2021_lognormal;D,10.679575776333369,0.26477121573557616,5,own
51-2041,4,0.20138640249415302,partial:OEWS_May2021_lognormal;D,10.679575776333369,0.26477121573557616,5,own
51-2041,5,0.21777283272066733,partial:OEWS_May2021_lognormal;D,10.679575776333369,0.26477121573557616,5,own
51-2041,6,0.18488150401975167,partial:OEWS_May2021_lognormal;D,10.679575776333369,0.26477121573557616,5,own
51-2041,7,0.12204285785598967,partial:OEWS_May2021_lognormal;D,10.679575776333369,0.26477121573557616,5,own
51-2041,8,0.057604857709102175,partial:OEWS_May2021_lognormal;D,10.679575776333369,0.26477121573557616,5,own
51-2041,9,0.01517644008696506,partial:OEWS_May2021_lognormal;D,10.679575776333369,0.26477121573557616,5,own
51-2041,10,0.000963470328459004,partial:OEWS_May2021_lognormal;D,10.679575776333369,0.26477121573557616,5,own
51-2051,1,0.012417205299872447,partial:OEWS_May2021_lognormal;D,10.5433312051044,0.2335358419375169,5,own
51-2051,2,0.11159028092248863,partial:OEWS_May2021_lognormal;D,10.5433312051044,0.2335358419375169,5,own
51-2051,3,0.23164872083865035,partial:OEWS_May2021_lognormal;D,10.5433312051044,0.2335358419375169,5,own
51-2051,4,0.262536113429247,partial:OEWS_May2021_lognormal;D,10.5433312051044,0.2335358419375169,5,own
51-2051,5,0.2050379758011105,partial:OEWS_May2021_lognormal;D,10.5433312051044,0.2335358419375169,5,own
51-2051,6,0.11676750608474729,partial:OEWS_May2021_lognormal;D,10.5433312051044,0.2335358419375169,5,own
51-2051,7,0.04698122837387131,partial:OEWS_May2021_lognormal;D,10.5433312051044,0.2335358419375169,5,own
51-2051,8,0.011717635172055263,partial:OEWS_May2021_lognormal;D,10.5433312051044,0.2335358419375169,5,own
51-2051,9,0.001282628362600513,partial:OEWS_May2021_lognormal;D,10.5433312051044,0.2335358419375169,5,own
51-2051,10,0.00002070571535672805,partial:OEWS_May2021_lognormal;D,10.5433312051044,0.2335358419375169,5,own
51-2061,1,0.025257534874465304,partial:OEWS_May2021_lognormal;D,10.61587547116745,0.30507189005194935,5,own
51-2061,2,0.10565240568937789,partial:OEWS_May2021_lognormal;D,10.61587547116745,0.30507189005194935,5,own
51-2061,3,0.17023686805611737,partial:OEWS_May2021_lognormal;D,10.61587547116745,0.30507189005194935,5,own
51-2061,4,0.19583048456962476,partial:OEWS_May2021_lognormal;D,10.61587547116745,0.30507189005194935,5,own
51-2061,5,0.18470402710707495,partial:OEWS_May2021_lognormal;D,10.61587547116745,0.30507189005194935,5,own
51-2061,6,0.14786854062749155,partial:OEWS_May2021_lognormal;D,10.61587547116745,0.30507189005194935,5,own
51-2061,7,0.09911456255055762,partial:OEWS_May2021_lognormal;D,10.61587547116745,0.30507189005194935,5,own
51-2061,8,0.05196431337789065,partial:OEWS_May2021_lognormal;D,10.61587547116745,0.30507189005194935,5,own
51-2061,9,0.017507755172266437,partial:OEWS_May2021_lognormal;D,10.61587547116745,0.30507189005194935,5,own
51-2061,10,0.0018635079751334604,partial:OEWS_May2021_lognormal;D,10.61587547116745,0.30507189005194935,5,own
51-2090,1,0.0427992847202216,partial:OEWS_May2021_lognormal;D,10.520439594984083,0.2915242725811047,5,own
51-2090,2,0.15573244144816606,partial:OEWS_May2021_lognormal;D,10.520439594984083,0.2915242725811047,5,own
51-2090,3,0.2152011048565982,partial:OEWS_May2021_lognormal;D,10.520439594984083,0.2915242725811047,5,own
51-2090,4,0.21157055986701484,partial:OEWS_May2021_lognormal;D,10.520439594984083,0.2915242725811047,5,own
51-2090,5,0.169080618478905,partial:OEWS_May2021_lognormal;D,10.520439594984083,0.2915242725811047,5,own
51-2090,6,0.11286704596280528,partial:OEWS_May2021_lognormal;D,10.520439594984083,0.2915242725811047,5,own
51-2090,7,0.06140566580773832,partial:OEWS_May2021_lognormal;D,10.520439594984083,0.2915242725811047,5,own
51-2090,8,0.024962096942155232,partial:OEWS_May2021_lognormal;D,10.520439594984083,0.2915242725811047,5,own
51-2090,9,0.005995039853090356,partial:OEWS_May2021_lognormal;D,10.520439594984083,0.2915242725811047,5,own
51-2090,10,0.00038614206330511713,partial:OEWS_May2021_lognormal;D,10.520439594984083,0.2915242725811047,5,own
51-3011,1,0.09181457334502224,partial:OEWS_May2021_lognormal;D,10.360973449412166,0.2569743141347909,5,own
51-3011,2,0.2750434917507845,partial:OEWS_May2021_lognormal;D,10.360973449412166,0.2569743141347909,5,own
51-3011,3,0.2786779252049326,partial:OEWS_May2021_lognormal;D,10.360973449412166,0.2569743141347909,5,own
51-3011,4,0.19164571441814737,partial:OEWS_May2021_lognormal;D,10.360973449412166,0.2569743141347909,5,own
51-3011,5,0.10257816257526708,partial:OEWS_May2021_lognormal;D,10.360973449412166,0.2569743141347909,5,own
51-3011,6,0.043345645278759615,partial:OEWS_May2021_lognormal;D,10.360973449412166,0.2569743141347909,5,own
51-3011,7,0.013749085299762265,partial:OEWS_May2021_lognormal;D,10.360973449412166,0.2569743141347909,5,own
51-3011,8,0.002860619670197906,partial:OEWS_May2021_lognormal;D,10.360973449412166,0.2569743141347909,5,own
51-3011,9,0.0002801828023397679,partial:OEWS_May2021_lognormal;D,10.360973449412166,0.2569743141347909,5,own
51-3011,10,4.599654786607843e-6,partial:OEWS_May2021_lognormal;D,10.360973449412166,0.2569743141347909,5,own
51-3021,1,0.057857989403547194,partial:OEWS_May2021_lognormal;D,10.435680374107216,0.2647126888484824,5,own
51-3021,2,0.21225852817468271,partial:OEWS_May2021_lognormal;D,10.435680374107216,0.2647126888484824,5,own
51-3021,3,0.26183033753245416,partial:OEWS_May2021_lognormal;D,10.435680374107216,0.2647126888484824,5,own
51-3021,4,0.21725730284732192,partial:OEWS_May2021_lognormal;D,10.435680374107216,0.2647126888484824,5,own
51-3021,5,0.14053648284970777,partial:OEWS_May2021_lognormal;D,10.435680374107216,0.2647126888484824,5,own
51-3021,6,0.07258308683666259,partial:OEWS_May2021_lognormal;D,10.435680374107216,0.2647126888484824,5,own
51-3021,7,0.028785483504790044,partial:OEWS_May2021_lognormal;D,10.435680374107216,0.2647126888484824,5,own
51-3021,8,0.007794261652688483,partial:OEWS_May2021_lognormal;D,10.435680374107216,0.2647126888484824,5,own
51-3021,9,0.001067834527054945,partial:OEWS_May2021_lognormal;D,10.435680374107216,0.2647126888484824,5,own
51-3021,10,0.000028692671090180255,partial:OEWS_May2021_lognormal;D,10.435680374107216,0.2647126888484824,5,own
51-3022,1,0.05043687469580466,partial:OEWS_May2021_lognormal;D,10.333019311468608,0.19122824036207148,5,own
51-3022,2,0.3274772388043001,partial:OEWS_May2021_lognormal;D,10.333019311468608,0.19122824036207148,5,own
51-3022,3,0.3635355171585113,partial:OEWS_May2021_lognormal;D,10.333019311468608,0.19122824036207148,5,own
51-3022,4,0.18737147367914797,partial:OEWS_May2021_lognormal;D,10.333019311468608,0.19122824036207148,5,own
51-3022,5,0.058397722615717185,partial:OEWS_May2021_lognormal;D,10.333019311468608,0.19122824036207148,5,own
51-3022,6,0.011424730222165391,partial:OEWS_May2021_lognormal;D,10.333019311468608,0.19122824036207148,5,own
51-3022,7,0.0012891118591199513,partial:OEWS_May2021_lognormal;D,10.333019311468608,0.19122824036207148,5,own
51-3022,8,0.00006643935657035804,partial:OEWS_May2021_lognormal;D,10.333019311468608,0.19122824036207148,5,own
51-3022,9,8.910985904719837e-7,partial:OEWS_May2021_lognormal;D,10.333019311468608,0.19122824036207148,5,own
51-3022,10,5.100726507833997e-10,partial:OEWS_May2021_lognormal;D,10.333019311468608,0.19122824036207148,5,own
51-3023,1,0.036271148245014095,partial:OEWS_May2021_lognormal;D,10.34296963075429,0.18025595819873258,5,own
51-3023,2,0.31381300522319006,partial:OEWS_May2021_lognormal;D,10.34296963075429,0.18025595819873258,5,own
51-3023,3,0.38623977687493743,partial:OEWS_May2021_lognormal;D,10.34296963075429,0.18025595819873258,5,own
51-3023,4,0.19701992110226751,partial:OEWS_May2021_lognormal;D,10.34296963075429,0.18025595819873258,5,own
51-3023,5,0.05630876852828859,partial:OEWS_May2021_lognormal;D,10.34296963075429,0.18025595819873258,5,own
51-3023,6,0.009460912537854638,partial:OEWS_May2021_lognormal;D,10.34296963075429,0.18025595819873258,5,own
51-3023,7,0.00085411511553668,partial:OEWS_May2021_lognormal;D,10.34296963075429,0.18025595819873258,5,own
51-3023,8,0.00003208318807990107,partial:OEWS_May2021_lognormal;D,10.34296963075429,0.18025595819873258,5,own
51-3023,9,2.6911789841044254e-7,partial:OEWS_May2021_lognormal;D,10.34296963075429,0.18025595819873258,5,own
51-3023,10,6.693268161939159e-11,partial:OEWS_May2021_lognormal;D,10.34296963075429,0.18025595819873258,5,own
51-3091,1,0.06380614414988173,partial:OEWS_May2021_lognormal;D,10.458361072019065,0.28818665206415917,5,own
51-3091,2,0.19686597844368986,partial:OEWS_May2021_lognormal;D,10.458361072019065,0.28818665206415917,5,own
51-3091,3,0.23730665167963189,partial:OEWS_May2021_lognormal;D,10.458361072019065,0.28818665206415917,5,own
51-3091,4,0.2069225112005747,partial:OEWS_May2021_lognormal;D,10.458361072019065,0.28818665206415917,5,own
51-3091,5,0.1474693887703662,partial:OEWS_May2021_lognormal;D,10.458361072019065,0.28818665206415917,5,own
51-3091,6,0.08762775015368252,partial:OEWS_May2021_lognormal;D,10.458361072019065,0.28818665206415917,5,own
51-3091,7,0.0420656392196358,partial:OEWS_May2021_lognormal;D,10.458361072019065,0.28818665206415917,5,own
51-3091,8,0.0148129879128156,partial:OEWS_May2021_lognormal;D,10.458361072019065,0.28818665206415917,5,own
51-3091,9,0.0029738698499753857,partial:OEWS_May2021_lognormal;D,10.458361072019065,0.28818665206415917,5,own
51-3091,10,0.00014907861974633452,partial:OEWS_May2021_lognormal;D,10.458361072019065,0.28818665206415917,5,own
51-3092,1,0.05889226654493662,partial:OEWS_May2021_lognormal;D,10.460804113648816,0.28227642773933737,5,own
51-3092,2,0.19465893329828332,partial:OEWS_May2021_lognormal;D,10.460804113648816,0.28227642773933737,5,own
51-3092,3,0.24093266209018094,partial:OEWS_May2021_lognormal;D,10.460804113648816,0.28227642773933737,5,own
51-3092,4,0.21132133619907578,partial:OEWS_May2021_lognormal;D,10.460804113648816,0.28227642773933737,5,own
51-3092,5,0.14960315423294956,partial:OEWS_May2021_lognormal;D,10.460804113648816,0.28227642773933737,5,own
51-3092,6,0.08738446838720904,partial:OEWS_May2021_lognormal;D,10.460804113648816,0.28227642773933737,5,own
51-3092,7,0.04077175493172014,partial:OEWS_May2021_lognormal;D,10.460804113648816,0.28227642773933737,5,own
51-3092,8,0.013744028868193925,partial:OEWS_May2021_lognormal;D,10.460804113648816,0.28227642773933737,5,own
51-3092,9,0.0025765810686045887,partial:OEWS_May2021_lognormal;D,10.460804113648816,0.28227642773933737,5,own
51-3092,10,0.00011481437884608425,partial:OEWS_May2021_lognormal;D,10.460804113648816,0.28227642773933737,5,own
51-3093,1,0.049036611144433695,partial:OEWS_May2021_lognormal;D,10.437653524064917,0.2529031831672571,5,own
51-3093,2,0.20917719576404847,partial:OEWS_May2021_lognormal;D,10.437653524064917,0.2529031831672571,5,own
51-3093,3,0.272118818333673,partial:OEWS_May2021_lognormal;D,10.437653524064917,0.2529031831672571,5,own
51-3093,4,0.22631654694039538,partial:OEWS_May2021_lognormal;D,10.437653524064917,0.2529031831672571,5,own
51-3093,5,0.14211783546223655,partial:OEWS_May2021_lognormal;D,10.437653524064917,0.2529031831672571,5,own
51-3093,6,0.06933121984595236,partial:OEWS_May2021_lognormal;D,10.437653524064917,0.2529031831672571,5,own
51-3093,7,0.025202725583567842,partial:OEWS_May2021_lognormal;D,10.437653524064917,0.2529031831672571,5,own
51-3093,8,0.006007069170366974,partial:OEWS_May2021_lognormal;D,10.437653524064917,0.2529031831672571,5,own
51-3093,9,0.0006788299322794122,partial:OEWS_May2021_lognormal;D,10.437653524064917,0.2529031831672571,5,own
51-3093,10,0.00001314782304628892,partial:OEWS_May2021_lognormal;D,10.437653524064917,0.2529031831672571,5,own
51-3099,1,0.04455498287034437,partial:OEWS_May2021_lognormal;D,10.37971796974997,0.21200604424551894,5,own
51-3099,2,0.2637157834364862,partial:OEWS_May2021_lognormal;D,10.37971796974997,0.21200604424551894,5,own
51-3099,3,0.33382278760045603,partial:OEWS_May2021_lognormal;D,10.37971796974997,0.21200604424551894,5,own
51-3099,4,0.22289628742266865,partial:OEWS_May2021_lognormal;D,10.37971796974997,0.21200604424551894,5,own
51-3099,5,0.09857959103029823,partial:OEWS_May2021_lognormal;D,10.37971796974997,0.21200604424551894,5,own
51-3099,6,0.02994176680859706,partial:OEWS_May2021_lognormal;D,10.37971796974997,0.21200604424551894,5,own
51-3099,7,0.005855272658134014,partial:OEWS_May2021_lognormal;D,10.37971796974997,0.21200604424551894,5,own
51-3099,8,0.000611787480664483,partial:OEWS_May2021_lognormal;D,10.37971796974997,0.21200604424551894,5,own
51-3099,9,0.000021678696249805007,partial:OEWS_May2021_lognormal;D,10.37971796974997,0.21200604424551894,5,own
51-3099,10,6.199610114165921e-8,partial:OEWS_May2021_lognormal;D,10.37971796974997,0.21200604424551894,5,own
51-4021,1,0.01714842219474061,partial:OEWS_May2021_lognormal;D,10.579019619242235,0.26445478464860656,5,own
51-4021,2,0.10688125236120055,partial:OEWS_May2021_lognormal;D,10.579019619242235,0.26445478464860656,5,own
51-4021,3,0.19809162252701817,partial:OEWS_May2021_lognormal;D,10.579019619242235,0.26445478464860656,5,own
51-4021,4,0.22984265181792674,partial:OEWS_May2021_lognormal;D,10.579019619242235,0.26445478464860656,5,own
51-4021,5,0.201151640563772,partial:OEWS_May2021_lognormal;D,10.579019619242235,0.26445478464860656,5,own
51-4021,6,0.13903171825274707,partial:OEWS_May2021_lognormal;D,10.579019619242235,0.26445478464860656,5,own
51-4021,7,0.07425976563707914,partial:OEWS_May2021_lognormal;D,10.579019619242235,0.26445478464860656,5,own
51-4021,8,0.027787064910450132,partial:OEWS_May2021_lognormal;D,10.579019619242235,0.26445478464860656,5,own
51-4021,9,0.0055599935231720465,partial:OEWS_May2021_lognormal;D,10.579019619242235,0.26445478464860656,5,own
51-4021,10,0.0002458682118935407,partial:OEWS_May2021_lognormal;D,10.579019619242235,0.26445478464860656,5,own
51-4022,1,0.0068163195532156,partial:OEWS_May2021_lognormal;D,10.666243360287897,0.2622665931991897,5,own
51-4022,2,0.06034261792959439,partial:OEWS_May2021_lognormal;D,10.666243360287897,0.2622665931991897,5,own
51-4022,3,0.145216968870247,partial:OEWS_May2021_lognormal;D,10.666243360287897,0.2622665931991897,5,own
51-4022,4,0.2080273520787866,partial:OEWS_May2021_lognormal;D,10.666243360287897,0.2622665931991897,5,own
51-4022,5,0.2192229253964777,partial:OEWS_May2021_lognormal;D,10.666243360287897,0.2622665931991897,5,own
51-4022,6,0.18048306474484344,partial:OEWS_May2021_lognormal;D,10.666243360287897,0.2622665931991897,5,own
51-4022,7,0.11476667932724638,partial:OEWS_May2021_lognormal;D,10.666243360287897,0.2622665931991897,5,own
51-4022,8,0.051647969792529835,partial:OEWS_May2021_lognormal;D,10.666243360287897,0.2622665931991897,5,own
51-4022,9,0.012744085342813682,partial:OEWS_May2021_lognormal;D,10.666243360287897,0.2622665931991897,5,own
51-4022,10,0.0007320169642454077,partial:OEWS_May2021_lognormal;D,10.666243360287897,0.2622665931991897,5,own
51-4023,1,0.006574730974500453,partial:OEWS_May2021_lognormal;D,10.70863698180511,0.2779990166786011,5,own
51-4023,2,0.05221071523168974,partial:OEWS_May2021_lognormal;D,10.70863698180511,0.2779990166786011,5,own
51-4023,3,0.12380731648259491,partial:OEWS_May2021_lognormal;D,10.70863698180511,0.2779990166786011,5,own
51-4023,4,0.18358628591719695,partial:OEWS_May2021_lognormal;D,10.70863698180511,0.2779990166786011,5,own
51-4023,5,0.20710248857444047,partial:OEWS_May2021_lognormal;D,10.70863698180511,0.2779990166786011,5,own
51-4023,6,0.1883189539251212,partial:OEWS_May2021_lognormal;D,10.70863698180511,0.2779990166786011,5,own
51-4023,7,0.13724458846369092,partial:OEWS_May2021_lognormal;D,10.70863698180511,0.2779990166786011,5,own
51-4023,8,0.07463037942300743,partial:OEWS_May2021_lognormal;D,10.70863698180511,0.2779990166786011,5,own
51-4023,9,0.02433283689014365,partial:OEWS_May2021_lognormal;D,10.70863698180511,0.2779990166786011,5,own
51-4023,10,0.002191704117614268,partial:OEWS_May2021_lognormal;D,10.70863698180511,0.2779990166786011,5,own
51-4031,1,0.023717491582420425,partial:OEWS_May2021_lognormal;D,10.571203390371007,0.2784102858303668,5,own
51-4031,2,0.11879426310540392,partial:OEWS_May2021_lognormal;D,10.571203390371007,0.2784102858303668,5,own
51-4031,3,0.19818810479007393,partial:OEWS_May2021_lognormal;D,10.571203390371007,0.2784102858303668,5,own
51-4031,4,0.2197664836716947,partial:OEWS_May2021_lognormal;D,10.571203390371007,0.2784102858303668,5,own
51-4031,5,0.19067918498254688,partial:OEWS_May2021_lognormal;D,10.571203390371007,0.2784102858303668,5,own
51-4031,6,0.1345686247201524,partial:OEWS_May2021_lognormal;D,10.571203390371007,0.2784102858303668,5,own
51-4031,7,0.0756509432018666,partial:OEWS_May2021_lognormal;D,10.571203390371007,0.2784102858303668,5,own
51-4031,8,0.030987041548755423,partial:OEWS_May2021_lognormal;D,10.571203390371007,0.2784102858303668,5,own
51-4031,9,0.007226844002819366,partial:OEWS_May2021_lognormal;D,10.571203390371007,0.2784102858303668,5,own
51-4031,10,0.000421018394266337,partial:OEWS_May2021_lognormal;D,10.571203390371007,0.2784102858303668,5,own
51-4032,1,0.013684523187170394,partial:OEWS_May2021_lognormal;D,10.616573427187058,0.2707305196730378,5,own
51-4032,2,0.08889075361214643,partial:OEWS_May2021_lognormal;D,10.616573427187058,0.2707305196730378,5,own
51-4032,3,0.17509255868448137,partial:OEWS_May2021_lognormal;D,10.616573427187058,0.2707305196730378,5,own
51-4032,4,0.21789760299920968,partial:OEWS_May2021_lognormal;D,10.616573427187058,0.2707305196730378,5,own
51-4032,5,0.2062921776077598,partial:OEWS_May2021_lognormal;D,10.616573427187058,0.2707305196730378,5,own
51-4032,6,0.15597165642063304,partial:OEWS_May2021_lognormal;D,10.616573427187058,0.2707305196730378,5,own
51-4032,7,0.09262611405329557,partial:OEWS_May2021_lognormal;D,10.616573427187058,0.2707305196730378,5,own
51-4032,8,0.03954905916511586,partial:OEWS_May2021_lognormal;D,10.616573427187058,0.2707305196730378,5,own
51-4032,9,0.009449614019080066,partial:OEWS_May2021_lognormal;D,10.616573427187058,0.2707305196730378,5,own
51-4032,10,0.0005459402511077682,partial:OEWS_May2021_lognormal;D,10.616573427187058,0.2707305196730378,5,own
51-4033,1,0.02270518822144746,partial:OEWS_May2021_lognormal;D,10.56999739139534,0.27524200606505306,5,own
51-4033,2,0.11802887570654552,partial:OEWS_May2021_lognormal;D,10.56999739139534,0.27524200606505306,5,own
51-4033,3,0.19983957073202152,partial:OEWS_May2021_lognormal;D,10.56999739139534,0.27524200606505306,5,own
51-4033,4,0.22231011896296354,partial:OEWS_May2021_lognormal;D,10.56999739139534,0.27524200606505306,5,own
51-4033,5,0.19210909829236333,partial:OEWS_May2021_lognormal;D,10.56999739139534,0.27524200606505306,5,own
51-4033,6,0.13420768741324351,partial:OEWS_May2021_lognormal;D,10.56999739139534,0.27524200606505306,5,own
51-4033,7,0.0741905286736726,partial:OEWS_May2021_lognormal;D,10.56999739139534,0.27524200606505306,5,own
51-4033,8,0.029615475960915405,partial:OEWS_May2021_lognormal;D,10.56999739139534,0.27524200606505306,5,own
51-4033,9,0.006632875602152533,partial:OEWS_May2021_lognormal;D,10.56999739139534,0.27524200606505306,5,own
51-4033,10,0.00036058043467457335,partial:OEWS_May2021_lognormal;D,10.56999739139534,0.27524200606505306,5,own
51-4034,1,0.00740948636523453,partial:OEWS_May2021_lognormal;D,10.66449383814027,0.2647804004084944,5,own
51-4034,2,0.06249977627584202,partial:OEWS_May2021_lognormal;D,10.66449383814027,0.2647804004084944,5,own
51-4034,3,0.14660522463357484,partial:OEWS_May2021_lognormal;D,10.66449383814027,0.2647804004084944,5,own
51-4034,4,0.207220503968512,partial:OEWS_May2021_lognormal;D,10.66449383814027,0.2647804004084944,5,own
51-4034,5,0.21709324947588315,partial:OEWS_May2021_lognormal;D,10.66449383814027,0.2647804004084944,5,own
51-4034,6,0.17873308523459897,partial:OEWS_May2021_lognormal;D,10.66449383814027,0.2647804004084944,5,own
51-4034,7,0.11432367493031304,partial:OEWS_May2021_lognormal;D,10.66449383814027,0.2647804004084944,5,own
51-4034,8,0.05213382485869822,partial:OEWS_May2021_lognormal;D,10.66449383814027,0.2647804004084944,5,own
51-4034,9,0.013187223898429745,partial:OEWS_May2021_lognormal;D,10.66449383814027,0.2647804004084944,5,own
51-4034,10,0.0007939503589134977,partial:OEWS_May2021_lognormal;D,10.66449383814027,0.2647804004084944,5,own
51-4035,1,0.00802956288327017,partial:OEWS_May2021_lognormal;D,10.715134403307106,0.28902611939363376,5,own
51-4035,2,0.05524894947130232,partial:OEWS_May2021_lognormal;D,10.715134403307106,0.28902611939363376,5,own
51-4035,3,0.12252679294447866,partial:OEWS_May2021_lognormal;D,10.715134403307106,0.28902611939363376,5,own
51-4035,4,0.17683021260454002,partial:OEWS_May2021_lognormal;D,10.715134403307106,0.28902611939363376,5,own
51-4035,5,0.1990351964871604,partial:OEWS_May2021_lognormal;D,10.715134403307106,0.28902611939363376,5,own
51-4035,6,0.18429107894804497,partial:OEWS_May2021_lognormal;D,10.715134403307106,0.28902611939363376,5,own
51-4035,7,0.13971894771607274,partial:OEWS_May2021_lognormal;D,10.715134403307106,0.28902611939363376,5,own
51-4035,8,0.08130527303485469,partial:OEWS_May2021_lognormal;D,10.715134403307106,0.28902611939363376,5,own
51-4035,9,0.02972991449338802,partial:OEWS_May2021_lognormal;D,10.715134403307106,0.28902611939363376,5,own
51-4035,10,0.0032840714168880236,partial:OEWS_May2021_lognormal;D,10.715134403307106,0.28902611939363376,5,own
51-4041,1,0.011694411856100817,partial:OEWS_May2021_lognormal;D,10.752508812065555,0.3234306663050072,5,own
51-4041,2,0.057627940968728975,partial:OEWS_May2021_lognormal;D,10.752508812065555,0.3234306663050072,5,own
51-4041,3,0.11104240300388185,partial:OEWS_May2021_lognormal;D,10.752508812065555,0.3234306663050072,5,own
51-4041,4,0.15337966700433536,partial:OEWS_May2021_lognormal;D,10.752508812065555,0.3234306663050072,5,own
51-4041,5,0.17548642666172282,partial:OEWS_May2021_lognormal;D,10.752508812065555,0.3234306663050072,5,own
51-4041,6,0.173688399397388,partial:OEWS_May2021_lognormal;D,10.752508812065555,0.3234306663050072,5,own
51-4041,7,0.14861771826473036,partial:OEWS_May2021_lognormal;D,10.752508812065555,0.3234306663050072,5,own
51-4041,8,0.10509964132867566,partial:OEWS_May2021_lognormal;D,10.752508812065555,0.3234306663050072,5,own
51-4041,9,0.053010417748353245,partial:OEWS_May2021_lognormal;D,10.752508812065555,0.3234306663050072,5,own
51-4041,10,0.010352973766082907,partial:OEWS_May2021_lognormal;D,10.752508812065555,0.3234306663050072,5,own
51-4051,1,0.0085534977123784,partial:OEWS_May2021_lognormal;D,10.718767973411639,0.29335845375688663,5,own
51-4051,2,0.0559985849406085,partial:OEWS_May2021_lognormal;D,10.718767973411639,0.29335845375688663,5,own
51-4051,3,0.12146971356771263,partial:OEWS_May2021_lognormal;D,10.718767973411639,0.29335845375688663,5,own
51-4051,4,0.17391816928483916,partial:OEWS_May2021_lognormal;D,10.718767973411639,0.29335845375688663,5,own
51-4051,5,0.1959387107901654,partial:OEWS_May2021_lognormal;D,10.718767973411639,0.29335845375688663,5,own
51-4051,6,0.18292960599660313,partial:OEWS_May2021_lognormal;D,10.718767973411639,0.29335845375688663,5,own
51-4051,7,0.14093579743419504,partial:OEWS_May2021_lognormal;D,10.718767973411639,0.29335845375688663,5,own
51-4051,8,0.08422288358510555,partial:OEWS_May2021_lognormal;D,10.718767973411639,0.29335845375688663,5,own
51-4051,9,0.03218884271217515,partial:OEWS_May2021_lognormal;D,10.718767973411639,0.29335845375688663,5,own
51-4051,10,0.0038441939762170474,partial:OEWS_May2021_lognormal;D,10.718767973411639,0.29335845375688663,5,own
51-4052,1,0.00736902304121928,partial:OEWS_May2021_lognormal;D,10.683448185247741,0.272337612948844,5,own
51-4052,2,0.0587808357226145,partial:OEWS_May2021_lognormal;D,10.683448185247741,0.272337612948844,5,own
51-4052,3,0.13659367193037136,partial:OEWS_May2021_lognormal;D,10.683448185247741,0.272337612948844,5,own
51-4052,4,0.19599689162416511,partial:OEWS_May2021_lognormal;D,10.683448185247741,0.272337612948844,5,own
51-4052,5,0.2119298147184121,partial:OEWS_May2021_lognormal;D,10.683448185247741,0.272337612948844,5,own
51-4052,6,0.18286277071714152,partial:OEWS_May2021_lognormal;D,10.683448185247741,0.272337612948844,5,own
51-4052,7,0.12480732503797543,partial:OEWS_May2021_lognormal;D,10.683448185247741,0.272337612948844,5,own
51-4052,8,0.06230330205287704,partial:OEWS_May2021_lognormal;D,10.683448185247741,0.272337612948844,5,own
51-4052,9,0.018010386144361124,partial:OEWS_May2021_lognormal;D,10.683448185247741,0.272337612948844,5,own
51-4052,10,0.0013459790108625302,partial:OEWS_May2021_lognormal;D,10.683448185247741,0.272337612948844,5,own
51-4061,1,0.002760102361680117,partial:OEWS_May2021_lognormal;D,10.933384140640737,0.32940566878181216,5,own
51-4061,2,0.019823603580309046,partial:OEWS_May2021_lognormal;D,10.933384140640737,0.32940566878181216,5,own
51-4061,3,0.05143570982263995,partial:OEWS_May2021_lognormal;D,10.933384140640737,0.32940566878181216,5,own
51-4061,4,0.09177947426293231,partial:OEWS_May2021_lognormal;D,10.933384140640737,0.32940566878181216,5,own
51-4061,5,0.1335148316040815,partial:OEWS_May2021_lognormal;D,10.933384140640737,0.32940566878181216,5,own
51-4061,6,0.16806924046634908,partial:OEWS_May2021_lognormal;D,10.933384140640737,0.32940566878181216,5,own
51-4061,7,0.18573157601618873,partial:OEWS_May2021_lognormal;D,10.933384140640737,0.32940566878181216,5,own
51-4061,8,0.1759160411992745,partial:OEWS_May2021_lognormal;D,10.933384140640737,0.32940566878181216,5,own
51-4061,9,0.1284570569211465,partial:OEWS_May2021_lognormal;D,10.933384140640737,0.32940566878181216,5,own
51-4061,10,0.04251236376539824,partial:OEWS_May2021_lognormal;D,10.933384140640737,0.32940566878181216,5,own
51-4062,1,0.01709615816281551,partial:OEWS_May2021_lognormal;D,10.775064471698572,0.3568711380866154,5,own
51-4062,2,0.06287022388903102,partial:OEWS_May2021_lognormal;D,10.775064471698572,0.3568711380866154,5,own
51-4062,3,0.10635444240196573,partial:OEWS_May2021_lognormal;D,10.775064471698572,0.3568711380866154,5,own
51-4062,4,0.13911713582651491,partial:OEWS_May2021_lognormal;D,10.775064471698572,0.3568711380866154,5,own
51-4062,5,0.1577189482138754,partial:OEWS_May2021_lognormal;D,10.775064471698572,0.3568711380866154,5,own
51-4062,6,0.16043698623300984,partial:OEWS_May2021_lognormal;D,10.775064471698572,0.3568711380866154,5,own
51-4062,7,0.1465936707723865,partial:OEWS_May2021_lognormal;D,10.775064471698572,0.3568711380866154,5,own
51-4062,8,0.11653405555899998,partial:OEWS_May2021_lognormal;D,10.775064471698572,0.3568711380866154,5,own
51-4062,9,0.07226890992101154,partial:OEWS_May2021_lognormal;D,10.775064471698572,0.3568711380866154,5,own
51-4062,10,0.021009469020389582,partial:OEWS_May2021_lognormal;D,10.775064471698572,0.3568711380866154,5,own
51-4071,1,0.01954292515212358,partial:OEWS_May2021_lognormal;D,10.559153114346413,0.2616554912965423,5,own
51-4071,2,0.11798196680635609,partial:OEWS_May2021_lognormal;D,10.559153114346413,0.2616554912965423,5,own
51-4071,3,0.21045164434237723,partial:OEWS_May2021_lognormal;D,10.559153114346413,0.2616554912965423,5,own
51-4071,4,0.23438887160409438,partial:OEWS_May2021_lognormal;D,10.559153114346413,0.2616554912965423,5,own
51-4071,5,0.1962644941835613,partial:OEWS_May2021_lognormal;D,10.559153114346413,0.2616554912965423,5,own
51-4071,6,0.12914881581677662,partial:OEWS_May2021_lognormal;D,10.559153114346413,0.2616554912965423,5,own
51-4071,7,0.0651651978474983,partial:OEWS_May2021_lognormal;D,10.559153114346413,0.2616554912965423,5,own
51-4071,8,0.022744655757985788,partial:OEWS_May2021_lognormal;D,10.559153114346413,0.2616554912965423,5,own
51-4071,9,0.004151356692211339,partial:OEWS_May2021_lognormal;D,10.559153114346413,0.2616554912965423,5,own
51-4071,10,0.000160071797015382,partial:OEWS_May2021_lognormal;D,10.559153114346413,0.2616554912965423,5,own
51-4072,1,0.027689312554525225,partial:OEWS_May2021_lognormal;D,10.506392281124743,0.2542459468207859,5,own
51-4072,2,0.15219703243371535,partial:OEWS_May2021_lognormal;D,10.506392281124743,0.2542459468207859,5,own
51-4072,3,0.24294354869040408,partial:OEWS_May2021_lognormal;D,10.506392281124743,0.2542459468207859,5,own
51-4072,4,0.24048519671595636,partial:OEWS_May2021_lognormal;D,10.506392281124743,0.2542459468207859,5,own
51-4072,5,0.17741491371855167,partial:OEWS_May2021_lognormal;D,10.506392281124743,0.2542459468207859,5,own
51-4072,6,0.10145661087550817,partial:OEWS_May2021_lognormal;D,10.506392281124743,0.2542459468207859,5,own
51-4072,7,0.04353619182878932,partial:OEWS_May2021_lognormal;D,10.506392281124743,0.2542459468207859,5,own
51-4072,8,0.012474229050822627,partial:OEWS_May2021_lognormal;D,10.506392281124743,0.2542459468207859,5,own
51-4072,9,0.0017569722946255695,partial:OEWS_May2021_lognormal;D,10.506392281124743,0.2542459468207859,5,own
51-4072,10,0.00004599183710163324,partial:OEWS_May2021_lognormal;D,10.506392281124743,0.2542459468207859,5,own
51-4081,1,0.030764292329632736,partial:OEWS_May2021_lognormal;D,10.575826859399163,0.29766776575960835,5,own
51-4081,2,0.12417670717901402,partial:OEWS_May2021_lognormal;D,10.575826859399163,0.29766776575960835,5,own
51-4081,3,0.18981199826839507,partial:OEWS_May2021_lognormal;D,10.575826859399163,0.29766776575960835,5,own
51-4081,4,0.20568814517212564,partial:OEWS_May2021_lognormal;D,10.575826859399163,0.29766776575960835,5,own
51-4081,5,0.18150098032021045,partial:OEWS_May2021_lognormal;D,10.575826859399163,0.29766776575960835,5,own
51-4081,6,0.13469162949940428,partial:OEWS_May2021_lognormal;D,10.575826859399163,0.29766776575960835,5,own
51-4081,7,0.08254268182387925,partial:OEWS_May2021_lognormal;D,10.575826859399163,0.29766776575960835,5,own
51-4081,8,0.038689714533222896,partial:OEWS_May2021_lognormal;D,10.575826859399163,0.29766776575960835,5,own
51-4081,9,0.011189100393223739,partial:OEWS_May2021_lognormal;D,10.575826859399163,0.29766776575960835,5,own
51-4081,10,0.0009447504808919316,partial:OEWS_May2021_lognormal;D,10.575826859399163,0.29766776575960835,5,own
51-4111,1,0.0006257735355512661,partial:OEWS_May2021_lognormal;D,10.906213189103562,0.27485787434718056,5,own
51-4111,2,0.010048370704206722,partial:OEWS_May2021_lognormal;D,10.906213189103562,0.27485787434718056,5,own
51-4111,3,0.04038105265257602,partial:OEWS_May2021_lognormal;D,10.906213189103562,0.27485787434718056,5,own
51-4111,4,0.09244404526749384,partial:OEWS_May2021_lognormal;D,10.906213189103562,0.27485787434718056,5,own
51-4111,5,0.15386919658095716,partial:OEWS_May2021_lognormal;D,10.906213189103562,0.27485787434718056,5,own
51-4111,6,0.20293501305063133,partial:OEWS_May2021_lognormal;D,10.906213189103562,0.27485787434718056,5,own
51-4111,7,0.21560821021305587,partial:OEWS_May2021_lognormal;D,10.906213189103562,0.27485787434718056,5,own
51-4111,8,0.1761930201878763,partial:OEWS_May2021_lognormal;D,10.906213189103562,0.27485787434718056,5,own
51-4111,9,0.0926207255818724,partial:OEWS_May2021_lognormal;D,10.906213189103562,0.27485787434718056,5,own
51-4111,10,0.015274592225779093,partial:OEWS_May2021_lognormal;D,10.906213189103562,0.27485787434718056,5,own
51-4121,1,0.005688734257447259,partial:OEWS_May2021_lognormal;D,10.732443758971465,0.28178257456113115,5,own
51-4121,2,0.0460182528670211,partial:OEWS_May2021_lognormal;D,10.732443758971465,0.28178257456113115,5,own
51-4121,3,0.1123657889100082,partial:OEWS_May2021_lognormal;D,10.732443758971465,0.28178257456113115,5,own
51-4121,4,0.17248178403808856,partial:OEWS_May2021_lognormal;D,10.732443758971465,0.28178257456113115,5,own
51-4121,5,0.20238723834611305,partial:OEWS_May2021_lognormal;D,10.732443758971465,0.28178257456113115,5,own
51-4121,6,0.19257968711125795,partial:OEWS_May2021_lognormal;D,10.732443758971465,0.28178257456113115,5,own
51-4121,7,0.14815924944215664,partial:OEWS_May2021_lognormal;D,10.732443758971465,0.28178257456113115,5,own
51-4121,8,0.08624773251263051,partial:OEWS_May2021_lognormal;D,10.732443758971465,0.28178257456113115,5,own
51-4121,9,0.030870285211874737,partial:OEWS_May2021_lognormal;D,10.732443758971465,0.28178257456113115,5,own
51-4121,10,0.0032012473034019884,partial:OEWS_May2021_lognormal;D,10.732443758971465,0.28178257456113115,5,own
51-4122,1,0.008938227410556387,partial:OEWS_May2021_lognormal;D,10.628801374828958,0.2573793374103668,5,own
51-4122,2,0.07481705003653238,partial:OEWS_May2021_lognormal;D,10.628801374828958,0.2573793374103668,5,own
51-4122,3,0.16834748383238285,partial:OEWS_May2021_lognormal;D,10.628801374828958,0.2573793374103668,5,own
51-4122,4,0.2242928104454457,partial:OEWS_May2021_lognormal;D,10.628801374828958,0.2573793374103668,5,own
51-4122,5,0.21848108200003247,partial:OEWS_May2021_lognormal;D,10.628801374828958,0.2573793374103668,5,own
51-4122,6,0.16475029402911567,partial:OEWS_May2021_lognormal;D,10.628801374828958,0.2573793374103668,5,own
51-4122,7,0.09460309653355625,partial:OEWS_May2021_lognormal;D,10.628801374828958,0.2573793374103668,5,own
51-4122,8,0.03756547204526495,partial:OEWS_May2021_lognormal;D,10.628801374828958,0.2573793374103668,5,own
51-4122,9,0.007851961354772508,partial:OEWS_May2021_lognormal;D,10.628801374828958,0.2573793374103668,5,own
51-4122,10,0.00035252231234084164,partial:OEWS_May2021_lognormal;D,10.628801374828958,0.2573793374103668,5,own
51-4191,1,0.019550806064400794,partial:OEWS_May2021_lognormal;D,10.591000242343027,0.27711296158497156,5,own
51-4191,2,0.10644047702315401,partial:OEWS_May2021_lognormal;D,10.591000242343027,0.27711296158497156,5,own
51-4191,3,0.18823162928845055,partial:OEWS_May2021_lognormal;D,10.591000242343027,0.27711296158497156,5,own
51-4191,4,0.2182248373079248,partial:OEWS_May2021_lognormal;D,10.591000242343027,0.27711296158497156,5,own
51-4191,5,0.19656632659089357,partial:OEWS_May2021_lognormal;D,10.591000242343027,0.27711296158497156,5,own
51-4191,6,0.14347650481115892,partial:OEWS_May2021_lognormal;D,10.591000242343027,0.27711296158497156,5,own
51-4191,7,0.08327993772737174,partial:OEWS_May2021_lognormal;D,10.591000242343027,0.27711296158497156,5,own
51-4191,8,0.03521967691213812,partial:OEWS_May2021_lognormal;D,10.591000242343027,0.27711296158497156,5,own
51-4191,9,0.008495866855370293,partial:OEWS_May2021_lognormal;D,10.591000242343027,0.27711296158497156,5,own
51-4191,10,0.0005139374191371893,partial:OEWS_May2021_lognormal;D,10.591000242343027,0.27711296158497156,5,own
51-4192,1,0.0038729225337195694,partial:OEWS_May2021_lognormal;D,10.789502083631508,0.2892346540357747,5,own
51-4192,2,0.03335206147686465,partial:OEWS_May2021_lognormal;D,10.789502083631508,0.2892346540357747,5,own
51-4192,3,0.08786030055570687,partial:OEWS_May2021_lognormal;D,10.789502083631508,0.2892346540357747,5,own
51-4192,4,0.1464128001777757,partial:OEWS_May2021_lognormal;D,10.789502083631508,0.2892346540357747,5,own
51-4192,5,0.1878706059631447,partial:OEWS_May2021_lognormal;D,10.789502083631508,0.2892346540357747,5,own
51-4192,6,0.19761313368229677,partial:OEWS_May2021_lognormal;D,10.789502083631508,0.2892346540357747,5,own
51-4192,7,0.1709149528729006,partial:OEWS_May2021_lognormal;D,10.789502083631508,0.2892346540357747,5,own
51-4192,8,0.11502568663351331,partial:OEWS_May2021_lognormal;D,10.789502083631508,0.2892346540357747,5,own
51-4192,9,0.05010943128093004,partial:OEWS_May2021_lognormal;D,10.789502083631508,0.2892346540357747,5,own
51-4192,10,0.006968104823147803,partial:OEWS_May2021_lognormal;D,10.789502083631508,0.2892346540357747,5,own
51-4193,1,0.01403886617257516,partial:OEWS_May2021_lognormal;D,10.529102861982766,0.23213692792365467,5,own
51-4193,2,0.12144149547106753,partial:OEWS_May2021_lognormal;D,10.529102861982766,0.23213692792365467,5,own
51-4193,3,0.24240799889570613,partial:OEWS_May2021_lognormal;D,10.529102861982766,0.23213692792365467,5,own
51-4193,4,0.2641235659231872,partial:OEWS_May2021_lognormal;D,10.529102861982766,0.23213692792365467,5,own
51-4193,5,0.19802984721575811,partial:OEWS_May2021_lognormal;D,10.529102861982766,0.23213692792365467,5,own
51-4193,6,0.10792139789003374,partial:OEWS_May2021_lognormal;D,10.529102861982766,0.23213692792365467,5,own
51-4193,7,0.04132094780229867,partial:OEWS_May2021_lognormal;D,10.529102861982766,0.23213692792365467,5,own
51-4193,8,0.009715475408920371,partial:OEWS_May2021_lognormal;D,10.529102861982766,0.23213692792365467,5,own
51-4193,9,0.0009861756209919026,partial:OEWS_May2021_lognormal;D,10.529102861982766,0.23213692792365467,5,own
51-4193,10,0.000014229599461179632,partial:OEWS_May2021_lognormal;D,10.529102861982766,0.23213692792365467,5,own
51-4194,1,0.01715078933814923,partial:OEWS_May2021_lognormal;D,10.617759097151344,0.2827652306237311,5,own
51-4194,2,0.09459781603604889,partial:OEWS_May2021_lognormal;D,10.617759097151344,0.2827652306237311,5,own
51-4194,3,0.17297182390765753,partial:OEWS_May2021_lognormal;D,10.617759097151344,0.2827652306237311,5,own
51-4194,4,0.20936106245298625,partial:OEWS_May2021_lognormal;D,10.617759097151344,0.2827652306237311,5,own
51-4194,5,0.19844023890901058,partial:OEWS_May2021_lognormal;D,10.617759097151344,0.2827652306237311,5,own
51-4194,6,0.1538174194695352,partial:OEWS_May2021_lognormal;D,10.617759097151344,0.2827652306237311,5,own
51-4194,7,0.09602075850219127,partial:OEWS_May2021_lognormal;D,10.617759097151344,0.2827652306237311,5,own
51-4194,8,0.04454241341472609,partial:OEWS_May2021_lognormal;D,10.617759097151344,0.2827652306237311,5,own
51-4194,9,0.012201160493399144,partial:OEWS_May2021_lognormal;D,10.617759097151344,0.2827652306237311,5,own
51-4194,10,0.0008965174762958217,partial:OEWS_May2021_lognormal;D,10.617759097151344,0.2827652306237311,5,own
51-4199,1,0.027692067679751686,partial:OEWS_May2021_lognormal;D,10.560892798681046,0.2826988574064391,5,own
51-4199,2,0.12702453651681878,partial:OEWS_May2021_lognormal;D,10.560892798681046,0.2826988574064391,5,own
51-4199,3,0.2017745599811694,partial:OEWS_May2021_lognormal;D,10.560892798681046,0.2826988574064391,5,own
51-4199,4,0.21741016205944053,partial:OEWS_May2021_lognormal;D,10.560892798681046,0.2826988574064391,5,own
51-4199,5,0.18547075105455324,partial:OEWS_May2021_lognormal;D,10.560892798681046,0.2826988574064391,5,own
51-4199,6,0.1298218938140896,partial:OEWS_May2021_lognormal;D,10.560892798681046,0.2826988574064391,5,own
51-4199,7,0.07297433197285785,partial:OEWS_May2021_lognormal;D,10.560892798681046,0.2826988574064391,5,own
51-4199,8,0.03017708859415602,partial:OEWS_May2021_lognormal;D,10.560892798681046,0.2826988574064391,5,own
51-4199,9,0.00721159302290264,partial:OEWS_May2021_lognormal;D,10.560892798681046,0.2826988574064391,5,own
51-4199,10,0.0004430153042602747,partial:OEWS_May2021_lognormal;D,10.560892798681046,0.2826988574064391,5,own
51-5111,1,0.014445121302504749,partial:OEWS_May2021_lognormal;D,10.63896186948999,0.2836078721820845,5,own
51-5111,2,0.0843538329941067,partial:OEWS_May2021_lognormal;D,10.63896186948999,0.2836078721820845,5,own
51-5111,3,0.1616552242490248,partial:OEWS_May2021_lognormal;D,10.63896186948999,0.2836078721820845,5,own
51-5111,4,0.20386710321031815,partial:OEWS_May2021_lognormal;D,10.63896186948999,0.2836078721820845,5,own
51-5111,5,0.20090004546790535,partial:OEWS_May2021_lognormal;D,10.63896186948999,0.2836078721820845,5,own
51-5111,6,0.16195460075810042,partial:OEWS_May2021_lognormal;D,10.63896186948999,0.2836078721820845,5,own
51-5111,7,0.10542646979426229,partial:OEWS_May2021_lognormal;D,10.63896186948999,0.2836078721820845,5,own
51-5111,8,0.051298312024328996,partial:OEWS_May2021_lognormal;D,10.63896186948999,0.2836078721820845,5,own
51-5111,9,0.014910463781196315,partial:OEWS_May2021_lognormal;D,10.63896186948999,0.2836078721820845,5,own
51-5111,10,0.0011888264182522423,partial:OEWS_May2021_lognormal;D,10.63896186948999,0.2836078721820845,5,own
51-5112,1,0.03574720744932025,partial:OEWS_May2021_lognormal;D,10.57205124566065,0.30669686421603504,5,own
51-5112,2,0.12946388292723487,partial:OEWS_May2021_lognormal;D,10.57205124566065,0.30669686421603504,5,own
51-5112,3,0.18845069633350464,partial:OEWS_May2021_lognormal;D,10.57205124566065,0.30669686421603504,5,own
51-5112,4,0.2001723289121483,partial:OEWS_May2021_lognormal;D,10.57205124566065,0.30669686421603504,5,own
51-5112,5,0.1761594698215886,partial:OEWS_May2021_lognormal;D,10.57205124566065,0.30669686421603504,5,own
51-5112,6,0.13220113233951403,partial:OEWS_May2021_lognormal;D,10.57205124566065,0.30669686421603504,5,own
51-5112,7,0.08312127555005022,partial:OEWS_May2021_lognormal;D,10.57205124566065,0.30669686421603504,5,own
51-5112,8,0.040739748685099775,partial:OEWS_May2021_lognormal;D,10.57205124566065,0.30669686421603504,5,own
51-5112,9,0.012713006496353874,partial:OEWS_May2021_lognormal;D,10.57205124566065,0.30669686421603504,5,own
51-5112,10,0.0012312514851854361,partial:OEWS_May2021_lognormal;D,10.57205124566065,0.30669686421603504,5,own
51-5113,1,0.05411585178854361,partial:OEWS_May2021_lognormal;D,10.481068646003028,0.28750270342626655,5,own
51-5113,2,0.18109830331402704,partial:OEWS_May2021_lognormal;D,10.481068646003028,0.28750270342626655,5,own
51-5113,3,0.23128994647721463,partial:OEWS_May2021_lognormal;D,10.481068646003028,0.28750270342626655,5,own
51-5113,4,0.2110424268254374,partial:OEWS_May2021_lognormal;D,10.481068646003028,0.28750270342626655,5,own
51-5113,5,0.15647083531086325,partial:OEWS_May2021_lognormal;D,10.481068646003028,0.28750270342626655,5,own
51-5113,6,0.09647618723855445,partial:OEWS_May2021_lognormal;D,10.481068646003028,0.28750270342626655,5,own
51-5113,7,0.048041252803044054,partial:OEWS_May2021_lognormal;D,10.481068646003028,0.28750270342626655,5,own
51-5113,8,0.017582551169884386,partial:OEWS_May2021_lognormal;D,10.481068646003028,0.28750270342626655,5,own
51-5113,9,0.003687466060249611,partial:OEWS_May2021_lognormal;D,10.481068646003028,0.28750270342626655,5,own
51-5113,10,0.00019517901218157885,partial:OEWS_May2021_lognormal;D,10.481068646003028,0.28750270342626655,5,own
51-6011,1,0.18732137117863973,partial:OEWS_May2021_lognormal;D,10.207939302864181,0.21249495645834784,5,own
51-6011,2,0.43393557795836496,partial:OEWS_May2021_lognormal;D,10.207939302864181,0.21249495645834784,5,own
51-6011,3,0.25806665029696163,partial:OEWS_May2021_lognormal;D,10.207939302864181,0.21249495645834784,5,own
51-6011,4,0.09253679530692271,partial:OEWS_May2021_lognormal;D,10.207939302864181,0.21249495645834784,5,own
51-6011,5,0.023450661275453366,partial:OEWS_May2021_lognormal;D,10.207939302864181,0.21249495645834784,5,own
51-6011,6,0.004182741612700047,partial:OEWS_May2021_lognormal;D,10.207939302864181,0.21249495645834784,5,own
51-6011,7,0.00047763128311217873,partial:OEWS_May2021_lognormal;D,10.207939302864181,0.21249495645834784,5,own
51-6011,8,0.000028059531865132215,partial:OEWS_May2021_lognormal;D,10.207939302864181,0.21249495645834784,5,own
51-6011,9,5.109689047433363e-7,partial:OEWS_May2021_lognormal;D,10.207939302864181,0.21249495645834784,5,own
51-6011,10,5.870754993253513e-10,partial:OEWS_May2021_lognormal;D,10.207939302864181,0.21249495645834784,5,own
51-6021,1,0.1551913233244106,partial:OEWS_May2021_lognormal;D,10.219580059845782,0.1974488867716109,5,own
51-6021,2,0.4525196203817164,partial:OEWS_May2021_lognormal;D,10.219580059845782,0.1974488867716109,5,own
51-6021,3,0.27759488795348064,partial:OEWS_May2021_lognormal;D,10.219580059845782,0.1974488867716109,5,own
51-6021,4,0.09169299047864399,partial:OEWS_May2021_lognormal;D,10.219580059845782,0.1974488867716109,5,own
51-6021,5,0.019900846305484943,partial:OEWS_May2021_lognormal;D,10.219580059845782,0.1974488867716109,5,own
51-6021,6,0.002848294718162281,partial:OEWS_May2021_lognormal;D,10.219580059845782,0.1974488867716109,5,own
51-6021,7,0.00024235124120974838,partial:OEWS_May2021_lognormal;D,10.219580059845782,0.1974488867716109,5,own
51-6021,8,9.586271688233339e-6,partial:OEWS_May2021_lognormal;D,10.219580059845782,0.1974488867716109,5,own
51-6021,9,9.92818192102618e-8,partial:OEWS_May2021_lognormal;D,10.219580059845782,0.1974488867716109,5,own
51-6021,10,4.338396308867232e-11,partial:OEWS_May2021_lognormal;D,10.219580059845782,0.1974488867716109,5,own
51-6031,1,0.09439628936890426,partial:OEWS_May2021_lognormal;D,10.30625943163432,0.21837181248264018,5,own
51-6031,2,0.34607744987038547,partial:OEWS_May2021_lognormal;D,10.30625943163432,0.21837181248264018,5,own
51-6031,3,0.31437876368804424,partial:OEWS_May2021_lognormal;D,10.30625943163432,0.21837181248264018,5,own
51-6031,4,0.16547141515451758,partial:OEWS_May2021_lognormal;D,10.30625943163432,0.21837181248264018,5,own
51-6031,5,0.06081234502973565,partial:OEWS_May2021_lognormal;D,10.30625943163432,0.21837181248264018,5,own
51-6031,6,0.015868962579791535,partial:OEWS_May2021_lognormal;D,10.30625943163432,0.21837181248264018,5,own
51-6031,7,0.002730413699059686,partial:OEWS_May2021_lognormal;D,10.30625943163432,0.21837181248264018,5,own
51-6031,8,0.0002560254528694017,partial:OEWS_May2021_lognormal;D,10.30625943163432,0.21837181248264018,5,own
51-6031,9,8.312625197959278e-6,partial:OEWS_May2021_lognormal;D,10.30625943163432,0.21837181248264018,5,own
51-6031,10,2.253149422593026e-8,partial:OEWS_May2021_lognormal;D,10.30625943163432,0.21837181248264018,5,own
51-6041,1,0.07803223267335185,partial:OEWS_May2021_lognormal;D,10.398890234173285,0.26762366482973543,5,own
51-6041,2,0.24174238279213595,partial:OEWS_May2021_lognormal;D,10.398890234173285,0.26762366482973543,5,own
51-6041,3,0.2660286224844307,partial:OEWS_May2021_lognormal;D,10.398890234173285,0.26762366482973543,5,own
51-6041,4,0.20296304068499804,partial:OEWS_May2021_lognormal;D,10.398890234173285,0.26762366482973543,5,own
51-6041,5,0.12261237278136283,partial:OEWS_May2021_lognormal;D,10.398890234173285,0.26762366482973543,5,own
51-6041,6,0.05967035583710101,partial:OEWS_May2021_lognormal;D,10.398890234173285,0.26762366482973543,5,own
51-6041,7,0.02241541478617526,partial:OEWS_May2021_lognormal;D,10.398890234173285,0.26762366482973543,5,own
51-6041,8,0.0057652545245279185,partial:OEWS_May2021_lognormal;D,10.398890234173285,0.26762366482973543,5,own
51-6041,9,0.0007511332825935746,partial:OEWS_May2021_lognormal;D,10.398890234173285,0.26762366482973543,5,own
51-6041,10,0.000019190153322856673,partial:OEWS_May2021_lognormal;D,10.398890234173285,0.26762366482973543,5,own
51-6042,1,0.16855727582000313,partial:OEWS_May2021_lognormal;D,10.253473018178726,0.24397678380482973,5,own
51-6042,2,0.3642418494761953,partial:OEWS_May2021_lognormal;D,10.253473018178726,0.24397678380482973,5,own
51-6042,3,0.26500416409385485,partial:OEWS_May2021_lognormal;D,10.253473018178726,0.24397678380482973,5,own
51-6042,4,0.13221443659407695,partial:OEWS_May2021_lognormal;D,10.253473018178726,0.24397678380482973,5,own
51-6042,5,0.051039903362327,partial:OEWS_May2021_lognormal;D,10.253473018178726,0.24397678380482973,5,own
51-6042,6,0.015220106381599097,partial:OEWS_May2021_lognormal;D,10.253473018178726,0.24397678380482973,5,own
51-6042,7,0.0032695884801532404,partial:OEWS_May2021_lognormal;D,10.253473018178726,0.24397678380482973,5,own
51-6042,8,0.0004291582346476197,partial:OEWS_May2021_lognormal;D,10.253473018178726,0.24397678380482973,5,own
51-6042,9,0.0000233582428120771,partial:OEWS_May2021_lognormal;D,10.253473018178726,0.24397678380482973,5,own
51-6042,10,1.5931433072768897e-7,partial:OEWS_May2021_lognormal;D,10.253473018178726,0.24397678380482973,5,own
51-6051,1,0.09174719393715636,partial:OEWS_May2021_lognormal;D,10.313084830453734,0.22089078887721136,5,own
51-6051,2,0.3372374637343878,partial:OEWS_May2021_lognormal;D,10.313084830453734,0.22089078887721136,5,own
51-6051,3,0.3135158355118307,partial:OEWS_May2021_lognormal;D,10.313084830453734,0.22089078887721136,5,own
51-6051,4,0.17063301153055255,partial:OEWS_May2021_lognormal;D,10.313084830453734,0.22089078887721136,5,own
51-6051,5,0.06534070624352084,partial:OEWS_May2021_lognormal;D,10.313084830453734,0.22089078887721136,5,own
51-6051,6,0.017911347784256515,partial:OEWS_May2021_lognormal;D,10.313084830453734,0.22089078887721136,5,own
51-6051,7,0.0032717303541590637,partial:OEWS_May2021_lognormal;D,10.313084830453734,0.22089078887721136,5,own
51-6051,8,0.0003307839155856085,partial:OEWS_May2021_lognormal;D,10.313084830453734,0.22089078887721136,5,own
51-6051,9,0.000011889012803356636,partial:OEWS_May2021_lognormal;D,10.313084830453734,0.22089078887721136,5,own
51-6051,10,3.797574721353669e-8,partial:OEWS_May2021_lognormal;D,10.313084830453734,0.22089078887721136,5,own
51-6052,1,0.12085824241146903,partial:OEWS_May2021_lognormal;D,10.423061894365027,0.3449007756529237,5,own
51-6052,2,0.21147476869325577,partial:OEWS_May2021_lognormal;D,10.423061894365027,0.3449007756529237,5,own
51-6052,3,0.2067455165595441,partial:OEWS_May2021_lognormal;D,10.423061894365027,0.3449007756529237,5,own
51-6052,4,0.1705633509484017,partial:OEWS_May2021_lognormal;D,10.423061894365027,0.3449007756529237,5,own
51-6052,5,0.12604710827592203,partial:OEWS_May2021_lognormal;D,10.423061894365027,0.3449007756529237,5,own
51-6052,6,0.08377087919326409,partial:OEWS_May2021_lognormal;D,10.423061894365027,0.3449007756529237,5,own
51-6052,7,0.04879010647648718,partial:OEWS_May2021_lognormal;D,10.423061894365027,0.3449007756529237,5,own
51-6052,8,0.02326293676430835,partial:OEWS_May2021_lognormal;D,10.423061894365027,0.3449007756529237,5,own
51-6052,9,0.007596533764490099,partial:OEWS_May2021_lognormal;D,10.423061894365027,0.3449007756529237,5,own
51-6052,10,0.0008905569128576651,partial:OEWS_May2021_lognormal;D,10.423061894365027,0.3449007756529237,5,own
51-6061,1,0.06201913503355966,partial:OEWS_May2021_lognormal;D,10.345022232554658,0.21178751845118943,5,own
51-6061,2,0.30586924814867283,partial:OEWS_May2021_lognormal;D,10.345022232554658,0.21178751845118943,5,own
51-6061,3,0.3334519621669234,partial:OEWS_May2021_lognormal;D,10.345022232554658,0.21178751845118943,5,own
51-6061,4,0.1962566102802783,partial:OEWS_May2021_lognormal;D,10.345022232554658,0.21178751845118943,5,own
51-6061,5,0.07736852304463293,partial:OEWS_May2021_lognormal;D,10.345022232554658,0.21178751845118943,5,own
51-6061,6,0.021019097228138994,partial:OEWS_May2021_lognormal;D,10.345022232554658,0.21178751845118943,5,own
51-6061,7,0.003666582465129853,partial:OEWS_May2021_lognormal;D,10.345022232554658,0.21178751845118943,5,own
51-6061,8,0.00033844502990154623,partial:OEWS_May2021_lognormal;D,10.345022232554658,0.21178751845118943,5,own
51-6061,9,0.000010372361754495962,partial:OEWS_May2021_lognormal;D,10.345022232554658,0.21178751845118943,5,own
51-6061,10,2.4241007978709206e-8,partial:OEWS_May2021_lognormal;D,10.345022232554658,0.21178751845118943,5,own
51-6062,1,0.08533857675306133,partial:OEWS_May2021_lognormal;D,10.376008492373623,0.2603768559624839,5,own
51-6062,2,0.2616423110205055,partial:OEWS_May2021_lognormal;D,10.376008492373623,0.2603768559624839,5,own
51-6062,3,0.27499512430464446,partial:OEWS_May2021_lognormal;D,10.376008492373623,0.2603768559624839,5,own
51-6062,4,0.19723240696851774,partial:OEWS_May2021_lognormal;D,10.376008492373623,0.2603768559624839,5,own
51-6062,5,0.11064852457938867,partial:OEWS_May2021_lognormal;D,10.376008492373623,0.2603768559624839,5,own
51-6062,6,0.04932305919218227,partial:OEWS_May2021_lognormal;D,10.376008492373623,0.2603768559624839,5,own
51-6062,7,0.016659726936240293,partial:OEWS_May2021_lognormal;D,10.376008492373623,0.2603768559624839,5,own
51-6062,8,0.003745786922512151,partial:OEWS_May2021_lognormal;D,10.376008492373623,0.2603768559624839,5,own
51-6062,9,0.000406663602354973,partial:OEWS_May2021_lognormal;D,10.376008492373623,0.2603768559624839,5,own
51-6062,10,7.819720592605606e-6,partial:OEWS_May2021_lognormal;D,10.376008492373623,0.2603768559624839,5,own
51-6063,1,0.052290667866314755,partial:OEWS_May2021_lognormal;D,10.406365182703667,0.238491750863898,5,own
51-6063,2,0.23651458108763357,partial:OEWS_May2021_lognormal;D,10.406365182703667,0.238491750863898,5,own
51-6063,3,0.29510123531718546,partial:OEWS_May2021_lognormal;D,10.406365182703667,0.238491750863898,5,own
51-6063,4,0.2236119962495685,partial:OEWS_May2021_lognormal;D,10.406365182703667,0.238491750863898,5,own
51-6063,5,0.12341348869050062,partial:OEWS_May2021_lognormal;D,10.406365182703667,0.238491750863898,5,own
51-6063,6,0.051060081274086566,partial:OEWS_May2021_lognormal;D,10.406365182703667,0.238491750863898,5,own
51-6063,7,0.015061108451087657,partial:OEWS_May2021_lognormal;D,10.406365182703667,0.238491750863898,5,own
51-6063,8,0.002733023518809219,partial:OEWS_May2021_lognormal;D,10.406365182703667,0.238491750863898,5,own
51-6063,9,0.00021158612152083478,partial:OEWS_May2021_lognormal;D,10.406365182703667,0.238491750863898,5,own
51-6063,10,2.2314232928088984e-6,partial:OEWS_May2021_lognormal;D,10.406365182703667,0.238491750863898,5,own
51-6064,1,0.01949574393305953,partial:OEWS_May2021_lognormal;D,10.375403635727835,0.1725154217105577,5,own
51-6064,2,0.2579727805541965,partial:OEWS_May2021_lognormal;D,10.375403635727835,0.1725154217105577,5,own
51-6064,3,0.40421301212266514,partial:OEWS_May2021_lognormal;D,10.375403635727835,0.1725154217105577,5,own
51-6064,4,0.2346045892383286,partial:OEWS_May2021_lognormal;D,10.375403635727835,0.1725154217105577,5,own
51-6064,5,0.07081706322620951,partial:OEWS_May2021_lognormal;D,10.375403635727835,0.1725154217105577,5,own
51-6064,6,0.011855163702039206,partial:OEWS_May2021_lognormal;D,10.375403635727835,0.1725154217105577,5,own
51-6064,7,0.0010080777925278728,partial:OEWS_May2021_lognormal;D,10.375403635727835,0.1725154217105577,5,own
51-6064,8,0.000033347352889512294,partial:OEWS_May2021_lognormal;D,10.375403635727835,0.1725154217105577,5,own
51-6064,9,2.2204360061728323e-7,partial:OEWS_May2021_lognormal;D,10.375403635727835,0.1725154217105577,5,own
51-6064,10,3.448352714485736e-11,partial:OEWS_May2021_lognormal;D,10.375403635727835,0.1725154217105577,5,own
51-6091,1,0.02602348238734009,partial:OEWS_May2021_lognormal;D,10.580889538124842,0.2890783104942456,5,own
51-6091,2,0.11783218243622706,partial:OEWS_May2021_lognormal;D,10.580889538124842,0.2890783104942456,5,own
51-6091,3,0.19013872061841297,partial:OEWS_May2021_lognormal;D,10.580889538124842,0.2890783104942456,5,own
51-6091,4,0.21100211943338443,partial:OEWS_May2021_lognormal;D,10.580889538124842,0.2890783104942456,5,own
51-6091,5,0.1872322722198556,partial:OEWS_May2021_lognormal;D,10.580889538124842,0.2890783104942456,5,own
51-6091,6,0.13771082178095762,partial:OEWS_May2021_lognormal;D,10.580889538124842,0.2890783104942456,5,own
51-6091,7,0.08240703470361954,partial:OEWS_May2021_lognormal;D,10.580889538124842,0.2890783104942456,5,own
51-6091,8,0.036993986175091864,partial:OEWS_May2021_lognormal;D,10.580889538124842,0.2890783104942456,5,own
51-6091,9,0.00992776927650385,partial:OEWS_May2021_lognormal;D,10.580889538124842,0.2890783104942456,5,own
51-6091,10,0.0007316109686069661,partial:OEWS_May2021_lognormal;D,10.580889538124842,0.2890783104942456,5,own
51-6092,1,0.03601944750600222,partial:OEWS_May2021_lognormal;D,10.9288527820455,0.505632751845117,5,own
51-6092,2,0.06146881857020242,partial:OEWS_May2021_lognormal;D,10.9288527820455,0.505632751845117,5,own
51-6092,3,0.07782143824021776,partial:OEWS_May2021_lognormal;D,10.9288527820455,0.505632751845117,5,own
51-6092,4,0.09115089925234643,partial:OEWS_May2021_lognormal;D,10.9288527820455,0.505632751845117,5,own
51-6092,5,0.10274534998279505,partial:OEWS_May2021_lognormal;D,10.9288527820455,0.505632751845117,5,own
51-6092,6,0.11310225224389397,partial:OEWS_May2021_lognormal;D,10.9288527820455,0.505632751845117,5,own
51-6092,7,0.12236972230438359,partial:OEWS_May2021_lognormal;D,10.9288527820455,0.505632751845117,5,own
51-6092,8,0.1303471879878878,partial:OEWS_May2021_lognormal;D,10.9288527820455,0.505632751845117,5,own
51-6092,9,0.13593849112244727,partial:OEWS_May2021_lognormal;D,10.9288527820455,0.505632751845117,5,own
51-6092,10,0.12903639278982348,partial:OEWS_May2021_lognormal;D,10.9288527820455,0.505632751845117,5,own
51-6093,1,0.06111169730222199,partial:OEWS_May2021_lognormal;D,10.50147460528537,0.3119948160906129,5,own
51-6093,2,0.17142265839403747,partial:OEWS_May2021_lognormal;D,10.50147460528537,0.3119948160906129,5,own
51-6093,3,0.2106634287418528,partial:OEWS_May2021_lognormal;D,10.50147460528537,0.3119948160906129,5,own
51-6093,4,0.1971044555577735,partial:OEWS_May2021_lognormal;D,10.50147460528537,0.3119948160906129,5,own
51-6093,5,0.15603201089207408,partial:OEWS_May2021_lognormal;D,10.50147460528537,0.3119948160906129,5,own
51-6093,6,0.106510175410364,partial:OEWS_May2021_lognormal;D,10.50147460528537,0.3119948160906129,5,own
51-6093,7,0.06123031110254551,partial:OEWS_May2021_lognormal;D,10.50147460528537,0.3119948160906129,5,own
51-6093,8,0.027448717396255873,partial:OEWS_May2021_lognormal;D,10.50147460528537,0.3119948160906129,5,own
51-6093,9,0.007795829943045618,partial:OEWS_May2021_lognormal;D,10.50147460528537,0.3119948160906129,5,own
51-6093,10,0.0006807152598291566,partial:OEWS_May2021_lognormal;D,10.50147460528537,0.3119948160906129,5,own
51-6099,1,0.09294398330603093,partial:OEWS_May2021_lognormal;D,10.366261663568716,0.2622971046993975,5,own
51-6099,2,0.2689337430989285,partial:OEWS_May2021_lognormal;D,10.366261663568716,0.2622971046993975,5,own
51-6099,3,0.2732854649017469,partial:OEWS_May2021_lognormal;D,10.366261663568716,0.2622971046993975,5,own
51-6099,4,0.1919535951607575,partial:OEWS_May2021_lognormal;D,10.366261663568716,0.2622971046993975,5,own
51-6099,5,0.10621701880270784,partial:OEWS_May2021_lognormal;D,10.366261663568716,0.2622971046993975,5,own
51-6099,6,0.046935660636971854,partial:OEWS_May2021_lognormal;D,10.366261663568716,0.2622971046993975,5,own
51-6099,7,0.015784110095235948,partial:OEWS_May2021_lognormal;D,10.366261663568716,0.2622971046993975,5,own
51-6099,8,0.0035504923880999018,partial:OEWS_May2021_lognormal;D,10.366261663568716,0.2622971046993975,5,own
51-6099,9,0.0003883057453800687,partial:OEWS_May2021_lognormal;D,10.366261663568716,0.2622971046993975,5,own
51-6099,10,7.625864140603511e-6,partial:OEWS_May2021_lognormal;D,10.366261663568716,0.2622971046993975,5,own
51-7011,1,0.031696332606037436,partial:OEWS_May2021_lognormal;D,10.565064713825706,0.29399514976114777,5,own
51-7011,2,0.12901258564679868,partial:OEWS_May2021_lognormal;D,10.565064713825706,0.29399514976114777,5,own
51-7011,3,0.19576128000716936,partial:OEWS_May2021_lognormal;D,10.565064713825706,0.29399514976114777,5,own
51-7011,4,0.20904451293315807,partial:OEWS_May2021_lognormal;D,10.565064713825706,0.29399514976114777,5,own
51-7011,5,0.1808304903790683,partial:OEWS_May2021_lognormal;D,10.565064713825706,0.29399514976114777,5,own
51-7011,6,0.1308540254785837,partial:OEWS_May2021_lognormal;D,10.565064713825706,0.29399514976114777,5,own
51-7011,7,0.0776657916575787,partial:OEWS_May2021_lognormal;D,10.565064713825706,0.29399514976114777,5,own
51-7011,8,0.03489982468946673,partial:OEWS_May2021_lognormal;D,10.565064713825706,0.29399514976114777,5,own
51-7011,9,0.009505090933768612,partial:OEWS_May2021_lognormal;D,10.565064713825706,0.29399514976114777,5,own
51-7011,10,0.0007300656683704165,partial:OEWS_May2021_lognormal;D,10.565064713825706,0.29399514976114777,5,own
51-7021,1,0.031170768839589302,partial:OEWS_May2021_lognormal;D,10.494876594803344,0.2551655360154837,5,own
51-7021,2,0.1616995415181522,partial:OEWS_May2021_lognormal;D,10.494876594803344,0.2551655360154837,5,own
51-7021,3,0.24797461617231575,partial:OEWS_May2021_lognormal;D,10.494876594803344,0.2551655360154837,5,own
51-7021,4,0.2382390335110669,partial:OEWS_May2021_lognormal;D,10.494876594803344,0.2551655360154837,5,own
51-7021,5,0.17151324506862464,partial:OEWS_May2021_lognormal;D,10.494876594803344,0.2551655360154837,5,own
51-7021,6,0.0960150656158022,partial:OEWS_May2021_lognormal;D,10.494876594803344,0.2551655360154837,5,own
51-7021,7,0.0404081998630792,partial:OEWS_May2021_lognormal;D,10.494876594803344,0.2551655360154837,5,own
51-7021,8,0.011366654498054518,partial:OEWS_May2021_lognormal;D,10.494876594803344,0.2551655360154837,5,own
51-7021,9,0.0015724480062346835,partial:OEWS_May2021_lognormal;D,10.494876594803344,0.2551655360154837,5,own
51-7021,10,0.00004042690708061514,partial:OEWS_May2021_lognormal;D,10.494876594803344,0.2551655360154837,5,own
51-7031,1,0.0012321814023190103,partial:OEWS_May2021_lognormal;D,10.96338380007274,0.31182249474575285,5,own
51-7031,2,0.012242492862719168,partial:OEWS_May2021_lognormal;D,10.96338380007274,0.31182249474575285,5,own
51-7031,3,0.0386848014082774,partial:OEWS_May2021_lognormal;D,10.96338380007274,0.31182249474575285,5,own
51-7031,4,0.07880243925044722,partial:OEWS_May2021_lognormal;D,10.96338380007274,0.31182249474575285,5,own
51-7031,5,0.126153427710807,partial:OEWS_May2021_lognormal;D,10.96338380007274,0.31182249474575285,5,own
51-7031,6,0.17041196819504767,partial:OEWS_May2021_lognormal;D,10.96338380007274,0.31182249474575285,5,own
51-7031,7,0.19788916122703448,partial:OEWS_May2021_lognormal;D,10.96338380007274,0.31182249474575285,5,own
51-7031,8,0.19257099085935225,partial:OEWS_May2021_lognormal;D,10.96338380007274,0.31182249474575285,5,own
51-7031,9,0.13958225207226738,partial:OEWS_May2021_lognormal;D,10.96338380007274,0.31182249474575285,5,own
51-7031,10,0.04243028501172841,partial:OEWS_May2021_lognormal;D,10.96338380007274,0.31182249474575285,5,own
51-7032,1,0.01975593750901894,partial:OEWS_May2021_lognormal;D,10.781230266871749,0.37008951951983926,5,own
51-7032,2,0.06531230480503086,partial:OEWS_May2021_lognormal;D,10.781230266871749,0.37008951951983926,5,own
51-7032,3,0.10535067137202664,partial:OEWS_May2021_lognormal;D,10.781230266871749,0.37008951951983926,5,own
51-7032,4,0.1348401496415212,partial:OEWS_May2021_lognormal;D,10.781230266871749,0.37008951951983926,5,own
51-7032,5,0.15186066452853142,partial:OEWS_May2021_lognormal;D,10.781230266871749,0.37008951951983926,5,own
51-7032,6,0.15530224879417925,partial:OEWS_May2021_lognormal;D,10.781230266871749,0.37008951951983926,5,own
51-7032,7,0.14442445196306442,partial:OEWS_May2021_lognormal;D,10.781230266871749,0.37008951951983926,5,own
51-7032,8,0.11877634819299321,partial:OEWS_May2021_lognormal;D,10.781230266871749,0.37008951951983926,5,own
51-7032,9,0.07843240979985866,partial:OEWS_May2021_lognormal;D,10.781230266871749,0.37008951951983926,5,own
51-7032,10,0.025944813393775412,partial:OEWS_May2021_lognormal;D,10.781230266871749,0.37008951951983926,5,own
51-7041,1,0.05776635434724675,partial:OEWS_May2021_lognormal;D,10.425223831450225,0.2579353564264821,5,own
51-7041,2,0.22049514805449993,partial:OEWS_May2021_lognormal;D,10.425223831450225,0.2579353564264821,5,own
51-7041,3,0.2706098835673008,partial:OEWS_May2021_lognormal;D,10.425223831450225,0.2579353564264821,5,own
51-7041,4,0.21848960872578949,partial:OEWS_May2021_lognormal;D,10.425223831450225,0.2579353564264821,5,own
51-7041,5,0.1354748161502125,partial:OEWS_May2021_lognormal;D,10.425223831450225,0.2579353564264821,5,own
51-7041,6,0.0661139468705797,partial:OEWS_May2021_lognormal;D,10.425223831450225,0.2579353564264821,5,own
51-7041,7,0.024350111364925375,partial:OEWS_May2021_lognormal;D,10.425223831450225,0.2579353564264821,5,own
51-7041,8,0.0059732910632464,partial:OEWS_May2021_lognormal;D,10.425223831450225,0.2579353564264821,5,own
51-7041,9,0.0007115808043123284,partial:OEWS_May2021_lognormal;D,10.425223831450225,0.2579353564264821,5,own
51-7041,10,0.000015259051886706843,partial:OEWS_May2021_lognormal;D,10.425223831450225,0.2579353564264821,5,own
51-7042,1,0.04771599097243384,partial:OEWS_May2021_lognormal;D,10.436310102479808,0.25010337587352216,5,own
51-7042,2,0.20988658406376753,partial:OEWS_May2021_lognormal;D,10.436310102479808,0.25010337587352216,5,own
51-7042,3,0.2752050621450827,partial:OEWS_May2021_lognormal;D,10.436310102479808,0.25010337587352216,5,own
51-7042,4,0.2279439974318519,partial:OEWS_May2021_lognormal;D,10.436310102479808,0.25010337587352216,5,own
51-7042,5,0.14144965827238032,partial:OEWS_May2021_lognormal;D,10.436310102479808,0.25010337587352216,5,own
51-7042,6,0.06772226710492202,partial:OEWS_May2021_lognormal;D,10.436310102479808,0.25010337587352216,5,own
51-7042,7,0.023972270140261487,partial:OEWS_May2021_lognormal;D,10.436310102479808,0.25010337587352216,5,own
51-7042,8,0.005504733238379633,partial:OEWS_May2021_lognormal;D,10.436310102479808,0.25010337587352216,5,own
51-7042,9,0.0005890218828233929,partial:OEWS_May2021_lognormal;D,10.436310102479808,0.25010337587352216,5,own
51-7042,10,0.000010414748097153925,partial:OEWS_May2021_lognormal;D,10.436310102479808,0.25010337587352216,5,own
51-7099,1,0.062236709768407616,partial:OEWS_May2021_lognormal;D,10.457404734079375,0.285185621296914,5,own
51-7099,2,0.19733399489215658,partial:OEWS_May2021_lognormal;D,10.457404734079375,0.285185621296914,5,own
51-7099,3,0.2397245998384187,partial:OEWS_May2021_lognormal;D,10.457404734079375,0.285185621296914,5,own
51-7099,4,0.2087112853523399,partial:OEWS_May2021_lognormal;D,10.457404734079375,0.285185621296914,5,own
51-7099,5,0.14765359085959517,partial:OEWS_May2021_lognormal;D,10.457404734079375,0.285185621296914,5,own
51-7099,6,0.08665093719471584,partial:OEWS_May2021_lognormal;D,10.457404734079375,0.285185621296914,5,own
51-7099,7,0.040845930748779624,partial:OEWS_May2021_lognormal;D,10.457404734079375,0.285185621296914,5,own
51-7099,8,0.014011736446957967,partial:OEWS_May2021_lognormal;D,10.457404734079375,0.285185621296914,5,own
51-7099,9,0.002704273015226799,partial:OEWS_May2021_lognormal;D,10.457404734079375,0.285185621296914,5,own
51-7099,10,0.0001269418834017877,partial:OEWS_May2021_lognormal;D,10.457404734079375,0.285185621296914,5,own
51-8011,1,1.3877787807814457e-15,partial:OEWS_May2021_lognormal;D,11.577393096346146,0.19726351136883352,5,own
51-8011,2,1.9262702544153854e-11,partial:OEWS_May2021_lognormal;D,11.577393096346146,0.19726351136883352,5,own
51-8011,3,6.708416044887144e-9,partial:OEWS_May2021_lognormal;D,11.577393096346146,0.19726351136883352,5,own
51-8011,4,5.078036024452892e-7,partial:OEWS_May2021_lognormal;D,11.577393096346146,0.19726351136883352,5,own
51-8011,5,0.0000165731216659748,partial:OEWS_May2021_lognormal;D,11.577393096346146,0.19726351136883352,5,own
51-8011,6,0.00031812849174533975,partial:OEWS_May2021_lognormal;D,11.577393096346146,0.19726351136883352,5,own
51-8011,7,0.004228922049255401,partial:OEWS_May2021_lognormal;D,11.577393096346146,0.19726351136883352,5,own
51-8011,8,0.04213269217962112,partial:OEWS_May2021_lognormal;D,11.577393096346146,0.19726351136883352,5,own
51-8011,9,0.30202483083384934,partial:OEWS_May2021_lognormal;D,11.577393096346146,0.19726351136883352,5,own
51-8011,10,0.6512783387925802,partial:OEWS_May2021_lognormal;D,11.577393096346146,0.19726351136883352,5,own
51-8012,1,1.8982316751792183e-7,partial:OEWS_May2021_lognormal;D,11.43671152422554,0.2790821305924042,5,own
51-8012,2,0.000015188159336487761,partial:OEWS_May2021_lognormal;D,11.43671152422554,0.2790821305924042,5,own
51-8012,3,0.0002079751114934525,partial:OEWS_May2021_lognormal;D,11.43671152422554,0.2790821305924042,5,own
51-8012,4,0.001368185727836646,partial:OEWS_May2021_lognormal;D,11.43671152422554,0.2790821305924042,5,own
51-8012,5,0.00606686813852747,partial:OEWS_May2021_lognormal;D,11.43671152422554,0.2790821305924042,5,own
51-8012,6,0.02105034355750318,partial:OEWS_May2021_lognormal;D,11.43671152422554,0.2790821305924042,5,own
51-8012,7,0.06161433137166594,partial:OEWS_May2021_lognormal;D,11.43671152422554,0.2790821305924042,5,own
51-8012,8,0.1573580855483649,partial:OEWS_May2021_lognormal;D,11.43671152422554,0.2790821305924042,5,own
51-8012,9,0.342996934109863,partial:OEWS_May2021_lognormal;D,11.43671152422554,0.2790821305924042,5,own
51-8012,10,0.40932189845224143,partial:OEWS_May2021_lognormal;D,11.43671152422554,0.2790821305924042,5,own
51-8013,1,0.00007684110937417055,partial:OEWS_May2021_lognormal;D,11.25419650173799,0.3262611671549547,5,own
51-8013,2,0.0012480231145501341,partial:OEWS_May2021_lognormal;D,11.25419650173799,0.3262611671549547,5,own
51-8013,3,0.005943204609975439,partial:OEWS_May2021_lognormal;D,11.25419650173799,0.3262611671549547,5,own
51-8013,4,0.017522653282365408,partial:OEWS_May2021_lognormal;D,11.25419650173799,0.3262611671549547,5,own
51-8013,5,0.040127420775634526,partial:OEWS_May2021_lognormal;D,11.25419650173799,0.3262611671549547,5,own
51-8013,6,0.07830764452391298,partial:OEWS_May2021_lognormal;D,11.25419650173799,0.3262611671549547,5,own
51-8013,7,0.1357920984428702,partial:OEWS_May2021_lognormal;D,11.25419650173799,0.3262611671549547,5,own
51-8013,8,0.21148876881606093,partial:OEWS_May2021_lognormal;D,11.25419650173799,0.3262611671549547,5,own
51-8013,9,0.28453294285379177,partial:OEWS_May2021_lognormal;D,11.25419650173799,0.3262611671549547,5,own
51-8013,10,0.22496040247146443,partial:OEWS_May2021_lognormal;D,11.25419650173799,0.3262611671549547,5,own
51-8021,1,0.0006437804819562354,partial:OEWS_May2021_lognormal;D,11.078053165439522,0.3289392040787627,5,own
51-8021,2,0.006584033059064964,partial:OEWS_May2021_lognormal;D,11.078053165439522,0.3289392040787627,5,own
51-8021,3,0.022261708550990633,partial:OEWS_May2021_lognormal;D,11.078053165439522,0.3289392040787627,5,own
51-8021,4,0.049473361613791844,partial:OEWS_May2021_lognormal;D,11.078053165439522,0.3289392040787627,5,own
51-8021,5,0.08782749491257263,partial:OEWS_May2021_lognormal;D,11.078053165439522,0.3289392040787627,5,own
51-8021,6,0.13412454408133356,partial:OEWS_May2021_lognormal;D,11.078053165439522,0.3289392040787627,5,own
51-8021,7,0.1809380424407247,partial:OEWS_May2021_lognormal;D,11.078053165439522,0.3289392040787627,5,own
51-8021,8,0.21378102508876468,partial:OEWS_May2021_lognormal;D,11.078053165439522,0.3289392040787627,5,own
51-8021,9,0.20494974850725411,partial:OEWS_May2021_lognormal;D,11.078053165439522,0.3289392040787627,5,own
51-8021,10,0.09941626126354663,partial:OEWS_May2021_lognormal;D,11.078053165439522,0.3289392040787627,5,own
51-8031,1,0.018612291447627605,partial:OEWS_May2021_lognormal;D,10.778761194090654,0.3645561904489176,5,own
51-8031,2,0.0642896250000819,partial:OEWS_May2021_lognormal;D,10.778761194090654,0.3645561904489176,5,own
51-8031,3,0.10574801225828284,partial:OEWS_May2021_lognormal;D,10.778761194090654,0.3645561904489176,5,own
51-8031,4,0.1365718435618744,partial:OEWS_May2021_lognormal;D,10.778761194090654,0.3645561904489176,5,own
51-8031,5,0.15424895682526235,partial:OEWS_May2021_lognormal;D,10.778761194090654,0.3645561904489176,5,own
51-8031,6,0.15742826230631474,partial:OEWS_May2021_lognormal;D,10.778761194090654,0.3645561904489176,5,own
51-8031,7,0.14538154111337653,partial:OEWS_May2021_lognormal;D,10.778761194090654,0.3645561904489176,5,own
51-8031,8,0.11794708432103873,partial:OEWS_May2021_lognormal;D,10.778761194090654,0.3645561904489176,5,own
51-8031,9,0.07593906290706842,partial:OEWS_May2021_lognormal;D,10.778761194090654,0.3645561904489176,5,own
51-8031,10,0.023833320259072477,partial:OEWS_May2021_lognormal;D,10.778761194090654,0.3645561904489176,5,own
51-8091,1,0.002590406381786481,partial:OEWS_May2021_lognormal;D,11.065821136311104,0.37435539441902677,5,own
51-8091,2,0.014567139115629735,partial:OEWS_May2021_lognormal;D,11.065821136311104,0.37435539441902677,5,own
51-8091,3,0.03475529024672497,partial:OEWS_May2021_lognormal;D,11.065821136311104,0.37435539441902677,5,own
51-8091,4,0.06159238362534303,partial:OEWS_May2021_lognormal;D,11.065821136311104,0.37435539441902677,5,own
51-8091,5,0.09347451958685954,partial:OEWS_May2021_lognormal;D,11.065821136311104,0.37435539441902677,5,own
51-8091,6,0.12814865843238388,partial:OEWS_May2021_lognormal;D,11.065821136311104,0.37435539441902677,5,own
51-8091,7,0.16195606312496164,partial:OEWS_May2021_lognormal;D,11.065821136311104,0.37435539441902677,5,own
51-8091,8,0.18817529500257624,partial:OEWS_May2021_lognormal;D,11.065821136311104,0.37435539441902677,5,own
51-8091,9,0.1920574308479842,partial:OEWS_May2021_lognormal;D,11.065821136311104,0.37435539441902677,5,own
51-8091,10,0.12268281363575029,partial:OEWS_May2021_lognormal;D,11.065821136311104,0.37435539441902677,5,own
51-8092,1,0.00005738943851296696,partial:OEWS_May2021_lognormal;D,11.21529172774699,0.31008612548952114,5,own
51-8092,2,0.0011372625312172646,partial:OEWS_May2021_lognormal;D,11.21529172774699,0.31008612548952114,5,own
51-8092,3,0.006033062407447998,partial:OEWS_May2021_lognormal;D,11.21529172774699,0.31008612548952114,5,own
51-8092,4,0.018930662177271185,partial:OEWS_May2021_lognormal;D,11.21529172774699,0.31008612548952114,5,own
51-8092,5,0.04485337050553134,partial:OEWS_May2021_lognormal;D,11.21529172774699,0.31008612548952114,5,own
51-8092,6,0.08859476656444237,partial:OEWS_May2021_lognormal;D,11.21529172774699,0.31008612548952114,5,own
51-8092,7,0.15215896486721825,partial:OEWS_May2021_lognormal;D,11.21529172774699,0.31008612548952114,5,own
51-8092,8,0.22823085179879798,partial:OEWS_May2021_lognormal;D,11.21529172774699,0.31008612548952114,5,own
51-8092,9,0.2813278253694034,partial:OEWS_May2021_lognormal;D,11.21529172774699,0.31008612548952114,5,own
51-8092,10,0.17867584434015726,partial:OEWS_May2021_lognormal;D,11.21529172774699,0.31008612548952114,5,own
51-8093,1,4.847200110125183e-6,partial:OEWS_May2021_lognormal;D,11.244991269113573,0.2770661218715024,5,own
51-8093,2,0.0002224672907598091,partial:OEWS_May2021_lognormal;D,11.244991269113573,0.2770661218715024,5,own
51-8093,3,0.001997357007149425,partial:OEWS_May2021_lognormal;D,11.244991269113573,0.2770661218715024,5,own
51-8093,4,0.009109547973430498,partial:OEWS_May2021_lognormal;D,11.244991269113573,0.2770661218715024,5,own
51-8093,5,0.028683714144804584,partial:OEWS_May2021_lognormal;D,11.244991269113573,0.2770661218715024,5,own
51-8093,6,0.07083983061165838,partial:OEWS_May2021_lognormal;D,11.244991269113573,0.2770661218715024,5,own
51-8093,7,0.14487942191834546,partial:OEWS_May2021_lognormal;D,11.244991269113573,0.2770661218715024,5,own
51-8093,8,0.24633723421744225,partial:OEWS_May2021_lognormal;D,11.244991269113573,0.2770661218715024,5,own
51-8093,9,0.31990210364607463,partial:OEWS_May2021_lognormal;D,11.244991269113573,0.2770661218715024,5,own
51-8093,10,0.17802347599022483,partial:OEWS_May2021_lognormal;D,11.244991269113573,0.2770661218715024,5,own
51-8099,1,0.021588489639269737,partial:OEWS_May2021_lognormal;D,10.814638734601875,0.39335165926889254,5,own
51-8099,2,0.06288823305260322,partial:OEWS_May2021_lognormal;D,10.814638734601875,0.39335165926889254,5,own
51-8099,3,0.09707685451211712,partial:OEWS_May2021_lognormal;D,10.814638734601875,0.39335165926889254,5,own
51-8099,4,0.12305781786509667,partial:OEWS_May2021_lognormal;D,10.814638734601875,0.39335165926889254,5,own
51-8099,5,0.1401440791404357,partial:OEWS_May2021_lognormal;D,10.814638734601875,0.39335165926889254,5,own
51-8099,6,0.14749468718012637,partial:OEWS_May2021_lognormal;D,10.814638734601875,0.39335165926889254,5,own
51-8099,7,0.14393036042614948,partial:OEWS_May2021_lognormal;D,10.814638734601875,0.39335165926889254,5,own
51-8099,8,0.12765789369087,partial:OEWS_May2021_lognormal;D,10.814638734601875,0.39335165926889254,5,own
51-8099,9,0.09559492466239161,partial:OEWS_May2021_lognormal;D,10.814638734601875,0.39335165926889254,5,own
51-8099,10,0.0405666598309401,partial:OEWS_May2021_lognormal;D,10.814638734601875,0.39335165926889254,5,own
51-9011,1,0.01993046339468968,partial:OEWS_May2021_lognormal;D,10.787826958803473,0.37395274242384524,5,own
51-9011,2,0.06459892546340179,partial:OEWS_May2021_lognormal;D,10.787826958803473,0.37395274242384524,5,own
51-9011,3,0.10356493463956878,partial:OEWS_May2021_lognormal;D,10.787826958803473,0.37395274242384524,5,own
51-9011,4,0.13251246857422266,partial:OEWS_May2021_lognormal;D,10.787826958803473,0.37395274242384524,5,own
51-9011,5,0.14972675506288435,partial:OEWS_May2021_lognormal;D,10.787826958803473,0.37395274242384524,5,own
51-9011,6,0.15409769019543806,partial:OEWS_May2021_lognormal;D,10.787826958803473,0.37395274242384524,5,own
51-9011,7,0.1447270759498589,partial:OEWS_May2021_lognormal;D,10.787826958803473,0.37395274242384524,5,own
51-9011,8,0.12081224369755905,partial:OEWS_May2021_lognormal;D,10.787826958803473,0.37395274242384524,5,own
51-9011,9,0.08172537299777294,partial:OEWS_May2021_lognormal;D,10.787826958803473,0.37395274242384524,5,own
51-9011,10,0.028304070024603778,partial:OEWS_May2021_lognormal;D,10.787826958803473,0.37395274242384524,5,own
51-9012,1,0.012119002987931726,partial:OEWS_May2021_lognormal;D,10.709593642413841,0.3063501144469444,5,own
51-9012,2,0.06520027927816413,partial:OEWS_May2021_lognormal;D,10.709593642413841,0.3063501144469444,5,own
51-9012,3,0.1274093076093611,partial:OEWS_May2021_lognormal;D,10.709593642413841,0.3063501144469444,5,own
51-9012,4,0.17223557993050204,partial:OEWS_May2021_lognormal;D,10.709593642413841,0.3063501144469444,5,own
51-9012,5,0.1883733291818121,partial:OEWS_May2021_lognormal;D,10.709593642413841,0.3063501144469444,5,own
51-9012,6,0.17438679345977226,partial:OEWS_May2021_lognormal;D,10.709593642413841,0.3063501144469444,5,own
51-9012,7,0.13600125368537674,partial:OEWS_May2021_lognormal;D,10.709593642413841,0.3063501144469444,5,own
51-9012,8,0.08441923050414823,partial:OEWS_May2021_lognormal;D,10.709593642413841,0.3063501144469444,5,own
51-9012,9,0.03494896922879587,partial:OEWS_May2021_lognormal;D,10.709593642413841,0.3063501144469444,5,own
51-9012,10,0.004906254134135812,partial:OEWS_May2021_lognormal;D,10.709593642413841,0.3063501144469444,5,own
51-9021,1,0.018023414931112425,partial:OEWS_May2021_lognormal;D,10.609350522074568,0.28146670236669813,5,own
51-9021,2,0.09840676797578374,partial:OEWS_May2021_lognormal;D,10.609350522074568,0.28146670236669813,5,own
51-9021,3,0.17760807843846094,partial:OEWS_May2021_lognormal;D,10.609350522074568,0.28146670236669813,5,own
51-9021,4,0.2119335412719186,partial:OEWS_May2021_lognormal;D,10.609350522074568,0.28146670236669813,5,own
51-9021,5,0.19777440061249096,partial:OEWS_May2021_lognormal;D,10.609350522074568,0.28146670236669813,5,own
51-9021,6,0.1506421496142688,partial:OEWS_May2021_lognormal;D,10.609350522074568,0.28146670236669813,5,own
51-9021,7,0.09213470180474337,partial:OEWS_May2021_lognormal;D,10.609350522074568,0.28146670236669813,5,own
51-9021,8,0.041672486049048496,partial:OEWS_May2021_lognormal;D,10.609350522074568,0.28146670236669813,5,own
51-9021,9,0.011033855144887972,partial:OEWS_May2021_lognormal;D,10.609350522074568,0.28146670236669813,5,own
51-9021,10,0.0007706041572846933,partial:OEWS_May2021_lognormal;D,10.609350522074568,0.28146670236669813,5,own
51-9022,1,0.042196824357188245,partial:OEWS_May2021_lognormal;D,10.446034964348394,0.24728530408150834,5,own
51-9022,2,0.20054916728329147,partial:OEWS_May2021_lognormal;D,10.446034964348394,0.24728530408150834,5,own
51-9022,3,0.27477837422901963,partial:OEWS_May2021_lognormal;D,10.446034964348394,0.24728530408150834,5,own
51-9022,4,0.23342255628474795,partial:OEWS_May2021_lognormal;D,10.446034964348394,0.24728530408150834,5,own
51-9022,5,0.14694291300949813,partial:OEWS_May2021_lognormal;D,10.446034964348394,0.24728530408150834,5,own
51-9022,6,0.07079210197784136,partial:OEWS_May2021_lognormal;D,10.446034964348394,0.24728530408150834,5,own
51-9022,7,0.025025476861889495,partial:OEWS_May2021_lognormal;D,10.446034964348394,0.24728530408150834,5,own
51-9022,8,0.005688057852392681,partial:OEWS_May2021_lognormal;D,10.446034964348394,0.24728530408150834,5,own
51-9022,9,0.0005945321980330709,partial:OEWS_May2021_lognormal;D,10.446034964348394,0.24728530408150834,5,own
51-9022,10,9.995946097962616e-6,partial:OEWS_May2021_lognormal;D,10.446034964348394,0.24728530408150834,5,own
51-9023,1,0.015389937427020106,partial:OEWS_May2021_lognormal;D,10.610830753431632,0.27387600621943836,5,own
51-9023,2,0.09367926345899308,partial:OEWS_May2021_lognormal;D,10.610830753431632,0.27387600621943836,5,own
51-9023,3,0.17797455574877613,partial:OEWS_May2021_lognormal;D,10.610830753431632,0.27387600621943836,5,own
51-9023,4,0.21693753917099046,partial:OEWS_May2021_lognormal;D,10.610830753431632,0.27387600621943836,5,own
51-9023,5,0.20301629766831109,partial:OEWS_May2021_lognormal;D,10.610830753431632,0.27387600621943836,5,own
51-9023,6,0.1527730653125038,partial:OEWS_May2021_lognormal;D,10.610830753431632,0.27387600621943836,5,own
51-9023,7,0.09089181341605568,partial:OEWS_May2021_lognormal;D,10.610830753431632,0.27387600621943836,5,own
51-9023,8,0.0391876995977839,partial:OEWS_May2021_lognormal;D,10.610830753431632,0.27387600621943836,5,own
51-9023,9,0.009571129490680175,partial:OEWS_May2021_lognormal;D,10.610830753431632,0.27387600621943836,5,own
51-9023,10,0.0005786987088856055,partial:OEWS_May2021_lognormal;D,10.610830753431632,0.27387600621943836,5,own
51-9031,1,0.08543667234450103,partial:OEWS_May2021_lognormal;D,10.384897654944593,0.2669875800151501,5,own
51-9031,2,0.2528894343000838,partial:OEWS_May2021_lognormal;D,10.384897654944593,0.2669875800151501,5,own
51-9031,3,0.2679737146978418,partial:OEWS_May2021_lognormal;D,10.384897654944593,0.2669875800151501,5,own
51-9031,4,0.1978307020227662,partial:OEWS_May2021_lognormal;D,10.384897654944593,0.2669875800151501,5,own
51-9031,5,0.11584653720256377,partial:OEWS_May2021_lognormal;D,10.384897654944593,0.2669875800151501,5,own
51-9031,6,0.054634849711450384,partial:OEWS_May2021_lognormal;D,10.384897654944593,0.2669875800151501,5,own
51-9031,7,0.019847789642758462,partial:OEWS_May2021_lognormal;D,10.384897654944593,0.2669875800151501,5,own
51-9031,8,0.004914539337818269,partial:OEWS_May2021_lognormal;D,10.384897654944593,0.2669875800151501,5,own
51-9031,9,0.0006111363364442735,partial:OEWS_May2021_lognormal;D,10.384897654944593,0.2669875800151501,5,own
51-9031,10,0.000014624403771978933,partial:OEWS_May2021_lognormal;D,10.384897654944593,0.2669875800151501,5,own
51-9032,1,0.010939510324785351,partial:OEWS_May2021_lognormal;D,10.548906396857966,0.23102778566851084,5,own
51-9032,2,0.10571911575888904,partial:OEWS_May2021_lognormal;D,10.548906396857966,0.23102778566851084,5,own
51-9032,3,0.22856656032548478,partial:OEWS_May2021_lognormal;D,10.548906396857966,0.23102778566851084,5,own
51-9032,4,0.2649859197681644,partial:OEWS_May2021_lognormal;D,10.548906396857966,0.23102778566851084,5,own
51-9032,5,0.209347812667127,partial:OEWS_May2021_lognormal;D,10.548906396857966,0.23102778566851084,5,own
51-9032,6,0.11956990772830967,partial:OEWS_May2021_lognormal;D,10.548906396857966,0.23102778566851084,5,own
51-9032,7,0.04785117669580807,partial:OEWS_May2021_lognormal;D,10.548906396857966,0.23102778566851084,5,own
51-9032,8,0.011752898195976802,partial:OEWS_May2021_lognormal;D,10.548906396857966,0.23102778566851084,5,own
51-9032,9,0.001248141136333869,partial:OEWS_May2021_lognormal;D,10.548906396857966,0.23102778566851084,5,own
51-9032,10,0.00001895739912105565,partial:OEWS_May2021_lognormal;D,10.548906396857966,0.23102778566851084,5,own
51-9041,1,0.024161680654562312,partial:OEWS_May2021_lognormal;D,10.567253673389999,0.2775212981136424,5,own
51-9041,2,0.12079880641427604,partial:OEWS_May2021_lognormal;D,10.567253673389999,0.2775212981136424,5,own
51-9041,3,0.20048846030981,partial:OEWS_May2021_lognormal;D,10.567253673389999,0.2775212981136424,5,own
51-9041,4,0.2208153471794045,partial:OEWS_May2021_lognormal;D,10.567253673389999,0.2775212981136424,5,own
51-9041,5,0.19005237552754883,partial:OEWS_May2021_lognormal;D,10.567253673389999,0.2775212981136424,5,own
51-9041,6,0.1328551030307783,partial:OEWS_May2021_lognormal;D,10.567253673389999,0.2775212981136424,5,own
51-9041,7,0.0738306523625597,partial:OEWS_May2021_lognormal;D,10.567253673389999,0.2775212981136424,5,own
51-9041,8,0.029801055525136344,partial:OEWS_May2021_lognormal;D,10.567253673389999,0.2775212981136424,5,own
51-9041,9,0.006811742988973357,partial:OEWS_May2021_lognormal;D,10.567253673389999,0.2775212981136424,5,own
51-9041,10,0.00038477600695063785,partial:OEWS_May2021_lognormal;D,10.567253673389999,0.2775212981136424,5,own
51-9051,1,0.009617139929908536,partial:OEWS_May2021_lognormal;D,10.656118383651307,0.2720399283149634,5,own
51-9051,2,0.07020346716087539,partial:OEWS_May2021_lognormal;D,10.656118383651307,0.2720399283149634,5,own
51-9051,3,0.1521692557765219,partial:OEWS_May2021_lognormal;D,10.656118383651307,0.2720399283149634,5,own
51-9051,4,0.2058583447408157,partial:OEWS_May2021_lognormal;D,10.656118383651307,0.2720399283149634,5,own
51-9051,5,0.2108604171677551,partial:OEWS_May2021_lognormal;D,10.656118383651307,0.2720399283149634,5,own
51-9051,6,0.17253106114548955,partial:OEWS_May2021_lognormal;D,10.656118383651307,0.2720399283149634,5,own
51-9051,7,0.11143115933828196,partial:OEWS_May2021_lognormal;D,10.656118383651307,0.2720399283149634,5,own
51-9051,8,0.052323912706482956,partial:OEWS_May2021_lognormal;D,10.656118383651307,0.2720399283149634,5,own
51-9051,9,0.014052661579977865,partial:OEWS_May2021_lognormal;D,10.656118383651307,0.2720399283149634,5,own
51-9051,10,0.0009525804538910165,partial:OEWS_May2021_lognormal;D,10.656118383651307,0.2720399283149634,5,own
51-9061,1,0.02890527340923793,partial:OEWS_May2021_lognormal;D,10.609491411012781,0.3111050832067068,5,own
51-9061,2,0.11120615059666938,partial:OEWS_May2021_lognormal;D,10.609491411012781,0.3111050832067068,5,own
51-9061,3,0.17178615817598597,partial:OEWS_May2021_lognormal;D,10.609491411012781,0.3111050832067068,5,own
51-9061,4,0.19332468353749194,partial:OEWS_May2021_lognormal;D,10.609491411012781,0.3111050832067068,5,own
51-9061,5,0.18050135654255628,partial:OEWS_May2021_lognormal;D,10.609491411012781,0.3111050832067068,5,own
51-9061,6,0.14434565896730256,partial:OEWS_May2021_lognormal;D,10.609491411012781,0.3111050832067068,5,own
51-9061,7,0.09751161471515979,partial:OEWS_May2021_lognormal;D,10.609491411012781,0.3111050832067068,5,own
51-9061,8,0.052107168900566214,partial:OEWS_May2021_lognormal;D,10.609491411012781,0.3111050832067068,5,own
51-9061,9,0.018224659106723995,partial:OEWS_May2021_lognormal;D,10.609491411012781,0.3111050832067068,5,own
51-9061,10,0.0020872760483059416,partial:OEWS_May2021_lognormal;D,10.609491411012781,0.3111050832067068,5,own
51-9071,1,0.02966570336193808,partial:OEWS_May2021_lognormal;D,10.709175128357282,0.36584835533512733,5,own
51-9071,2,0.08721718450003685,partial:OEWS_May2021_lognormal;D,10.709175128357282,0.36584835533512733,5,own
51-9071,3,0.12835278541738326,partial:OEWS_May2021_lognormal;D,10.709175128357282,0.36584835533512733,5,own
51-9071,4,0.15167913015541007,partial:OEWS_May2021_lognormal;D,10.709175128357282,0.36584835533512733,5,own
51-9071,5,0.1583223968738987,partial:OEWS_May2021_lognormal;D,10.709175128357282,0.36584835533512733,5,own
51-9071,6,0.14987110972430562,partial:OEWS_May2021_lognormal;D,10.709175128357282,0.36584835533512733,5,own
51-9071,7,0.12821173335101566,partial:OEWS_May2021_lognormal;D,10.709175128357282,0.36584835533512733,5,own
51-9071,8,0.0956988913107073,partial:OEWS_May2021_lognormal;D,10.709175128357282,0.36584835533512733,5,own
51-9071,9,0.05573117636288494,partial:OEWS_May2021_lognormal;D,10.709175128357282,0.36584835533512733,5,own
51-9071,10,0.01524988894241952,partial:OEWS_May2021_lognormal;D,10.709175128357282,0.36584835533512733,5,own
51-9081,1,0.019428114902708793,partial:OEWS_May2021_lognormal;D,10.73339171752144,0.345696619444703,5,own
51-9081,2,0.07230198306912539,partial:OEWS_May2021_lognormal;D,10.73339171752144,0.345696619444703,5,own
51-9081,3,0.12018107942504175,partial:OEWS_May2021_lognormal;D,10.73339171752144,0.345696619444703,5,own
51-9081,4,0.15252465017011696,partial:OEWS_May2021_lognormal;D,10.73339171752144,0.345696619444703,5,own
51-9081,5,0.16623256483221271,partial:OEWS_May2021_lognormal;D,10.73339171752144,0.345696619444703,5,own
51-9081,6,0.16097963160622675,partial:OEWS_May2021_lognormal;D,10.73339171752144,0.345696619444703,5,own
51-9081,7,0.13823617432527635,partial:OEWS_May2021_lognormal;D,10.73339171752144,0.345696619444703,5,own
51-9081,8,0.10122149504190914,partial:OEWS_May2021_lognormal;D,10.73339171752144,0.345696619444703,5,own
51-9081,9,0.05567156005204987,partial:OEWS_May2021_lognormal;D,10.73339171752144,0.345696619444703,5,own
51-9081,10,0.01322274657533229,partial:OEWS_May2021_lognormal;D,10.73339171752144,0.345696619444703,5,own
51-9082,1,0.010733233993181657,partial:OEWS_May2021_lognormal;D,10.684166692973012,0.2891198755823345,5,own
51-9082,2,0.06703929679237652,partial:OEWS_May2021_lognormal;D,10.684166692973012,0.2891198755823345,5,own
51-9082,3,0.13814349137249016,partial:OEWS_May2021_lognormal;D,10.684166692973012,0.2891198755823345,5,own
51-9082,4,0.18762242390247003,partial:OEWS_May2021_lognormal;D,10.684166692973012,0.2891198755823345,5,own
51-9082,5,0.19990351706574738,partial:OEWS_May2021_lognormal;D,10.684166692973012,0.2891198755823345,5,own
51-9082,6,0.17553168525592167,partial:OEWS_May2021_lognormal;D,10.684166692973012,0.2891198755823345,5,own
51-9082,7,0.12602874544852594,partial:OEWS_May2021_lognormal;D,10.684166692973012,0.2891198755823345,5,own
51-9082,8,0.06909494253730075,partial:OEWS_May2021_lognormal;D,10.684166692973012,0.2891198755823345,5,own
51-9082,9,0.023532803616559184,partial:OEWS_May2021_lognormal;D,10.684166692973012,0.2891198755823345,5,own
51-9082,10,0.002369860015426717,partial:OEWS_May2021_lognormal;D,10.684166692973012,0.2891198755823345,5,own
51-9083,1,0.029362664058547372,partial:OEWS_May2021_lognormal;D,10.551097675403602,0.2813465317079868,5,own
51-9083,2,0.132585558973971,partial:OEWS_May2021_lognormal;D,10.551097675403602,0.2813465317079868,5,own
51-9083,3,0.2069372402039788,partial:OEWS_May2021_lognormal;D,10.551097675403602,0.2813465317079868,5,own
51-9083,4,0.21896779696876323,partial:OEWS_May2021_lognormal;D,10.551097675403602,0.2813465317079868,5,own
51-9083,5,0.18324982447106353,partial:OEWS_May2021_lognormal;D,10.551097675403602,0.2813465317079868,5,own
51-9083,6,0.1255920502329566,partial:OEWS_May2021_lognormal;D,10.551097675403602,0.2813465317079868,5,own
51-9083,7,0.06890828038995145,partial:OEWS_May2021_lognormal;D,10.551097675403602,0.2813465317079868,5,own
51-9083,8,0.02766829327940401,partial:OEWS_May2021_lognormal;D,10.551097675403602,0.2813465317079868,5,own
51-9083,9,0.00635949862608165,partial:OEWS_May2021_lognormal;D,10.551097675403602,0.2813465317079868,5,own
51-9083,10,0.00036879279528234665,partial:OEWS_May2021_lognormal;D,10.551097675403602,0.2813465317079868,5,own
51-9111,1,0.043629193641579744,partial:OEWS_May2021_lognormal;D,10.467446415400028,0.2620770393592776,5,own
51-9111,2,0.1860727456572983,partial:OEWS_May2021_lognormal;D,10.467446415400028,0.2620770393592776,5,own
51-9111,3,0.25424978191254294,partial:OEWS_May2021_lognormal;D,10.467446415400028,0.2620770393592776,5,own
51-9111,4,0.22746787852056422,partial:OEWS_May2021_lognormal;D,10.467446415400028,0.2620770393592776,5,own
51-9111,5,0.15642545046667256,partial:OEWS_May2021_lognormal;D,10.467446415400028,0.2620770393592776,5,own
51-9111,6,0.08518663646731817,partial:OEWS_May2021_lognormal;D,10.467446415400028,0.2620770393592776,5,own
51-9111,7,0.03544806247637011,partial:OEWS_May2021_lognormal;D,10.467446415400028,0.2620770393592776,5,own
51-9111,8,0.01004261878258994,partial:OEWS_May2021_lognormal;D,10.467446415400028,0.2620770393592776,5,own
51-9111,9,0.0014373246727712452,partial:OEWS_May2021_lognormal;D,10.467446415400028,0.2620770393592776,5,own
51-9111,10,0.000040307402292771854,partial:OEWS_May2021_lognormal;D,10.467446415400028,0.2620770393592776,5,own
51-9123,1,0.033104279104771595,partial:OEWS_May2021_lognormal;D,10.515435502928103,0.27008654764804235,5,own
51-9123,2,0.15213713026225967,partial:OEWS_May2021_lognormal;D,10.515435502928103,0.27008654764804235,5,own
51-9123,3,0.22896989844053017,partial:OEWS_May2021_lognormal;D,10.515435502928103,0.27008654764804235,5,own
51-9123,4,0.22760663898199918,partial:OEWS_May2021_lognormal;D,10.515435502928103,0.27008654764804235,5,own
51-9123,5,0.17557613314365872,partial:OEWS_May2021_lognormal;D,10.515435502928103,0.27008654764804235,5,own
51-9123,6,0.10874634915213899,partial:OEWS_May2021_lognormal;D,10.515435502928103,0.27008654764804235,5,own
51-9123,7,0.05256323734072743,partial:OEWS_May2021_lognormal;D,10.515435502928103,0.27008654764804235,5,own
51-9123,8,0.017896778170041094,partial:OEWS_May2021_lognormal;D,10.515435502928103,0.27008654764804235,5,own
51-9123,9,0.0032673933341610395,partial:OEWS_May2021_lognormal;D,10.515435502928103,0.27008654764804235,5,own
51-9123,10,0.0001321620697121162,partial:OEWS_May2021_lognormal;D,10.515435502928103,0.27008654764804235,5,own
51-9124,1,0.0119951287045435,partial:OEWS_May2021_lognormal;D,10.627447799051719,0.26942263270437283,5,own
51-9124,2,0.08250782080041152,partial:OEWS_May2021_lognormal;D,10.627447799051719,0.26942263270437283,5,own
51-9124,3,0.16886109265436083,partial:OEWS_May2021_lognormal;D,10.627447799051719,0.26942263270437283,5,own
51-9124,4,0.21608685964380686,partial:OEWS_May2021_lognormal;D,10.627447799051719,0.26942263270437283,5,own
51-9124,5,0.2091754989152364,partial:OEWS_May2021_lognormal;D,10.627447799051719,0.26942263270437283,5,own
51-9124,6,0.16114488364573454,partial:OEWS_May2021_lognormal;D,10.627447799051719,0.26942263270437283,5,own
51-9124,7,0.09728198814519429,partial:OEWS_May2021_lognormal;D,10.627447799051719,0.26942263270437283,5,own
51-9124,8,0.042150080162337566,partial:OEWS_May2021_lognormal;D,10.627447799051719,0.26942263270437283,5,own
51-9124,9,0.010201522534987961,partial:OEWS_May2021_lognormal;D,10.627447799051719,0.26942263270437283,5,own
51-9124,10,0.0005951247933865256,partial:OEWS_May2021_lognormal;D,10.627447799051719,0.26942263270437283,5,own
51-9141,1,0.02252105961976958,partial:OEWS_May2021_lognormal;D,10.702044400185498,0.34065441753497533,5,own
51-9141,2,0.0817030235508045,partial:OEWS_May2021_lognormal;D,10.702044400185498,0.34065441753497533,5,own
51-9141,3,0.13165388726187927,partial:OEWS_May2021_lognormal;D,10.702044400185498,0.34065441753497533,5,own
51-9141,4,0.16165550842985416,partial:OEWS_May2021_lognormal;D,10.702044400185498,0.34065441753497533,5,own
51-9141,5,0.17000470106247467,partial:OEWS_May2021_lognormal;D,10.702044400185498,0.34065441753497533,5,own
51-9141,6,0.15819423132986377,partial:OEWS_May2021_lognormal;D,10.702044400185498,0.34065441753497533,5,own
51-9141,7,0.12966001260853266,partial:OEWS_May2021_lognormal;D,10.702044400185498,0.34065441753497533,5,own
51-9141,8,0.08959320985929675,partial:OEWS_May2021_lognormal;D,10.702044400185498,0.34065441753497533,5,own
51-9141,9,0.045487572539214094,partial:OEWS_May2021_lognormal;D,10.702044400185498,0.34065441753497533,5,own
51-9141,10,0.009526793738310557,partial:OEWS_May2021_lognormal;D,10.702044400185498,0.34065441753497533,5,own
51-9151,1,0.05406796517320017,partial:OEWS_May2021_lognormal;D,10.547537348398368,0.32879619978706265,5,own
51-9151,2,0.14827221168411098,partial:OEWS_May2021_lognormal;D,10.547537348398368,0.32879619978706265,5,own
51-9151,3,0.1890639561312351,partial:OEWS_May2021_lognormal;D,10.547537348398368,0.32879619978706265,5,own
51-9151,4,0.18817356337350866,partial:OEWS_May2021_lognormal;D,10.547537348398368,0.32879619978706265,5,own
51-9151,5,0.161335238056993,partial:OEWS_May2021_lognormal;D,10.547537348398368,0.32879619978706265,5,own
51-9151,6,0.1215631789431958,partial:OEWS_May2021_lognormal;D,10.547537348398368,0.32879619978706265,5,own
51-9151,7,0.07908171207639725,partial:OEWS_May2021_lognormal;D,10.547537348398368,0.32879619978706265,5,own
51-9151,8,0.04167457079148873,partial:OEWS_May2021_lognormal;D,10.547537348398368,0.32879619978706265,5,own
51-9151,9,0.014895550337097108,partial:OEWS_May2021_lognormal;D,10.547537348398368,0.32879619978706265,5,own
51-9151,10,0.0018720534327731908,partial:OEWS_May2021_lognormal;D,10.547537348398368,0.32879619978706265,5,own
51-9161,1,0.005832264878454563,partial:OEWS_May2021_lognormal;D,10.692688229630459,0.26699778351821446,5,own
51-9161,2,0.05239819440714061,partial:OEWS_May2021_lognormal;D,10.692688229630459,0.26699778351821446,5,own
51-9161,3,0.13035913731910465,partial:OEWS_May2021_lognormal;D,10.692688229630459,0.26699778351821446,5,own
51-9161,4,0.19489258277129934,partial:OEWS_May2021_lognormal;D,10.692688229630459,0.26699778351821446,5,own
51-9161,5,0.21602833304913616,partial:OEWS_May2021_lognormal;D,10.692688229630459,0.26699778351821446,5,own
51-9161,6,0.18878140235370933,partial:OEWS_May2021_lognormal;D,10.692688229630459,0.26699778351821446,5,own
51-9161,7,0.1290277980926574,partial:OEWS_May2021_lognormal;D,10.692688229630459,0.26699778351821446,5,own
51-9161,8,0.06363895010731835,partial:OEWS_May2021_lognormal;D,10.692688229630459,0.26699778351821446,5,own
51-9161,9,0.017803482036235496,partial:OEWS_May2021_lognormal;D,10.692688229630459,0.26699778351821446,5,own
51-9161,10,0.001237854984944109,partial:OEWS_May2021_lognormal;D,10.692688229630459,0.26699778351821446,5,own
51-9162,1,0.001358458554015951,partial:OEWS_May2021_lognormal;D,10.99375729088946,0.3250330806659576,5,own
51-9162,2,0.011994699401885633,partial:OEWS_May2021_lognormal;D,10.99375729088946,0.3250330806659576,5,own
51-9162,3,0.0359449630528233,partial:OEWS_May2021_lognormal;D,10.99375729088946,0.3250330806659576,5,own
51-9162,4,0.07176142719801587,partial:OEWS_May2021_lognormal;D,10.99375729088946,0.3250330806659576,5,own
51-9162,5,0.1149489405883653,partial:OEWS_May2021_lognormal;D,10.99375729088946,0.3250330806659576,5,own
51-9162,6,0.15807339140170373,partial:OEWS_May2021_lognormal;D,10.99375729088946,0.3250330806659576,5,own
51-9162,7,0.19036972622023152,partial:OEWS_May2021_lognormal;D,10.99375729088946,0.3250330806659576,5,own
51-9162,8,0.1970815040022842,partial:OEWS_May2021_lognormal;D,10.99375729088946,0.3250330806659576,5,own
51-9162,9,0.15904814075671259,partial:OEWS_May2021_lognormal;D,10.99375729088946,0.3250330806659576,5,own
51-9162,10,0.05941874882396192,partial:OEWS_May2021_lognormal;D,10.99375729088946,0.3250330806659576,5,own
51-9191,1,0.02513095655767683,partial:OEWS_May2021_lognormal;D,10.517012195539367,0.25423760270335904,5,own
51-9191,2,0.14400129844701465,partial:OEWS_May2021_lognormal;D,10.517012195539367,0.25423760270335904,5,own
51-9191,3,0.23741447755575829,partial:OEWS_May2021_lognormal;D,10.517012195539367,0.25423760270335904,5,own
51-9191,4,0.24139514652896338,partial:OEWS_May2021_lognormal;D,10.517012195539367,0.25423760270335904,5,own
51-9191,5,0.1824522186110099,partial:OEWS_May2021_lognormal;D,10.517012195539367,0.25423760270335904,5,own
51-9191,6,0.10680490595217684,partial:OEWS_May2021_lognormal;D,10.517012195539367,0.25423760270335904,5,own
51-9191,7,0.04693953909375603,partial:OEWS_May2021_lognormal;D,10.517012195539367,0.25423760270335904,5,own
51-9191,8,0.013802907694755562,partial:OEWS_May2021_lognormal;D,10.517012195539367,0.25423760270335904,5,own
51-9191,9,0.002003947611105117,partial:OEWS_May2021_lognormal;D,10.517012195539367,0.25423760270335904,5,own
51-9191,10,0.00005460194778339478,partial:OEWS_May2021_lognormal;D,10.517012195539367,0.25423760270335904,5,own
51-9192,1,0.031461959839062914,partial:OEWS_May2021_lognormal;D,10.448732436192056,0.2309199014933697,5,own
51-9192,2,0.19258096250464452,partial:OEWS_May2021_lognormal;D,10.448732436192056,0.2309199014933697,5,own
51-9192,3,0.2900662888906877,partial:OEWS_May2021_lognormal;D,10.448732436192056,0.2309199014933697,5,own
51-9192,4,0.24821658788384937,partial:OEWS_May2021_lognormal;D,10.448732436192056,0.2309199014933697,5,own
51-9192,5,0.14883153665017368,partial:OEWS_May2021_lognormal;D,10.448732436192056,0.2309199014933697,5,own
51-9192,6,0.0651046375579073,partial:OEWS_May2021_lognormal;D,10.448732436192056,0.2309199014933697,5,own
51-9192,7,0.01983630985800333,partial:OEWS_May2021_lognormal;D,10.448732436192056,0.2309199014933697,5,own
51-9192,8,0.00362600094844312,partial:OEWS_May2021_lognormal;D,10.448732436192056,0.2309199014933697,5,own
51-9192,9,0.0002731035715755059,partial:OEWS_May2021_lognormal;D,10.448732436192056,0.2309199014933697,5,own
51-9192,10,2.6122956525709284e-6,partial:OEWS_May2021_lognormal;D,10.448732436192056,0.2309199014933697,5,own
51-9193,1,0.012295394790516445,partial:OEWS_May2021_lognormal;D,10.628609775010867,0.27107996294771813,5,own
51-9193,2,0.08283949817856617,partial:OEWS_May2021_lognormal;D,10.628609775010867,0.27107996294771813,5,own
51-9193,3,0.16809321458428345,partial:OEWS_May2021_lognormal;D,10.628609775010867,0.27107996294771813,5,own
51-9193,4,0.21464069750126302,partial:OEWS_May2021_lognormal;D,10.628609775010867,0.27107996294771813,5,own
51-9193,5,0.20817468448370208,partial:OEWS_May2021_lognormal;D,10.628609775010867,0.27107996294771813,5,own
51-9193,6,0.16123620231905345,partial:OEWS_May2021_lognormal;D,10.628609775010867,0.27107996294771813,5,own
51-9193,7,0.09822622239262113,partial:OEWS_May2021_lognormal;D,10.628609775010867,0.27107996294771813,5,own
51-9193,8,0.0431639465377065,partial:OEWS_May2021_lognormal;D,10.628609775010867,0.27107996294771813,5,own
51-9193,9,0.010682680632050134,partial:OEWS_May2021_lognormal;D,10.628609775010867,0.27107996294771813,5,own
51-9193,10,0.0006474585802376254,partial:OEWS_May2021_lognormal;D,10.628609775010867,0.27107996294771813,5,own
51-9194,1,0.055786351279580426,partial:OEWS_May2021_lognormal;D,10.475317760065955,0.2866038510689568,5,own
51-9194,2,0.1849361454318345,partial:OEWS_May2021_lognormal;D,10.475317760065955,0.2866038510689568,5,own
51-9194,3,0.23365963621698937,partial:OEWS_May2021_lognormal;D,10.475317760065955,0.2866038510689568,5,own
51-9194,4,0.2108427340948083,partial:OEWS_May2021_lognormal;D,10.475317760065955,0.2866038510689568,5,own
51-9194,5,0.15448623485622925,partial:OEWS_May2021_lognormal;D,10.475317760065955,0.2866038510689568,5,own
51-9194,6,0.09402170689073452,partial:OEWS_May2021_lognormal;D,10.475317760065955,0.2866038510689568,5,own
51-9194,7,0.04612403181017033,partial:OEWS_May2021_lognormal;D,10.475317760065955,0.2866038510689568,5,own
51-9194,8,0.016576151729172817,partial:OEWS_May2021_lognormal;D,10.475317760065955,0.2866038510689568,5,own
51-9194,9,0.0033936963926648467,partial:OEWS_May2021_lognormal;D,10.475317760065955,0.2866038510689568,5,own
51-9194,10,0.00017331129781561483,partial:OEWS_May2021_lognormal;D,10.475317760065955,0.2866038510689568,5,own
51-9195,1,0.016607179797615612,partial:OEWS_May2021_lognormal;D,10.541824414808783,0.24538372185651852,5,own
51-9195,2,0.12053092009896815,partial:OEWS_May2021_lognormal;D,10.541824414808783,0.24538372185651852,5,own
51-9195,3,0.22750160864215052,partial:OEWS_May2021_lognormal;D,10.541824414808783,0.24538372185651852,5,own
51-9195,4,0.25035331984208276,partial:OEWS_May2021_lognormal;D,10.541824414808783,0.24538372185651852,5,own
51-9195,5,0.19803015216958741,partial:OEWS_May2021_lognormal;D,10.541824414808783,0.24538372185651852,5,own
51-9195,6,0.11831442101823364,partial:OEWS_May2021_lognormal;D,10.541824414808783,0.24538372185651852,5,own
51-9195,7,0.0518385377976055,partial:OEWS_May2021_lognormal;D,10.541824414808783,0.24538372185651852,5,own
51-9195,8,0.014780905711599401,partial:OEWS_May2021_lognormal;D,10.541824414808783,0.24538372185651852,5,own
51-9195,9,0.0019963590159135514,partial:OEWS_May2021_lognormal;D,10.541824414808783,0.24538372185651852,5,own
51-9195,10,0.00004659590624345178,partial:OEWS_May2021_lognormal;D,10.541824414808783,0.24538372185651852,5,own
51-9196,1,0.008604303025518067,partial:OEWS_May2021_lognormal;D,10.664193445815634,0.2707177909036231,5,own
51-9196,2,0.06590936604760317,partial:OEWS_May2021_lognormal;D,10.664193445815634,0.2707177909036231,5,own
51-9196,3,0.1474095079748418,partial:OEWS_May2021_lognormal;D,10.664193445815634,0.2707177909036231,5,own
51-9196,4,0.20389955241251312,partial:OEWS_May2021_lognormal;D,10.664193445815634,0.2707177909036231,5,own
51-9196,5,0.2124601782056943,partial:OEWS_May2021_lognormal;D,10.664193445815634,0.2707177909036231,5,own
51-9196,6,0.1762607376365226,partial:OEWS_May2021_lognormal;D,10.664193445815634,0.2707177909036231,5,own
51-9196,7,0.11514282163292178,partial:OEWS_May2021_lognormal;D,10.664193445815634,0.2707177909036231,5,own
51-9196,8,0.054564430894763705,partial:OEWS_May2021_lognormal;D,10.664193445815634,0.2707177909036231,5,own
51-9196,9,0.01474820454013881,partial:OEWS_May2021_lognormal;D,10.664193445815634,0.2707177909036231,5,own
51-9196,10,0.0010008976294826333,partial:OEWS_May2021_lognormal;D,10.664193445815634,0.2707177909036231,5,own
51-9197,1,0.006152624211740065,partial:OEWS_May2021_lognormal;D,10.730250931501303,0.2840155317849455,5,own
51-9197,2,0.047765087117963456,partial:OEWS_May2021_lognormal;D,10.730250931501303,0.2840155317849455,5,own
51-9197,3,0.11399479641876581,partial:OEWS_May2021_lognormal;D,10.730250931501303,0.2840155317849455,5,own
51-9197,4,0.1726798266513626,partial:OEWS_May2021_lognormal;D,10.730250931501303,0.2840155317849455,5,own
51-9197,5,0.20110878223196083,partial:OEWS_May2021_lognormal;D,10.730250931501303,0.2840155317849455,5,own
51-9197,6,0.19076467003047703,partial:OEWS_May2021_lognormal;D,10.730250931501303,0.2840155317849455,5,own
51-9197,7,0.14691315300628127,partial:OEWS_May2021_lognormal;D,10.730250931501303,0.2840155317849455,5,own
51-9197,8,0.08604613466589606,partial:OEWS_May2021_lognormal;D,10.730250931501303,0.2840155317849455,5,own
51-9197,9,0.031238132586482448,partial:OEWS_May2021_lognormal;D,10.730250931501303,0.2840155317849455,5,own
51-9197,10,0.0033367930790704214,partial:OEWS_May2021_lognormal;D,10.730250931501303,0.2840155317849455,5,own
51-9198,1,0.08730009283300072,partial:OEWS_May2021_lognormal;D,10.371456292057811,0.2594136864406018,5,own
51-9198,2,0.26563910150358777,partial:OEWS_May2021_lognormal;D,10.371456292057811,0.2594136864406018,5,own
51-9198,3,0.2761251178881763,partial:OEWS_May2021_lognormal;D,10.371456292057811,0.2594136864406018,5,own
51-9198,4,0.19560005009843806,partial:OEWS_May2021_lognormal;D,10.371456292057811,0.2594136864406018,5,own
51-9198,5,0.10823651848563576,partial:OEWS_May2021_lognormal;D,10.371456292057811,0.2594136864406018,5,own
51-9198,6,0.047505331294850794,partial:OEWS_May2021_lognormal;D,10.371456292057811,0.2594136864406018,5,own
51-9198,7,0.015757214684243404,partial:OEWS_May2021_lognormal;D,10.371456292057811,0.2594136864406018,5,own
51-9198,8,0.003464664496951042,partial:OEWS_May2021_lognormal;D,10.371456292057811,0.2594136864406018,5,own
51-9198,9,0.00036519649494337614,partial:OEWS_May2021_lognormal;D,10.371456292057811,0.2594136864406018,5,own
51-9198,10,6.712220172788719e-6,partial:OEWS_May2021_lognormal;D,10.371456292057811,0.2594136864406018,5,own
51-9199,1,0.07034660990271563,partial:OEWS_May2021_lognormal;D,10.429816330914438,0.27866429243596685,5,own
51-9199,2,0.21713608614530927,partial:OEWS_May2021_lognormal;D,10.429816330914438,0.27866429243596685,5,own
51-9199,3,0.2512313527477238,partial:OEWS_May2021_lognormal;D,10.429816330914438,0.27866429243596685,5,own
51-9199,4,0.20646234977308686,partial:OEWS_May2021_lognormal;D,10.429816330914438,0.27866429243596685,5,own
51-9199,5,0.1367862155361692,partial:OEWS_May2021_lognormal;D,10.429816330914438,0.27866429243596685,5,own
51-9199,6,0.0744342980302668,partial:OEWS_May2021_lognormal;D,10.429816330914438,0.27866429243596685,5,own
51-9199,7,0.03207539173564855,partial:OEWS_May2021_lognormal;D,10.429816330914438,0.27866429243596685,5,own
51-9199,8,0.009835414235230266,partial:OEWS_May2021_lognormal;D,10.429816330914438,0.27866429243596685,5,own
51-9199,9,0.001631493455595212,partial:OEWS_May2021_lognormal;D,10.429816330914438,0.27866429243596685,5,own
51-9199,10,0.00006078843825441105,partial:OEWS_May2021_lognormal;D,10.429816330914438,0.27866429243596685,5,own
53-1041,1,0.0011383815963098565,partial:OEWS_May2021_lognormal;D,10.969086799319303,0.31125432811507536,5,own
53-1041,2,0.011583048296768816,partial:OEWS_May2021_lognormal;D,10.969086799319303,0.31125432811507536,5,own
53-1041,3,0.03720637315293546,partial:OEWS_May2021_lognormal;D,10.969086799319303,0.31125432811507536,5,own
53-1041,4,0.07675222024210293,partial:OEWS_May2021_lognormal;D,10.969086799319303,0.31125432811507536,5,own
53-1041,5,0.12418262699385435,partial:OEWS_May2021_lognormal;D,10.969086799319303,0.31125432811507536,5,own
53-1041,6,0.16935798932869406,partial:OEWS_May2021_lognormal;D,10.969086799319303,0.31125432811507536,5,own
53-1041,7,0.19845290189361342,partial:OEWS_May2021_lognormal;D,10.969086799319303,0.31125432811507536,5,own
53-1041,8,0.19487700493490123,partial:OEWS_May2021_lognormal;D,10.969086799319303,0.31125432811507536,5,own
53-1041,9,0.14262918883889952,partial:OEWS_May2021_lognormal;D,10.969086799319303,0.31125432811507536,5,own
53-1041,10,0.043820264721920354,partial:OEWS_May2021_lognormal;D,10.969086799319303,0.31125432811507536,5,own
53-1047,1,0.0030400695285348056,partial:OEWS_May2021_lognormal;D,10.912526537413047,0.3255935593278409,5,own
53-1047,2,0.021812990897515094,partial:OEWS_May2021_lognormal;D,10.912526537413047,0.3255935593278409,5,own
53-1047,3,0.05599810720177101,partial:OEWS_May2021_lognormal;D,10.912526537413047,0.3255935593278409,5,own
53-1047,4,0.09840386568616438,partial:OEWS_May2021_lognormal;D,10.912526537413047,0.3255935593278409,5,own
53-1047,5,0.14046636728001582,partial:OEWS_May2021_lognormal;D,10.912526537413047,0.3255935593278409,5,own
53-1047,6,0.17279960381726922,partial:OEWS_May2021_lognormal;D,10.912526537413047,0.3255935593278409,5,own
53-1047,7,0.18558643466932834,partial:OEWS_May2021_lognormal;D,10.912526537413047,0.3255935593278409,5,own
53-1047,8,0.16933558392954395,partial:OEWS_May2021_lognormal;D,10.912526537413047,0.3255935593278409,5,own
53-1047,9,0.11713465087211683,partial:OEWS_May2021_lognormal;D,10.912526537413047,0.3255935593278409,5,own
53-1047,10,0.035422326117740544,partial:OEWS_May2021_lognormal;D,10.912526537413047,0.3255935593278409,5,own
53-2011,1,0.00004241273207267193,partial:OEWS_May2021_lognormal;D,12.18561002714168,0.5511801508247719,3,own
53-2011,2,0.00021876616176585983,partial:OEWS_May2021_lognormal;D,12.18561002714168,0.5511801508247719,3,own
53-2011,3,0.000594065363704821,partial:OEWS_May2021_lognormal;D,12.18561002714168,0.5511801508247719,3,own
53-2011,4,0.0013160159264362647,partial:OEWS_May2021_lognormal;D,12.18561002714168,0.5511801508247719,3,own
53-2011,5,0.0026768176298783697,partial:OEWS_May2021_lognormal;D,12.18561002714168,0.5511801508247719,3,own
53-2011,6,0.0053003076959204365,partial:OEWS_May2021_lognormal;D,12.18561002714168,0.5511801508247719,3,own
53-2011,7,0.010697479770061025,partial:OEWS_May2021_lognormal;D,12.18561002714168,0.5511801508247719,3,own
53-2011,8,0.023350256723047136,partial:OEWS_May2021_lognormal;D,12.18561002714168,0.5511801508247719,3,own
53-2011,9,0.06280769918891466,partial:OEWS_May2021_lognormal;D,12.18561002714168,0.5511801508247719,3,own
53-2011,10,0.8929961788081988,partial:OEWS_May2021_lognormal;D,12.18561002714168,0.5511801508247719,3,own
53-2012,1,0.002109093144818719,partial:OEWS_May2021_lognormal;D,11.520523270580668,0.5246580651882119,5,own
53-2012,2,0.006624411588456225,partial:OEWS_May2021_lognormal;D,11.520523270580668,0.5246580651882119,5,own
53-2012,3,0.012584022330657474,partial:OEWS_May2021_lognormal;D,11.520523270580668,0.5246580651882119,5,own
53-2012,4,0.02061679292198121,partial:OEWS_May2021_lognormal;D,11.520523270580668,0.5246580651882119,5,own
53-2012,5,0.031654498469436465,partial:OEWS_May2021_lognormal;D,11.520523270580668,0.5246580651882119,5,own
53-2012,6,0.04731540143463414,partial:OEWS_May2021_lognormal;D,11.520523270580668,0.5246580651882119,5,own
53-2012,7,0.07073315054025486,partial:OEWS_May2021_lognormal;D,11.520523270580668,0.5246580651882119,5,own
53-2012,8,0.10905196801504358,partial:OEWS_May2021_lognormal;D,11.520523270580668,0.5246580651882119,5,own
53-2012,9,0.18424257126955623,partial:OEWS_May2021_lognormal;D,11.520523270580668,0.5246580651882119,5,own
53-2012,10,0.5150680902851611,partial:OEWS_May2021_lognormal;D,11.520523270580668,0.5246580651882119,5,own
53-2021,1,6.596698530925149e-6,partial:OEWS_May2021_lognormal;D,11.701316400647583,0.3860641478783922,5,own
53-2021,2,0.00010194837655358446,partial:OEWS_May2021_lognormal;D,11.701316400647583,0.3860641478783922,5,own
53-2021,3,0.0005249836062263258,partial:OEWS_May2021_lognormal;D,11.701316400647583,0.3860641478783922,5,own
53-2021,4,0.0017861014015689292,partial:OEWS_May2021_lognormal;D,11.701316400647583,0.3860641478783922,5,own
53-2021,5,0.004959526018146421,partial:OEWS_May2021_lognormal;D,11.701316400647583,0.3860641478783922,5,own
53-2021,6,0.012369444197013135,partial:OEWS_May2021_lognormal;D,11.701316400647583,0.3860641478783922,5,own
53-2021,7,0.02939914597109511,partial:OEWS_May2021_lognormal;D,11.701316400647583,0.3860641478783922,5,own
53-2021,8,0.07019848356303504,partial:OEWS_May2021_lognormal;D,11.701316400647583,0.3860641478783922,5,own
53-2021,9,0.18231115458309438,partial:OEWS_May2021_lognormal;D,11.701316400647583,0.3860641478783922,5,own
53-2021,10,0.6983426155847361,partial:OEWS_May2021_lognormal;D,11.701316400647583,0.3860641478783922,5,own
53-2022,1,0.01966805867814636,partial:OEWS_May2021_lognormal;D,10.80512668448572,0.38135603591544015,5,own
53-2022,2,0.062005751062766845,partial:OEWS_May2021_lognormal;D,10.80512668448572,0.38135603591544015,5,own
53-2022,3,0.09891460913752093,partial:OEWS_May2021_lognormal;D,10.80512668448572,0.38135603591544015,5,own
53-2022,4,0.1271328570846571,partial:OEWS_May2021_lognormal;D,10.80512668448572,0.38135603591544015,5,own
53-2022,5,0.14517381250599526,partial:OEWS_May2021_lognormal;D,10.80512668448572,0.38135603591544015,5,own
53-2022,6,0.15183875139523378,partial:OEWS_May2021_lognormal;D,10.80512668448572,0.38135603591544015,5,own
53-2022,7,0.1458805830067803,partial:OEWS_May2021_lognormal;D,10.80512668448572,0.38135603591544015,5,own
53-2022,8,0.12579028841107487,partial:OEWS_May2021_lognormal;D,10.80512668448572,0.38135603591544015,5,own
53-2022,9,0.08951569933430303,partial:OEWS_May2021_lognormal;D,10.80512668448572,0.38135603591544015,5,own
53-2022,10,0.034079589383521514,partial:OEWS_May2021_lognormal;D,10.80512668448572,0.38135603591544015,5,own
53-2031,1,0.0011043884389074776,partial:OEWS_May2021_lognormal;D,10.980201459804961,0.31396146375972406,5,own
53-2031,2,0.011096458751789828,partial:OEWS_May2021_lognormal;D,10.980201459804961,0.31396146375972406,5,own
53-2031,3,0.0355795650989591,partial:OEWS_May2021_lognormal;D,10.980201459804961,0.31396146375972406,5,own
53-2031,4,0.07366762787744507,partial:OEWS_May2021_lognormal;D,10.980201459804961,0.31396146375972406,5,own
53-2031,5,0.1200828730398214,partial:OEWS_May2021_lognormal;D,10.980201459804961,0.31396146375972406,5,own
53-2031,6,0.16557560592384063,partial:OEWS_May2021_lognormal;D,10.980201459804961,0.31396146375972406,5,own
53-2031,7,0.19700103216735282,partial:OEWS_May2021_lognormal;D,10.980201459804961,0.31396146375972406,5,own
53-2031,8,0.19766564344786552,partial:OEWS_May2021_lognormal;D,10.980201459804961,0.31396146375972406,5,own
53-2031,9,0.1495528343174901,partial:OEWS_May2021_lognormal;D,10.980201459804961,0.31396146375972406,5,own
53-2031,10,0.04867397093652803,partial:OEWS_May2021_lognormal;D,10.980201459804961,0.31396146375972406,5,own
53-3011,1,0.14158080170462628,partial:OEWS_May2021_lognormal;D,10.32103056871006,0.28115365073584647,5,own
53-3011,2,0.2913716135952468,partial:OEWS_May2021_lognormal;D,10.32103056871006,0.28115365073584647,5,own
53-3011,3,0.25259213855846413,partial:OEWS_May2021_lognormal;D,10.32103056871006,0.28115365073584647,5,own
53-3011,4,0.16539586428337405,partial:OEWS_May2021_lognormal;D,10.32103056871006,0.28115365073584647,5,own
53-3011,5,0.08983198064643516,partial:OEWS_May2021_lognormal;D,10.32103056871006,0.28115365073584647,5,own
53-3011,6,0.040561204532055806,partial:OEWS_May2021_lognormal;D,10.32103056871006,0.28115365073584647,5,own
53-3011,7,0.0145127806765587,partial:OEWS_May2021_lognormal;D,10.32103056871006,0.28115365073584647,5,own
53-3011,8,0.0036552430678499226,partial:OEWS_May2021_lognormal;D,10.32103056871006,0.28115365073584647,5,own
53-3011,9,0.0004847789472850472,partial:OEWS_May2021_lognormal;D,10.32103056871006,0.28115365073584647,5,own
53-3011,10,0.00001359398810407697,partial:OEWS_May2021_lognormal;D,10.32103056871006,0.28115365073584647,5,own
53-3031,1,0.2366720573246784,partial:OEWS_May2021_lognormal;D,10.288624359165478,0.37562348473444207,5,own
53-3031,2,0.24732659441502852,partial:OEWS_May2021_lognormal;D,10.288624359165478,0.37562348473444207,5,own
53-3031,3,0.1889221550364507,partial:OEWS_May2021_lognormal;D,10.288624359165478,0.37562348473444207,5,own
53-3031,4,0.1335782870962623,partial:OEWS_May2021_lognormal;D,10.288624359165478,0.37562348473444207,5,own
53-3031,5,0.08874281752000368,partial:OEWS_May2021_lognormal;D,10.288624359165478,0.37562348473444207,5,own
53-3031,6,0.05474497556498248,partial:OEWS_May2021_lognormal;D,10.288624359165478,0.37562348473444207,5,own
53-3031,7,0.030399772925112534,partial:OEWS_May2021_lognormal;D,10.288624359165478,0.37562348473444207,5,own
53-3031,8,0.01422586630409739,partial:OEWS_May2021_lognormal;D,10.288624359165478,0.37562348473444207,5,own
53-3031,9,0.004761652048349219,partial:OEWS_May2021_lognormal;D,10.288624359165478,0.37562348473444207,5,own
53-3031,10,0.0006258217650347841,partial:OEWS_May2021_lognormal;D,10.288624359165478,0.37562348473444207,5,own
53-3032,1,0.011921695853263137,partial:OEWS_May2021_lognormal;D,10.774748583157969,0.3343290868648264,5,own
53-3032,2,0.05500153844585903,partial:OEWS_May2021_lognormal;D,10.774748583157969,0.3343290868648264,5,own
53-3032,3,0.10395439513389271,partial:OEWS_May2021_lognormal;D,10.774748583157969,0.3343290868648264,5,own
53-3032,4,0.14398499103572593,partial:OEWS_May2021_lognormal;D,10.774748583157969,0.3343290868648264,5,own
53-3032,5,0.16753595478427397,partial:OEWS_May2021_lognormal;D,10.774748583157969,0.3343290868648264,5,own
53-3032,6,0.17075350304521342,partial:OEWS_May2021_lognormal;D,10.774748583157969,0.3343290868648264,5,own
53-3032,7,0.15262347303615498,partial:OEWS_May2021_lognormal;D,10.774748583157969,0.3343290868648264,5,own
53-3032,8,0.11507790270038243,partial:OEWS_May2021_lognormal;D,10.774748583157969,0.3343290868648264,5,own
53-3032,9,0.0641951007812942,partial:OEWS_May2021_lognormal;D,10.774748583157969,0.3343290868648264,5,own
53-3032,10,0.014951445183940204,partial:OEWS_May2021_lognormal;D,10.774748583157969,0.3343290868648264,5,own
53-3033,1,0.07200155030045075,partial:OEWS_May2021_lognormal;D,10.571967823904604,0.37827977013171976,5,own
53-3033,2,0.14309245389535008,partial:OEWS_May2021_lognormal;D,10.571967823904604,0.37827977013171976,5,own
53-3033,3,0.16539966025088798,partial:OEWS_May2021_lognormal;D,10.571967823904604,0.37827977013171976,5,own
53-3033,4,0.163286323551123,partial:OEWS_May2021_lognormal;D,10.571967823904604,0.37827977013171976,5,own
53-3033,5,0.14664435985192492,partial:OEWS_May2021_lognormal;D,10.571967823904604,0.37827977013171976,5,own
53-3033,6,0.12126686993873781,partial:OEWS_May2021_lognormal;D,10.571967823904604,0.37827977013171976,5,own
53-3033,7,0.09121519986750837,partial:OEWS_May2021_lognormal;D,10.571967823904604,0.37827977013171976,5,own
53-3033,8,0.0597985609200814,partial:OEWS_May2021_lognormal;D,10.571967823904604,0.37827977013171976,5,own
53-3033,9,0.030253770512698286,partial:OEWS_May2021_lognormal;D,10.571967823904604,0.37827977013171976,5,own
53-3033,10,0.007041250911237418,partial:OEWS_May2021_lognormal;D,10.571967823904604,0.37827977013171976,5,own
53-3051,1,0.11470597180636771,partial:OEWS_May2021_lognormal;D,10.48007945410311,0.38339708178820253,5,own
53-3051,2,0.1803507090646546,partial:OEWS_May2021_lognormal;D,10.48007945410311,0.38339708178820253,5,own
53-3051,3,0.18083973441470097,partial:OEWS_May2021_lognormal;D,10.48007945410311,0.38339708178820253,5,own
53-3051,4,0.1602445486124024,partial:OEWS_May2021_lognormal;D,10.48007945410311,0.38339708178820253,5,own
53-3051,5,0.13119088254001965,partial:OEWS_May2021_lognormal;D,10.48007945410311,0.38339708178820253,5,own
53-3051,6,0.09960202115990868,partial:OEWS_May2021_lognormal;D,10.48007945410311,0.38339708178820253,5,own
53-3051,7,0.06889000433401093,partial:OEWS_May2021_lognormal;D,10.48007945410311,0.38339708178820253,5,own
53-3051,8,0.04136372965485935,partial:OEWS_May2021_lognormal;D,10.48007945410311,0.38339708178820253,5,own
53-3051,9,0.018929096808634083,partial:OEWS_May2021_lognormal;D,10.48007945410311,0.38339708178820253,5,own
53-3051,10,0.0038833016044416135,partial:OEWS_May2021_lognormal;D,10.48007945410311,0.38339708178820253,5,own
53-3052,1,0.017646811582577193,partial:OEWS_May2021_lognormal;D,10.791793246487433,0.3669923697168717,5,own
53-3052,2,0.06130981846393402,partial:OEWS_May2021_lognormal;D,10.791793246487433,0.3669923697168717,5,own
53-3052,3,0.10178774592914402,partial:OEWS_May2021_lognormal;D,10.791793246487433,0.3669923697168717,5,own
53-3052,4,0.13286385178008903,partial:OEWS_May2021_lognormal;D,10.791793246487433,0.3669923697168717,5,own
53-3052,5,0.1518663737207735,partial:OEWS_May2021_lognormal;D,10.791793246487433,0.3669923697168717,5,own
53-3052,6,0.1571370328689926,partial:OEWS_May2021_lognormal;D,10.791793246487433,0.3669923697168717,5,own
53-3052,7,0.14750489216383822,partial:OEWS_May2021_lognormal;D,10.791793246487433,0.3669923697168717,5,own
53-3052,8,0.12217801162560382,partial:OEWS_May2021_lognormal;D,10.791793246487433,0.3669923697168717,5,own
53-3052,9,0.08100546669112763,partial:OEWS_May2021_lognormal;D,10.791793246487433,0.3669923697168717,5,own
53-3052,10,0.026699995173919966,partial:OEWS_May2021_lognormal;D,10.791793246487433,0.3669923697168717,5,own
53-3053,1,0.10644417192724032,partial:OEWS_May2021_lognormal;D,10.355259019503517,0.26971588523077045,5,own
53-3053,2,0.27452783659280006,partial:OEWS_May2021_lognormal;D,10.355259019503517,0.26971588523077045,5,own
53-3053,3,0.2658848012718175,partial:OEWS_May2021_lognormal;D,10.355259019503517,0.26971588523077045,5,own
53-3053,4,0.18403434485493442,partial:OEWS_May2021_lognormal;D,10.355259019503517,0.26971588523077045,5,own
53-3053,5,0.10237857198536271,partial:OEWS_May2021_lognormal;D,10.355259019503517,0.26971588523077045,5,own
53-3053,6,0.04622857450794515,partial:OEWS_May2021_lognormal;D,10.355259019503517,0.26971588523077045,5,own
53-3053,7,0.01616084771398507,partial:OEWS_May2021_lognormal;D,10.355259019503517,0.26971588523077045,5,own
53-3053,8,0.003864471492374344,partial:OEWS_May2021_lognormal;D,10.355259019503517,0.26971588523077045,5,own
53-3053,9,0.0004655398469867178,partial:OEWS_May2021_lognormal;D,10.355259019503517,0.26971588523077045,5,own
53-3053,10,0.000010839806553697429,partial:OEWS_May2021_lognormal;D,10.355259019503517,0.26971588523077045,5,own
53-3054,1,0.15728996555791724,partial:OEWS_May2021_lognormal;D,10.2615714443894,0.24092413595015677,5,own
53-3054,2,0.3625440232316644,partial:OEWS_May2021_lognormal;D,10.2615714443894,0.24092413595015677,5,own
53-3054,3,0.2714117321024666,partial:OEWS_May2021_lognormal;D,10.2615714443894,0.24092413595015677,5,own
53-3054,4,0.13674790968758277,partial:OEWS_May2021_lognormal;D,10.2615714443894,0.24092413595015677,5,own
53-3054,5,0.05272351578163181,partial:OEWS_May2021_lognormal;D,10.2615714443894,0.24092413595015677,5,own
53-3054,6,0.015563875267218918,partial:OEWS_May2021_lognormal;D,10.2615714443894,0.24092413595015677,5,own
53-3054,7,0.0032797797651967775,partial:OEWS_May2021_lognormal;D,10.2615714443894,0.24092413595015677,5,own
53-3054,8,0.00041742865997562717,partial:OEWS_May2021_lognormal;D,10.2615714443894,0.24092413595015677,5,own
53-3054,9,0.00002163492641438225,partial:OEWS_May2021_lognormal;D,10.2615714443894,0.24092413595015677,5,own
53-3054,10,1.3501993145759172e-7,partial:OEWS_May2021_lognormal;D,10.2615714443894,0.24092413595015677,5,own
53-3099,1,0.1735893478078624,partial:OEWS_May2021_lognormal;D,10.419667408021656,0.42590539154833607,5,own
53-3099,2,0.19218551904657577,partial:OEWS_May2021_lognormal;D,10.419667408021656,0.42590539154833607,5,own
53-3099,3,0.169057157054056,partial:OEWS_May2021_lognormal;D,10.419667408021656,0.42590539154833607,5,own
53-3099,4,0.14070593307168877,partial:OEWS_May2021_lognormal;D,10.419667408021656,0.42590539154833607,5,own
53-3099,5,0.11233542201594138,partial:OEWS_May2021_lognormal;D,10.419667408021656,0.42590539154833607,5,own
53-3099,6,0.08558050879556345,partial:OEWS_May2021_lognormal;D,10.419667408021656,0.42590539154833607,5,own
53-3099,7,0.0611144314371056,partial:OEWS_May2021_lognormal;D,10.419667408021656,0.42590539154833607,5,own
53-3099,8,0.03931424362163083,partial:OEWS_May2021_lognormal;D,10.419667408021656,0.42590539154833607,5,own
53-3099,9,0.020546286150065485,partial:OEWS_May2021_lognormal;D,10.419667408021656,0.42590539154833607,5,own
53-3099,10,0.0055711509995103325,partial:OEWS_May2021_lognormal;D,10.419667408021656,0.42590539154833607,5,own
53-4011,1,3.3543063659990935e-8,partial:OEWS_May2021_lognormal;D,11.155633363393644,0.2104816214998819,5,own
53-4011,2,0.00001386720891194404,partial:OEWS_May2021_lognormal;D,11.155633363393644,0.2104816214998819,5,own
53-4011,3,0.00043669688670966433,partial:OEWS_May2021_lognormal;D,11.155633363393644,0.2104816214998819,5,own
53-4011,4,0.004555956212881018,partial:OEWS_May2021_lognormal;D,11.155633363393644,0.2104816214998819,5,own
53-4011,5,0.025068600923985718,partial:OEWS_May2021_lognormal;D,11.155633363393644,0.2104816214998819,5,own
53-4011,6,0.08813056202544656,partial:OEWS_May2021_lognormal;D,11.155633363393644,0.2104816214998819,5,own
53-4011,7,0.2118726258297684,partial:OEWS_May2021_lognormal;D,11.155633363393644,0.2104816214998819,5,own
53-4011,8,0.33682740674254263,partial:OEWS_May2021_lognormal;D,11.155633363393644,0.2104816214998819,5,own
53-4011,9,0.2825318478353962,partial:OEWS_May2021_lognormal;D,11.155633363393644,0.2104816214998819,5,own
53-4011,10,0.0505624027912942,partial:OEWS_May2021_lognormal;D,11.155633363393644,0.2104816214998819,5,own
53-4013,1,0.0003239154221467144,partial:OEWS_May2021_lognormal;D,10.940034494372917,0.269954954212468,5,own
53-4013,2,0.0064533501684847505,partial:OEWS_May2021_lognormal;D,10.940034494372917,0.269954954212468,5,own
53-4013,3,0.029975260394945857,partial:OEWS_May2021_lognormal;D,10.940034494372917,0.269954954212468,5,own
53-4013,4,0.0765113294703667,partial:OEWS_May2021_lognormal;D,10.940034494372917,0.269954954212468,5,own
53-4013,5,0.13914419155556634,partial:OEWS_May2021_lognormal;D,10.940034494372917,0.269954954212468,5,own
53-4013,6,0.19804748079196188,partial:OEWS_May2021_lognormal;D,10.940034494372917,0.269954954212468,5,own
53-4013,7,0.22528462333410731,partial:OEWS_May2021_lognormal;D,10.940034494372917,0.269954954212468,5,own
53-4013,8,0.19607110075137502,partial:OEWS_May2021_lognormal;D,10.940034494372917,0.269954954212468,5,own
53-4013,9,0.1092830505262482,partial:OEWS_May2021_lognormal;D,10.940034494372917,0.269954954212468,5,own
53-4013,10,0.01890569758479721,partial:OEWS_May2021_lognormal;D,10.940034494372917,0.269954954212468,5,own
53-4022,1,7.567795295981838e-8,partial:OEWS_May2021_lognormal;D,11.028522257759699,0.192202810432431,5,own
53-4022,2,0.0000427562389610503,partial:OEWS_May2021_lognormal;D,11.028522257759699,0.192202810432431,5,own
53-4022,3,0.0014266412761638758,partial:OEWS_May2021_lognormal;D,11.028522257759699,0.192202810432431,5,own
53-4022,4,0.013957142078691531,partial:OEWS_May2021_lognormal;D,11.028522257759699,0.192202810432431,5,own
53-4022,5,0.0657631075918913,partial:OEWS_May2021_lognormal;D,11.028522257759699,0.192202810432431,5,own
53-4022,6,0.18143759677846594,partial:OEWS_May2021_lognormal;D,11.028522257759699,0.192202810432431,5,own
53-4022,7,0.308727966771482,partial:OEWS_May2021_lognormal;D,11.028522257759699,0.192202810432431,5,own
53-4022,8,0.3001947478254263,partial:OEWS_May2021_lognormal;D,11.028522257759699,0.192202810432431,5,own
53-4022,9,0.1214384987813355,partial:OEWS_May2021_lognormal;D,11.028522257759699,0.192202810432431,5,own
53-4022,10,0.00701146697962951,partial:OEWS_May2021_lognormal;D,11.028522257759699,0.192202810432431,5,own
53-4031,1,2.7545183856059197e-8,partial:OEWS_May2021_lognormal;D,11.093520972374026,0.19768638379592862,5,own
53-4031,2,0.00001675557148095308,partial:OEWS_May2021_lognormal;D,11.093520972374026,0.19768638379592862,5,own
53-4031,3,0.0006233804531363685,partial:OEWS_May2021_lognormal;D,11.093520972374026,0.19768638379592862,5,own
53-4031,4,0.006953713398845096,partial:OEWS_May2021_lognormal;D,11.093520972374026,0.19768638379592862,5,own
53-4031,5,0.03819276122314935,partial:OEWS_May2021_lognormal;D,11.093520972374026,0.19768638379592862,5,own
53-4031,6,0.12617493367846638,partial:OEWS_May2021_lognormal;D,11.093520972374026,0.19768638379592862,5,own
53-4031,7,0.2668592270499399,partial:OEWS_May2021_lognormal;D,11.093520972374026,0.19768638379592862,5,own
53-4031,8,0.34156679555612307,partial:OEWS_May2021_lognormal;D,11.093520972374026,0.19768638379592862,5,own
53-4031,9,0.1999003758169906,partial:OEWS_May2021_lognormal;D,11.093520972374026,0.19768638379592862,5,own
53-4031,10,0.019712029706684397,partial:OEWS_May2021_lognormal;D,11.093520972374026,0.19768638379592862,5,own
53-4041,1,5.033297817425009e-8,partial:OEWS_May2021_lognormal;D,11.146574474746817,0.2116771526291644,5,own
53-4041,2,0.000018542818287115015,partial:OEWS_May2021_lognormal;D,11.146574474746817,0.2116771526291644,5,own
53-4041,3,0.0005421350000702208,partial:OEWS_May2021_lognormal;D,11.146574474746817,0.2116771526291644,5,own
53-4041,4,0.005339850253962608,partial:OEWS_May2021_lognormal;D,11.146574474746817,0.2116771526291644,5,own
53-4041,5,0.028003609831869725,partial:OEWS_May2021_lognormal;D,11.146574474746817,0.2116771526291644,5,own
53-4041,6,0.09438380457013312,partial:OEWS_May2021_lognormal;D,11.146574474746817,0.2116771526291644,5,own
53-4041,7,0.21834834384261037,partial:OEWS_May2021_lognormal;D,11.146574474746817,0.2116771526291644,5,own
53-4041,8,0.33480900584177165,partial:OEWS_May2021_lognormal;D,11.146574474746817,0.2116771526291644,5,own
53-4041,9,0.2713872043926676,partial:OEWS_May2021_lognormal;D,11.146574474746817,0.2116771526291644,5,own
53-4041,10,0.047167453115649405,partial:OEWS_May2021_lognormal;D,11.146574474746817,0.2116771526291644,5,own
53-4099,1,0.008156850114329761,partial:OEWS_May2021_lognormal;D,10.817214512749976,0.33221898221071233,5,own
53-4099,2,0.0427157177189848,partial:OEWS_May2021_lognormal;D,10.817214512749976,0.33221898221071233,5,own
53-4099,3,0.08818431180736847,partial:OEWS_May2021_lognormal;D,10.817214512749976,0.33221898221071233,5,own
53-4099,4,0.1308809946413414,partial:OEWS_May2021_lognormal;D,10.817214512749976,0.33221898221071233,5,own
53-4099,5,0.1616865556432523,partial:OEWS_May2021_lognormal;D,10.817214512749976,0.33221898221071233,5,own
53-4099,6,0.17422638040908578,partial:OEWS_May2021_lognormal;D,10.817214512749976,0.33221898221071233,5,own
53-4099,7,0.16452539938215627,partial:OEWS_May2021_lognormal;D,10.817214512749976,0.33221898221071233,5,own
53-4099,8,0.1314402802316752,partial:OEWS_May2021_lognormal;D,10.817214512749976,0.33221898221071233,5,own
53-4099,9,0.07835678079291042,partial:OEWS_May2021_lognormal;D,10.817214512749976,0.33221898221071233,5,own
53-4099,10,0.019826729258895615,partial:OEWS_May2021_lognormal;D,10.817214512749976,0.33221898221071233,5,own
53-5011,1,0.029127258325736705,partial:OEWS_May2021_lognormal;D,10.75989545778086,0.39107619187134424,5,own
53-5011,2,0.07769669921501099,partial:OEWS_May2021_lognormal;D,10.75989545778086,0.39107619187134424,5,own
53-5011,3,0.11241354693375177,partial:OEWS_May2021_lognormal;D,10.75989545778086,0.39107619187134424,5,own
53-5011,4,0.1348990392583166,partial:OEWS_May2021_lognormal;D,10.75989545778086,0.39107619187134424,5,own
53-5011,5,0.14596308126911067,partial:OEWS_May2021_lognormal;D,10.75989545778086,0.39107619187134424,5,own
53-5011,6,0.14594959263302976,partial:OEWS_May2021_lognormal;D,10.75989545778086,0.39107619187134424,5,own
53-5011,7,0.1348608374385899,partial:OEWS_May2021_lognormal;D,10.75989545778086,0.39107619187134424,5,own
53-5011,8,0.11235791330233025,partial:OEWS_May2021_lognormal;D,10.75989545778086,0.39107619187134424,5,own
53-5011,9,0.07763791824772248,partial:OEWS_May2021_lognormal;D,10.75989545778086,0.39107619187134424,5,own
53-5011,10,0.029094113376400887,partial:OEWS_May2021_lognormal;D,10.75989545778086,0.39107619187134424,5,own
53-5021,1,0.010989986468751711,partial:OEWS_May2021_lognormal;D,11.304856425889428,0.5612103821054337,5,own
53-5021,2,0.02206781360011062,partial:OEWS_May2021_lognormal;D,11.304856425889428,0.5612103821054337,5,own
53-5021,3,0.032344016476140935,partial:OEWS_May2021_lognormal;D,11.304856425889428,0.5612103821054337,5,own
53-5021,4,0.0436122497235919,partial:OEWS_May2021_lognormal;D,11.304856425889428,0.5612103821054337,5,own
53-5021,5,0.05679200671528489,partial:OEWS_May2021_lognormal;D,11.304856425889428,0.5612103821054337,5,own
53-5021,6,0.07305991941471252,partial:OEWS_May2021_lognormal;D,11.304856425889428,0.5612103821054337,5,own
53-5021,7,0.09443978297271416,partial:OEWS_May2021_lognormal;D,11.304856425889428,0.5612103821054337,5,own
53-5021,8,0.12523748016824005,partial:OEWS_May2021_lognormal;D,11.304856425889428,0.5612103821054337,5,own
53-5021,9,0.1779009324737566,partial:OEWS_May2021_lognormal;D,11.304856425889428,0.5612103821054337,5,own
53-5021,10,0.3635558119866966,partial:OEWS_May2021_lognormal;D,11.304856425889428,0.5612103821054337,5,own
53-5022,1,0.03312910599465835,partial:OEWS_May2021_lognormal;D,10.630983167693755,0.33304739795699956,5,own
53-5022,2,0.10845995453654134,partial:OEWS_May2021_lognormal;D,10.630983167693755,0.33304739795699956,5,own
53-5022,3,0.15900422072123716,partial:OEWS_May2021_lognormal;D,10.630983167693755,0.33304739795699956,5,own
53-5022,4,0.17855057749338682,partial:OEWS_May2021_lognormal;D,10.630983167693755,0.33304739795699956,5,own
53-5022,5,0.17161207493526953,partial:OEWS_May2021_lognormal;D,10.630983167693755,0.33304739795699956,5,own
53-5022,6,0.14513310143716052,partial:OEWS_May2021_lognormal;D,10.630983167693755,0.33304739795699956,5,own
53-5022,7,0.10686747070045732,partial:OEWS_May2021_lognormal;D,10.630983167693755,0.33304739795699956,5,own
53-5022,8,0.0649373718142523,partial:OEWS_May2021_lognormal;D,10.630983167693755,0.33304739795699956,5,own
53-5022,9,0.027797466029842566,partial:OEWS_May2021_lognormal;D,10.630983167693755,0.33304739795699956,5,own
53-5022,10,0.004508656337194106,partial:OEWS_May2021_lognormal;D,10.630983167693755,0.33304739795699956,5,own
53-5031,1,0.0005122102346630797,partial:OEWS_May2021_lognormal;D,11.322974675657985,0.39701484267744563,5,own
53-5031,2,0.0035931752403355888,partial:OEWS_May2021_lognormal;D,11.322974675657985,0.39701484267744563,5,own
53-5031,3,0.010469161504319702,partial:OEWS_May2021_lognormal;D,11.322974675657985,0.39701484267744563,5,own
53-5031,4,0.02240535891445128,partial:OEWS_May2021_lognormal;D,11.322974675657985,0.39701484267744563,5,own
53-5031,5,0.04111014135876673,partial:OEWS_May2021_lognormal;D,11.322974675657985,0.39701484267744563,5,own
53-5031,6,0.06895041588444828,partial:OEWS_May2021_lognormal;D,11.322974675657985,0.39701484267744563,5,own
53-5031,7,0.10931935862222647,partial:OEWS_May2021_lognormal;D,11.322974675657985,0.39701484267744563,5,own
53-5031,8,0.16719970633772618,partial:OEWS_May2021_lognormal;D,11.322974675657985,0.39701484267744563,5,own
53-5031,9,0.24924101887221428,partial:OEWS_May2021_lognormal;D,11.322974675657985,0.39701484267744563,5,own
53-5031,10,0.3271994530308484,partial:OEWS_May2021_lognormal;D,11.322974675657985,0.39701484267744563,5,own
53-6011,1,0.046447529800630105,partial:OEWS_May2021_lognormal;D,10.653390344040902,0.37737231711128544,5,own
53-6011,2,0.11063312438362383,partial:OEWS_May2021_lognormal;D,10.653390344040902,0.37737231711128544,5,own
53-6011,3,0.14421498800251792,partial:OEWS_May2021_lognormal;D,10.653390344040902,0.37737231711128544,5,own
53-6011,4,0.15667961109356932,partial:OEWS_May2021_lognormal;D,10.653390344040902,0.37737231711128544,5,own
53-6011,5,0.1532396907118624,partial:OEWS_May2021_lognormal;D,10.653390344040902,0.37737231711128544,5,own
53-6011,6,0.1375186898035604,partial:OEWS_May2021_lognormal;D,10.653390344040902,0.37737231711128544,5,own
53-6011,7,0.112449817000564,partial:OEWS_May2021_lognormal;D,10.653390344040902,0.37737231711128544,5,own
53-6011,8,0.08078358684957931,partial:OEWS_May2021_lognormal;D,10.653390344040902,0.37737231711128544,5,own
53-6011,9,0.04565833199495617,partial:OEWS_May2021_lognormal;D,10.653390344040902,0.37737231711128544,5,own
53-6011,10,0.012374630359136551,partial:OEWS_May2021_lognormal;D,10.653390344040902,0.37737231711128544,5,own
53-6021,1,0.1948411483620605,partial:OEWS_May2021_lognormal;D,10.22630937445158,0.24067290268596492,5,own
53-6021,2,0.38297248376601595,partial:OEWS_May2021_lognormal;D,10.22630937445158,0.24067290268596492,5,own
53-6021,3,0.2531832343495666,partial:OEWS_May2021_lognormal;D,10.22630937445158,0.24067290268596492,5,own
53-6021,4,0.11520037047639708,partial:OEWS_May2021_lognormal;D,10.22630937445158,0.24067290268596492,5,own
53-6021,5,0.04050709776620176,partial:OEWS_May2021_lognormal;D,10.22630937445158,0.24067290268596492,5,own
53-6021,6,0.0109381233623288,partial:OEWS_May2021_lognormal;D,10.22630937445158,0.24067290268596492,5,own
53-6021,7,0.0021038408691410604,partial:OEWS_May2021_lognormal;D,10.22630937445158,0.24067290268596492,5,own
53-6021,8,0.00024245648548715248,partial:OEWS_May2021_lognormal;D,10.22630937445158,0.24067290268596492,5,own
53-6021,9,0.000011185094869192724,partial:OEWS_May2021_lognormal;D,10.22630937445158,0.24067290268596492,5,own
53-6021,10,5.946793191213828e-8,partial:OEWS_May2021_lognormal;D,10.22630937445158,0.24067290268596492,5,own
53-6031,1,0.0924777765242839,partial:OEWS_May2021_lognormal;D,10.267362838037002,0.1871374127989598,5,own
53-6031,2,0.42071880699516795,partial:OEWS_May2021_lognormal;D,10.267362838037002,0.1871374127989598,5,own
53-6031,3,0.33123241992820485,partial:OEWS_May2021_lognormal;D,10.267362838037002,0.1871374127989598,5,own
53-6031,4,0.12341303870946996,partial:OEWS_May2021_lognormal;D,10.267362838037002,0.1871374127989598,5,own
53-6031,5,0.027919409404816853,partial:OEWS_May2021_lognormal;D,10.267362838037002,0.1871374127989598,5,own
53-6031,6,0.003919545487320875,partial:OEWS_May2021_lognormal;D,10.267362838037002,0.1871374127989598,5,own
53-6031,7,0.00030841303231665673,partial:OEWS_May2021_lognormal;D,10.267362838037002,0.1871374127989598,5,own
53-6031,8,0.00001050599351837267,partial:OEWS_May2021_lognormal;D,10.267362838037002,0.1871374127989598,5,own
53-6031,9,8.390299122140732e-8,partial:OEWS_May2021_lognormal;D,10.267362838037002,0.1871374127989598,5,own
53-6031,10,2.1909363212557764e-11,partial:OEWS_May2021_lognormal;D,10.267362838037002,0.1871374127989598,5,own
53-6032,1,0.03507187873508444,partial:OEWS_May2021_lognormal;D,10.547310316993606,0.29156914508279624,5,own
53-6032,2,0.1388176037938913,partial:OEWS_May2021_lognormal;D,10.547310316993606,0.29156914508279624,5,own
53-6032,3,0.20436112912455534,partial:OEWS_May2021_lognormal;D,10.547310316993606,0.29156914508279624,5,own
53-6032,4,0.2116274788747708,partial:OEWS_May2021_lognormal;D,10.547310316993606,0.29156914508279624,5,own
53-6032,5,0.17725626449429877,partial:OEWS_May2021_lognormal;D,10.547310316993606,0.29156914508279624,5,own
53-6032,6,0.12382623199597731,partial:OEWS_May2021_lognormal;D,10.547310316993606,0.29156914508279624,5,own
53-6032,7,0.07058936284359452,partial:OEWS_May2021_lognormal;D,10.547310316993606,0.29156914508279624,5,own
53-6032,8,0.030202896018564296,partial:OEWS_May2021_lognormal;D,10.547310316993606,0.29156914508279624,5,own
53-6032,9,0.007709160719137187,partial:OEWS_May2021_lognormal;D,10.547310316993606,0.29156914508279624,5,own
53-6032,10,0.0005379934001260578,partial:OEWS_May2021_lognormal;D,10.547310316993606,0.29156914508279624,5,own
53-6041,1,0.004928794767676936,partial:OEWS_May2021_lognormal;D,10.835114820709109,0.3161172624838162,5,own
53-6041,2,0.0329021466159522,partial:OEWS_May2021_lognormal;D,10.835114820709109,0.3161172624838162,5,own
53-6041,3,0.07793243135432937,partial:OEWS_May2021_lognormal;D,10.835114820709109,0.3161172624838162,5,own
53-6041,4,0.12593488569585154,partial:OEWS_May2021_lognormal;D,10.835114820709109,0.3161172624838162,5,own
53-6041,5,0.16438239898675067,partial:OEWS_May2021_lognormal;D,10.835114820709109,0.3161172624838162,5,own
53-6041,6,0.18315246957081904,partial:OEWS_May2021_lognormal;D,10.835114820709109,0.3161172624838162,5,own
53-6041,7,0.17536066405765727,partial:OEWS_May2021_lognormal;D,10.835114820709109,0.3161172624838162,5,own
53-6041,8,0.13880328289093546,partial:OEWS_May2021_lognormal;D,10.835114820709109,0.3161172624838162,5,own
53-6041,9,0.07897935957675051,partial:OEWS_May2021_lognormal;D,10.835114820709109,0.3161172624838162,5,own
53-6041,10,0.01762356648327701,partial:OEWS_May2021_lognormal;D,10.835114820709109,0.3161172624838162,5,own
53-6051,1,0.007653942465868091,partial:OEWS_May2021_lognormal;D,11.173373715437625,0.4759109209183727,5,own
53-6051,2,0.021676201001022466,partial:OEWS_May2021_lognormal;D,11.173373715437625,0.4759109209183727,5,own
53-6051,3,0.03677065587301276,partial:OEWS_May2021_lognormal;D,11.173373715437625,0.4759109209183727,5,own
53-6051,4,0.053638505003293147,partial:OEWS_May2021_lognormal;D,11.173373715437625,0.4759109209183727,5,own
53-6051,5,0.07279116019459198,partial:OEWS_May2021_lognormal;D,11.173373715437625,0.4759109209183727,5,own
53-6051,6,0.09489306300886657,partial:OEWS_May2021_lognormal;D,11.173373715437625,0.4759109209183727,5,own
53-6051,7,0.12094575060858859,partial:OEWS_May2021_lognormal;D,11.173373715437625,0.4759109209183727,5,own
53-6051,8,0.1526336331432765,partial:OEWS_May2021_lognormal;D,11.173373715437625,0.4759109209183727,5,own
53-6051,9,0.19320568364983415,partial:OEWS_May2021_lognormal;D,11.173373715437625,0.4759109209183727,5,own
53-6051,10,0.24579140505164576,partial:OEWS_May2021_lognormal;D,11.173373715437625,0.4759109209183727,5,own
53-6061,1,0.050531955460091316,partial:OEWS_May2021_lognormal;D,10.41109223159712,0.23894857153243962,5,own
53-6061,2,0.2319120217554187,partial:OEWS_May2021_lognormal;D,10.41109223159712,0.23894857153243962,5,own
53-6061,3,0.29357120041489865,partial:OEWS_May2021_lognormal;D,10.41109223159712,0.23894857153243962,5,own
53-6061,4,0.2255832460481101,partial:OEWS_May2021_lognormal;D,10.41109223159712,0.23894857153243962,5,own
53-6061,5,0.12627722439448275,partial:OEWS_May2021_lognormal;D,10.41109223159712,0.23894857153243962,5,own
53-6061,6,0.053036193948854504,partial:OEWS_May2021_lognormal;D,10.41109223159712,0.23894857153243962,5,own
53-6061,7,0.015907885284914935,partial:OEWS_May2021_lognormal;D,10.41109223159712,0.23894857153243962,5,own
53-6061,8,0.002944037686258616,partial:OEWS_May2021_lognormal;D,10.41109223159712,0.23894857153243962,5,own
53-6061,9,0.00023367755277980962,partial:OEWS_May2021_lognormal;D,10.41109223159712,0.23894857153243962,5,own
53-6061,10,2.557454190643682e-6,partial:OEWS_May2021_lognormal;D,10.41109223159712,0.23894857153243962,5,own
53-6099,1,0.08532965606733706,partial:OEWS_May2021_lognormal;D,10.535686192335042,0.37691153968809893,5,own
53-6099,2,0.1580497068815755,partial:OEWS_May2021_lognormal;D,10.535686192335042,0.37691153968809893,5,own
53-6099,3,0.17383367423132673,partial:OEWS_May2021_lognormal;D,10.535686192335042,0.37691153968809893,5,own
53-6099,4,0.1646339797389239,partial:OEWS_May2021_lognormal;D,10.535686192335042,0.37691153968809893,5,own
53-6099,5,0.14227075921532084,partial:OEWS_May2021_lognormal;D,10.535686192335042,0.37691153968809893,5,own
53-6099,6,0.11322994441942835,partial:OEWS_May2021_lognormal;D,10.535686192335042,0.37691153968809893,5,own
53-6099,7,0.08178548995128032,partial:OEWS_May2021_lognormal;D,10.535686192335042,0.37691153968809893,5,own
53-6099,8,0.05119975152761258,partial:OEWS_May2021_lognormal;D,10.535686192335042,0.37691153968809893,5,own
53-6099,9,0.02443831967754717,partial:OEWS_May2021_lognormal;D,10.535686192335042,0.37691153968809893,5,own
53-6099,10,0.005228718289647549,partial:OEWS_May2021_lognormal;D,10.535686192335042,0.37691153968809893,5,own
53-7011,1,0.01250161422272883,partial:OEWS_May2021_lognormal;D,10.495047819659712,0.21226633384930252,5,own
53-7011,2,0.1358637246113784,partial:OEWS_May2021_lognormal;D,10.495047819659712,0.21226633384930252,5,own
53-7011,3,0.28032393606229833,partial:OEWS_May2021_lognormal;D,10.495047819659712,0.21226633384930252,5,own
53-7011,4,0.283003602386445,partial:OEWS_May2021_lognormal;D,10.495047819659712,0.21226633384930252,5,own
53-7011,5,0.18232343366511716,partial:OEWS_May2021_lognormal;D,10.495047819659712,0.21226633384930252,5,own
53-7011,6,0.07967273374619854,partial:OEWS_May2021_lognormal;D,10.495047819659712,0.21226633384930252,5,own
53-7011,7,0.022586289534878623,partial:OEWS_May2021_lognormal;D,10.495047819659712,0.21226633384930252,5,own
53-7011,8,0.0035244640822287288,partial:OEWS_May2021_lognormal;D,10.495047819659712,0.21226633384930252,5,own
53-7011,9,0.00019912090477647304,partial:OEWS_May2021_lognormal;D,10.495047819659712,0.21226633384930252,5,own
53-7011,10,1.0807839498916394e-6,partial:OEWS_May2021_lognormal;D,10.495047819659712,0.21226633384930252,5,own
53-7021,1,0.003535723356124787,partial:OEWS_May2021_lognormal;D,11.02274558918413,0.3725547194037884,5,own
53-7021,2,0.0186293050263312,partial:OEWS_May2021_lognormal;D,11.02274558918413,0.3725547194037884,5,own
53-7021,3,0.042238521563970066,partial:OEWS_May2021_lognormal;D,11.02274558918413,0.3725547194037884,5,own
53-7021,4,0.07163041668851483,partial:OEWS_May2021_lognormal;D,11.02274558918413,0.3725547194037884,5,own
53-7021,5,0.10428647529667256,partial:OEWS_May2021_lognormal;D,11.02274558918413,0.3725547194037884,5,own
53-7021,6,0.13711184192045373,partial:OEWS_May2021_lognormal;D,11.02274558918413,0.3725547194037884,5,own
53-7021,7,0.1656803302105656,partial:OEWS_May2021_lognormal;D,11.02274558918413,0.3725547194037884,5,own
53-7021,8,0.1827715852316686,partial:OEWS_May2021_lognormal;D,11.02274558918413,0.3725547194037884,5,own
53-7021,9,0.17435512676412934,partial:OEWS_May2021_lognormal;D,11.02274558918413,0.3725547194037884,5,own
53-7021,10,0.09976067394156929,partial:OEWS_May2021_lognormal;D,11.02274558918413,0.3725547194037884,5,own
53-7031,1,0.005745682097300531,partial:OEWS_May2021_lognormal;D,10.809123388281005,0.31251178251358297,5,own
53-7031,2,0.03754104065120267,partial:OEWS_May2021_lognormal;D,10.809123388281005,0.31251178251358297,5,own
53-7031,3,0.086569886459677,partial:OEWS_May2021_lognormal;D,10.809123388281005,0.31251178251358297,5,own
53-7031,4,0.13587744021748133,partial:OEWS_May2021_lognormal;D,10.809123388281005,0.31251178251358297,5,own
53-7031,5,0.1718052554719504,partial:OEWS_May2021_lognormal;D,10.809123388281005,0.31251178251358297,5,own
53-7031,6,0.18469137845542416,partial:OEWS_May2021_lognormal;D,10.809123388281005,0.31251178251358297,5,own
53-7031,7,0.16955917656936303,partial:OEWS_May2021_lognormal;D,10.809123388281005,0.31251178251358297,5,own
53-7031,8,0.12735381813457636,partial:OEWS_May2021_lognormal;D,10.809123388281005,0.31251178251358297,5,own
53-7031,9,0.06740641869621311,partial:OEWS_May2021_lognormal;D,10.809123388281005,0.31251178251358297,5,own
53-7031,10,0.01344990324681139,partial:OEWS_May2021_lognormal;D,10.809123388281005,0.31251178251358297,5,own
53-7041,1,0.03235243415053479,partial:OEWS_May2021_lognormal;D,10.901263773491724,0.47744472742463695,5,own
53-7041,2,0.06194839094763521,partial:OEWS_May2021_lognormal;D,10.901263773491724,0.47744472742463695,5,own
53-7041,3,0.08170085774143471,partial:OEWS_May2021_lognormal;D,10.901263773491724,0.47744472742463695,5,own
53-7041,4,0.09739158008531601,partial:OEWS_May2021_lognormal;D,10.901263773491724,0.47744472742463695,5,own
53-7041,5,0.11026415333413259,partial:OEWS_May2021_lognormal;D,10.901263773491724,0.47744472742463695,5,own
53-7041,6,0.12065281509787745,partial:OEWS_May2021_lognormal;D,10.901263773491724,0.47744472742463695,5,own
53-7041,7,0.12835943825275453,partial:OEWS_May2021_lognormal;D,10.901263773491724,0.47744472742463695,5,own
53-7041,8,0.13247472313611153,partial:OEWS_May2021_lognormal;D,10.901263773491724,0.47744472742463695,5,own
53-7041,9,0.13020943778740102,partial:OEWS_May2021_lognormal;D,10.901263773491724,0.47744472742463695,5,own
53-7041,10,0.10464616946680216,partial:OEWS_May2021_lognormal;D,10.901263773491724,0.47744472742463695,5,own
53-7051,1,0.0041151806004693925,partial:OEWS_May2021_lognormal;D,10.598485449168606,0.21918933825389916,5,own
53-7051,2,0.06499879316386964,partial:OEWS_May2021_lognormal;D,10.598485449168606,0.21918933825389916,5,own
53-7051,3,0.19004319932238867,partial:OEWS_May2021_lognormal;D,10.598485449168606,0.21918933825389916,5,own
53-7051,4,0.26826533829864063,partial:OEWS_May2021_lognormal;D,10.598485449168606,0.21918933825389916,5,own
53-7051,5,0.2419679348067676,partial:OEWS_May2021_lognormal;D,10.598485449168606,0.21918933825389916,5,own
53-7051,6,0.150582489726939,partial:OEWS_May2021_lognormal;D,10.598485449168606,0.21918933825389916,5,own
53-7051,7,0.06300833980407772,partial:OEWS_May2021_lognormal;D,10.598485449168606,0.21918933825389916,5,own
53-7051,8,0.015460965001127147,partial:OEWS_May2021_lognormal;D,10.598485449168606,0.21918933825389916,5,own
53-7051,9,0.001538496794093791,partial:OEWS_May2021_lognormal;D,10.598485449168606,0.21918933825389916,5,own
53-7051,10,0.0000192624816264253,partial:OEWS_May2021_lognormal;D,10.598485449168606,0.21918933825389916,5,own
53-7061,1,0.13308212545721143,partial:OEWS_May2021_lognormal;D,10.27817230684337,0.2328258736719345,5,own
53-7061,2,0.3590054880509979,partial:OEWS_May2021_lognormal;D,10.27817230684337,0.2328258736719345,5,own
53-7061,3,0.2865646722714498,partial:OEWS_May2021_lognormal;D,10.27817230684337,0.2328258736719345,5,own
53-7061,4,0.14648836306046342,partial:OEWS_May2021_lognormal;D,10.27817230684337,0.2328258736719345,5,own
53-7061,5,0.0556072723596619,partial:OEWS_May2021_lognormal;D,10.27817230684337,0.2328258736719345,5,own
53-7061,6,0.015768063360749762,partial:OEWS_May2021_lognormal;D,10.27817230684337,0.2328258736719345,5,own
53-7061,7,0.0031098683990542497,partial:OEWS_May2021_lognormal;D,10.27817230684337,0.2328258736719345,5,own
53-7061,8,0.0003581458587706976,partial:OEWS_May2021_lognormal;D,10.27817230684337,0.2328258736719345,5,own
53-7061,9,0.00001592547532913713,partial:OEWS_May2021_lognormal;D,10.27817230684337,0.2328258736719345,5,own
53-7061,10,7.570631166409214e-8,partial:OEWS_May2021_lognormal;D,10.27817230684337,0.2328258736719345,5,own
53-7062,1,0.05912639197585168,partial:OEWS_May2021_lognormal;D,10.408169636350996,0.24894261294371384,5,own
53-7062,2,0.23521405361081094,partial:OEWS_May2021_lognormal;D,10.408169636350996,0.24894261294371384,5,own
53-7062,3,0.28325793001330213,partial:OEWS_May2021_lognormal;D,10.408169636350996,0.24894261294371384,5,own
53-7062,4,0.2177348572219271,partial:OEWS_May2021_lognormal;D,10.408169636350996,0.24894261294371384,5,own
53-7062,5,0.12587880137212581,partial:OEWS_May2021_lognormal;D,10.408169636350996,0.24894261294371384,5,own
53-7062,6,0.05611739741106658,partial:OEWS_May2021_lognormal;D,10.408169636350996,0.24894261294371384,5,own
53-7062,7,0.0184112297862562,partial:OEWS_May2021_lognormal;D,10.408169636350996,0.24894261294371384,5,own
53-7062,8,0.0038797865000673726,partial:OEWS_May2021_lognormal;D,10.408169636350996,0.24894261294371384,5,own
53-7062,9,0.0003738503951430383,partial:OEWS_May2021_lognormal;D,10.408169636350996,0.24894261294371384,5,own
53-7062,10,5.701713449157708e-6,partial:OEWS_May2021_lognormal;D,10.408169636350996,0.24894261294371384,5,own
53-7063,1,0.022858675527374084,partial:OEWS_May2021_lognormal;D,10.475727029595522,0.22845065918641613,5,own
53-7063,2,0.16522681308415693,partial:OEWS_May2021_lognormal;D,10.475727029595522,0.22845065918641613,5,own
53-7063,3,0.27907584275494823,partial:OEWS_May2021_lognormal;D,10.475727029595522,0.22845065918641613,5,own
53-7063,4,0.2597025421558297,partial:OEWS_May2021_lognormal;D,10.475727029595522,0.22845065918641613,5,own
53-7063,5,0.16644551352619463,partial:OEWS_May2021_lognormal;D,10.475727029595522,0.22845065918641613,5,own
53-7063,6,0.07699511291980032,partial:OEWS_May2021_lognormal;D,10.475727029595522,0.22845065918641613,5,own
53-7063,7,0.024625975969541747,partial:OEWS_May2021_lognormal;D,10.475727029595522,0.22845065918641613,5,own
53-7063,8,0.004698585957978896,partial:OEWS_May2021_lognormal;D,10.475727029595522,0.22845065918641613,5,own
53-7063,9,0.0003673202912329865,partial:OEWS_May2021_lognormal;D,10.475727029595522,0.22845065918641613,5,own
53-7063,10,3.6178129424468963e-6,partial:OEWS_May2021_lognormal;D,10.475727029595522,0.22845065918641613,5,own
53-7064,1,0.07778620650339918,partial:OEWS_May2021_lognormal;D,10.312972948694139,0.2068055106415106,5,own
53-7064,2,0.34663036047918694,partial:OEWS_May2021_lognormal;D,10.312972948694139,0.2068055106415106,5,own
53-7064,3,0.3323559891285397,partial:OEWS_May2021_lognormal;D,10.312972948694139,0.2068055106415106,5,own
53-7064,4,0.1701844316437905,partial:OEWS_May2021_lognormal;D,10.312972948694139,0.2068055106415106,5,own
53-7064,5,0.05771652018039264,partial:OEWS_May2021_lognormal;D,10.312972948694139,0.2068055106415106,5,own
53-7064,6,0.013271542070864117,partial:OEWS_May2021_lognormal;D,10.312972948694139,0.2068055106415106,5,own
53-7064,7,0.001911660410908178,partial:OEWS_May2021_lognormal;D,10.312972948694139,0.2068055106415106,5,own
53-7064,8,0.00014010433849631632,partial:OEWS_May2021_lognormal;D,10.312972948694139,0.2068055106415106,5,own
53-7064,9,3.180599733809686e-6,partial:OEWS_May2021_lognormal;D,10.312972948694139,0.2068055106415106,5,own
53-7064,10,4.6446886337037085e-9,partial:OEWS_May2021_lognormal;D,10.312972948694139,0.2068055106415106,5,own
53-7065,1,0.07479489651999532,partial:OEWS_May2021_lognormal;D,10.378145415654913,0.24903945308898717,5,own
53-7065,2,0.2624557905027877,partial:OEWS_May2021_lognormal;D,10.378145415654913,0.24903945308898717,5,own
53-7065,3,0.28683811286984573,partial:OEWS_May2021_lognormal;D,10.378145415654913,0.24903945308898717,5,own
53-7065,4,0.20365993863379017,partial:OEWS_May2021_lognormal;D,10.378145415654913,0.24903945308898717,5,own
53-7065,5,0.10964806371278646,partial:OEWS_May2021_lognormal;D,10.378145415654913,0.24903945308898717,5,own
53-7065,6,0.04565313409326954,partial:OEWS_May2021_lognormal;D,10.378145415654913,0.24903945308898717,5,own
53-7065,7,0.01397326941301369,partial:OEWS_May2021_lognormal;D,10.378145415654913,0.24903945308898717,5,own
53-7065,8,0.0027321401136048973,partial:OEWS_May2021_lognormal;D,10.378145415654913,0.24903945308898717,5,own
53-7065,9,0.00024137505277921356,partial:OEWS_May2021_lognormal;D,10.378145415654913,0.24903945308898717,5,own
53-7065,10,3.279088127250418e-6,partial:OEWS_May2021_lognormal;D,10.378145415654913,0.24903945308898717,5,own
53-7071,1,0.001250198723946494,partial:OEWS_May2021_lognormal;D,11.048821832677989,0.3405351876931614,5,own
53-7071,2,0.010154410614789833,partial:OEWS_May2021_lognormal;D,11.048821832677989,0.3405351876931614,5,own
53-7071,3,0.0296825103173306,partial:OEWS_May2021_lognormal;D,11.048821832677989,0.3405351876931614,5,own
53-7071,4,0.05950970054452592,partial:OEWS_May2021_lognormal;D,11.048821832677989,0.3405351876931614,5,own
53-7071,5,0.09757729661353359,partial:OEWS_May2021_lognormal;D,11.048821832677989,0.3405351876931614,5,own
53-7071,6,0.13973946994217673,partial:OEWS_May2021_lognormal;D,11.048821832677989,0.3405351876931614,5,own
53-7071,7,0.1787913533791496,partial:OEWS_May2021_lognormal;D,11.048821832677989,0.3405351876931614,5,own
53-7071,8,0.20243648271698123,partial:OEWS_May2021_lognormal;D,11.048821832677989,0.3405351876931614,5,own
53-7071,9,0.18859944754416336,partial:OEWS_May2021_lognormal;D,11.048821832677989,0.3405351876931614,5,own
53-7071,10,0.09225912960340266,partial:OEWS_May2021_lognormal;D,11.048821832677989,0.3405351876931614,5,own
53-7072,1,0.008429157507622465,partial:OEWS_May2021_lognormal;D,10.836343882008117,0.3418970260038555,5,own
53-7072,2,0.041444561661517276,partial:OEWS_May2021_lognormal;D,10.836343882008117,0.3418970260038555,5,own
53-7072,3,0.08366537118731093,partial:OEWS_May2021_lognormal;D,10.836343882008117,0.3418970260038555,5,own
53-7072,4,0.12379072203134867,partial:OEWS_May2021_lognormal;D,10.836343882008117,0.3418970260038555,5,own
53-7072,5,0.15431533123123614,partial:OEWS_May2021_lognormal;D,10.836343882008117,0.3418970260038555,5,own
53-7072,6,0.1695567794287528,partial:OEWS_May2021_lognormal;D,10.836343882008117,0.3418970260038555,5,own
53-7072,7,0.165192409731314,partial:OEWS_May2021_lognormal;D,10.836343882008117,0.3418970260038555,5,own
53-7072,8,0.13842898572643803,partial:OEWS_May2021_lognormal;D,10.836343882008117,0.3418970260038555,5,own
53-7072,9,0.0891778536923361,partial:OEWS_May2021_lognormal;D,10.836343882008117,0.3418970260038555,5,own
53-7072,10,0.025998827802123592,partial:OEWS_May2021_lognormal;D,10.836343882008117,0.3418970260038555,5,own
53-7073,1,0.0017341530756518897,partial:OEWS_May2021_lognormal;D,11.03484623163977,0.3474547528863369,5,own
53-7073,2,0.012489806812824078,partial:OEWS_May2021_lognormal;D,11.03484623163977,0.3474547528863369,5,own
53-7073,3,0.03389539850811135,partial:OEWS_May2021_lognormal;D,11.03484623163977,0.3474547528863369,5,own
53-7073,4,0.0645448161069237,partial:OEWS_May2021_lognormal;D,11.03484623163977,0.3474547528863369,5,own
53-7073,5,0.10179404661849889,partial:OEWS_May2021_lognormal;D,11.03484623163977,0.3474547528863369,5,own
53-7073,6,0.14137701669702946,partial:OEWS_May2021_lognormal;D,11.03484623163977,0.3474547528863369,5,own
53-7073,7,0.17655272371307063,partial:OEWS_May2021_lognormal;D,11.03484623163977,0.3474547528863369,5,own
53-7073,8,0.19633626293981843,partial:OEWS_May2021_lognormal;D,11.03484623163977,0.3474547528863369,5,own
53-7073,9,0.18127775149985348,partial:OEWS_May2021_lognormal;D,11.03484623163977,0.3474547528863369,5,own
53-7073,10,0.0899980240282181,partial:OEWS_May2021_lognormal;D,11.03484623163977,0.3474547528863369,5,own
53-7081,1,0.06211536900434783,partial:OEWS_May2021_lognormal;D,10.567550243854756,0.35665258762666663,5,own
53-7081,2,0.14276342200419945,partial:OEWS_May2021_lognormal;D,10.567550243854756,0.35665258762666663,5,own
53-7081,3,0.17330898017668206,partial:OEWS_May2021_lognormal;D,10.567550243854756,0.35665258762666663,5,own
53-7081,4,0.1731395632320158,partial:OEWS_May2021_lognormal;D,10.567550243854756,0.35665258762666663,5,own
53-7081,5,0.15392957179711575,partial:OEWS_May2021_lognormal;D,10.567550243854756,0.35665258762666663,5,own
53-7081,6,0.12372404603876963,partial:OEWS_May2021_lognormal;D,10.567550243854756,0.35665258762666663,5,own
53-7081,7,0.08866428578249197,partial:OEWS_May2021_lognormal;D,10.567550243854756,0.35665258762666663,5,own
53-7081,8,0.05386591080649372,partial:OEWS_May2021_lognormal;D,10.567550243854756,0.35665258762666663,5,own
53-7081,9,0.02404595406499932,partial:OEWS_May2021_lognormal;D,10.567550243854756,0.35665258762666663,5,own
53-7081,10,0.004442897092884479,partial:OEWS_May2021_lognormal;D,10.567550243854756,0.35665258762666663,5,own
53-7121,1,0.013390462330532593,partial:OEWS_May2021_lognormal;D,10.864440330023601,0.38161273133392204,5,own
53-7121,2,0.04737352427869157,partial:OEWS_May2021_lognormal;D,10.864440330023601,0.38161273133392204,5,own
53-7121,3,0.0820098905574857,partial:OEWS_May2021_lognormal;D,10.864440330023601,0.38161273133392204,5,own
53-7121,4,0.11268451105654437,partial:OEWS_May2021_lognormal;D,10.864440330023601,0.38161273133392204,5,own
53-7121,5,0.13669939498556533,partial:OEWS_May2021_lognormal;D,10.864440330023601,0.38161273133392204,5,own
53-7121,6,0.15164223313117797,partial:OEWS_May2021_lognormal;D,10.864440330023601,0.38161273133392204,5,own
53-7121,7,0.15485657156686983,partial:OEWS_May2021_lognormal;D,10.864440330023601,0.38161273133392204,5,own
53-7121,8,0.1429282913622283,partial:OEWS_May2021_lognormal;D,10.864440330023601,0.38161273133392204,5,own
53-7121,9,0.11068745914924594,partial:OEWS_May2021_lognormal;D,10.864440330023601,0.38161273133392204,5,own
53-7121,10,0.04772766158165842,partial:OEWS_May2021_lognormal;D,10.864440330023601,0.38161273133392204,5,own
53-7199,1,0.03637484395448959,partial:OEWS_May2021_lognormal;D,10.568149589960013,0.30587727118031205,5,own
53-7199,2,0.13136979345023353,partial:OEWS_May2021_lognormal;D,10.568149589960013,0.30587727118031205,5,own
53-7199,3,0.19029510580273468,partial:OEWS_May2021_lognormal;D,10.568149589960013,0.30587727118031205,5,own
53-7199,4,0.2009753474049213,partial:OEWS_May2021_lognormal;D,10.568149589960013,0.30587727118031205,5,own
53-7199,5,0.17571794933419171,partial:OEWS_May2021_lognormal;D,10.568149589960013,0.30587727118031205,5,own
53-7199,6,0.13088417555287601,partial:OEWS_May2021_lognormal;D,10.568149589960013,0.30587727118031205,5,own
53-7199,7,0.08156072989919738,partial:OEWS_May2021_lognormal;D,10.568149589960013,0.30587727118031205,5,own
53-7199,8,0.03952753012219523,partial:OEWS_May2021_lognormal;D,10.568149589960013,0.30587727118031205,5,own
53-7199,9,0.012145661976879829,partial:OEWS_May2021_lognormal;D,10.568149589960013,0.30587727118031205,5,own
53-7199,10,0.0011488625022807453,partial:OEWS_May2021_lognormal;D,10.568149589960013,0.30587727118031205,5,own
